f_GHz,S11_dB,S21_dB,S31_dB,amp_imbalance_dB,phase_error_deg,phase_error_signed_deg,CMR_dB,power_closure,normalized_excess_loss_dB,Zin_real_ohm,Zin_imag_ohm
1.0,-2.7392655503086227,-6.365894614749385,-6.358955487760864,0.00693912698852105,0.0208393929902968,-0.0208393929902968,-67.15273298787534,0.9943532248839014,0.05274209791591425,131.13170815544268,242.28911473916634
1.0008,-2.734316614259754,-6.371660546894812,-6.364716807857567,0.006943739037246181,0.02080667935007341,-0.02080667935007341,-67.15028935289409,0.9943470989667015,0.0528686611126765,131.2138768817782,242.65615026302416
1.0016,-2.729373959102936,-6.377433483848215,-6.370485155081168,0.006948328767046269,0.020773865499677413,-0.020773865499677413,-67.14787053258934,0.9943409617498269,0.052995654580995706,131.29628785406766,243.02391670589577
1.0024,-2.7244375753271175,-6.383213436987855,-6.3762605409119635,0.006952896075893227,0.02074095143092336,-0.02074095143092336,-67.14547660470564,0.9943348132330077,0.05312307988466987,131.37894206398346,243.39241677005288
1.0032,-2.719507453446099,-6.3890004177321735,-6.382042976870748,0.0069574408614250065,0.020707937136194232,-0.020707937136194232,-67.14310764745213,0.9943286534158124,0.05325093859616964,131.46184050868018,243.76165317077954
1.004,-2.7145835839984778,-6.394794437539914,-6.387832474518959,0.006961963020955244,0.020674822608384602,-0.020674822608384602,-67.14076373950337,0.9943224822976472,0.053379232296690435,131.54498419083174,244.13162863645056
1.0048,-2.7096659575475734,-6.400595507910283,-6.393629045458811,0.006966462451472301,0.020641607840730103,-0.020641607840730103,-67.13844495998931,0.9943162998777578,0.053507962576182136,131.6283741186686,244.50234590861132
1.0056,-2.704754564681397,-6.406403640383072,-6.3994327013334384,0.006970939049633471,0.02060829282714849,-0.02060829282714849,-67.13615138851705,0.9943101061552273,0.053637131033425156,131.71201130601628,244.8738077420568
1.0064,-2.6998493960125765,-6.412218846538798,-6.405243453827039,0.00697539271176016,0.02057487756201226,-0.02057487756201226,-67.13388310516355,0.9943039011289784,0.05376673927605381,131.79589677233253,245.24601690491212
1.0072,-2.69495044217828,-6.4180411379988564,-6.411061314665014,0.00697982333384271,0.020541362040205513,-0.020541362040205513,-67.13164019049017,0.9942976847977746,0.05389678892059782,131.88003154274645,245.61897617871443
1.008,-2.6900576938401994,-6.423870526425653,-6.416886295614108,0.006984230811545234,0.020507746257067083,-0.020507746257067083,-67.12942272552199,0.9942914571602174,0.05402728159255747,131.96441664809714,245.99268835849298
1.0088,-2.6851711416844553,-6.429707023522751,-6.422718408482565,0.006988615040186306,0.020474030208504246,-0.020474030208504246,-67.12723079178261,0.9942852182147494,0.05415821892642614,132.0490531249723,246.36715625285242
1.0096,-2.6802907764215544,-6.435550641035006,-6.428557665120255,0.006992975914750552,0.020440213890879022,-0.020440213890879022,-67.12506447127592,0.9942789679596539,0.05428960256574354,132.1339420157481,246.74238268405531
1.0104,-2.675416588786333,-6.441401390748716,-6.434404077418837,0.00699731332987899,0.020406297301292398,-0.020406297301292398,-67.12292384650225,0.9942727063930548,0.05442143416315098,132.21908436862884,247.11837048810523
1.0112,-2.6705485695378997,-6.447259284491771,-6.440257657311887,0.007001627179884494,0.02037228043701589,-0.02037228043701589,-67.12080900044757,0.9942664335129167,0.05455371538043885,132.30448123768653,247.4951225148308
1.012,-2.665686709459567,-6.453124334133786,-6.446118416775054,0.007005917358732472,0.020338163296116818,-0.020338163296116818,-67.11872001659736,0.9942601493170469,0.05468644788857998,132.3901336829016,247.8726416279704
1.0128,-2.6608309993588146,-6.45899655158625,-6.451986367826211,0.0070101837600399135,0.02030394587700357,-0.02030394587700357,-67.11665697895117,0.9942538538030932,0.05481963336780349,132.4760427702036,248.25093070525747
1.0136,-2.655981430067213,-6.464875948802684,-6.4578615225256,0.007014426277084079,0.020269628178823496,-0.020269628178823496,-67.11461997199847,0.9942475469685466,0.054953273507624814,132.562209571512,248.62999263850602
1.0144,-2.651137992440382,-6.470762537778764,-6.463743892975959,0.007018644802805392,0.020235210200951315,-0.020235210200951315,-67.11260908074222,0.9942412288107402,0.05508737000690009,132.6486351647776,249.00983033369724
1.0152,-2.646300677357922,-6.4766563305524905,-6.469633491322714,0.007022839229776562,0.0202006919436144,-0.0202006919436144,-67.11062439070771,0.9942348993268507,0.05522192457387529,132.7353206340242,249.39044671106691
1.016,-2.6414694757233708,-6.482557339204323,-6.475530329754088,0.007027009450236362,0.020166073407267504,-0.020166073407267504,-67.10866598792902,0.9942285585138971,0.05535693892624753,132.8222670693907,249.77184470519256
1.0168,-2.636644378464143,-6.488465575857342,-6.4814344205012695,0.007031155356071297,0.020131354593104334,-0.020131354593104334,-67.1067339589588,0.9942222063687423,0.05549241479120244,132.90947556717356,250.1540272650823
1.0176,-2.6318253765314674,-6.494381052677384,-6.4873457758385715,0.0070352768388127086,0.020096535502830193,-0.020096535502830193,-67.10482839088189,0.994215842888093,0.055628353905470766,132.99694722986914,250.53699735426363
1.0184,-2.627012460900345,-6.500303781873197,-6.493264408083558,0.007039373789638708,0.02006161613854829,-0.02006161613854829,-67.10294937130848,0.9942094680685005,0.05576475801537406,133.08468316621716,250.92075795087328
1.0192,-2.622205622569482,-6.506233775696603,-6.49919032959723,0.007043446099373213,0.020026596503043947,-0.020026596503043947,-67.10109698838221,0.9942030819063605,0.0559016288768857,133.17268449124373,251.3053120477476
1.02,-2.617404852561253,-6.512171046442623,-6.505123552784139,0.00704749365848402,0.019991476599557245,-0.019991476599557245,-67.0992713307818,0.9941966843979129,0.05603896825568454,133.2609523263059,251.69066265251294
1.0208,-2.612610141921618,-6.518115606449659,-6.51106409009258,0.007051516357078944,0.019956256431953534,-0.019956256431953534,-67.09747248772926,0.9941902755392442,0.05617677792718468,133.34948779913478,252.07681278767873
1.0216,-2.6078214817201,-6.524067468099632,-6.517011954014723,0.007055514084908723,0.01992093600449607,-0.01992093600449607,-67.09570054899143,0.9941838553262847,0.05631505967662483,133.43829204388095,252.4637654907285
1.0224,-2.6030388630497043,-6.530026643818125,-6.5229671570867644,0.007059486731361221,0.01988551532213023,-0.01988551532213023,-67.09395560488244,0.9941774237548131,0.056453815299076684,133.52736620115854,252.85152381421364
1.0232,-2.5982622770268877,-6.535993146074568,-6.528929711889107,0.007063434185459504,0.019849994390312986,-0.019849994390312986,-67.09223774627453,0.9941709808204515,0.056593046599546566,133.61671141809134,253.24009082584695
1.024,-2.593491714791487,-6.541966987382358,-6.534899631046494,0.00706735633586281,0.019814373215012893,-0.019814373215012893,-67.09054706459268,0.9941645265186705,0.05673275539299163,133.706328848358,253.6294696085975
1.0248,-2.588727167506683,-6.54794818029904,-6.54087692722817,0.007071253070868476,0.019778651802766944,-0.019778651802766944,-67.08888365182443,0.9941580608447862,0.056872943504397686,133.79621965223765,254.01966326078463
1.0256,-2.5839686263589208,-6.5539367374264526,-6.546861613148051,0.007075124278401328,0.019742830160623726,-0.019742830160623726,-67.08724760052723,0.9941515837939641,0.05701361276880525,133.88638499665717,254.4106748961761
1.0264,-2.5792160825578927,-6.559932671410891,-6.5528537015648745,0.007078969846016583,0.019706908296257097,-0.019706908296257097,-67.08563900382808,0.9941450953612146,0.057154765031404486,133.97682605523715,254.80250764408166
1.0272000000000001,-2.574469527336461,-6.565935994943258,-6.558853205282357,0.0070827896609008045,0.01967088621779567,-0.01967088621779567,-67.08405795542296,0.9941385955413975,0.05729640214756037,134.06754400833995,255.19516464945303
1.028,-2.5697289519506086,-6.57194672075923,-6.564860137149356,0.007086583609872882,0.019634763934163857,-0.019634763934163857,-67.08250454959403,0.9941320843292212,0.05743852598286965,134.15854004311626,255.58864907298064
1.0288,-2.564994347679396,-6.577964861639403,-6.570874510060042,0.007090351579360862,0.01959854145445661,-0.01959854145445661,-67.08097888120957,0.9941255617192414,0.05758113841323582,134.24981535355388,255.98296409119249
1.0296,-2.5602657058249028,-6.583990430409477,-6.576896336954045,0.0070940934554328434,0.01956221878873521,-0.01956221878873521,-67.07948104571908,0.9941190277058635,0.05772424132490614,134.3413711405259,256.3781128965541
1.0304,-2.5555430177121794,-6.590023439940397,-6.582925630816621,0.007097809123776704,0.019525795947288316,-0.019525795947288316,-67.0780111391644,0.9941124822833415,0.057867836614541375,134.43320861183912,256.7740986975684
1.0312,-2.5508262746891934,-6.596063903148516,-6.588962404678822,0.007101498469693352,0.019489272941200397,-0.019489272941200397,-67.07656925819477,0.9941059254457798,0.05801192618926066,134.5253289822837,257.17092471887696
1.032,-2.5461154681267795,-6.602111832995766,-6.595006671617662,0.007105161378105416,0.019452649782010667,-0.019452649782010667,-67.07515550005473,0.9940993571871317,0.05815651196671423,134.61773347368273,257.56859420136186
1.0328,-2.541410589418592,-6.608167242489817,-6.601058444756259,0.007108797733558206,0.019415926481883616,-0.019415926481883616,-67.07376996259492,0.9940927775012016,0.058301595875123464,134.71042331494198,257.9671104022477
1.0336,-2.5367116299810477,-6.614230144684242,-6.607117737264039,0.007112407420204282,0.019379103053495328,-0.019379103053495328,-67.07241274428253,0.9940861863816435,0.05844717985335815,134.80339974210065,258.3664765952061
1.0344,-2.5320185812532827,-6.62030055267868,-6.6131845623568575,0.00711599032182179,0.019342179510090318,-0.019342179510090318,-67.07108394419068,0.9940795838219632,0.05859326585097557,134.89666399838197,258.76669607045847
1.0352,-2.5273314346970905,-6.626378479619005,-6.6192589332972185,0.00711954632178744,0.019305155865595225,-0.019305155865595225,-67.06978366202839,0.994072969815517,0.058739855828297834,134.9902173342449,259.167772134882
1.036,-2.5226501817968945,-6.632463938697488,-6.625340863394391,0.00712307530309678,0.019268032134391433,-0.019268032134391433,-67.06851199811939,0.9940663443555123,0.05888695175646334,135.08406100743557,259.56970811211465
1.0368,-2.5179748140596736,-6.638556943152963,-6.631430366004615,0.00712657714834876,0.019230808331485605,-0.019230808331485605,-67.06726905342498,0.9940597074350097,0.05903455561747771,135.1781962830396,259.9725073426619
1.0376,-2.513305323014927,-6.644657506271007,-6.637527454531252,0.007130051739753442,0.019193484472452838,-0.019193484472452838,-67.06605492953739,0.9940530590469207,0.05918266940429171,135.27262443353473,260.3761731840047
1.0384,-2.508641700214624,-6.650765641384089,-6.643632142424966,0.007133498959122369,0.01915606057355035,-0.01915606057355035,-67.06486972869678,0.9940463991840092,0.059331295120853826,135.3673467388438,260.7807090107061
1.0392,-2.503983937233147,-6.656881361871758,-6.64974444318389,0.007136918687869518,0.019118536651490103,-0.019118536651490103,-67.06371355378192,0.9940397278388932,0.05948043478215888,135.4623644863884,261.1861182145222
1.04,-2.499332025667252,-6.663004681160807,-6.65586437035379,0.007140310807016143,0.019080912723609345,-0.019080912723609345,-67.06258650832571,0.9940330450040424,0.05963009041433437,135.55767897114322,261.5924042045101
1.0408,-2.4946859571360216,-6.669135612725434,-6.6619919375282555,0.007143675197179183,0.01904318880781375,-0.01904318880781375,-67.06148869651712,0.9940263506717806,0.05978026405468338,135.6532914956895,261.9995704071397
1.0416,-2.4900457232808004,-6.6752741700874365,-6.668127158348866,0.007147011738571274,0.019005364922691115,-0.019005364922691115,-67.06042022320601,0.9940196448342851,0.05993095775175486,135.74920337027123,262.40762026640493
1.0424,-2.485411315765168,-6.681420366816354,-6.6742700465053515,0.0071503203110026775,0.01896744108734083,-0.01896744108734083,-67.05938119391288,0.9940129274835876,0.060082173565399744,135.84541591284972,262.8165572439358
1.0432,-2.4807827262748767,-6.687574216529671,-6.680420615735793,0.007153600793878392,0.018929417321487563,-0.018929417321487563,-67.05837171482385,0.9940061986115739,0.06023391356684483,135.94193044915946,263.22638481911184
1.044,-2.47615994651781,-6.693735732892977,-6.686578879826783,0.007156853066193329,0.018891293645424412,-0.018891293645424412,-67.05739189280925,0.9939994582099843,0.06038617983875088,136.03874831276516,263.6371064891764
1.0448,-2.471542968223935,-6.699904929620137,-6.692744852613596,0.007160077006541963,0.0188530700801266,-0.0188530700801266,-67.05644183541202,0.9939927062704146,0.06053897447527046,136.13587084511775,264.048725769351
1.0456,-2.466931783145248,-6.706081820473482,-6.6989185479803925,0.007163272493088424,0.01881474664696725,-0.01881474664696725,-67.05552165087931,0.9939859427843161,0.06069229958211888,136.23329939561245,264.4612461929521
1.0464,-2.4623263830557423,-6.712266419263971,-6.705099979860366,0.0071664394036041355,0.01877632336828583,-0.01877632336828583,-67.05463144813208,0.9939791677429948,0.06084615727664674,136.33103532164608,264.87467131150635
1.0472,-2.4577267597513472,-6.7184587398513775,-6.711289162235951,0.007169577615427281,0.018737800266649174,-0.018737800266649174,-67.053771336811,0.9939723811376134,0.06100054968789044,136.42907998867562,265.2890046948699
1.048,-2.4531329050498827,-6.724658796144471,-6.71748610913898,0.0071726870054917655,0.01869917736547677,-0.01869917736547677,-67.05294142724537,0.9939655829591916,0.061155478956638934,136.52743477027704,265.7042499313464
1.0488,-2.4485448107910295,-6.730866602101187,-6.72369083465088,0.007175767450306951,0.0186604546886997,-0.0186604546886997,-67.05214183048282,0.9939587731986037,0.061310947235522995,136.62610104820473,266.12041062780526
1.0496,-2.4439624688362582,-6.737082171728817,-6.729903352902854,0.007178818825962478,0.01862163226087432,-0.01862163226087432,-67.05137265828475,0.9939519518465829,0.06146695668904879,136.72508021245116,266.5374904098041
1.0504,-2.4393858710688012,-6.743305519084175,-6.736123678076053,0.007181841008121524,0.018582710107125422,-0.018582710107125422,-67.05063402313934,0.9939451188937187,0.06162350949368722,136.82437366130728,266.9554929217082
1.0512,-2.434815009393601,-6.749536658273801,-6.7423518244017755,0.007184833872024661,0.018543688253430446,-0.018543688253430446,-67.04992603825579,0.9939382743304587,0.061780607837934494,136.92398280142385,267.3744218268144
1.052,-2.4302498757372675,-6.755775603454128,-6.748587806161639,0.007187797292488892,0.018504566726051053,-0.018504566726051053,-67.04924881757887,0.993931418147107,0.06193825392238985,137.0239090478724,267.7942808074727
1.0528,-2.425690462048022,-6.762022368831671,-6.754831637687774,0.007190731143897042,0.01846534555204471,-0.01846534555204471,-67.04860247579644,0.9939245503338279,0.062096449959798586,137.12415382420707,268.215073565212
1.0536,-2.4211367602956724,-6.768276968663205,-6.761083333363002,0.007193635300201626,0.01842602475920785,-0.01842602475920785,-67.04798712834142,0.9939176708806426,0.062255198175151905,137.22471856252815,268.63680382086386
1.0544,-2.416588762471546,-6.774539417255968,-6.767342907621043,0.007196509634923875,0.018386604375734805,-0.018386604375734805,-67.04740289139498,0.9939107797774321,0.06241450080573835,137.3256047035437,269.05947531468985
1.0552,-2.4120464605884653,-6.780809728967827,-6.773610374946678,0.007199354021147961,0.01834708443055888,-0.01834708443055888,-67.04684988190023,0.9939038770139352,0.06257436010122516,137.4268136966346,269.4830918065077
1.056,-2.40750984668068,-6.7870879182074795,-6.779885749875954,0.007202168331525819,0.018307464953295494,-0.018307464953295494,-67.0463282175603,0.9938969625797522,0.06273477832370589,137.52834699991757,269.9076570758202
1.0568,-2.4029789128038486,-6.793373999434635,-6.786169046996372,0.007204952438263645,0.01826774597407166,-0.01826774597407166,-67.04583801685385,0.993890036464341,0.06289575774780534,137.63020608031067,270.3331749219437
1.0576,-2.3984536510349717,-6.799667987160212,-6.792460280947081,0.007207706213129615,0.018227927523810195,-0.018227927523810195,-67.04537939903094,0.9938830986570212,0.06305730066071998,137.73239241359843,270.75964916413864
1.0584,-2.3939340534723645,-6.8059698959465065,-6.798759466419057,0.0072104295274490636,0.01818800963388867,-0.01818800963388867,-67.04495248412796,0.9938761491469722,0.0632194093623048,137.8349074844974,271.18708364174046
1.0592,-2.3894201122356105,-6.812279740407417,-6.805066618155316,0.007213122252100633,0.0181479923365373,-0.0181479923365373,-67.04455739297441,0.9938691879232328,0.06338208616516186,137.93775278672328,271.61548221429166
1.06,-2.3849118194655032,-6.818597535208615,-6.811381750951094,0.00721578425752013,0.018107875664441053,-0.018107875664441053,-67.0441942471825,0.9938622149747047,0.06354533339467097,138.04092982305752,272.04484876167595
1.0608,-2.380409167324022,-6.824923295067732,-6.817704879654043,0.007218415413687987,0.01806765965102386,-0.01806765965102386,-67.04386316918234,0.9938552302901502,0.06370915338910127,138.14444010541484,272.4751871842512
1.0616,-2.3759121479942755,-6.831257034754575,-6.82403601916444,0.00722101559013506,0.018027344330334927,-0.018027344330334927,-67.04356428220589,0.9938482338581927,0.06387354849967242,138.24828515491234,272.90650140298584
1.0624,-2.3714207536804723,-6.837598769091299,-6.830375184435361,0.0072235846559378,0.017986929737162427,-0.017986929737162427,-67.04329771030106,0.9938412256673177,0.06403852109062372,138.35246650193724,273.33879535959466
1.0632,-2.3669349766078622,-6.843948512952621,-6.836722390472899,0.007226122479722119,0.01794641590674928,-0.01794641590674928,-67.04306357833808,0.9938342057058733,0.06420407353929788,138.45698568621722,273.7720730166766
1.064,-2.3624548090227044,-6.850306281266008,-6.843077652336362,0.0072286289296460285,0.0179058028752479,-0.0179058028752479,-67.04286201202078,0.9938271739620697,0.06437020823621273,138.56184425689025,274.20633835785355
1.0648,-2.3579802431922237,-6.856672089011868,-6.849440985138454,0.007231103873414111,0.017865090679322293,-0.017865090679322293,-67.04269313788403,0.99382013042398,0.0645369275851343,138.66704377257489,274.64159538790915
1.0656,-2.3535112714045656,-6.863045951223773,-6.8558124040454995,0.007233547178273672,0.017824279356204897,-0.017824279356204897,-67.04255708330749,0.9938130750795401,0.06470423400316284,138.7725858014427,275.077848132931
1.0664,-2.3490478859687567,-6.869427882988617,-6.862191924277629,0.0072359587109877095,0.01778336894409449,-0.01778336894409449,-67.04245397652932,0.9938060079165498,0.06487212992079826,138.87847192128902,275.51510064045124
1.0672,-2.3445900792146586,-6.875817899446867,-6.868579561108989,0.007238338337877402,0.01774235948153091,-0.01774235948153091,-67.04238394663166,0.993798928922673,0.06504061778202024,138.98470371960647,275.9533569795904
1.068,-2.3401378434929345,-6.882216015792725,-6.874975329867948,0.0072406859247767285,0.01770125100790665,-0.01770125100790665,-67.04234712357048,0.993791838085436,0.06520970004438084,139.09128279365802,276.39262124120165
1.0688,-2.335691171175005,-6.888622247274347,-6.881379245937294,0.007243001337051799,0.017660043563296313,-0.017660043563296313,-67.04234363817667,0.9937847353922306,0.06537937917907048,139.1982107505507,276.83289753801506
1.0696,-2.331250054652998,-6.895036609194053,-6.887791324754446,0.007245284439606628,0.01761873718839979,-0.01761873718839979,-67.04237362214525,0.993777620830313,0.06554965767098961,139.3054892073107,277.27419000478596
1.0704,-2.3268144863397224,-6.901459116908512,-6.894211581811654,0.007247535096858064,0.01757733192454225,-0.01757733192454225,-67.04243720807192,0.9937704943868042,0.06572053801884616,139.4131197909581,277.716502798441
1.0712,-2.322384458668613,-6.907889785828968,-6.90064003265622,0.007249753172747362,0.017535827813844662,-0.017535827813844662,-67.04253452944431,0.9937633560486907,0.06589202273522288,139.52110413858338,278.15984009822813
1.072,-2.3179599640937036,-6.914328631421432,-6.907076692890698,0.007251938530733439,0.017494224898996436,-0.017494224898996436,-67.04266572065065,0.9937562058028235,0.06606411434667502,139.6294438974236,278.60420610586567
1.0728,-2.3135409950895736,-6.920775669206893,-6.913521578173096,0.0072540910337957724,0.017452523223482785,-0.017452523223482785,-67.04283091698704,0.9937490436359211,0.06623681539377953,139.73814072494008,279.0496050456947
1.0735999999999999,-2.3091275441513233,-6.927230914761542,-6.919974704217111,0.007256210544430542,0.01741072283135736,-0.01741072283135736,-67.04303025466749,0.9937418695345657,0.06641012843126723,139.84719628889653,279.49604116483033
1.0744,-2.3047196037945072,-6.933694383716956,-6.926436086792314,0.007258296924642917,0.017368823767583308,-0.017368823767583308,-67.043263870833,0.9937346834852089,0.06658405602803982,139.9566122674373,279.9435187333174
1.0752,-2.300317166555135,-6.940166091760328,-6.93290574172438,0.007260350035947059,0.017326826077521673,-0.017326826077521673,-67.04353190355683,0.9937274854741657,0.06675860076733053,140.0663903491676,280.3920420442824
1.076,-2.29592022498959,-6.946646054634672,-6.939383684895302,0.0072623697393699865,0.017284729807443,-0.017284729807443,-67.04383449185211,0.9937202754876201,0.06693376524672129,140.17653223323305,280.84161541409304
1.0768,-2.2915287716746153,-6.953134288139032,-6.945869932243589,0.007264355895443858,0.017242535004356796,-0.017242535004356796,-67.04417177567832,0.9937130535116234,0.06710955207825454,140.28703962940077,281.29224318251363
1.0776,-2.2871427992072717,-6.959630808128711,-6.952364499764513,0.007266308364199226,0.017200241715727316,-0.017200241715727316,-67.04454389595755,0.9937058195320927,0.06728596388853672,140.3979142581417,281.74392971286414
1.0784,-2.282762300204882,-6.966135630515465,-6.958867403510296,0.007268227005169859,0.01715784998992831,-0.01715784998992831,-67.04495099457445,0.9936985735348155,0.06746300331877769,140.50915785071186,282.1966793921814
1.0792,-2.2783872673050176,-6.972648771267734,-6.965378659590346,0.0072701116773869635,0.017115359876015646,-0.017115359876015646,-67.04539321438942,0.9936913155054449,0.0676406730249292,140.62077214923636,282.65049663137887
1.08,-2.2740176931654403,-6.97917024641086,-6.971898284171475,0.007271962239384974,0.017072771423727318,-0.017072771423727318,-67.04587069923949,0.9936840454295035,0.06781897567773564,140.73275890679335,283.1053858654104
1.0808,-2.2696535704640706,-6.985700072027284,-6.978426293478104,0.007273778549179367,0.017030084683483437,-0.017030084683483437,-67.04638359395719,0.9936767632923834,0.06799791396282615,140.84511988749813,283.5613515534342
1.0816,-2.2652948918989497,-6.992238264256805,-6.984962703792518,0.007275560464286922,0.01698729970655677,-0.01698729970655677,-67.04693204437159,0.993669469079344,0.06817749058082773,140.95785686658925,284.01839817897763
1.0824,-2.260941650188201,-6.998784839296762,-6.99150753145505,0.0072773078417112625,0.01694441654478851,-0.01694441654478851,-67.04751619731908,0.9936621627755148,0.06835770824742118,141.07097163051446,284.4765302501045
1.0832,-2.2565938380699895,-7.005339813402271,-6.998060792864335,0.0072790205379370644,0.016901435250815666,-0.016901435250815666,-67.04813620065528,0.9936548443658952,0.06853856969344954,141.18446597701774,284.93575229958253
1.084,-2.2522514483024856,-7.0119032028864545,-7.004622504477522,0.0072806984089319885,0.016858355877957365,-0.016858355877957365,-67.0487922032623,0.9936475138353539,0.0687200776650074,141.2983417152275,285.3960688850539
1.0848,-2.2479144736638323,-7.018475024120651,-7.0111926828104965,0.0072823413101534475,0.01681517848032854,-0.01681517848032854,-67.04948435505138,0.9936401711686298,0.06890223492352453,141.41260066574483,285.85748458920466
1.0856,-2.2435829069521005,-7.02505529353465,-7.0177713444381205,0.0072839490965283405,0.01677190311272625,-0.01677190311272625,-67.05021280698116,0.9936328163503323,0.06908504424586367,141.52724466073337,286.32000401993776
1.0864,-2.2392567409852537,-7.031644027616924,-7.024358505994455,0.0072855216224694645,0.016728529830743355,-0.016728529830743355,-67.05097771105564,0.9936254493649408,0.06926850842441316,141.64227554400944,286.78363181054715
1.0872,-2.2349359686011154,-7.038241242914829,-7.03095418417298,0.0072870587418485,0.01668505869065484,-0.01668505869065484,-67.051779220354,0.9936180701968068,0.06945263026717059,141.7576951711332,287.24837261989194
1.088,-2.2306205826573233,-7.044846956034869,-7.037558395726851,0.007288560308018211,0.016641489749417815,-0.016641489749417815,-67.0526174890148,0.9936106788301521,0.06963741259784738,141.87350540950098,287.7142311325737
1.0888,-2.2263105760313042,-7.051461183642896,-7.044171157469096,0.00729002617380087,0.01659782306495572,-0.01659782306495572,-67.05349267225746,0.9936032752490703,0.06982285825595554,141.98970813843755,288.18121205911365
1.0896,-2.222005941620224,-7.058083942464358,-7.05079248627288,0.007291456191478612,0.01655405869570359,-0.01655405869570359,-67.05440492640034,0.9935958594375273,0.07000897009690156,142.10630524929041,288.6493201361336
1.0904,-2.2177066723409617,-7.064715249284527,-7.057422399071729,0.007292850212798265,0.01651019670094911,-0.01651019670094911,-67.05535440885191,0.9935884313793599,0.07019575099209306,142.2232986455245,289.1185601265353
1.0912,-2.2134127611300722,-7.071355120948723,-7.064060912859755,0.007294208088966535,0.016466237140775775,-0.016466237140775775,-67.05634127813406,0.9935809910582784,0.07038320382901991,142.34069024281686,289.58893681968345
1.092,-2.209124200943744,-7.078003574362559,-7.07070804469191,0.007295529670650003,0.016422180075892356,-0.016422180075892356,-67.05736569388776,0.9935735384578648,0.07057133151136313,142.45848196915412,290.0604550315905
1.0928,-2.2048409847577712,-7.084660626492171,-7.077363811684209,0.007296814807962591,0.016378025567973964,-0.016378025567973964,-67.05842781688723,0.9935660735615746,0.07076013695908251,142.576675764929,290.53311960510075
1.0936,-2.2005631055675097,-7.091326294364463,-7.084028231013983,0.007298063350480046,0.016333773679320984,-0.016333773679320984,-67.05952780903945,0.993558596352736,0.07094962310852464,142.69527358303893,291.00693541007905
1.0944,-2.1962905563878414,-7.0980005950673375,-7.090701319920112,0.007299275147225458,0.01628942447297277,-0.01628942447297277,-67.06066583339906,0.9935511068145518,0.0711397929125059,142.8142773889849,291.4819073435982
1.0952,-2.1920233302531615,-7.104683545749929,-7.097383095703263,0.0073004500466654215,0.016244978012764477,-0.016244978012764477,-67.06184205418651,0.9935436049300957,0.07133064934044896,142.933689160972,291.958040330129
1.096,-2.187761420217304,-7.111375163622851,-7.1040735757261455,0.007301587896706165,0.016200434363440763,-0.016200434363440763,-67.06305663679377,0.9935360906823184,0.07152219537842874,143.05351089001007,292.4353393217336
1.0968,-2.183504819353536,-7.1180754659584435,-7.110772777413735,0.007302688544708046,0.016155793590314715,-0.016155793590314715,-67.06430974778586,0.9935285640540439,0.07171443402930769,143.17374458001544,292.91380929825704
1.0976,-2.1792535207545165,-7.124784470091006,-7.1174807182535496,0.007303751837456599,0.01611105575966576,-0.01611105575966576,-67.06560155492336,0.9935210250279701,0.0719073683128435,143.29439224791443,293.3934552675236
1.0984,-2.175007517532258,-7.131502193417046,-7.124197415795868,0.007304777621178946,0.016066220938455444,-0.016066220938455444,-67.06693222717188,0.9935134735866695,0.07210100126577859,143.41545592374726,293.87428226553317
1.0992,-2.170766802818091,-7.138228653395524,-7.130922887653984,0.007305765741539948,0.01602128919438428,-0.01602128919438428,-67.06830193470165,0.993505909712591,0.07229533594192943,143.53693765077207,294.3562953566587
1.1,-2.166531369762639,-7.144963867548098,-7.137657151504478,0.007306716043619043,0.01597626059611912,-0.01597626059611912,-67.06971084891595,0.9934983333880568,0.07249037541233043,143.65883948557223,294.8394996338477
1.1008,-2.162301211535767,-7.151707853459367,-7.144400225087427,0.007307628371940173,0.015931135212952086,-0.015931135212952086,-67.07115914244645,0.9934907445952674,0.07268612276528293,143.78116349816162,295.32390021882276
1.1016,-2.1580763213265683,-7.158460628777139,-7.151152126206696,0.007308502570441875,0.015885913115084804,-0.015885913115084804,-67.07264698916869,0.9934831433162965,0.07288258110652227,143.90391177209395,295.80950226228526
1.1024,-2.153856692343315,-7.165222211212657,-7.157912872730176,0.007309338482482107,0.01584059437345786,-0.01584059437345786,-67.07417456422912,0.9934755295330949,0.07307975355928101,144.02708640457118,296.29631094412093
1.1032,-2.149642317813431,-7.171992618540863,-7.164682482590019,0.007310135950844049,0.015795179059864495,-0.015795179059864495,-67.07574204402769,0.9934679032274903,0.07327764326440447,144.15068950655314,296.7843314736059
1.104,-2.1454331909834585,-7.1787718686006565,-7.171460973782935,0.007310894817721636,0.015749667246780064,-0.015749667246780064,-67.07734960625149,0.9934602643811861,0.07347625338047485,144.27472320286947,297.2735690896162
1.1048,-2.14122930511902,-7.185559979295128,-7.1782483643704085,0.007311614924720519,0.015704059007759952,-0.015704059007759952,-67.0789974298833,0.9934526129757634,0.07367558708389343,144.39918963233026,297.764029060837
1.1056,-2.137030653504791,-7.192356968591845,-7.185044672478984,0.007312296112861945,0.015658354416871134,-0.015658354416871134,-67.08068569519982,0.9934449489926797,0.07387564756902032,144.5240909478413,298.2557166859762
1.1064,-2.132837229444461,-7.199162854523083,-7.191849916300519,0.007312938222563454,0.015612553549203767,-0.015612553549203767,-67.0824145838094,0.9934372724132705,0.07407643804825777,144.64942931651663,298.74863729397737
1.1072,-2.1286490262607107,-7.205977655186086,-7.198664114092433,0.007313541093651434,0.015566656480530128,-0.015566656480530128,-67.08418427863468,0.9934295832187486,0.07427796175217871,144.7752069197945,299.24279624423565
1.108,-2.124466037295169,-7.212801388743349,-7.20548728417799,0.007314104565358231,0.015520663287645675,-0.015520663287645675,-67.08599496394423,0.9934218813902044,0.07448022192963694,144.90142595355405,299.7381989268155
1.1088,-2.120288255908382,-7.219634073422851,-7.212319444946545,0.007314628476306717,0.01547457404802799,-0.01547457404802799,-67.08784682536138,0.9934141669086072,0.07468322184786332,145.02808862823275,300.2348507626709
1.1096,-2.1161156754797803,-7.2264757275183324,-7.219160614853822,0.0073151126645112615,0.015428388839950458,-0.015428388839950458,-67.08974004987012,0.993406439754805,0.07488696479259484,145.15519716894502,300.73275720386573
1.1104,-2.111948289407657,-7.233326369389559,-7.2260108124221745,0.007315556967384493,0.015382107742652806,-0.015382107742652806,-67.09167482583811,0.9933986999095229,0.07509145406819664,145.28275381560243,301.23192373379754
1.1112,-2.107786091109125,-7.240186017462577,-7.23287005624085,0.007315961221726692,0.015335730836113726,-0.015335730836113726,-67.09365134302001,0.9933909473533662,0.0752966929977573,145.4107608230347,301.7323558674227
1.112,-2.103629074020082,-7.2470546902299855,-7.239738364966275,0.007316325263711318,0.015289258201278244,-0.015289258201278244,-67.09566979258457,0.9933831820668191,0.07550268492321405,145.5392204611117,302.23405915148356
1.1128,-2.0994772315951953,-7.25393240625121,-7.246615757322298,0.007316648928912045,0.015242689919887198,-0.015242689919887198,-67.0977303670968,0.9933754040302452,0.07570943320547129,145.66813501486712,302.73703916473744
1.1136,-2.0953305573078485,-7.260819184152767,-7.253502252100496,0.007316932052270915,0.015196026074363544,-0.015196026074363544,-67.09983326057073,0.9933676132238876,0.07591694122451875,145.7975067846231,303.24130151818787
1.1144,-2.091189044650125,-7.267715042628524,-7.260397868160426,0.00731717446809642,0.015149266748323953,-0.015149266748323953,-67.10197866846316,0.9933598096278697,0.07612521237954081,145.92733808611592,303.74685185531797
1.1152,-2.0870526871327755,-7.274620000439991,-7.267302624429899,0.007317376010091496,0.015102412025953527,-0.015102412025953527,-67.10416678767652,0.993351993222195,0.07633425008905112,146.0576312506231,304.2536958523245
1.116,-2.082921478285186,-7.281534076416577,-7.274216539905267,0.007317536511310096,0.015055461992403707,-0.015055461992403707,-67.10639781659506,0.9933441639867467,0.07654405779100554,146.1883886250925,304.76183921835604
1.1168,-2.078795411655336,-7.288457289455876,-7.2811396336517,0.007317655804175543,0.01500841673373543,-0.01500841673373543,-67.10867195508713,0.9933363219012897,0.07675463894291538,146.31961257227022,305.27128769575216
1.1176,-2.074674480809783,-7.295389658523942,-7.28807192480346,0.0073177337204824635,0.014961276336862284,-0.014961276336862284,-67.11098940451325,0.9933284669454694,0.07696599702198267,146.4513054708331,305.78204706028373
1.1184,-2.0705586793336224,-7.302331202655557,-7.2950134325641915,0.007317770091364947,0.01491404088960735,-0.01491404088960735,-67.11335036776194,0.9933205990988121,0.0771781355252171,146.58346971552035,306.29412312139766
1.1192,-2.066448000830468,-7.309281940954522,-7.301964176207183,0.007317764747338053,0.014866710480532674,-0.014866710480532674,-67.11575504922905,0.9933127183407255,0.07739105796956405,146.71610771726657,306.80752172246054
1.12,-2.0623424389224008,-7.31624189259393,-7.308924175075679,0.007317717518251495,0.01481928519928033,-0.01481928519928033,-67.11820365487263,0.9933048246504997,0.07760476789201642,146.84922190333705,307.3222487410087
1.1208,-2.0582419872499638,-7.323211076816452,-7.315893448583139,0.007317628233312811,0.014771765136288195,-0.014771765136288195,-67.12069639219214,0.9932969180073061,0.0778192688497582,146.98281471746347,307.83831008899557
1.1216,-2.0541466394721164,-7.330189512934625,-7.32287201621356,0.007317496721066139,0.014724150382789958,-0.014724150382789958,-67.12323347027466,0.9932889983901968,0.07803456442029696,147.1168886199818,308.355711713045
1.1224,-2.050056389266199,-7.337177220331124,-7.329859897521718,0.0073173228094067025,0.014676441031156173,-0.014676441031156173,-67.12581509978375,0.9932810657781097,0.07825065820154055,147.2514460879707,308.87445959470625
1.1232,-2.045971230327929,-7.344174218459064,-7.336857112133496,0.007317106325568271,0.014628637174382675,-0.014628637174382675,-67.12844149298422,0.9932731201498618,0.07846755381200535,147.38648961539207,309.39455975070797
1.124,-2.041891156371338,-7.351180526842272,-7.3438636797461605,0.007316847096111588,0.014580738906602164,-0.014580738906602164,-67.13111286377084,0.9932651614841553,0.07868525489087168,147.52202171323196,309.9160182332191
1.1248,-2.0378161611287684,-7.358196165075597,-7.350879620128655,0.007316544946941753,0.014532746322799994,-0.014532746322799994,-67.13382942765678,0.9932571897595746,0.07890376509816185,147.65804490964453,310.4388411301089
1.1256,-2.033746238350838,-7.365221152825178,-7.3579049531218965,0.0073161997032821675,0.014484659518757326,-0.014484659518757326,-67.13659140181687,0.9932492049545862,0.07912308811486546,147.7945617500959,310.96303456521
1.1264,-2.0296813818063937,-7.372255509828765,-7.364939698639076,0.007315811189689026,0.014436478591278501,-0.014436478591278501,-67.13939900508159,0.9932412070475429,0.07934322764303677,147.93157479750968,311.48860469858505
1.1272,-2.0256215852825106,-7.379299255895977,-7.37198387666595,0.007315379230026229,0.014388203638077357,-0.014388203638077357,-67.14225245797653,0.9932331960166786,0.07956418740598206,148.06908663241492,312.01555772679285
1.1280000000000001,-2.0215668425844404,-7.386352410908636,-7.37903750726114,0.0073149036474953084,0.014339834757834069,-0.014339834757834069,-67.14515198270982,0.9932251718401126,0.07978597114834894,148.20709985309506,312.5438998831607
1.1288,-2.0175171475355986,-7.393414994821034,-7.386100610556436,0.007314384264598768,0.01429137205002462,-0.01429137205002462,-67.14809780321218,0.9932171344958477,0.08000858263629143,148.3456170757373,313.0736374380551
1.1296,-2.013472493977518,-7.400487027660258,-7.393173206757105,0.007313820903154561,0.014242815615261861,-0.014242815615261861,-67.15109014514384,0.9932090839617722,0.08023202565758102,148.48464093458503,313.6047766991588
1.1304,-2.0094328757698365,-7.407568529526467,-7.400255316142185,0.007313213384282595,0.014194165555011296,-0.014194165555011296,-67.15412923591954,0.9932010202156585,0.0804563040217662,148.62417408209103,314.13732401174695
1.1312,-2.0053982867902693,-7.41465952059321,-7.407346959064794,0.007312561528415355,0.014145421971534233,-0.014145421971534233,-67.15721530470674,0.993192943235163,0.08068142156031329,148.76421918907272,314.6712857589674
1.1320000000000001,-2.0013687209345665,-7.421760021107723,-7.4144481559524476,0.007311865155274748,0.014096584968285697,-0.014096584968285697,-67.16034858247129,0.9931848529978285,0.08090738212672101,148.9047789448679,315.20666836212376
1.1328,-1.9973441721164962,-7.428870051391236,-7.421558927307349,0.007311124083886588,0.01404765464957336,-0.01404765464957336,-67.16352930196501,0.9931767494810829,0.08113418959667969,149.04585605749313,315.74347828095966
1.1336,-1.9933246342678128,-7.435989631839286,-7.42867929370672,0.007310338132566137,0.013998631120557548,-0.013998631120557548,-67.16675769776845,0.9931686326622395,0.08136184786821078,149.18745325380334,316.2817220139474
1.1344,-1.9893101013382322,-7.443118782922017,-7.435809275803102,0.007309507118915209,0.013949514487592296,-0.013949514487592296,-67.17003400629596,0.9931605025184976,0.0815903608618082,149.32957327965326,316.821406098577
1.1352,-1.9853005672954027,-7.450257525184496,-7.442948894324671,0.007308630859826047,0.013900304857770607,-0.013900304857770607,-67.1733584658119,0.9931523590269422,0.08181973252058529,149.47221890005991,317.3625371116498
1.1360000000000001,-1.981296026124877,-7.457405879247023,-7.4500981700755595,0.007307709171462992,0.013851002339265506,-0.013851002339265506,-67.17673131646106,0.9931442021645445,0.08204996681041965,149.61539289936755,317.90512166957336
1.1368,-1.977296471830089,-7.464563865805446,-7.457257123936167,0.007306741869277936,0.0138016070412732,-0.0138016070412732,-67.18015280027578,0.9931360319081622,0.08228106772009093,149.75909808141324,318.4491664286594
1.1376,-1.973301898432317,-7.471731505631476,-7.464425776863488,0.0073057287679891,0.013752119073956237,-0.013752119073956237,-67.18362316119911,0.9931278482345404,0.0825130392614362,149.9033372696955,318.9946780854256
1.1384,-1.9693122999706603,-7.47890881957301,-7.471604149891425,0.00730466968158587,0.013702538548272969,-0.013702538548272969,-67.1871426451055,0.993119651120311,0.0827458854694872,150.04811330754353,319.54166337689827
1.1392,-1.9653276705020295,-7.486095828554435,-7.478792264131114,0.007303564423322045,0.013652865576545992,-0.013652865576545992,-67.19071149981805,0.9931114405419917,0.08297961040265003,150.19342905828867,320.0901290809176
1.1400000000000001,-1.9613480041010947,-7.49329255357697,-7.485990140771255,0.007302412805715862,0.013603100271666335,-0.013603100271666335,-67.19432997513084,0.9931032164759888,0.08321421814282101,150.33928740543777,320.64008201644884
1.1408,-1.9573732948602718,-7.500499015718967,-7.49319780107842,0.007301214640547093,0.013553242747889271,-0.013553242747889271,-67.19799832281937,0.9930949788985962,0.08344971279554567,150.48569125284718,321.191529043892
1.1416,-1.9534035368896985,-7.507715236136251,-7.500415266397416,0.00729996973883487,0.013503293120322724,-0.013503293120322724,-67.20171679668202,0.9930867277859942,0.08368609849020123,150.63264352490052,321.7444770653974
1.1424,-1.9494387243171927,-7.514941236062444,-7.507642558151582,0.007298677910860855,0.013453251505040953,-0.013453251505040953,-67.20548565253448,0.9930784631142532,0.08392337938009825,150.78014716668696,322.29893302518394
1.1432,-1.9454788512882535,-7.52217703680928,-7.514879697843132,0.007297338966147053,0.013403118019141402,-0.013403118019141402,-67.20930514824796,0.9930701848593295,0.08416155964269366,150.92820514418102,322.8549039098573
1.1440000000000001,-1.9415239119660028,-7.529422659766954,-7.522126707053492,0.007295952713462577,0.013352892780915226,-0.013352892780915226,-67.21317554376046,0.9930618929970704,0.08440064347968913,151.07682044442524,323.4123967487355
1.1448,-1.937573900531193,-7.53667812640444,-7.5293836074436316,0.007294518960808219,0.013302575909506231,-0.013302575909506231,-67.21709710110713,0.9930535875032089,0.0846406351172513,151.2259960757146,323.971418614173
1.1456,-1.9336288111821496,-7.543943458269822,-7.536650420754404,0.007293037515418391,0.013252167525138248,-0.013252167525138248,-67.2210700844345,0.9930452683533695,0.08488153880610862,151.37573506778156,324.5319766218921
1.1464,-1.9296886381347678,-7.551218676990649,-7.543927168806892,0.0072915081837572745,0.013201667749058288,-0.013201667749058288,-67.22509476002645,0.9930369355230635,0.08512335882176437,151.52604047198528,325.0940779313132
1.1472,-1.925753375622484,-7.55850380427424,-7.551213873502719,0.007289930771520764,0.013151076703536546,-0.013151076703536546,-67.22917139631714,0.993028588987693,0.08536609946461712,151.67691536150053,325.6577297458911
1.1480000000000001,-1.9218230178962326,-7.565798861908056,-7.558510556824442,0.007288305083615243,0.013100394512036928,-0.013100394512036928,-67.23330026392884,0.9930202287225492,0.08560976506014403,151.82836283150982,326.2229393134535
1.1488,-1.9178975592244538,-7.573103871760015,-7.565817240835849,0.007286630924166286,0.01304962129887599,-0.01304962129887599,-67.23748163568409,0.9930118547028118,0.08585435995907663,151.9803859993978,326.789713926541
1.1496,-1.9139769938930338,-7.5804188557788565,-7.573133947682333,0.007284908096523487,0.012998757189564003,-0.012998757189564003,-67.24171578662029,0.9930034669035519,0.08609988853753003,152.1329880049466,327.3580609227541
1.1504,-1.9100613162053002,-7.587743835994463,-7.58046069959123,0.007283136403233459,0.012947802310577572,-0.012947802310577572,-67.24600299402987,0.9929950652997304,0.08634635519719226,152.28617201053396,327.9279876850988
1.1512,-1.9061505204819982,-7.595078834518215,-7.587797518872179,0.007281315646035977,0.012896756789587016,-0.012896756789587016,-67.25034353749274,0.9929866498661972,0.08659376436550248,152.43994120133354,328.49950164233826
1.152,-1.902244601061255,-7.602423873543355,-7.595144427917457,0.0072794456258977736,0.012845620755228992,-0.012845620755228992,-67.25473769885416,0.9929782205776942,0.08684212049579303,152.59429878551663,329.0726102693477
1.1528,-1.8983435522985628,-7.6097789753453196,-7.602501449202363,0.007277526142956572,0.01279439433733387,-0.01279439433733387,-67.25918576229697,0.9929697774088528,0.08709142806748478,152.74924799445688,329.6473210874712
1.1536,-1.8944473685667604,-7.617144162282086,-7.609868605285528,0.007275556996557771,0.012743077666527824,-0.012743077666527824,-67.26368801434047,0.9929613203341954,0.08734169158624223,152.90479208293635,330.2236416648819
1.1544,-1.890556044255987,-7.62451945679455,-7.6172459188093296,0.007273537985219717,0.012691670874971805,-0.012691670874971805,-67.26824474387612,0.9929528493281362,0.08759291558414413,153.0609343293547,330.8015796169484
1.1552,-1.886669573773683,-7.631904881406859,-7.624633412500209,0.007271468906650121,0.012640174095565726,-0.012640174095565726,-67.2728562421871,0.9929443643649805,0.08784510461986854,153.2176780359388,331.3811426065997
1.156,-1.8827879515445554,-7.639300458726785,-7.632031109169054,0.007269349557732561,0.012588587462460055,-0.012588587462460055,-67.27752280297413,0.9929358654189236,0.08809826327887717,153.37502652895756,331.962338344698
1.1568,-1.8789111720105554,-7.646706211446076,-7.6394390317115555,0.007267179734520702,0.012536911110942128,-0.012536911110942128,-67.28224472238014,0.9929273524640541,0.08835239617356479,153.53298315893593,332.545174590412
1.1576,-1.8750392296308471,-7.654122162340819,-7.646857203108577,0.007264959232243136,0.012485145177322465,-0.012485145177322465,-67.28702229901879,0.992918825474352,0.08860750794345282,153.69155130087248,333.12965915159606
1.1584,-1.871172118881801,-7.66154833427181,-7.654285646426525,0.007262687845285054,0.012433289799048453,-0.012433289799048453,-67.29185583400047,0.9929102844236881,0.08886360325538153,153.85073435446012,333.71579988517027
1.1592,-1.8673098342569556,-7.668984750184911,-7.661724384817719,0.0072603653671930906,0.012381345114704345,-0.012381345114704345,-67.29674563095942,0.9929017292858271,0.08912068680366464,154.01053574430793,334.3036046975069
1.16,-1.8634523702669985,-7.676431433111422,-7.669173441520752,0.007257991590670507,0.012329311264124954,-0.012329311264124954,-67.30169199607559,0.9928931600344254,0.08937876331028875,154.17095892016576,334.89308154481796
1.1608,-1.8595997214397482,-7.683888406168463,-7.676632839860893,0.0072555663075704515,0.01227718838799774,-0.01227718838799774,-67.30669523810536,0.9928845766430312,0.08963783752510088,154.3320073571514,335.48423843354846
1.1616,-1.8557518823201227,-7.691355692559315,-7.684102603250428,0.007253089308887283,0.01222497662843125,-0.01222497662843125,-67.3117556684163,0.9928759790850871,0.0898979142259704,154.49368455597988,336.0770834207715
1.1624,-1.8519088474701237,-7.698833315573833,-7.6915827551890725,0.007250560384761415,0.012172676128557214,-0.012172676128557214,-67.31687360099595,0.9928673673339271,0.09015899821900752,154.65599404319542,336.6716246145891
1.1632,-1.848070611468819,-7.70632129858879,-7.699073319264333,0.007247979324457126,0.012120287032757915,-0.012120287032757915,-67.32204935251272,0.992858741362778,0.09042109433874337,154.8189393714063,337.26787017453415
1.164,-1.8442371689122945,-7.713819665068274,-7.706574319151887,0.0072453459163886345,0.012067809486325132,-0.012067809486325132,-67.3272832422997,0.9928501011447625,0.09068420744827595,154.98252411952117,337.8658283119807
1.1648,-1.840408514413667,-7.721328438564067,-7.714085778615991,0.007242659948074756,0.012015243636028572,-0.012015243636028572,-67.3325755924322,0.9928414466528939,0.09094834243953592,155.146751892989,338.4655072905513
1.1656,-1.836584642603038,-7.728847642716017,-7.721607721509837,0.007239921206179446,0.011962589629661124,-0.011962589629661124,-67.33792672771128,0.9928327778600807,0.09121350423341978,155.31162632404107,339.06691542653516
1.1664,-1.8327655481274785,-7.736377301252432,-7.72914017177598,0.007237129476451977,0.011909847616152547,-0.011909847616152547,-67.34333697574218,0.9928240947391248,0.09147969778001402,155.47715107193562,339.6700610893062
1.1672,-1.828951225651014,-7.743917437990467,-7.736683153446679,0.007234284543787762,0.011857017745683152,-0.011857017745683152,-67.34880666691156,0.9928153972627214,0.09174692805878695,155.64332982320545,340.2749527017451
1.168,-1.8251416698545788,-7.75146807683651,-7.744236690644353,0.007231386192157907,0.01180410016957012,-0.01180410016957012,-67.35433613446953,0.992806685403462,0.09201520007875628,155.81016629190725,340.881598740669
1.1688,-1.8213368754360286,-7.759029241786576,-7.75180080758192,0.007228434204656525,0.011751095040494874,-0.011751095040494874,-67.35992571451648,0.9927979591338301,0.09228451887874187,155.9776642198757,341.4900077372597
1.1696,-1.8175368371100968,-7.766600956926695,-7.759375528563233,0.007225428363461171,0.01169800251216202,-0.01169800251216202,-67.36557574606782,0.9927892184262046,0.09255488952752586,156.14582737697788,342.1001882775008
1.1703999999999999,-1.813741549608372,-7.774183246433315,-7.766960877983465,0.007222368449850239,0.011644822739469873,-0.011644822739469873,-67.37128657106902,0.9927804632528597,0.0928263171240567,156.31465956137174,342.7121490026168
1.1712,-1.8099510076792829,-7.781776134573696,-7.774556880329521,0.007219254244174981,0.011591555878680992,-0.011591555878680992,-67.37705853443528,0.9927716935859645,0.09309880679766548,156.48416459976764,343.32589860951657
1.172,-1.806165206088086,-7.789379645706309,-7.782163560180427,0.007216085525881726,0.011538202087194804,-0.011538202087194804,-67.3828919840726,0.9927629093975819,0.09337236370827764,156.65434634769238,343.94144585124127
1.1728,-1.8023841396168243,-7.796993804281248,-7.7897809422077655,0.00721286207348197,0.011484761523604448,-0.011484761523604448,-67.38878727093481,0.9927541106596712,0.09364699304659693,156.82520868975564,344.55879953741675
1.1736,-1.7986078030643253,-7.804618634840624,-7.797409051176054,0.007209583664570737,0.01143123434781046,-0.01143123434781046,-67.39474474901913,0.9927452973440865,0.09392270003433435,156.99675553992006,345.1779685347099
1.1743999999999999,-1.7948361912461672,-7.812254162018968,-7.805047911943177,0.007206250075790879,0.011377620720963932,-0.011377620720963932,-67.40076477545026,0.9927364694225779,0.09419948992439739,157.16899084177416,345.79896176729045
1.1752,-1.7910692989946613,-7.819900410543666,-7.8126975494608075,0.0072028610828591515,0.01132392080540967,-0.01132392080540967,-67.40684771046733,0.9927276268667907,0.09447736800112952,157.3419185688081,346.42178821729544
1.176,-1.7873071211588396,-7.827557405235336,-7.8203579887747985,0.007199416460537278,0.011270134764743034,-0.011270134764743034,-67.41299391749615,0.9927187696482668,0.09475633958049487,157.51554272469212,347.04645692529954
1.1768,-1.7835496526044246,-7.835225171008275,-7.8280292550256245,0.007195915982651265,0.011216262763923623,-0.011216262763923623,-67.41920376315326,0.9927098977384431,0.09503641001031878,157.6898673435596,347.6729769907903
1.1776,-1.779796888213806,-7.842903732870846,-7.835711373448793,0.007192359422052817,0.011162304968991066,-0.011162304968991066,-67.42547761730911,0.9927010111086546,0.09531758467046958,157.86489649029014,348.3013575726464
1.1784,-1.7760488228860416,-7.85059311592592,-7.8434043693752775,0.007188746550642517,0.01110826154751976,-0.01110826154751976,-67.43181585311147,0.9926921097301302,0.09559986897313205,158.04063426080035,348.93160788962103
1.1792,-1.7723054515368082,-7.858293345371291,-7.851108268231934,0.007185077139356326,0.011054132668050443,-0.011054132668050443,-67.43821884702032,0.9926831935739973,0.0958832683629663,158.21708478233313,349.5637372208324
1.18,-1.7685667690984028,-7.866004446500087,-7.858823095541939,0.007181350958147266,0.01099991850077231,-0.01099991850077231,-67.44468697885418,0.9926742626112792,0.09616778831737414,158.3942522137534,350.19775490625494
1.1808,-1.7648327705197122,-7.873726444701222,-7.8665488769252185,0.00717756777600281,0.01094561921689774,-0.01094561921689774,-67.45122063182173,0.9926653168128963,0.09645343434670252,158.57214074584567,350.8336703472186
1.1816,-1.7611034507662096,-7.881459365459792,-7.874285638098877,0.00717372736091498,0.010891234989003351,-0.010891234989003351,-67.45782019256482,0.9926563561496646,0.0967402119944858,158.75075460161597,351.47149300691086
1.1824,-1.7573788048198977,-7.889203234357537,-7.882033404877636,0.007169829479899664,0.01083676599108685,-0.01083676599108685,-67.4644860511924,0.9926473805923011,0.09702812683762252,158.93009803659515,352.11123241088654
1.1832,-1.7536588276793406,-7.896958077073256,-7.889792203174294,0.007165873898962859,0.010782212398339652,-0.010782212398339652,-67.47121860132862,0.9926383901114152,0.09731718448669968,159.11017533914924,352.75289814757826
1.184,-1.7499435143596045,-7.904723919383253,-7.897562059000123,0.007161860383130603,0.010727574387317418,-0.010727574387317418,-67.47801824013688,0.9926293846775169,0.09760739058612618,159.29099083078836,353.3964998688155
1.1848,-1.746232859892245,-7.912500787161759,-7.905342998465365,0.007157788696393985,0.010672852135940047,-0.010672852135940047,-67.48488536839284,0.9926203642610145,0.09789875081440247,159.47254886648358,354.04204729034944
1.1856,-1.7425268593253134,-7.9202887063814025,-7.913135047779641,0.00715365860176031,0.010618045823491684,-0.010618045823491684,-67.4918203904843,0.9926113288322109,0.09819127088439801,159.65485383498498,354.6895501923771
1.1864,-1.7388255077233095,-7.92808770311362,-7.920938233252416,0.007149469861203903,0.010563155630450183,-0.010563155630450183,-67.49882371448636,0.9926022783613093,0.09848495654351745,159.83791015914392,355.33901842007833
1.1872,-1.7351288001671676,-7.935897803529135,-7.928752581293455,0.007145222235679628,0.010508181738885014,-0.010508181738885014,-67.50589575218933,0.9925932128184105,0.09877981357397829,160.02172229623872,355.99046188415423
1.188,-1.7314367317542518,-7.943719033898374,-7.936578118413263,0.007140915485110375,0.010453124332002517,-0.010453124332002517,-67.5130369191449,0.9925841321735136,0.0990758477930432,160.20629473830414,356.6438905613684
1.1888,-1.7277492975983242,-7.951551420591941,-7.9444148712235645,0.007136549368376448,0.010397983594543803,-0.010397983594543803,-67.52024763471731,0.9925750363965157,0.09937306505326765,160.39163201246552,357.29931449509974
1.1896,-1.724066492829531,-7.959394990081073,-7.952262866437732,0.0071321236433397215,0.010342759712557381,-0.010342759712557381,-67.52752832210808,0.9925659254572128,0.09967147124273296,160.57773868127387,357.9567437958951
1.1904,-1.7203883125943866,-7.967249768938074,-7.960122130871284,0.007127638066790575,0.010287452873456004,-0.010287452873456004,-67.53487940842079,0.9925567993252995,0.09997107228530337,160.76461934304967,358.6161886420312
1.1912,-1.7167147520557506,-7.975115783836805,-7.967992691442328,0.007123092394476864,0.01023206326607351,-0.01023206326607351,-67.54230132470536,0.9925476579703688,0.10027187414087158,160.95227863222496,359.27765928007955
1.192,-1.7130458063928098,-7.982993061553114,-7.975874575172033,0.007118486381081745,0.010176591080721664,-0.010176591080721664,-67.54979450599146,0.9925385013619137,0.1005738828055962,161.14072121969338,359.94116602547905
1.1928,-1.7093814708010677,-7.990881628965338,-7.983767809185104,0.007113819780234313,0.010121036508962789,-0.010121036508962789,-67.55735939134478,0.9925293294693247,0.10087710431218457,161.32995181316318,360.6067192631128
1.1936,-1.705721740492316,-7.998781513054728,-7.991672420710256,0.007109092344471011,0.010065399743893977,-0.010065399743893977,-67.5649964239266,0.9925201422618933,0.10118154473010355,161.51997515751287,361.2743294478912
1.1944,-1.7020666106946276,-8.006692740905958,-7.999588437080685,0.007104303825272328,0.010009680979976565,-0.010009680979976565,-67.572706051011,0.9925109397088089,0.10148721016588427,161.71079603515324,361.9440071053414
1.1952,-1.6984160766523269,-8.014615339707571,-8.007515885734561,0.00709945397301167,0.009953880413263505,-0.009953880413263505,-67.58048872407223,0.9925017217791614,0.10179410676333675,161.90241926639192,362.61576283220325
1.196,-1.694770133625987,-8.022549336752476,-8.015454794215483,0.007094542536992053,0.009897998240944617,-0.009897998240944617,-67.58834489880132,0.9924924884419395,0.10210224070384569,162.09484970980236,363.2896072970274
1.1968,-1.6911287768923977,-8.030494759438408,-8.023405190172998,0.007089569265409447,0.009842034661915022,-0.009842034661915022,-67.59627503517753,0.9924832396660325,0.10241161820660458,162.2880922625979,363.96555124078577
1.1976,-1.687492001744554,-8.038451635268414,-8.031367101363065,0.007084533905349906,0.00978598987649093,-0.00978598987649093,-67.60427959751875,0.99247397542023,0.10272224552888773,162.48215186100867,364.6436054774825
1.1984,-1.6838598034916539,-8.046419991851357,-8.039340555648547,0.00707943620280889,0.00972986408635279,-0.00972986408635279,-67.61235905451447,0.992464695673219,0.10303412896635886,162.6770334806656,365.32378089477356
1.1992,-1.6802321774590467,-8.054399856902366,-8.04732558099973,0.007074275902635309,0.00967365749477267,-0.00967365749477267,-67.6205138793166,0.9924554003935905,0.10334727485325602,162.87274213698487,366.00608845459385
1.2,-1.6766091189882515,-8.062391258243363,-8.055322205494779,0.007069052748584627,0.009617370306443718,-0.009617370306443718,-67.62874454954625,0.992446089549833,0.10366168956274213,163.06928288556045,366.6905391937871
1.2008,-1.6729906234369216,-8.070394223803541,-8.063330457320273,0.007063766483266765,0.009561002727480172,-0.009561002727480172,-67.63705154738706,0.9924367631103365,0.10397737950714112,163.26666082255963,367.3771442247462
1.2016,-1.669376686178833,-8.078408781619842,-8.071350364771686,0.007058416848155779,0.00950455496564473,-0.00950455496564473,-67.64543535962393,0.9924274210433913,0.10429435113821536,163.46488108512298,368.0659147360572
1.2024,-1.6657673026038613,-8.086434959837487,-8.079381956253902,0.007053003583584087,0.009448027230178013,-0.009448027230178013,-67.65389647769672,0.9924180633171896,0.10461261094743962,163.66394885176936,368.75686199315106
1.2032,-1.6621624681179816,-8.094472786710465,-8.087425260281732,0.007047526428732843,0.009391419731684891,-0.009391419731684891,-67.66243539777236,0.9924086898998218,0.1049321654663215,163.86386934280642,369.4499973389613
1.204,-1.6585621781432356,-8.10252229060203,-8.095480305480397,0.007041985121632923,0.009334732682475533,-0.009334732682475533,-67.67105262078078,0.9923993007592812,0.10525302126662706,164.06464782074428,370.1453321945901
1.2048,-1.6549664281177194,-8.11058349998522,-8.103547120586077,0.007036379399142757,0.009277966296338036,-0.009277966296338036,-67.67974865249172,0.9923898958634618,0.10557518496069443,164.2662895907153,370.8428780599792
1.2056,-1.6513752134955728,-8.118656443443355,-8.111625734446402,0.007030708996952199,0.009221120788652115,-0.009221120788652115,-67.68852400357326,0.9923804751801593,0.10589866320171801,164.46880000089828,371.5426465145885
1.2064,-1.6477885297469568,-8.126741149670565,-8.119716176020987,0.007024973649577738,0.009164196376161726,-0.009164196376161726,-67.69737918963835,0.9923710386770699,0.10622346268403929,164.67218444294855,372.2446492180826
1.2072,-1.6442063723580471,-8.134837647472308,-8.127818474381955,0.007019173090352867,0.009107193277372971,-0.009107193277372971,-67.70631473132187,0.9923615863217912,0.10654959014344609,164.8764483524316,372.94889791102196
1.208,-1.6406287368310069,-8.142945965765863,-8.13593265871446,0.007013307051403974,0.009050111712326725,-0.009050111712326725,-67.71533115434741,0.9923521180818229,0.10687705235744692,165.0815972092632,373.65540441556436
1.2088,-1.63705561868398,-8.151066133580896,-8.144058758317216,0.0070073752636793255,0.008992951902598634,-0.008992951902598634,-67.72442898956258,0.9923426339245658,0.1072058561455898,165.28763653815395,374.3641806361709
1.2096,-1.6334870134510706,-8.159198180059947,-8.152196802603036,0.007001377456910485,0.008935714071412804,-0.008935714071412804,-67.73360877303298,0.9923331338173229,0.10753600836974346,165.49457190905946,375.07523856032077
1.2104,-1.629922916682331,-8.167342134458982,-8.160346821099369,0.0069953133596133005,0.00887839844347127,-0.00887839844347127,-67.74287104609519,0.9923236177272989,0.10786751593441196,165.70240893763608,375.7885902592332
1.2112,-1.6263633239437392,-8.175498026147922,-8.168508843448828,0.006989182699093724,0.008821005245181368,-0.008821005245181368,-67.75221635542576,0.9923140856216011,0.10820038578702569,165.91115328570146,376.5042478885972
1.212,-1.6228082308171992,-8.183665884611164,-8.176682899409748,0.0069829852014179124,0.00876353470465574,-0.00876353470465574,-67.76164525310936,0.9923045374672378,0.1085346249182688,166.1208106617013,377.2222236893071
1.2128,-1.6192576329005073,-8.19184573944815,-8.184869018856727,0.006976720591422877,0.008705987051371267,-0.008705987051371267,-67.77115829670352,0.9922949732311205,0.10887024036236696,166.3313868211811,377.9425299882086
1.2136,-1.6157115258073529,-8.200037620373877,-8.19306723178117,0.006970388592706852,0.008648362516737507,-0.008648362516737507,-67.78075604931064,0.9922853928800626,0.10920723919741278,166.54288756726373,378.66517919884984
1.2144,-1.6121699051672942,-8.208241557219461,-8.201277568291848,0.006963988927613881,0.008590661333641947,-0.008590661333641947,-67.79043907964926,0.9922757963807799,0.10954562854567683,166.75531875113356,379.39018382224305
1.2152,-1.608632766625744,-8.216457579932687,-8.209500058615461,0.006957521317226118,0.008532883736620533,-0.008532883736620533,-67.80020796213267,0.9922661836998911,0.10988541557392192,166.96868627252476,380.117556447632
1.216,-1.6051001058439618,-8.224685718578552,-8.217734733097178,0.0069509854813754445,0.008475029961971359,-0.008475029961971359,-67.81006327692214,0.9922565548039173,0.11022660749372354,167.1829960802172,380.847309753268
1.2168,-1.6015719184990314,-8.232926003339827,-8.225981622201223,0.0069443811386039195,0.00841710024758413,-0.00841710024758413,-67.82000561002783,0.9922469096592827,0.11056921156179597,167.398254172537,381.5794565071954
1.2176,-1.5980482002838559,-8.241178464517603,-8.23424075651142,0.006937708006182146,0.00835909483305386,-0.00835909483305386,-67.83003555336171,0.9922372482323137,0.1109132350803205,167.6144665978639,382.3140095680418
1.2184,-1.5945289469071318,-8.249443132531876,-8.242512166731789,0.006930965800089028,0.008301013959737702,-0.008301013959737702,-67.84015370482925,0.9922275704892404,0.11125868539725928,167.831639455145,383.0509818858231
1.2192,-1.5910141540933407,-8.257720037922102,-8.250795883687092,0.00692415423501084,0.008242857870641274,-0.008242857870641274,-67.85036066839457,0.9922178763961959,0.11160556990669424,168.0497788944139,383.79038650274975
1.22,-1.5875038175827463,-8.266009211347756,-8.259091938323422,0.00691727302433449,0.008184626810475493,-0.008184626810475493,-67.86065705416476,0.9922081659192152,0.1119538960491781,168.2688911173165,384.5322365540452
1.2208,-1.583997933131355,-8.274310683588919,-8.26740036170879,0.006910321880128252,0.00812632102565658,-0.00812632102565658,-67.87104347847799,0.9921984390242392,0.11230367131202443,168.4889823776437,385.27654526877467
1.2216,-1.5804964965109292,-8.282624485546835,-8.275721185033705,0.006903300513130214,0.008067940764476589,-0.008067940764476589,-67.88152056398009,0.9921886956771097,0.11265490322970098,168.7100589818703,386.0233259706782
1.2224,-1.5769995035089552,-8.290950648244529,-8.28405443961175,0.006896208632777251,0.008009486276819189,-0.008009486276819189,-67.89208893969136,0.992178935843573,0.1130075993841338,168.93212728969976,386.7725920790169
1.2232,-1.5735069499286356,-8.299289202827351,-8.2924001568802,0.006889045947150056,0.007950957814387039,-0.007950957814387039,-67.90274924111881,0.992169159489279,0.11336176740506744,169.15519371461713,387.5243571094258
1.224,-1.5700188315888832,-8.307640180563569,-8.300758368400578,0.006881812162991495,0.007892355630701786,-0.007892355630701786,-67.91350211032218,0.9921593665797811,0.11371741497040816,169.37926472444752,388.2786346747755
1.2248,-1.5665351443242936,-8.316003612844987,-8.309129105859295,0.006874506985693131,0.007833679980990382,-0.007833679980990382,-67.92434819600555,0.9921495570805363,0.11407454980657877,169.6043468419219,389.0354384860458
1.2256,-1.563055883985141,-8.324379531187503,-8.317512401068216,0.006867130119287534,0.007774931122241924,-0.007774931122241924,-67.93528815360544,0.9921397309569062,0.11443317968886091,169.83044664524988,389.79478235320494
1.2264,-1.5595810464373643,-8.332767967231726,-8.3259082859653,0.006859681266426107,0.007716109313378183,-0.007716109313378183,-67.94632264539588,0.992129888174156,0.11479331244175843,170.0575707686994,390.5566801861012
1.2272,-1.556110627562557,-8.341168952743587,-8.334316792615185,0.006852160128403251,0.007657214815139923,-0.007657214815139923,-67.95745234054144,0.9921200286974536,0.11515495593938234,170.28572590318493,391.3211459953629
1.228,-1.5526446232579438,-8.349582519614916,-8.342737953209804,0.006844566405112968,0.007598247889802678,-0.007598247889802678,-67.96867791523097,0.9921101524918734,0.11551811810575242,170.51491879685932,392.0881938933078
1.2288000000000001,-1.549183029436376,-8.358008699864072,-8.351171800069016,0.006836899795056603,0.0075392088018588765,-0.0075392088018588765,-67.98000005275883,0.9921002595223927,0.11588280691521793,170.74515625571797,392.8578380948633
1.2296,-1.545725842026329,-8.366447525636554,-8.359618365641214,0.006829159995339024,0.007480097817449405,-0.007480097817449405,-67.99141944359955,0.9920903497538918,0.11624903039282575,170.97644514420705,393.63009291849477
1.2304,-1.5422730569718595,-8.374899029205606,-8.368077682503955,0.006821346701650313,0.00742091520453414,-0.00742091520453414,-68.00293678553561,0.9920804231511585,0.11661679661463122,171.20879238583967,394.40497278714747
1.2312,-1.5388246702326294,-8.383363242972855,-8.376549783364593,0.006813459608260975,0.007361661233119321,-0.007361661233119321,-68.01455278373825,0.9920704796788815,0.11698611370816564,171.44220496382187,395.1824922291937
1.232,-1.535380677783861,-8.391840199468906,-8.3850347010609,0.006805498408007489,0.0073023361749164906,-0.0073023361749164906,-68.02626815088034,0.9920605193016583,0.11735698985270519,171.67668992168262,395.96266587939493
1.2328000000000001,-1.5319410756163545,-8.400329931354005,-8.393532468561713,0.006797462792293316,0.007242940303569867,-0.007242940303569867,-68.03808360722327,0.9920505419839867,0.11772943327976919,171.91225436391727,396.7455084798712
1.2336,-1.5285058597364505,-8.408832471418654,-8.402043118967576,0.006789352451075408,0.007183473894770032,-0.007183473894770032,-68.04999988073303,0.9920405476902717,0.1181034522734166,172.14890545663258,397.5310348810826
1.2344,-1.5250750261660362,-8.417347852584228,-8.41056668551137,0.0067811670728594245,0.007123937225912869,-0.007123937225912869,-68.06201770717892,0.9920305363848227,0.11847905517066827,172.3866504282059,398.319260042821
1.2352,-1.5216485709425196,-8.425876107903656,-8.419103201558988,0.006772906344669848,0.007064330576440625,-0.007064330576440625,-68.07413783025592,0.9920205080318536,0.11885625036189815,172.62549656994764,399.11019903521355
1.236,-1.5182264901188323,-8.434417270562037,-8.427652700609952,0.006764569952082826,0.007004654227785068,-0.007004654227785068,-68.08636100166174,0.9920104625954834,0.11923504629122575,172.8654512367764,399.9038670397344
1.2368000000000001,-1.5148087797634016,-8.442971373877274,-8.436215216298113,0.0067561575791634815,0.006944908463196953,-0.006944908463196953,-68.09868798125783,0.9920004000397364,0.11961545145690458,173.10652184789933,400.7002793502318
1.2376,-1.5113954359601602,-8.45153845130077,-8.444790782392264,0.006747668908505508,0.006885093567973399,-0.006885093567973399,-68.11111953712636,0.9919903203285407,0.11999747441175007,173.3487158875032,401.499451373962
1.2384,-1.5079864548085051,-8.460118536418037,-8.453379432796845,0.006739103621191647,0.006825209829401047,-0.006825209829401047,-68.1236564457271,0.9919802234257324,0.12038112376348725,173.59204090545302,402.301398632639
1.2392,-1.5045818324233171,-8.468711662949396,-8.4619812015526,0.00673046139679661,0.00676525753669921,-0.00676525753669921,-68.1362994919979,0.9919701092950497,0.12076640817524187,173.83650451800054,403.106136763491
1.24,-1.5011815649349285,-8.477317864750608,-8.470596122837236,0.006721741913370709,0.00670523698119041,-0.00670523698119041,-68.14904946947597,0.9919599779001381,0.12115333636587364,174.08211440850098,403.913681520333
1.2408000000000001,-1.4977856484891223,-8.485937175813564,-8.479224230966125,0.006712944847438932,0.006645148456073002,-0.006645148456073002,-68.16190718041649,0.9919498292045477,0.12154191711044629,174.32887832813952,404.7240487746493
1.2416,-1.494394079247122,-8.494569630266945,-8.487865560392958,0.00670406987398457,0.0065849922566485475,-0.0065849922566485475,-68.17487343591816,0.9919396631717335,0.12193215924062331,174.57680409666676,405.53725451668544
1.2424,-1.4910068533855685,-8.503215262376905,-8.496520145710466,0.006695116666438638,0.006524768680378656,-0.006524768680378656,-68.18794905605249,0.9919294797650577,0.1223240716450763,174.8258996031434,406.3533148565589
1.2432,-1.4876239670965212,-8.511874106547756,-8.50518802165108,0.006686084896677986,0.006464478026487086,-0.006464478026487086,-68.20113486998075,0.991919278947787,0.12271766326993963,175.07617280669595,407.17224602537584
1.244,-1.4842454165874535,-8.520546197322641,-8.513869223087635,0.006676974235005064,0.006404120596528173,-0.006404120596528173,-68.21443171609384,0.9919090606830927,0.12311294311924117,175.32763173727955,407.99406437636145
1.2448000000000001,-1.4808711980812146,-8.529231569384235,-8.522563785034086,0.006667784350148928,0.006343696693988932,-0.006343696693988932,-68.22784044214225,0.9918988249340543,0.12350992025528934,175.5802844964529,408.81878638600756
1.2456,-1.4775013078160582,-8.53793025755543,-8.531271742646178,0.00665851490925177,0.006283206624630111,-0.006283206624630111,-68.24136190535592,0.9918885716636547,0.12390860379917776,175.83413925816313,409.6464286552249
1.2464,-1.4741357420455938,-8.546642296800043,-8.539993131222195,0.006649165577845792,0.006222650696031451,-0.006222650696031451,-68.25499697260783,0.991878300834784,0.12430900293117078,176.08920426953875,410.47700791051795
1.2472,-1.4707744970387986,-8.55536772222351,-8.548727986203652,0.0066397360198571075,0.006162029218216958,-0.006162029218216958,-68.26874652053422,0.9918680124102385,0.1247111268911685,176.34548785169554,411.3105410051648
1.248,-1.4674175690800118,-8.564106569073594,-8.55747634317599,0.006630225897603849,0.006101342503086471,-0.006101342503086471,-68.28261143567347,0.991857706352719,0.12511498497917267,176.60299840055117,412.147044920413
1.2488000000000001,-1.4640649544689075,-8.572858872741117,-8.566238237869351,0.006620634871764363,0.0060405908648135664,-0.0060405908648135664,-68.29659261462223,0.9918473826248326,0.12552058655572193,176.86174438765178,412.9865367666919
1.2496,-1.4607166495204953,-8.58162466876063,-8.575013706159254,0.006610962601375317,0.005979774619675027,-0.005979774619675027,-68.31069096417453,0.9918370411890938,0.12592794104233362,177.12173436100724,413.8290337848337
1.2504,-1.4573726505651043,-8.59040399281119,-8.583802784067355,0.006601208743834643,0.005918894086221371,-0.005918894086221371,-68.32490740146483,0.9918266820079222,0.12633705792198763,177.3829769459401,414.6745533473128
1.2512,-1.4540329539483845,-8.599196880717045,-8.592605507762181,0.006591372954862966,0.005857949585049482,-0.005857949585049482,-68.33924285413892,0.9918163050436435,0.12674794673959355,177.64548084594335,415.5231129594949
1.252,-1.4506975560312854,-8.60800336844838,-8.601421913559859,0.006581454888521027,0.005796941439086822,-0.005796941439086822,-68.3536982604908,0.9918059102584899,0.12716061710243964,177.909254843551,416.374730260904
1.2528000000000001,-1.447366453190052,-8.616823492122048,-8.61025203792487,0.0065714541971798,0.005735869973420904,-0.005735869973420904,-68.36827456962585,0.9917954976145997,0.1275750786806778,178.17430780121956,417.2294230265014
1.2536,-1.4440396418162138,-8.625657288002316,-8.619095917470789,0.006561370531526331,0.005674735515412976,-0.005674735515412976,-68.3829727416163,0.9917850670740183,0.12799134120779262,178.44064866222033,418.0872091679812
1.2544,-1.4407171183165814,-8.6345047925016,-8.62795358896106,0.0065512035405415805,0.005613538394584339,-0.005613538394584339,-68.39779374767011,0.991774618598696,0.12840941448110302,178.70828645154566,418.94810673507766
1.2552,-1.4373988791132248,-8.64336604218122,-8.636825089309744,0.006540952871478276,0.00555227894278687,-0.00555227894278687,-68.41273857029773,0.9917641521504907,0.12882930836221596,178.97723027682457,419.8121339168915
1.256,-1.4340849206434791,-8.652241073752156,-8.645710455582275,0.0065306181698792844,0.00549095749420303,-0.00549095749420303,-68.42780820347647,0.9917536676911664,0.1292510327775443,179.24748932925291,420.6793090432271
1.2568000000000001,-1.4307752393599253,-8.66112992407579,-8.654609724996252,0.0065201990795400264,0.005429574385175329,-0.005429574385175329,-68.44300365282369,0.9917431651823936,0.12967459771878018,179.5190728845339,421.5496505859487
1.2576,-1.427469831730384,-8.670032630164707,-8.663522934922188,0.006509695242518169,0.005368129954433698,-0.005368129954433698,-68.45832593576343,0.9917326445857492,0.13010001324340717,179.79199030383256,422.42317716034984
1.2584,-1.4241686942379088,-8.67894922918341,-8.67245012288431,0.006499106299099895,0.005306624543038652,-0.005306624543038652,-68.47377608172488,0.9917221058627173,0.13052728947518977,180.06625103474306,423.29990752653976
1.2591999999999999,-1.420871823380779,-8.68787975844915,-8.68139132656134,0.006488431887809594,0.005245058494324439,-0.005245058494324439,-68.48935513230396,0.9917115489746875,0.13095643660470332,180.34186461226764,424.1798605908443
1.26,-1.41757921567248,-8.696824255432658,-8.690346583787276,0.006477671645381935,0.005183432154126422,-0.005183432154126422,-68.50506414146275,0.9917009738829574,0.131387464889809,180.61884065980922,425.06305540722644
1.2608000000000001,-1.4142908676417143,-8.70578275775896,-8.699315932552201,0.0064668252067580385,0.005121745870383165,-0.005121745870383165,-68.52090417570665,0.9916903805487303,0.13182038465621,180.89718889017905,425.9495111787174
1.2616,-1.4110067758323752,-8.714755303208152,-8.708299411003066,0.006455892205085533,0.005059999993761721,-0.005059999993761721,-68.5368763142697,0.9916797689331168,0.13225520629793858,181.17691910661466,426.8392472588703
1.2624,-1.4077269368035474,-8.723741929716187,-8.717297057444508,0.006444872271678067,0.004998194877032347,-0.004998194877032347,-68.55298164934229,0.9916691389971344,0.13269194027789946,181.458041203815,427.73228315322825
1.2631999999999999,-1.4044513471294995,-8.732742675375697,-8.726308910339668,0.006433765036029834,0.00493633087546641,-0.00493633087546641,-68.56922128622402,0.9916584907017066,0.13313059712840172,181.74056516898702,428.62863852080784
1.264,-1.401180003399668,-8.74175757843678,-8.73533500831099,0.006422570125790534,0.004874408346893233,-0.004874408346893233,-68.5855963435739,0.9916478240076649,0.13357118745167496,182.02450108290753,429.52833317560345
1.2648000000000001,-1.3979129022186614,-8.750786677307806,-8.744375390141052,0.0064112871667528675,0.004812427651472717,-0.004812427651472717,-68.60210795357621,0.9916371388757468,0.13401372192043418,182.3098591209998,430.43138708810534
1.2656,-1.3946500402062456,-8.75983001055624,-8.753430094773385,0.006399915782853562,0.004750389151809031,-0.004750389151809031,-68.61875726217227,0.9916264352665969,0.13445821127839996,182.59664955442358,431.33782038683785
1.2664,-1.3913914139973316,-8.768887616909465,-8.762499161313322,0.006388455596143499,0.0046882932130642985,-0.0046882932130642985,-68.63554542926879,0.9916157131407677,0.1349046663408521,182.88488275118178,432.2476533599174
1.2671999999999999,-1.3881370202419845,-8.777959535255603,-8.771582629028817,0.006376906226785834,0.004626140202901752,-0.004626140202901752,-68.65247362896041,0.9916049724587164,0.13535309799521766,183.17456917724053,433.1609064566225
1.268,-1.3848868556053897,-8.787045804644354,-8.780680537351307,0.006365267293047369,0.004563930491372048,-0.004563930491372048,-68.66954304974257,0.99159421318081,0.13580351720156086,183.46571939766542,434.0776002889903
1.2688000000000001,-1.3816409167678732,-8.796146464287807,-8.789792925876542,0.006353538411264823,0.004501664451254328,-0.004501664451254328,-68.68675489475689,0.9915834352673204,0.13625593499321492,183.75834407777333,434.99775563342496
1.2696,-1.3783992004248748,-8.805261553561314,-8.798919834365442,0.006341719195871906,0.004439342457715156,-0.004439342457715156,-68.70411038198692,0.9915726386784283,0.13671036247730237,184.05245398430006,435.92139343232975
1.2704,-1.3751617032869592,-8.814391112004316,-8.808061302744983,0.0063298092593327875,0.004376964888592738,-0.004376964888592738,-68.72161074454168,0.9915618233742187,0.13716681083536533,184.34805998658447,436.8485347957546
1.2711999999999999,-1.371928422079777,-8.823535179321208,-8.817217371109027,0.0063178082121807455,0.004314532124226389,-0.004314532124226389,-68.73925723085087,0.9915509893146883,0.13762529132384052,184.64517305776718,437.77920100306886
1.272,-1.3686993535441023,-8.832693795382195,-8.826388079719225,0.006305715662969978,0.004252044547570222,-0.004252044547570222,-68.75705110494324,0.9915401364597356,0.13808581527479244,184.94380427600908,438.7134135046465
1.2728,-1.3654744944357846,-8.84186700022415,-8.83557346900586,0.006293531218291093,0.004189502544363677,-0.004189502544363677,-68.77499364666028,0.9915292647691705,0.1385483940963513,185.2439648257225,439.65119392357667
1.2736,-1.3622538415257708,-8.851054834051492,-8.844773579568768,0.006281254482723875,0.004126906502676775,-0.004126906502676775,-68.7930861519511,0.9915183742027078,0.13901303927341907,185.54566599882446,440.592564057394
1.2744,-1.359037391600086,-8.860257337237057,-8.853988452178196,0.0062688850588595415,0.004064256813478551,-0.004064256813478551,-68.81132993309043,0.9915074647199695,0.13947976236822385,185.84891919600273,441.5375458798264
1.2752,-1.3558251414598192,-8.869474550322975,-8.863218127775724,0.006256422547250618,0.004001553870352836,-0.004001553870352836,-68.82972631899122,0.9914965362804868,0.1399485750208968,186.1537359280025,442.4861615425692
1.276,-1.3526170879211394,-8.878706514021586,-8.87246264747514,0.006243866546444767,0.003938798069498262,-0.003938798069498262,-68.8482766554121,0.9914855888436955,0.14041948895015877,186.4601278169303,443.4384333770745
1.2768,-1.3494132278152686,-8.887953269216283,-8.88172205256336,0.006231216652921157,0.0038759898099556267,-0.0038759898099556267,-68.86698230528627,0.9914746223689404,0.14089251595386396,186.7681065975752,444.394383896366
1.2776,-1.346213557988485,-8.897214856962462,-8.890996384501355,0.006218472461107891,0.0038131294933805293,-0.0038131294933805293,-68.88584464897424,0.9914636368154726,0.14136766790966646,187.0776841187502,445.3540357968751
1.2784,-1.343018075302118,-8.9064913184884,-8.900285684925036,0.006205633563363733,0.003750217524270738,-0.003750217524270738,-68.90486508454666,0.9914526321424508,0.14184495677562423,187.38887234465173,446.31741196029714
1.2792,-1.3398267766325354,-8.91578269519616,-8.90958999564621,0.006192699549952104,0.003687254309738819,-0.003687254309738819,-68.92404502809626,0.9914416083089412,0.14232439459084384,187.70168335623754,447.2845354554728
1.28,-1.3366396588711416,-8.925089028662544,-8.9189093586535,0.006179670009043082,0.0036242402599100387,-0.0036242402599100387,-68.9433859140097,0.9914305652739172,0.14280599347611073,188.0161293526256,448.2554295402911
1.2808,-1.3334567189243793,-8.93441036063997,-8.928243816113287,0.0061665445266806465,0.0035611757875813055,-0.0035611757875813055,-68.9628891952913,0.9914195029962584,0.14328976563455806,188.33222265251192,449.2301176636125
1.2816,-1.3302779537137033,-8.943746733057447,-8.93759341037065,0.006153322686797214,0.003498061308278011,-0.003498061308278011,-68.98255634384626,0.9914084214347536,0.14377572335226838,188.64997569560788,450.20862346722305
1.2824,-1.3271033601756035,-8.953098188021475,-8.946958183950303,0.0061400040711722115,0.0034348972405382483,-0.0034348972405382483,-69.00238885081326,0.9913973205480969,0.14426387899899762,188.96940104410038,451.19097078780146
1.2832,-1.3239329352615712,-8.96246476781701,-8.956338179557587,0.0061265882594234485,0.0033716840057422814,-0.0033716840057422814,-69.02238822689597,0.9913862002948913,0.14475424502876624,189.29051138412927,452.1771836589218
1.284,-1.3207666759381134,-8.971846514908405,-8.965733440079406,0.006113074828999462,0.0033084220281125454,-0.0033084220281125454,-69.04255600265907,0.9913750606336462,0.14524683398058297,189.6133195272896,453.16728631307103
1.2848,-1.3176045791867383,-8.98124347194036,-8.9751440085852,0.006099463355158352,0.003245111734713646,-0.003245111734713646,-69.0628937288973,0.9913639015227786,0.1457416584790899,189.93783841215188,454.16130318369596
1.2856,-1.3144466420039536,-8.990655681738902,-8.98456992832794,0.0060857534109630155,0.003181753555679734,-0.003181753555679734,-69.08340297693913,0.9913527229206126,0.14623873123525927,190.26408110580735,455.1592589072754
1.2864,-1.3112928614012613,-9.000083187312331,-8.99401124274507,0.006071944567260959,0.0031183479239871303,-0.0031183479239871303,-69.10408533901823,0.9913415247853796,0.14673806504706782,190.59206080543333,456.1611783254158
1.2872,-1.3081432344051516,-9.009526031852213,-9.003467995459559,0.006058036392655401,0.0030548952755680148,-0.0030548952755680148,-69.1249424286289,0.9913303070752181,0.14723967280020792,190.92179083988177,457.1670864869735
1.288,-1.3049977580570962,-9.018984258734346,-9.012940230280838,0.006044028453508245,0.0029913960494809544,-0.0029913960494809544,-69.14597588088138,0.9913190697481742,0.14774356746875977,191.2532846712913,458.17700865020555
1.2888,-1.3018564294135486,-9.028457911519759,-9.022427991205834,0.006029920313924699,0.0029278506876266874,-0.0029278506876266874,-69.1671873528642,0.9913078127622015,0.14824976211591562,191.58655589672097,459.19097028494036
1.2896,-1.298719245545934,-9.037947033955705,-9.031931322419986,0.006015711535719576,0.00286425963503234,-0.00286425963503234,-69.18857852403539,0.9912965360751602,0.14875826989469967,191.92161824981017,460.2089970747844
1.2904,-1.2955862035406533,-9.047451669976668,-9.041450268298233,0.006001401678436659,0.0028006233397945834,-0.0028006233397945834,-69.21015109657654,0.9912852396448177,0.1492691040486781,192.25848560246044,461.2311149193481
1.2912,-1.2924573004990618,-9.05697186370535,-9.050984873406069,0.00598699029928122,0.0027369422529091025,-0.0027369422529091025,-69.23190679584124,0.9912739234288502,0.14978227791266105,192.59717196654273,462.25734993650536
1.292,-1.2893325335374923,-9.066507659453716,-9.060535182500566,0.005972476953150012,0.0026732168287253444,-0.0026732168287253444,-69.25384737070327,0.9912625873848384,0.15029780491350084,192.93769149563093,463.28772846467587
1.2928,-1.2862118997872218,-9.076059101723995,-9.070101240531388,0.0059578611926062435,0.0026094475244917703,-0.0026094475244917703,-69.27597459396796,0.9912512314702719,0.1508156985707581,193.28005848675704,464.32227706514135
1.2936,-1.2830953963944778,-9.08562623520972,-9.079683092641881,0.005943142567837194,0.00254563480075376,-0.00254563480075376,-69.29829026283615,0.9912398556425488,0.1513359724974695,193.62428738219555,465.3610225243868
1.2944,-1.2799830205204543,-9.095209104796753,-9.08928078417008,0.005928320626672625,0.0024817791211262374,-0.0024817791211262374,-69.320796199269,0.9912284598589705,0.15185864040095748,193.97039277127408,466.40399185647027
1.2952,-1.2768747693412696,-9.104807755564352,-9.098894360649808,0.005913394914545286,0.0024178809524073586,-0.0024178809524073586,-69.34349425046362,0.9912170440767498,0.1523837160834865,194.31838939220762,467.4512123054294
1.296,-1.273770640047994,-9.114422232786197,-9.108523867811714,0.005898364974482301,0.0023539407647490407,-0.0023539407647490407,-69.3663862892815,0.9912056082530042,0.15291121344312297,194.6682921339633,468.5027113477083
1.2968,-1.270670629846637,-9.124052581931453,-9.11816935158436,0.005883230347092707,0.002289959031259059,-0.002289959031259059,-69.3894742147045,0.9911941523447586,0.15344114647446483,195.02011603814995,469.558516694621
1.2976,-1.2675747359581389,-9.133698848665848,-9.127830858095308,0.005867990570540507,0.002225936228626324,-0.002225936228626324,-69.41275995229012,0.9911826763089451,0.15397352926943408,195.37387630093863,470.6186562948468
1.2984,-1.264482955618368,-9.143361078852733,-9.1375084336722,0.005852645180533166,0.002161872836495604,-0.002161872836495604,-69.4362454546606,0.9911711801024033,0.1545083760180522,195.7295882750077,471.6831583369521
1.2992,-1.2613952860781252,-9.153039318554171,-9.147202124843854,0.005837193710315898,0.002097769338092803,-0.002097769338092803,-69.45993270194731,0.9911596636818794,0.15504570100925974,196.08726747152215,472.7520512519504
1.3,-1.2583117246031303,-9.162733614032016,-9.15691197834139,0.0058216356906263984,0.0020336262197702126,-0.0020336262197702126,-69.483823702343,0.9911481270040268,0.1555855186316959,196.44692956213697,473.8253637158884
1.3008,-1.2552322684740302,-9.172444011749016,-9.166638041099306,0.005805970649708423,0.001969443971347573,-0.001969443971347573,-69.50792049253978,0.9911365700254053,0.15612784337453509,196.80859038103472,474.9031246524699
1.3016,-1.2521569149863794,-9.182170558369913,-9.176380360256635,0.005790198113279068,0.001905223085941543,-0.001905223085941543,-69.53222513827586,0.991124992702483,0.15667268982826726,197.17226592699103,475.9853632357122
1.3024,-1.2490856614506574,-9.191913300762545,-9.186138983158047,0.005774317604498935,0.0018409640601362298,-0.0018409640601362298,-69.55673973487743,0.9911133949916333,0.1572200726855748,197.53797236547308,477.0721088926328
1.3032,-1.2460185051922503,-9.201672285998983,-9.195913957354989,0.005758328643994402,0.0017766673938695021,-0.0017766673938695021,-69.58146640773006,0.9911017768491378,0.1577700067421175,197.90572603076814,478.16339130597567
1.304,-1.2429554435514527,-9.211447561356643,-9.205705330606856,0.005742230749787273,0.0017123335906603643,-0.0017123335906603643,-69.60640731289712,0.9910901382311843,0.1583225068974063,198.27554342814526,479.25924041696913
1.3048,-1.2398964738834712,-9.221239174319408,-9.215513150882103,0.005726023437305472,0.0016479631572678954,-0.0016479631572678954,-69.63156463764983,0.9910784790938669,0.15887758815565023,198.647441236049,480.35968642811906
1.3056,-1.2368415935584098,-9.231047172578812,-9.225337466359425,0.005709706219386017,0.0015835566042028404,-0.0015835566042028404,-69.65694060099389,0.9910667993931872,0.1594352656265962,199.02143630832705,481.4647598060406
1.3064,-1.2337907999612776,-9.240871604035142,-9.235178325428928,0.00569327860621433,0.001519114445386549,-0.001519114445386549,-69.68253745431574,0.991055099085054,0.15999555452640113,199.39754567649098,482.5744912843229
1.3072,-1.2307440904919793,-9.250712516798618,-9.2450357766933,0.00567674010531755,0.00145463719820782,-0.00145463719820782,-69.70835748196174,0.991043378125282,0.16055847017851343,199.77578655201236,483.68891186643526
1.308,-1.2277014625653253,-9.260569959190574,-9.254909868969001,0.005660090221573322,0.0013901253837502736,-0.0013901253837502736,-69.73440300181241,0.9910316364695916,0.16112402801457815,200.15617632865403,484.80805282866396
1.3088,-1.2246629136110074,-9.270443979744593,-9.264800651287445,0.00564332845714908,0.0013255795267923531,-0.0013255795267923531,-69.760676365938,0.9910198740736124,0.16169224357524997,200.5387325848343,485.9319457230962
1.3096,-1.2216284410736211,-9.28033462720773,-9.274708172896208,0.0056264543115214435,0.0012610001555231065,-0.0012610001555231065,-69.78717996120976,0.9910080908928782,0.1622631325111855,200.92347308603232,487.06062238063447
1.3104,-1.2185980424126548,-9.29024195054167,-9.284632483260241,0.005609467281429992,0.0011963878018832474,-0.0011963878018832474,-69.81391620995917,0.9909962868828297,0.1628367105839056,201.31041578722696,488.1941149140545
1.3112,-1.2155717151024712,-9.300165998923957,-9.294573632063083,0.005592366860873492,0.0011317430015083119,-0.0011317430015083119,-69.84088757063157,0.9909844619988156,0.1634129936666803,201.69957883537236,489.33245572110457
1.312,-1.2125494566323327,-9.310106821749184,-9.3045316692081,0.005575152541082972,0.0010670662937855013,-0.0010670662937855013,-69.86809653847179,0.9909726161960892,0.16399199774552373,202.09098057191613,490.47567748764016
1.3128,-1.209531264506387,-9.320064468630198,-9.314506644819701,0.005557823810496734,0.0010023582217968396,-0.0010023582217968396,-69.89554564621115,0.9909607494298109,0.1645737389200785,202.48463953535185,491.62381319080214
1.3136,-1.2065171362436584,-9.330038989399357,-9.3244986092446,0.005540380154758508,0.0009376193324328597,-0.0009376193324328597,-69.92323746475383,0.9909488616550478,0.16515823340456068,202.88057446381458,492.77689610224115
1.3144,-1.2035070693780665,-9.34003043410974,-9.334507613053058,0.005522821056681856,0.0008728501762789165,-0.0008728501762789165,-69.95117460392039,0.9909369528267715,0.16574549752875326,203.2788042977147,493.9349597913738
1.3152,-1.2005010614583997,-9.35003885303639,-9.34453370704016,0.005505145996231928,0.0008080513078425611,-0.0008080513078425611,-69.97935971318071,0.9909250228998621,0.16633554773889778,203.67934818241346,495.09803812869484
1.316,-1.1974991100483352,-9.360064296677585,-9.354576942227068,0.005487354450518807,0.0007432232854966969,-0.0007432232854966969,-70.00779548238039,0.9909130718291038,0.16692840059873063,204.0822254709409,496.26616528912143
1.3168,-1.1945012127264245,-9.370106815756067,-9.364637369862315,0.005469445893751293,0.0006783666714227365,-0.0006783666714227365,-70.03648464254995,0.9909010995691884,0.16752407279040954,204.4874557267552,497.4393757553884
1.3176,-1.1915073670861023,-9.380166461220341,-9.374715041423094,0.005451419797246653,0.0006134820317811318,-0.0006134820317811318,-70.0654299666491,0.9908891060747123,0.16812258111554676,204.8950587265481,498.6177043214874
1.3184,-1.1885175707356745,-9.39024328424593,-9.38481000861655,0.005433275629380542,0.0005485699366545305,-0.0005485699366545305,-70.09463427040313,0.9908770913001794,0.1687239424961568,205.30505446308848,499.801186096149
1.3192,-1.1855318212983317,-9.400337336236687,-9.394922323381097,0.005415012855589039,0.00048363096004777617,-0.00048363096004777617,-70.1241004130875,0.9908650551999976,0.16932817397572938,205.7174631481194,500.98985650637394
1.32,-1.1825501164121315,-9.410448668826067,-9.405052037887732,0.005396630938334979,0.0004186656800015953,-0.0004186656800015953,-70.1538312984026,0.990852997728482,0.16993529272017385,206.13230521529292,502.1837513010121
1.3208,-1.1795724537300203,-9.42057733387844,-9.415199204541356,0.00537812933708393,0.00035367467864944047,-0.00035367467864944047,-70.18382987529603,0.9908409188398519,0.1705453160189195,206.54960132315668,503.3829065543834
1.3216,-1.1765988309197992,-9.430723383490431,-9.425363875982123,0.005359507508306235,0.0002886585421606469,-0.0002886585421606469,-70.21409913883785,0.9908288184882348,0.17115826128585795,206.96937235818507,504.58735866995767
1.3224,-1.1736292456641682,-9.440886869992196,-9.435546105086779,0.00534076490541922,0.00022361786074043266,-0.00022361786074043266,-70.24464213114885,0.9908166966276604,0.17177414606051544,207.39163943786127,505.7971443840703
1.3232,-1.1706636956606817,-9.451067845948808,-9.445745944970023,0.005321900978785374,0.00015855322880042877,-0.00015855322880042877,-70.27546194227986,0.9908045532120666,0.17239298800897837,207.81642391380473,507.012300769702
1.324,-1.1677021786217792,-9.461266364161574,-9.45596344898587,0.005302915175705703,9.3465244788149e-05,-9.3465244788149e-05,-70.30656171112825,0.9907923881952952,0.1730148049250621,208.24374737495356,508.2328652402989
1.3248,-1.1647446922747713,-9.471482477669376,-9.466198670729023,0.005283806940353261,2.8354511471206933e-05,-2.8354511471206933e-05,-70.33794462645685,0.990780201531094,0.17363961473132528,208.67363165079334,509.45887555364754
1.3256000000000001,-1.1617912343618428,-9.481716239750078,-9.476451664036274,0.005264575713805109,3.6778364176370815e-05,3.6778364176370815e-05,-70.36961392776698,0.9907679931731155,0.17426743548019508,209.1060988146411,510.6903698158042
1.3264,-1.1588418026400578,-9.491967703921848,-9.486722482987886,0.0052452209339613745,0.00010193277103098808,0.00010193277103098808,-70.40157290640403,0.9907557630749172,0.17489828535505195,209.5411711869808,511.927386485075
1.3272,-1.1558963948813488,-9.502236923944583,-9.497011181908995,0.005225742035587813,0.0001671080934784186,0.0001671080934784186,-70.43382490646027,0.9907435111899621,0.17553218267132656,209.9788713388529,513.1699643760505
1.328,-1.1529550088725262,-9.512523953821285,-9.507317815371056,0.005206138450228132,0.00023230371186855336,0.00023230371186855336,-70.46637332590795,0.9907312374716178,0.17616914587764096,210.41922209529878,514.4181426636974
1.3288,-1.150017642415277,-9.52282884779946,-9.517642438193231,0.005186409606228222,0.00029751900194696645,0.00029751900194696645,-70.49922161758779,0.9907189418731575,0.1768091935569159,210.8622465388617,515.6719608875006
1.3296000000000001,-1.1470842933261665,-9.533151660372546,-9.527985105443864,0.005166554928682242,0.00036275333525281894,0.00036275333525281894,-70.53237329033533,0.9907066243477572,0.17745234442755103,211.30796801314452,516.9314589556684
1.3304,-1.1441549594366316,-9.54349244628132,-9.538345872441885,0.005146573839434669,0.00042800607866411156,0.00042800607866411156,-70.56583191005038,0.9906942848485001,0.17809861734451987,211.75641012642376,518.1966771493911
1.3312,-1.1412296385929952,-9.553851260515353,-9.548724794758323,0.0051264657570302494,0.000493276594852432,0.000493276594852432,-70.59960110086546,0.9906819233283716,0.17874803130060196,212.2075967553265,519.4676561271577
1.332,-1.138308328656448,-9.564228158314448,-9.559121928217738,0.00510623009670929,0.0005585642418850512,0.0005585642418850512,-70.63368454624496,0.9906695397402634,0.17940060542748487,212.66155204856412,520.7444369291372
1.3328,-1.1353910275030756,-9.574623195170073,-9.569537328899703,0.0050858662703691885,0.0006238683732817663,0.0006238683732817663,-70.66808599022211,0.9906571340369698,0.18005635899703196,213.1183004307286,522.0270609816096
1.3336000000000001,-1.1324777330238325,-9.585036426826875,-9.579971053140309,0.005065373686566494,0.0006891883380149011,0.0006891883380149011,-70.70280923852368,0.9906447061711903,0.18071531142240782,213.57786660615153,523.3155701014718
1.3344,-1.1295684431245627,-9.595467909284105,-9.590423157533664,0.005044751750442733,0.0007545234806229928,0.0007545234806229928,-70.73785815989154,0.9906322560955284,0.18137748225933087,214.04027556282767,524.6100065007934
1.3352,-1.1266631557259894,-9.605917698797157,-9.600893698933394,0.005023999863763133,0.0008198731406423576,0.0008198731406423576,-70.77323668722073,0.9906197837624915,0.18204289120727907,214.50555257640147,525.9104127914434
1.336,-1.123761868763723,-9.616385851879027,-9.611382734454203,0.005003117424824125,0.000885236653289212,0.000885236653289212,-70.80894881894433,0.9906072891244908,0.18271155811073597,214.97372321422174,527.2168319897786
1.3368,-1.120864580188262,-9.626872425301837,-9.621890321473344,0.004982103828492068,0.0009506133488912383,0.0009506133488912383,-70.84499862025075,0.9905947721338417,0.183383502960419,215.44481333946223,528.5293075213957
1.3376000000000001,-1.1179712879649961,-9.637377476098372,-9.63241651763225,0.004960958466122337,0.0010160025531149586,0.0010160025531149586,-70.88139022447123,0.9905822327427614,0.18405874589458637,215.918849115313,529.8478832259515
1.3384,-1.1150819900742008,-9.647901061563589,-9.642961380838015,0.004939680725573925,0.001081403586738361,0.001081403586738361,-70.91812783440236,0.9905696709033724,0.18473730720023088,216.39585700923877,531.1726033620506
1.3392,-1.1121966845110467,-9.658443239256172,-9.653524969265012,0.0049182699911584455,0.001146815765878273,0.001146815765878273,-70.95521572369206,0.9905570865677003,0.18541920731442427,216.87586379731277,532.5035126122011
1.34,-1.1093153692855937,-9.669004067000099,-9.66410734135647,0.004896725643628684,0.001212238401592458,0.001212238401592458,-70.99265823825652,0.9905444796876735,0.1861044668255865,217.35889656861895,533.8406560878396
1.3408,-1.1064380424228064,-9.67958360288619,-9.674708555826047,0.004875047060142084,0.0012776708001638326,0.0012776708001638326,-71.0304597977237,0.9905318502151235,0.18679310647481132,217.84498272973173,535.1840793344245
1.3416000000000001,-1.103564701962547,-9.690181905273695,-9.685328671659459,0.004853233614234824,0.001343112263043622,0.001343112263043622,-71.06862489687973,0.9905191981017842,0.18748514715719647,218.3341500092713,536.5338283366066
1.3424,-1.1006953459595767,-9.700799032791892,-9.695967748116086,0.00483128467580653,0.0014085620863966142,0.0014085620863966142,-71.10715810717255,0.9905065232992929,0.18818060992314262,218.82642646253342,537.8899495234665
1.3432,-1.0978299724835572,-9.711435044341673,-9.706625844730597,0.004809199611076996,0.0014740195616695928,0.0014740195616695928,-71.1460640782215,0.99049382575919,0.1888795159797198,219.3218404761993,539.2524897738318
1.344,-1.0949685796190631,-9.72208999909718,-9.71730302131461,0.004786977782571862,0.0015394839750797473,0.0015394839750797473,-71.1853475393825,0.9904811054329175,0.18958188669204734,219.8204207731285,540.6214964216648
1.3448,-1.0921111654655775,-9.732763956507416,-9.727999337958341,0.004764618549074512,0.0016049546078988897,0.0016049546078988897,-71.22501330131834,0.9904683622718193,0.19028774358467004,220.32219641722756,541.9970172615274
1.3456000000000001,-1.0892577281374898,-9.743456976297889,-9.73871485503226,0.004742121265628159,0.001670430735998707,0.001670430735998707,-71.26506625758877,0.9904555962271431,0.19099710834290246,220.82719681840788,543.3791005541292
1.3464,-1.0864082657641123,-9.754169118472255,-9.74944963318878,0.004719485283477135,0.0017359116303623523,0.0017359116303623523,-71.30551138630443,0.990442807250037,0.1917100028142868,221.33545173762525,544.7677950319458
1.3472,-1.0835627764896663,-9.764900443314017,-9.760203733363948,0.00469670995006994,0.001801396556572854,0.001801396556572854,-71.34635375174295,0.9904299952915523,0.19242644900997252,221.84699129200624,546.1631499049253
1.348,-1.0807212584733077,-9.775651011388154,-9.770977216779164,0.004673794608991856,0.0018668847750404893,0.0018668847750404893,-71.38759850610657,0.9904171603026397,0.19314646910620453,222.36184596006564,547.5652148662706
1.3488,-1.0778837098891039,-9.78642088354284,-9.781770144942865,0.004650738599974757,0.0019323755407185672,0.0019323755407185672,-71.42925089115946,0.990404302234154,0.19387008544567985,222.88004658700925,548.9740400983106
1.3496000000000001,-1.0750501289260552,-9.797210120911142,-9.7925825796523,0.004627541258842259,0.001997868103330802,0.001997868103330802,-71.47131624001443,0.9903914210368499,0.19459732053908083,223.40162439013412,550.3896762784497
1.3504,-1.0722205137880971,-9.808018784912719,-9.80341458299524,0.004604201917479983,0.0020633617073144706,0.0020633617073144706,-71.51379997888998,0.9903785166613832,0.1953281970665345,223.92661096431766,551.8121745852054
1.3512,-1.0693948626940943,-9.818846937255582,-9.814266217351753,0.004580719903828954,0.0021288555913656637,0.0021288555913656637,-71.5567076288828,0.9903655890583112,0.19606273787908382,224.45503828760621,553.2415867043372
1.352,-1.0665731738778534,-9.829694639937811,-9.825137545395982,0.004557094541829809,0.0021943489889508783,0.0021943489889508783,-71.60004480779521,0.9903526381780914,0.19680096600021676,224.9869387268994,554.6779648350571
1.3528,-1.0637554455881273,-9.840561955249305,-9.836028630097905,0.0045333251513988366,0.0022598411279091124,0.0022598411279091124,-71.64381723198308,0.9903396639710818,0.19754290462738008,225.52234504373283,556.121361696332
1.3536000000000001,-1.060941676088608,-9.85144894577357,-9.846939534725163,0.004509411048406924,0.0023253312305087093,0.0023253312305087093,-71.68803071819548,0.9903266663875412,0.1982885771334979,226.06129040016543,557.5718305332848
1.3544,-1.058131863657947,-9.862355674389482,-9.85787032284484,0.004485351544641128,0.002390818513447357,0.002390818513447357,-71.73269118545542,0.9903136453776284,0.19903800706854743,226.60380836476773,559.0294251236764
1.3552,-1.0553260065897447,-9.873282204273103,-9.868821058325333,0.004461145947770116,0.0024563021876815583,0.0024563021876815583,-71.77780465697695,0.9903006008914019,0.19979121816111906,227.14993291871662,560.4941997844938
1.356,-1.0525241031925663,-9.884228598899478,-9.87979180533815,0.004436793561326009,0.0025217814584266307,0.0025217814584266307,-71.823377262062,0.9902875328788197,0.20054823432000518,227.6996984619992,561.966209378627
1.3568,-1.0497261517899368,-9.89519492204444,-9.890782628359787,0.00441229368465245,0.0025872555253272367,0.0025872555253272367,-71.86941523803698,0.99027444128974,0.20130907963576972,228.253139819724,563.4455093216462
1.3576000000000001,-1.0469321507203513,-9.906181237786491,-9.901793592173599,0.0043876456128922455,0.002652723581945793,0.002652723581945793,-71.91592493219741,0.9902613260739199,0.2020737783824087,228.81029224854677,564.93215558868
1.3584,-1.0441420983372842,-9.917187610508599,-9.912824761871665,0.004362848636934481,0.0027181848162172173,0.0027181848162172173,-71.96291280378202,0.9902481871810147,0.20284235501896614,229.37119144321056,566.4262047213906
1.3592,-1.0413559930091778,-9.92821410490011,-9.923876202856711,0.004337902043398293,0.0027836384099941824,0.0027836384099941824,-72.01038542590202,0.9902350245605802,0.20361483419114995,229.93587354320115,567.9277138350581
1.36,-1.0385738331194687,-9.939260785958608,-9.934947980844003,0.004312805114604119,0.002849083539331332,0.002849083539331332,-72.05834948750044,0.9902218381620689,0.20439124073306444,230.50437513952454,569.4367406257627
1.3608,-1.0357956170665745,-9.950327718991803,-9.946040161863285,0.004287557128517914,0.0029145193742010633,0.0029145193742010633,-72.10681179536832,0.9902086279348331,0.2051715996688263,231.0767332816024,570.9533433776771
1.3616000000000001,-1.0330213432639124,-9.96141496961945,-9.95715281226072,0.004262157358729159,0.0029799450784366854,0.0029799450784366854,-72.15577927606589,0.9901953938281216,0.20595593621431896,231.65298548429624,572.477580970468
1.3624,-1.0302510101398945,-9.972522603775264,-9.968285998700834,0.004236605074431746,0.003045359809959791,0.003045359809959791,-72.20525897786514,0.9901821357910828,0.2067442757788599,232.23316973505456,574.0095128868033
1.3632,-1.0274846161379383,-9.98365068770888,-9.97943978816852,0.004210899540361468,0.0031107627203255106,0.0031107627203255106,-72.25525807273519,0.9901688537727616,0.20753664396697696,232.81732450119222,575.5491992199753
1.3639999999999999,-1.0247221597164748,-9.994799287987775,-9.990614247970997,0.004185040016776908,0.003176152955006728,0.003176152955006728,-72.30578385821994,0.9901555477220997,0.20833306658015865,233.40548873730168,577.0967006816369
1.3648,-1.0219636393489535,-10.005968471499266,-10.00180944573983,0.004159025759431666,0.003241529653166708,0.003241529653166708,-72.35684375934949,0.9901422175879356,0.20913356961861562,233.99770189279766,578.6520786096501
1.3656000000000001,-1.0192090535238334,-10.017158305452467,-10.013025449432941,0.004132856019524386,0.0033068919476590963,0.0033068919476590963,-72.40844533049525,0.9901288633190071,0.20993817928302236,234.594003919599,580.2153949760574
1.3664,-1.0164584007446202,-10.028368857380322,-10.02426232733665,0.004106530043670981,0.003372238964971075,0.003372238964971075,-72.4605962572022,0.9901154848639443,0.2107469219764469,235.19443527995708,581.786712395168
1.3672,-1.0137116795298402,-10.039600195141587,-10.035520148067727,0.004080047073860452,0.0034375698251096765,0.0034375698251096765,-72.51330435795482,0.9901020821712763,0.21155982430605455,235.7990369544199,583.3660941317717
1.3679999999999999,-1.0109688884130643,-10.050852386922891,-10.046798980575453,0.004053406347437739,0.0035028836417154707,0.0035028836417154707,-72.56657758587325,0.9900886551894275,0.21237691308501003,236.40785044994828,584.9536041094689
1.3688,-1.008230025942913,-10.06212550124076,-10.058098894143717,0.00402660709704507,0.0035681795217783474,0.0035681795217783474,-72.62042403038085,0.9900752038667164,0.21319821533436076,237.02091780818085,586.5493069191332
1.3696000000000002,-1.0054950906830633,-10.073419606943691,-10.069419958393102,0.003999648550591304,0.003633456565751203,0.003633456565751203,-72.67485191876574,0.9900617281513575,0.21402375828488587,237.6382816138502,588.1532678274988
1.3704,-1.0027640812122458,-10.084734773214228,-10.08076224328301,0.003972529931218378,0.0036987138674930975,0.0036987138674930975,-72.72986961764093,0.9900482279914606,0.21485356937900074,238.25998500335615,589.7655527858788
1.3712,-1.0000369961242583,-10.096071069571073,-10.092125819113795,0.003945250457278371,0.003763950513985037,0.003763950513985037,-72.78548563428014,0.9900347033350299,0.21568767627269486,238.88607167350116,591.3862284390186
1.3719999999999999,-0.9973138340279848,-10.107428565871178,-10.10351075652892,0.003917809342256542,0.003829165585671035,0.003829165585671035,-72.84170861791965,0.9900211541299617,0.2165261068375089,239.51658589038652,593.0153621340792
1.3728,-0.9945945935473806,-10.118807332311881,-10.114917126517115,0.0038902057947647947,0.00389435815594652,0.00389435815594652,-72.89854736081385,0.9900075803240481,0.21736888916243732,240.15157249847348,594.6530219297624
1.3736000000000002,-0.9918792733214888,-10.130207439433061,-10.12634500041456,0.0038624390185013893,0.003959527291556242,0.003959527291556242,-72.95601079915804,0.9899939818649748,0.21821605155592616,240.7910769298162,596.299276605574
1.3744,-0.9891678720044625,-10.141628958119288,-10.137794449907094,0.003834508212196177,0.004024672052025835,0.004024672052025835,-73.01410801388957,0.989980358700318,0.2190676225479503,241.43514521347126,597.9541956712269
1.3752,-0.9864603882655443,-10.153071959602023,-10.149265547032442,0.0038064125695799556,0.004089791490173411,0.004089791490173411,-73.07284823122754,0.9899667107775487,0.21992363089193834,242.0838239850796,599.6178493761951
1.376,-0.9837568207890951,-10.164536515461792,-10.160758364182445,0.0037781512793470815,0.004154884651541124,0.004154884651541124,-73.13224082299728,0.9899530380440299,0.22078410556688174,242.73716049663338,601.2903087194067
1.3768,-0.9810571682745963,-10.176022697630424,-10.172272974105315,0.0037497235251113255,0.004219950574622544,0.004219950574622544,-73.19229530670083,0.9899393404470155,0.22164907577940374,243.3952026264268,602.9716454590927
1.3776,-0.97836142943666,-10.187530578393266,-10.183809449907905,0.003721128485359804,0.00428498829074897,0.00428498829074897,-73.25302134533493,0.9899256179336504,0.22251857096585062,244.05799888919623,604.6619321227838
1.3784,-0.9756696030050274,-10.199060230391446,-10.195367865058017,0.003692365333425246,0.004349996823975744,0.004349996823975744,-73.31442874681845,0.9899118704509722,0.22339262079436348,244.72559844645573,606.3612420174687
1.3792,-0.9729816877245924,-10.210611726624135,-10.206948293386695,0.003663433237439926,0.004414975191025405,0.004414975191025405,-73.37652746314036,0.9898980979459071,0.2242712551670789,245.39805111702688,608.0696492399
1.38,-0.9702976823553987,-10.222185140450843,-10.218550809090566,0.0036343313602780333,0.004479922401174008,0.004479922401174008,-73.43932758908912,0.989884300365272,0.22515450422225347,246.07540738777504,609.7872286870711
1.3808,-0.9676175856726505,-10.233780545593715,-10.230175486734183,0.003605058859532765,0.00454483745647849,0.00454483745647849,-73.5028393605031,0.9898704776557737,0.22604239833644074,246.75771842454824,611.5140560668511
1.3816,-0.9649413964667288,-10.245398016139866,-10.241822401252389,0.003575614887477993,0.004609719351265085,0.004609719351265085,-73.56707315207622,0.9898566297640075,0.22693496812672292,247.44503608333022,613.2502079087838
1.3824,-0.9622691135431904,-10.257037626543719,-10.253491627952723,0.0035459985909961685,0.0046745670723566946,0.0046745670723566946,-73.63203947465007,0.9898427566364567,0.22783224445292474,248.13741292160788,614.9957615750625
1.3832,-0.959600735722782,-10.268699451629356,-10.265183242517782,0.0035162091115737556,0.00473937959890236,0.00473937959890236,-73.69774897179006,0.9898288582194946,0.22873425841984174,248.8349022099585,616.7507952716704
1.384,-0.9569362618414524,-10.28038356659291,-10.276897321007702,0.003486245585207917,0.004804155902434104,0.004804155902434104,-73.76421241591522,0.9898149344593796,0.22964104137958508,249.53755794386586,618.5153880597023
1.3848,-0.9542756907503545,-10.29209004700499,-10.288633939862567,0.0034561071424212553,0.004868894946639557,0.004868894946639557,-73.83144070341102,0.9898009853022588,0.23055262493381223,250.24543485576368,620.2896198668594
1.3856,-0.9516190213158661,-10.303818968813045,-10.300393175904874,0.003425792908170431,0.0049335956873051146,0.0049335956873051146,-73.89944484919556,0.9897870106941644,0.2314690409360992,250.9585884273158,622.073571499127
1.3864,-0.9489662524195845,-10.315570408343856,-10.312175106342034,0.003395302001822322,0.004998257072315937,0.004998257072315937,-73.96823598023288,0.9897730105810161,0.2323903214942541,251.67707490193922,623.867324652643
1.3872,-0.9463173829583562,-10.327344442305957,-10.323979808768865,0.003364633537093522,0.005062878041599106,0.005062878041599106,-74.03782532814033,0.9897589849086166,0.23331649897275067,252.4009512975708,625.6709619257429
1.388,-0.9436724118442686,-10.339141147792148,-10.335807361170119,0.003333786622028432,0.0051274575271236245,0.0051274575271236245,-74.10822422065435,0.9897449336226553,0.23424760599506567,253.13027541968813,627.4845668312098
1.3888,-0.9410313380046709,-10.350960602281983,-10.347657841923041,0.0033027603589397335,0.005191994452388826,0.005191994452388826,-74.17944407191122,0.9897308566687044,0.23518367544614915,253.86510587458926,629.3082238087089
1.3896,-0.9383941603821842,-10.362802883644262,-10.359531329799918,0.0032715538443430776,0.005256487733049653,0.005256487733049653,-74.2514963715032,0.9897167539922204,0.23612474047486623,254.60550208293205,631.1420182374246
1.3904,-0.9357608779347127,-10.37466807013962,-10.371427903970687,0.003240166168934221,0.00532093627617769,0.00532093627617769,-74.32439267192059,0.9897026255385406,0.23707083449650138,255.35152429354932,632.9860364489009
1.3912,-0.933131489635447,-10.386556240423053,-10.383347644005509,0.003208596417544946,0.005385338980715915,0.005385338980715915,-74.39814457447557,0.9896884712528872,0.23802199119519943,256.1032335975329,634.8403657400858
1.392,-0.9305059944728873,-10.398467473546514,-10.395290629877454,0.0031768436690594315,0.005449694737023947,0.005449694737023947,-74.47276371352538,0.9896742910803611,0.23897824452659272,256.8606919426071,636.705094386586
1.3928,-0.9278843914508496,-10.41040184896153,-10.407256941965112,0.0031449069964184125,0.005514002426934894,0.005514002426934894,-74.54826173860324,0.9896600849659446,0.23993962872031457,257.6239621477865,638.5803116561342
1.3936,-0.9252666795884701,-10.422359446521789,-10.41924666105527,0.003112785466518194,0.005578260923812195,0.005578260923812195,-74.62465029461278,0.9896458528545016,0.24090617828254624,258.3931079183286,640.4661078222746
1.3944,-0.9226528579202351,-10.434340346485829,-10.431259868345641,0.003080478140187811,0.005642469092208557,0.005642469092208557,-74.70194099950592,0.9896315946907719,0.24187792799875912,259.1681938609939,642.3625741782688
1.3952,-0.9200429254959751,-10.446344629519695,-10.443296645447546,0.0030479840721478555,0.005706625787922803,0.005706625787922803,-74.78014541944968,0.9896173104193761,0.2428549129362423,259.9492854996086,644.2698030512264
1.396,-0.917436881380887,-10.458372376699609,-10.455357074388678,0.003015302310931698,0.005770729857999868,0.005770729857999868,-74.85927504123984,0.989602999984811,0.24383716844683967,260.73644929094957,646.187887816468
1.3968,-0.9148347246555445,-10.470423669514712,-10.467441237615864,0.002982431898847218,0.005834780140503426,0.005834780140503426,-74.93934124148633,0.989588663331451,0.2448247301696446,261.52975264095033,648.116922912117
1.3976,-0.9122364544159125,-10.482498589869781,-10.479549217997846,0.0029493718719356458,0.005898775464515893,0.005898775464515893,-75.02035525243409,0.9895743004035452,0.24581763403374157,262.3292639212375,650.0570038539321
1.3984,-0.9096420697733586,-10.494597220088004,-10.491681098828101,0.0029161212599043743,0.005962714650024736,0.005962714650024736,-75.10232812406439,0.989559911145218,0.2468159162609733,263.1350524860112,652.0082272503836
1.3992,-0.9070515698546661,-10.506719642913737,-10.503836963827657,0.0028826790860800163,0.00602659650780879,0.00602659650780879,-75.18527068203488,0.9895454955004682,0.2478196133687149,263.94718868926685,653.9706908179709
1.4,-0.904464953802049,-10.518865941515347,-10.516016897147985,0.0028490443673643735,0.006090419839495098,0.006090419839495098,-75.26919348113204,0.9895310534131673,0.24882876217273686,264.7657439023771,655.9444933967977
1.4008,-0.9018822207731683,-10.531036199488007,-10.528220983373851,0.0028152161141556742,0.006154183437161009,0.006154183437161009,-75.3541067538106,0.9895165848270581,0.24984339979005912,265.5907905320365,657.9297349663979
1.4016,-0.8993033699411396,-10.543230500856547,-10.540449307526227,0.002781193330319018,0.006217886083618396,0.006217886083618396,-75.44002035320769,0.9895020896857558,0.2508635636418034,266.42240203857637,659.9265166618239
1.4024,-0.8967284004945568,-10.55544893007837,-10.552701955065253,0.0027469750131172707,0.006281526552186278,0.006281526552186278,-75.52694369032855,0.9894875679327441,0.25188929145618844,267.26065295466583,661.9349407900024
1.4032,-0.8941573116374995,-10.567691572046296,-10.564979011893136,0.002712560153160296,0.006345103606349767,0.006345103606349767,-75.61488566462403,0.9894730195113763,0.25292062127141585,268.1056189043979,663.9551108463545
1.404,-0.8915901025895503,-10.579958512091544,-10.577280564357183,0.00267794773435901,0.006408615999987433,0.006408615999987433,-75.70385458746051,0.9894584443648735,0.2539575914387072,268.95737662278145,665.9871315317
1.4048,-0.8890267725858149,-10.592249835986628,-10.589606699252787,0.0026431367338418258,0.006472062477314466,0.006472062477314466,-75.79385809783831,0.9894438424363227,0.25500024062531773,269.81600397563824,668.0311087694328
1.4056,-0.8864673208769263,-10.604565629948379,-10.60195750382645,0.0026081261219280103,0.006535441772371087,0.006535441772371087,-75.88490306947322,0.9894292136686773,0.25604860781755884,270.68157997992034,670.0871497229883
1.4064,-0.8839117467290749,-10.616905980640901,-10.61433306577885,0.002572914862049926,0.0065987526094772875,0.0065987526094772875,-75.97699550861881,0.989414558004754,0.2571027323239483,271.5541848244612,672.1553628135994
1.4072,-0.8813600494240169,-10.629270975178624,-10.626733473267926,0.002537501910696495,0.006661993702664404,0.006661993702664404,-76.07014044167363,0.9893998753872328,0.2581626537782982,272.43389989115997,674.2358577383488
1.408,-0.8788122282590932,-10.64166070112935,-10.639158814911982,0.0025018862173692103,0.006725163755845642,0.006725163755845642,-76.16434179160852,0.9893851657586548,0.2592284121428984,273.32080777662316,676.3287454885237
1.4088,-0.8762682825472413,-10.65407524651733,-10.651609179792823,0.0024660667245063233,0.006788261462702394,0.006788261462702394,-76.25960224233123,0.9893704290614217,0.260300047711683,274.2149923142643,678.4341383682789
1.4096,-0.8737282116170274,-10.666514699826344,-10.664084657458911,0.002430042367431141,0.006851285506286331,0.006851285506286331,-76.35592308978607,0.9893556652377934,0.2613776011135171,275.1165385968781,680.552150013609
1.4104,-0.8711920148126426,-10.678979150002865,-10.676585337928582,0.0023938120742829803,0.006914234559530996,0.006914234559530996,-76.45330407867311,0.9893408742298879,0.26246111331540545,276.0255329996988,682.6828954116485
1.4112,-0.8686596914939405,-10.691468686459178,-10.689111311693216,0.0023573747659625865,0.00697710728434231,0.00697710728434231,-76.55174322353659,0.9893260559796789,0.2635506256258446,276.94206320395614,684.826490920286
1.412,-0.8661312410364463,-10.703983399076606,-10.701662669720521,0.002320729356082381,0.007039902332337533,0.007039902332337533,-76.65123661282519,0.9893112104289934,0.2646461796981772,277.86621822094065,686.9830542881188
1.4128,-0.8636066628313799,-10.716523378208676,-10.714239503457804,0.0022838747508694547,0.007102618343992617,0.007102618343992617,-76.75177819471018,0.9892963375195112,0.26574781753395343,278.79808841658985,689.1527046747409
1.4136,-0.8610859562856714,-10.729088714684378,-10.726841904835233,0.0022468098491437998,0.007165253948983263,0.007165253948983263,-76.85335954281632,0.9892814371927634,0.2668555814863539,279.73776553660645,691.3355626713745
1.4144,-0.8585691208219802,-10.741679499811429,-10.739469966269212,0.0022095335422184182,0.0072278077660143936,0.0072278077660143936,-76.95596960068569,0.9892665093901306,0.2679695142636536,280.68534273213226,693.5317503218563
1.4152,-0.8560561558787267,-10.754295825379563,-10.752123780665698,0.002172044713864063,0.007290278402592776,0.007290278402592776,-77.05959440298798,0.989251554052839,0.2690896589327746,281.6409145859754,695.741391143972
1.416,-0.8535470609100901,-10.766937783663849,-10.76480344142362,0.002134342240227684,0.007352664454913338,0.007352664454913338,-77.16421677201649,0.9892365711219635,0.27021605892271516,282.60457713941673,697.9646101511674
1.4168,-0.8510418353860622,-10.779605467428041,-10.777509042438282,0.0020964249897576347,0.007414964507802324,0.007414964507802324,-77.26981598758312,0.9892215605384184,0.2713487580283063,283.57642791961126,700.201533874616
1.4176,-0.8485404787924375,-10.792298969927966,-10.790240678104796,0.002058291823169393,0.007477177134774138,0.007477177134774138,-77.3763674285874,0.9892065222429625,0.2724878004136763,284.55656596758377,702.4522903856747
1.4184,-0.8460429906308565,-10.805018384914929,-10.802998443321583,0.002019941593344737,0.007539300897462908,0.007539300897462908,-77.48384218451416,0.9891914561761919,0.2736332306160346,285.5450918668585,704.7170093187219
1.4192,-0.8435493704188162,-10.817763806639123,-10.81578243349384,0.001981373145282044,0.007601334345963551,0.007601334345963551,-77.59220663514333,0.9891763622785423,0.2747850935492898,286.5421077727118,706.9958218943846
1.42,-0.8410596176897007,-10.830535329853141,-10.828592744537115,0.0019425853160253816,0.007663276018490706,0.007663276018490706,-77.70142199677586,0.9891612404902828,0.2759434345078942,287.54771744209097,709.288860943168
1.4208,-0.8385737319928057,-10.843333049815445,-10.841429472880852,0.0019035769345926358,0.007725124441208209,0.007725124441208209,-77.81144383361222,0.9891460907515144,0.27710829917061874,288.5620262641909,711.5962609294927
1.4216,-0.8360917128933582,-10.856157062293887,-10.854292715471985,0.0018643468219026833,0.007786878128172248,0.007786878128172248,-77.92222153292637,0.9891309130021702,0.2782797336043592,289.5851412917237,713.9181579761425
1.4224,-0.8336135599725414,-10.869007463569302,-10.867182569778578,0.0018248937907237887,0.007848535581388205,0.007848535581388205,-78.03369774310173,0.9891157071820094,0.27945778426808066,290.6171712728908,716.254689889144
1.4232,-0.8311392728275296,-10.881884350439046,-10.880099133793479,0.0017852166455660675,0.007910095290299068,0.007910095290299068,-78.14580777413676,0.9891004732306168,0.28064249801673485,291.6582266840774,718.6059961830645
1.424,-0.828668851071501,-10.894787820220662,-10.89304250603802,0.0017453141826424348,0.007971555731842273,0.007971555731842273,-78.2584789603501,0.9890852110873997,0.2818339221052341,292.70841976328853,720.972218106763
1.4248,-0.8262022943336782,-10.90771797075551,-10.906012785565725,0.001705185189785196,0.008032915370563387,0.008032915370563387,-78.37162998626142,0.9890699206915841,0.28303210419252145,293.7678645443465,723.3534986695779
1.4256,-0.823739602259346,-10.920674900412449,-10.919010071966076,0.0016648284463722858,0.008094172657933996,0.008094172657933996,-78.48517017713158,0.9890546019822135,0.2842370923456072,294.83667689186376,725.7499826679739
1.4264000000000001,-0.821280774509886,-10.933658708091563,-10.932034465368314,0.0016242427232506247,0.008155326032692756,0.008155326032692756,-78.59899875677128,0.9890392548981439,0.285448935043742,295.9149745370247,728.1618167126593
1.4272,-0.8188258107628026,-10.946669493227901,-10.94508606644524,0.0015834267826604436,0.008216373920504338,0.008216373920504338,-78.71300407670971,0.9890238793780424,0.28666768118256303,297.0028771141813,730.5891492561659
1.428,-0.816374710711756,-10.959707355795256,-10.958164976417095,0.0015423793781605827,0.008277314733788899,0.008277314733788899,-78.82706282211113,0.9890084753603825,0.28789338007835935,298.10050619829684,733.0321306209248
1.4288,-0.8139274740665909,-10.972772396310006,-10.971271297055445,0.0015010992545615124,0.008338146871778918,0.008338146871778918,-78.94103920199251,0.9889930427834414,0.28912608147233615,299.2079853432553,735.4909130278219
1.4296,-0.8114841005533735,-10.985864715834914,-10.984405130687074,0.0014595851478400377,0.008398868719893926,0.008398868719893926,-79.05478413327779,0.9889775815852956,0.29036583553497036,300.3254401210543,737.9656506252632
1.4304000000000001,-0.8090445899144132,-10.99898441598306,-10.997566580198011,0.001417835785051114,0.008459478650252095,0.008459478650252095,-79.16813443077653,0.9889620917038185,0.2916126928703742,301.4529981619185,740.4564995187484
1.4312,-0.8066089419083123,-11.01213159892171,-11.010755749037443,0.0013758498842647508,0.008519975020988113,0.008519975020988113,-79.28091201800757,0.9889465730766753,0.2928667045207671,302.59078919534073,742.9636178009642
1.432,-0.8041771563099837,-11.025306367376313,-11.023972741221833,0.0013336261544807373,0.00858035617625319,0.00858035617625319,-79.39292317700544,0.9889310256413196,0.29412792197095783,303.7389450920923,745.4871655824105
1.4328,-0.8017492329107035,-11.03850882463446,-11.037217661338905,0.0012911632955559154,0.00864062044615821,0.00864062044615821,-79.50395785870799,0.9889154493349883,0.2953963971529267,304.89759990721785,748.0273050225671
1.4336,-0.7993251715181321,-11.051739074549893,-11.050490614551794,0.0012484599981005976,0.00870076614643267,0.00870076614643267,-79.61378907916678,0.9888998440946987,0.2966721824503946,306.06688992404037,750.5842003616083
1.4344000000000001,-0.7969049719563642,-11.064997221546601,-11.063791706603181,0.001205514943422251,0.008760791578424687,0.008760791578424687,-79.72217243069868,0.9888842098572423,0.29795533070354324,307.2469536992162,753.1580179526874
1.4352,-0.7944886340659668,-11.07828337062287,-11.077121043819444,0.0011623268034257922,0.008820695028816772,0.008820695028816772,-79.8288457410678,0.9888685465591804,0.2992458952137418,308.4379321088534,755.748926294782
1.436,-0.7920761577040069,-11.091597627355437,-11.090478733114896,0.00111889424053896,0.008880474769398461,0.008880474769398461,-79.93352891731658,0.9888528541368412,0.3005439297482665,309.63996839572883,758.3570960661382
1.4368,-0.789667542744114,-11.104940097903647,-11.103864881996035,0.0010752159076106982,0.008940129057180002,0.008940129057180002,-80.03592401421217,0.9888371325263098,0.30184948854528654,310.8532082176409,760.9827001582934
1.4376,-0.7872627890765066,-11.118310889013653,-11.117279598565794,0.0010312904478587323,0.008999656133710232,0.008999656133710232,-80.13571556987645,0.9888213816634277,0.30316262631865176,312.0777996969121,763.6259137107172
1.4384000000000001,-0.7848618966080438,-11.131710108022679,-11.13072299152792,0.0009871164947612145,0.00905905422541764,0.00905905422541764,-80.23257125267725,0.9888056014837843,0.30448339826295134,313.3138934710942,766.2869141460661
1.4392,-0.782464865262271,-11.145137862863246,-11.144195170191297,0.0009426926719464521,0.009118321542985086,0.009118321542985086,-80.32614286337393,0.9887897919227118,0.3058118600585157,314.56164274488657,768.9658812060648
1.44,-0.7800716949794642,-11.158594262067545,-11.157696244474382,0.0008980175931617271,0.009177456281349805,0.009177456281349805,-80.41606773458219,0.9887739529152788,0.3071480678765528,315.8212033433248,771.6629969880363
1.4408,-0.7776823857166872,-11.172079414771748,-11.171226324909618,0.0008530898621292864,0.009236456619703404,0.009236456619703404,-80.50197056574397,0.9887580843962831,0.30849207838432613,317.092733766255,774.3784459820777
1.4416,-0.7752969374478319,-11.185593430720422,-11.184785522647934,0.0008079080724891412,0.009295320720809741,0.009295320720809741,-80.58346572406883,0.9887421863002468,0.30984394875036747,318.3763952441368,777.1124151089083
1.4424000000000001,-0.7729153501636767,-11.199136420270971,-11.198373949463269,0.0007624708077023324,0.009354046731118615,0.009354046731118615,-80.66016003257306,0.9887262585614068,0.31120373664983036,319.6723517952221,779.8650937583949
1.4432,-0.7705376238719447,-11.212708494398067,-11.211991717757119,0.0007167766409474563,0.009412632780481545,0.009412632780481545,-80.73165605199532,0.9887103011137093,0.3125715002698612,320.98077028412627,782.6366738287674
1.444,-0.7681637585973558,-11.226309764698199,-11.225638940563172,0.0006708241350268436,0.009471076981924398,0.009471076981924398,-80.79755584721175,0.9886943138907996,0.31394729831508267,322.30182048185753,785.4273497665417
1.4448,-0.7657937543816827,-11.239940343394233,-11.239315731551919,0.0006246118423113259,0.00952937743147686,0.00952937743147686,-80.8574652084998,0.9886782968260173,0.3153311900130818,323.63567512731896,788.2373186071625
1.4456,-0.7634276112838216,-11.253600343339937,-11.253022205035359,0.000578138304576031,0.009587532207717686,0.009587532207717686,-80.91099827583315,0.9886622498523843,0.3167232351200693,324.9825099903466,791.0667800163707
1.4464000000000001,-0.7610653293798424,-11.267289878024705,-11.266758475971736,0.0005314020529692811,0.009645539371774703,0.009645539371774703,-80.95778249023061,0.9886461729025984,0.3181234939265364,326.3425039363161,793.9159363323299
1.4472,-0.75870690876307,-11.281009061578171,-11.280524659970276,0.000484401607896629,0.009703396966926903,0.009703396966926903,-80.997463772363,0.9886300659090216,0.3195320272630561,327.7158389923646,796.7849926084975
1.448,-0.7563523495441347,-11.294758008774945,-11.294320873296053,0.0004371354788923717,0.009761103018433914,0.009761103018433914,-81.02971180563858,0.988613928803673,0.320948896506078,329.1027004152742,799.6741566572853
1.4488,-0.754001651851061,-11.308536835039373,-11.308147232874802,0.0003896021645730457,0.009818655533138099,0.009818655533138099,-81.05422528140694,0.9885977615182152,0.3223741635839348,330.50327676107077,802.5836390944953
1.4496,-0.7516548158293264,-11.32234565645033,-11.322003856297847,0.00034180015248388724,0.009876052499407706,0.009876052499407706,-81.0707369496564,0.9885815639839466,0.3238078909827815,331.91775995637,805.5136533845697
1.4504000000000001,-0.7493118416419532,-11.336184589746077,-11.335890861827034,0.0002937279190417415,0.009933291886511597,0.009933291886511597,-81.07901831070599,0.9885653361317865,0.32525014175279116,333.34634537155074,808.4644158866541
1.4512,-0.746972729469577,-11.350053752329135,-11.349808368399712,0.000245383929423013,0.009990371644732932,0.009990371644732932,-81.0788837843688,0.9885490778922663,0.3267009795142595,334.7892318957736,811.4361459014958
1.452,-0.7446374795105262,-11.363953262271236,-11.363756495633803,0.00019676663743330503,0.010047289704687046,0.010047289704687046,-81.07019420254571,0.9885327891955165,0.3281604684639097,336.2466220139281,814.4290657191967
1.4528,-0.742306091980923,-11.37788323831828,-11.377735363832844,0.00014787448543686124,0.010104043977321453,0.010104043977321453,-81.05285949074114,0.988516469971251,0.3296286733813141,337.71872188555096,817.4434006678223
1.4536,-0.7399785671147707,-11.391843799895359,-11.391745093991112,9.870590424647948e-05,0.010160632353290566,0.010160632353290566,-81.02684043155286,0.9885001201487551,0.3311056596353553,339.20574142577095,820.4793791628972
1.4544000000000001,-0.7376549051640381,-11.405835067111838,-11.405785807798841,4.9259312997044214e-05,0.010217052702728324,0.010217052702728324,-80.99214943823279,0.9884837396568711,0.33259149319075226,340.70789438835175,823.537232757801
1.4552,-0.7353351063987708,-11.419857160766426,-11.419857627647378,4.6688095103421845e-07,0.010273302875134505,0.010273302875134505,-80.94885030642845,0.9884673284239816,0.3340862406147957,342.2253984508793,826.6171961950732
1.456,-0.7330191711071842,-11.433910202352397,-11.433960676634491,5.0474282093903634e-05,0.01032938069863576,0.01032938069863576,-80.89705695450611,0.9884508863779947,0.3355899690840786,343.7584753021737,829.719507458651
1.4568,-0.7307070995957771,-11.447994314062726,-11.448095078569677,0.00010076450695120236,0.010385283979701398,0.010385283979701398,-80.83693120387989,0.9884344134463259,0.33710274639140614,345.30735073197866,832.8444078270587
1.4576,-0.7283988921894441,-11.462109618795363,-11.462260957979481,0.00015133918411822404,0.010441010502859172,0.010441010502859172,-80.76867968927871,0.9884179095558808,0.3386246409527727,346.8722547230019,835.9921419275503
1.4584000000000001,-0.7260945492315952,-11.476256240158564,-11.476458440112957,0.0002021999543942518,0.010496558030240521,0.010496558030240521,-80.69255002012527,0.9884013746330349,0.34015572181451625,348.45342154538383,839.162957791251
1.4592,-0.7237940710842711,-11.490434302476153,-11.490687650947088,0.00025334847093209326,0.010551924301125837,0.010551924301125837,-80.60882633810785,0.9883848086036159,0.3416960586604512,350.0510898536473,842.3571069092825
1.46,-0.7214974581282831,-11.504643930792984,-11.504948717192288,0.000304786399304672,0.010607107031376017,0.010607107031376017,-80.51782443091567,0.9883682113928809,0.34324572181929547,351.6655027862324,845.5748442899203
1.4608,-0.7192047107633466,-11.51888525088035,-11.519241766297998,0.00035651541764682176,0.010662103913205101,0.010662103913205101,-80.41988656701722,0.9883515829254931,0.3448047822721373,353.29690806766916,848.8164285167735
1.4616,-0.7169158294082114,-11.53315838924147,-11.53356692645822,0.00040853721675270893,0.010716912614384455,0.010716912614384455,-80.31537621337861,0.9883349231255029,0.34637331165993,354.94555811347556,852.0821218080303
1.4624000000000001,-0.7146308145008383,-11.547463473117004,-11.547924326617228,0.00046085350022145573,0.010771530777901717,0.010771530777901717,-80.20467278627784,0.988318231916316,0.3479513822913935,356.6117101378828,855.3721900767654
1.4632,-0.712349666498522,-11.561800630490671,-11.56231409647522,0.0005134659845468212,0.010825956021506045,0.010825956021506045,-80.08816656896214,0.9883015092206752,0.3495390671506799,358.2956262644376,858.6869029923483
1.464,-0.7100723858780821,-11.57616999009485,-11.576736366494117,0.0005663763992666521,0.010880185936855469,0.010880185936855469,-79.9662539077176,0.9882847549606266,0.3511364399055309,359.99757363960896,862.0265340429547
1.4648,-0.7077989731360225,-11.590571681416295,-11.59119126790334,0.0006195864870448223,0.010934218089062142,0.010934218089062142,-79.83933277499449,0.9882679690574936,0.3527435749153587,361.71782454946515,865.3913605992091
1.4656,-0.7055294287887254,-11.605005834701798,-11.605678932705652,0.0006730980038534384,0.010988050016123907,0.010988050016123907,-79.70779876348456,0.9882511514318439,0.3543605472395781,363.4566565395264,868.7816639789703
1.4664000000000001,-0.703263753372631,-11.619472580964054,-11.620199493683089,0.0007269127190335363,0.011041679228071644,0.011041679228071644,-79.57204155212852,0.9882343020034592,0.3559874326460416,365.21435253789656,872.1977295132957
1.4672,-0.701001947444445,-11.63397205198742,-11.634753084402895,0.0007810324154772562,0.011095103206400836,0.011095103206400836,-79.43244186340279,0.9882174206912986,0.3576243076196678,366.9912009817601,875.6398466135788
1.468,-0.6987440115813582,-11.648504380333831,-11.649339839223547,0.0008354588897174361,0.011148319403275764,0.011148319403275764,-79.2893689132484,0.9882005074134619,0.35927124937128163,368.7874959473773,879.108308839898
1.4688,-0.6964899463812507,-11.663069699348727,-11.663959893300802,0.0008901939520750429,0.011201325240620008,0.011201325240620008,-79.14317833919918,0.9881835620871537,0.3609283358464585,370.60353728365135,882.6034139705989
1.4696,-0.6942397524629689,-11.677668143167017,-11.678613382593806,0.0009452394267873038,0.01125411810943433,0.01125411810943433,-78.99421058081346,0.9881665846286354,0.36259564573491637,372.43963074942326,886.125464073094
1.4704000000000002,-0.69199343046652,-11.69229984671913,-11.693300443871276,0.0010005971521473917,0.011306695368887176,0.011306695368887176,-78.84278967781684,0.988149574953191,0.36427325847953107,374.29608815456277,889.6747655759722
1.4712,-0.689750981053392,-11.70696494573707,-11.7080212147177,0.001056268980632522,0.01135905434517781,0.01135905434517781,-78.68922244561537,0.9881325329750714,0.36596125428620485,376.17322750503257,893.2516293423404
1.472,-0.6875124049067958,-11.721663576760584,-11.722775833539622,0.0011122567790397496,0.011411192330683662,0.011411192330683662,-78.53379798480918,0.9881154586074513,0.36765971413339915,378.07137315199867,896.8563707445124
1.4727999999999999,-0.6852777027319744,-11.736395877143329,-11.737564439571956,0.001168562428627532,0.011463106582766613,0.011463106582766613,-78.37678748048312,0.9880983517623743,0.3693687197822059,379.99085594515935,900.4893097399948
1.4736,-0.6830468752565194,-11.751161985059097,-11.75238717288436,0.0012251878252611302,0.011514794322806665,0.011514794322806665,-78.21844424782795,0.9880812123506968,0.3710883537865484,381.93201339040405,904.1507709488268
1.4744000000000002,-0.6808199232306956,-11.765962039508114,-11.767244174387681,0.0012821348795695661,0.01156625273466716,0.01156625273466716,-78.059003982598,0.9880640402820307,0.3728186995035725,383.89518981194595,907.8410837322743
1.4752,-0.6785968474277976,-11.780796180323366,-11.782135585840425,0.0013394055170601344,0.011617478963671601,0.011617478963671601,-77.89868517813998,0.9880468354646784,0.3745598411043912,385.880736519087,911.5605822729128
1.476,-0.6763776486445204,-11.795664548177001,-11.797061549855307,0.0013970016783061746,0.011668470114955198,0.011668470114955198,-77.73768967378689,0.9880295978055665,0.37631186358503327,387.889011977753,915.3096056561102
1.4768,-0.6741623277013489,-11.810567284586773,-11.81202220990584,0.0014549253190673341,0.011719223252043776,0.011719223252043776,-77.57620330377723,0.9880123272101757,0.37807485277762237,389.92038198695474,919.0884979529235
1.4776,-0.6719508854429914,-11.825504531922501,-11.827017710332976,0.0015131784104753727,0.011769735395148473,0.011769735395148473,-77.41439661912672,0.9879950235824613,0.37984889536200933,391.97521986034906,922.8976083044342
1.4784000000000002,-0.669743322738817,-11.840476433412642,-11.842048196351808,0.001571762939167884,0.01182000351957413,0.01182000351957413,-77.25242565929733,0.987977686824775,0.38163407887752,394.0539066130566,926.7372910075427
1.4792,-0.6675396404833256,-11.855483133150855,-11.857113814058334,0.0016306809074779192,0.011870024553616076,0.011870024553616076,-77.09043275355006,0.9879603168377777,0.38343049173514027,396.1568311539142,930.6079056022337
1.48,-0.6653398395966669,-11.870524776102663,-11.872214710436248,0.0016899343335869518,0.011919795376684306,0.011919795376684306,-76.92854733562127,0.9879429135203448,0.3852382232300663,398.2843904833547,934.5098169603341
1.4808,-0.6631439210251594,-11.885601508112135,-11.887351033363839,0.0017495252517028888,0.011969312816859201,0.011969312816859201,-76.76688675810395,0.9879254767694708,0.38705736355450227,400.4369898970755,938.4433953757796
1.4816,-0.6609518857418744,-11.900713475908633,-11.902522931620872,0.0018094557122380615,0.012018573648845177,0.012018573648845177,-76.6055570957104,0.9879080064801611,0.38888800381097055,402.6150431957243,942.4090166564001
1.4824,-0.6587637347472521,-11.915860827113562,-11.917730554895572,0.0018697277820084047,0.012067574591014818,0.012067574591014818,-76.44465392899862,0.9878905025453184,0.39073023602600143,404.8189729007747,946.4070622172427
1.4832,-0.656579469069728,-11.931043710247275,-11.93297405379168,0.0019303435444056206,0.012116312302964616,0.012116312302964616,-76.28426310197625,0.9878729648556255,0.39258415316413114,407.04921047682484,950.4379191754718
1.484,-0.6543990897664544,-11.946262274735881,-11.948253579835493,0.001991305099609807,0.012164783382047517,0.012164783382047517,-76.12446144894848,0.987855393299412,0.3944498491425816,409.30619656052517,954.5019804467975
1.4848,-0.6522225979240268,-11.961516670918241,-11.963569285483043,0.002052614564800142,0.012212984360417067,0.012212984360417067,-75.96531748720835,0.9878377877625164,0.3963274188462756,411.5903811963669,958.5996448435213
1.4856,-0.6500499946592753,-11.976807050052901,-11.97892132412727,0.0021142740743693928,0.012260911701332589,0.012260911701332589,-75.80689207350414,0.9878201481281393,0.3982169581433883,413.90222407956395,962.73131717416
1.4864,-0.6478812811201173,-11.992133564325123,-11.994309850105278,0.0021762857801557586,0.012308561794952766,0.012308561794952766,-75.64923902315014,0.9878024742766823,0.4001185639015188,416.24219480627977,966.8974083446672
1.4872,-0.6457164584864656,-12.007496366853978,-12.009735018705657,0.0022386518516785414,0.012355930954413452,0.012355930954413452,-75.4924056914877,0.9877847660855759,0.40203233400446897,418.6107731314548,971.0983354612831
1.488,-0.6435555279711913,-12.022895611699415,-12.025196986175825,0.0023013744764084996,0.01240301541088229,0.01240301541088229,-75.33643351774265,0.9877670234290976,0.4039583673695485,421.0084492344807,975.3345219349951
1.4888,-0.6413984908211623,-12.038331453869443,-12.040695909729486,0.002364455860043954,0.012449811308442804,0.012449811308442804,-75.18135853232407,0.9877492461781745,0.405896763965673,423.4357239930345,979.6063975876351
1.4896,-0.6392453483183723,-12.05380404932733,-12.056231947554096,0.002427898226767589,0.01249631469841006,0.01249631469841006,-75.02721182855973,0.9877314342001675,0.40784762483224707,425.89310926532295,983.9143987596008
1.4904,-0.6370961017811185,-12.069313554998802,-12.071805258818413,0.0024917038196111936,0.012542521533191575,0.012542521533191575,-74.8740200000391,0.9877135873586462,0.40981105209865426,428.3811281810546,988.2589684192199
1.4912,-0.6349507525652996,-12.084860128779361,-12.087416003680126,0.0025558749007625324,0.01258842765935242,0.01258842765935242,-74.72180554547906,0.9876957055131399,0.4117871490048095,430.90031544145864,992.6405562737533
1.492,-0.632809302065779,-12.100443929541566,-12.103064343293502,0.0026204137519338757,0.012634028810055042,0.012634028810055042,-74.57058724254,0.987677788518875,0.41377601992242874,433.4512176286459,997.0596188820305
1.4928,-0.6306717517178796,-12.116065117142412,-12.118750439817177,0.0026853226747652094,0.012679320596930665,0.012679320596930665,-74.42038049240341,0.9876598362264861,0.4157777703774893,436.0343935246911,1001.5166197687234
1.4936,-0.6285381029989655,-12.131723852430692,-12.134474456421964,0.0027506039912736737,0.012724298500529585,0.012724298500529585,-74.2711976368631,0.9876418484817091,0.41779250707359616,438.6504144407476,1006.0120295402496
1.4944,-0.6264083574301613,-12.147420297254437,-12.150236557298742,0.0028162600443048923,0.012768957860430419,0.012768957860430419,-74.12304824978864,0.9876238251250482,0.41982033791656015,441.2998645565907,1010.5463260022817
1.4952,-0.6242825165781926,-12.163154614468375,-12.166036907666468,0.002882293198094162,0.012813293863928266,0.012813293863928266,-73.97593940447045,0.9876057659914144,0.42186137204026264,443.9833412709707,1015.1199942788868
1.496,-0.6221605820573763,-12.178926967941408,-12.181875673780256,0.0029487058388468724,0.012857301533188092,0.012857301533188092,-73.82987591876352,0.9875876709097376,0.42391571983381426,446.7014555631482,1019.7335269332394
1.4968,-0.6200425555317591,-12.19473752256417,-12.197753022939565,0.003015500375396,0.012900975711716,0.012900975711716,-73.68486057949575,0.9875695397025455,0.4259834929702097,449.454832366078,1024.3874240899247
1.4976,-0.6179284387174158,-12.210586444256585,-12.213669123496516,0.003082679239930883,0.012944311048386226,0.012944311048386226,-73.54089434769668,0.9875513721855091,0.42806480443650163,452.24411095162566,1029.0821935587949
1.4984,-0.6158182333849522,-12.226473899975446,-12.229624144864303,0.0031502448888589742,0.01298730198038811,0.01298730198038811,-73.39797654607851,0.9875331681669484,0.43015976856583116,455.06994532831754,1033.8183509603425
1.4992,-0.613711941362185,-12.242400057722097,-12.245618257525821,0.0032181998037253638,0.013029942713728815,0.013029942713728815,-73.25610503023432,0.9875149274472976,0.43226850107123627,457.93300465208085,1038.5964198525921
1.5,-0.6116095645370418,-12.258365086550087,-12.261651633042383,0.003286546492298041,0.01307222720140544,0.01307222720140544,-73.11527634472323,0.9874966498185271,0.4343911190815198,460.8339736504663,1043.4169318594484
1.5008,-0.6095111048606808,-12.27436915657293,-12.277724444062725,0.0033552874897938133,0.013114149119246576,0.013114149119246576,-72.97548586529219,0.9874783350635159,0.4365277411792773,463.7735530609066,1048.280426800486
1.5016,-0.6074165643508911,-12.290412438971892,-12.293836864332166,0.0034244253602738035,0.013155701838172718,0.013155701838172718,-72.83672792836549,0.9874599829553657,0.43867848744153937,466.75246008353037,1053.187452822112
1.5024000000000002,-0.6053259450957283,-12.306495106003828,-12.309989068702109,0.003493962698281759,0.013196878393557654,0.013196878393557654,-72.6989959487281,0.9874415932566645,0.4408434794828028,469.77142884912433,1058.13856653009
1.5032,-0.6032392492574781,-12.322617331009129,-12.326181233139813,0.0035639021306846826,0.01323767145038346,0.01323767145038346,-72.56228252654256,0.9874231657186778,0.443022840501151,472.8312109028491,1063.1343331233318
1.504,-0.6011564790769052,-12.338779288419753,-12.342413534738633,0.0036342463188796395,0.013278073263848,0.013278073263848,-72.42657954431917,0.9874047000804772,0.4452166953273641,475.9325757043429,1068.1753265289567
1.5048,-0.5990776368778676,-12.354981153767357,-12.358686151728644,0.003704997961287668,0.01331807563468601,0.01331807563468601,-72.29187825487585,0.9873861960679874,0.44742517047753283,479.07631114487987,1073.2621295384993
1.5056,-0.5970027250722997,-12.371223103691584,-12.374999263487904,0.0037761597963198524,0.013357669858578447,0.013357669858578447,-72.15816936085056,0.9873676533929509,0.4496483942094721,482.2632240822986,1078.3953339452403
1.5064000000000002,-0.5949317461655819,-12.387505315948514,-12.391353050554352,0.0038477346058386594,0.013396846668854323,0.013396846668854323,-72.02544308643834,0.9873490717518031,0.45188649658310426,485.4941408944399,1083.5755406825804
1.5072,-0.5928647027623559,-12.403827969419352,-12.407747694638573,0.003919725219220535,0.013435596170211284,0.013435596170211284,-71.89368924200642,0.9873304508244442,0.45413960952551224,488.7699080518805,1088.8033599633804
1.508,-0.5908015975727574,-12.420191244119408,-12.424183378637574,0.003992134518168154,0.013473907764705473,0.013473907764705473,-71.76289728201172,0.9873117902729097,0.45640786690057505,492.09139271079533,1094.0794114202247
1.5088,-0.5887424334191936,-12.436595321207376,-12.440660286649777,0.004064965442399525,0.013511770064837947,0.013511770064837947,-71.63305635670064,0.9872930897399125,0.458691404584376,495.45948332684145,1099.4043242464727
1.5096,-0.5866872132435831,-12.453040382995152,-12.457178603991558,0.004138220996408561,0.01354917079606821,0.01354917079606821,-71.50415535796179,0.9872743488472643,0.4609903605461011,498.87509029097055,1104.778737338089
1.5104000000000002,-0.5846359401151611,-12.469526612958086,-12.473738517215638,0.0042119042575515485,0.013586096682729476,0.013586096682729476,-71.37618295957037,0.9872555671941547,0.46330487493544326,502.3391465881949,1110.20329943615
1.5112,-0.582588617238856,-12.48605419574611,-12.490340214131773,0.0042860183856637145,0.013622533318027763,0.013622533318027763,-71.24912765215923,0.9872367443552759,0.4656350901770626,505.85260848034045,1115.6786692699577
1.512,-0.5805452479642297,-12.502623317195638,-12.50698388383033,0.004360566634693546,0.013658465012383658,0.013658465012383658,-71.12297777282657,0.9872178798787858,0.46798115107247973,509.41645621392354,1121.2055157007371
1.5128,-0.5785058357950181,-12.519234164342667,-12.523669716709334,0.004435552366666972,0.013693874618866175,0.013693874618866175,-70.99772152957962,0.987198973284096,0.47034320491022374,513.031694754345,1126.7845178658486
1.5136,-0.5764703843992881,-12.535886925437365,-12.54039790450592,0.004510979068553783,0.013728743329465942,0.013728743329465942,-70.8733470205046,0.9871800240594597,0.4727214015851785,516.699354547691,1132.4163653235057
1.5144000000000002,-0.5744388976201249,-12.552581789960456,-12.557168640333295,0.004586850372837995,0.013763050438456048,0.013763050438456048,-70.7498422471723,0.987161031659367,0.47511589372729435,520.4204923114986,1138.1017581980404
1.5152,-0.5724113794869067,-12.569318948641977,-12.573982118724466,0.004663170082487768,0.01379677306482563,0.01379677306482563,-70.62719512218962,0.9871419955017098,0.4775268368412194,524.1961918559886,1143.8414073257313
1.516,-0.5703878342269912,-12.586098593483072,-12.590838535684664,0.004739942201592955,0.013829885828272381,0.013829885828272381,-70.5053934699234,0.9871229149647248,0.4799543894569236,528.0275649372973,1149.6360344013624
1.5168,-0.5683682662778131,-12.602920917781555,-12.607738088754495,0.004817170972940176,0.013862360467442159,0.013862360467442159,-70.3844250196966,0.9871037893836832,0.48239871329288697,531.9157521444499,1155.4863721256386
1.5176,-0.5663526802991091,-12.61978611616237,-12.624680977086829,0.004894860924456369,0.013894165390638591,0.013894165390638591,-70.26427738993345,0.9870846180473334,0.4848599734320233,535.8619238218422,1161.393164353819
1.5184,-0.5643410811851691,-12.636694384614325,-12.641667401541042,0.004973016926715688,0.0139252651440529,0.0139252651440529,-70.14493806165531,0.9870654001940664,0.48733833851208724,539.86728102923,1167.3571662458876
1.5192,-0.5623334740766271,-12.653645920534833,-12.658697564799468,0.005051644264635459,0.013955619781597761,0.013955619781597761,-70.02639433866369,0.9870461350078242,0.48983398093045283,543.9330565412738,1173.3791444189585
1.52,-0.5603298643714955,-12.670640922785015,-12.675771671512145,0.0051307487271285085,0.013985184115028915,0.013985184115028915,-69.90863329141024,0.9870268216137181,0.4923470770652556,548.0605158888994,1179.459877102554
1.5208,-0.5583302577346769,-12.687679591758156,-12.692889928478133,0.00521033671997654,0.014013906819684507,0.014013906819684507,-69.79164167984592,0.9870074590733835,0.4948778075128992,552.2509584448336,1185.600154297954
1.5216,-0.556334660105247,-12.704762129465486,-12.710052544874046,0.005290415408561197,0.014041729363384547,0.014041729363384547,-69.67540584949941,0.9869880463800567,0.4974263573436999,556.5057185558516,1191.800777942858
1.5224,-0.5543430777003269,-12.721888739644506,-12.72725973254393,0.005370992899424986,0.01406858472176964,0.01406858472176964,-69.5599115926193,0.9869685824533938,0.49999291637636495,560.8261667243286,1198.0625620832573
1.5232,-0.5523555170141043,-12.739059627896868,-12.74451170636949,0.005452078472624902,0.014094395831079964,0.014094395831079964,-69.44514396342744,0.9869490661340363,0.5025776794730329,565.2137108418685,1204.3863330548372
1.524,-0.550371984810136,-12.756275001864928,-12.761808684745883,0.005533682880957627,0.014119073721076347,0.014119073721076347,-69.33108703245512,0.9869294961779275,0.5051808468571696,569.6697974777148,1210.77292967684
1.5248,-0.548392488104361,-12.773535071459627,-12.779150890197418,0.00561581873778883,0.014142515256537536,0.014142515256537536,-69.2177235593858,0.9869098712503763,0.507802624457536,574.1959132246573,1217.223203462314
1.5256,-0.5464170341356882,-12.79084004915634,-12.796538550179664,0.005698501023323957,0.01416460040002221,0.01416460040002221,-69.10503455570054,0.986890189919819,0.5104432242843941,578.7935861049475,1223.738018849432
1.5264,-0.5444456303198877,-12.808190150381666,-12.813971898131944,0.005781747750276284,0.014185188890508016,0.014185188890508016,-68.99299869715531,0.9868704506511848,0.5131028648469603,583.464387038274,1230.3182534600512
1.5272000000000001,-0.5424782841814925,-12.825585594022758,-12.831451174868684,0.005865580845926007,0.014204116213591078,0.014204116213591078,-68.88159152983707,0.9868506517986292,0.5157817716288307,588.2099313732675,1236.9647983929722
1.528,-0.5405150032568713,-12.843026603102508,-12.848976630432936,0.005950027330428946,0.014221188718238409,0.014221188718238409,-68.77078438966065,0.9868307915971992,0.5184801776484899,593.0318804827841,1243.6785585611592
1.5288,-0.5385557949597801,-12.860513405681642,-12.866548526585994,0.006035120904353412,0.014236177721841159,0.014236177721841159,-68.66054292059738,0.9868108681526307,0.5211983241503341,597.9319434215786,1250.4604530842844
1.5296,-0.5366006663986065,-12.878046236073295,-12.884167140180114,0.006120904106817899,0.014248812443952374,0.014248812443952374,-68.55082502540577,0.9867908794278386,0.5239364615024906,602.9118786424275,1257.3114157500945
1.5304,-0.5346496241317926,-12.895625336492207,-12.901832767769136,0.006207431276930124,0.014258771646325386,0.014258771646325386,-68.441578005731,0.9867708232236475,0.5266948504261635,607.9734957631105,1264.2323955606541
1.5312000000000001,-0.532702673844957,-12.913250959314329,-12.91954573197161,0.006294772657279446,0.01426567396038081,0.01426567396038081,-68.33273453254242,0.9867506971495961,0.5294737637618905,613.1186573715547,1271.2243573819082
1.532,-0.5307598199299088,-12.93092337020269,-12.937306390340218,0.006383020137526507,0.014269067139196068,0.014269067139196068,-68.22420691108198,0.9867304985778572,0.5322734891077529,618.3492808492894,1278.288282716995
1.5328,-0.5288210649423388,-12.948642852476862,-12.955115147853519,0.006472295376659909,0.014268417014193346,0.014268417014193346,-68.11587883286728,0.986710224568768,0.5350943328750066,623.6673401838694,1285.4251706249563
1.5336,-0.5268864089118106,-12.966409713289513,-12.972972474697666,0.006562761408154166,0.014263098051060297,0.014263098051060297,-68.00759338729715,0.9866898717491163,0.5379366266446393,629.0748677281788,1292.6360388056985
1.5344,-0.5249558484758926,-12.984224292463606,-12.990878931852263,0.006654639388657427,0.014252389631280948,0.014252389631280948,-67.89913545251815,0.9866694361124094,0.5408007372557174,634.5739558484854,1299.9219248679915
1.5352000000000001,-0.5230293758104674,-13.002086975302047,-13.008835208296063,0.006748232994014965,0.014235486605230108,0.014235486605230108,-67.7902055716797,0.9866489126913286,0.5436870829296152,640.1667583831579,1307.283887788027
1.536,-0.5211069773331927,-13.019998211417562,-13.026842175640233,0.006843964222670838,0.01421154140462022,0.01421154140462022,-67.68038086280075,0.9866282950222095,0.5465961591289588,645.8554918107219,1314.7230095482648
1.5368,-0.5191886321689042,-13.03795854283068,-13.044900968997888,0.0069424261672095516,0.014179772302668425,0.014179772302668425,-67.5690561763649,0.9866075742739634,0.5495285800357015,651.6424360011126,1322.2403969167535
1.5376,-0.5172743103887797,-13.055968646572612,-13.063013107233019,0.007044460660406919,0.014139706734169977,0.014139706734169977,-67.45535543326162,0.9865867378417252,0.5524851448716481,657.5299344008681,1329.8371832807663
1.5384,-0.5153639710738807,-13.07402940037269,-13.081180671392204,0.007151271019512742,0.014091696661523656,0.014091696661523656,-67.33799914151275,0.9865657671024756,0.5554669430940385,663.5203934888173,1337.5145303812033
1.5392000000000001,-0.5134575603136304,-13.092141985697442,-13.099406565567548,0.007264579870107209,0.014037976862994128,0.014037976862994128,-67.21511162129826,0.9865446339022259,0.5584755185533955,669.6162813444968,1345.2736297022168
1.54,-0.5115550093346433,-13.110308052141807,-13.117694882919915,0.007386830778106871,0.013984793349777647,0.013984793349777647,-67.0839583890012,0.9865232952489993,0.5615131175164764,675.8201252136168,1353.115703154768
1.5408,-0.5096562330655429,-13.128529983728619,-13.13605136891642,0.007521385187802585,0.01394658678327687,0.01394658678327687,-66.94064486153194,0.9865016858383762,0.5645830393502074,682.1345080555226,1361.0420025626318
1.5416,-0.5077611295701264,-13.14681133491412,-13.154483851260615,0.007672516346496909,0.013953891534413287,0.013953891534413287,-66.77994751377231,0.9864797090858083,0.5676900621613368,688.5620642401246,1369.0538073381936
1.5424,-0.5058695809015725,-13.165157544502968,-13.173002142596959,0.007844598093989212,0.014067025456824922,0.014067025456824922,-66.59583279548612,0.9864572308724455,0.5708407554720963,695.1054748444459,1377.152419667487
1.5432000000000001,-0.5039814560010631,-13.183577076578763,-13.191616078262513,0.008039001683749842,0.014395306814492415,0.014395306814492415,-66.38404663818332,0.9864340889154498,0.5740430917478071,701.7674633788013,1385.3391565758554
1.544,-0.5020966162207448,-13.202083093258459,-13.210329130611452,0.008246037352991835,0.015108701342114728,0.015108701342114728,-66.14921089431948,0.9864101441401967,0.5773041366239063,708.5507932046984,1393.615338499547
1.5448,-0.5002149238186513,-13.220695269868374,-13.229125788456601,0.008430518588226965,0.016394009290991107,0.016394009290991107,-65.91788471672183,0.9863853967871702,0.580624722019398,715.4582682838155,1401.9822745159368
1.5455999999999999,-0.4983362532959809,-13.239439218981401,-13.24796008489769,0.008520865916288865,0.018273786779218426,0.018273786779218426,-65.75084085951826,0.9863601124527024,0.5839935217001625,722.4927390444075,1410.4412451986805
1.5464,-0.49646050473409764,-13.258334800133158,-13.266768017386994,0.008433217253834816,0.020307004946346296,0.020307004946346296,-65.73373854463887,0.9863348059053144,0.5873875151274393,729.657114858238,1418.9934850593884
1.5472000000000001,-0.49458761746504487,-13.2773576224463,-13.285510800607263,0.008153178160964425,0.02151581753952314,0.02151581753952314,-65.92559532531597,0.9863101821873381,0.5907744377961948,736.9543837293849,1427.640167449086
1.548,-0.4927175817308135,-13.296388455756745,-13.30420247649175,0.007814020735004907,0.021014662083757685,0.021014662083757685,-66.27159652686905,0.9862873779559875,0.5941013606845206,744.3876383273475,1436.3823952284542
1.5488,-0.4908504457799004,-13.315262702115984,-13.32288810820868,0.007625406092693896,0.01903408590686695,0.01903408590686695,-66.5704318531402,0.9862676526298466,0.5973086380119954,751.9601057546246,1445.2212000912657
1.5495999999999999,-0.4889863163675001,-13.3339413491582,-13.341608869620476,0.007667520462276276,0.016794840289776403,0.016794840289776403,-66.64953356581798,0.9862509308769611,0.6003980320008957,759.6751769935697,1454.157551988929
1.5504,-0.4871253518720872,-13.352532466233518,-13.36038863334766,0.007856167114141504,0.015180305091121227,0.015180305091121227,-66.53514579939122,0.9862357462966065,0.6034367099633682,767.5364314611277,1463.19237792022
1.5512000000000001,-0.4852677488893318,-13.371149990683868,-13.379237166701438,0.008087176017569694,0.014286675131586435,0.014286675131586435,-66.34012759477237,0.9862207359563528,0.6064880715313478,775.5476528820574,1472.3265870920648
1.552,-0.48341372465668164,-13.38984838510017,-13.398156572684261,0.008308187584091633,0.013883457870065286,0.013883457870065286,-66.1366301725238,0.9862052632880508,0.6095821273390913,783.7128346239301,1481.5610979388875
1.5528,-0.4815634984698897,-13.408640607602532,-13.417145724014256,0.008505116411723839,0.013751338573342764,0.013751338573342764,-65.94990476863595,0.9861891712925885,0.6127265510981491,792.036175065287,1490.8968622594023
1.5535999999999999,-0.4797172751398474,-13.427523371259253,-13.43620251179756,0.008679140538306287,0.013753705547742356,0.013753705547742356,-65.78367624105078,0.9861724881139777,0.6159203018649719,800.5220656463848,1500.334882800191
1.5544,-0.4778752326537343,-13.446489581518446,-13.455324798643606,0.008835217125158036,0.013816967884736187,0.013816967884736187,-65.63506033184198,0.9861552862528664,0.619160216120958,809.1750753506967,1509.8762224791312
1.5552000000000001,-0.4760375149628997,-13.465532580340735,-13.474510750772616,0.008978170431880164,0.013903896447686748,0.013903896447686748,-65.50012621310572,0.9861376357565764,0.622443231211708,817.9999353292355,1519.5220053799226
1.556,-0.4742042296679664,-13.484647125938263,-13.49375890755898,0.009111781620716937,0.013996366790252068,0.013996366790252068,-65.37548362604208,0.9861195940530222,0.6257668847932374,827.0015264909205,1529.273411079398
1.5568,-0.4723754495991558,-13.503829343830668,-13.513068153532748,0.009238809702079461,0.01408594212978187,0.01408594212978187,-65.25854104991626,0.9861012068399145,0.6291292840084906,836.1848716298911,1539.1316645460981
1.5575999999999999,-0.4705512169726734,-13.523076442814546,-13.532437662457745,0.009361219643199881,0.014169019117218795,0.014169019117218795,-65.14739835822013,0.9860825111097693,0.6325289657787986,845.5551324874268,1549.0980238422014
1.5584,-0.4687315488538379,-13.542386435490544,-13.551866840350073,0.009480404859532231,0.014244369877872032,0.014244369877872032,-65.0406792688243,0.9860635377735565,0.6359647710908876,855.1176113085571,1559.1737674211201
1.5592000000000001,-0.4669164429199728,-13.561757917857078,-13.571355276270541,0.00959735841346237,0.014311902293798084,0.014311902293798084,-64.93738612258991,0.9860443134494716,0.6394357564539556,864.8777560109595,1569.360182208362
1.56,-0.4651058828474721,-13.581189907769193,-13.59090270258438,0.009712794815183936,0.014372035711289755,0.014372035711289755,-64.83679065071018,0.9860248615627978,0.6429411373969268,874.8411679683206,1579.6585530804614
1.5608,-0.46329984295134197,-13.600681729640376,-13.610508963840653,0.009827234200277105,0.01442538861471121,0.01442538861471121,-64.73835591026148,0.9860052029912447,0.6464802538925041,885.0136115033215,1590.0701539168356
1.5615999999999999,-0.4614982919376445,-13.62023293271749,-13.63017399274041,0.009941060022919466,0.01447262532184368,0.01447262532184368,-64.64168151227047,0.9859853564447187,0.650052549188287,895.4010243770957,1600.596240114982
1.5624,-0.45970119578144225,-13.639843233014965,-13.649897791674274,0.01005455865930899,0.01451438399089966,0.01451438399089966,-64.54646533815327,0.985965338704299,0.6536575562277945,906.0095287735564,1611.2380423092168
1.5632000000000001,-0.457908519827271,-13.6595124717681,-13.669680418541448,0.0101679467733482,0.014551246073551738,0.014551246073551738,-64.45247668939888,0.9859451647937225,0.6572948881062712,916.8454424642957,1621.9967609791595
1.564,-0.45612023024467757,-13.679240585429103,-13.689521975828656,0.01028139039955285,0.01458372659391216,0.01458372659391216,-64.35953732223041,0.9859248481221964,0.6609642305667902,927.9152899858884,1632.873561639457
1.5648,-0.45433629497572536,-13.699027583773569,-13.709422602162643,0.010395018389074832,0.014612274540240833,0.014612274540240833,-64.2675079310256,0.9859044006166919,0.6646653355076673,939.2258137639595,1643.869570337537
1.5655999999999999,-0.4525566842992681,-13.718873533754422,-13.729382465741537,0.010508931987114868,0.014637277812312277,0.014637277812312277,-64.17627842010774,0.9858838328504215,0.6683980150304774,950.7839851851207,1654.9858692320115
1.5664,-0.45078137111684846,-13.738778547467723,-13.749401759197404,0.010623211729680088,0.014659069874653596,0.014659069874653596,-64.08576083083175,0.9858631541686699,0.672162135847929,962.5970156563181,1666.2234920701158
1.5672000000000001,-0.44901033104422583,-13.75874277309029,-13.769480695554217,0.010737922463926282,0.014677936691498417,0.014677936691498417,-63.995884146644414,0.9858423728107605,0.6759576140132573,974.6723677109403,1677.5834194216193
1.568,-0.44724354237265396,-13.778766387987924,-13.789619505028224,0.010853117040299808,0.014694123275830862,0.014694123275830862,-63.90659043996575,0.9858214960264141,0.6797844099841845,987.0177662279401,1689.0665735584955
1.5688,-0.4454809859478166,-13.798849593424682,-13.80981843248027,0.010968839055587763,0.01470783957194044,0.01470783957194044,-63.81783198646176,0.9858005301848694,0.6836425240504649,999.6412098304241,1700.6738128924846
1.5695999999999999,-0.4437226450005699,-13.818992610465381,-13.830077735375717,0.01108512491033408,0.014719265598330367,0.014719265598330367,-63.72956908391259,0.985779480875705,0.687531992143954,1012.5509825257635,1712.4059258997513
1.5704,-0.44196850495366347,-13.83919567677565,-13.850397682141741,0.011202005366091549,0.014728555868259718,0.014728555868259718,-63.64176838910296,0.9857583530007624,0.691452882040313,1025.755665643779,1724.2636244719902
1.5712000000000002,-0.4402185532205647,-13.859459044103371,-13.87077855083785,0.011319506734480692,0.014735843156188366,0.014735843156188366,-63.55440163886877,0.9857371508570814,0.6954052899461045,1039.2641501231049,1736.2475366400863
1.572,-0.43847277900709025,-13.879782976282154,-13.891220628074809,0.011437651792653651,0.014741241686806461,0.014741241686806461,-63.46744465871378,0.9857158782110477,0.6993893374570144,1053.08564919,1748.3581986188822
1.5728,-0.436731173122342,-13.900167747637973,-13.911724208131558,0.011556460493583463,0.014744849828844053,0.014744849828844053,-63.38087658843313,0.9856945383642317,0.703405168863874,1067.22971146844,1760.5960461222135
1.5735999999999999,-0.43499372780270484,-13.920613641709616,-13.932289592231033,0.011675950521417499,0.014746752367045701,0.014746752367045701,-63.29467927280588,0.9856731342115146,0.7074529487797561,1081.7062345555582,1772.961404895592
1.5744,-0.43326043655069646,-13.941120950215378,-13.952917087944048,0.011796137728671474,0.01474702241984005,0.01474702241984005,-63.20883677887024,0.985651668292186,0.7115328600587388,1096.5254790925005,1785.454480411147
1.5752000000000002,-0.43153129398920526,-13.961689972214344,-13.973607008697272,0.01191703648292653,0.014745723057274063,0.014745723057274063,-63.123335010873774,0.985630142834707,0.7156451019772215,1111.698083357327,1798.0753466652336
1.576,-0.42980629573084794,-13.982321013422503,-13.99435967336583,0.01203865994332783,0.014742908670086763,0.014742908670086763,-63.038161401302126,0.9856085597958264,0.7197898886491351,1127.2350784034215,1810.8239340143302
1.5768,-0.4280854382616583,-14.00301438565284,-14.015175405935468,0.012161020282628086,0.014738626129542354,0.014738626129542354,-62.95330466136605,0.9855869208946987,0.7239674476481867,1143.1479037642712,1823.7000159792556
1.5776,-0.42636871883805577,-14.023770406355386,-14.036054535221886,0.012284128866502205,0.014732915771958233,0.014732915771958233,-62.86875457839771,0.9855652276426078,0.728178018812312,1159.4484237427564,1836.703194941637
1.5784,-0.42465613539593927,-14.044589398238294,-14.056997394637483,0.012407996399186806,0.014725812236406455,0.014725812236406455,-62.78450185039081,0.9855434813688406,0.7324218532079302,1176.1489443008406,1849.832886649706
1.5792000000000002,-0.42294768647071096,-14.065471688955027,-14.078004321997454,0.012532633042426996,0.014717345179576569,0.014717345179576569,-62.70053795018719,0.9855216832431978,0.7366992122340204,1193.2622305627635,1863.0883034433825
1.58,-0.4212433711270344,-14.086417610845736,-14.09907565935886,0.01265804851312338,0.014707539887297116,0.014707539887297116,-62.616855013413144,0.9854998342955831,0.7410103668477968,1210.8015249423765,1876.4684361007655
1.5808,-0.4195431888972576,-14.107427500723366,-14.120211752887279,0.01278425216391422,0.014696417798290895,0.014696417798290895,-62.533445745574014,0.9854779354330512,0.7453555968965517,1228.7805659021446,1889.9720341997536
1.5816,-0.4178471397274663,-14.12850169969678,-14.141412952746776,0.012911253049996966,0.014683996954772738,0.014683996954772738,-62.450303344667276,0.9854559874546501,0.7497351905416338,1247.2136073480938,1903.5975848796054
1.5824,-0.41615522393025983,-14.149640553024739,-14.162679613009576,0.01303905998483847,0.014670292390633222,0.014670292390633222,-62.3674214364026,0.9854339910643529,0.7541494437626575,1266.1154386612232,1917.3432898776455
1.5832000000000002,-0.41446744214340925,-14.170844409995698,-14.184012091582488,0.013167681586791083,0.014655316466644308,0.014655316466644308,-62.28479401978752,0.9854119468823331,0.758598659931284,1285.5014053615073,1931.2070407061374
1.584,-0.4127837952936675,-14.19211362382936,-14.20541075014768,0.01329712631831976,0.014639079160929214,0.014639079160929214,-62.202415421173626,0.9853898554548058,0.7630831494455635,1305.387430395678,1945.1863918232918
1.5848,-0.4111042845650898,-14.21344855159658,-14.226875954115759,0.013427402519179206,0.014621588320778756,0.014621588320778756,-62.120280255309204,0.9853677172626227,0.7676032294170336,1325.7900360340775,1959.2785316407262
1.5856,-0.4094289113712809,-14.23484955415481,-14.248408072589333,0.013558518434525633,0.014602849881839575,0.014602849881839575,-62.03838339223004,0.9853455327287916,0.7721592234034969,1346.7263663551014,1973.4802511971266
1.5864,-0.40775767733106366,-14.256316996096874,-14.27000747833582,0.01369048223894759,0.014582868059164866,0.014582868059164866,-61.95671992892336,0.9853233022250595,0.776751461181757,1368.2142102880584,1987.7879103145196
1.5872000000000002,-0.4060905842471544,-14.27785124571109,-14.291674547768125,0.013823302057034362,0.014561645514447719,0.014561645514447719,-61.87528516506867,0.9853010260776833,0.781380278555245,1390.2720251760888,2002.1974010392669
1.588,-0.4044276340874397,-14.299452674951208,-14.313409660932269,0.013956985981061876,0.014539183501653952,0.014539183501653952,-61.79407458213838,0.985278704572495,0.7860460171919732,1412.9189608104107,2016.7041081546256
1.5888,-0.40276882896852445,-14.321121659414814,-14.33521320150114,0.014091542086327803,0.014515481995601931,0.014515481995601931,-61.71308382534847,0.9852563379593542,0.7907490244891198,1436.1748838750732,2031.3028665357447
1.5896,-0.40111417114127446,-14.34285857832906,-14.357085556773493,0.014226978444430688,0.014490539804342006,0.014490539804342006,-61.632308688007186,0.9852339264560666,0.795489653460849,1460.0604027274508,2045.9879151004473
1.5904,-0.3994636629780945,-14.364663814542812,-14.379027117677728,0.014363303134914997,0.014464354668405122,0.014464354668405122,-61.551745097894546,0.985211470251835,0.8002682626467397,1484.5968924238937,2060.75284709127
1.5912000000000002,-0.3978173069617133,-14.386537754524406,-14.401038278779838,0.014500524255432391,0.014436923348171149,0.014436923348171149,-61.47138910537802,0.985188969510308,0.8050852160379817,1509.8065198814827,2075.5905564047694
1.592,-0.3961751056753072,-14.408480788364361,-14.423119438295108,0.0146386499307467,0.014408241700891722,0.014408241700891722,-61.39123687299477,0.9851664243722698,0.8099408830196295,1535.7122690460337,2090.4931796639435
1.5928,-0.3945370617937667,-14.430493309782468,-14.445270998103172,0.014777688320704002,0.014378304749129711,0.014378304749129711,-61.31128466629082,0.9851438349580236,0.8148356383267165,1562.3379659124187,2105.452033708316
1.5936,-0.39290317807600206,-14.452575716138725,-14.467493363766062,0.01491764762733733,0.014347106741126936,0.014347106741126936,-61.23152884573984,0.9851212013694994,0.8197698620129185,1589.7083032159323,2120.4575481539064
1.5944,-0.3912734573581212,-14.474728408447797,-14.489786944549001,0.015058536101204278,0.014314641204066447,0.014314641204066447,-61.15196585961379,0.9850985236921265,0.824743939430106,1617.8488645823625,2135.4991926523803
1.5952000000000002,-0.38964790254739307,-14.496951791396537,-14.512152153443685,0.015200362047148197,0.014280900991934686,0.014280900991934686,-61.072592237619276,0.9850758019964968,0.8297582612177015,1646.7861478888165,2150.565398454588
1.596,-0.3880265166169101,-14.519246273364349,-14.534589407193836,0.015343133829486825,0.014245878327358241,0.014245878327358241,-60.99340458524897,0.9850530363398416,0.8348132233009274,1676.5475875472632,2165.643473859277
1.5968,-0.38640930260083667,-14.541612266446107,-14.55709912632286,0.015486859876755561,0.014209564839291033,0.014209564839291033,-60.914399578729565,0.98503022676735,0.8399092268967518,1707.1615753768826,2180.7195131029016
1.5976,-0.38479626359020647,-14.564050186477374,-14.579681735163403,0.015631548686030346,0.014171951596097188,0.014171951596097188,-60.83557396049762,0.9850073733133413,0.8450466785269629,1738.6574796796247,2195.7782982211384
1.5984,-0.3831874027291714,-14.58656045306177,-14.60233766188873,0.015777208826961174,0.014133029135393826,0.014133029135393826,-60.756924535119936,0.9849844760023154,0.8502259900375219,1771.065662074946,2210.803193388318
1.5992000000000002,-0.3815827232116894,-14.609143489600282,-14.625067338545746,0.01592384894546232,0.0140927874901422,0.0140927874901422,-60.67844816562151,0.9849615348498867,0.8554475786238296,1804.417491583502,2225.7760312161686
1.6,-0.3799822282785451,-14.631799723322416,-14.647871201089618,0.01607147776720177,0.014051216212067175,0.014051216212067175,-60.600141770165116,0.9849385498636258,0.8607118668609542,1838.7453553752562,2240.6769904709618
1.6008,-0.3783859212147181,-14.654529585319047,-14.670749689419896,0.016220104100849432,0.014008304392632454,0.014008304392632454,-60.52200231901833,0.9849155210438099,0.8660192827388457,1874.0826655136125,2255.484464646513
1.6016,-0.37679380534703594,-14.67733351057684,-14.693703247417984,0.016369736841141937,0.013964040681230472,0.013964040681230472,-60.44402683182131,0.9848924483840938,0.8713702597019048,1910.463860933071,2270.1749208123606
1.6024,-0.3752058840420566,-14.700211938014174,-14.716732322985997,0.01652038497182366,0.013918413301666988,0.013918413301666988,-60.366212375065075,0.9848693318721211,0.8767652366922922,1947.9244037826381,2284.722748142088
1.6032000000000002,-0.3736221607042075,-14.723165310518464,-14.739837368086876,0.016672057568412016,0.013871410066656154,0.013871410066656154,-60.288556059792455,0.9848461714900645,0.8822046581972618,1986.5007691491157,2299.100095516775
1.604,-0.37204263877410493,-14.74619407498487,-14.763018838785747,0.01682476380087563,0.013823018390553443,0.013823018390553443,-60.21105503949194,0.9848229672151156,0.8876889742997952,2026.2304270430284,2313.2766975960963
1.6048,-0.3704673217270523,-14.769298682356276,-14.786277195292492,0.0169785129362176,0.013773225300667491,0.013773225300667491,-60.13370650814153,0.9847997190199289,0.8932186407323682,2067.151815383363,2327.219688754681
1.6056,-0.36889621307170206,-14.792479587664477,-14.809612902005437,0.01713331434095814,0.013722017446980317,0.013722017446980317,-60.05650769841945,0.9847764268730184,0.898794118933792,2109.304302554789,2340.8934042972737
1.6064,-0.3673293163488553,-14.815737250072612,-14.833026427556192,0.017289177483580106,0.013669381111071743,0.013669381111071743,-59.97945588002756,0.9847530907391169,0.9044158761088756,2152.7281379313304,2354.2591683954556
1.6072000000000002,-0.36576663513037316,-14.839072132918684,-14.85651824485558,0.01744611193689698,0.013615302213452196,0.013615302213452196,-59.90254835814709,0.9847297105795052,0.9100843852905117,2197.4643885619794,2367.2750682337546
1.608,-0.36420817301824393,-14.862484703760279,-14.880088831140652,0.017604127380370278,0.01355976631998601,0.01355976631998601,-59.82578247199737,0.9847062863522986,0.9158001254048522,2243.5548599961817,2379.895713917454
1.6088,-0.3626539336436815,-14.885975434420368,-14.903738668022783,0.017763233602416734,0.013502758647518931,0.013502758647518931,-59.749155593482676,0.9846828180127223,0.9215635813380785,2291.041998988722,2392.0719837840006
1.6096,-0.3611039206663722,-14.90954480103414,-14.92746824153679,0.01792344050264953,0.013444264068539269,0.013444264068539269,-59.67266512594101,0.9846593055133476,0.9273752440061296,2339.968775564391,2403.7507548760723
1.6104,-0.35955813777378487,-14.93319328409694,-14.951278042191099,0.018084758094155478,0.013384267115156945,0.013384267115156945,-59.596308502938086,0.9846357488043109,0.933235610426444,2390.3785416426026,2414.874618487035
1.6112000000000002,-0.3580165886805225,-14.95692136851325,-14.97516856501894,0.01824719650569083,0.013322751982059344,0.013322751982059344,-59.520083187174535,0.9846121478335184,0.9391451837915006,2442.3148631205245,2425.3815808814875
1.612,-0.3564792771277903,-14.980729543646671,-14.999140309630567,0.018410765983897643,0.013259702529296646,0.013259702529296646,-59.44398666942328,0.984588502546821,0.94510447354502,2495.821321992339,2435.2047495336274
1.6128,-0.354946206882878,-15.00461830337101,-15.023193780266554,0.01857547689554264,0.013195102283873439,0.013195102283873439,-59.368016467531994,0.984564812888183,0.9511139954596676,2550.9412847427484,2444.272005523648
1.6136,-0.3534173817387138,-15.028588146122303,-15.047329485852018,0.01874133972971123,0.013128934441397178,0.013128934441397178,-59.292170125487935,0.9845410787998312,0.957174271716956,2607.717632898594,2452.5056630940257
1.6144,-0.35189280551346225,-15.052639574951915,-15.071547940051943,0.01890836510003165,0.013061181866532934,0.013061181866532934,-59.21644521252006,0.9845173002223919,0.9632858309890138,2666.1924512580363,2459.8221178064064
1.6152000000000002,-0.35037248205015703,-15.0767730975806,-15.0958496613275,0.01907656374690045,0.012991827093685515,0.012991827093685515,-59.14083932224529,0.9844934770950169,0.9694492085221564,2726.406668947892,2466.1314852654787
1.616,-0.348856415216386,-15.100989226453676,-15.120235172993402,0.01924594653972653,0.012920852326601562,0.012920852326601562,-59.06535007186049,0.984469609355496,0.975664946222518,2788.3996480960996,2471.337233001824
1.6168,-0.3473446089039932,-15.125288478797138,-15.144705003276318,0.019416524479178424,0.012848239437857956,0.012848239437857956,-58.98997510136394,0.9844456969403624,0.9819335927433002,2852.2087145584546,2475.3358088446116
1.6176,-0.3458370670288203,-15.149671376674824,-15.169259685374287,0.019588308699465484,0.012773969967895482,0.012773969967895482,-58.914712072818524,0.9844217397849885,0.988255703573919,2917.868624822259,2478.016269980207
1.6184,-0.3443337935304781,-15.17413844704663,-15.193899757517258,0.019761310470628048,0.012698025123597745,0.012698025123597745,-58.83955866963105,0.9843977378236723,0.9946318411310211,2985.4109629432623,2479.2599178992896
1.6192000000000002,-0.3428347923721387,-15.19869022182773,-15.218625763028584,0.019935541200853838,0.01262038577669955,0.01262038577669955,-58.76451259587881,0.9843736909897179,1.001062574851208,3054.863461179099,2478.9399455958082
1.62,-0.34134006754034074,-15.22332723794889,-15.243438250387696,0.02011101243880709,0.012541032461740542,0.012541032461740542,-58.68957157565339,0.9843495992155112,1.0075484812854765,3126.249237892702,2476.921104709198
1.6208,-0.33984962304484395,-15.2480500374178,-15.268337773293837,0.020287735876035853,0.01245994537345041,0.01245994537345041,-58.614733352415755,0.9843254624325828,1.0140901441957624,3199.5859463465695,2473.0594018068155
1.6216,-0.3383634629184662,-15.27285916738151,-15.293324890730851,0.020465723349341984,0.012377104364418301,0.012377104364418301,-58.539995688397156,0.9843012805716739,1.0206881546528876,3274.884828237371,2467.201834695216
1.6224,-0.33688159121696637,-15.29775518018992,-15.31840016703314,0.020644986843217708,0.01229248894179591,0.01229248894179591,-58.46535636401012,0.9842770535627906,1.0273431111366047,3352.149666278468,2459.1861815260754
1.6232,-0.33540401201892145,-15.32273863346035,-15.343564171952682,0.020825538492329494,0.012206078264341613,0.012206078264341613,-58.39081317726822,0.9842527813352585,1.0340556196371813,3431.375630884476,2448.8408575242447
1.624,-0.3339307294256274,-15.347810090143286,-15.368817480727294,0.02100739058400882,0.012117851138555125,0.012117851138555125,-58.31636394324504,0.9842284638177704,1.0408262937589925,3512.548017113177,2435.984856393122
1.6248,-0.3324617475610262,-15.372970118589148,-15.394160674149958,0.02119055556080946,0.012027786015153197,0.012027786015153197,-58.242006493525324,0.9842041009384275,1.0476557548260144,3595.6408695485393,2420.4277958222942
1.6256,-0.33099707057159977,-15.39821929261631,-15.419594338639374,0.02137504602306581,0.011935860984863211,0.011935860984863211,-58.16773867569867,0.9841796926247864,1.0545446319887009,3680.615494849242,2401.970088988536
1.6264,-0.3295367026263377,-15.423558191580188,-15.445119066311712,0.021560874731523523,0.011842053774216765,0.011842053774216765,-58.09355835284798,0.9841552388038903,1.0614935623333919,3767.418864320967,2380.403266439468
1.6272,-0.32808064791665315,-15.4489874004435,-15.470735455053525,0.02174805461002884,0.011746341740945354,0.011746341740945354,-58.01946340305055,0.9841307394023096,1.0685031909928746,3855.9819121928854,2355.5104751943777
1.6280000000000001,-0.3266289106563527,-15.474507509847806,-15.496444108596013,0.02193659874820546,0.011648701869148681,0.011648701869148681,-57.94545171890954,0.9841061943461691,1.0755741712594884,3946.2177393708557,2327.067184164184
1.6288,-0.3251814950815804,-15.500119116186138,-15.522245636590375,0.022126520404238244,0.011549110764462966,0.011549110764462966,-57.87152120707746,0.9840816035611826,1.0827071646995132,4038.019737383145,2294.842126937848
1.6296,-0.32373840545080335,-15.525822821676948,-15.54814065468461,0.022317833007661703,0.011447544648717667,0.011447544648717667,-57.79766978780471,0.9840569669726758,1.089902841270112,4131.2596530912915,2258.598514408832
1.6304,-0.3222996460447629,-15.55161923443928,-15.574129784601505,0.0225105501622264,0.011343979354251132,0.011343979354251132,-57.723895394490086,0.9840322845056158,1.0971618794376303,4225.785621541635,2218.095550397806
1.6312,-0.32086522116647087,-15.577508968569166,-15.600213654217939,0.02270468564877199,0.01123839031862417,0.01123839031862417,-57.65019597325329,0.9840075560846319,1.10448496629832,4321.420202079031,2173.0902830902105
1.6320000000000001,-0.3194351351411911,-15.603492644217397,-15.626392897645653,0.022900253428257,0.011130752578310421,0.011130752578310421,-57.57656948248762,0.9839827816340377,1.1118727977009082,4417.958461470525,2123.3398234418028
1.6328,-0.3180093923164111,-15.629570887668535,-15.652668155313215,0.023097267644677896,0.011021040762898338,0.011021040762898338,-57.50301389246804,0.9839579610778554,1.1193260783709016,4515.166157156947,2068.6039583681377
1.6336,-0.31658799706186214,-15.655744331421326,-15.679040074049533,0.02329574262820632,0.01090922908832681,0.01090922908832681,-57.4295271849236,0.9839330943398281,1.1268455220376148,4612.77808363822,2008.6481811584306
1.6344,-0.315170953769498,-15.682013614270417,-15.705509307168708,0.0234956928982906,0.010795291350746083,0.010795291350746083,-57.356107352636315,0.9839081813434425,1.1344318515625933,4710.496655060577,1943.2471537822205
1.6352,-0.31375826685350167,-15.70837938138948,-15.732076514556326,0.023697133166844603,0.010679200919469167,0.010679200919469167,-57.28275239904989,0.9838832220119434,1.1420857990705144,4807.990806841566,1872.1886052421319
1.6360000000000001,-0.3123499407502904,-15.734842284415809,-15.758742362757282,0.023900078341471898,0.01056093072980957,0.01056093072980957,-57.20946033788404,0.9838582162683489,1.1498081060821852,4904.895308030023,1795.2776565996535
1.6368,-0.31094597991853073,-15.761402981536223,-15.78550752506503,0.024104543528808017,0.010440453276203243,0.010440453276203243,-57.136229192744835,0.9838331640354631,1.1575995236497487,5000.81058329229,1712.3415465933133
1.6376,-0.30954638883912905,-15.788062137574597,-15.812372681612452,0.024310544037855663,0.01031774060436419,0.01031774060436419,-57.0630569967578,0.9838080652358933,1.1654608124937875,5095.303148050887,1623.2347118751436
1.6384,-0.30815117201526687,-15.814820424080764,-15.839338519464219,0.0245180953834552,0.010192764303724289,0.010192764303724289,-56.98994179218862,0.9837829197920573,1.1733927431432347,5187.9067613624575,1527.8441530333175
1.6392,-0.3067603339724096,-15.841678519420967,-15.866405732710732,0.024727213289761508,0.01006549549981628,0.01006549549981628,-56.91688163008636,0.9837577276261982,1.1813960960770589,5278.124397541188,1426.0949922442755
1.6400000000000001,-0.3053738792583105,-15.86863710886995,-15.893575022563775,0.024937913693825295,0.009935904845292498,0.009935904845292498,-56.843874569922114,0.9837324886603946,1.1894716618684034,5365.431128238205,1317.9561014442481
1.6408,-0.30399181244305856,-15.895696884704453,-15.920847097453713,0.025150212749257602,0.00980396251259208,0.00980396251259208,-56.7709186792269,0.9837072028165685,1.1976202413313517,5449.277990711578,1203.445652541172
1.6416,-0.3026141381190687,-15.922858546298553,-15.948222673128445,0.02536412682989292,0.00966963818439126,0.00966963818439126,-56.698012033258685,0.9836818700164981,1.205842645669543,5529.096894635777,1082.6364150015793
1.6424,-0.3012408609011322,-15.950122800220441,-15.975702472754097,0.025579672533656554,0.009532901045133713,0.009532901045133713,-56.62515271463426,0.9836564901818228,1.2141396966278306,5604.306588618291,955.6606031054275
1.6432,-0.2998719854264244,-15.977490360330984,-16.003287227017346,0.025796866686363242,0.009393719772106124,0.009393719772106124,-56.55233881300877,0.9836310632340545,1.2225122266458408,5674.319668773894,822.7140575117791
1.6440000000000001,-0.2985075163545391,-16.004961947884013,-16.030977674229717,0.026015726345702626,0.009252062525604288,0.009252062525604288,-56.479568424721116,0.9836055890945833,1.230961079014473,5738.550566035341,684.0595359177241
1.6448,-0.2971474583675126,-16.032538291628278,-16.058774560433527,0.02623626880525199,0.009107896939553939,0.009107896939553939,-56.40683965247273,0.9835800676846862,1.2394871080346384,5796.424397912226,540.0288878877053
1.6456,-0.29579181616985867,-16.060220127911276,-16.08667863950987,0.026458511598593144,0.008961190111790529,0.008961190111790529,-56.3341506049853,0.9835544989255318,1.2480911791788898,5847.386516500705,391.02390145000186
1.6464,-0.2944405944885887,-16.08800820078484,-16.114690673288333,0.026682472503492937,0.008811908593429507,0.008811908593429507,-56.261499396682034,0.9835288827381888,1.2567741692553551,5890.91253081594,237.51563532418874
1.6472,-0.29309379807325253,-16.115903262112575,-16.142811431658775,0.026908169546201337,0.008660018379146095,0.008660018379146095,-56.18888414735763,0.9835032190436315,1.2655369665746,5926.518531725254,80.04209131294711
1.6480000000000001,-0.2917514316959661,-16.143906071679243,-16.17104169268506,0.027135621005814972,0.008505484895636073,0.008505484895636073,-56.11630298185396,0.9834775077627435,1.27438047111918,5953.771206042796,-80.7958639721582
1.6488,-0.29041350015144507,-16.172017397302035,-16.199382242720763,0.027364845418725352,0.008348272991497652,0.008348272991497652,-56.043754029748115,0.983451748816326,1.2833055947158134,5972.297496877635,-244.34035200051005
1.6496,-0.28908000825703395,-16.200238014943864,-16.227833876527043,0.02759586158318447,0.008188346925351198,0.008188346925351198,-55.97123542502986,0.9834259421251014,1.2923132612105301,5981.7934538911795,-409.8840577193047
1.6503999999999999,-0.2877509608527568,-16.228568708828575,-16.256397397392536,0.02782868856396069,0.008025670354641079,0.008025670354641079,-55.89874530578484,0.983400087609716,1.3014044066467876,5982.031922639754,-576.6793944050149
1.6512,-0.2864263628013267,-16.25701027155836,-16.28507361725544,0.028063345697077278,0.007860206323584862,0.007860206323584862,-55.826281813884464,0.9833741851907492,1.3105799794460409,5972.868748293323,-743.9490443720916
1.6520000000000001,-0.2851062189882069,-16.285563504233128,-16.31386335682778,0.028299852594656512,0.007691917251008817,0.007691917251008817,-55.75384309467757,0.9833482347887126,1.319840940591957,5954.247215735835,-910.8975876022912
1.6528,-0.2837905343216306,-16.31422921657211,-16.342767445722004,0.028538229149892427,0.007520764918183431,0.007520764918183431,-55.681427296671544,0.9833222363240579,1.3291882638170416,5926.200513579105,-1076.7238680373198
1.6536,-0.28247931373264523,-16.343008227037636,-16.37178672257972,0.028778495542084826,0.0073467104555788865,0.0073467104555788865,-55.609032571235,0.9832961897171789,1.33862293579273,5888.852090369872,-1240.6337021532947
1.6543999999999999,-0.2811725621751499,-16.371901362961157,-16.400922035202974,0.029020672241819066,0.0071697143301321375,0.0071697143301321375,-55.53665707228377,0.9832700948884148,1.3481459563224818,5842.413862138114,-1401.8525104856292
1.6552,-0.2798702846259309,-16.400909460671503,-16.430174240687755,0.02926478001624929,0.00698973633143396,0.00698973633143396,-55.464298955979984,0.9832439517580541,1.3577583385380032,5787.182325224952,-1559.6374522822014
1.6560000000000001,-0.2785724860846953,-16.430033365625537,-16.459544205560015,0.029510839934473468,0.00680673555825706,0.00680673555825706,-55.391956380423856,0.9832177602463401,1.3674611090986877,5723.53272038311,-1713.288666736188
1.6568,-0.27727917157412785,-16.459273932541155,-16.48903280591423,0.029758873373075145,0.006620670404061002,0.006620670404061002,-55.31962750534932,0.9831915202734686,1.3772553083947283,5651.911477003968,-1862.159269556794
1.6576,-0.27599034613990536,-16.488632025532773,-16.51864092755449,0.03000890202171459,0.006431498542838199,0.006431498542838199,-55.24731049182919,0.9831652317595972,1.3871419907529243,5572.827234409398,-2005.6638173906883
1.6583999999999999,-0.27470601485075913,-16.518108518249246,-16.54836946613815,0.030260947888905737,0.006239176913766187,0.006239176913766187,-55.175003501965385,0.9831388946248427,1.3971222246466048,5486.8407862672275,-2143.2850297758796
1.6592,-0.2734261827984945,-16.547704294014366,-16.578219327322266,0.030515033307901906,0.006043661706257808,0.006043661706257808,-55.10270469858775,0.9831125087892886,1.4071970929084232,5394.554321949423,-2274.5786429815435
1.6600000000000001,-0.27215085509805004,-16.57742024596995,-16.608191426912626,0.030771180942672997,0.005844908344158739,0.005844908344158739,-55.03041224496094,0.9830860741729831,1.4173676929472636,5296.600344536226,-2399.176356087879
1.6608,-0.2708800368875236,-16.607257277221585,-16.638286691015686,0.031029413794100864,0.005642871469603961,0.005642871469603961,-54.95812430446883,0.9830595906959453,1.427635136968238,5193.63063049162,-2516.7869111992622
1.6616,-0.26961373332822314,-16.63721630098713,-16.668506056193344,0.031289755206212126,0.005437504926362635,0.005437504926362635,-54.88583904033042,0.9830330582781647,1.438000552196797,5086.305563611043,-2627.1954218427386
1.6623999999999999,-0.26835194960469555,-16.667298240747947,-16.69885046962056,0.031552228872613636,0.0052287617434103595,0.0052287617434103595,-54.81355461528585,0.9830064768396066,1.4484650811061608,4975.284129592742,-2730.2611227343
1.6632,-0.2670946909247826,-16.69750403040297,-16.72932088924604,0.03181685884306901,0.005016594116796114,0.005016594116796114,-54.741269191302194,0.9829798463002114,1.459029881648998,4861.214802013366,-2825.9137579767867
1.6640000000000001,-0.2658419625196503,-16.727834614425735,-16.75991828395593,0.03208366953019297,0.004800953392418705,0.004800953392418705,-54.66898092926872,0.9829531665798985,1.4696961274926146,4744.727490219901,-2914.1488526168405
1.6648,-0.26459376964383874,-16.758290948024314,-16.79064363374064,0.03235268571632506,0.004581790047495815,0.004581790047495815,-54.596687988698505,0.9829264375985672,1.480465008258348,4626.426658976023,-2995.0221248571493
1.6656,-0.26335011757529764,-16.788873997304353,-16.821497929864908,0.032623932560551724,0.004359053671521451,0.004359053671521451,-54.52438852742068,0.9828996592761002,1.4913377297648034,4506.885672282457,-3068.643294662264
1.6663999999999999,-0.2621110116154305,-16.819584739435168,-16.852482175041036,0.032897435605870905,0.004132692947450778,0.004132692947450778,-54.45208070128266,0.9828728315323642,1.5023155142753317,4386.642362441469,-3135.169531301917
1.6672,-0.26087645708914164,-16.850424162819014,-16.88359738360557,0.033173220786553,0.003902655631577545,0.003902655631577545,-54.37976266384116,0.9828459542872114,1.5133996007496466,4266.195782052269,-3194.7987602387707
1.6680000000000001,-0.2596464593448695,-16.88139326726366,-16.91484458169929,0.03345131443562671,0.003668888533240988,0.003668888533240988,-54.30743256606631,0.9828190274604834,1.524591245099593,4146.004062213647,-3247.763021484951
1.6688,-0.2584210237546406,-16.912493064158202,-16.94622480745081,0.03373174329260902,0.0034313374939074492,0.0034313374939074492,-54.23508855602016,0.9827920509720103,1.5358917204494582,4026.4832749840552,-3294.322039777891
1.6696,-0.2572001557140952,-16.943724576652404,-16.977739111163707,0.03401453451130422,0.0031899473660814692,0.0031899473660814692,-54.162728778567846,0.9827650247416151,1.5473023174003797,3908.007181690363,-3334.7571340073005
1.6703999999999999,-0.25598386064254935,-16.97508883983938,-17.00938855550729,0.03429971566791199,0.002944661990795794,0.002944661990795794,-54.090351375051384,0.982737948689113,1.5588243442996796,3790.9077400989204,-3369.365561175546
1.6712,-0.2547721439830231,-17.006586900941933,-17.041174215711155,0.03458731476922355,0.0026954241756129704,0.0026954241756129704,-54.01795448299059,0.9827108227343148,1.57045912751438,3675.476241592809,-3398.455360255489
1.6720000000000002,-0.2535650112022924,-17.0382198195025,-17.07309717976355,0.03487736026104785,0.002442175670864799,0.002442175670864799,-53.945536235771016,0.9826836467970269,1.5822080117096584,3561.964953026912,-3422.3407346104523
1.6728,-0.2523624677909308,-17.06998866757685,-17.105158548613698,0.035169881036846554,0.0021848571462328437,0.0021848571462328437,-53.87309476232362,0.9826564207970538,1.5940723601319764,3450.5891455318433,-3441.337988748348
1.6736,-0.2511645192633398,-17.10189452993158,-17.137359436378134,0.035464906446552584,0.0019234081660215452,0.0019234081660215452,-53.80062818681558,0.9826291446542015,1.606053554896828,3341.529402967722,-3455.762016316927
1.6743999999999999,-0.249971171157818,-17.13393850424554,-17.169700970551144,0.03576246630560691,0.0016577671642608038,0.0016577671642608038,-53.7281346283292,0.9826018182882736,1.6181529972821107,3234.9341148869594,-3465.923321365681
1.6752,-0.2487824290365778,-17.16612170131524,-17.20218429221945,0.03606259090421111,0.0013878714187285368,0.0013878714187285368,-53.65561220054451,0.9825744416190791,1.6303721080256248,3130.9220718263978,-3472.125543751265
1.6760000000000002,-0.24759829848581077,-17.19844524526436,-17.23481055628115,0.03636531101679024,0.0011136570244048016,0.0011136570244048016,-53.583059011415855,0.9825470145664288,1.6427123276285176,3029.5850937774717,-3474.6634517610464
1.6768,-0.24641878511571186,-17.230910273757456,-17.26758093166916,0.03667065791170382,0.0008350588664143288,0.0008350588664143288,-53.51047316284642,0.9825195370501405,1.6551751166633513,2930.99063522027,-3473.8213601237553
1.6776,-0.24524389456053827,-17.26351793821801,-17.300496601579155,0.0369786633611493,0.000552010591832186,0.000552010591832186,-53.43785275036487,0.9824920089900376,1.6677619560880133,2835.184321765311,-3469.87192907627
1.6784,-0.24407363247864575,-17.29626940405077,-17.333558763702136,0.03728935965136733,0.0002644445809210083,0.0002644445809210083,-53.36519586279146,0.9824644303059524,1.6804743475647042,2742.192383976036,-3463.0752995941675
1.6792,-0.24290800455253303,-17.329165850868733,-17.366768630461763,0.037602779593031314,2.770808237073652e-05,-2.770808237073652e-05,-53.292500581906815,0.982436800917726,1.693313813784698,2652.02396321424,-3453.6785208227843
1.6800000000000002,-0.2417470164888906,-17.362208472724603,-17.40012742925653,0.037918956531926784,0.0003245176408768202,-0.0003245176408768202,-53.21976498211725,0.9824091207452105,1.7062818987986823,2564.6732723212035,-3441.9152277745147
1.6808,-0.24059067401864037,-17.395398478347083,-17.43363640270697,0.0382379243598916,0.0006260556953634477,-0.0006260556953634477,-53.14698713011218,0.9823813897082697,1.7193801683528467,2480.1216006450372,-3428.005530145933
1.6816,-0.23943898289697788,-17.428737091382004,-17.467296808907992,0.03855971752598791,0.0009323952368731625,-0.0009323952368731625,-53.07416508452819,0.9823536077267818,1.732610210230901,2398.3391584264173,-3412.1560763729262
1.6824,-0.23829194890341948,-17.46222555063837,-17.501109921686375,0.0388843710480074,0.001243610679637186,-0.001243610679637186,-53.00129689559551,0.9823257747206392,1.745973634602139,2319.2867599642946,-3394.560260555539
1.6832,-0.2371495778418477,-17.495865110339498,-17.53507703086371,0.03921192052421369,0.0015597778949540952,-0.0015597778949540952,-52.92838060479387,0.9822978906097501,1.7594720743755834,2242.917348421352,-3375.398543469727
1.6840000000000002,-0.23601187554055703,-17.5296570403794,-17.56919944252479,0.03954240214538876,0.0018809742464895862,-0.0018809742464895862,-52.855414244497894,0.9822699553140399,1.7731071855604417,2169.177367724688,-3354.8388624076515
1.6848,-0.23487884785228968,-17.5636026265845,-17.603478479291695,0.03987585270719466,0.0022072786258604538,-0.0022072786258604538,-52.78239583761862,0.9822419687534536,1.786880647632743,2098.0079888942273,-3333.0371079554075
1.6856,-0.23375050065429165,-17.59770317098082,-17.637915480603652,0.040212309622831184,0.0025387714896396574,-0.0025387714896396574,-52.709323397242294,0.9822139308479542,1.8007941639089022,2029.3461994103004,-3310.1376489639965
1.6864,-0.23262683984834592,-17.631959992066797,-17.6725118030028,0.04055181093600248,0.002875534897839316,-0.002875534897839316,-52.63619492626517,0.9821858415175279,1.8148494619253916,1963.1257650205087,-3286.2738898570847
1.6872,-0.231507871360828,-17.66637442509182,-17.70726882042606,0.040894395334238554,0.0032176525526210753,-0.0032176525526210753,-52.563008417022644,0.9821577006821812,1.8290482938257566,1899.2780737818648,-3261.5688470261834
1.6880000000000002,-0.2303936011427436,-17.700947822340698,-17.742187924503224,0.04124010216252724,0.00356520983854125,-0.00356520983854125,-52.48976185091563,0.9821295082619453,1.8433924367540835,1837.7328722229008,-3236.135733388562
1.6888,-0.22928403516976945,-17.735681553424172,-17.77727052486148,0.041588971437306,0.0039182938645012655,-0.0039182938645012655,-52.416453198026716,0.9821012641768772,1.8578836932556666,1778.4189033632347,-3210.0785422283034
1.6896,-0.2281791794423122,-17.77057700557568,-17.81251804943649,0.0419410438608098,0.004276993505925475,-0.004276993505925475,-52.34308041674166,0.9820729683470577,1.8725238916852622,1721.2644560076878,-3183.4926232220378
1.6904,-0.22707903998554516,-17.8056355839544,-17.84793194479019,0.042296360835793606,0.004641399448985339,-0.004641399448985339,-52.26964145335082,0.9820446206925955,1.8873148866222098,1666.19783428734,-3156.4652450856097
1.6912,-0.22598362284944423,-17.84085871195488,-17.88351367643549,0.04265496448061197,0.0050116042357331025,-0.0050116042357331025,-52.19613424166014,0.982016221133629,1.902258559293129,1613.1477558927725,-3129.0761405864773
1.6920000000000002,-0.22489293410884711,-17.87624783152336,-17.91926472916809,0.04301689764473039,0.005387702310713394,-0.005387702310713394,-52.12255670258733,0.9819877695903254,1.917356818002669,1562.0436868683587,-3101.3980307721235
1.6928,-0.22380697986349493,-17.91180440348097,-17.95518660740554,0.04338220392456994,0.00576979006905276,-0.00576979006905276,-52.048906743755765,0.9819592659828827,1.9326115985718282,1512.816120234798,-3073.4971261898727
1.6936,-0.22272576623807233,-17.94752990785399,-17.99128083553385,0.04375092767985961,0.006157965905629226,-0.006157965905629226,-51.975182259079205,0.9819307102315316,1.9480248647842857,1465.396805102124,-3045.4336036383966
1.6944,-0.22164929938225508,-17.983425844211315,-18.027548958261633,0.044123114050321245,0.0065523302661176785,-0.0065523302661176785,-51.90138112834322,0.9819021022565357,1.9635986088409931,1419.7189323400542,-3017.2620576182408
1.6952,-0.22057758547075645,-18.01949373200938,-18.063992540982262,0.04449880897287871,0.006952985699399505,-0.006952985699399505,-51.82750121678099,0.9818734419781937,1.979334851823162,1375.7172822980363,-2989.0319261551713
1.6960000000000002,-0.21951063070337393,-18.055735110944692,-18.100613170143948,0.04487805919925436,0.007360036911791212,-0.007360036911791212,-51.753540374636884,0.9818447293168397,1.995235644163733,1333.3283395217663,-2960.787891074767
1.6968,-0.21844844130502744,-18.092151541314188,-18.137412453628258,0.04526091231406974,0.007773590822353071,-0.007773590822353071,-51.67949643673094,0.9818159641928457,2.011303066127575,1292.490378899706,-2932.570253123692
1.6976,-0.21739102352581824,-18.128744604383684,-18.174392021137095,0.045647416753409505,0.008193756620471504,-0.008193756620471504,-51.605367222009704,0.9817871465266204,2.027539228300868,1253.1435271966582,-2904.4152825769415
1.6984,-0.2163383836410568,-18.165515902764472,-18.211553524588396,0.04603762182392496,0.00862064582520361,-0.00862064582520361,-51.53115053309051,0.9817582762386138,2.0439462720890638,1215.2298034911798,-2876.3555461533824
1.6992,-0.21529052795132392,-18.20246706079851,-18.24889863852089,0.046431577722378874,0.009054372345872252,-0.009054372345872252,-51.45684415580287,0.9817293532493153,2.0605263702249137,1178.6931416311866,-2848.420211193133
1.7000000000000002,-0.214247462782506,-18.239599724952193,-18.286429060507963,0.046829335555771054,0.009495052545389626,-0.009495052545389626,-51.38244585871757,0.9817003774792574,2.0772817272853636,1143.4793974553836,-2820.635328141219
1.7008,-0.21320919448584713,-18.27691556421913,-18.324146511581155,0.04723094736202309,0.009942805304547164,-0.009942805304547164,-51.30795339266588,0.9816713488490152,2.0942145802187078,1109.5363431965347,-2793.024092437624
1.7016,-0.212175729437992,-18.31441627053218,-18.362052736663333,0.0476364661311526,0.010397752089488677,-0.010397752089488677,-51.23336449025808,0.9816422672792079,2.1113271988815416,1076.8136511838666,-2765.607086943251
1.7024,-0.21114707404102917,-18.35210355918474,-18.400149505011864,0.04804594582712059,0.0108600170203772,-0.0108600170203772,-51.15867686538286,0.9816131326905014,2.128621886585811,1045.2628686939995,-2738.4025060383524
1.7032,-0.21012323472254205,-18.389979169261895,-18.438438610672108,0.048459441410213216,0.011329726942562957,-0.011329726942562957,-51.083888212706796,0.9815839450036078,2.1461009806566254,1014.8373855604068,-2711.426362520151
1.7040000000000002,-0.20910421793565442,-18.428044864081404,-18.476921872941457,0.048877008860053195,0.011807011500081899,-0.011807011500081899,-51.00899620715887,0.981554704139287,2.163766853000537,985.4923959383609,-2684.692678403746
1.7048,-0.20809003015906463,-18.466302431645005,-18.515601136844293,0.04929870519928812,0.012292003211427982,-0.012292003211427982,-50.93399850340744,0.9815254100183508,2.181621910684644,957.1848554333302,-2658.2136606972686
1.7056,-0.20708067789711473,-18.50475368510027,-18.554478273618145,0.04972458851787842,0.012784837547769712,-0.012784837547769712,-50.85889273532838,0.9814960625616582,2.199668596527592,929.8734346337044,-2631.999863182479
1.7064,-0.20607616767981157,-18.54340046321315,-18.593555181211265,0.05015471799811065,0.013285653013895171,-0.013285653013895171,-50.78367651546007,0.9814666616901228,2.2179093897010422,903.5184699409458,-2606.060335187152
1.7072,-0.20507650606288852,-18.582244630851786,-18.6328337847921,0.050589153940316295,0.013794591231032882,-0.013794591231032882,-50.70834743444806,0.9814372073247104,2.2363468063437564,878.081912460936,-2580.402758286852
1.7080000000000002,-0.20408169962784953,-18.62128807948163,-18.67231603727089,0.051027957789258824,0.014311797023651707,-0.014311797023651707,-50.63290306048549,0.9814076993864412,2.254983400187351,853.5272756061511,-2555.0335718240167
1.7088,-0.20309175498201074,-18.66053272767242,-18.712003919833787,0.051471192161362804,0.014837418507795519,-0.014837418507795519,-50.557340938729,0.9813781377963914,2.2738217631943463,829.8195819587501,-2529.958088081135
1.7096,-0.2021066787585451,-18.699980521617263,-18.751899442489886,0.05191892087262291,0.015371607183112701,-0.015371607183112701,-50.48165859071756,0.9813485224756953,2.2928645262089247,806.9253098578426,-2505.1805978940965
1.7104,-0.20112647761653796,-18.739633435664057,-18.79200464463144,0.05237120896738203,0.01591451802789834,-0.01591451802789834,-50.40585351376982,0.981318853345544,2.3121143596208698,784.8123400983442,-2480.7044674420267
1.7112,-0.20015115824102364,-18.779493472859823,-18.832321595607734,0.05282812274791223,0.016466309596694373,-0.016466309596694373,-50.32992318036983,0.9812891303271895,2.3315739740423624,763.449903062984,-2456.5322269011
1.7120000000000002,-0.19918072734304115,-18.819562665508133,-18.872852395312968,0.05328972980483401,0.01702714412192563,-0.01702714412192563,-50.25386503754615,0.9812593533419436,2.3512461209987796,742.8085265522141,-2432.66565160311
1.7128,-0.19821519165967444,-18.859843075740148,-18.913599174788608,0.053756099048459266,0.017597187618662247,-0.017597187618662247,-50.177676506229616,0.9812295223111808,2.3711335936331794,722.8599845272938,-2409.105836294522
1.7136,-0.19725455795409283,-18.9003367960996,-18.954564096840606,0.054227300741004895,0.01817660999245163,-0.01817660999245163,-50.10135498060328,0.9811996371563405,2.391239227425068,703.5772469394735,-2385.853263049068
1.7144,-0.196298833015617,-18.941045950142108,-18.995749356671897,0.054703406529787446,0.018765585151527375,-0.018765585151527375,-50.02489782743517,0.9811696977989246,2.4115659009243857,684.9344307818516,-2362.907863346278
1.7152,-0.19534802365973883,-18.9819726930493,-19.03715718253067,0.055184489481370586,0.019364291122542454,-0.019364291122542454,-49.94830238539922,0.9811397041605039,2.432116536499595,666.9067524688519,-2340.2690747902493
1.7160000000000002,-0.19440213672819628,-19.023119212258127,-19.078789836374852,0.05567062411672563,0.019972910170054092,-0.019972910170054092,-49.87156596437829,0.9811096561627141,2.4528941011023493,649.4704816221,-2317.935892906801
1.7168,-0.19346117908899763,-19.064487728105885,-19.120649614553354,0.05616188644746709,0.020591628920385574,-0.020591628920385574,-49.79468584475263,0.9810795537272621,2.4739016070469746,632.6028963182755,-2295.9069184237146
1.7176,-0.19252515763648054,-19.10608049449142,-19.16273884850454,0.0566583540131179,0.021220638489808152,-0.021220638489808152,-49.717659276674794,0.9810493967759233,2.495142112807089,616.2822398357542,-2274.1804004070864
1.7184,-0.19159407929135303,-19.147899799552853,-19.2050599054724,0.05716010591954855,0.021860134617099902,-0.021860134617099902,-49.6404834793238,0.9810191852305459,2.516618723828329,600.4876789204073,-2252.754275597705
1.7192,-0.19066795100074346,-19.189947966362528,-19.247615189241067,0.057667222878539016,0.02251031780053836,-0.02251031780053836,-49.563155640144984,0.9809889190130506,2.5383345933586603,585.1992635774682,-2231.6262042638887
1.7200000000000002,-0.189746779738248,-19.23222735363958,-19.290407140888128,0.058179787248549775,0.0231713934401796,-0.0231713934401796,-49.4856729140735,0.980958598045432,2.560292923296188,570.3978883850376,-2210.7936028621007
1.7208,-0.1888305725039739,-19.27474035648067,-19.33343823955741,0.05869788307673919,0.023843571984514256,-0.023843571984514256,-49.40803242273576,0.9809282222497612,2.5824969650549363,556.0652553155137,-2190.253673773053
1.7216,-0.18791933632458954,-19.31748940710955,-19.376711003251824,0.05922159614227304,0.024527069083205788,-0.024527069083205788,-49.33023125363511,0.9808977915481856,2.6049500204496345,542.1838380436119,-2170.0034323593836
1.7224,-0.18701307825337038,-19.360476975645856,-19.4202279896468,0.05975101400094398,0.025222105744262535,-0.025222105744262535,-49.25226645931724,0.9808673058629315,2.6276554425993046,528.7368477133793,-2150.039731571
1.7232,-0.18611180537024555,-19.403705570893884,-19.46399179692508,0.060286226031194684,0.02592890849791729,-0.02592890849791729,-49.1741350565166,0.9808367651163049,2.6506166368507555,515.7082001318028,-2130.359284305522
1.7240000000000002,-0.18521552478184983,-19.447177741151847,-19.50800506463341,0.06082732348156217,0.026647709565395417,-0.026647709565395417,-49.0958340252794,0.9808061692306923,2.6738370617223124,503.08248435264596,-2110.95868371432
1.7248,-0.18432424362156025,-19.49089607504241,-19.552270474561997,0.06137439951958711,0.027378747034731532,-0.027378747034731532,-49.01736030806917,0.9807755181285643,2.697320229868141,490.8449326112068,-2091.834421628861
1.7256,-0.1834379690495525,-19.534863202365035,-19.596790751647323,0.06192754928228964,0.028122265042384242,-0.028122265042384242,-48.938710808847645,0.9807448117324746,2.7210697090644893,478.9813915686155,-2072.982905267592
1.7264,-0.182556708252847,-19.57908179497082,-19.641568664899037,0.06248686992821711,0.028878513961558383,-0.028878513961558383,-48.85988239213244,0.9807140499650625,2.7450891232175936,467.4782948226996,-2054.4004723703497
1.7272,-0.18168046844535268,-19.623554567660662,-19.68660702835181,0.06305246069114577,0.029647750598030598,-0.029647750598030598,-48.78087188203303,0.9806832327490541,2.769382153394454,456.322636641418,-2036.0834048949696
1.728,-0.18080925686791874,-19.66828427910737,-19.731908702042848,0.06362442293547431,0.030430238392625597,-0.030430238392625597,-48.70167606126402,0.9806523600072636,2.7939525388770567,445.501946874558,-2018.0279413995497
1.7288000000000001,-0.17994308078837518,-19.71327373280262,-19.77747659301606,0.06420286021344254,0.031226247631366277,-0.031226247631366277,-48.622291670127204,0.9806214316625961,2.818804078240494,435.00426699904017,-2000.2302882234608
1.7296,-0.17908194750159048,-19.75852577802934,-19.823313656353474,0.06478787832413468,0.032036055663866136,-0.032036055663866136,-48.54271540547365,0.9805904476380463,2.8439406304562502,424.8181272536667,-1982.686629570849
1.7304,-0.1782258643295122,-19.804043310860685,-19.86942289623511,0.06537958537442673,0.03285994712967977,-0.03285994712967977,-48.46294391963694,0.9805594078567018,2.8693661160208106,414.93252481930864,-1965.3931365914516
1.7312,-0.17737483862121126,-19.8498292751861,-19.915807367028,0.06597809184189854,0.03369821419306618,-0.03369821419306618,-48.38297381933819,0.9805283122417457,2.89508451811054,405.3369030015223,-1948.3459755458068
1.732,-0.1765288777529395,-19.89588666376557,-19.962470174405386,0.06658351063981446,0.03455115678718812,-0.03455115678718812,-48.3028016645633,0.9804971607164555,2.9210998837641746,396.02113137328155,-1931.5413151344503
1.7328000000000001,-0.17568798912817,-19.942218519313062,-20.009414476497295,0.06719595718423273,0.0354190828674632,-0.0354190828674632,-48.222423967409426,0.9804659532042055,2.9474163250930037,386.97548683650575,-1914.975333064009
1.7336,-0.17485218017764506,-19.9888279356098,-20.05664348507313,0.06781554946332814,0.03630230867429418,-0.03630230867429418,-48.141837190902464,0.9804346896284698,2.9740380205199743,378.19063556227644,-1898.644221917104
1.7344,-0.1740214583594271,-20.03571805864879,-20.104160466757822,0.06844240810903578,0.037201159006826856,-0.037201159006826856,-48.06103774778087,0.9804033699128215,3.0009692160489596,369.65761577075426,-1882.544194387038
1.7352,-0.17319583115894405,-20.082892087811256,-20.151968744282307,0.06907665647105217,0.03811596750665558,-0.03811596750665558,-47.98002199924867,0.9803719939809358,3.0282142265644985,361.36782131306853,-1866.671487933418
1.736,-0.17237530608904472,-20.130353277076306,-20.20007169776966,0.06971842069334884,0.0390470769532385,-0.0390470769532385,-47.898786253694105,0.9803405617565892,3.05577743716368,353.31298601875545,-1851.0223689098916
1.7368000000000001,-0.1715598906900284,-20.17810493626491,-20.24847276605818,0.07036782979326887,0.039994839570510976,-0.039994839570510976,-47.817326765370964,0.9803090731636659,3.083663304520287,345.48516877356036,-1835.5931362108902
1.7376,-0.1707495925297129,-20.22615043231916,-20.29717544806244,0.07102501574327887,0.040959617345833976,-0.040959617345833976,-47.73563973304676,0.9802775281261537,3.1118763582837223,337.8767392939237,-1820.380124480407
1.7384,-0.16994441920347314,-20.27449319061843,-20.346183304173962,0.07169011355553227,0.0419417823621302,-0.0419417823621302,-47.6537212986128,0.9802459265681482,3.1404212025123828,330.480364565512,-1805.3797069220207
1.7392,-0.16914437833428603,-20.323136696333215,-20.39549995770255,0.07236326136933537,0.042941717142525704,-0.042941717142525704,-47.571567545652016,0.9802142684138554,3.1693025171433415,323.28899591474055,-1790.5882977462263
1.74,-0.168349477572787,-20.372084495818275,-20.445129096359885,0.0730446005416082,0.043959815009941394,-0.043959815009941394,-47.48917449797148,0.980182553587591,3.1985250594997994,316.29585668335716,-1776.002354287954
1.7408000000000001,-0.16755972459730994,-20.421340198046465,-20.495074473786946,0.07373427574047896,0.04499648046044058,-0.04499648046044058,-47.40653811809133,0.9801507820137834,3.2280936658369868,309.4944304774486,-1761.618378824364
1.7416,-0.16677512711394407,-20.47090747608435,-20.545339911126558,0.07443243504220493,0.046052129552322185,-0.046052129552322185,-47.32365430568497,0.9801189536169737,3.2580132529284227,302.87844996357364,-1747.4329201205796
1.7424,-0.16599569285657453,-20.52079006861154,-20.595929298642904,0.07513923003136681,0.047127190311414324,-0.047127190311414324,-47.24051889598748,0.9800870683218192,3.288288819693357,296.4418861857857,-1733.442574728461
1.7432,-0.16522142958692898,-20.570991781484842,-20.64684659738957,0.07585481590472584,0.04822210315251141,-0.04822210315251141,-47.15712765814238,0.980055126053095,3.318925448867212,290.1789383786098,-1719.6439880615778
1.744,-0.16445234509463647,-20.62151648934912,-20.698095840927788,0.07657935157866468,0.04933732131939905,-0.04933732131939905,-47.07347629351322,0.9800231267356931,3.3499283087168323,284.08402425213285,-1706.033855267452
1.7448000000000001,-0.1636884471972677,-20.67236813729646,-20.749681137096978,0.07731299980051909,0.05047331134204569,-0.05047331134204569,-46.98956043393629,0.979991070294626,3.3813026548013636,278.15177072642,-1692.608921916329
1.7456,-0.1629297437403806,-20.723550742575224,-20.801606669839074,0.07805592726385227,0.0516305535144852,-0.0516305535144852,-46.90537563992752,0.979958956655029,3.413053831780739,272.37700509363066,-1679.3659845242112
1.7464,-0.16217624259758018,-20.77506839635111,-20.853876701079017,0.07880830472790529,0.052809542392139974,-0.052809542392139974,-46.82091739883364,0.9799267857421589,3.4451872752742467,266.7547465871409,-1666.3018909261802
1.7472,-0.1614279516705566,-20.826925265521744,-20.906495572663147,0.07957030714140123,0.05401078731040343,-0.05401078731040343,-46.736181122926766,0.979894557481398,3.477708513769496,261.28019833800573,-1653.4135405148593
1.748,-0.16068487888913366,-20.879125594587023,-20.959467708357824,0.08034211377080133,0.05523481292630095,-0.05523481292630095,-46.651162147444154,0.9798622717982562,3.5106231705848314,255.94873970003496,-1640.69788435744
1.7488000000000001,-0.1599470322113235,-20.93167370757721,-21.01279761591052,0.08112390833331067,0.05648215978260396,-0.05648215978260396,-46.56585572856677,0.9798299286183709,3.54393696588712,250.75591892564606,-1628.1519252035623
1.7496,-0.15921441962337457,-20.98457401004076,-21.06648988917554,0.08191587913477996,0.057753384897523574,-0.057753384897523574,-46.480257041334944,0.9797975278675083,3.5776557187663065,245.6974461755438,-1615.772717395393
1.7504,-0.158487049139812,-21.037830991094367,-21.120549210307068,0.08271821921270275,0.05904906237924479,-0.05904906237924479,-46.394361177502745,0.9797650694715674,3.6117853493691903,240.7691868460472,-1603.5573666900734
1.7512,-0.15776492880349624,-21.091449225537303,-21.17498035202187,0.08353112648456043,0.060369784068768695,-0.060369784068768695,-46.308163143322716,0.9797325533565795,3.646331881095182,235.96715519879965,-1591.5030300039837
1.752,-0.1570480666856709,-21.14543337603262,-21.22978817993435,0.08435480390172626,0.06171616021049431,-0.06171616021049431,-46.22165785726296,0.9796999794487097,3.681301442855645,231.2875082781911,-1579.6069150873846
1.7528000000000001,-0.1563364708859924,-21.199788195357755,-21.284977654966927,0.08518945960917247,0.06308882015298423,-0.06308882015298423,-46.13484014765177,0.9796673476742629,3.716700271399253,226.72654010262553,-1567.8662801372009
1.7536,-0.15563014953261475,-21.254518528726976,-21.34055383583823,0.08603530711125273,0.0644884130816763,-0.0644884130816763,-46.04770475024879,0.9796346579596776,3.7525347137075995,222.28067611656894,-1556.278433355125
1.7544,-0.15492911078219923,-21.30962931618885,-21.39652188163264,0.08689256544378954,0.06591560878416658,-0.06591560878416658,-45.9602463057361,0.979601910231536,3.788811229460637,217.9464678906211,-1544.8407324575082
1.7551999999999999,-0.1542333628199989,-21.36512559510107,-21.452887054453864,0.08776145935279271,0.0673710984511331,-0.0673710984511331,-45.872459357132,0.9795691044165576,3.825536393578507,213.72058805795925,-1533.55058414296
1.756,-0.1535429138598755,-21.42101250268613,-21.509654722166196,0.08864221948006913,0.06885559551375309,-0.06885559551375309,-45.784338347118954,0.9795362404416089,3.862716898839026,209.59982547560904,-1522.4054435230612
1.7568000000000001,-0.1528577721443682,-21.477295278670656,-21.566830361226703,0.0895350825560485,0.07036983651971696,-0.07036983651971696,-45.69587761528424,0.9795033182336994,3.900359558577175,205.58108059996297,-1511.4028135210744
1.7576,-0.15217794594474038,-21.533979268011954,-21.624419559612104,0.09044029160015198,0.07191458205045365,-0.07191458205045365,-45.60707139527154,0.9794703377199848,3.938471309467774,201.66136106621664,-1500.5402442431277
1.7584,-0.15150344356101947,-21.591069923715036,-21.68242801984405,0.09135809612901295,0.07349061768098863,-0.07349061768098863,-45.51791381183897,0.97943729882777,3.977059214395373,197.83777746205766,-1489.8153323259191
1.7591999999999999,-0.15083427332205546,-21.64857280974374,-21.740861562116734,0.09228875237299346,0.07509875498556084,-0.07509875498556084,-45.42839887781517,0.9794042014845091,4.016130465415179,194.10753928639795,-1479.2257202646372
1.76,-0.15017044358556494,-21.70649360402979,-21.79972612753104,0.09323252350124946,0.07673983259070383,-0.07673983259070383,-45.33852049096087,0.9793710456178084,4.055692386808479,190.46795108434432,-1468.7690957244317
1.7608000000000001,-0.14951196273818068,-21.764838101583635,-21.859027781439522,0.09418967985588549,0.0784147172792018,-0.0784147172792018,-45.24827243071467,0.979337831155427,4.095752438236527,186.91640875010975,-1458.4431908384763
1.7616,-0.14885883919549914,-21.823612217711307,-21.91877271690677,0.0951604991954628,0.08012430514679636,-0.08012430514679636,-45.15764835483898,0.9793045580252806,4.136318217997063,183.45039598994185,-1448.245781495348
1.7624,-0.14821108140213457,-21.882821991341565,-21.978967258290012,0.09614526694845385,0.08186952281556614,-0.08186952281556614,-45.066641795943,0.9792712261554404,4.177397466388115,180.06748093755056,-1438.1746866182164
1.7631999999999999,-0.14756869783176724,-21.94247358846775,-22.039617864944727,0.09714427647697899,0.08365132870653724,-0.08365132870653724,-44.97524615789125,0.9792378354741359,4.218998069183046,176.76531291488587,-1428.2277674381085
1.764,-0.14693169698718145,-22.002573305709284,-22.1007311350607,0.09815782935141307,0.0854707143748783,-0.0854707143748783,-44.88345471208444,0.9792043859097591,4.26112806122169,173.5416193314693,-1418.402926763245
1.7648000000000001,-0.14630008740033212,-22.06312757399757,-22.16231380963389,0.0991862356363185,0.08732870591148867,-0.08732870591148867,-44.791260593610815,0.9791708773908623,4.303795630123564,170.39420271585615,-1408.6981082462887
1.7656,-0.14567387763238046,-22.12414296239167,-22.22437277657988,0.10022981418821256,0.08922636541518614,-0.08922636541518614,-44.698656797266814,0.9791373098461629,4.347009120126925,167.32093787304075,-1399.1112956511352
1.7664,-0.1450530762737455,-22.185626182029182,-22.286915074995086,0.10128889296590225,0.09116479253793841,-0.09116479253793841,-44.60563617342811,0.9791036832045443,4.3907770360604,164.31976916201353,-1389.6405121207276
1.7671999999999999,-0.14443769194416592,-22.247584090217927,-22.34994789957168,0.10236380935375088,0.09314512610978909,-0.09314512610978909,-44.51219142378196,0.9790699973950555,4.4351080474528235,161.3887078879333,-1380.2838194472163
1.768,-0.1438277332927277,-22.31002369467458,-22.41347860517331,0.10345491049872749,0.09516854584597922,-0.09516854584597922,-44.4183150969021,0.9790362523469175,4.480010992786187,158.5258298035861,-1371.039317345646
1.7688000000000001,-0.14322320899792665,-22.37295215791647,-22.477514711578245,0.10456255366177603,0.09723627414246039,-0.09723627414246039,-44.32399958366308,0.9790024479895216,4.52549488390018,155.7292727151921,-1361.9051427322113
1.7696,-0.1426241277677184,-22.436376801813225,-22.542063908397484,0.1056871065842625,0.09934957796446042,-0.09934957796446042,-44.22923711249132,0.9789685842524322,4.5715689105536335,152.9972341877477,-1352.8794690080238
1.7704,-0.14203049833956666,-22.500305112305263,-22.60713406017551,0.10682894787024706,0.10150977083412727,-0.10150977083412727,-44.134019744437786,0.9789346610653872,4.618242445150413,150.32796934538192,-1343.9605053492032
1.7711999999999999,-0.14144232948048602,-22.56474474429618,-22.67273321168155,0.1079884673853696,0.10371821492230993,-0.10371821492230993,-44.03833936807045,0.9789006783583031,4.665525047636865,147.71978876241315,-1335.1464960040612
1.772,-0.14085962998709506,-22.62970352672702,-22.738869593400164,0.10916606667314513,0.1059763232522073,-0.1059763232522073,-43.942187694177676,0.9788666360612746,4.713426470579597,145.17105644101358,-1326.4357195979744
1.7728000000000002,-0.14028240868567246,-22.695189467840216,-22.805551627229818,0.11036215938960689,0.1082855620202281,-0.1082855620202281,-43.8455562502721,0.9788325341045757,4.7619566644312465,142.68018787158047,-1317.8264884465375
1.7736,-0.139710674432191,-22.761210760641923,-22.8727879323991,0.11157717175717757,0.11064745304292956,-0.11064745304292956,-43.74843637488671,0.9787983724186646,4.8111257829925655,140.2456481720687,-1309.31714787747
1.7744,-0.13914443611238836,-22.827775788571493,-22.940587331610285,0.11281154303879457,0.11306357633611697,-0.11306357633611697,-43.65081921165471,0.978764150934181,4.860944189081671,137.86595030280978,-1300.9060755616827
1.7752,-0.13858370264179173,-22.894893131387466,-23.00895885742074,0.11406572603327732,0.1155355728358245,-0.1155355728358245,-43.55269570316244,0.9787298695819532,4.911422460417596,135.53965335338827,-1292.5916808539057
1.776,-0.1380284829657884,-22.96257157128005,-23.07791175887313,0.11534018759307936,0.11806514726976047,-0.11806514726976047,-43.45405658456586,0.9786955282929957,4.962571395731226,133.2653608984306,-1284.372404143126
1.7768000000000002,-0.13747878605966007,-23.030820099220332,-23.14745550838591,0.11663540916557702,0.12065407118780058,-0.12065407118780058,-43.35489237695727,0.9786611269985137,5.014402021111936,131.0417194192164,-1276.2467162131359
1.7776,-0.13693462092864803,-23.099647921557327,-23.217599808916436,0.11795188735910686,0.12330418616386396,-0.12330418616386396,-43.25519338047387,0.9786266656299029,5.066925596603303,128.86741678824245,-1268.2131176133482
1.7784,-0.13639599660798127,-23.16906446687436,-23.288354601409416,0.11929013453506054,0.1260174071779261,-0.1260174071779261,-43.15494966713533,0.9785921441187542,5.120153623057897,126.74118081393286,-1260.270138040087
1.7792,-0.13586292216294643,-23.239079393116654,-23.359730072544135,0.12065067942747836,0.12879572619175406,-0.12879572619175406,-43.05415107339229,0.9785575623968524,5.174097849266028,124.66177784291924,-1252.416335728456
1.78,-0.1353354066889254,-23.30970259500344,-23.431736662794876,0.12203406779143389,0.13164121593007394,-0.13164121593007394,-42.95278719238478,0.9785229203961806,5.228770279369721,122.62801141732947,-1244.6502968548837
1.7808000000000002,-0.1348134593114483,-23.380944211737457,-23.50438507481949,0.12344086308203109,0.13455603388115378,-0.13455603388115378,-42.85084736587833,0.9784882180489209,5.284183180577344,120.63872098472748,-1236.97063495041
1.7816,-0.1342970891862406,-23.452814635026687,-23.577686282192005,0.12487164716531532,0.13754242653135407,-0.13754242653135407,-42.74832067588171,0.9784534552874573,5.340349091193289,118.69278065841029,-1229.3759903247392
1.7824,-0.13378630549928056,-23.525324517432992,-23.65165153849616,0.1263270210631664,0.14060273385024402,-0.14060273385024402,-42.645195935915474,0.9784186320443753,5.397280828978863,116.7890980259042,-1221.8650295010705
1.7832,-0.13328111746683574,-23.5984847810635,-23.726292386797265,0.12780760573376201,0.14373939404146086,-0.14373939404146086,-42.54146168192304,0.9783837482524672,5.454991499859842,114.92661300357221,-1214.436444661708
1.784,-0.13278153433552464,-23.672306626621694,-23.801620669511436,0.12931404288974382,0.1469549485798325,-0.1469549485798325,-42.43710616280249,0.978348803844731,5.513494507000061,113.10429673539026,-1207.0889531043915
1.7848000000000002,-0.132287565382358,-23.74680154283564,-23.877648538691645,0.13084699585599877,0.15025204755295363,-0.15025204755295363,-42.33211733054496,0.9783137987543749,5.572803560257685,111.32115053397536,-1199.8212967093245
1.7856,-0.13179921991479157,-23.821981316282322,-23.95438846675176,0.13240715046943724,0.1536334553290999,-0.1536334553290999,-42.22648282995243,0.9782787329148175,5.632932686045495,109.57620486209929,-1192.6322414168003
1.7864,-0.13131650727077748,-23.897858041627597,-24.03185325765053,0.13399521602293024,0.15710205657438792,-0.15710205657438792,-42.12018998792223,0.97824360625969,5.6938962376148226,107.8685183529621,-1185.5205767153639
1.7872,-0.13083943681880733,-23.974444132302757,-24.110056058558772,0.13561192625601803,0.1606608626441357,-0.1606608626441357,-42.01322580226969,0.9782084187228395,5.755708905785358,106.19717686759581,-1178.4851151404234
1.788,-0.1303680179579681,-24.051752331639783,-24.189010372034687,0.1372580403949081,0.16431301837474166,-0.16431301837474166,-41.90557693007072,0.9781731702383295,5.818385730144607,104.56129258784983,-1171.5246917831805
1.7888000000000002,-0.12990226011799474,-24.129795724488584,-24.268730068733262,0.13893434424467616,0.16806180930603887,-0.16806180930603887,-41.79722967549414,0.978137860740441,5.8819421107410585,102.96000314345812,-1164.6381638097846
1.7896,-0.12944217275930733,-24.208587749341206,-24.34922940067773,0.1406416513365261,0.1719106693641379,-0.1719106693641379,-41.68816997710357,0.9781024901636779,5.946393820296936,101.39247077177053,-1157.8244099905762
1.7904,-0.12898776537306722,-24.288142210988912,-24.430523015122255,0.1423808041333433,0.17586318903994425,-0.17586318903994425,-41.578383394595384,0.9780670584427666,6.011757016969223,99.85788150880221,-1151.082330239287
1.7912,-0.12853904748123066,-24.36847329374004,-24.512625969036893,0.14415267529685366,0.17992312409967326,-0.17992312409967326,-41.46785509494823,0.9780315655126579,6.078048257687364,98.35544441030663,-1144.410845162071
1.792,-0.1280960286365979,-24.449595575228038,-24.595553744248,0.1459581690199638,0.1840944048668689,-0.1840944048668689,-41.35656983794889,0.9779960113085284,6.145284512098873,96.88439080163481,-1137.8088956162017
1.7928000000000002,-0.12765871842284884,-24.53152404084074,-24.67932226326878,0.14779822242804055,0.1883811461199798,-0.1883811461199798,-41.244511961065356,0.9779603957657864,6.213483177155311,95.44397355518525,-1131.2754422783219
1.7936,-0.12722712645461356,-24.614274098804113,-24.763947905857325,0.14967380705321098,0.1927876576517633,-0.1927876576517633,-41.13166536362844,0.9779247188200685,6.282662092375329,94.03346639435537,-1124.8094652220443
1.7944,-0.12680126237750486,-24.69786159595543,-24.849447526341333,0.15158593038590032,0.1973184555419607,-0.1973184555419607,-41.018013490286535,0.9778889804072459,6.352839555819241,92.65216322287694,-1118.409963504791
1.7952,-0.1263811358681756,-24.78230283424295,-24.935838471751115,0.15353563750816732,0.20197827419877967,-0.20197827419877967,-40.90353931369606,0.9778531804634244,6.424034340816608,91.29937747853168,-1112.0759547636983
1.796,-0.12596675663436974,-24.867614587991792,-25.02313860080549,0.15552401281369993,0.20677207922904017,-0.20677207922904017,-40.78822531640067,0.9778173189249462,6.496265713487568,89.9744415102635,-1105.8064748204188
1.7968000000000002,-0.12555813441496397,-24.95381412197772,-25.111366303797297,0.15755218181957736,0.2117050812034904,-0.2117050812034904,-40.67205347186068,0.9777813957283938,6.569553451102036,88.6767059777273,-1099.6005772946812
1.7976,-0.12515527898002815,-25.0409192103536,-25.200540523428856,0.15962131307525965,0.21678275038880201,-0.21678275038880201,-40.55500522458071,0.9777454108105895,6.643917861325061,87.40553927240357,-1093.4573332264176
1.7984,-0.12475820013085692,-25.128948156475637,-25.29068077665027,0.16173262017463205,0.22201083252338094,-0.22201083252338094,-40.43706146928845,0.9777093641086012,6.719379802396601,86.16032695938627,-1087.3758307063165
1.7992,-0.1243669077000476,-25.21791981367972,-25.38180717755697,0.1638873638772473,0.22739536572407815,-0.22739536572407815,-40.3182025291095,0.9776732555597389,6.795960704301287,84.94047123907097,-1081.355174514632
1.8,-0.12398141155151991,-25.307853607061368,-25.47394046140669,0.16608685434532378,0.23294269861526118,-0.23294269861526118,-40.1984081326834,0.9776370851015626,6.873682590981667,83.74539042789317,-1075.3944857680879
