freq_ghz,s11_re,s11_im,s11_db,zactive_re_ohm,zactive_im_ohm
1.0,-0.12532420794226912,0.5719141668795722,-4.649693583615564,41.244594644474184,71.78356610673877
1.0008,-0.12231168219003107,0.5713848850959485,-4.666845407942655,41.521595780422814,72.0506629546963
1.0016,-0.1193136596558342,0.5708448330347675,-4.683939136071769,41.79953040145502,72.31711018457159
1.0024,-0.11633009726554565,0.5702941441976961,-4.700974885071884,42.07840083064612,72.58290375684146
1.0032,-0.11336095156206345,0.5697329505794156,-4.71795277522968,42.35820938470603,72.84803958514763
1.004,-0.11040617872145957,0.569161382682266,-4.734872929999527,42.63895837360888,73.11251353604563
1.0048,-0.10746573456875169,0.5685795695308345,-4.751735475953988,42.92065010021863,73.3763214287553
1.0056,-0.10453957459333087,0.567987638686487,-4.7685405427347645,43.20328685990909,73.63945903491081
1.0064,-0.10162765396404352,0.5673857162618401,-4.785288263004066,43.486870940178825,73.90192207831126
1.0072,-0.09872992754392526,0.5667739269351662,-4.801978772396536,43.77140462026187,74.16370623467235
1.008,-0.09584634990461355,0.5661523939647379,-4.818612209471505,44.05689017073205,74.42480713137786
1.0088,-0.09297687534042068,0.5655212392031002,-4.835188715665808,44.34332985310334,74.68522034723237
1.0096,-0.09012145788209318,0.5648805831112728,-4.851708435246999,44.63072591942429,74.94494141221425
1.0104,-0.0872800513102555,0.5642305447728829,-4.868171515266995,44.91908061186693,75.20396580722934
1.0112,-0.08445260916853636,0.5635712419082172,-4.884578105516259,45.20839616231166,75.46228896386587
1.012,-0.08163908477640222,0.5629027908882032,-4.900928358478306,45.49867479192497,75.7199062641495
1.0128,-0.07883943124168111,0.5622253067483081,-4.917222429284747,45.789918710733275,75.97681304030012
1.0136,-0.07605360147280116,0.5615389032023582,-4.93346047567073,46.08213011719046,76.2330045744889
1.0144,-0.07328154819074173,0.5608436926562762,-4.949642657930829,46.37531119773991,76.48847609859634
1.0152,-0.07052322394069468,0.5601397862217354,-4.965769138875368,46.66946412637155,76.74322279397232
1.016,-0.06777858110346105,0.5594272937297278,-4.981840083787175,46.96459106417239,76.9972397911959
1.0168,-0.06504757190656434,0.5587063237440446,-4.9978556603787885,47.26069415887241,77.25052216983755
1.0176,-0.06233014843510544,0.557976983574672,-5.0138160387500665,47.55777554438389,77.50306495822221
1.0184,-0.05962626264235642,0.5572393792910948,-5.029721391346217,47.85583734033507,77.75486313319314
1.0192,-0.0569358663600903,0.5564936157355101,-5.045571892916307,48.15488165159881,78.0059116198784
1.02,-0.054258911308671845,0.5557397965359511,-5.061367720472117,48.45491056781402,78.25620529145739
1.0208,-0.051595349106889295,0.5549780241193167,-5.07710905324748,48.755926162902576,78.50573896893036
1.0216,-0.04894513128155365,0.5542083997243079,-5.092796072658028,49.057930494579374,78.75450742088849
1.0224,-0.04630820927685976,0.5534310234142729,-5.108428962261273,49.36092560385623,79.00250536328593
1.0232,-0.04368453446350871,0.5526459940899517,-5.124007907717245,49.66491351454076,79.24972745921433
1.024,-0.041074058147613,0.5518534095021301,-5.139533096749417,49.9698962327279,79.49616831867775
1.0248,-0.0384767315793681,0.5510533662641934,-5.1550047191061115,50.27587574628637,79.74182249837132
1.0256,-0.03589250596151182,0.5502459598645864,-5.1704229665222625,50.58285402433799,79.9866845014605
1.0264,-0.033321332457569845,0.5494312846791727,-5.18578803268162,50.89083301673135,80.23074877736298
1.0272000000000001,-0.030763162199884092,0.5486094339834982,-5.201100113179341,51.19981465350904,80.47400972153285
1.028,-0.028217946297444806,0.5477804999649546,-5.216359405484976,51.509800844368236,80.71646167524686
1.0288,-0.025685635843511172,0.5469445737348446,-5.231566108905864,51.82079347811563,80.95809892539323
1.0296,-0.0231661819230409,0.5461017453403478,-5.246720424550908,52.13279442211504,81.19891570426275
1.0304,-0.020659535619925815,0.5452521037763868,-5.261822555294754,52.44580552172896,81.43890618934213
1.0312,-0.01816564802403123,0.5443957369973937,-5.276872705742347,52.75982859975381,81.67806450311087
1.032,-0.015684470238056074,0.5435327319289758,-5.291871082193916,53.07486545584841,81.91638471283999
1.0328,-0.013215953384210256,0.5426631744794838,-5.306817892610255,53.39091786595519,82.15386083039363
1.0336,-0.010760048610707038,0.5417871495514744,-5.321713346578514,53.707987581716395,82.39048681203424
1.0344,-0.008316707098090247,0.5409047410530803,-5.336557655278228,54.02607632988148,82.62625655823005
1.0352,-0.005885880065380368,0.5400160319092713,-5.351351031447859,54.34518581170973,82.86116391346617
1.036,-0.003467518776060262,0.5391211040730208,-5.366093689351635,54.6653177023649,83.09520266605841
1.0368,-0.0010615745438951473,0.538220038536373,-5.380785844746726,54.98647365030286,83.32836654797087
1.0376,0.0013320012614130804,0.5373129153414014,-5.395427714850955,55.30865527665399,83.56064923463668
1.0384,0.0037132572087212727,0.536399813591079,-5.410019518310661,55.631864174596366,83.79204434478238
1.0392,0.006082241800102212,0.5354808114600386,-5.424561475169104,55.95610190872412,84.02254544025578
1.04,0.00843900346564824,0.5345559862052381,-5.43905380683514,56.28137001440763,84.25214602585791
1.0408,0.010783590558421135,0.5336254141765271,-5.453496736052287,56.60766999714659,84.48083954917823
1.0416,0.013116051349554481,0.5326891708271092,-5.467890486868162,56.93500333191726,84.70861940043459
1.0424,0.015436434023487293,0.531747330723911,-5.482235284604245,57.263371462510975,84.93547891231637
1.0432,0.017744786673345732,0.5307999675578476,-5.496531355826039,57.59277580086709,85.16141135983268
1.044,0.020041157296454875,0.5298471541539921,-5.5107789283135435,57.92321772639784,85.3864099601644
1.0448,0.02232559378998234,0.528888962481647,-5.524978231032096,58.254698585305945,85.61046787252046
1.0456,0.02459814394671926,0.5279254636643158,-5.53912949410357,58.58721968989593,85.83357819799939
1.0464,0.02685885545097811,0.5269567279895795,-5.553232948777907,58.920782317877084,86.05573397945473
1.0472,0.02910777587462483,0.5259828249188735,-5.567288827405003,59.25538771166019,86.27692820136595
1.048,0.03134495267322607,0.52500382309717,-5.58129736340692,59.59103707764626,86.49715378971383
1.0488,0.033570433182316235,0.5240197903625643,-5.595258791250437,59.92773158550779,86.71640361186098
1.0496,0.03578426461378665,0.5230307937557612,-5.609173346419997,60.26547236746399,86.93467047643793
1.0504,0.03798649405237944,0.5220368995294737,-5.623041265390864,60.60426051754663,87.15194713323379
1.0512,0.04017716845230258,0.5210381731577185,-5.636862785602758,60.94409709086049,87.36822627309338
1.052,0.04235633463394773,0.5200346793450226,-5.650638145433716,61.28498310283525,87.58350052781915
1.0528,0.0445240392807142,0.5190264820355348,-5.66436758417432,61.626919528469905,87.79776247007884
1.0536,0.04668032893594435,0.5180136444220438,-5.678051342002246,61.969907301570586,88.01100461331986
1.0544,0.04882524999995082,0.5169962289549026,-5.691689659957136,62.31394731397996,88.22321941168858
1.0552,0.05095884872715327,0.515974297350862,-5.705282779915804,62.659040414799975,88.43439925995668
1.056,0.05308117122330643,0.5149479106018112,-5.718830944567742,63.005187409606705,88.64453649345327
1.0568,0.055192263442823374,0.5139171289834299,-5.732334397390936,63.35238905965749,88.85362338800353
1.0576,0.057292171186198115,0.5128820120637461,-5.745793382628037,63.70064608109124,89.06165215987443
1.0584,0.059380940097510465,0.5118426187116073,-5.759208145262794,64.0499591441205,89.26861496572636
1.0592,0.06145861566202858,0.5107990071050608,-5.7725789309968345,64.40032887221668,89.47450390257261
1.06,0.06352524320389305,0.5097512347396453,-5.785905986226737,64.75175584128732,89.67931100774537
1.0608,0.06558086788388565,0.5086993584365961,-5.7991895580214035,65.10424057884565,89.88302825886862
1.0616,0.06762553469728744,0.5076434343509595,-5.812429894099762,65.45778356317362,90.0856475738395
1.0624,0.06965928847180933,0.5065835179796252,-5.825627242808721,65.81238522247591,90.28716081081593
1.0632,0.07168217386561035,0.5055196641692677,-5.83878185310148,66.16804593402806,90.48755976821319
1.064,0.0736942353653884,0.5044519271242047,-5.851893974516117,66.52476602331585,90.6868361847072
1.0648,0.07569551728454607,0.5033803604141723,-5.864963857154409,66.88254576316747,90.88498173924664
1.0656,0.07768606376143686,0.5023050169820112,-5.877991751661077,67.24138537287888,91.08198805107313
1.0664,0.07966591875767458,0.5012259491512745,-5.8909779092031815,67.60128501733068,91.27784667974925
1.0672,0.08163512605652258,0.500143208633749,-5.903922581449896,67.96224480609852,91.47254912519621
1.068,0.08359372926134542,0.4990568465368958,-5.916826020552538,68.32426479255516,91.66608682773901
1.0688,0.08554177179412886,0.49796691337121024,-5.929688479124877,68.68734497296565,91.85845116816122
1.0696,0.08747929689407057,0.4968734590574983,-5.942510210223734,69.05148528557525,92.04963346776887
1.0704,0.08940634761622716,0.4957765329340764,-5.955291467329847,69.4166856096893,92.23962498846316
1.0712,0.09132296683023171,0.4946761837638877,-5.968032504329049,69.78294576474661,92.42841693282298
1.072,0.09322919721906762,0.4935724597415427,-5.980733575493669,70.15026550938502,92.61600044419704
1.0728,0.09512508127790191,0.49246540850028153,-5.9933949354642415,70.5186445404994,92.80236660680534
1.0735999999999999,0.09701066131298171,0.49135507711885573,-6.0060168392314885,70.88808249229335,92.98750644585138
1.0744,0.09888597944058306,0.4902415121283369,-6.0185995421185465,71.25857893532296,93.17141092764399
1.0752,0.10075107758601502,0.4891247595188481,-6.031143299763463,71.63013337553325,93.35407095972958
1.076,0.10260599748268358,0.4880048647462176,-6.043648368102,72.00274525328848,93.53547739103536
1.0768,0.10445078067120031,0.48688187273856254,-6.0561150033506195,72.3764139423941,93.71562101202261
1.0776,0.1062854684985508,0.48575582790279276,-6.068543461989828,72.75113874911304,93.89449255485174
1.0784,0.1081101021173079,0.48462677413104643,-6.080934000747684,73.12691891117392,94.07208269355785
1.0792,0.10992472248489432,0.4834947548070509,-6.093286876583617,73.50375359677274,94.24838204423773
1.08,0.11172937036289826,0.48235981281240964,-6.1056023466725,73.8816419035684,94.4233811652489
1.0808,0.11352408631642809,0.48122199053282255,-6.117880668388933,74.26058285766993,94.59707055741951
1.0816,0.11530891071352012,0.48008132986423024,-6.130122099291836,74.6405754126189,94.76944066427116
1.0824,0.11708388372458577,0.4789378722188921,-6.142326897109234,75.0216184483638,94.94048187225319
1.0832,0.11884904532190238,0.4777916585313951,-6.154495319723302,75.40371077022803,95.11018451098947
1.084,0.12060443527915059,0.47664272926459,-6.166627625155697,75.78685110787247,95.27853885353801
1.0848,0.12235009317098608,0.47549112441546576,-6.178724071553054,76.17103811424994,95.44553511666291
1.0856,0.12408605837265851,0.47433688352095066,-6.1907849171727865,76.55627036455529,95.61116346111986
1.0864,0.1258123700596646,0.4731800456636505,-6.202810420369102,76.94254635516778,95.77541399195421
1.0872,0.12752906720743956,0.47202064947752115,-6.214800839579221,77.32986450258765,95.93827675881283
1.088,0.1292361885910901,0.47085873315347193,-6.226756433309899,77.71822314236755,96.09974175626952
1.0888,0.13093377278515672,0.4696943344449098,-6.238677460124103,78.10762052803675,96.25979892416416
1.0896,0.13262185816341826,0.46852749067321486,-6.250564178627972,78.49805483002064,96.41843814795601
1.0904,0.134300482898726,0.46735823873315446,-6.262416847457988,78.88952413455414,96.5756492590913
1.0912,0.13596968496287107,0.4661866150982367,-6.274235725268338,79.28202644258886,96.73142203538487
1.092,0.13762950212648895,0.46501265582599727,-6.2860210707185695,79.67555966869632,96.88574620141735
1.0928,0.13927997195898942,0.4638363965632294,-6.297773142461397,80.07012163996416,97.03861142894628
1.0936,0.14092113182852298,0.46265787255115015,-6.309492199130768,80.46571009488855,97.1900073373332
1.0944,0.14255301890197364,0.4614771186305076,-6.32117849933014,80.86232268226067,97.33992349398554
1.0952,0.14417567014498076,0.46029416924663014,-6.3328323016209485,81.25995696004821,97.4883494148142
1.096,0.14578912232199343,0.4591090584544128,-6.344453864511324,81.6586103942732,97.63527456470729
1.0968,0.1473934119963458,0.457921819923251,-6.3560434464449935,82.05828035788333,97.7806883580192
1.0976,0.14898857553036668,0.4567324869419105,-6.3676013057904,82.45896412962095,97.92458015907664
1.0984,0.15057464908550947,0.4555410924233454,-6.379127700830043,82.86065889288602,98.06693928270063
1.0992,0.15215166862250892,0.4543476689094584,-6.3906228897499755,83.26336173459539,98.20775499474529
1.1,0.1537196699015661,0.4531522485758025,-6.40208713062958,83.667069644039,98.3470165126538
1.1008,0.155278688482551,0.45195486323623296,-6.413520681431461,84.07177951173036,98.48471300603106
1.1016,0.156828759725235,0.4507555443474979,-6.424923799991626,84.47748812825586,98.62083359723405
1.1024,0.15836991878954207,0.4495543230137813,-6.436296744009788,84.88419218311846,98.75536736197981
1.1032,0.15990220063582092,0.4483512299911894,-6.447639771039886,85.2918882635788,98.88830332997046
1.104,0.16142564002514428,0.4471462956921834,-6.458953138480842,85.70057285349431,99.0196304855376
1.1048,0.1629402715196214,0.4459395501899635,-6.470237103567435,86.1102423321535,99.14933776830371
1.1056,0.1644461294827375,0.4447310232227971,-6.481491923361431,86.52089297310958,99.2774140738626
1.1064,0.16594324807970837,0.44352074419829884,-6.492717854742871,86.9325209430101,99.40384825447855
1.1072,0.1674316612778546,0.44230874219766014,-6.503915154401527,87.34512230042506,99.52862911980408
1.108,0.16891140284699735,0.4410950459798259,-6.515084078828596,87.75869299467327,99.65174543761721
1.1088,0.1703825063598669,0.4398796839856261,-6.526224884308521,88.17322886464608,99.77318593457781
1.1096,0.17184500519253368,0.43866268434185446,-6.537337826911024,88.58872563763045,99.8929392970035
1.1104,0.1732989325248528,0.43744407486530124,-6.548423162483315,89.00517892813048,100.01099417166569
1.1112,0.17474432134092444,0.43622388306673915,-6.55948114664246,89.4225842366871,100.12733916660511
1.112,0.1761812044295743,0.4350021361548579,-6.570512034767958,89.84093694869864,100.24196285196797
1.1128,0.1776096143848429,0.43377886104015784,-6.5815160819944465,90.26023233323878,100.35485376086217
1.1136,0.1790295836064962,0.4325540843387922,-6.592493543204624,90.68046554187622,100.4660003902347
1.1144,0.18044114430054647,0.4313278323763668,-6.603444673022315,91.10163160749323,100.57539120176943
1.1152,0.1818443284797866,0.4301001311916945,-6.614369725805705,91.52372544310421,100.68301462280587
1.116,0.1832391679643422,0.42887100654050336,-6.625268955640755,91.94674184067605,100.7888590472798
1.1168,0.18462569438223084,0.4276404838991028,-6.63614261633477,92.3706754699481,100.89291283668467
1.1176,0.1860039391699394,0.42640858846800467,-6.646990961410131,92.79552087725422,100.99516432105531
1.1184,0.1873739335730097,0.4251753451755014,-6.657814244098202,93.22127248434569,101.09560179997284
1.1192,0.1887357086466363,0.4239407786812039,-6.668612717333366,93.64792458721604,101.19421354359237
1.12,0.1900892952562789,0.422704913379533,-6.679386633747261,94.07547135492842,101.29098779369238
1.1208,0.1914347240782802,0.42146777340317426,-6.690136245663131,94.50390682844444,101.38591276474685
1.1216,0.19277202560049994,0.4202293826264873,-6.7008618050903666,94.93322491945712,101.47897664501997
1.1224,0.19410123012295583,0.41898976466887744,-6.711563563719177,95.36341940922564,101.57016759768389
1.1232,0.19542236775847294,0.4177489428981271,-6.7222417729154085,95.79448394741378,101.65947376195876
1.124,0.19673546843334852,0.4165069404336843,-6.732896683715543,96.22641205093339,101.74688325427715
1.1248,0.19804056188801764,0.41526378014991744,-6.743528546821804,96.65919710278993,101.83238416947069
1.1256,0.19933767767773558,0.4140194846793255,-6.754137612597452,97.09283235093439,101.915964581981
1.1264,0.20062684517326348,0.4127740764157137,-6.764724131062184,97.52731090711916,101.99761254709398
1.1272,0.20190809356156258,0.4115275775173314,-6.775288351887704,97.96262574575883,102.07731610219803
1.1280000000000001,0.2031814518465003,0.4102800099099693,-6.785830524393425,98.39876970279808,102.15506326806658
1.1288,0.2044469488495572,0.40903139529002436,-6.796350897542315,98.83573547458353,102.23084205016416
1.1296,0.20570461321054828,0.40778175512752346,-6.806849719936867,99.27351561674416,102.30464043997772
1.1304,0.20695447338834588,0.406531110669114,-6.817327239815244,99.71210254307734,102.37644641637162
1.1312,0.2081965576616102,0.4052794829410196,-6.827783705047501,100.15148852444152,102.4462479469675
1.1320000000000001,0.20943089412952964,0.404026892751956,-6.838219363132004,100.59166568765895,102.51403298954943
1.1328,0.21065751071256142,0.402773360696019,-6.848634461191915,101.03262601442337,102.57978949349305
1.1336,0.21187643515318377,0.4015189071555303,-6.859029245971888,101.4743613402193,102.64350540122042
1.1344,0.21308769501664965,0.4002635523038555,-6.869403963834822,101.91686335324803,102.70516864967978
1.1352,0.2142913176917466,0.39900731610818646,-6.879758860758766,102.36012359336397,102.76476717185044
1.1360000000000001,0.21548733039156384,0.3977502183322887,-6.890094182333981,102.80413345102113,102.82228889827331
1.1368,0.21667576015426032,0.39649227853921926,-6.900410173760073,103.24888416622915,102.87772175860663
1.1376,0.21785663384384138,0.39523351609400886,-6.9107070798433,103.69436682752118,102.9310536832073
1.1384,0.2190299781509371,0.39397395016631453,-6.920985144993967,104.14057237093209,102.98227260473818
1.1392,0.22019581959358447,0.39271359973304065,-6.93124461322395,104.58749157898865,103.0313664598005
1.1400000000000001,0.2213541845180164,0.39145248358092516,-6.941485728144363,105.03511507971277,103.0783231905925
1.1408,0.22250509909945018,0.3901906203091012,-6.951708732963295,105.48343334563593,103.12313074659399
1.1416,0.22364858934288404,0.38892802833162127,-6.9619138704837145,105.93243669282887,103.16577708627652
1.1424,0.22478468108389335,0.3876647258799561,-6.972101383101467,106.3821152799433,103.20625017883971
1.1432,0.22591339998943022,0.38640073100546335,-6.9822715128033614,106.83245910726826,103.24453800597348
1.1440000000000001,0.22703477155862958,0.38513606158182384,-6.992424501165417,107.2834580158024,103.28062856364666
1.1448,0.22814882112361246,0.38387073530745214,-7.002560589351191,107.7351016863398,103.31450986392102
1.1456,0.22925557385029655,0.38260476970787627,-7.012680018110224,108.18737963857329,103.3461699367921
1.1464,0.23035505473920673,0.3813381821380897,-7.022783027776596,108.6402812302131,103.37559683205559
1.1472,0.23144728862628705,0.38007098978487713,-7.032869858267572,109.09379565612232,103.40277862120024
1.1480000000000001,0.23253230018371793,0.3788032096691082,-7.042940749082391,109.54791194747125,103.42770339932652
1.1488,0.23361011392073106,0.3775348586480099,-7.05299593930111,110.0026189709077,103.45035928709153
1.1496,0.2346807541844297,0.3762659534174053,-7.063035667583611,110.45790542774783,103.47073443267979
1.1504,0.23574424516060802,0.3749965105139311,-7.0730601721686535,110.913759853185,103.48881701380026
1.1512,0.23680061087457174,0.3737265463172274,-7.083069690873048,111.37017061551813,103.50459523970909
1.152,0.23784987519196288,0.3724560770520983,-7.09306446109096,111.82712591540178,103.51805735325837
1.1528,0.23889206181958245,0.3711851187906511,-7.103044719793264,112.28461378511574,103.52919163297072
1.1536,0.2399271943062142,0.36991368745440845,-7.113010703527016,112.7426220878562,103.53798639513934
1.1544,0.2409552960434527,0.36864179881639375,-7.122962648415037,113.20113851705028,103.54442999595426
1.1552,0.24197639026652615,0.3673694685031955,-7.132900790155562,113.66015059569105,103.54851083365348
1.156,0.24299050005512704,0.36609671199700244,-7.142825364022011,114.11964567569832,103.55021735070004
1.1568,0.2439976483342363,0.3648235446376185,-7.152736604862829,114.57961093730131,103.549538035984
1.1576,0.24499785787495137,0.3635499816244532,-7.16263474710143,115.04003338844619,103.54646142704992
1.1584,0.2459911512953152,0.36227603801848535,-7.172520024736235,115.50089986422992,103.54097611234904
1.1592,0.2469775510611425,0.36100172874420833,-7.182392671340779,115.96219702635798,103.53307073351651
1.16,0.24795707948684778,0.3597270685915477,-7.19225292006394,116.42391136262991,103.52273398767305
1.1608,0.24892975873627382,0.358452072217759,-7.20210100363022,116.8860291864511,103.50995462975142
1.1616,0.2498956108235172,0.35717675414930317,-7.211937154340131,117.34853663637176,103.4947214748468
1.1624,0.2508546576137564,0.3559011287836974,-7.221761604070666,117.81141967565519,103.47702340059132
1.1632,0.25180692082407796,0.35462521039134676,-7.231574584275842,118.2746640918737,103.45684934955261
1.164,0.2527524220243026,0.3533490131173522,-7.241376325987336,118.73825549653506,103.43418833165576
1.1648,0.25369118263780965,0.3520725509832979,-7.251167059815213,119.20217932473811,103.40902942662825
1.1656,0.25462322394236225,0.35079583788901986,-7.26094701594869,119.66642083485928,103.38136178646897
1.1664,0.25554856707093093,0.34951888761434746,-7.27071642415705,120.13096510827145,103.3511746379385
1.1672,0.25646723301251567,0.3482417138208325,-7.280475513790561,120.59579704909297,103.31845728507321
1.168,0.25737924261296896,0.34696433005345056,-7.2902245137815305,121.0609013839715,103.28319911172072
1.1688,0.2582846165758155,0.3456867497422872,-7.299963652645402,121.52626266189918,103.24538958409742
1.1696,0.2591833754630709,0.3444089862042029,-7.3096931584819425,121.99186525406269,103.20501825336734
1.1703999999999999,0.2600755396960621,0.34313105264447685,-7.3194132589765015,122.457693353728,103.1620747582423
1.1712,0.26096112955624323,0.3418529621584333,-7.329124181401335,122.92373097616013,103.11654882760277
1.172,0.2618401651860103,0.34057472773304925,-7.338826152617015,123.38996195857784,103.0684302831387
1.1728,0.2627126665895169,0.33929636224853976,-7.348519399073922,123.85636996014688,103.01770904201078
1.1736,0.2635786536334861,0.33801787847993015,-7.35820414681375,124.3229384620078,102.96437511953098
1.1743999999999999,0.2644381460480215,0.33673928909860384,-7.367880621471178,124.78965076734386,102.90841863186208
1.1752,0.2652911634274174,0.33546060667383637,-7.377549048275513,125.25649000148582,102.84982979873587
1.176,0.2661377252309652,0.3341818436743104,-7.387209652052462,125.72343911205586,102.78859894618968
1.1768,0.2669778507837612,0.332903012469611,-7.396862657225959,126.19048086915228,102.72471650932016
1.1776,0.2678115592775089,0.33162412533170665,-7.40650828782004,126.65759786557263,102.65817303505449
1.1784,0.2686388697713229,0.33034519443640964,-7.416146767460816,127.12477251707985,102.58895918493823
1.1792,0.26945980119252905,0.32906623186482165,-7.425778319378477,127.59198706270814,102.5170657379391
1.18,0.2702743723374615,0.32778724960476313,-7.4354031664093725,128.0592235651114,102.44248359326642
1.1808,0.27108260187226163,0.3265082595521821,-7.445021530998175,128.52646391095556,102.36520377320545
1.1816,0.2718845083336703,0.3252292735125516,-7.454633635200066,128.9936898113522,102.28521742596598
1.1824,0.27268011012982113,0.32395030320224627,-7.464239700683036,129.460882802338,102.20251582854489
1.1832,0.2734694255410309,0.322671360249906,-7.473839948730192,129.92802424539772,102.11709038960176
1.184,0.2742524727205866,0.3213924561977834,-7.483434600242147,130.395095328032,102.02893265234704
1.1848,0.2750292696955324,0.3201136025030726,-7.493023875739496,130.86207706437216,101.93803429744163
1.1856,0.2757998343674516,0.3188348105392281,-7.502607995365293,131.32895029583935,101.84438714590868
1.1864,0.27656418451324943,0.31755609159726195,-7.512187178887643,131.7956956918525,101.74798316205435
1.1872,0.27732233778593096,0.31627745688703063,-7.5217616457023215,132.2622937505824,101.64881445639979
1.188,0.27807431171537744,0.31499891753850606,-7.531331614835434,132.72872479975342,101.54687328862116
1.1888,0.2788201237091212,0.31372048460302926,-7.540897304946183,133.19496899749538,101.44215207049851
1.1896,0.27955979105311585,0.31244216905455385,-7.550458934329639,133.66100633324194,101.33464336887175
1.1904,0.28029333091250724,0.31116398179087046,-7.5600167209195925,134.12681662868115,101.22433990860381
1.1912,0.28102076033239903,0.3098859336348208,-7.569570882291447,134.59237953875382,101.11123457554942
1.192,0.28174209623861607,0.3086080353354964,-7.579121635665186,135.0576745527032,100.99532041952908
1.1928,0.2824573554384684,0.30733029756942204,-7.588669197908358,135.52268099517642,100.87659065730766
1.1936,0.2831665546215074,0.3060527309417289,-7.598213785539136,135.9873780273756,100.75503867557606
1.1944,0.28386971036028424,0.3047753459873101,-7.607755614729442,136.45174464826292,100.63065803393552
1.1952,0.284566839111103,0.3034981531719656,-7.617294901308088,136.91575969581652,100.50344246788377
1.196,0.2852579572147714,0.3022211628935352,-7.626831860763978,137.3794018483395,100.3733858918025
1.1968,0.2859430808973501,0.30094438548301355,-7.636366708249382,137.84264962582319,100.24048240194335
1.1976,0.2866222262708974,0.29966783120565876,-7.645899658583226,138.3054813913618,100.10472627941444
1.1984,0.2872954093342138,0.29839151026208244,-7.655430926254444,138.76787535262397,99.96611199316403
1.1992,0.28796264597358107,0.29711543278933095,-7.664960725425399,139.22980956337625,99.82463420296135
1.2,0.2886239519635001,0.2958396088619542,-7.674489269935295,139.69126192506212,99.68028776237387
1.2008,0.2892793429674269,0.29456404849305895,-7.684016773303702,140.15221018843724,99.53306772173926
1.2016,0.28992883453850277,0.29328876163535506,-7.693543448734074,140.61263195525743,99.38296933113165
1.2024,0.2905724421202852,0.29201375818218467,-7.70306950911735,141.07250468002547,99.22998804332103
1.2032,0.2912101810474745,0.29073904796854344,-7.712595167035565,141.53180567179177,99.07411951672442
1.204,0.2918420665466357,0.2894646407720893,-7.722120634765535,141.99051209601143,98.91535961834826
1.2048,0.292468113736922,0.2881905463141375,-7.731646124282566,142.4486009764592,98.75370442672062
1.2056,0.2930883376307904,0.28691677426064865,-7.7411718472642175,142.90604919719937,98.58915023481224
1.2064,0.293702753134719,0.2856433342232001,-7.750698015094112,143.36283350461412,98.42169355294507
1.2072,0.2943113750499183,0.2843702357599512,-7.7602248388657635,143.81893050948818,98.251331111688
1.208,0.2949142180730405,0.2830974883765958,-7.76975252938647,144.27431668915045,98.0780598647376
1.2088,0.29551129679688776,0.2818251015273022,-7.779281297181251,144.72896838967452,97.90187699178321
1.2096,0.2961026257111139,0.2805530846156461,-7.788811352496797,145.18286182813475,97.72277990135564
1.2104,0.2966882192029268,0.27928144699552937,-7.798342905305498,145.63597309492187,97.54076623365752
1.2112,0.2972680915577867,0.27801019797209026,-7.8078761653094775,146.08827815611545,97.35583386337488
1.212,0.2978422569601,0.2767393468026054,-7.817411341944675,146.53975285591338,97.16798090246832
1.2128,0.29841072949391306,0.27546890269737606,-7.826948644385002,146.9903729191214,96.9772057029424
1.2136,0.29897352314360054,0.27419887482061095,-7.836488281546466,147.44011395369773,96.78350685959303
1.2144,0.29953065179455274,0.27292927229129366,-7.8460304620914165,147.88895145335792,96.58688321273021
1.2152,0.30008212923385896,0.27166010418404407,-7.855575394432756,148.3368608002359,96.3873338508763
1.216,0.30062796915098805,0.2703913795299691,-7.865123286738221,148.78381726760333,96.18485811343776
1.2168,0.30116818513846666,0.26912310731750194,-7.874674346934726,149.22979602264647,95.97945559334866
1.2176,0.30170279069255374,0.2678552964932357,-7.8842287827126825,149.67477212930046,95.77112613968698
1.2184,0.3022317992139134,0.2665879559627437,-7.893786801530408,150.1187205511412,95.5598698602589
1.2192,0.3027552240082837,0.2653210945913936,-7.903348610618549,150.56161615433416,95.34568712415332
1.22,0.30327307828714223,0.26405472120515194,-7.91291441698453,151.00343371063937,95.12857856426301
1.2208,0.3037853751683711,0.2627888445913776,-7.922484427417075,151.44414790047526,94.90854507977222
1.2216,0.30429212767691594,0.2615234734996101,-7.932058848490707,151.88373331603597,94.68558783860905
1.2224,0.30479334874544456,0.26025861664234506,-7.941637886570345,152.32216446446776,94.45970827986142
1.2232,0.3052890512150017,0.25899428269580443,-7.95122174781588,152.75941577109901,94.23090811615552
1.224,0.30577924783565996,0.2577304803006973,-7.960810638186828,153.19546158272664,93.99918933599534
1.2248,0.30626395126717015,0.2564672180629701,-7.9704047634469894,153.63027617095798,93.76455420606159
1.2256,0.30674317407960655,0.2552045045545528,-7.980004329169148,154.06383373560632,93.52700527346997
1.2264,0.30721692875401063,0.2539423483140923,-7.9896095407398136,154.49610840814168,93.28654536798548
1.2272,0.30768522768303147,0.25268075784768024,-7.999220603364002,154.92707425519475,93.04317760419347
1.228,0.3081480831715633,0.25141974162957437,-8.008837722069996,155.356705282114,92.79690538362563
1.2288000000000001,0.3086055074373802,0.25015930810290693,-8.018461101714236,155.78497543657647,92.54773239683813
1.2296,0.309057512611768,0.24889946568039195,-8.028090946986135,156.21185861224916,92.29566262544341
1.2304,0.3095041107401541,0.24764022274501793,-8.037727462413004,156.63732865250356,92.04070034409135
1.2312,0.30994531378273277,0.24638158765073806,-8.047370852364985,157.06135935418038,91.78285012240099
1.232,0.3103811336150891,0.24512356872315189,-8.057021321059983,157.48392447140404,91.52211682684039
1.2328000000000001,0.3108115820288197,0.24386617426017643,-8.066679072568709,157.90499771944798,91.25850562255293
1.2336,0.31123667073215056,0.24260941253271517,-8.076344310819643,158.32455277864773,90.99202197513037
1.2344,0.31165641135055183,0.24135329178531462,-8.086017239604145,158.7425632983628,90.7226716523294
1.2352,0.3120708154273512,0.2400978202368169,-8.095698062581501,159.1590029009857,90.45046072573254
1.236,0.31247989442434154,0.2388430060810057,-8.105386983284067,159.57384518599665,90.17539557235028
1.2368000000000001,0.31288365972238985,0.2375888574872418,-8.115084205122395,159.98706373406588,89.89748287616473
1.2376,0.3132821226220393,0.23633538260109616,-8.124789931390424,160.39863211119822,89.61672962961252
1.2384,0.3136752943441123,0.23508258954497196,-8.13450436527068,160.80852387292393,89.33314313500648
1.2392,0.3140631860303082,0.23383048641872298,-8.144227709839512,161.21671256853054,89.04673100589422
1.24,0.3144458087437985,0.2325790813002651,-8.153960168072372,161.62317174533743,88.75750116835366
1.2408000000000001,0.3148231734698217,0.23132838224617808,-8.163701942849093,162.02787495301192,88.46546186222245
1.2416,0.3151952911162718,0.2300783972923061,-8.173453236959228,162.4307957479236,88.17062164226235
1.2424,0.3155621725142877,0.22882913445434652,-8.183214253107403,162.8319076975392,87.87298937925534
1.2432,0.3159238284188374,0.2275806017284357,-8.1929851939187,163.23118438485426,87.57257426103219
1.244,0.31628026950930066,0.22633280709172898,-8.202766261944067,163.6285994128607,87.26938579343127
1.2448000000000001,0.316631506390049,0.22508575850297083,-8.212557659665766,164.0241264090518,86.96343380118674
1.2456,0.316977549591022,0.22383946390306353,-8.222359589502856,164.4177390299588,86.65472842874529
1.2464,0.317318409568303,0.2225939312156258,-8.232172253816666,164.80941096572272,86.3432801410103
1.2472,0.3176540967046905,0.22134916834754798,-8.241995854916356,165.1991159446967,86.0290997240125
1.248,0.31798462131026684,0.22010518318954164,-8.25183059506445,165.58682773807826,85.71219828550612
1.2488000000000001,0.31830999362296597,0.21886198361668036,-8.261676676482441,165.9725201645724,85.39258725548915
1.2496,0.31863022380913714,0.21761957748893887,-8.271534301356386,166.3561670950808,85.07027838664791
1.2504,0.3189453219641059,0.2163779726517227,-8.281403671842583,166.73774245741794,84.7452837547231
1.2512,0.3192552981127346,0.21513717693639492,-8.291284990073208,167.11722024105302,84.41761575879907
1.252,0.31956016220997685,0.21389719816079708,-8.30117845816204,167.4945745018733,84.08728712151283
1.2528000000000001,0.31985992414143355,0.21265804412976222,-8.311084278210183,167.8697793669725,83.75431088918361
1.2536,0.320154593723903,0.2114197226356268,-8.321002652311806,168.24280903945714,83.41870043186226
1.2544,0.3204441807059303,0.2101822414587324,-8.330933782559969,168.61363780327346,83.08046944329773
1.2552,0.3207286947683541,0.20894560836792575,-8.3408778710524,168.98224002805168,82.7396319408228
1.256,0.32100814552484985,0.20770983112105362,-8.350835119897358,169.34859017396568,82.39620226515667
1.2568000000000001,0.3212825425224728,0.20647491746544866,-8.360805731219486,169.71266279660836,82.05019508012285
1.2576,0.32155189524219513,0.20524087513841596,-8.370789907165733,170.07443255187815,81.70162537228445
1.2584,0.32181621309944464,0.20400771186770894,-8.380787849911265,170.43387420087848,81.35050845049315
1.2591999999999999,0.3220755054446379,0.20277543537200446,-8.390799761665427,170.79096261482562,80.99685994535382
1.26,0.32232978156371267,0.20154405336137068,-8.40082584467772,171.14567277996494,80.64069580860273
1.2608000000000001,0.3225790506786567,0.20031357353773208,-8.410866301243827,171.4979798024929,80.28203231239941
1.2616,0.32282332194803576,0.19908400359532777,-8.420921333711632,171.8478589134843,79.92088604853168
1.2624,0.3230626044675185,0.19785535122116518,-8.430991144487306,172.19528547382222,79.55727392753305
1.2631999999999999,0.32329690727039795,0.19662762409547088,-8.44107593604141,172.5402349791281,79.19121317771256
1.264,0.3235262393281127,0.1954008298921351,-8.451175910914996,172.8826830646921,78.82272134409666
1.2648000000000001,0.3237506095507642,0.19417497627915306,-8.461291271725784,173.22260551040054,78.45181628728278
1.2656,0.3239700267876325,0.19295007091906088,-8.471422221174327,173.55997824565904,78.07851618220384
1.2664,0.32418449982768943,0.19172612146936616,-8.481568962050243,173.89477735431,77.70283951680366
1.2671999999999999,0.32439403740011014,0.19050313558297652,-8.491731697238437,174.22697907954165,77.32480509062415
1.268,0.32459864817478123,0.18928112090862192,-8.501910629725378,174.5565598287879,76.94443201330242
1.2688000000000001,0.3247983407628074,0.18806008509127423,-8.512105962605398,174.8834961786157,76.56173970297893
1.2696,0.32499312371701633,0.1868400357725613,-8.522317899087,175.2077648796004,76.17674788461622
1.2704,0.3251830055324602,0.18562098059117652,-8.532546642499248,175.5293428611851,75.78947658822752
1.2711999999999999,0.3253679946469163,0.18440292718328583,-8.542792396298122,175.84820723652226,75.39994614701665
1.272,0.32554809944138413,0.1831858831829296,-8.553055364072948,176.16433530729768,75.00817719542829
1.2728,0.3257233282405815,0.18196985622242182,-8.563335749552829,176.47770456853235,74.61419066710918
1.2736,0.3258936893134378,0.18075485393274202,-8.573633756613132,176.78829271336258,74.21800779277919
1.2744,0.326059190873586,0.17954088394392803,-8.583949589281964,177.09607763779456,73.8196500980149
1.2752,0.3262198410798508,0.17832795388546033,-8.59428345174674,177.40103744543345,73.41913940094322
1.276,0.32637564803673713,0.17711607138664512,-8.60463554836072,177.7031504521831,73.01649780984688
1.2768,0.3265266197949142,0.17590524407699457,-8.615006083649599,178.0023951909158,72.61174772068273
1.2776,0.32667276435169934,0.1746954795865992,-8.62539526231814,178.2987504161104,72.20491181451051
1.2784,0.3268140896515382,0.17348678554650185,-8.635803289256824,178.59219510845537,71.79601305483595
1.2792,0.3269506035864849,0.1722791695890631,-8.646230369548519,178.88270847941718,71.385074684866
1.28,0.327082313996678,0.1710726393483266,-8.65667670847521,179.17026997576966,70.97212022467788
1.2808,0.3272092286708159,0.16986720246037987,-8.66714251152472,179.45485928408428,70.55717346830284
1.2816,0.3273313553466299,0.1686628665637099,-8.677627984397514,179.73645633517916,70.1402584807236
1.2824,0.327448701711355,0.1674596392995584,-8.68813333301347,180.01504130852396,69.72139959478844
1.2832,0.32756127540219954,0.1662575283122703,-8.698658763518734,180.2905946366006,69.30062140804039
1.284,0.32766908400681166,0.16505654124964092,-8.709204482292597,180.56309700921582,68.87794877946355
1.2848,0.3277721350637451,0.16385668576326068,-8.719770695954352,180.83252937776527,68.45340682614774
1.2856,0.3278704360629225,0.16265796950885242,-8.730357611370277,181.09887295944802,68.02702091987001
1.2864,0.32796399444609636,0.16146040014661114,-8.740965435660558,181.36210924142603,67.59881668359708
1.2872,0.3280528176073096,0.1602639853415351,-8.75159437620629,181.62221998493263,67.16881998790683
1.288,0.3281369128933524,0.15906873276375688,-8.762244640656524,181.87918722932255,66.73705694733123
1.2888,0.3282162876042186,0.15787465008887183,-8.772916436935295,182.13299329606494,66.30355391662215
1.2896,0.3282909489935597,0.1566817449982598,-8.783609973248737,182.38362079267785,65.86833748693886
1.2904,0.3283609042691371,0.15549002517940858,-8.794325458092187,182.6310526165997,65.43143448196152
1.2912,0.32842616059327273,0.1542994983262294,-8.805063100257357,182.87527195900034,64.99287195392836
1.292,0.3284867250832976,0.1531101721393732,-8.815823108839528,183.11626230852534,64.55267717960055
1.2928,0.3285426048119991,0.15192205432654332,-8.826605693244744,183.35400745497546,64.11087765615515
1.2936,0.32859380680806594,0.150735152602802,-8.8374110631971,183.5884914929189,63.66750109700519
1.2944,0.3286403380565316,0.14954947469087934,-8.848239428746021,183.81969882523242,63.22257542755252
1.2952,0.3286822054992164,0.14836502832147425,-8.859091000273592,184.04761416657362,62.7761287808701
1.296,0.3287194160351675,0.1471818212335556,-8.869965988501907,184.2722225467799,62.32818949331867
1.2968,0.32875197652109744,0.14599986117466104,-8.880864604500463,184.49350931419352,61.878786100097734
1.2976,0.32877989377182043,0.14481915590118918,-8.891787059693616,184.71146013891232,61.42794733073111
1.2984,0.32880317456068814,0.1436397131786946,-8.902733565868001,184.92606101596186,60.97570210449169
1.2992,0.328821825620023,0.14246154078217468,-8.91370433518006,185.1372982683922,60.5220795257634
1.3,0.32883585364154916,0.14128464649635744,-8.924699580163601,185.3451585502922,60.0671088793441
1.3008,0.32884526527682467,0.14010903811598646,-8.935719513737288,185.54962884972565,59.61081962569145
1.3016,0.32885006713766807,0.13893472344610008,-8.946764349212348,185.7506964915837,59.15324139611018
1.3024,0.3288502657965871,0.137761710302313,-8.95783430030013,185.94834914035468,58.694403987887135
1.3032,0.32884586778720326,0.13659000651108985,-8.968929581119848,186.14257480280898,58.234337359370706
1.304,0.3288368796046767,0.13541961991002086,-8.980050406206253,186.33336183059896,57.773071625001016
1.3048,0.32882330770612755,0.13425055834809285,-8.991196990517418,186.52069892277075,57.31063705028922
1.3056,0.3288051585110584,0.13308282968595708,-9.002369549442509,186.7045751281899,56.847064046749274
1.3064,0.3287824384017723,0.13191644179619758,-9.013568298809624,186.88497984787608,56.38238316678391
1.3072,0.328755153723792,0.13075140256359274,-9.024793454893668,187.0619028372493,55.91662509852555
1.308,0.32872331078627576,0.1295877198853786,-9.036045234424249,187.23533420828485,55.44982066063573
1.3088,0.32868691586243315,0.12842540167150823,-9.047323854593607,187.4052644315755,54.98200079706388
1.3096,0.3286459751899379,0.1272644558449073,-9.05862953306464,187.57168433830194,54.5131965717664
1.3104,0.32860049497134075,0.12610489034173067,-9.069962487978882,187.73458512210902,54.04343916339063
1.3112,0.3285504813744804,0.12494671311161289,-9.081322937964597,187.89395834088845,53.57275985992265
1.312,0.3284959405328927,0.1237899321179192,-9.092711102144868,188.04979591846475,53.10119005330282
1.3128,0.3284368785462188,0.12263455533799451,-9.104127200145735,188.20209014618732,52.62876123401117
1.3136,0.32837330148061217,0.12148059076340682,-9.11557145210439,188.35083368442406,52.15550498562189
1.3144,0.32830521536914387,0.12032804640019361,-9.127044078677388,188.49601956395992,51.6814529793338
1.3152,0.32823262621220667,0.11917693026910067,-9.138545301048921,188.63764118729583,51.20663696847302
1.316,0.3281555399779178,0.11802725040582293,-9.150075340939129,188.77569232985113,50.73108878297509
1.3168,0.32807396260252064,0.11687901486124211,-9.161634420612419,188.91016714106598,50.254840323845535
1.3176,0.32798789999078476,0.11573223170166015,-9.173222762885898,189.04106014540605,49.777923557600985
1.3184,0.3278973580164049,0.11458690900903462,-9.184840591137768,189.1683662432665,49.30037051069522
1.3192,0.3278023425223992,0.11344305488120775,-9.196488129315815,189.29208071177783,48.82221326392911
1.32,0.3277028593215047,0.11230067743213659,-9.20816560194594,189.41219920550975,48.343483946848835
1.3208,0.3275989141965735,0.11115978479212088,-9.21987323414069,189.52871775707658,47.864214732134116
1.3216,0.3274905129009664,0.11002038510802646,-9.231611251607893,189.64163277764195,47.38443782997681
1.3224,0.32737766115894573,0.10888248654351056,-9.243379880659287,189.75094105732188,46.90418548245479
1.3232,0.3272603646660677,0.10774609727924161,-9.255179348219206,189.85663976548912,46.42348995790054
1.324,0.3271386290895718,0.10661122551311898,-9.267009881833365,189.9587264509755,45.94238354526801
1.3248,0.3270124600687712,0.10547787946049222,-9.278871709677569,190.0571990421742,45.460898548500396
1.3256000000000001,0.3268818632154406,0.10434606735437434,-9.290765060566608,190.15205584704216,44.97906728089837
1.3264,0.3267468441142034,0.10321579744565824,-9.302690163963085,190.24329555300113,44.49692205949434
1.3272,0.32660740832291796,0.10208707800332692,-9.314647249986356,190.33091722673964,44.01449519943144
1.328,0.32646356137306226,0.10095991731466465,-9.326636549421497,190.41492031391442,43.531819008351825
1.3288,0.3263153087701177,0.09983432368546667,-9.338658293728306,190.49530463875226,43.04892578079566
1.3296000000000001,0.3261626559939528,0.0987103054402438,-9.350712715050367,190.57207040355317,42.56584779261114
1.3304,0.32600560849920374,0.09758787092243017,-9.362800046224155,190.64521818809368,42.08261729538105
1.3312,0.3258441717156563,0.09646702849458474,-9.37492052078819,190.71474894893254,41.59926651086407
1.332,0.3256783510486244,0.09534778653859362,-9.387074372992252,190.78066401861807,41.11582762545555
1.3328,0.3255081518793303,0.09423015345587145,-9.399261837806595,190.8429651047979,40.632332784669444
1.3336000000000001,0.32533357956528103,0.0931141376675578,-9.411483150931291,190.9016542892319,40.14881408764111
1.3344,0.3251546394406461,0.09199974761471617,-9.423738548805538,190.95673402670906,39.66530358165669
1.3352,0.32497133681663276,0.09088699175852746,-9.436028268617086,191.00820714386802,39.18183325670708
1.336,0.324783676981861,0.08977587858048439,-9.448352548311675,191.05607683792365,38.69843504007177
1.3368,0.3245916652027383,0.08866641658258466,-9.46071162660251,191.10034667529862,38.21514079093281
1.3376000000000001,0.32439530672383127,0.08755861428751915,-9.473105742979845,191.14102059016162,37.731982295019726
1.3384,0.3241946067682388,0.08645248023886369,-9.485535137720547,191.17810288287353,37.24899125929079
1.3392,0.32398957053796346,0.085348023001264,-9.498000051897758,191.2115982183416,36.766199306647884
1.34,0.3237802032142811,0.08424525116062326,-9.5105007273906,191.24151162428268,36.28363797069102
1.3408,0.323566509958111,0.08314417332428678,-9.523037406893906,191.26784848939647,35.80133869051161
1.3416000000000001,0.32334849591038417,0.0820447981212235,-9.535610333928052,191.29061456145078,35.319332805526706
1.3424,0.3231261661924117,0.08094713420220964,-9.548219752848771,191.3098159452782,34.837651550357606
1.3432,0.32289952590625165,0.07985119024000702,-9.560865908857092,191.3254591006863,34.35632604975172
1.344,0.32266858013507455,0.07875697492954245,-9.573549048009298,191.33755084028195,33.8753873135519
1.3448,0.32243333394353013,0.07766449698808608,-9.586269417226909,191.34609832721202,33.39486623171422
1.3456000000000001,0.32219379237811097,0.0765737651554253,-9.599027264306784,191.35110907281995,32.914793569374126
1.3464,0.32194996046751695,0.07548478819404152,-9.61182283793121,191.35259093422056,32.43519996196573
1.3472,0.32170184322301826,0.07439757488928135,-9.624656387678098,191.35055211179431,31.95611591039232
1.348,0.3214494456388177,0.07331213404952933,-9.637528164031199,191.34500114660148,31.47757177625233
1.3488,0.32119277269241264,0.0722284745063795,-9.650438418390376,191.3359469177188,30.99959777712163
1.3496000000000001,0.320931829344956,0.07114660511480224,-9.663387403081959,191.32339863949915,30.522223981891482
1.3504,0.3206666205416164,0.07006653475331466,-9.676375371369119,191.30736585875516,30.04548030616741
1.3512,0.32039715121193796,0.0689882723241452,-9.689402577462324,191.28785845186954,29.5693965077264
1.352,0.32012342627019896,0.0679118267533998,-9.702469276529843,191.26488662183252,29.094002182036782
1.3528,0.3198454506157708,0.06683720699122678,-9.71557572470828,191.238460895208,28.61932675784095
1.3536000000000001,0.31956322913347485,0.06576442201197756,-9.728722179113223,191.20859211902993,28.145399492800824
1.3544,0.3192767666939403,0.06469348081437093,-9.741908897849873,191.17529145763135,27.67224946921089
1.3552,0.3189860681539602,0.06362439242165083,-9.75513614002379,191.13857038940583,27.199905589775327
1.356,0.3186911383568468,0.06255716588174677,-9.768404165751695,191.09844070350408,26.72839657345434
1.3568,0.31839198213278813,0.06149181026743258,-9.78171323617225,191.05491449646786,26.2577509513794
1.3576000000000001,0.3180886042992013,0.06042833467648092,-9.79506361345701,191.00800416880077,25.787997062836663
1.3584,0.31778100966108774,0.05936674823182146,-9.808455560821338,190.95772242148013,25.319163051323493
1.3592,0.31746920301138565,0.05830706008169322,-9.821889342535433,190.9040822524086,24.851276860674705
1.36,0.31715318913132395,0.05724927939979852,-9.835365223935394,190.84709695281072,24.384366231262963
1.3608,0.31683297279077477,0.05619341538545629,-9.848883471434322,190.78678010357277,23.9184586962729
1.3616000000000001,0.31650855874860473,0.05513947726375089,-9.862444352533526,190.7231455715292,23.4535815780484
1.3624,0.3161799517530275,0.05408747428568425,-9.876048135833745,190.65620750569795,22.989761984517166
1.3632,0.31584715654195356,0.05303741572832299,-9.889695091046464,190.5859803334643,22.52702680568969
1.3639999999999999,0.3155101778433423,0.05198931089494688,-9.903385489005235,190.51247875671743,22.065402710236228
1.3648,0.3151690203755508,0.05094316911519505,-9.917119601677115,190.43571774793932,21.60491614214076
1.3656000000000001,0.3148236888476844,0.049898999745212634,-9.930897702174125,190.35571254624895,21.145593317433747
1.3664,0.3144741879599456,0.048856812167794424,-9.94472006476477,190.2724786534034,20.687460221003057
1.3672,0.31412052240398264,0.047816615792527786,-9.958586964885644,190.18603182975679,20.230542603484203
1.3679999999999999,0.3137626968632388,0.04677842005593605,-9.972498679153043,190.09638809018008,19.774865978231226
1.3688,0.3134007160132994,0.045742234421619295,-9.986455485374698,190.0035636999427,19.320455618367255
1.3696000000000002,0.3130345845222401,0.04470806838039567,-10.000457662561505,189.90757517055692,18.867336553916473
1.3704,0.31266430705097426,0.043675931450439937,-10.014505490939356,189.8084392555897,18.415533569016674
1.3712,0.31228988825359955,0.04264583317742154,-10.028599251961001,189.70617294643938,17.9650711992134
1.3719999999999999,0.31191133277774485,0.041617783134642775,-10.042739228317991,189.60079346808354,17.515973728836546
1.3728,0.31152864526491614,0.04059179092317458,-10.056925703952666,189.49231827479588,17.0682651884584
1.3736000000000002,0.3111418303508433,0.03956786617199285,-10.071158964070179,189.3807650458369,16.621969352434753
1.3744,0.31075089266582523,0.038546018538112424,-10.085439295150609,189.2661516811182,16.177109736527868
1.3752,0.31035583683507484,0.03752625770671998,-10.099766984961143,189.14849629684247,15.733709595612126
1.376,0.3099566674790649,0.036508593391307465,-10.11414232256826,189.02781722112215,15.291791921463057
1.3768,0.3095533892138728,0.035493035333803324,-10.128565598350008,188.9041329895771,14.85137944062873
1.3776,0.30914600665152514,0.03447959330470423,-10.143037104008329,188.7774623409133,14.41249461238453
1.3784,0.3087345244003414,0.03346827710320303,-10.157557132581472,188.64782421248455,13.975159626769651
1.3792,0.3083189470652794,0.03245909655731981,-10.172125978456371,188.51523773583946,13.539396402708078
1.38,0.30789927924827815,0.03145206152402818,-10.186743937381202,188.37972223225378,13.105226586210627
1.3808,0.30747552554860214,0.030447181889383022,-10.201411306477882,188.2412972082515,12.672671548660569
1.3816,0.3070476905631848,0.029444467568647718,-10.216128384254684,188.09998235111536,12.241752385181837
1.3824,0.30661577888697145,0.028443928506417557,-10.230895470618915,187.95579752438886,11.8124899130882
1.3832,0.30617979511326365,0.027445574676746444,-10.245712866889567,187.80876276337142,11.384904670416173
1.384,0.30573974383406105,0.026449416083268736,-10.260580875810135,187.65889827060758,10.959016914537946
1.3848,0.3052956296404051,0.025455462759322787,-10.275499801561383,187.50622441137347,10.534846620856781
1.3856,0.3048474571227214,0.024463724768073805,-10.290469949774234,187.3507617091601,10.112413481583513
1.3864,0.3043952308711627,0.023474212202633085,-10.305491627542668,187.192530841157,9.691736904592599
1.3872,0.30393895547595207,0.0224869351861805,-10.320565143436667,187.03155263373665,9.27283601236012
1.388,0.3034786355277241,0.021501903872082097,-10.335690807515247,186.8678480579409,8.855729640979902
1.3888,0.30301427561786837,0.02051912844400964,-10.35086893133952,186.70143822497226,8.440436339260147
1.3896,0.3025458803388717,0.019538619116059242,-10.36609982798576,186.53234438169054,8.0269743678989
1.3904,0.3020734542846602,0.018560386132866664,-10.38138381205859,186.3605879061168,7.61536169873674
1.3912,0.30159700205094203,0.01758443976972569,-10.396721199704157,186.18619030294508,7.205616014088846
1.392,0.30111652823554924,0.01661079033270179,-10.41211230862337,186.00917319906546,6.797754706152607
1.3928,0.30063203743878036,0.0156394481587477,-10.427557458085177,185.82955833909728,6.391794876492871
1.3936,0.3001435342637426,0.014670423615818157,-10.4430569689399,185.64736758093633,5.98775333560308
1.3944,0.299651023316694,0.01370372710298126,-10.458611163632572,185.46262289131525,5.585646602540516
1.3952,0.29915450920738623,0.012739369050533035,-10.474220366216365,185.2753463413804,5.185490904637742
1.396,0.2986539965494063,0.011777359920107281,-10.489884902365997,185.08556010228523,4.787302177286183
1.3968,0.29814948996051926,0.01081771020478735,-10.505605099391232,184.8932864408016,4.391096063793843
1.3976,0.29764099406301137,0.009860430429217124,-10.521381286250355,184.69854771495147,3.9968879153153196
1.3984,0.2971285134840313,0.00890553114970864,-10.537213793563742,184.50136636965834,3.604692790852173
1.3992,0.29661205285593384,0.007953022954353012,-10.553102953627413,184.3017649324211,3.214525457325635
1.4,0.2960916168166221,0.00700291646312657,-10.569049100426637,184.0997660090118,2.8264003897175005
1.4008,0.29556721000989084,0.006055222327998987,-10.585052569649552,183.89539227919641,2.4403317712810595
1.4016,0.2950388370857692,0.005109951233040691,-10.601113698700813,183.68866649248233,2.0563334938201403
1.4024,0.29450650270086354,0.004167113894526916,-10.617232826715284,183.47961146389167,1.6744191580342729
1.4032,0.2939702115187013,0.0032267210610450216,-10.633410294571712,183.26825006976293,1.2946020739317328
1.404,0.2934299682100741,0.0022887835135971635,-10.649646444906455,183.05460524358136,0.916895261306353
1.4048,0.292885777453381,0.0013533120657049109,-10.66594162212722,182.83869997183857,0.5413114502797954
1.4056,0.2923376439349735,0.00042031756351317213,-10.682296172426767,182.620557289924,0.16786308190727076
1.4064,0.29178557234949787,-0.0005101891141091701,-10.698710443796722,182.40020027804752,-0.2034376911553266
1.4072,0.2912295674002408,-0.001438197055465381,-10.715184786041299,182.17765205719516,-0.5725790039212348
1.408,0.29066963379947297,-0.002363695315931558,-10.731719550791093,181.9529357851186,-0.9395492782837259
1.4088,0.29010577626879414,-0.0032866729178554098,-10.748315091516837,181.72607465235902,-1.304337222166521
1.4096,0.2895379995394781,-0.004207118850455682,-10.764971763543178,181.4970918783071,-1.666931828615777
1.4104,0.28896630835281734,-0.005125022069724775,-10.781689924062475,181.26601070729862,-2.027322374835685
1.4112,0.28839070746046935,-0.006040371498328248,-10.798469932148516,181.0328544047478,-2.3854984211662336
1.412,0.2878112016248015,-0.006953156025508698,-10.81531214877031,180.79764625331845,-2.7414498100071683
1.4128,0.2872277956192372,-0.007863364506987817,-10.832216936805828,180.5604095491338,-3.0951666646867455
1.4136,0.2866404942286037,-0.008770985764869042,-10.84918466105567,180.32116759802628,-3.446639388277349
1.4144,0.2860493022494763,-0.009676008587543377,-10.866215688256855,180.07994371182647,-3.7958586623600095
1.4152,0.28545422449052715,-0.010578421729592063,-10.883310387096433,179.83676120469386,-4.142815445736485
1.416,0.2848552657728724,-0.011478213911693633,-10.900469128225145,179.59164338948898,-4.487500973092927
1.4168,0.2842524309304191,-0.012375373820529086,-10.917692284271075,179.34461357418687,-4.829906753613769
1.4176,0.2836457248102144,-0.013269890108687652,-10.934980229853156,179.09569505833483,-5.170024569547947
1.4184,0.2830351522727926,-0.014161751394575726,-10.9523333415948,178.84491112955124,-5.507846474729492
1.4192,0.28242071819252607,-0.01505094626232265,-10.96975199813727,178.59228506007076,-5.843364793051254
1.42,0.28180242745797235,-0.015937463261690713,-10.987236580153215,178.33784010333162,-6.176572116895598
1.4208,0.28118028497222514,-0.016821290907983514,-11.004787470359984,178.081599490609,-6.5074613055210255
1.4216,0.28055429565326456,-0.017702417681954595,-11.022405053532964,177.82358642769373,-6.836025483406533
1.4224,0.27992446443430663,-0.01858083202971948,-11.040089716518812,177.56382409161571,-7.1622580385560175
1.4232,0.2792907962641558,-0.019456522362664375,-11.057841848248625,177.30233562741464,-7.486152620761266
1.424,0.2786532961075552,-0.020329477057359213,-11.075661839751024,177.03914414495642,-7.80770313982759
1.4248,0.2780119689455389,-0.021199684455468795,-11.093550084165177,176.77427271579643,-8.126903763760803
1.4256,0.27736681977578587,-0.022067132863664612,-11.111506976753635,176.5077443700911,-8.443748916917714
1.4264000000000001,0.2767178536129703,-0.02293181055353956,-11.129532914915236,176.2395820935548,-8.758233278121924
1.4272,0.27606507548911785,-0.02379370576151959,-11.147628298197708,175.96980882446698,-9.070351778743994
1.428,0.27540849045395793,-0.024652806688779783,-11.1657935283103,175.69844745072535,-9.38009960074969
1.4288,0.27474810357527873,-0.025509101501158114,-11.184029009136232,175.425520806948,-9.687472174715
1.4296,0.2740839199392832,-0.0263625783290703,-11.202335146745,175.15105167162463,-9.992465177810312
1.4304000000000001,0.27341594465094377,-0.027213225267427286,-11.220712349404584,174.87506276431503,-10.295074531755253
1.4312,0.2727441828343595,-0.028061030375549727,-11.239161027593465,174.5975767428978,-10.595296400743386
1.432,0.2720686396331121,-0.02890598167708673,-11.257681594012531,174.31861620086624,-10.89312718934031
1.4328,0.2713893202106245,-0.029748067159932758,-11.276274463596774,174.03820366467528,-11.188563540354195
1.4336,0.2707062297505185,-0.03058727477614478,-11.29494005352682,173.75636159113594,-11.481602332680389
1.4344000000000001,0.27001937345697336,-0.0314235924418629,-11.313678783240315,173.4731123648596,-11.77224067912247
1.4352,0.26932875655508615,-0.03225700803722735,-11.332491074443043,173.18847829575157,-12.060475924188102
1.436,0.26863438429123065,-0.03308750940630012,-11.35137735111992,172.9024816165535,-12.346305641863783
1.4368,0.2679362619334191,-0.033915084356984454,-11.370338039545691,172.6151444804355,-12.62972763336705
1.4376,0.2672343947716636,-0.034739720660944856,-11.389373568295454,172.32648895863716,-12.910739924878088
1.4384000000000001,0.2665287881183377,-0.035561406053530156,-11.408484368254925,172.036537038158,-13.189340765252734
1.4392,0.26581944730854,-0.03638012823369347,-11.427670872630442,171.74531061949696,-13.46552862371556
1.44,0.26510637770045764,-0.0371958748639164,-11.446933516958724,171.4528315144409,-13.739302187536772
1.4408,0.2643895846757298,-0.038008633570131053,-11.466272739116334,171.15912144390197,-14.010660359691476
1.4416,0.26366907363981484,-0.03881839194164272,-11.485688979328835,170.86420203580448,-14.279602256503429
1.4424000000000001,0.26294485002235346,-0.03962513753105591,-11.505182680179711,170.56809482301952,-14.54612720527505
1.4432,0.2622169192775383,-0.0404288578541966,-11.524754286618847,170.2708212413492,-14.810234741902265
1.444,0.2614852868844789,-0.04122954039003886,-11.54440424597081,169.97240262755824,-15.0719246084778
1.4448,0.2607499583475714,-0.04202717258063002,-11.564133007942658,169.6728602174549,-15.331196750881995
1.4456,0.26001093919686774,-0.042821741831015676,-11.583941024631457,169.37221514401924,-15.588051316362348
1.4464000000000001,0.2592682349884444,-0.04361323550916799,-11.603828750531394,169.07048843557936,-15.842488651103976
1.4472,0.2585218513047746,-0.044401640945910995,-11.623796642540462,168.76770101403554,-16.094509297789656
1.448,0.25777179375509895,-0.0451869454348497,-11.643845159966775,168.46387369313118,-16.34411399315268
1.4488,0.25701806797579807,-0.04596913623229732,-11.663974764534395,168.1590271767716,-16.59130366552143
1.4496,0.25626067963076676,-0.0467482005572036,-11.684185920388721,167.85318205738918,-16.836079432357508
1.4504000000000001,0.25549963441178714,-0.04752412559108498,-11.704479094101421,167.5463588143551,-17.07844259778857
1.4512,0.25473493803890496,-0.04829689847795278,-11.724854754674816,167.2385778124377,-17.31839465013531
1.452,0.2539665962608052,-0.04906650632424462,-11.74531337354579,166.92985930030633,-17.55593725943522
1.4528,0.2531946148551885,-0.04983293619875449,-11.765855424589159,166.62022340908092,-17.7910722749623
1.4536,0.25241899962915115,-0.05059617513256305,-11.786481384120398,166.30969015092785,-18.02380172274421
1.4544000000000001,0.25163975641956166,-0.051356210118970694,-11.807191730897909,165.99827941769877,-18.25412780307815
1.4552,0.2508568910934428,-0.052113028113428154,-11.827986946124543,165.6860109796163,-18.48205288804484
1.456,0.25007040954835086,-0.052866616033470225,-11.848867513448596,165.37290448400194,-18.707579519022893
1.4568,0.24928031771275921,-0.0536169607586483,-11.869833918964039,165.0589794540497,-18.930710404203143
1.4576,0.24848662154644058,-0.05436404913046352,-11.890886651210124,164.7442552876419,-19.151448416103936
1.4584000000000001,0.24768932704085034,-0.055107867952301784,-11.912026201170276,164.42875125620816,-19.369796589088715
1.4592,0.24688844021951367,-0.05584840398936701,-11.933253062270142,164.11248650362833,-19.58575811688539
1.46,0.24608396713840933,-0.056585643968617344,-11.954567730374997,163.79548004517576,-19.799336350109467
1.4608,0.2452759138863585,-0.057319574578700086,-11.975970703786212,163.47775076650416,-20.010534793790537
1.4616,0.24446428658541294,-0.05805018246988711,-11.99746248323697,163.15931742267506,-20.219357104903057
1.4624000000000001,0.24364909139124358,-0.05877745425401258,-12.019043571887043,162.84019863722602,-20.42580708990276
1.4632,0.2428303344935325,-0.05950137650440834,-12.040714475316676,162.52041290128057,-20.62988870226789
1.464,0.2420080221163633,-0.060221935755842684,-12.062475701519563,162.1999785726963,-20.8316060400474
1.4648,0.24118216051861438,-0.060939118504457684,-12.084327760894777,161.8789138752548,-21.030963343415568
1.4656,0.2403527559943538,-0.06165291120770689,-12.106271166237693,161.5572368978893,-21.22796499223378
1.4664000000000001,0.239519814873233,-0.062363300284295424,-12.128306432729891,161.23496559395127,-21.422615503620893
1.4672,0.23868334352088502,-0.06307027211411788,-12.150434077927873,160.9121177805163,-21.614919529531353
1.468,0.23784334833932044,-0.06377381303819946,-12.172654621750725,160.5887111377258,-21.80488185434289
1.4688,0.2369998357673268,-0.06447390935863549,-12.19496858646654,160.26476320816784,-21.992507392453298
1.4696,0.2361528122808697,-0.06517054733853155,-12.217376496677572,159.94029139629427,-22.17780118588713
1.4704000000000002,0.23530228439349235,-0.06586371320194609,-12.239878879304186,159.61531296787325,-22.36076840191356
1.4712,0.23444825865671998,-0.06655339313383048,-12.262476263567399,159.28984504947925,-22.54141433067418
1.472,0.2335907416604623,-0.06723957327997247,-12.285169180970104,158.96390462801656,-22.71974438282309
1.4727999999999999,0.23272974003341942,-0.06792223974693803,-12.307958165276805,158.63750855027908,-22.895764087178296
1.4736,0.23186526044348824,-0.06860137860201466,-12.3308437524919,158.3106735225439,-23.069479088385563
1.4744000000000002,0.23099730959817064,-0.06927697587315436,-12.353826480836386,157.98341611019862,-23.24089514459474
1.4752,0.2301258942449824,-0.06994901754891812,-12.376906890722987,157.65575273740217,-23.410018125149534
1.476,0.22925102117186336,-0.07061748957842046,-12.400085524729644,157.32769968677806,-23.576854008290496
1.4768,0.22837269720758988,-0.07128237787127398,-12.423362927571207,156.9992730991406,-23.74140887887187
1.4776,0.22749092922218797,-0.07194366829753482,-12.44673964606941,156.67048897325225,-23.90368892609267
1.4784000000000002,0.22660572412734853,-0.07260134668764817,-12.470216229120952,156.34136316561302,-24.0637004412423
1.4792,0.2257170888768431,-0.07325539883239483,-12.493793227663655,156.01191139027983,-24.221449815461106
1.48,0.22482503046694124,-0.073905810482838,-12.51747119464068,155.68214921871643,-24.37694353751613
1.4808,0.22392955593682984,-0.07455256735027044,-12.541250684962609,155.3520920796732,-24.530188191592462
1.4816,0.2230306723690336,-0.0751956551061618,-12.565132255467423,155.02175525909615,-24.681190455100165
1.4824,0.22212838688983813,-0.07583505938210666,-12.589116464878225,154.69115390006485,-24.82995709649758
1.4832,0.22122270666971136,-0.07647076576977369,-12.61320387375873,154.36030300275775,-24.976494973131036
1.484,0.2203136389237309,-0.07710275982085361,-12.637395044466277,154.02921742444636,-25.120811029090902
1.4848,0.2194011909120089,-0.07773102704700968,-12.661690541102459,153.6979118795156,-25.26291229308498
1.4856,0.21848536994012083,-0.07835555291982711,-12.686090929461125,153.36640093951132,-25.40280587632878
1.4864,0.21756618335953634,-0.07897632287076284,-12.710596776973729,153.03469903321457,-25.540498970453108
1.4872,0.2166436385680482,-0.07959332229109747,-12.735208652652004,152.70282044673974,-25.67599884542955
1.488,0.21571774301020796,-0.08020653653188525,-12.759927127027662,152.37077932366032,-25.809312847513482
1.4888,0.21478850417775847,-0.08081595090390674,-12.784752772089263,152.03858966515705,-25.940448397205284
1.4896,0.2138559296100706,-0.08142155067762062,-12.809686161215957,151.70626533019168,-26.069412987229676
1.4904,0.2129200268945824,-0.08202332108311555,-12.83472786910803,151.37382003570406,-26.196214180533232
1.4912,0.21198080366723654,-0.08262124731006444,-12.859878471714264,151.0412673568319,-26.32085960830096
1.492,0.2110382676129235,-0.0832153145076765,-12.88513854615579,150.7086207271539,-26.443356967990802
1.4928,0.2100924264659232,-0.08380550778465237,-12.910508670646495,150.3758934389547,-26.563714021387852
1.4936,0.20914328801035004,-0.08439181220913769,-12.935989424409751,150.04309864351137,-26.681938592676776
1.4944,0.2081908600806005,-0.08497421280867772,-12.961581387591323,149.71024935140176,-26.798038566533755
1.4952,0.20723515056179895,-0.08555269457017338,-12.98728514116849,149.37735843283266,-26.912021886237678
1.496,0.20627616739025062,-0.08612724243983574,-13.013101266854928,149.04443861798947,-27.023896551800362
1.4968,0.20531391855389058,-0.08669784132314304,-13.039030347001596,148.71150249740384,-27.133670618116465
1.4976,0.20434841209273896,-0.08726447608479673,-13.065072964493131,148.37856252234266,-27.24135219313293
1.4984,0.203379656099357,-0.08782713154867829,-13.091229702639763,148.04563100521463,-27.346949436037765
1.4992,0.20240765871930208,-0.08838579249780702,-13.117501145064692,147.71272011999514,-27.450470555468822
1.5,0.20143242815158985,-0.08894044367429715,-13.143887875586442,147.37984190267025,-27.55192380774206
1.5008,0.20045397264915285,-0.0894910697793167,-13.170390478096422,147.04700825169664,-27.65131749509979
1.5016,0.19947230051930456,-0.09003765547304608,-13.19700953643119,146.7142309284793,-27.748659963978707
1.5024000000000002,0.19848742012420495,-0.09058018537463645,-13.223745634239378,146.3815215578665,-27.843959603297673
1.5032,0.19749933988132679,-0.0911186440621697,-13.250599354843136,146.0488916286596,-27.937224842765605
1.504,0.1965080682639242,-0.0916530160726187,-13.277571281093792,145.71635249413916,-28.028464151209384
1.5048,0.1955136138015039,-0.09218328590180698,-13.304661995221604,145.38391537260625,-28.117686034921316
1.5056,0.19451598508029827,-0.09270943800437004,-13.331872078679336,145.05159134793897,-28.20489903602714
1.5064000000000002,0.19351519074374052,-0.09323145679371582,-13.359202111979481,144.71939137016278,-28.290111730873473
1.5072,0.19251123949294174,-0.0937493266419867,-13.386652674524928,144.38732625603546,-28.37333272843563
1.508,0.1915041400871686,-0.09426303188002165,-13.414224344432832,144.0554066896443,-28.454570668745212
1.5088,0.1904939013443263,-0.09477255679731857,-13.44191769835135,143.72364322301846,-28.53383422133781
1.5096,0.18948053214144087,-0.0952778856419968,-13.46973331126917,143.3920462767525,-28.611132083720413
1.5104000000000002,0.18846404141514542,-0.09577900262076046,-13.49767175631743,143.06062614064305,-28.68647297985891
1.5112,0.18744443816216735,-0.09627589189886207,-13.525733604563863,142.7293929743372,-28.759865658685396
1.512,0.18642173143981747,-0.09676853760006679,-13.553919424798854,142.39835680799203,-28.831318892625312
1.5128,0.18539593036648316,-0.09725692380661691,-13.582229783313098,142.06752754294632,-28.900841476144528
1.5136,0.18436704412212182,-0.09774103455919622,-13.610665243666645,141.73691495240223,-28.968442224315787
1.5144000000000002,0.1833350819487579,-0.0982208538568956,-13.639226366448945,141.4065286821177,-29.03412997140523
1.5152,0.18230005315098186,-0.09869636565717826,-13.66791370902967,141.07637825110925,-29.097913569478255
1.516,0.18126196709645007,-0.09916755387584669,-13.696727825299934,140.74647305236329,-29.15980188702529
1.5168,0.1802208332163892,-0.09963440238700792,-13.725669265403608,140.41682235355844,-29.219803807606514
1.5176,0.17917666100610147,-0.10009689502304131,-13.754738575458337,140.08743529779545,-29.277928228516526
1.5184,0.17812946002547383,-0.10055501557456475,-13.783936297265969,139.75832090433687,-29.334184059467983
1.5192,0.17707923989948635,-0.10100874779040327,-13.813262968012065,139.42948806935345,-29.38858022129462
1.52,0.17602601031872772,-0.10145807537755616,-13.842719119953927,139.10094556668068,-29.441125644673495
1.5208,0.1749697810399081,-0.10190298200116578,-13.872305280097027,138.77270204858064,-29.491829268866088
1.5216,0.1739105618863781,-0.10234345128448631,-13.902021969859195,138.44476604651263,-29.54070004047858
1.5224,0.17284836274864987,-0.10277946680885228,-13.931869704722253,138.11714597191065,-29.58774691224088
1.5232,0.17178319358491792,-0.10321101211364883,-13.961848993870722,137.78985011696648,-29.632978841804437
1.524,0.1707150644215866,-0.10363807069628063,-13.99196033981702,137.4628866554207,-29.676404790558667
1.5248,0.16964398535379602,-0.10406062601214303,-14.02220423801284,137.13626364335795,-29.71803372246607
1.5256,0.1685699665459534,-0.10447866147459184,-14.052581176446125,136.8099890200092,-29.757874602915493
1.5264,0.1674930182322672,-0.1048921604549144,-14.083091635223175,136.48407060855934,-29.795936397593994
1.5272000000000001,0.16641315071728038,-0.1053011062823012,-14.11373608613548,136.15851611695885,-29.832228071376722
1.528,0.16533037437641157,-0.10570548224381691,-14.144514992210581,135.83333313874184,-29.866758587234887
1.5288,0.16424469965649371,-0.1061052715843729,-14.175428807246643,135.50852915384704,-29.899536905161668
1.5296,0.16315613707631912,-0.10650045750669926,-14.206477975329957,135.1841115294443,-29.930571981116007
1.5304,0.16206469722718642,-0.1068910231713171,-14.23766293033496,134.86008752076475,-29.95987276598382
1.5312000000000001,0.16097039077344827,-0.10727695169651234,-14.26898409540619,134.5364642719342,-29.987448204557186
1.532,0.15987322845306548,-0.10765822615830789,-14.30044188242142,134.21324881681082,-30.013307234530373
1.5328,0.15877322107815997,-0.10803482959043845,-14.332036691435533,133.89044807982518,-30.037458785513685
1.5336,0.1576703795355736,-0.10840674498432368,-14.363768910104369,133.568068876824,-30.05991177806402
1.5344,0.15656471478742945,-0.10877395528904236,-14.395638913087886,133.24611791591624,-30.080675122732515
1.5352000000000001,0.15545623787169346,-0.10913644341130785,-14.427647061432076,132.92460179832153,-30.099757719129226
1.536,0.15434495990274358,-0.10949419221544168,-14.459793701928705,132.6035270192214,-30.11716845500409
1.5368,0.15323089207193652,-0.1098471845233499,-14.492079166452429,132.2828999686116,-30.132916205344795
1.5376,0.15211404564818193,-0.11019540311449796,-14.52450377127429,131.96272693215704,-30.14700983149085
1.5384,0.15099443197851822,-0.11053883072588633,-14.557067816350935,131.64301409204805,-30.159458180263808
1.5392000000000001,0.14987206248868945,-0.11087745005202711,-14.589771584588817,131.3237675278575,-30.17027008311383
1.54,0.14874694868372915,-0.11121124374491966,-14.62261534108243,131.00499321739986,-30.17945435528182
1.5408,0.14761910214854307,-0.11154019441402797,-14.655599332325867,130.6866970375901,-30.187019794977676
1.5416,0.14648853454849825,-0.11186428462625694,-14.688723785396757,130.36888476530436,-30.192975182573804
1.5424,0.1453552576300149,-0.11218349690592964,-14.72198890711168,130.05156207824064,-30.197329279814404
1.5432000000000001,0.14421928322115865,-0.11249781373476501,-14.755394883152288,129.73473455577934,-30.20009082903975
1.544,0.14308062323224072,-0.11280721755185487,-14.78894187716098,129.41840767984505,-30.20126855242576
1.5448,0.14193928965641656,-0.11311169075364261,-14.822630029805365,129.10258683576672,-30.20087115123856
1.5455999999999999,0.14079529457029144,-0.11341121569390063,-14.856459457810423,128.78727731313919,-30.19890730510369
1.5464,0.13964865013452743,-0.11370577468370918,-14.890430252957332,128.47248430668284,-30.19538567129007
1.5472000000000001,0.13849936859445527,-0.1139953499914344,-14.924542481047993,128.15821291710404,-30.19031488400844
1.548,0.13734746228068814,-0.11427992384270753,-14.958796180834156,127.84446815195344,-30.183703553724023
1.5488,0.13619294360973894,-0.11455947842040383,-14.99319136291005,127.53125492648395,-30.175560266483387
1.5495999999999999,0.1350358250846425,-0.11483399586462169,-15.027728008567367,127.21857806450794,-30.16589358325533
1.5504,0.13387611929558024,-0.11510345827266219,-15.062406068611494,126.90644229925235,-30.154712039285474
1.5512000000000001,0.13271383892050895,-0.11536784769900811,-15.09722546213782,126.59485227421342,-30.142024143464536
1.552,0.1315489967257928,-0.11562714615530437,-15.13218607526686,126.28381254400882,-30.127838377710223
1.5528,0.1303816055668381,-0.11588133561033759,-15.167287759837095,125.97332757522842,-30.11216319636215
1.5535999999999999,0.12921167838873376,-0.1161303979900162,-15.202530332054081,125.66340174728352,-30.095007025590203
1.5544,0.1280392282268939,-0.11637431517735071,-15.237913571094733,125.35403935325353,-30.076378262815663
1.5552000000000001,0.12686426820770555,-0.11661306901243375,-15.273437217665325,125.04524460073134,-30.05628527614533
1.556,0.1256868115491786,-0.11684664129242095,-15.30910097251202,124.73702161266539,-30.03473640381811
1.5568,0.12450687156160001,-0.11707501377151149,-15.344904494882455,124.42937442819985,-30.011739953664215
1.5575999999999999,0.12332446164819293,-0.11729816816092845,-15.380847400937046,124.12230700351246,-29.987304202576585
1.5584,0.12213959530577836,-0.11751608612890002,-15.416929262108605,123.81582321264926,-29.96143739599454
1.5592000000000001,0.1209522861254426,-0.11772874930064019,-15.453149603408816,123.50992684835735,-29.934147747399418
1.56,0.11976254779320693,-0.11793613925832952,-15.489507901680188,123.20462162291382,-29.905443437821905
1.5608,0.11857039409070105,-0.11813823754109672,-15.526003583791985,122.89991116895209,-29.875332615361167
1.5615999999999999,0.11737583889584276,-0.1183350256449992,-15.562636024778563,122.5957990402855,-29.84382339471537
1.5624,0.11617889618351983,-0.11852648502300449,-15.599404545918771,122.29228871272706,-29.810923856723534
1.5632000000000001,0.11497958002627769,-0.11871259708497109,-15.636308412754738,121.9893835849069,-29.776642047918635
1.564,0.11377790459500993,-0.11889334319763012,-15.673346833048631,121.68708697908508,-29.740985980091637
1.5648,0.11257388415965276,-0.119068704684566,-15.710518954675853,121.3854021419617,-29.703963629866223
1.5655999999999999,0.11136753308988577,-0.11923866282619805,-15.747823863452982,121.08433224548347,-29.6655829382845
1.5664,0.11015886585583495,-0.11940319885976126,-15.785260580899115,120.78388038764608,-29.625851810402864
1.5672000000000001,0.10894789702878253,-0.11956229397928758,-15.822828061928833,120.48404959329363,-29.584778114898544
1.568,0.10773464128187879,-0.11971592933558693,-15.860525192475485,120.18484281491364,-29.54236968368609
1.5688,0.10651911339085886,-0.11986408603622829,-15.898350787043098,119.88626293342789,-29.498634311543945
1.5695999999999999,0.10530132823476593,-0.12000674514552051,-15.936303586185334,119.58831275898014,-29.453579755750965
1.5704,0.10408130079667657,-0.12014388768449319,-15.974382253910173,119.29099503171912,-29.40721373573255
1.5712000000000002,0.10285904616443366,-0.12027549463087725,-16.012585375008598,118.9943124225779,-29.359543932716416
1.572,0.10163457953138127,-0.12040154691908568,-16.05091145230603,118.6982675340486,-29.3105779893977
1.5728,0.10040791619710464,-0.12052202544019397,-16.089358903834967,118.40286290095268,-29.26032350961323
1.5735999999999999,0.09917907156817699,-0.12063691104192015,-16.12792605992741,118.1081009912079,-29.208788058025064
1.5744,0.09794806115890925,-0.12074618452860533,-16.16661116022582,117.81398420658981,-29.155979159812848
1.5752000000000002,0.09671490059210636,-0.12084982666119318,-16.205412350611212,117.52051488348954,-29.10190430037496
1.576,0.09547960559982702,-0.12094781815720973,-16.244327680047313,117.22769529366667,-29.046570925038207
1.5768,0.09424219202414856,-0.12104013969074306,-16.2833550973395,116.93552764499762,-28.989986438776175
1.5776,0.09300267581793831,-0.12112677189242244,-16.322492447807445,116.6440140822197,-28.932158205935718
1.5784,0.09176107304562889,-0.12120769534939693,-16.361737469870636,116.35315668767007,-28.873093549971678
1.5792000000000002,0.09051739988399989,-0.12128289060531453,-16.401087791545702,116.0629574820208,-28.81279975318974
1.58,0.08927167262296376,-0.12135233816030024,-16.44054092685496,115.77341842500823,-28.751284056496996
1.5808,0.08802390766635652,-0.12141601847093418,-16.480094272145553,115.4845414161581,-28.688553659160274
1.5816,0.08677412153273595,-0.1214739119502292,-16.519745102318517,115.19632829550578,-28.62461571857213
1.5824,0.08552233085618324,-0.12152599896760836,-16.5594905669677,114.90878084431172,-28.559477350024245
1.5832000000000002,0.08426855238711224,-0.12157225984888152,-16.599327686428232,114.62190078577201,-28.493145626488076
1.584,0.0830128029930825,-0.12161267487622211,-16.639253347734655,114.33568978572389,-28.425627578402718
1.5848,0.08175509965961775,-0.1216472242881431,-16.679264300489052,114.05014945334617,-28.356930193469687
1.5856,0.08049545949103205,-0.12167588827947262,-16.71935715263944,113.76528134185514,-28.287060416454707
1.5864,0.07923389971126027,-0.12169864700132887,-16.759528366169437,113.48108694919506,-28.216025148996035
1.5872000000000002,0.07797043766469562,-0.12171548056109502,-16.7997742527,113.19756771872402,-28.143831249419684
1.588,0.07670509081703197,-0.12172636902239292,-16.84009096900468,112.91472503989424,-28.070485532560742
1.5888,0.07543787675611183,-0.12173129240505697,-16.88047451244001,112.63256024892756,-27.99599476959127
1.5896,0.07416881319278239,-0.1217302306851066,-16.920920716292812,112.35107462948591,-27.920365687854236
1.5904,0.07289791796175579,-0.12172316379471892,-16.96142524504703,112.07026941333645,-27.843604970703613
1.5912000000000002,0.07162520902247774,-0.12171007162220009,-17.001983589572575,111.79014578101201,-27.76571925735032
1.592,0.0703507044600002,-0.12169093401195634,-17.042591062239516,111.51070486246583,-27.686715142713986
1.5928,0.06907442248586111,-0.12166573076446444,-17.08324279196111,111.23194773772123,-27.606599177280298
1.5936,0.06779638143897179,-0.12163444163624083,-17.12393371916981,110.95387543751652,-27.525377866963936
1.5944,0.06651659978650949,-0.12159704633981071,-17.16465859073087,110.67648894394426,-27.443057672976913
1.5952000000000002,0.06523509612481841,-0.12155352454367586,-17.205411954798638,110.39978919108583,-27.359645011702177
1.596,0.06395188918031533,-0.12150385587228187,-17.246188155621446,110.12377706564013,-27.275146254572327
1.5968,0.06266699781040244,-0.12144801990598424,-17.286981328301316,109.84845340754754,-27.18956772795327
1.5976,0.06138044100438876,-0.12138599618101399,-17.327785393515544,109.57381901060853,-27.102915713032985
1.5984,0.06009223788441663,-0.12131776418944197,-17.368594052207985,109.29987462309704,-27.015196445714793
1.5992000000000002,0.058802407706397275,-0.12124330337914245,-17.409400780258327,109.02662094836883,-26.92641611651555
1.6,0.0575109698609517,-0.12116259315375565,-17.450198823138802,108.75405864546426,-26.836580870468122
1.6008,0.0562179438743588,-0.12107561287264908,-17.490981190568252,108.48218832970592,-26.745696807028324
1.6016,0.05492334940951271,-0.12098234185087808,-17.53174065117442,108.21101057329123,-26.653769979986276
1.6024,0.05362720626688582,-0.12088275935914507,-17.572469727176408,107.9405259058798,-26.560806397381747
1.6032000000000002,0.05232953438550113,-0.12077684462375778,-17.61316068909985,107.6707348151753,-26.466812021423717
1.604,0.05103035384391046,-0.12066457682658616,-17.653805550538692,107.40163774750252,-26.37179276841374
1.6048,0.04972968486118053,-0.12054593510501806,-17.694396062978182,107.13323510837861,-26.275754508673113
1.6056,0.04842754779788854,-0.12042089855191389,-17.734923710694776,106.86552726307967,-26.178703066473886
1.6064,0.047123963157124096,-0.12028944621555958,-17.775379705749938,106.59851453720205,-26.080644219973355
1.6072000000000002,0.045818951585500894,-0.12015155709961871,-17.815754983095655,106.33219721721825,-25.98158370115211
1.608,0.0445125338741749,-0.12000721016308262,-17.856040195810927,106.0665755510278,-25.881527195755375
1.6088,0.04320473095987075,-0.11985638432021962,-17.896225710489365,105.80164974850265,-25.78048034323758
1.6096,0.04189556392591837,-0.11969905844052234,-17.936301602799457,105.53741998202797,-25.678448736710212
1.6104,0.04058505400329641,-0.11953521134865384,-17.97625765324019,105.2738863870371,-25.575437922892586
1.6112000000000002,0.039273222571686035,-0.11936482182439193,-18.01608334311596,105.01104906254221,-25.47145340206568
1.612,0.03796009116053175,-0.11918786860257205,-18.05576785075599,104.74890807165899,-25.366500628028646
1.6128,0.03664568145011099,-0.11900433037302811,-18.09530004800473,104.48746344212648,-25.260585008058076
1.6136,0.03533001527261474,-0.1188141857805321,-18.134668497010768,104.22671516682217,-25.15371190286997
1.6144,0.03401311461323524,-0.1186174134247315,-18.17386144734342,103.96666320427154,-25.045886626584153
1.6152000000000002,0.03269500161126492,-0.11841399186008521,-18.212866833466958,103.70730747915283,-24.937114446691147
1.616,0.03137569856120289,-0.11820389959579727,-18.25167227260397,103.44864788279664,-24.827400584021294
1.6168,0.03005522791387093,-0.11798711509574876,-18.29026506302027,103.19068427368025,-24.716750212716057
1.6176,0.02873361227754098,-0.11776361677842767,-18.328632182765,102.9334164779174,-24.605168460201536
1.6184,0.02741087441907053,-0.1175333830168569,-18.366760288900505,102.67684428974266,-24.4926604071639
1.6192000000000002,0.02608703726504987,-0.11729639213852,-18.404635717257744,102.42096747199112,-24.379231087526847
1.62,0.024762123902957647,-0.11705262242528465,-18.442244482753576,102.165785756573,-24.264885488430725
1.6208,0.023436157582326415,-0.11680205211332385,-18.479572280307345,101.91129884494283,-24.149628550213368
1.6216,0.022109161715920603,-0.11654465939303525,-18.516604486394467,101.65750640856463,-24.033465166392713
1.6224,0.020781159880923123,-0.11628042240895736,-18.55332616127572,101.40440808937133,-23.916400183650712
1.6232,0.01945217582013478,-0.11600931925968452,-18.589722051940733,101.15200350022009,-23.79843840181904
1.624,0.018122233443180574,-0.11573132799777766,-18.62577659580502,100.90029222534169,-23.67958457386553
1.6248,0.016791356827732428,-0.11544642662967441,-18.661473925199093,100.64927382078639,-23.55984340588254
1.6256,0.015459570220737644,-0.11515459311559492,-18.696797872688855,100.39894781486366,-23.439219557075866
1.6264,0.014126898039662229,-0.11485580536944598,-18.731731977265206,100.14931370857805,-23.31771763975508
1.6272,0.012793364873745883,-0.1145500412587222,-18.766259491440728,99.90037097606006,-23.195342219324782
1.6280000000000001,0.011458995485264705,-0.11423727860440382,-18.800363389289995,99.65211906499171,-23.072097814276443
1.6288,0.010123814810811628,-0.11391749518085262,-18.834026375468813,99.40455739702836,-22.94798889618153
1.6296,0.008787847962582918,-0.11359066871570332,-18.867230895246433,99.15768536821473,-22.82301988968471
1.6304,0.007451120229680905,-0.11325677688975341,-18.89995914558236,98.911502349397,-22.697195172498134
1.6312,0.006113657079428986,-0.11291579733684928,-18.93219308727768,98.66600768663032,-22.570519075396174
1.6320000000000001,0.004775484158695296,-0.11256770764376825,-18.963914458227933,98.42120070158079,-22.44299588221017
1.6328,0.003436627295234978,-0.11221248535009896,-18.995104787801548,98.17708069192385,-22.314629829824124
1.6336,0.0020971124990398155,-0.11185010794811663,-19.02574541236479,97.93364693173741,-22.18542510817009
1.6344,0.000756965963704475,-0.11148055288265593,-19.05581749197012,97.69089867189068,-22.055385860224042
1.6352,-0.0005837859321935429,-0.11110379755098032,-19.085302028220813,97.44883514042867,-21.924516182001877
1.6360000000000001,-0.001925116623704419,-0.1107198193026464,-19.114179883320418,97.20745554295146,-21.79282012255493
1.6368,-0.003266999358096853,-0.11032859543936652,-19.142431800310106,96.96675906298985,-21.660301683966082
1.6376,-0.004609407193440791,-0.10993010321486557,-19.1700384244923,96.72674486237591,-21.526964821345054
1.6384,-0.005952312997172037,-0.10952431983473489,-19.19698032603272,96.4874120816093,-21.392813442823726
1.6392,-0.007295689444642364,-0.10911122245628231,-19.223238023727113,96.24875984021942,-21.257851409551265
1.6400000000000001,-0.008639509017658968,-0.10869078818837702,-19.248792009912595,96.01078723712253,-21.122082535688303
1.6408,-0.009983744003002943,-0.10826299409129136,-19.27362277649648,95.77349335097546,-20.98551058840122
1.6416,-0.011328366490938853,-0.10782781717653717,-19.297710842068685,95.53687724052378,-20.84813928785522
1.6424,-0.012673348373704454,-0.10738523440669827,-19.321036780056314,95.30093794494678,-20.70997230720713
1.6432,-0.014018661343985432,-0.10693522269525876,-19.34358124787149,95.0656744841976,-20.57101327259735
1.6440000000000001,-0.015364276893377552,-0.10647775890642537,-19.365325016996003,94.83108585933891,-20.43126576314067
1.6448,-0.016710166310827262,-0.10601281985494651,-19.386249003938147,94.597171052875,-20.29073331091659
1.6456,-0.018056300681061448,-0.10554038230592509,-19.406334301989684,94.36392902907892,-20.149419400958166
1.6464,-0.019402650882996607,-0.10506042297462696,-19.42556221370268,94.13135873431592,-20.007327471240018
1.6472,-0.020749187588131466,-0.10457291852628482,-19.443914283998282,93.8994590973629,-19.864460912665233
1.6480000000000001,-0.022095881258925802,-0.10407784557589501,-19.461372333812086,93.66822902972261,-19.72082306905051
1.6488,-0.023442702147155912,-0.1035751806880112,-19.47791849417292,93.43766742593556,-19.576417237110658
1.6496,-0.024789620292258546,-0.10306490037653049,-19.49353524060531,93.20777316388592,-19.431246666440916
1.6503999999999999,-0.02613660551965191,-0.10254698110447542,-19.508205427738762,92.97854510510479,-19.28531455949833
1.6512,-0.02748362743904092,-0.1020213992837689,-19.521912324001157,92.74998209506862,-19.138624071581106
1.6520000000000001,-0.028830655442701962,-0.10148813127500471,-19.534639646267607,92.52208296349404,-18.991178310806646
1.6528,-0.030177658703750034,-0.10094715338721046,-19.546371594331465,92.29484652462864,-18.8429803380875
1.6536,-0.03152460617438671,-0.10039844187760517,-19.557092885059596,92.06827157753732,-18.694033167105538
1.6543999999999999,-0.03287146658412693,-0.09984197295135018,-19.566788786090815,91.84235690638528,-18.54433976428422
1.6552,-0.03421820843800685,-0.0992777227612938,-19.57544514893363,91.61710128071695,-18.39390304875885
1.6560000000000001,-0.03556480001477046,-0.09870566740770974,-19.583048441317846,91.39250345573089,-18.242725892344794
1.6568,-0.03691120936503631,-0.09812578293802755,-19.589585778654083,91.16856217255078,-18.090811119503233
1.6576,-0.038257404309443854,-0.09753804534655698,-19.595044954455222,90.94527615849275,-17.938161507304848
1.6583999999999999,-0.03960335243677631,-0.09694243057420528,-19.599414469575795,90.72264412732872,-17.784779785391127
1.6592,-0.04094902110206327,-0.09633891450818693,-19.60268356012744,90.50066477954597,-17.630668635933144
1.6600000000000001,-0.042294377424659954,-0.09572747298172612,-19.6048422239326,90.27933680260307,-17.475830693587888
1.6608,-0.04363938828630468,-0.09510808177375188,-19.605881245383074,90.05865887118198,-17.32026854545194
1.6616,-0.04498402032915446,-0.09448071660858423,-19.60579221857636,89.83862964743608,-17.163984731012228
1.6623999999999999,-0.04632823995379465,-0.09384535315561429,-19.60456756860937,89.61924778123499,-17.006981742094375
1.6632,-0.047672013317226675,-0.09320196702897457,-19.60220057091741,89.40051191040533,-16.849262022807768
1.6640000000000001,-0.04901530633083007,-0.09255053378720245,-19.59868536855523,89.18242066096819,-16.69082796948804
1.6648,-0.050358084658301314,-0.09189102893289404,-19.594016987326945,88.96497264737253,-16.531681930636154
1.6656,-0.05170031371356764,-0.09122342791234933,-19.588191348682503,88.74816647272493,-16.371826206854358
1.6663999999999999,-0.0530419586586737,-0.09054770611520957,-19.58120528030988,88.53200072901618,-16.211263050779124
1.6672,-0.05438298440164381,-0.08986383887408442,-19.57305652436458,88.31647399734375,-16.04999466701051
1.6680000000000001,-0.055723355594315634,-0.0891718014641711,-19.563743743290615,88.10158484813122,-15.888023212038338
1.6688,-0.057063036630149354,-0.08847156910286286,-19.553266523200538,87.88733184134367,-15.725350794164596
1.6696,-0.05840199164200894,-0.0877631169493479,-19.54162537479559,87.67371352669961,-15.56197947342223
1.6703999999999999,-0.05974018449991368,-0.08704642010419947,-19.528821731820727,87.46072844387952,-15.397911261490453
1.6712,-0.06107757880876296,-0.08632145360895474,-19.5148579470631,87.24837512273102,-15.23314812160603
1.6720000000000002,-0.06241413790603061,-0.08558819244568429,-19.499737285916233,87.03665208347024,-15.067691968470823
1.6728,-0.06374982485943116,-0.08484661153655056,-19.483463917545603,86.82555783687984,-14.901544668155216
1.6736,-0.06508460246455593,-0.08409668574335466,-19.466042903704565,86.61509088450357,-14.734708037997315
1.6743999999999999,-0.06641843324247729,-0.08333838986707429,-19.44748018526205,86.40524971883728,-14.567183846498262
1.6752,-0.06775127943732258,-0.0825716986473883,-19.42778256651584,86.19603282351679,-14.398973813212967
1.6760000000000002,-0.0690831030138151,-0.08179658676219166,-19.40695769737632,85.9874386735021,-14.230079608636679
1.6768,-0.07041386565478439,-0.08101302882709731,-19.385014053516493,85.7794657352583,-14.060502854086835
1.6776,-0.07174352875864325,-0.08022099939492572,-19.361960914593656,85.57211246693278,-13.890245121580207
1.6784,-0.0730720534368296,-0.07942047295518424,-19.337808340657013,85.36537731852958,-13.719307933705736
1.6792,-0.07439940051121563,-0.07861142393353159,-19.312567146863287,85.15925873208006,-13.547692763492062
1.6800000000000002,-0.07572553051148022,-0.07779382669123187,-19.286248876629095,84.95375514181023,-13.375401034270581
1.6808,-0.07705040367244788,-0.07696765552459359,-19.258865773354575,84.74886497430488,-13.20243411953303
1.6816,-0.07837397993139111,-0.07613288466439584,-19.23043075085721,84.54458664866799,-13.028793342784043
1.6824,-0.07969621892529385,-0.07528948827530192,-19.20095736265833,84.3409185766804,-12.854479977388598
1.6832,-0.08101707998807942,-0.07443744045525776,-19.170459770266902,84.13785916295363,-12.679495246413818
1.6840000000000002,-0.08233652214779788,-0.0735767152348774,-19.13895271060661,83.93540680508085,-12.50384032246555
1.6848,-0.08365450412377631,-0.07270728657681318,-19.106451462732128,83.73355989378406,-12.327516327519062
1.6856,-0.08497098432372896,-0.0718291283751104,-19.072971813979763,83.5323168130584,-12.150524332743931
1.6864,-0.08628592084082476,-0.07094221445454886,-19.03853002569578,83.33167594031282,-11.972865358323386
1.6872,-0.08759927145071549,-0.07004651856996727,-19.003142798682703,83.13163564650775,-11.79454037326732
1.6880000000000002,-0.08891099360851938,-0.06914201440557327,-18.96682723850048,82.93219429628947,-11.61555029521948
1.6888,-0.0902210444457637,-0.06822867557423623,-18.929600820754725,82.73335024812094,-11.435895990258116
1.6896,-0.09152938076728302,-0.06730647561676367,-18.89148135649927,82.53510185440955,-11.255578272690265
1.6904,-0.09283595904807096,-0.06637538800116187,-18.85248695787449,82.33744746163158,-11.074597904839711
1.6912,-0.09414073543008783,-0.06543538612187859,-18.812636004096273,82.14038541045336,-10.892955596828108
1.6920000000000002,-0.09544366571901973,-0.06448644329902914,-18.77194710790421,81.94391403584926,-10.710652006349461
1.6928,-0.09674470538099202,-0.06352853277760367,-18.730439082569845,81.74803166721625,-10.52768773843748
1.6936,-0.09804380953923376,-0.06256162772665623,-18.68813090955883,81.55273662848516,-10.344063345225859
1.6944,-0.09934093297069117,-0.061585701238476266,-18.645041706933057,81.35802723822883,-10.159779325701479
1.6952,-0.10063603010259178,-0.06060072632774011,-18.601190698570846,81.16390180976686,-9.974836125450054
1.6960000000000002,-0.10192905500895591,-0.059606675930644545,-18.556597184275585,80.97035865126723,-9.789234136394496
1.6968,-0.1032199614070564,-0.05860352290401884,-18.511280510835377,80.7773960658444,-9.60297369652528
1.6976,-0.104508702653825,-0.057591240024417074,-18.46526004408822,80.58501235165407,-9.416055089622988
1.6984,-0.10579523174220229,-0.056569799987190944,-18.418555142039995,80.39320580198499,-9.228478544973093
1.6992,-0.10707950129743293,-0.05553917540554029,-18.371185129074515,80.2019747053471,-9.040244237072313
1.7000000000000002,-0.1083614635733022,-0.054499338809543524,-18.32316927128819,80.01131734555668,-8.851352285326843
1.7008,-0.10964107044831599,-0.05345026264516493,-18.274526752974353,79.82123200181763,-8.661802753741862
1.7016,-0.11091827342182133,-0.05239191927323925,-18.225276654275905,79.63171694879992,-8.471595650602275
1.7024,-0.11219302361006382,-0.051324280968435346,-18.17543793001866,79.44277045671446,-8.280730928144916
1.7032,-0.11346527174218567,-0.050247319918194776,-18.125029389731353,79.25439079138447,-8.089208482221364
1.7040000000000002,-0.11473496815615761,-0.04916100822164831,-18.074069678853157,79.06657621431384,-7.897028151951824
1.7048,-0.11600206279464856,-0.048065317888506626,-18.022577261123878,78.87932498275164,-7.704189719369283
1.7056,-0.11726650520082903,-0.04696022083792627,-17.970570402147334,78.69263534975329,-7.51069290905403
1.7064,-0.11852824451410501,-0.045845688897352,-17.918067154114194,78.50650556423848,-7.316537387758662
1.7072,-0.11978722946578525,-0.044721693801331557,-17.865085341666,78.32093387104536,-7.1217227640226906
1.7080000000000002,-0.1210434083746758,-0.04358820719030607,-17.811642548878993,78.13591851098167,-6.926248587777298
1.7088,-0.12229672914260496,-0.04244520060937178,-17.75775610734265,77.95145772087166,-6.730114349939258
1.7096,-0.12354713924987451,-0.041292645507014475,-17.703443085305242,77.76754973359988,-6.533319481994243
1.7104,-0.12479458575063423,-0.04013051323381767,-17.648720277856224,77.58419277815146,-6.335863355569515
1.7112,-0.12603901526818162,-0.03895877504114053,-17.593604198112917,77.40138507964853,-6.137745281995172
1.7120000000000002,-0.12728037399018166,-0.03777740207976833,-17.538111069377297,77.2191248593832,-5.938964511854349
1.7128,-0.12851860766380802,-0.03658636539853185,-17.48225681822715,77.03741033484677,-5.739520234521558
1.7136,-0.12975366159080312,-0.035385635942896135,-17.42605706850459,76.856239719755,-5.539411577689163
1.7144,-0.13098548062245224,-0.03417518455352024,-17.36952713616439,76.6756112240701,-5.338637606882045
1.7152,-0.13221400915447512,-0.03295498196478364,-17.312682024943303,76.49552305401853,-5.137197324959673
1.7160000000000002,-0.13343919112182703,-0.03172499880328234,-17.255536422811907,76.31597341210532,-4.935089671605836
1.7168,-0.1346609699934142,-0.030485205586290233,-17.19810469916963,76.13696049712408,-4.7323135228052084
1.7176,-0.13587928876671687,-0.029235572720187154,-17.140400902744183,75.95848250416341,-4.528867690306797
1.7184,-0.13709408996231826,-0.02797607049885437,-17.08243876015667,75.78053762460918,-4.324750921074222
1.7192,-0.13830531561833972,-0.026706669102033533,-17.024231675113953,75.60312404614298,-4.119961896722016
1.7200000000000002,-0.1395129072847768,-0.02542733859365175,-16.9657927281906,75.42623995273637,-3.9144992329381907
1.7208,-0.14071680601773826,-0.02413804892010874,-16.907134677163114,75.24988352464092,-3.7083614788922135
1.7216,-0.14191695237358232,-0.022838769908526825,-16.848269957860357,75.07405293837418,-3.501547116628369
1.7224,-0.1431132864029481,-0.021529471264964968,-16.789210685494645,74.89874636670139,-3.2940545604444673
1.7232,-0.1443057476446819,-0.02021012257259253,-16.72996865643914,74.72396197861282,-3.0858821562550007
1.7240000000000002,-0.14549427511965354,-0.01888069328982549,-16.67055535041818,74.549697939297,-2.877028180939014
1.7248,-0.14667880732446245,-0.017541152748420778,-16.61098193307823,74.37595241010918,-2.66749084167174
1.7256,-0.14785928222503097,-0.01619147015152961,-16.551259258908427,74.20272354853525,-2.457268275239954
1.7264,-0.14903563725007882,-0.014831614571711019,-16.49139787448094,74.03000950815135,-2.246358547340981
1.7272,-0.1502078092844806,-0.013461554948900918,-16.431408021982293,73.85780843857881,-2.034759651864413
1.728,-0.1513757346624996,-0.01208126008833992,-16.371299643008502,73.68611848543418,-1.8224695101567676
1.7288000000000001,-0.15253934916090062,-0.01069069865845284,-16.311082382597483,73.51493779027427,-1.6094859702677673
1.7296,-0.15369858799193054,-0.009289839188688545,-16.25076559347432,73.34426449053686,-1.3958068061792972
1.7304,-0.15485338579617322,-0.007878650067308047,-16.19035834048529,73.17409671947573,-1.181429717014931
1.7312,-0.1560036766352678,-0.0064570995391294034,-16.129869405198512,73.00443260609106,-0.9663523262310475
1.732,-0.15714939398449104,-0.00502515570322456,-16.069307290649892,72.83527027505448,-0.7505721807885153
1.7328000000000001,-0.15829047072520214,-0.0035827865105635274,-16.008680226214306,72.66660784662878,-0.5340867503039572
1.7336,-0.15942683913714062,-0.0021299597616143283,-15.947996172583386,72.49844343658235,-0.31689342618156063
1.7344,-0.16055843089058258,-0.0006666431038862623,-15.887262826831849,72.33077515609781,-0.09898952072325069
1.7352,-0.16168517703834334,0.0008071959705749384,-15.826487627556178,72.16360111167536,0.1196277337818079
1.736,-0.16280700800762754,0.0022915901277447423,-15.765677760069899,71.99691940503043,0.3389611859894212
1.7368000000000001,-0.16392385359172487,0.0037865721942357783,-15.704840161640883,71.83072813298485,0.5590137664554465
1.7376,-0.16503564294154058,0.005292175159962485,-15.643981526757543,71.66502538735288,0.7797884886126736
1.7384,-0.16614230455696605,0.006808432180868515,-15.58310831241095,71.49980925482029,1.0012884497719472
1.7392,-0.16724376627807797,0.008335376581706943,-15.522226743381658,71.33507781681783,1.2235168321464458
1.74,-0.1683399552761645,0.009873041858879297,-15.461342817520379,71.17082914938794,1.4464769039003877
1.7408000000000001,-0.16943079804457808,0.011421461683338215,-15.400462311012433,71.00706132304484,1.670172020223271
1.7416,-0.17051622038940287,0.012980669903544649,-15.339590783617371,70.84377240262835,1.894605624428737
1.7424,-0.1715961474199411,0.014550700548493533,-15.278733583874892,70.68096044715004,2.1197812490805044
1.7432,-0.172670503539006,0.0161315878307985,-15.217895854270004,70.51862350963322,2.345702517144462
1.744,-0.17373921243302168,0.017723366149840884,-15.157082536350213,70.35675963694518,2.572373143168127
1.7448000000000001,-0.17480219706192493,0.019326070094989257,-15.096298375788486,70.19536686962205,2.799796934488837
1.7456,-0.1758593796488598,0.02093973444887919,-15.03554792738666,70.03444324168636,3.0279777924696893
1.7464,-0.17691068166966645,0.022564394190768278,-14.974835560013798,69.87398678045645,3.256919713765882
1.7472,-0.17795602384215325,0.024200084499956396,-14.914165461475381,69.7139955063482,3.4866267916205325
1.748,-0.17899532611514896,0.025846840759277324,-14.853541643309171,69.55446743266855,3.717103217191411
1.7488000000000001,-0.1800285076573326,0.027504698558667284,-14.79296794550404,69.39540056540035,3.9483532809098936
1.7496,-0.18105548684582828,0.029173693698800827,-14.73244804113913,69.23679290297902,4.180381373871383
1.7504,-0.18207618125456812,0.030853862194808967,-14.671985440940139,69.0786424360598,4.413191989259879
1.7512,-0.18309050764240906,0.03254524028006985,-14.611583497750939,68.9209471472764,4.6467897238059335
1.752,-0.1840983819410017,0.03424786441007771,-14.551245410918396,68.76370501099015,4.8811792792794515
1.7528000000000001,-0.18509971924240715,0.035961771266396714,-14.490974230588638,68.60691399302925,5.116365464018895
1.7536,-0.18609443378644774,0.03768699776068926,-14.430772861913997,68.45057205041871,5.352353194496115
1.7544,-0.18708243894779458,0.03942358103883465,-14.37064406916904,68.29467713109948,5.589147496919712
1.7551999999999999,-0.18806364722277685,0.04117155848512733,-14.31059047977552,68.13922717363758,5.826753508876166
1.756,-0.18903797021591132,0.042930967726564545,-14.250614588235369,67.98422010692232,6.065176481010827
1.7568000000000001,-0.19000531862614092,0.04470184663721979,-14.190718759971805,67.82965384985361,6.304421778749044
1.7576,-0.19096560223277856,0.04648423334270849,-14.130905235078224,67.67552631101763,6.544494884059114
1.7584,-0.1919187298811466,0.04827816622474561,-14.071176131975179,67.52183538835075,6.785401397257796
1.7591999999999999,-0.19286460946790326,0.05008368392579401,-14.011533450975806,67.36857896879175,7.027147038859157
1.76,-0.19380314792604955,0.05190082535381069,-13.951979077760052,67.21575492792115,7.269737651468518
1.7608000000000001,-0.19473425120960716,0.053729629687087714,-13.8925147867584,67.06336112958822,7.513179201722044
1.7616,-0.19565782427796005,0.05557013637919448,-13.833142244445728,66.91139542552415,7.757477782273739
1.7624,-0.1965737710798503,0.057422385164021095,-13.773863012546242,66.75985565494224,8.002639613830913
1.7631999999999999,-0.1974819945370176,0.059286416060922026,-13.714678551150442,66.60873964412353,8.24867104723886
1.764,-0.19838239652747533,0.06116226937996724,-13.65559022174509,66.45804520598828,8.49557856561689
1.7648000000000001,-0.19927487786841205,0.06304998572729745,-13.596599290157387,66.30777013965255,8.743368786546263
1.7656,-0.20015933829870922,0.06494960601059119,-13.537706929414437,66.15791222996914,8.992048464312226
1.7664,-0.20103567646106554,0.06686117144464257,-13.478914222519304,66.00846924705272,9.24162449220107
1.7671999999999999,-0.20190378988371438,0.06878472355704995,-13.420222165145079,65.85943894578861,9.492103904853542
1.768,-0.20276357496172764,0.07072030419402218,-13.361631668248073,65.71081906532471,9.743493880676626
1.7688000000000001,-0.20361492693789063,0.07266795552630005,-13.303143560601779,65.56260732854588,9.99580174431476
1.7696,-0.2044577398831405,0.0746277200551997,-13.244758591252754,65.41480144153017,10.24903496918261
1.7704,-0.20529190667655367,0.07659964061877847,-13.186477431900043,65.26739909298647,10.503201180060874
1.7711999999999999,-0.20611731898486996,0.07858376039812219,-13.128300679199587,65.12039795367299,10.758308155756444
1.772,-0.20693386724154222,0.08058012292376178,-13.070228856995001,64.97379567579574,11.014363831829359
1.7728000000000002,-0.20774144062529715,0.08258877208221602,-13.012262418476311,64.82758989238657,11.271376303387692
1.7736,-0.2085399270381951,0.08460975212266898,-12.954401748267994,64.68177821665985,11.52935382795307
1.7744,-0.20932921308317454,0.08664310766378074,-12.896647164447916,64.53635824134713,11.788304828398246
1.7752,-0.21010918404106557,0.08868888370063217,-12.838998920498646,64.39132753800914,12.04823789595853
1.776,-0.2108797238470602,0.09074712561181113,-12.781457207192545,64.24668365632436,12.309161793319808
1.7768000000000002,-0.2116407150666215,0.09281787916663754,-12.724022154412227,64.10242412335337,12.571085457784584
1.7776,-0.21239203887081903,0.09490119053253515,-12.666693832907633,63.95854644277774,12.83401800451898
1.7784,-0.21313357501107244,0.09699710628255001,-12.60947225599134,63.81504809411298,13.097968729882602
1.7792,-0.2138652017932857,0.09910567340301571,-12.552357381173483,63.671926531895004,13.362947114843383
1.78,-0.21458679605135753,0.10122693930137333,-12.49534911173763,63.529179184838014,13.628962828480356
1.7808000000000002,-0.21529823312004728,0.10336095181414333,-12.4384472982591,63.386803454964216,13.896025731576362
1.7816,-0.2159993868071808,0.10550775921505795,-12.381651740066925,63.24479671670317,14.164145880303904
1.7824,-0.21669012936517593,0.10766741022335415,-12.324962186650891,63.10315631596034,14.433333530006514
1.7832,-0.21737033146186685,0.10983995401222679,-12.268378339015012,62.96187956915368,14.70359913907806
1.784,-0.21803986215061022,0.11202544021745085,-12.211899850978602,62.82096376221693,14.974953372943542
1.7848000000000002,-0.218698588839649,0.11422391894616955,-12.15552633042633,62.68040614956856,15.247407108143621
1.7856,-0.21934637726071562,0.11643544078585787,-12.099257340508325,62.54020395304502,15.520971436526832
1.7864,-0.21998309143685024,0.11866005681346058,-12.043092400791654,62.40035436079692,15.795657669552046
1.7872,-0.22060859364941143,0.1208978186047056,-11.987030988364335,62.26085452614708,16.07147734270428
1.788,-0.22122274440425657,0.12314877824360072,-11.931072538893,62.121701566408674,16.34844222002789
1.7888000000000002,-0.22182540239706608,0.12541298833211215,-11.875216447635324,61.98289256166248,16.62656429877999
1.7896,-0.22241642447778806,0.12769050200003254,-11.819462070408287,61.84442455349096,16.905855814208397
1.7904,-0.2229956656141766,0.12998137291503917,-11.763808724513286,61.70629454366814,17.1863292444575
1.7912,-0.22356297885439494,0.13228565529294306,-11.708255689619282,61.56849949280374,17.4679973156057
1.792,-0.2241182152886588,0.1346034039081367,-11.652802208604776,61.431036318939135,17.75087300683889
1.7928000000000002,-0.22466122400988833,0.13693467410423876,-11.597447488359698,61.29390189609424,18.034969555763762
1.7936,-0.22519185207334058,0.13927952180494446,-11.542190700548097,61.15709305276259,18.320300463865713
1.7944,-0.22570994445519224,0.14163800352508196,-11.487030982332449,61.02060657035288,18.606879502115525
1.7952,-0.22621534401003748,0.14401017638187452,-11.431967437060688,60.884439181575516,18.894720716729182
1.796,-0.22670789142727224,0.14639609810641796,-11.376999134916543,60.74858756877115,19.183838435086106
1.7968000000000002,-0.22718742518632792,0.14879582705537045,-11.322125113534181,60.61304836217948,19.47424727181026
1.7976,-0.2276537815107206,0.1512094222228641,-11.267344378577778,60.47781813814598,19.76596213501991
1.7984,-0.22810679432087966,0.15363694325263796,-11.212655904286862,60.3428934172636,20.058998232750906
1.7992,-0.22854629518571604,0.15607845045039279,-11.158058633988206,60.20827066244777,20.353371079558727
1.8,-0.22897211327289413,0.1585340047963771,-11.10355148057481,60.073946276941136,20.649096503305753
