freq_ghz,s11_re,s11_im,s11_db,s12_re,s12_im,s12_db,s21_re,s21_im,s21_db,s22_re,s22_im,s22_db,zin1_re_ohm,zin1_im_ohm,zin2_re_ohm,zin2_im_ohm
1.0,0.24839294335360532,0.8232762434545631,-1.3107190696270559,0.0025777939027832836,-0.0016067952454742636,-50.34948310991013,0.0025627882955999983,-0.0016001269280018734,-50.39610569502464,0.2624235688832369,0.8179060982345078,-1.3203985563452854,20.96385402879242,132.49831339125177,21.613007490290343,134.85791608110767
1.0008,0.2563406803576727,0.8190750622004204,-1.3277152712189748,0.0025671032831453998,-0.0016384545305449278,-50.32707035346866,0.0025533763998723327,-0.0016340036147018974,-50.36698720271591,0.2702792127051273,0.8135618288939626,-1.3375183648585405,21.521584269847526,133.8452925492708,22.192882160682128,136.2321951345177
1.0016,0.2642326553409198,0.8147795443032964,-1.3449059548487403,0.0025559223696567926,-0.0016701145652574599,-50.30489884814645,0.0025433674861562675,-0.0016679040499274341,-50.33829060676132,0.27807674739467875,0.8091250123888063,-1.3548300788104868,22.09684162565725,135.20851353727858,22.791050107234746,137.62309162462697
1.0024,0.2720674728713544,0.8103903725475764,-1.3622923511837712,0.0025442472898959236,-0.0017017661477311437,-50.28297383945648,0.002532756786272122,-0.00170181476672215,-50.310022535995415,0.28581482109516637,0.8045963748715327,-1.3723348914885893,22.69025597839001,136.58821188067822,23.408171966849405,139.0308434379885
1.0032,0.27984374559563413,0.8059082540300503,-1.379875693164687,0.002532074355200966,-0.0017333998772946684,-50.26130059824023,0.002521539895022693,-0.001735722033719814,-50.2821895517807,0.2934920909094607,0.7999766656727377,-1.3900339992796595,23.30248275853389,137.98462207300938,24.044935284634956,140.45568697218368
1.004,0.2875600947131813,0.8013339200879935,-1.3976572159447702,0.002519400069482437,-0.0017650061573707963,-50.239884418198606,0.0025097127841007425,-0.0017696118659672815,-50.2547981420127,0.3011072233426518,0.7952666572088751,-1.4079286016227919,23.934204053470122,139.39797705066866,24.702055683309478,141.89785655627412
1.0048,0.29521515045087365,0.7966681262173102,-1.4156381568277272,0.0025062211380769733,-0.0017965751987427602,-50.21873061332826,0.002497271815680922,-0.0018034700365166143,-50.227854715079005,0.30865889474470504,0.7904671448810011,-1.4260199009604255,24.586129763159665,140.82850761417322,25.380278082023224,143.35758381281897
1.0056,0.3028075525380465,0.7919116519806879,-1.4338197552037477,0.0024925344766262535,-0.0018280970232114782,-50.197844515263796,0.0024842137556507072,-0.001837282088780396,-50.20136559378227,0.3161457917529187,0.7855789469644944,-1.4443091026872843,25.2589988044383,142.2764417913217,26.08037796610426,144.83509695638455
1.0064,0.3103359506816035,0.7870653009057089,-1.4522032524837212,0.0024783372199640844,-0.001859561467652382,-50.17723147052625,0.0024705357864344725,-0.001871033349641762,-50.175337009237836,0.32356661173401746,0.7806029044896902,-1.462797415097259,25.95358036537819,143.74200413723585,26.803162709182544,146.33062002306912
1.0072,0.317799005041049,0.7821299003728226,-1.4707898920318456,0.002463626730993861,-0.001890958188479958,-50.15689683767864,0.002456235519364623,-0.001904708943307698,-50.149775094756166,0.33092006322570616,0.7755398811133675,-1.4814860493282738,26.67067521112468,145.22541496585836,27.54947294907574,147.84437202511464
1.008,0.3251953867031593,0.7771063014931769,-1.489580919096304,0.0024484006095379465,-0.0019222766665270728,-50.13684598438958,0.002441311006553831,-0.001938293805890855,-50.12468587972178,0.3382048663774579,0.7703907629810839,-1.5003762193049734,27.41111704252778,146.72688950702022,28.320184018715274,149.3765660241837
1.0088,0.3325237781561338,0.7719953789762185,-1.5085775807381838,0.0024326567011395206,-0.001953506212345819,-50.11708428440617,0.002425760752222451,-0.0019717727007025603,-50.10007528347984,0.34541975339038955,0.7651564585802875,-1.5194691416792905,28.1757739088034,148.2466369827375,29.11620743327899,150.9274081163742
1.0096,0.33978287376294913,0.7667980309870288,-1.5277811257586662,0.002416393105796942,-0.0019846359719352634,-50.0976171144375,0.0024095837234358406,-0.0020051302342361074,-50.0759491092422,0.3525634689559839,0.7598378985841885,-1.538766035768935,28.96554967532565,149.7848595958611,29.938492434536887,152.4970963214673
1.0104,0.3469713802336967,0.7615151789933756,-1.5471928046242502,0.0023996081866098015,-0.0020156549329008585,-50.078449850950555,0.0023927793602068273,-0.0020383508728166405,-50.0523130380251,0.3596347706934807,0.7544360356863732,-1.558268123493586,29.78138554749497,151.34175142366195,30.788027593225312,154.08581936831334
1.0112,0.3540880170967084,0.75614776760241,-1.56681386939021,0.0023823005783151657,-0.0020465519310492904,-50.059587866880435,0.002375347584919435,-0.002071418959890797,-50.029172622630426,0.3666324295857627,0.7489518444261011,-1.577976629308958,30.62426165144235,152.91749720834585,31.665842470045273,155.69375536761808
1.012,0.36113151716816366,0.7506967643870136,-1.5866455736221943,0.0023644691956920603,-0.0020773156574211368,-50.04103652825685,0.002357288811031302,-0.002104318733925922,-50.006533281683616,0.37355523041346533,0.743386321004296,-1.5978927801387208,31.495198672090147,154.51227103583534,32.57300933559427,157.32107036267925
1.0128,0.36810062702001434,0.7451631597017472,-1.6066891723159291,0.0023461132418113855,-0.0021079346657631084,-50.022801190749746,0.0023386039510132576,-0.0021370343468860506,-49.98440029374021,0.38040197218719085,0.7377404830902035,-1.618017805303991,32.395259548818004,156.12623489350244,33.510644949215454,158.9679167479148
1.0136,0.374994107445929,0.7395479664883924,-1.6269459218151174,0.0023272322161082127,-0.0021383973804399645,-50.0048871961362,0.002319294423486459,-0.002169549883248389,-49.962778791474264,0.387171468577545,0.7320153696186908,-1.6383529364507978,33.32555122864864,157.75953709678163,34.479912396363524,160.63443154420037
1.0144,0.381810733925039,0.7338522200710867,-1.6474170797273278,0.002307825922252787,-0.002168692104785256,-49.98729986869213,0.0022993621595190535,-0.0022018493795214252,-49.94167375596132,0.3938625483428227,0.7262120405781995,-1.6588994074751764,34.28722647647418,159.41231057382947,35.48202298361952,162.32073451921278
1.0152,0.38854929708326313,0.7280769779410063,-1.6681039048380772,0.0022878944757961173,-0.0021988070298887765,-49.970044511511475,0.0022788096080464523,-0.002233916844222946,-49.92109001106879,0.40047405575415246,0.7203315767893235,-1.6796584544459991,35.281485741394555,161.08467099656977,36.51823818995744,164.02692614007518
1.016,0.39520860315189044,0.722223319530641,-1.6890076570230623,0.0022674383115659467,-0.002228730243816934,-49.953126402756816,0.0022576397403817534,-0.0022657362782731814,-49.901032217966744,0.4070048510178178,0.7143750796740461,-1.7006313155255415,36.30957907768675,162.7767147455564,37.58987167223178,165.75308534462516
1.0168,0.4017874744232777,0.7162923459776301,-1.7101295971583108,0.0022464581907883146,-0.0022584497412613588,-49.93655079184485,0.0022358560537849943,-0.0022972916957562724,-49.88150486977187,0.4134538106946266,0.7083436710156094,-1.7218192308876676,37.372808118310225,164.48851669519135,38.6982913221375,167.49926711665242
1.0176,0.40828474970330725,0.7102851798781803,-1.7314709870286837,0.002224955207910049,-0.0022879534336091353,-49.92032289557099,0.0022134625740630478,-0.0023285671450002975,-49.86251228633721,0.4198198281160404,0.7022384927090313,-1.743223442633888,38.47252809812397,166.22012780479474,39.844921371048876,169.26549984934678
1.0184,0.4146992847604188,0.7042029650301035,-1.753033089234168,0.002202930797097286,-0.0023172291594269027,-49.90444789417716,0.002190463857174583,-0.002359546729924072,-49.84405860920064,0.42610181379687695,0.6960607065023122,-1.764845194706943,39.61014992314394,167.97157250001376,41.03124453816916,171.05178248009622
1.0192,0.4210299527709396,0.6980468661654496,-1.774817167094533,0.0021803867383850552,-0.0023462646953495087,-49.8889309273676,0.0021668649898176975,-0.0023902146315970207,-49.82614779670386,0.43229869584437697,0.6898114937283135,-1.78668573280212,40.787142281221556,169.74284582793732,42.25880421632093,172.85808137858945
1.02,0.4272756447604505,0.6918180686728179,-1.7968244845518537,0.002157325163453331,-0.0023750477673621304,-49.87377709027732,0.0021426715889812436,-0.002420555129956083,-49.8087836192946,0.43840942036337127,0.6834920550273585,-1.808746304276334,42.005033788391714,171.5339103681256,43.52920668842077,174.68432696892899
1.0208,0.4334352700409485,0.6855177783093293,-1.819056306071307,0.0021337485610047743,-0.002403566062463637,-49.85899142939828,0.0021178898004441077,-0.002450552625622539,-49.79196965502348,0.44443295185738346,0.6771036100605861,-1.8310281580546508,43.26541516388964,173.34469288056727,44.844123366221496,176.53041006520118
1.0216,0.43950775664352115,0.6791472209023436,-1.8415138965399866,0.002109659781720044,-0.0024318072406969513,-49.84457893846886,0.0020925262962104762,-0.0024801916617597478,-49.77570928524716,0.4503682736253841,0.670647397214068,-1.8535325445347925,44.56994142536582,175.1750806703057,46.20529304125352,178.39617789859298
1.0224,0.4454920517463063,0.6727076420409698,-1.8641985211636038,0.0020850620427667415,-0.0024597589475308596,-49.83054455433187,0.0020665882708727763,-0.0025094569459119137,-49.76000569054882,0.4562143881540084,0.6641246732937701,-1.8762607154890742,45.92033409417994,177.02491764719704,47.61452413598176,180.28142981280106
1.0232,0.4513871220974511,0.6662003067573514,-1.8871114453618278,0.0020599589318385466,-0.0024874088265761595,-49.816893152767236,0.002040083436897714,-0.0025383333717631036,-49.744861846886614,0.46197031750501244,0.6575367132113666,-1.8992139239640955,47.318383398794964,178.8940000579201,49.0736969410662,182.18591260308253
1.024,0.45719195443281363,0.6596264991979269,-1.9102539346610565,0.002034354410701955,-0.002514744532617138,-49.803629544305096,0.002013020018835012,-0.002566806040754854,-49.73028052198017,0.467635103697696,0.6508848096609923,-1.9223934241781768,48.76595046210631,180.7820718660024,50.58476582216421,184.10931547287345
1.0248,0.46290555588816823,0.6529875222845751,-1.933627254585903,0.002008252818228407,-0.0025417537449382685,-49.7907584700259,0.001985406746452102,-0.0025948602835007806,-49.71626427194479,0.4732078090861379,0.6441702727869534,-1.9458004714164114,50.26496945620039,182.68881975428005,52.14976137697478,186.05126458053698
1.0256,0.46852695440561987,0.6462846973658605,-1.957232670548363,0.0019816588728907977,-0.002568424180924019,-49.77828459735372,0.0019572528468023527,-0.002622481680936154,-49.70281543818242,0.47868751673094234,0.637394429842524,-1.9694363219232538,51.81744970523817,184.61386772282265,53.770792520104074,188.0113171473757
1.0264,0.4740551991339839,0.639519363858368,-1.981071447735413,0.0019545776747040395,-0.002594743609908429,-49.76621251584956,0.0019285680352383128,-0.0026496560851409128,-49.68993614453771,0.4840733307652905,0.6305586248398155,-1.9933022327932226,53.425477714146474,186.55677125404796,55.45004846987929,189.98895509675143
1.0272000000000001,0.4794893608228853,0.6326928788782658,-2.005144850994518,0.001927014706590518,-0.0026206998672496356,-49.75454673301148,0.0018993625053854697,-0.0026763696397751114,-49.677628294726894,0.48936437675511324,0.6236642181908675,-2.0173994618588145,55.09121909731253,188.5170110154644,57.18980060727887,191.98357819290388
1.028,0.4848285322102744,0.6258066168631714,-2.0294541447175267,0.0018989758351525767,-0.0026462808686028155,-49.74329167008853,0.0018696469180962186,-0.002702608800066399,-49.66589357004669,0.4945598020530654,0.6167125863400178,-2.041729267576424,56.816920377627085,190.49398606927534,58.99240417280122,193.99449664690118
1.0288,0.490071828403145,0.6188619691844325,-2.054000592722625,0.0018704673108351482,-0.002671474624364074,-49.73245165791564,0.001839432389407444,-0.0027283603522907304,-49.654733427369386,0.49965877614615595,0.6097051213876147,-2.066292908909977,58.60491062188196,192.48700655703126,60.86029976219097,196.02092315624256
1.0296,0.49521838725116596,0.611860343749957,-2.078785458134341,0.0018414957674634355,-0.0026962692542560588,-49.72203093277677,0.0018087304775293246,-0.002753611432688391,-49.64414909742972,0.5046604909967557,0.6026432307052045,-2.0910916452122557,60.4576028736941,194.495285826592,62.79601457648301,198.06196434385515
1.0304,0.5002673697129693,0.6048031645976666,-2.1038100032620406,0.0018120682211417464,-0.0027206530020251383,-49.71203363230372,0.0017775531688964993,-0.0027783495457595732,-49.63414158340853,0.5095641613767595,0.5955283365423124,-2.116126736103788,62.37749533977169,196.51793196800074,64.80216337577356,200.11661156179224
1.0312,0.5052179602148601,0.5976918714797382,-2.1290754894764126,0.0017821920685012545,-0.0027446142502187683,-49.702463791418,0.0017459128633164633,-0.00280256258188562,-49.62471165981682,0.5143690251946946,0.5883618756248294,-2.1413994413499653,64.36717227934466,198.5539387244844,66.88144907946187,202.18373102487078
1.032,0.5100693670016598,0.590527919437763,-2.1545831770842754,0.0017518750842863019,-0.0027681415350104682,-49.693325338323376,0.0017138223582537555,-0.002826238834224176,-49.61585987168375,0.5190743438155249,0.5811452987452578,-2.1669110207353945,66.42930453999675,200.60217574476724,69.03666294823947,204.26205323983547
1.0328,0.5148208224794543,0.5833127783689556,-2.1803343252016028,0.0017211254182704886,-0.002791223561039014,-49.684622090556736,0.0016812948322916519,-0.002849367014829167,-49.607586534050725,0.5236794023729192,0.5738800703448326,-2.19266273393644,68.56664967585284,202.6613781433444,71.27068427504304,206.35016169660008
1.0336,0.5194715835499795,0.5760479325835615,-2.2063301916249243,0.001689951591495634,-0.002813849216227621,-49.676357751104725,0.001648343827816227,-0.0028719362699494108,-49.59989173177299,0.5281835100737882,0.5665676680876623,-2.218655840391607,70.78205157607736,204.73013533635805,73.58647950323767,208.4464807897601
1.0344,0.5240209319364036,0.5687348803536484,-2.2325720327008254,0.0016583624918289285,-0.0028360075865478873,-49.66853590459401,0.0016149832329709261,-0.002893936194462248,-49.592775319629595,0.5325860004948367,0.5592095824271082,-2.2448915991693004,73.0784395228661,206.80687912242655,75.98710068055126,210.54926294102447
1.0352,0.5284681745002493,0.5613751334533983,-2.2590611031940293,0.0016263673688351676,-0.0028576879706930444,-49.66116001356258,0.0015812272629319895,-0.002915356845402378,-49.58623692274122,0.5368862318709074,0.5518073161644156,-2.271371268834062,75.45882658859978,208.88987098030765,78.47568314679616,212.65657489671486
1.036,0.5328126435492204,0.5539702166911324,-2.2857986561535495,0.001593975827963521,-0.0028788798946242015,-49.654233414819664,0.0015470904405580927,-0.002936188754548914,-49.58027593729507,0.5410835873749218,0.5443623839998487,-2.298096107310245,77.92630727143248,210.9771885588108,81.0554423419323,214.76628317915922
1.0368,0.5370536971356726,0.5465216674332131,-2.3127859427773396,0.0015611978240500815,-0.002899573125953061,-49.64775931590202,0.0015125875764694923,-0.00295642294003764,-49.57489153157462,0.5451774753891501,0.5368763120764496,-2.325067371743836,80.48405425745324,213.06671133908415,83.72966960883785,216.87603867687673
1.0376,0.5411907193455213,0.5390310351199952,-2.3400242122754,0.0015280436541396975,-0.0029197576881245155,-49.64174079163341,0.0014777337486138302,-0.0029760509169690606,-49.57008264729169,0.5491673297676658,0.5293506375165615,-2.3522863183620393,83.13531418557238,215.15610545553815,86.50172685209716,218.9832603662462
1.0384,0.5452231205773063,0.5314998807740909,-2.367514711731116,0.001494523949633017,-0.0029394238743620546,-49.636180780795264,0.0014425442813778778,-0.0029950647069865305,-49.56584800121703,0.5530526100896649,0.5217869079513426,-2.3797542023310534,85.88340227850577,217.2428076693869,89.37503990030129,221.085118166959
1.0392,0.5491503378112278,0.5239297765010785,-2.395258685961124,0.0014606496677665119,-0.0029585622613394896,-49.63108208291507,0.0014070347243052754,-0.0030134568468029826,-49.562186087105175,0.5568328019035675,0.5141866810433895,-2.407472277611463,88.73169568981037,219.32400849849063,92.35309040493334,223.17851494557155
1.04,0.5529718348678926,0.5163223049829015,-2.4232573773736794,0.0014264320824359468,-0.0029771637225422705,-49.626447355179664,0.0013712208304819617,-0.0030312203956585266,-49.55909517790828,0.5605074169615658,0.5065515240026787,-2.4354417968121287,91.68362540280818,221.39663451901032,95.43940609393519,225.2600676958491
1.0408,0.5566871026565468,0.5086790589641998,-2.4515120258253993,0.001391882774375703,-0.0029952194412823127,-49.62227910948026,0.0013351185346515216,-0.0030483489416954245,-49.556573328273004,0.5640759934444934,0.49888301309606253,-2.4636640110415726,94.74266650268137,223.45732986878522,98.63754918274616,227.32608794209094
1.0416,0.560295659412612,0.5010016407317449,-2.4800238684765357,0.001357013620708602,-0.0030127209233307695,-49.61857970959563,0.0012987439311229617,-0.003064836607241111,-49.554618377313645,0.5675380961767913,0.4911827331504034,-2.4921401697579557,97.91232662821682,225.5024369996352,101.9511027303459,229.37256143232506
1.0424,0.5637970509242449,0.49329166158726495,-2.508794139644936,0.0013218367838834576,-0.0030296600091336704,-49.61535136851975,0.001262113251534246,-0.0030806780529937794,-49.553227951654264,0.5708933168313595,0.48345227704969795,-2.5208715206166517,101.19613239479669,227.52797674626495,105.38365471267652,231.3951272127118
1.0432,0.5671908507477953,0.4855507413138719,-2.537824070658254,0.0012863647000191955,-0.0030460288855764885,-49.61259614593998,0.0012252428425339648,-0.0030958684811095032,-49.55239946873169,0.5741412741241098,0.47569324522627077,-2.5498593093163584,104.59761356573756,229.52962780369623,108.93877957162447,233.38905620313236
1.044,0.5704766604118728,0.4777805076363543,-2.56711488970502,0.0012506100666771075,-0.0030618200972643904,-49.610315945871484,0.0011881491434439018,-0.003110403637193621,-49.5521301403505,0.5772816139980328,0.4679072451463483,-2.5791047794430555,108.12028473531734,231.50270573331872,112.6200169846051,235.34922942711412
1.0448,0.5736541096098747,0.46998259567559014,-2.5966678216842123,0.0012145858300845168,-0.003077026557286251,-49.60851251445331,0.001150848663964019,-0.003124279811203219,-49.55241697648102,0.5803140097965701,0.46009589079019486,-2.608609172312362,111.76762427438486,233.44214165042573,116.43084758877492,237.27011608742635
1.0456,0.5767228563807802,0.46215864739733276,-2.626484088053409,0.0011783051718351554,-0.0030916415574318177,-49.60718743791123,0.0011133579619805496,-0.0031374938372714925,-49.55325678929015,0.5832381624261515,0.45226080212705616,-2.638373726809833,115.54305027898026,235.34246078366698,120.37466538555753,239.145751722273
1.0464,0.5796825872779974,0.4543103110556677,-2.6565649066756087,0.0011417814950938705,-0.0031056587778326536,-49.60634214069201,0.0010756936215368862,-0.00315004309246837,-49.55464619739488,0.5860538005076616,0.4444036045851478,-2.668399679229804,119.4498932546949,237.19776113966014,124.45474654663897,240.9697167262393
1.0472,0.5825330175261116,0.4464392406313707,-2.686911491664805,0.001105028410334493,-0.003119072295999276,-49.605977883773626,0.0010378722310249587,-0.0031619254945156987,-49.55658163032744,0.5887606805167315,0.4365259285169317,-2.6986882631121993,123.49136526559545,239.0016925544081,128.67421434295096,242.73511557544015
1.048,0.5852738911653299,0.43854709526550967,-2.7175250532302164,0.0010680597206421242,-0.003131876595228468,-49.6060957631552,0.0009999103616535718,-0.0031731394984784327,-49.559059333201255,0.5913585869126252,0.42862940865994253,-2.729240709077833,127.67052527744166,240.74743646727484,133.0359999248086,244.43455715755294
1.0488,0.5879049811834957,0.43063553868854554,-2.74840679751906,0.001030889406612263,-0.003144066572356575,-49.606696708530336,0.0009618245462478629,-0.00318368409245701,-49.56207537156553,0.5938473322556089,0.4207156835934199,-2.7600582446618276,131.99024043213606,242.42768681332336,137.54279869583064,246.0601366747779
1.0496,0.5904260896354733,0.4227062386452161,-2.779557926458364,0.0009935316108807526,-0.003155637544836606,-49.60778148214702,0.0009236312584318054,-0.0031935587923089238,-49.56562563643707,0.596226757312614,0.41278639519099064,-2.791142094145653,136.4531430052252,244.03463249556344,142.19702204732343,247.60341966075205
1.0504,0.5928370477497676,0.4147608663155569,-2.81097963759533,0.0009560006223202979,-0.003166585257118898,-49.60935067785667,0.000885346892243691,-0.0032027636354305905,-49.56970584949673,0.598496731151078,0.4048431880697236,-2.8224934783870994,141.0615828225532,245.55994196995232,147.00074425530988,249.05542873062117
1.0512,0.5951377160222546,0.4068010957323172,-2.842673123936401,0.0009183108599399354,-0.0031769058863173084,-49.61140472035477,0.0008469877422314574,-0.003211299173633376,-49.574311568438446,0.6006571512207917,0.39688770903576526,-2.8541136146490453,145.8175749478604,246.9947505521344,151.95564439163175,250.40663376574543
1.052,0.5973279842968312,0.39882860319511126,-2.8746395737854296,0.0008804768565255063,-0.003186596047145091,-49.61394386461474,0.0008085699840724055,-0.0032191664651500924,-49.5794381924579,0.6027079434236369,0.3889216065269025,-2.8860037164263415,150.72274250208272,248.32965113489584,157.06294316551654,251.6469463195773
1.0528,0.5994077718329249,0.39084506668163943,-2.906880170580188,0.0008425132420598442,-0.0031956527961069015,-49.61696819551655,0.0007701096557588315,-0.0032263670658106117,-49.585080967868436,0.6046490621710678,0.38094653005230567,-2.918164993271339,155.77825453965116,249.55468908789945,162.32333469528706,252.76571911702234
1.0536,0.6013770273596956,0.3828521652562624,-2.9393960927280056,0.0008044347269620551,-0.00320407363493578,-49.62047762767081,0.0007316226393880132,-0.0032329030194273678,-49.59123499383121,0.6064804904292543,0.3729641296297501,-2.9505986506176267,160.9847589894365,250.65936219423716,167.73691331358546,253.7517516035769
1.0544,0.6032357291168198,0.3748515784763102,-2.972188513440177,0.0007662560851863889,-0.0032118565132662697,-49.62447190543885,0.0006931246435922639,-0.0032387768474331437,-49.59789522818696,0.6082022397517235,0.36497605522064436,-2.9833058896023084,166.34231077021394,251.6326265593565,173.3030956358252,254.59330257922974
1.0552,0.6049838848817847,0.36684498579642,-3.0052586005651376,0.0007279921372209974,-0.0032189998305374055,-49.628950603148795,0.0006546311866412111,-0.0032439915378153876,-49.60505649337647,0.6098143502994363,0.35698395616311485,-3.0162879068868103,171.85029531490503,252.46290950358807,179.02053827252973,255.27811102158418
1.056,0.6066215319835854,0.35883406597127915,-3.0386075164203312,0.0006896577330278011,-0.0032255024371216612,-49.633913125506865,0.0006161575802455431,-0.003248550533392401,-49.61271348243716,0.611316890848165,0.3489894806035045,-3.0495458944762683,177.50734788594286,253.13813051573518,184.88705174293827,255.7934262576698
1.0568,0.6081487373027114,0.3508204964570984,-3.072236417623197,0.0006512677349644226,-0.0032313636346784935,-49.639358708203176,0.0005777189140882404,-0.003252457719477943,-49.62086076506296,0.6127099587831328,0.34099427492661194,-3.083081039536904,183.31126923736744,253.64573139713312,190.8995113506489,256.1260486787857
1.0576,0.6095655972574118,0.34280595281215737,-3.106146454920678,0.0006128370007291176,-0.0032365831757336064,-49.64528641871055,0.000539330041105634,-0.003255717410981627,-49.62949279371543,0.6139936800807759,0.3329999831849037,-3.1168945242126185,189.25893837815076,253.97271675757185,197.05376601173307,256.2623822004242
1.0584,0.6108722377761049,0.3347921080968167,-3.140338773017723,0.0005743803663697752,-0.0032411612624875003,-49.65169515727409,0.0005010055635381669,-0.00325833433899309,-49.638603909773366,0.6151682092776046,0.32500824652715166,-3.1509875254394073,195.3462234153418,254.10570602968866,203.34454627977914,256.1884996426518
1.0592,0.6120688142559415,0.32678063227328835,-3.1748145104044916,0.0005359126293971259,-0.0032450985448593266,-49.658583658089725,0.00046275981976656895,-0.0032603136368982667,-49.64818834970928,0.616233729426082,0.31702070262669346,-3.185361214758683,201.56789170338783,254.03099813989357,209.76537308794678,255.89022213677276
1.06,0.6131555115074208,0.3187731916055934,-3.2095747991824766,0.0004974485320423298,-0.0032483961177745217,-49.66595049066825,0.0004246068719467544,-0.00326166082607627,-49.65824025128078,0.6171904520374448,0.30903898510973754,-3.2200167581291197,207.91752079378026,253.73464990337564,216.30846901934393,255.3532135434474
1.0608,0.6141325436850797,0.310771448060031,-3.2446207648891265,0.0004590027446980018,-0.00325105551770697,-49.673794061382225,0.00038656049445319056,-0.0032623818012253057,-49.66875365972534,0.6180386170114857,0.30106472298403497,-3.2549553157364324,214.3874119621259,253.20256909039972,222.96467421682783,254.56309068721274
1.0616,0.6150001542041861,0.3027770587065188,-3.2799535263215467,0.0004205898495809782,-0.003253078718488841,-49.682112615191684,0.00034863416313734896,-0.0032624828153657573,-49.67972253394757,0.6187784925531763,0.2930995400681807,-3.2901780418024495,220.9685083800046,252.42062293255358,229.72336934111723,253.50554996452502
1.0624,0.6157586156434516,0.2947916751212069,-3.3155741953586864,0.0003822243246543662,-0.003254468126403398,-49.69090423754462,0.00031084104540532795,-0.0032619704645681234,-49.69114075268783,0.6194103750761848,0.2851450544220033,-3.3256860843919176,227.6503202866483,251.37476259369743,236.57240826872282,252.16651056092488
1.0632,0.6164082296337601,0.28681694279070075,-3.3514838767822557,0.00034392052784479077,-0.0032552265745782348,-49.70016685644815,0.0002731939911151803,-0.003260851672452735,-49.70300212066212,0.6199345890932245,0.2772028777782802,-3.361480585218133,234.42085978787097,250.0511638146356,243.49806347321731,250.53227411267355
1.064,0.6169493267329041,0.2788545005182819,-3.387683668096404,0.00030569268158998783,-0.0032553573166985033,-49.709898244704995,0.00023570552429228925,-0.003259133674507464,-49.71530037466307,0.6203514870932451,0.2692746149761874,-3.3975626794468634,241.266588151196,248.43638354898195,250.48498723563273,248.58970016824145
1.0648,0.6173822662863752,0.27090597983251674,-3.4241746593457414,0.00026755485775013853,-0.0032548640200615285,-49.720096022310585,0.0001983878356581618,-0.0032568240022685007,-49.72802918961244,0.6206614494054715,0.2613618633968163,-3.43393349549858,248.17237865889848,246.51753193908007,257.516191961956,246.3263962475278
1.0656,0.6177074362742121,0.2629730043985625,-3.460957932932322,0.00022952096291481097,-0.003253750757996175,-49.73075765900509,0.00016125277596536542,-0.00325393046740814,-49.74118218455614,0.6208648840503047,0.25346621240106826,-3.470594154849217,255.12149820459038,244.28245843768252,264.5730529252392,243.73092066923022
1.0664,0.6179252531439848,0.25505718943264466,-3.4980345634306214,0.00019160472413607842,-0.0032520220016719397,-49.74188047697447,0.00012431185012932343,-0.0032504611457722897,-49.75475292859273,0.6209622265771086,0.24558924277035646,-3.507545771828954,262.0956108522719,241.71995027109472,271.6353366739295,240.79299563272696
1.0672,0.6180361616299248,0.24716014111997425,-3.5354056174014534,0.00015381967511608882,-0.003249682611324383,-49.753461653694785,8.757621214493614e-05,-0.0032464243614088164,-49.76873494672785,0.6209539398889213,0.23773252615037269,-3.544789453419512,269.0748064980512,238.81994077539923,278.6812581353335,237.5037273199268
1.068,0.6180406345583145,0.2392834560365643,-3.573072153203846,0.00011617914287611011,-0.003246737826924993,-49.76549822491297,5.1056660774267775e-05,-0.0032418286706264905,-49.78312172564597,0.620840514054142,0.22989762449833975,-3.582326299049425,276.0376575626582,235.57372443908386,285.6875690742679,233.8558290517752
1.0688,0.6179391726391732,0.23142872057527164,-3.61103522080544,7.869623493179206e-05,-0.003243193258324834,-49.77798708775795,1.476363598939713e-05,-0.0032366828461224684,-49.797906719393026,0.6206224661052382,0.22208608953408288,-3.6201574003875376,282.96130627998025,231.97417477847858,292.62968002849124,229.8438428268506
1.0696,0.6177323042443532,0.2235975103764317,-3.6492958615911104,4.138382699740373e-05,-0.0032390548749025726,-49.79092500397493,-2.1292783847463617e-05,-0.0032309958612146495,-49.813083354962615,0.6203003398245635,0.2142994621952311,-3.658283841134544,289.82158461968856,228.01596048982984,299.4818171274735,225.46435392551197
1.0704,0.6174205851721402,0.21579138976350987,-3.6878551081694977,4.254551240176862e-06,-0.0032343289947484926,-49.80430860327601,-5.710288408560482e-05,-0.003224776874213366,-49.82864503777978,0.6198747055173333,0.20653927209697776,-3.6967066968125435,296.59316818444734,223.6957547016541,306.2172143119395,220.71619272648988
1.0712,0.6170045983984632,0.20801191118406176,-3.7267139841778105,-3.267921489681262e-05,-0.0032290222734169907,-49.81813438680004,-9.2657315190448e-05,-0.0032180352129650225,-49.844585157076516,0.6193461597718944,0.19880703699665878,-3.7354270345523526,303.249764557336,219.01243163583146,312.8083404228511,215.60061750012915
1.072,0.616484953814852,0.20026061465643283,-3.7658735040843205,-6.940535928627267e-05,-0.003223141692280795,-49.832398730674214,-0.0001279470934731072,-0.003210780359598399,-49.86089709115373,0.6187153252073385,0.1911042622635784,-3.7744459128787917,309.7643355563586,213.96724462065973,319.227159446085,210.12147175956105
1.0728,0.6158622879532467,0.19253902722253324,-3.805334672988911,-0.00010591204510842024,-0.00321669454652077,-49.8470978896702,-0.00016296360116840124,-0.003203021935502378,-49.877574212524834,0.6179828502086119,0.1834324403543731,-3.813764381493537,316.10935170672656,208.56397922748346,325.4454209238023,204.28530980942313
1.0735999999999999,0.61513726369786,0.18484866240704464,-3.845098486420941,-0.00014218772023048715,-0.0032096884327855618,-49.862228000947184,-0.00019769858588582895,-0.0031947696865618617,-49.89460989293673,0.6171494086492273,0.1757930502942793,-3.853383481055598,322.2570760066043,202.8090753646096,331.43497622764784,198.10148446449568
1.0744,0.6143105699841864,0.17719101968342235,-3.8851659301349803,-0.00017822112596357543,-0.0032021312365557116,-49.877785087874244,-0.00023214415945871315,-0.003186033468676722,-49.911997508264356,0.6162156996017092,0.16818755716464479,-3.89330424295931,328.17987278927905,196.71171248934593,337.16811509682896,191.58219153858693
1.0752,0.6133829214853734,0.1695675839470633,-3.92553797990371,-0.00021400130518882382,-0.0031940311192469833,-49.89376506392454,-0.0002662927962176542,-0.0031768232335865937,-49.92973044327535,0.6151824470359353,0.16061741159703735,-3.933527689109431,333.85053623615613,190.2838527111772,342.61791564756584,184.74246663178226
1.076,0.6123550582861141,0.16197982499594477,-3.966215601308187,-0.00024951760984695813,-0.003185396505087638,-49.91016373663368,-0.000300137330715076,-0.0031671490150223594,-49.94780209626207,0.614050399505495,0.15308404927423483,-3.974054831693879,339.24263193967676,183.54023746003236,347.75860003487355,177.6001309571945
1.0768,0.6112277455442622,0.15442919701913396,-4.007199749525021,-0.0002847597077870639,-0.0031762360678044,-49.92697681161444,-0.0003336709549277824,-0.0031570209152032404,-49.966205883538414,0.6128203298222812,0.1455888904385069,-4.014886672952957,344.33084392569504,176.49833456952993,352.5658871665846,170.17568441198927
1.0776,0.6100017731403604,0.14691713809345225,-4.048491369110595,-0.00031971758897294666,-0.0031665587171514015,-49.9441998966206,-0.0003668872149652864,-0.0031464490916964564,-49.984935243799484,0.6114930347194467,0.13813333940743772,-4.056024204945848,349.0913187918697,169.1782340417195,357.0173333985974,162.4921457555925
1.0784,0.6086779553153076,0.13944506968866835,-4.0900913937818775,-0.000354381571046946,-0.0031563735853162352,-49.96182850565222,-0.0003997800073113775,-0.0031354437446545367,-50.00398364234249,0.6100693345029362,0.13071878409766682,-4.097468409313675,353.5019981647771,161.60249236403786,361.09265203067963,154.57484153749607
1.0792,0.6072571302963796,0.13201439618153607,-4.132000746193718,-0.0003887423042533264,-0.003145690013236612,-49.97985806309458,-0.0004323435746267863,-0.0031240151044435297,-50.02334457514771,0.6085500726917948,0.12334659555684957,-4.1392202570389705,357.5429305732267,153.79592696956402,364.7740027056815,146.45114722920565
1.08,0.6057401599118422,0.12462650437897747,-4.174220337712483,-0.0004227907757252223,-0.0031345175368604934,-49.99828390788407,-0.0004645725011408095,-0.0031121734196734767,-50.043011572818784,0.6069361156474461,0.116018127504129,-4.181280708201625,361.19655410889237,145.78536418360304,368.0462424993307,138.15018576321413
1.0808,0.6041279291944021,0.11728276305076311,-4.216751068185609,-0.00045651831314060686,-0.003122865873381997,-50.01710129769312,-0.000496461707659274,-0.0030999289456409155,-50.062978204381764,0.6052283521921702,0.10873471587946909,-4.223650711730815,364.4479419053497,137.59934569026296,370.8971315546306,129.70249026843663
1.0816,0.6024213459737454,0.10998452247195642,-4.259593825707066,-0.00048991658775498,-0.0031107449074843346,-50.03630541312762,-0.0005280064462165352,-0.003087291933191329,-50.08323808094313,0.6034276932170126,0.10149767840210508,-4.266331205152799,367.2850034954334,129.26780008757174,373.3174875197081,121.13963912426327
1.0824,0.6006213404584286,0.10273311397545493,-4.302749486378344,-0.0005229776168195937,-0.003098164677620333,-50.055891361929355,-0.0005592022943983462,-0.0030742726180079385,-50.10378485920682,0.6015350712793495,0.09430831413843899,-4.30932311433441,369.6986364616635,120.8216873909086,375.3012847222837,112.49387245675983
1.0832,0.5987288648074072,0.09552984951490943,-4.3462189140645595,-0.0005556937653959219,-0.0030851353623599664,-50.075854183177036,-0.0005900451493623683,-0.0030608812103316576,-50.124612244851036,0.5995514401903763,0.08716790307965976,-4.3526273532217505,371.6828244099921,112.29262531686273,376.84569587065624,103.79769981284714
1.084,0.5967448926914648,0.0883760212382829,-4.390002960145768,-0.0005880577475785262,-0.003071667266833217,-50.0961888514792,-0.0006205312215826036,-0.0030471278851154906,-50.145713995765746,0.5974777745927564,0.08007770572934599,-4.396244823574198,373.2346790894431,103.7125067777546,377.95107601028184,95.08350893929766
1.0848,0.594670418844859,0.08127290107237134,-4.434102463262704,-0.000620062627139531,-0.003057770809295609,-50.11689028115243,-0.0006506570283431707,-0.003033022772615333,-50.167083925152085,0.5953150695287193,0.0730389627013717,-4.440176414692965,374.3544263537669,95.1131182096853,378.62089038255,86.3831853586385
1.0856,0.5925064586074624,0.07422174031849693,-4.478518249057081,-0.0006517018176096697,-0.0030434565078422938,-50.13795333037891,-0.000680419387006711,-0.003018575949417692,-50.188715904485086,0.593064339998862,0.06605289432831768,-4.484423003144384,375.04533751583085,86.52576813885771,378.8615896274351,77.72775179610149
1.0864,0.5902540474577299,0.0672237692596797,-4.523251129905715,-0.0006829690818115412,-0.0030287349672955418,-50.15937280533713,-0.0007098154080815666,-0.0030037974299036937,-50.2106038663417,0.5907266205119575,0.059120700280712174,-4.528985452477185,375.31360938417413,77.98093478405009,378.68243735480377,69.14703551913021
1.0872,0.5879142405367939,0.06028019677951177,-4.56830190464839,-0.0007138585308621139,-0.0030136168662890273,-50.1811434643,-0.0007388424881114629,-0.0029886971581474654,-50.23274180709579,0.5883029646260529,0.05224355919730187,-4.573864612933663,375.16819780771283,69.50794054258594,378.09529640834677,60.66937037128264
1.088,0.5854881121640193,0.05339220999295616,-4.613671358309043,-0.000744364622662432,-0.0029981129445709525,-50.2032600216951,-0.0007674983024106107,-0.0029732850002459114,-50.2551237894826,0.585794444481156,0.04542262832659892,-4.619061321154407,374.62061081932853,61.13465997838396,377.1143811112364,52.321338798424236
1.0888,0.5829767553443596,0.046560973889348455,-4.659360261809658,-0.0007744821598930833,-0.0029822339905468086,-50.22571715212136,-0.0007957807976661421,-0.0029575707370759203,-50.27774394503492,0.5832021503238372,0.038659043179969134,-4.664576399875865,373.68466841320446,52.887266502336416,375.7559833878737,44.127557565881474
1.0896,0.5803812812678373,0.03978763098775099,-4.705369371676838,-0.0008042062875351861,-0.002965990829080958,-50.24850949431759,-0.000823688184429334,-0.0029415640574739677,-50.300596476393686,0.5805271900240278,0.031953917196427935,-4.710410657621015,372.376236588757,44.790021392664464,374.03818089955854,36.11050923962741
1.0904,0.5777028188015141,0.03307330100492725,-4.751699429740237,-0.000833532489936859,-0.0029493943095750073,-50.27163165507771,-0.0008512189295157914,-0.00292527455183238,-50.3236756594956,0.5777706885843905,0.025308341419403378,-4.75656488838182,370.7129435431919,36.86510723215581,371.98053523388677,28.290419935470055
1.0912,0.5749425139742956,0.02641908053610265,-4.798351162822617,-0.0008624565874459765,-0.0029324552943393967,-50.295078213108525,-0.0008783717483342124,-0.0029087117061055608,-50.34697584564086,0.5749337876425399,0.01872338418564765,-4.803039871293898,368.7138858137516,29.132506319284758,369.60378778624516,20.685182397802745
1.092,0.5721015294549274,0.019826042748682958,-4.84532528242107,-0.0008909747326304902,-0.00291518464727317,-50.318843722825555,-0.0009051455971623982,-0.002891884896218802,-50.37049146344408,0.5720176449664836,0.012200090826470703,-4.849836370302424,366.3993317957459,21.609923209962982,366.9295603190586,13.310322209452842
1.0928,0.5691810440235628,0.013295237089147871,-4.8926224843786645,-0.0009190834061076597,-0.002897593222865655,-50.34292271808304,-0.0009315396653880462,-0.0028748033828717855,-50.39421702067126,0.5690234339436211,0.005739483381521382,-4.896955133818842,363.79042944276495,14.312749319824533,363.98006634002064,6.179003894535119
1.0936,0.5661822520372503,0.006827689003225393,-4.940243448546397,-0.0009467794120042481,-0.0028796918555320863,-50.36730971583454,-0.0009575533677313623,-0.002857476306728027,-50.41814710596658,0.5659523430636373,-0.0006574396747702137,-4.9443968943681424,360.9089241482431,7.254066500676274,360.77783846749844,-0.6979271225689588
1.0944,0.5631063628897418,0.00042439966954839166,-4.988188838434442,-0.0009740598730695103,-0.002861491349294102,-50.3919992197205,-0.000983186336465221,-0.0028399126839812766,-50.4422763904719,0.5628055753956637,-0.006989703693881822,-4.992162368225798,357.7768918732356,0.4446857201284001,357.3454759108034,-7.311871292153198
1.0952,0.5599546004659862,-0.005913654253097681,-5.036459300852449,-0.0010009222254631345,-0.0028430024678144828,-50.416985723579764,-0.00100843841364794,-0.002822121402289259,-50.46659962934281,0.5595843480600551,-0.013256358100895392,-5.0402522550440585,354.4164915826658,-6.106783574993024,353.7054151408129,-13.656375355710919
1.096,0.5567282025916919,-0.012185520864816397,-5.085055465538234,-0.001027364213240347,-0.002824235924794147,-50.44226371488213,-0.0010333096433828733,-0.0028041112170647795,-50.491111663164425,0.5562898916951428,-0.019456476629076628,-5.088667237467035,350.8497400355181,-12.393838151267154,349.87972581032363,-19.727011414195776
1.0968,0.5534284204783595,-0.01839027324978116,-5.133977944774069,-0.001053383882556036,-0.002805202374738325,-50.46782767807923,-0.0010578002641178537,-0.002785890748114007,-50.51580741927068,0.5529234499193494,-0.02558915754117478,-5.1374079807337205,347.0983109897326,-18.41196458902368,345.889933041507,-25.521239574217645
1.0976,0.5500565181641573,-0.024527009687504694,-5.183227332990205,-0.0010789795756100374,-0.0027859124040972116,-50.49367209787155,-0.0010819107009970622,-0.0027674684766112417,-50.54068191297073,0.5494862787890171,-0.03165352383737799,-5.1864751322686065,343.18335996699426,-24.15850657264804,341.7568663575858,-31.03825886143588
1.0984,0.5466137719510523,-0.030594853850061714,-5.232804206354638,-0.0011041499243551083,-0.002766376522785504,-50.51979146238924,-0.001105641558276651,-0.002748852742399546,-50.565730248685895,0.5459796462523389,-0.03764872344978355,-5.235869321259051,339.1253749035956,-29.632520433723062,337.5005348152076,-36.2788507352794
1.0992,0.5431014698385817,-0.036592954985210494,-5.282709122348592,-0.0011288938439890995,-0.00274660515608382,-50.546180266285106,-0.0011289936118148557,-0.0027300517416062164,-50.590947621000915,0.5424048315997738,-0.04357392942330883,-5.285591158218618,334.9440523085864,-34.834623174625214,333.1400273013979,-41.245219100595385
1.1,0.5395209109546569,-0.042520488085364,-5.332942619327062,-0.0011532105262524962,-0.0027266086369238476,-50.57283301373793,-0.0011519678016465116,-0.002711073524562018,-50.61632931563318,0.5387631249113058,-0.04942834008298436,-5.335641234536053,330.65819796844625,-39.76683678198143,328.69343649526115,-45.94083022168674
1.1008,0.5358734049838223,-0.04837665404231783,-5.383505216063313,-0.0011770994325518722,-0.0027063971985581883,-50.59974422136493,-0.001174565224650865,-0.0026919259940131742,-50.64187071032343,0.535055826500962,-0.05521117918752232,-5.386020122008578,326.2856507798166,-44.43243216920307,324.17780465444264,-50.37025543066565
1.1016,0.5321602715933397,-0.05416067978774727,-5.434397411276941,-0.001200560286929735,-0.0026859809676144644,-50.626908421042174,-0.0011967871273211679,-0.0026726169036147903,-50.66756727565168,0.5312842463589413,-0.06092169606915817,-5.436728372359259,321.843227953464,-48.835775592699704,319.60908915948437,-54.53901900896359
1.1024,0.5283828398575201,-0.059871818419405344,-5.485619683144386,-0.001223593068900381,-0.002665369957532621,-50.654320162631905,-0.0012186348986434306,-0.0026531538566947066,-50.693414575781766,0.5274497035917683,-0.06655916575968245,-5.487766516737218,317.3466896045305,-52.98217989013266,315.002145622809,-58.45345312675429
1.1032,0.5245424476807021,-0.06550934931302754,-5.537172488791018,-0.0012461980061710854,-0.0026445740623831605,-50.681974016616245,-0.001240110063091238,-0.002633544305276628,-50.719408269138206,0.523553525860843,-0.07212288910265495,-5.5391350652000195,312.81072061367155,-56.877762409971524,310.3707263280786,-62.12056126433096
1.104,0.5206404412192573,-0.07107257821995687,-5.58905626376418,-0.0012683755672673793,-0.0026236030510632083,-50.70986457663678,-0.0012612142737428173,-0.0026137955493514284,-50.74554410901878,0.5195970488197709,-0.07761219285179725,-5.590834506177408,308.2489275968963,-60.52931105336614,305.72749179493826,-65.54789112161615
1.1048,0.516678174303055,-0.0765608373504632,-5.6412714214858015,-0.0012901264540803542,-0.002602466561866629,-50.737986461939514,-0.0012819493055256925,-0.002593914736385891,-50.77181794414629,0.5155816155508772,-0.08302642975552527,-5.64286530591523,303.673848844168,-63.94415944164791,301.0840333486566,-68.7434176528089
1.1056,0.5126570078567463,-0.0819734854428287,-5.6938183526841115,-0.001311451594353627,-0.002581174097423352,-50.766334319725466,-0.0013023170485939484,-0.0025739088610579187,-50.798225719162886,0.5115085760012716,-0.08836497862767445,-5.6952279078988415,299.09697516344437,-67.13007186162828,296.4509046998156,-71.71543654533555
1.1064,0.5085783093212991,-0.08730990781819814,-5.746697424802924,-0.0013323521341266366,-0.0025597350200026402,-50.79490282740663,-0.001322319501842213,-0.0025537847652077695,-50.8247634750701,0.5073792864188622,-0.09362724440440247,-5.747922732254814,294.5287796845983,-70.09513832878409,291.83766069363355,-74.47246819549261
1.1072,0.5044434520761569,-0.09256951642125956,-5.799908981387802,-0.0013528294301504565,-0.002538158547174183,-50.823686694767815,-0.001341958766560082,-0.0025335491379948234,-50.85142734961805,0.5031951087887025,-0.0988126581873183,-5.800950175129919,289.978754824093,-72.84767984577027,287.25290156069144,-77.02317201560928
1.108,0.5002538148624084,-0.09775174984683226,-5.853453341447982,-0.0013728850422916265,-0.0025164537478202533,-50.852680666034765,-0.0013612370402301829,-0.002513208516249638,-50.87821357764681,0.49895741027003726,-0.10392067727289699,-5.854310608046477,285.45545477598245,-75.3961637185583,282.7043211817656,-79.37627073560338
1.1088,0.49601078120738357,-0.10285607335239995,-5.907330798792566,-0.0013925207259386022,-0.002494629538491841,-50.881879521849,-0.0013801566104723628,-0.0024927692850114456,-50.905118491382915,0.4946675626344551,-0.10895078516820292,-5.908004377232609,280.9665420688496,-77.74912862167324,278.1987580618642,-81.54048423112134
1.1096,0.4917157388510221,-0.10788197885671892,-5.96154162134038,-0.0014117384244250076,-0.0024726946801008442,-50.91127808115029,-0.0013987198491363052,-0.0024722376782411906,-50.93213852069401,0.4903269417054912,-0.11390249159303349,-5.962031802926649,276.5188369042936,-79.91511897347497,273.74224788651856,-83.52447231624498
1.1104,0.48737007917442876,-0.11282898492456385,-6.016086050401714,-0.0014305402614828728,-0.0024506577749402385,-50.940871202967585,-0.0014169292065441257,-0.0024516197797007826,-50.95927019330454,0.48593692680008205,-0.11877533246852978,-6.016393178654134,272.1183681651518,-81.90262808741784,269.3400767029273,-85.33678587584939
1.1112,0.4829751966309776,-0.11769663673773545,-6.0709642999309725,-0.0014489285337384852,-0.0024285272640235884,-50.9706537881193,-0.0014347872058842778,-0.0024309215239893024,-50.98651013497499,0.4814989001722329,-0.123568869892361,-6.071088770476198,267.7704251463034,-83.7200495010535,264.9968339264685,-86.98582567629136
1.112,0.47853248818032446,-0.12248450605246561,-6.126176555748985,-0.0014669057032627747,-0.002406311424734848,-51.00062078082437,-0.0014522964377576893,-0.0024101486977271933,-51.0138550696475,0.477014246459247,-0.12828269210060203,-6.126118816208369,263.4796092148274,-85.37563584635485,260.7164645176629,-88.47980817842925
1.1128,0.474043352725725,-0.1271921911433184,-6.181722974733277,-0.0014844743901872466,-0.002384018368779353,-51.03076717022497,-0.0014694595548765074,-0.0023893069408799494,-51.0413018195601,0.4724843521309125,-0.13291641341638497,-6.181483524607863,259.24988474757544,-86.87746460821971,256.5023198049029,-89.82673767972891
1.1136,0.46950919055498214,-0.13181931673377106,-6.237603683975315,-0.001501637365396045,-0.0023616560404262823,-51.06108799182255,-0.001486279266915781,-0.002368401748212807,-51.0688473053321,0.46791060494196707,-0.13746967418549302,-6.237183074528514,255.08462882162996,-88.23341011864079,252.35720654367742,-91.03438412860459
1.1144,0.4649314027854081,-0.1363655339135966,-6.293818779902896,-0.0015183975433037517,-0.002339232215033001,-51.09157832882846,-0.0015027583355178157,-0.0023474384708685623,-51.09648854602264,0.46329439338821815,-0.1419421406990012,-6.293217614041538,250.9866792465545,-89.45112114815663,248.28343390411715,-92.1102659807099
1.1152,0.46031139081313743,-0.14083052004322746,-6.350368327366322,-0.0015347579747279991,-0.0023167544978412867,-51.122233313430655,-0.0015188995694488262,-0.0023264223180607326,-51.12422265916456,0.4586371061666582,-0.14633350510312546,-6.349587259520666,246.95838062669674,-90.53800348062487,244.28285816582454,-93.06163750084576
1.116,0.4556505557671202,-0.14521397864528718,-6.407252358686936,-0.001550721839865291,-0.0022942303230353307,-51.153048127978415,-0.001534705819907266,-0.00230535835887461,-51.15204686077541,0.4539401316398979,-0.15064348529645338,-6.406292094690357,243.00162822779794,-91.5012068891934,240.3569249731683,-93.89547995299591
1.1168,0.45095029796816144,-0.14951563928344438,-6.464470872666007,-0.001566292441377596,-0.002271666953051505,-51.18401800608634,-0.0015501799759827953,-0.0022842515241692546,-51.17995846534748,0.4492048573052842,-0.15487182481469164,-6.4633321696350166,239.11790949558463,-92.3476159682122,236.50670906657166,-94.61849616275943
1.1176,0.44621201639329766,-0.15373525742882227,-6.522023833552767,-0.001581473197596884,-0.0022490714781294974,-51.21513823365966,-0.0015653249602649107,-0.002263106608573473,-51.20795488581819,0.4444326692689924,-0.15901829270315132,-6.520707499768018,235.30834313574167,-93.08384431579645,232.7329514568026,-95.23710797955349
1.1184,0.4414371081458603,-0.15787261431413813,-6.579911169969453,-0.0015962676358538695,-0.002226450816094714,-51.24640414984257,-0.0015801437245998244,-0.002241928272569445,-51.23603363352242,0.43962495172544364,-0.1630826833771241,-6.578418064758454,231.5737157159789,-93.71623160316189,229.03609405127781,-95.75745620907686
1.1192,0.436626967931526,-0.1619275167757972,-6.638132773791751,-0.0016106793859367926,-0.002203811712361659,-51.27781114789148,-0.0015946392459941798,-0.0022207210446578028,-51.2641923181279,0.4347830864423463,-0.16706481647036445,-6.636463807413947,227.91451579272498,-94.25084310851459,225.4163117748535,-96.1854026287615
1.12,0.431782987540646,-0.1658997970841784,-6.69668849898291,-0.0016247121736854481,-0.0021811607401480038,-51.309354675975044,-0.001608814522664036,-0.0021994893235981975,-51.29242864755482,0.4299084522516572,-0.1709645366718924,-6.694844632517842,224.33096559854505,-94.6934713341818,221.87354225374187,-96.52653373953083
1.1208,0.4269065553371803,-0.16978931276230905,-6.755578160379233,-0.0016383698147249513,-0.0021585043008893706,-51.34103023790293,-0.0016226725702273108,-0.0021782373807199933,-51.32074042788028,0.4250024245467874,-0.1747817135513107,-6.753560405618466,220.8230503527571,-95.0496393650972,218.40751315108162,-96.7861659456439
1.1216,0.421999055754486,-0.17359594639320797,-6.814801532425446,-0.0016516562083434077,-0.002135848624844584,-51.372833393785314,-0.0016362164180379819,-0.002156969362297596,-51.34912556322848,0.42006637478630743,-0.17851624137288608,-6.812610951768974,217.39054527778683,-95.32460566422569,215.01776725714655,-96.96935189040433
1.1224,0.41706186879826734,-0.17731960541611222,-6.874358347857532,-0.0016645753315168788,-0.0021131997718815787,-51.4047597606251,-0.001649449105660062,-0.002135689291985619,-51.37758205564687,0.4151016700044602,-0.18216803889860794,-6.871996054215359,214.0330404186818,-95.5233700356316,211.70368544723482,-97.08088770885074
1.1232,0.4120963695569473,-0.18096022191185354,-6.934248296331024,-0.0016771312330846875,-0.0020905636324341126,-51.43680501284473,-0.0016623736794794495,-0.002114401073309108,-51.406108004968544,0.4101096723287458,-0.18573704918047146,-6.931715453030627,210.74996337354335,-95.65068051850348,208.4645076265384,-97.12532098914126
1.124,0.4071039277196996,-0.18451775237765636,-6.994471022992866,-0.0016893280280775797,-0.002067945928619537,-51.46896488274994,-0.0016749931894516853,-0.002093108492204344,-51.43470160866099,0.40509173850482083,-0.18922323934224267,-6.99176884369325,207.54060004929596,-95.71104100541925,205.2993517845184,-97.1069592621914
1.1248,0.4020859071024354,-0.18799217749160227,-7.055026126993993,-0.0017011698922006918,-0.002045352215508301,-51.50123516093206,-0.0016873106859835454,-0.002071815219606225,-51.46336116166074,0.40004921942900995,-0.192626600350938,-7.052155875607075,204.4041135608672,-95.70871940546877,202.20723128212194,-97.029878864299
1.1256,0.3970436651819268,-0.19138350186706032,-7.115913159941139,-0.001712661056473015,-0.0020227878825356867,-51.5336116966113,-0.0016993292169465413,-0.0020505248140781163,-51.49208505619363,0.39498345968862064,-0.1959471467783088,-7.112876150561086,201.33956139295157,-95.64775619758265,199.1870704939304,-96.89793404007494
1.1264,0.3919785526383492,-0.1946917537973457,-7.177131624284744,-0.0017238058020244127,-0.0020002581550468282,-51.56609039792275,-0.0017110518248202634,-0.0020292407244806893,-51.52087178157977,0.3898957971103415,-0.19918491655256945,-7.1739292211260945,198.3459109427775,-95.53197324167228,196.2377189246876,-96.71476617316317
1.1272,0.3868919129064355,-0.1979169849908949,-7.238680971640939,-0.0017346084550510137,-0.00197776809596606,-51.59866723214733,-0.0017224815439636147,-0.0020079662926762182,-51.549719924022384,0.3847875623169294,-0.20233997070066362,-7.2353145889861095,195.4220535599123,-95.3649827350487,193.3579639157508,-96.48381305011571
1.1280000000000001,0.38178508173544007,-0.201059270297264,-7.300560601045223,-0.0017450733819293625,-0.0019553226075818657,-51.631338225889564,-0.0017336213980120505,-0.0019867047562651336,-51.5786281663792,0.3796600782923883,-0.20541239308134315,-7.297031703202114,192.56681719562317,-95.15019621925734,190.54654205231714,-96.20831807856102
1.1288,0.37665938675815525,-0.20411870742422006,-7.362769857134644,-0.0017552049844893037,-0.0019329264334391396,-51.66409946520427,-0.0017444743973988657,-0.0019654592513519325,-51.6075952879147,0.3745146599558816,-0.20840229010933392,-7.359079958405137,189.77897776995792,-94.8908335580675,187.80214937700038,-95.89133939466099
1.1296,0.3715161470691112,-0.20709541664625125,-7.425308028256685,-0.0017650076954453644,-0.0019105841603303958,-51.696947095674155,-0.0017550435369988173,-0.0019442328153375101,-51.636620164031754,0.36935261374452916,-0.2113097904708978,-7.421458692916563,187.0572693596552,-94.58993182106492,185.12345050961315,-95.53575880693359
1.1304,0.3663566728121872,-0.20998954050478108,-7.488174344501378,-0.0017744859739859504,-0.0018883002203781258,-51.72987732244021,-0.0017653317938922835,-0.0019230283897354453,-51.665701765980145,0.3641752372053105,-0.2141350448310632,-7.4841671867924875,184.40039330463858,-94.25035401930249,182.50908676716278,-95.14429053403073
1.1312,0.36118226477777815,-0.21280124350039986,-7.551367975654266,-0.0017836443015194763,-0.0018660788932005664,-51.762886410186866,-0.0017753421252483647,-0.0019018488230097526,-51.69483916053964,0.3589838185962344,-0.21687822553283395,-7.547204659789511,181.80702632517165,-93.87479764988899,179.95768337206934,-94.71948970313575
1.1320000000000001,0.35599421400966375,-0.2155307117774348,-7.614888029067383,-0.0017924871775762713,-0.0018439243081533694,-51.795970683083965,-0.0017850774663254214,-0.0018806968734317623,-51.724031509675115,0.35377963649692423,-0.21953952628868187,-7.610570269249285,179.2758277360134,-93.46580301543823,177.46785583067822,-94.26376058344908
1.1328,0.35079380142175937,-0.21817815280114947,-7.67873354744499,-0.0018010191158647647,-0.0018218404466401842,-51.82912652468721,-0.0017945407285875838,-0.0018595752119541626,-51.75327807016018,0.3485639594288112,-0.22211916186461164,-7.674263107898368,176.805445838201,-93.0257612920788,175.03821555833608,-93.77936453591097
1.1336,0.34558229742484353,-0.22074379502791555,-7.742903506541502,-0.0018092446404803745,-0.0017998311444850446,-51.86235037779915,-0.0018037347979359903,-0.0018384864251000134,-51.782578193166344,0.34333804548503316,-0.22461736775712565,-7.738282201561005,174.39452356340595,-92.5569223263895,172.6673748216097,-93.26842766597284
1.1344,0.3403609615634191,-0.2232278875686511,-7.807396812768218,-0.0018171682822651451,-0.0017779000943600896,-51.895638744292434,-0.0018126625330535777,-0.0018174330178649923,-51.811931323813596,0.33810314197020797,-0.2270343998633807,-7.802626506781273,172.0417034403618,-92.0614021473016,170.35395106283158,-92.73294817102918
1.1352,0.3351310421628133,-0.22563069984585604,-7.872212300705766,-0.0018247945753161177,-0.0017560508482621772,-51.92898818489709,-0.0018213267638624029,-0.0017964174166310454,-51.841337000678394,0.3328604850501935,-0.22937053414485897,-7.867294908351527,169.7456319475533,-91.54119018381556,168.0965706669555,-92.17480337813761
1.1360000000000001,0.3298937759866,-0.22795252124457252,-7.937348730519327,-0.0018321280536401831,-0.001734286820032231,-51.96239531895371,-0.001829730290092654,-0.001775441972089641,-51.870794855254736,0.32761129941192274,-0.23162606628486698,-7.9322862167443535,167.50496331130745,-90.99815618341434,165.89387222579904,-91.5957564709929
1.1368,0.32465038790447576,-0.2301936607575696,-8.002804785272964,-0.0018391732479529856,-0.0017126112879116168,-51.99585682413413,-0.0018378758799625764,-0.0017545089621731655,-51.90030461136308,0.3223567979334631,-0.2338013113401696,-7.9975991654439795,165.3183628036657,-90.43405682943097,163.74450935015417,-90.99746290789321
1.1376,0.3194020905706283,-0.2323544466251006,-8.068579068140194,-0.001845934682619375,-0.0016910273971297986,-52.0293694361314,-0.0018457662689688318,-0.0017336205949926517,-51.929866084502116,0.3170981813643402,-0.23589660338708673,-8.063232408174558,163.18450958985923,-89.85054205841078,161.64715307588094,-90.38147653466868
1.1384,0.3141500841127055,-0.2344352259695352,-8.134670099507009,-0.0018524168727326934,-0.0016695381625180885,-52.0629299483206,-0.0018534041587868072,-0.0017127790117804139,-51.95947918113775,0.31183663801623857,-0.2379122951623579,-8.129184516021496,161.1020991710085,-89.24916108079576,159.60049390609254,-89.74925539836799
1.1392,0.3088955558314311,-0.23643636442519575,-8.2010763139641,-0.0018586243213301273,-0.001648146471144369,-52.09653521139205,-0.0018607922162806895,-0.0016919862898359765,-51.98914389792307,0.3065733434641488,-0.23984875769909605,-8.195453974442339,159.06984546368432,-88.63136811010047,157.60324352776684,-89.10216726893042
1.1400000000000001,0.3036396799109029,-0.23835824576372222,-8.267796057185047,-0.0018645615167412581,-0.0016268550849639033,-52.13018213295876,-0.0018679330726232319,-0.0016712444454736299,-52.0188603208431,0.3013094602579898,-0.24170637995815275,-8.26203918016413,157.08648255428355,-87.99852780721967,155.6541362376333,-88.44149487717947
1.1408,0.29838361713965245,-0.24020127151527626,-8.334827582686366,-0.0018702329300667878,-0.00160566664348181,-52.1638676771392,-0.0018748293225252718,-0.0016505554369701538,-52.048628624277185,0.2960461376448069,-0.24348556845519626,-8.328938437963025,155.15076616277128,-87.35192044766363,153.75193010899775,-87.76844087832819
1.1416,0.29312851464245304,-0.2419658605859168,-8.40216904846648,-0.001875643012784464,-0.0015845836664227086,-52.197588864117265,-0.001881483523575298,-0.0016299211675108503,-52.07844906997227,0.2907845113015287,-0.245186746883837,-8.396149957323248,153.26147484715165,-86.69274682038255,151.89540792816385,-87.08413255077954
1.1424,0.28787550562292813,-0.2436524488714479,-8.469818513519654,-0.0018807961944790374,-0.00156360855640356,-52.231342769680644,-0.001887898195689452,-0.001609343488132277,-52.108322005918815,0.2855257030783589,-0.24681035573509452,-8.463671848971234,151.41741097714302,-86.02213286749215,150.08337792643235,-86.38962624043319
1.1432,0.28262570911696805,-0.24526148886806876,-8.537773934221168,-0.001885696880693128,-0.0015427436016058102,-52.26512652473897,-0.001894075820672563,-0.0015888242006597813,-52.138247865121855,0.2802708207528038,-0.24835685191353093,-8.531502121281441,149.61740150283228,-85.34113407466023,148.31467433113156,-85.68591156095432
1.1440000000000001,0.277380229756926,-0.24679344928013178,-8.606033160580658,-0.0018903494508958215,-0.0015219909784431162,-52.298937314823306,-0.0019000188418909377,-0.001568365060637786,-52.16822716425855,0.2750209577943259,-0.24982670835035936,-8.599638676550477,147.8602985416218,-84.65073962218563,146.5881577568545,-84.97391536057282
1.1448,0.2721401575466356,-0.24824881462531612,-8.67459393235919,-0.0018947582565657201,-0.0015013527542213961,-52.33277237956801,-0.001905729664057767,-0.0015479677802508727,-52.19826050221337,0.26977719313967424,-0.2512204136138303,-8.668079307135057,146.1449798045481,-83.95187630696438,144.9027154560102,-84.25450546599711
1.1456,0.26690656764718035,-0.24962808483753451,-8.743453875047141,-0.0018989276193852732,-0.0014808308897878073,-52.36662901217646,-0.0019112106531321712,-0.0015276340312331822,-52.22834855848206,0.2645405909788179,-0.2525384715172053,-8.736821691451187,144.47034888095666,-83.24541224555195,143.25726144585948,-83.52849421391961
1.1464,0.2616805201734296,-0.2509317748678639,-8.812610495698738,-0.00190286182954308,-0.00146042724216581,-52.40050455887168,-0.0019164641363330103,-0.0015073654477638302,-52.258492091434476,0.2593122005515257,-0.2537814007246252,-8.805863389829643,142.8353353986708,-82.53216036848302,141.65073652750596,-82.79664178045364
1.1472,0.25646306000128494,-0.2521604142838116,-8.882061178619848,-0.0019065651441409325,-0.0014401435671734413,-52.43439641833314,-0.0019214924022686502,-0.0014871636293455523,-52.28869193642698,0.25409305595452525,-0.25494973435515755,-8.875201840225099,141.2388950750505,-81.81288171586849,140.08210821071424,-82.05965931859745
1.1480000000000001,0.2512552165855842,-0.2533145468672097,-8.951803180905635,-0.0019100417857023568,-0.0014199815220221502,-52.46830204112093,-0.0019262977011841268,-0.0014670301436636394,-52.31894900375386,0.24888417595921258,-0.2560440195853416,-8.944834353774688,139.68000967278726,-81.0882885440903,138.5503705569998,-81.31821191357326
1.1488,0.24605800378864598,-0.2543947302110287,-9.021833627823998,-0.0019132959407793867,-0.00139994266789389,-52.50221892908816,-0.001930882245326958,-0.0014469665294220876,-52.349264276427675,0.24368656383988394,-0.2570648172505006,-9.01475811020249,138.15768687287158,-80.35904725318233,137.05454395214826,-80.57292136557885
1.1496,0.2408724197193433,-0.2554015353154033,-9.092149508042091,-0.0019163317586543748,-0.0013800284724940826,-52.53614463478301,-0.0019352482094332193,-0.0014269742991533392,-52.37963880777791,0.2385012072124113,-0.2580127014451292,-9.084970153066573,136.6709600758581,-79.62578114418812,135.59367481812657,-79.82436880916467
1.1504,0.23569944658268133,-0.25633554618315124,-9.1627476686919,-0.0019191533501336294,-0.0013602403125784954,-52.57007676084105,-0.0019393977313352346,-0.0014070549419979992,-52.41007371885709,0.23332907788332072,-0.25888825912262664,-9.155467384844949,135.21888814141545,-78.88907301549656,134.1668352733008,-79.07309717810521
1.1512,0.23054005053978602,-0.25719735941506455,-9.233624810271866,-0.0019217647864297196,-0.0013405794764520876,-52.60401295936903,-0.001943332912692458,-0.0013872099264503452,-52.440570195643616,0.228171131709201,-0.2596920896946618,-9.22624656185704,133.80055507507012,-78.14946760681747,132.77312274890468,-78.31961352427649
1.152,0.22539518157820088,-0.2579875838052532,-9.304777481381638,-0.001924170098129306,-0.0013210471664380232,-52.63795093132113,-0.0019470558198469953,-0.0013674407030651943,-52.47112948603024,0.22302830846634328,-0.2604248046304483,-9.297304289017758,132.4150696701,-77.40747389912089,131.41165956882801,-77.56439119868409
1.1528,0.22026577339243036,-0.2587068399368011,-9.376202073286631,-0.001926373274243415,-0.0013016445013153564,-52.67188842586832,-0.0019505684848051298,-0.001347748707121377,-52.501752896587476,0.217901531730561,-0.26108702705619424,-9.368637014420608,131.06156511168157,-76.66356727852049,130.08159249902621,-76.80787190242967
1.1536,0.2151527432746197,-0.259355759778007,-9.447894814309592,-0.001928378261337099,-0.0012823725187238913,-52.705823239761884,-0.0019538729063462066,-0.0013281353612366292,-52.53244178909072,0.21279170876707554,-0.26167939135499185,-9.440241023747278,129.73919854960158,-75.91819157172763,128.7820922721297,-76.05046761502982
1.1544,0.2100569920152456,-0.25993498627946354,-9.519851764047061,-0.0019301889627354886,-0.001263232177534853,-52.73975321669197,-0.0019569710512600475,-0.0013086020779282824,-52.56319757680071,0.20769973043036438,-0.26220254276741617,-9.512112434500867,128.44715064514116,-75.17176096034684,127.51235309219874,-75.29256240714895
1.1552,0.20497940381374127,-0.26044517297223346,-9.59206880740756,-0.0019318092378032684,-0.0012442243601863277,-52.77367624664165,-0.001959864855713873,-0.001289150262113886,-52.594021720486694,0.20262647107389214,-0.26265713699307514,-9.584247190060061,127.18462509711607,-74.42466178094857,126.27159212400626,-74.53451414445419
1.156,0.1999208461989025,-0.2608869835673594,-9.664541648470266,-0.0019332429012946955,-0.0012253498749822665,-52.807590265237664,-0.0019625562267495513,-0.0012697813135452614,-52.6249157241822,0.19757278846957366,-0.2630438397933709,-9.65664105355241,125.9508481514737,-73.67725421749837,125.05904897069838,-73.77665608895177
1.1568,0.19488216995897228,-0.2612610915569615,-9.737265804161684,-0.0019344937227713079,-0.0012066094583542458,-52.84149325309821,-0.0019650470439116744,-0.0012504966291692892,-52.6558811306638,0.192539523736886,-0.2633633265957084,-9.729289601544322,124.7450680983413,-72.92987389240173,123.87398514323833,-73.01929840383795
1.1576,0.18986420908127022,-0.2615681798171468,-9.810236597749192,-0.0019355654260845249,-0.0011880037770851395,-52.87538323517863,-0.0019673391610066726,-0.0012312976054081747,-52.68691951664367,0.18752750128148898,-0.26361628209938853,-9.802188217546409,123.56655475995719,-72.18283336209102,122.71568352461364,-72.26272956756885
1.1584,0.18486778070121043,-0.26180894021296497,-9.883449152150533,-0.0019364616889204493,-0.0011695334304939135,-52.90925828011563,-0.001969434407992799,-0.0012121856403515155,-52.718032487667685,0.1825375287432059,-0.26380339988343005,-9.875332085332937,122.41459897249497,-71.43642352276602,121.58344783140906,-71.50721770254299
1.1592,0.17989368506060147,-0.26198407320563166,-9.95689838305813,-0.0019371861424041545,-0.0011511989525810986,-52.943116499570586,-0.0019713345930003957,-0.0011931621358522205,-52.74922167271139,0.17757039695327073,-0.26392538201652116,-9.948716182074376,121.28851206443335,-70.69091493160589,120.47660207503691,-70.75301182349634
1.16,0.1749427054750434,-0.2620942874622356,-10.0305789918786,-0.0019377423707609058,-0.001133000814134272,-52.97695604757262,-0.0019730415044813764,-0.001174228499517739,-52.78048871846735,0.17262687990065378,-0.263982938669346,-10.022335271282865,120.18762533377271,-69.94655904846525,119.3944900245876,-70.00034301041697
1.1608,0.17001560831030058,-0.2621402994681339,-10.10448545848751,-0.0019381339110317373,-0.0011149394247932508,-53.01077511986193,-0.001974556913486305,-0.001155386146587876,-52.81183528331832,0.16770773470734973,-0.2639767877294788,-10.096183895570645,119.11128952611794,-69.20358940279863,118.33647467302306,-69.2494255105176
1.1616,0.16511314296748514,-0.26212283314225104,-10.178612033800116,-0.0019383642528409456,-0.001097015135074641,-53.04457195323387,-0.0019758825760668544,-0.0011366365016899705,-52.84326303099213,0.16281370161247297,-0.26390765441906117,-10.170256369222075,118.05887431536839,-68.46222269028767,117.30193770818475,-68.5004577735435
1.1624,0.16023604187687357,-0.2620426194554604,-10.252952732160379,-0.0019384368382130565,-0.0010792282383554304,-53.07834482488442,-0.001977020235800786,-0.0011179810004619199,-52.87477362389572,0.15794550396498255,-0.263776270915459,-10.244546770580886,117.02976778852019,-67.72265980338214,116.29027898987317,-67.7536234244398
1.1632,0.15538502050022837,-0.26190039605225107,-10.327501323549619,-0.001938355061436956,-0.0010615789728155936,-53.112092051757344,-0.001977971626435812,-0.0010994210910333956,-52.90636871612705,0.15310384822491382,-0.2635833759750949,-10.319048934254148,116.02337593587934,-66.985086799738,115.30091603408007,-67.00909217717704
1.164,0.15056077734141662,-0.26169690687585795,-10.402251325618582,-0.0019381222689748825,-0.0010440675233394539,-53.145811989893645,-0.0019787384746479883,-0.0010809582353550652,-52.938049946165854,0.14828942397291303,-0.2633297145606346,-10.393756443136386,115.03912214778136,-66.24967581228931,114.33328350527019,-66.2670206932964
1.1648,0.14576399396518563,-0.2614329017970283,-10.47719599554637,-0.0019377417594140885,-0.0010266940233759083,-53.17950303378362,-0.0019793225029093816,-0.001062593910365777,-52.969818929245854,0.14350290392793752,-0.26301603747171454,-10.468662620256895,114.07644671875832,-65.51658590448245,113.38683271747308,-65.52755338853747
1.1656,0.14099533502391437,-0.2611091362465984,-10.552328321731025,-0.0019372167834590182,-0.0010094585567574968,-53.21316361572191,-0.0019797254324588716,-0.0010443296089873428,-53.0016772494134,0.1387449439729462,-0.26264310097938093,-10.54376052045479,113.13480635993562,-64.7859638739891,112.4610311448073,-64.79082319070436
1.1664,0.13625544829213998,-0.2607263708520376,-10.627641015317934,-0.0019365505439619226,-0.0009923611594783556,-53.246792205166045,-0.001979948986368978,-0.001026166840936493,-53.033626451280156,0.134016183188379,-0.262211666464401,-10.61904292188779,112.21367372030318,-64.05794500801315,111.5553619419372,-64.05695225173228
1.1672,0.1315449647087239,-0.2602853710781195,-10.703126501572193,-0.0019357461959899041,-0.0009754018214313325,-53.28038730809867,-0.001979994892700627,-0.0010081071333437898,-53.0656680314792,0.1293172438932948,-0.26172250005961106,-10.694502317380394,111.31253691740314,-63.33265379313255,110.66932347487311,-63.326052616750665
1.168,0.12686449842642641,-0.2597869068718628,-10.77877691110369,-0.0019348068469264347,-0.0009585804881043182,-53.313947466393905,-0.001979864887736657,-0.000990152031169175,-53.097803429837725,0.12464873169394167,-0.26117637229645196,-10.770130905619839,110.4308990778507,-62.61020458242529,109.80242886241543,-62.59822685275574
1.1688,0.12221464686874609,-0.2592317523118902,-10.8545840709534,-0.0019337355566054692,-0.0009418970622361573,-53.3474712571881,-0.0019795607192838334,-0.0009723030974042171,-53.13003402028148,0.1200112355396135,-0.2605740577558331,-10.845920582208247,109.56827788803048,-61.89070222247818,108.95420552848,-61.87356863935664
1.1696,0.11759599079381909,-0.25862068526233145,-10.930539495551955,-0.0019325353374763314,-0.0009253514054323781,-53.38095729225515,-0.0019790841500319143,-0.0009545619130514046,-53.162361101489786,0.11540532778559319,-0.25991633472346903,-10.921862930581288,108.72420515521877,-61.174242642709,108.12419476546016,-61.15216332390523
1.1703999999999999,0.11300909436518035,-0.25795448703140594,-11.006634377562321,-0.0019312091547976148,-0.0009089433397410438,-53.414404217386966,-0.0019784369609573255,-0.0009369300768711279,-53.194785887322965,0.11083156426298785,-0.25920398484981505,-10.997949212805135,107.89822637930955,-60.46091340928926,107.31195130872044,-60.43408844317613
1.1712,0.10845450522922502,-0.25723394203480016,-11.082859578620033,-0.0019297599268583935,-0.0008926726491891613,-53.44781071177895,-0.001977620954757611,-0.0009194092048878151,-53.22730949704746,0.10629048435529216,-0.25843779281472806,-11.074170360264574,107.08990033526894,-59.7507942458186,106.51704292226968,-59.7194142136377
1.172,0.10393275459916045,-0.25645983746395934,-11.15920561998609,-0.001928190525225129,-0.0008765390812800184,-53.4811754874209,-0.001976637959301905,-0.0009020009296471425,-53.259932945387064,0.10178261108147603,-0.2576185459969727,-11.150516964257115,106.29879866637665,-59.04395752276591,105.73904999560577,-59.008203992223294
1.1728,0.09944435734525225,-0.2556329629593921,-11.235662673129873,-0.001926503775012663,-0.0008605423484518318,-53.51449728849371,-0.001975489831081292,-0.0008847068992171156,-53.292657132433035,0.09730845118539917,-0.2567470341486781,-11.226979266509842,105.52450548826967,-58.34046871756973,104.97756515168611,-58.30051470939573
1.1736,0.09498981209119879,-0.25475411028910033,-11.3122205502601,-0.0019247024551778164,-0.0008446821294982808,-53.54777489077168,-0.0019741784586419582,-0.0008675287759268919,-53.32548283344857,0.0928684952313884,-0.2558240490748572,-11.30354714963686,104.76661700376499,-57.640386847180835,104.23219286594745,-57.59639727619312
1.1743999999999999,0.09056960131640698,-0.2538240730322185,-11.388868694825327,-0.0019227892988341012,-0.000828958070951283,-53.58100710103094,-0.0019727057659828734,-0.0008504682348381129,-53.35841068860739,0.08846321770575294,-0.25485038431807777,-11.380210127558225,104.02474112839376,-56.94376487471066,103.5025490962594,-56.89589696683106
1.1752,0.08618419146400642,-0.2528436462679533,-11.4655961720063,-0.0019207669935861636,-0.0008133697884266235,-53.61419275646412,-0.001971073715898712,-0.0008335269619449617,-53.39144119270978,0.08409307712407517,-0.2538268348483855,-11.456957335902194,103.29849712655748,-56.250650091756604,102.78826092367957,-56.19905377834886
1.176,0.08183403305439871,-0.25181362626991205,-11.54239165922519,-0.0019186381818826013,-0.0007979168679329374,-53.64733072410108,-0.0019692843132477792,-0.0008167066521004301,-53.42457468492263,0.07975851614407094,-0.2527541967585552,-11.533777522415708,102.58751525818407,-55.56108447787514,102.08896620385003,-55.50590276868861
1.1768,0.07751956080413057,-0.25073481020587696,-11.619243436699678,-0.001916405461385852,-0.0007825988671445366,-53.6804199002364,-0.001967339608123854,-0.0008000090066677671,-53.4578113385943,0.07545996168381815,-0.2516332669647543,-11.610659037409993,101.8914364357381,-54.87510503857774,101.40431322885689,-54.816474374512666
1.1776,0.07324119374994063,-0.2496079958431189,-11.696139378070507,-0.0019140713853579307,-0.0007674153166387637,-53.7134592098632,-0.001965241698910075,-0.0007834357308979639,-53.49115115119764,0.07119782504519002,-0.250464842912689,-11.687589824270335,101.20991189142893,-54.19274412315507,100.73396039936601,-54.13079470998797
1.1784,0.06899933537773764,-0.24843398125928615,-11.773066941136161,-0.0019116384630607991,-0.0007523657210983202,-53.74644760611379,-0.0019629927351924245,-0.0007669885310356251,-53.524593934458466,0.06697250204226557,-0.24924972228929754,-11.764557410062203,100.54260285443186,-53.51402972353479,100.07757590682411,-53.4488858476825
1.1792,0.06479437375635996,-0.2472135645589479,-11.850013158728466,-0.0019091091601702423,-0.0007374495604792666,-53.779384069707035,-0.0019605949205098038,-0.0007506691111578084,-53.5581393047293,0.06278437313455708,-0.247988702740051,-11.841548896268055,99.8891802379362,-52.83898575532365,99.43483742551662,-52.7707660826568
1.18,0.060626681675910114,-0.24594754359582877,-11.926964629767467,-0.0019064858992021622,-0.000722666291145253,-53.81226760840257,-0.0019580505149175086,-0.0007344791697522192,-53.59178667367108,0.058633803564850116,-0.24668258159191772,-11.91855094969209,99.24932433581671,-52.167632322100616,98.80543181425733,-52.09645018076176
1.1808,0.05649661679045995,-0.24463671570078196,-12.003907510536202,-0.0019037710599502187,-0.0007080153469685546,-53.845097256462026,-0.0019553618373406674,-0.0007184203960433861,-53.62553523930771,0.054521143501458195,-0.24533215558203245,-11.995549793573373,98.62272452871483,-51.49998596396621,98.18905482748015,-51.42594961209088
1.1816,0.05240452176497406,-0.24328187741554616,-12.080827506218352,-0.0019009669799338483,-0.0006934961403986248,-53.87787207411716,-0.0019525312676944013,-0.0007024944660776826,-53.659383977520434,0.05044672818472969,-0.24393822059212228,-12.072531198949953,98.0090789993185,-50.836059891296365,97.58541083550493,-50.75927277048365
1.1824,0.04835072442622535,-0.24188382423230786,-12.157709862746099,-0.0018980759548556793,-0.0006791080634986756,-53.91059114704517,-0.0019495612487476616,-0.0006867030385802317,-53.69333163405044,0.046410878077588966,-0.24250157138871414,-12.149480476320793,97.40809445661279,-50.17586420458159,96.99421255373645,-50.09642517991137
1.1832,0.0443355379175469,-0.24044335033911027,-12.234539359007147,-0.0018951002390674456,-0.0006648504889510102,-53.94325358585097,-0.0019464542877083565,-0.0006710477505991742,-53.72737671707859,0.04241389901994884,-0.24102300136916224,-12.2263824676543,96.81948586887913,-49.51940610118809,96.4151807805641,-49.43740968853554
1.184,0.04035926085722725,-0.23896124837112195,-12.311300299464126,-0.0018920420460435267,-0.000650722771031697,-53.97585852555675,-0.001943212957508031,-0.0006555302129550258,-53.76151749045255,0.038456082386806,-0.23950330231352088,-12.303221538796139,96.24297620521608,-48.86669006981996,95.8480441437227,-48.782226651175236
1.1848,0.03642217750035334,-0.237438309167783,-12.387976507242502,-0.0018889035488612702,-0.0006367242465551853,-54.008405125098584,-0.0019398398977655037,-0.0006401520055151504,-53.79575196763013,0.03453770524981987,-0.23794326414227365,-12.379981572332355,95.67829618534927,-48.21771807341385,95.29253885487613,-48.130874100873186
1.1856,0.032524557903950056,-0.2358753215358483,-12.464551317745837,-0.0018856868806873324,-0.0006228542357895871,-54.04089256683029,-0.0019363378154101264,-0.0006249146723157963,-53.830077906407546,0.030659030542225345,-0.2363436746799479,-12.456645960966245,95.12518403750748,-47.57248972115958,94.7484084721919,-47.48334791021575
1.1864,0.028666658095207468,-0.23427307201832473,-12.541007572861407,-0.0018823941352692504,-0.0006091120433431489,-54.073320056034476,-0.001932709484946855,-0.0006098197165561177,-53.86449280449939,0.02682030722686663,-0.23470531942460765,-12.53319760147205,94.58338526413193,-46.93100243028782,94.21540367066851,-46.839641943011365
1.1872,0.024848720242643587,-0.23263234466931237,-12.617327615821486,-0.001879027367431556,-0.0005954969590226342,-54.10568682044086,-0.0019289577483472087,-0.0005948685954909495,-53.898993896034725,0.023021770467203016,-0.23302898132324443,-12.609618889290328,94.05265241519675,-46.29325157823624,93.69328201998812,-46.19974819690546
1.188,0.02107097283002293,-0.2309539208347474,-12.693493286789245,-0.001875588593575748,-0.0005820082586642162,-54.1379921097516,-0.0019250855145522385,-0.0005800627152508986,-53.9335781490304,0.01926364180110097,-0.23131544055305756,-12.685891713834303,93.53274486891553,-45.65923064576351,93.18180776966523,-45.56365693746782
1.1888,0.01733363083284328,-0.22923857893902896,-12.769485919241605,-0.0018720797921834482,-0.000568645204937467,-54.170235195174115,-0.0019210957585759298,-0.0005654034256201499,-53.968242263899235,0.015546129317230815,-0.22956547430861665,-12.761997454579149,93.02342861961102,-45.02893135154382,92.68075164126618,-44.93135682425657
1.1896,0.013636895897256716,-0.22748709427753785,-12.84528633722317,-0.0018685029043221727,-0.0005554070481231576,-54.20241536896079,-0.0019169915202001079,-0.0005508920148040757,-54.00298267304518,0.011869427833924738,-0.2277798565949087,-12.837916978008847,92.5244760725346,-44.402343778751295,92.18989062748226,-44.302835029338105
1.1904,0.009980956521218366,-0.22570023881501006,-12.920874853549858,-0.001864859834153094,-0.0005422930268653786,-54.23453194395613,-0.001912775902254593,-0.0005365297042199318,-54.03779554159301,0.00823371908029541,-0.2259593580262399,-12.91363063549918,92.03566584541656,-43.77945649410017,91.70900779783615,-43.67807734870312
1.1912,0.006365988237734109,-0.22387878098976138,-12.996231269041921,-0.0018611524494402693,-0.0005293023688986915,-54.26658425315079,-0.0019084520684794087,-0.0005223176433451874,-54.0726767692928,0.004639171879480991,-0.22410474563098823,-12.98911826221697,91.55678257654128,-43.16025665979064,91.23789211081467,-43.057068307003235
1.192,0.002792153800029843,-0.22202348552373485,-13.07133487286926,-0.0018573825820608094,-0.0005164342917508702,-54.29857164924296,-0.0019040232409689537,-0.0005082569046587464,-54.1076219936333,0.0010859423338400623,-0.22221678266217929,-13.064359177118982,91.08761673913921,-42.54473013877549,90.77633823221866,-42.439791255999566
1.1928,-0.0007403966315214114,-0.22013511323833437,-13.146164444094259,-0.0018535520285154774,-0.0005036880034218122,-54.33049350420666,-0.0018994926972013138,-0.0004943484787108049,-54.14262659419002,-0.002425825988069839,-0.2202962284138518,-13.13933218413623,90.62796446189371,-41.932861593738096,90.32414635952753,-41.826228467091426
1.1936,-0.004231525300845789,-0.21821442087603157,-13.220698254497975,-0.0018496625504392792,-0.0004910627030392939,-54.36234920886716,-0.0018948637666593082,-0.0004805932693573455,-54.17768569822567,-0.005896001862862162,-0.2183438380432006,-13.214015574630217,90.1776273553687,-41.32463458015539,89.88112205208475,-41.21636121827822
1.1944,-0.00768110666617052,-0.21626216092769002,-13.294914072778525,-0.0018457158751115795,-0.00047855758149205503,-54.39413817248344,-0.0018901398270532678,-0.0004669920891949115,-54.21279418755175,-0.009324466222222253,-0.2163603623984432,-13.28838713121089,89.73641234416138,-40.720031633786625,89.4470760669086,-40.610169875875464
1.1952,-0.011089027208703684,-0.21427908146558414,-13.368789170209965,-0.0018417136959653514,-0.0004661718220408803,-54.42585982233747,-0.00188532430015904,-0.0004535456552309047,-54.24794670665045,-0.012711111961464962,-0.21434654785238735,-13.362424133005554,89.30413150459593,-40.11903435291853,89.02182419994483,-40.00763397129656
1.196,-0.014455185240149373,-0.21226592598206692,-13.442300327851154,-0.001837657673095154,-0.00045390460090821504,-54.45751360333057,-0.0018804206472881541,-0.00044025458482359304,-54.28313767204651,-0.01605584374690635,-0.21230313614165577,-13.436103362469511,88.8806019077742,-39.52162347567158,88.60518713257852,-39.408732273188306
1.1968,-0.017779490709208666,-0.210223433233833,-13.515423845394146,-0.0018335494337634746,-0.00044175508784684254,-54.489098977586536,-0.0018754323644104183,-0.00042711939192470184,-54.318361282908384,-0.01935857782220205,-0.21023086421151527,-13.509401113829295,88.46564546780554,-38.927778952653625,88.19699028322725,-38.81344285518923
1.1976,-0.021061865007184804,-0.2081523370917453,-13.588135551739933,-0.0018293905729051003,-0.0004297224466882672,-54.520615424061546,-0.0018703629769525948,-0.00041414048365588565,-54.353611532847694,-0.022619241813770265,-0.20813046406628102,-13.582293203247811,88.0590887950451,-38.33748001523614,87.79706366384764,-38.22174315957137
1.1984,-0.02430224077285259,-0.2060533663961576,-13.660410817389113,-0.0018251826536291795,-0.00041780583587124563,-54.55206243816094,-0.0018652160342997757,-0.0004013181572481485,-54.38888222287624,-0.02583777453546488,-0.20600266262522496,-13.654754980800927,87.66076305417039,-37.75070523970323,87.40524174118553,-37.6336100569998
1.1992,-0.027500561696706463,-0.2039272448176924,-13.732224568731768,-0.0018209272077186873,-0.0004060044089510872,-54.583439531362565,-0.0018599951040291216,-0.0003886525973710481,-54.42416697546874,-0.02901412579260967,-0.20384818158395407,-13.726761344351452,87.27050382693584,-37.16743260751694,87.02136330261153,-37.04901990264127
1.2,-0.030656782324723113,-0.20177469072341264,-13.803551304318438,-0.0018166257361270034,-0.0003943173150902207,-54.6147462308468,-0.0018547037659082217,-0.0003761438738757036,-54.459459249670005,-0.03214825618553458,-0.20166773728119458,-13.79828675540473,86.88815097944644,-36.587639561922956,86.64527132638412,-36.467948588831845
1.2008,-0.03377086786177552,-0.19959641704832465,-13.874365113190038,-0.0018122797094713326,-0.00038274369953051154,-54.64598207913318,-0.001849345605692726,-0.0003637919399725798,-54.49475235717601,-0.03524013691275019,-0.19946204057091893,-13.869305257026037,86.51354853379591,-36.01130306110746,86.27681285618905,-35.89037159450289
1.2016,-0.03684279397479881,-0.1973931311721631,-13.944639695339237,-0.0018078905685227416,-0.00037128270404792105,-54.67714663372345,-0.0018439242087600497,-0.0003515966308618743,-54.53003947930772,-0.03828974957386361,-0.19723179669977053,-13.939790493894762,86.14654454392465,-35.43839962810882,85.91583887980981,-35.31626403155717
1.2024,-0.039872546595853965,-0.19516553480137872,-14.014348384370834,-0.0018034597246925558,-0.00035993346738990943,-54.70823946675119,-0.0018384431536175214,-0.00033955766283062317,-54.565313684789764,-0.041297085972382463,-0.19497770518970473,-14.009715734565694,85.78699097554951,-34.868905397667135,85.56220421178534,-34.74560068836768
1.2032,-0.04286012172518518,-0.19291432385627896,-14.083464172420621,-0.0017989885605149262,-0.00034869512569615714,-54.73926016463765,-0.0018329060053248664,-0.00032767463282714254,-54.60056794823682,-0.04426214791850351,-0.19270045972579644,-14.079053895999948,85.43474359002947,-34.30279616019291,85.21576737992005,-34.17835607056992
1.204,-0.04580552523439114,-0.19064018836324728,-14.151959737385134,-0.0017944784301253654,-0.00033756681290304563,-54.77020832775395,-0.0018273163088717138,-0.00031594701851945194,-54.63579516924418,-0.047184947032009865,-0.19040074804914342,-14.147777570420839,85.0896618320314,-33.74004740301964,84.87639051551183,-33.614504439303225
1.2048,-0.04870877266983038,-0.18834381235196548,-14.219807472505288,-0.001789930659735051,-0.0003265476611323449,-54.801083570089595,-0.0018216775825513991,-0.00030437417884043107,-54.670988191973066,-0.050065504545394615,-0.18807925185478533,-14.21585905454129,84.75160872086474,-33.18063434909544,84.54393924716999,-33.054019847046796
1.2056,-0.05156988905634446,-0.18602587375758597,-14.286979518336032,-0.001785346548100764,-0.000315636801064641,-54.83188551892705,-0.0018159933113724765,-0.00029295535501857505,-54.706139825115756,-0.05290385110730023,-0.1857366466945902,-14.283270381198108,84.42045074536112,-32.62453199326577,84.21828259810056,-32.496876171194344
1.2064,-0.05438890870142903,-0.18368704432776028,-14.353447797123806,-0.0017807273669902721,-0.0003048333622978645,-54.86261381452242,-0.0018102669405489396,-0.0002816896720891019,-54.74124286212229,-0.05570002658640072,-0.18337360188501098,-14.3499833534187,84.09605776217472,-32.07171513628107,83.89929288673672,-31.943047145492887
1.2072,-0.05716587499992988,-0.18132798953446697,-14.41918404959984,-0.0017760743616430396,-0.0002941364736914381,-54.89326810979222,-0.0018045018691094966,-0.00027057614087644193,-54.776290101567504,-0.05845407987580903,-0.18099078041965855,-14.415969580931884,83.7783028973879,-31.52215841666461,83.58684563060105,-31.392506389473724
1.208,-0.05990084023937143,-0.1789493684905589,-14.48415987418418,-0.0017713887512261352,-0.0002835452636964429,-54.923848070005974,-0.0017987014436650394,-0.0002596136604352371,-54.81127436753564,-0.06116606869811458,-0.1785888388866076,-14.48120051912159,83.46706245130694,-30.975836340562363,83.28081945328678,-30.84522743598973
1.2088,-0.0625938654060165,-0.17655183387094273,-14.54834676858072,-0.0017666717292851967,-0.0002730588606721976,-54.954353372484846,-0.0017928689523718727,-0.0002488010209333602,-54.84618852989999,-0.06383605941115447,-0.17616842739035282,-14.545647510407388,83.16221580633776,-30.43272330968908,82.98109599444918,-30.301183756967234
1.2096,-0.06524501999172967,-0.17413603183833495,-14.611716173726476,-0.0017619244641903864,-0.00026267639318973575,-54.9847837063059,-0.0017870076191264406,-0.000238136906957136,-54.881025524375445,-0.06646412681458877,-0.17373018947835414,-14.60928182801933,82.86364533783707,-29.892793647484794,82.68755982270525,-29.760348787479327
1.2104,-0.06785438180175317,-0.1717026019734912,-14.674239520042873,-0.0017571480995771966,-0.0002523969903224966,-55.01513877201226,-0.0017811205980248928,-0.00022761990121561966,-54.915778372224786,-0.06905035395739174,-0.17127476207207237,-14.67207472211836,82.57123632783436,-29.356021623579455,82.40009835133881,-29.222695948233397
1.2112,-0.07042203676346005,-0.1692521772098486,-14.735888275917654,-0.0017523437547820576,-0.00024221978192469554,-55.04541828132878,-0.0017752109681183877,-0.0002172484886180321,-54.950440199502424,-0.07159483194632545,-0.1688027754024324,-14.733997468194982,82.28487688152752,-28.822381476667385,82.11860175671515,-28.688198666568077
1.212,-0.07294807873617405,-0.16678538377249402,-14.796633998328124,-0.0017475125252726592,-0.0002321438988977294,-55.0756219568834,-0.0017692817284921045,-0.00020702106069578504,-54.98500425572428,-0.07409765975548308,-0.16631485294962597,-14.795021417660571,82.00445784645576,-28.291847435881344,81.84296289931214,-28.156830396044448
1.2128,-0.0754326093221381,-0.16430284112136914,-14.856448385497176,-0.0017426554830729008,-0.0002221684734449622,-55.105749531934016,-0.0017633357936928742,-0.00019693592033826664,-55.0194639318583,-0.07655894403698932,-0.1638116113871669,-14.85511805052624,81.72987273425713,-27.764393740751185,81.57307724727532,-27.628564634711484
1.2136,-0.07787573767869072,-0.16180516189864855,-14.91530333145301,-0.0017377736771824514,-0.00021229263931532902,-55.13580075010064,-0.0017573759895271423,-0.00018699128680979167,-55.05381277753631,-0.07897879893291412,-0.16129366053013247,-14.914259030043644,81.4610176449232,-27.239994659832284,81.30884280241276,-27.103374942125967
1.2144,-0.0802775803317401,-0.1592929518801884,-14.973170982344348,-0.001732868133990822,-0.0002025155320360293,-55.1657753651032,-0.0017514050492474802,-0.00017718530101343643,-55.08804451739611,-0.08135734588849322,-0.15876160328748964,-14.972416259162555,81.1977911934631,-26.71862450807607,81.0501600285426,-26.581234955194898
1.2152,-0.08263826099058827,-0.15676680993097944,-15.030023794341638,-0.001727939857685955,-0.00019283628913472768,-55.1956731405044,-0.0017454256101424716,-0.00016751603096652789,-55.12215306647071,-0.08369471346670714,-0.15621603561843733,-15.02956193863859,80.94009443889573,-26.200257663018643,80.79693178211487,-26.062118402911928
1.216,-0.08495791036417688,-0.15422732796451444,-15.085834592935205,-0.001722989830657263,-0.0001832540503515721,-55.22549384945786,-0.001739440210541199,-0.00015798147745169042,-55.15613254455059,-0.08599103716429175,-0.15365754649267832,-15.085668626604278,80.68783081548946,-25.684868579854268,80.5490632450276,-25.545999120051068
1.2168,-0.08723666597882274,-0.15167509090598083,-15.140576633421297,-0.001718019013893093,-0.00017376795784133426,-55.25523727446158,-0.0017334512872400163,-0.0001485795798070298,-55.18997728945499,-0.08824645922924984,-0.151086717854526,-15.14070929939664,80.44090606617196,-25.17243180545685,80.30646185956199,-25.03285105987624
1.2176,-0.08947467199748689,-0.14911067665921152,-15.194223662347046,-0.001713028347372617,-0.0001643771563660593,-55.28490320711626,-0.0017274611733558607,-0.00013930822181910853,-55.22368186915726,-0.09046112847990659,-0.14850412459078235,-15.194657413413662,80.19922817803688,-24.662921991413413,80.06903726536527,-24.522648305927927
1.2184,-0.09167207904065242,-0.14653465607728966,-15.246749979667765,-0.0017080187504520986,-0.00015508079347845968,-55.314491447888784,-0.0017214720966068466,-0.0001301652376826117,-55.25724109272068,-0.09263520012558693,-0.1459103345022807,-15.247486967754153,79.96270731987396,-24.156313906122772,79.83670123840899,-24.01536508293615
1.2192,-0.09382904400884848,-0.14394759293674106,-15.298130501351604,-0.0017029911222455566,-0.000145878019696423,-55.344001805880644,-0.0017154861780176755,-0.00012114841799145562,-55.29065002001041,-0.09476883558895148,-0.14330590827902678,-15.299172567376363,79.73125578165549,-23.6525824460168,79.60936763185713,-23.510975766914385
1.22,-0.09594572990687826,-0.14135004391522485,-15.348340822150956,-0.0016979463419998068,-0.000136767988668905,-55.37343409860121,-0.00170950543104423,-0.00011225551572701623,-55.32390397015839,-0.09686220233005007,-0.14069139947884757,-15.349689486494647,79.50478791591074,-23.151702645954042,79.3869523187776,-23.00945489448077
1.2208,-0.09802230566980423,-0.13874255857262968,-15.397357278245662,-0.001692885269463874,-0.0001277498573334704,-55.402788151745895,-0.0017035317611087354,-0.00010348425221048259,-55.35699852876799,-0.09891547367214666,-0.13806735450945581,-15.399013731918245,79.28322008092427,-22.65364968883194,79.16937313663422,-22.510777171450474
1.2216,-0.1000589459907214,-0.1361256793355123,-15.44515700944972,-0.0016878087452528083,-0.00011882278606582767,-55.43206379897899,-0.0016975669655342107,-9.483232298799468e-05,-55.389929553855026,-0.10092882862934707,-0.13543431261386493,-15.447122106022457,79.06647058569749,-22.15839891446708,78.95654983349978,-22.014917480745524
1.2224,-0.10205583115037926,-0.13349994148477304,-15.491718020663676,-0.0016827175912058781,-0.00010998593882155294,-55.461260881721266,-0.0016916127338643637,-8.629740361889299e-05,-55.42269318053169,-0.1029024517360904,-0.1327928058590487,-15.493992269032105,78.8544596366114,-21.665925827781606,78.74840401592988,-21.52185088965783
1.2232,-0.10401314684867705,-0.13086587314650255,-15.537019242246116,-0.001677612610739182,-0.00010123848327033485,-55.49037924894223,-0.0016856706485528727,-7.787715533953658e-05,-55.455285824448914,-0.10483653287852994,-0.13014335912778102,-15.539602800287645,78.64710928573476,-21.17620610633977,78.54485909844294,-21.031552656507266
1.224,-0.10593108403807727,-0.1282239952859127,-15.58104058897242,-0.0016724945891926966,-9.257959092297064e-05,-55.51941875695686,-0.0016797421860040177,-6.956923057721516e-05,-55.487704184021354,-0.10673126712784793,-0.12748649011356478,-15.583933258158584,78.44434338072125,-20.6892156072716,78.34584025455116,-20.543998236728893
1.2248,-0.1078098387589766,-0.12557482170426001,-15.623763017246644,-0.001667364294171754,-8.400843725134257e-05,-55.548379269226956,-0.0016738287179448698,-6.137127829096607e-05,-55.51994524146739,-0.10858685457554479,-0.12482270931856047,-15.626964238265522,78.24608751624154,-20.204930373617866,78.15127436928971,-20.059163288421978
1.2256,-0.10964961197705439,-0.1229188590387003,-15.665168580232054,-0.0016622224758830136,-7.552420180167889e-05,-55.57726065616688,-0.0016679315131078966,-5.3280949118556804e-05,-55.5520062627035,-0.11040350017072263,-0.12215252005445117,-15.668677429671295,78.05226898689948,-19.723326640134044,77.96108999319473,-19.57702367739607
1.2264,-0.1114506094226445,-0.12025660676497059,-15.705240480570147,-0.001657069867464924,-6.712606830126466e-05,-55.60606279495377,-0.00166205173920158,-4.529590031119883e-05,-55.58388479613939,-0.11218141355940954,-0.11947641844613935,-15.70905566870529,77.86281674158198,-19.244380838581126,77.77521729768029,-19.097555481740145
1.2272,-0.11321304143214575,-0.11758855720283715,-15.743963120363869,-0.0016519071853127215,-5.88132247588928e-05,-55.63478556934204,-0.001656190465145871,-3.7413800440143436e-05,-55.615578670425656,-0.11392080892594,-0.11679489343821384,-15.748082990090268,77.6776613391943,-18.768069602536784,77.59358803176804,-18.6207349959466
1.228,-0.1149371227915023,-0.11491519552422236,-15.781322148111157,-0.001646735129398007,-5.058486355925519e-05,-55.66342886948217,-0.0016503486635485866,-2.963233386168374e-05,-55.6470859912112,-0.11562190483642297,-0.11410842680409915,-15.785744675050895,77.4967349057352,-18.294369771754347,77.41613548012448,-18.14653873461572
1.2288000000000001,-0.11662307258178163,-0.11223699976392429,-15.817304502288112,-0.0016415543835829052,-4.2440181551469076e-05,-55.6919925917438,-0.0016445272133985421,-2.194920492951387e-05,-55.67840513697169,-0.11728492408432606,-0.11141749315779974,-15.82202729609573,77.31997109266574,-17.823258396094957,77.24279442236082,-17.674943435764312
1.2296,-0.11827111402686052,-0.10955444083286921,-15.85189845129702,-0.0016363656159288948,-3.4378380132007315e-05,-55.720476638542955,-0.0016387269029510894,-1.4362141945844084e-05,-55.709534753973465,-0.1189100935381854,-0.10872255996817964,-15.856918758180116,77.14730503653047,-17.35471273906182,77.07350109355548,-17.205926063766082
1.2304,-0.11988147434325203,-0.1068679825337974,-15.885093629514571,-0.0016311694790002973,-2.6398665322168994e-05,-55.748880918173434,-0.0016329484327817763,-6.868900844841344e-06,-55.7404737504408,-0.12049764399147528,-0.10602408757567616,-15.890408335977034,76.97867331978748,-16.88871028095657,76.90819314595622,-16.73946381194193
1.2312,-0.12145438459207931,-0.10417808157932439,-15.91688106919749,-0.001625966610162509,-1.850024784034704e-05,-55.777205344642304,-0.0016271924189842095,5.327313957187342e-07,-55.77122128999521,-0.12204781001464318,-0.1033225292113898,-15.922486707004577,76.81401393280875,-16.42522872168371,76.74680961182493,-16.275534104825187
1.232,-0.12299007953321671,-0.10148518761229425,-15.947253228028298,-0.0016207576318750044,-1.0682343169262704e-05,-55.805449837509386,-0.00162145939648866,7.844933616697339e-06,-55.80177678443758,-0.1235608298093305,-0.10061833101846605,-15.953145980384209,76.65326623701127,-15.9642459832232,76.58929086738574,-15.814114600120115
1.2328000000000001,-0.12448879748161548,-0.09878974322834268,-15.976204012111605,-0.0016155431519791462,-2.944171618333388e-06,-55.83361432173085,-0.0016157498224785858,1.5069847613886652e-05,-55.83213988594381,-0.12503694506479668,-0.09791193207568619,-15.982379721031402,76.49637092908137,-15.505740211790183,76.43557859784077,-15.35518319037177
1.2336,-0.12595078016581537,-0.09609218400061462,-16.00372879426103,-0.0016103237639808793,4.715041618589294e-06,-55.861698727506656,-0.001610064079883134,2.2209575546617625e-05,-55.86231047874464,-0.12647640081654823,-0.09520376442321106,-16.010182969110073,76.34327000625736,-15.049689779704114,76.28561576341819,-14.898718004367998
1.2344,-0.12737627258866455,-0.09339293850654086,-16.02982442744894,-0.0016051000473283228,1.2296066409999762e-05,-55.88970299013198,-0.0016044024809245072,2.9266177615385992e-05,-55.89228867035962,-0.1278794453071937,-0.09249425309038183,-16.036552254614627,76.19390673263423,-14.596073286981433,76.13934656641877,-14.444697408286837
1.2352,-0.12876552289024523,-0.0906924283566205,-16.054489253324352,-0.0015998725676843416,1.979966763781125e-05,-55.917627049852534,-0.0015987652707002348,3.6241670003574764e-05,-55.92207478245352,-0.12924632984952483,-0.08978381612552369,-16.06148560697638,76.04822560645817,-14.144869562672085,75.99671641922782,-13.99310000660839
1.236,-0.1301187822130164,-0.0879910682251304,-16.077723105738762,-0.0015946418771941356,2.722660515257655e-05,-55.94547085172362,-0.0015931526307814319,4.313802307705597e-05,-55.951669341382086,-0.13057730869183168,-0.0870728646276731,-16.084982559626635,75.9061723283781,-13.696057665954605,75.85767191326205,-13.543904642804943
1.2368000000000001,-0.13143630456918126,-0.08528926588268401,-16.09952730925524,-0.0015894085147478865,3.4577633732715554e-05,-55.97323434547319,-0.001587564682809365,4.995715983424969e-05,-55.981073068491426,-0.13187263888546175,-0.08436180278015065,-16.10704414948389,75.76769377062251,-13.24961688700363,75.72216078881935,-13.097090399822287
1.2376,-0.1327183467102738,-0.08258742223059008,-16.119904672650954,-0.0015841730062385504,4.185350304754123e-05,-56.00091748536841,-0.001582001492073906,5.670095459809649e-05,-56.01028687023273,-0.1331325801546169,-0.08165102788592861,-16.127672911368787,75.63273794707268,-12.805526747647507,75.5901319058036,-12.652636600368812
1.2384,-0.13396516799897695,-0.07988593133691943,-16.138859477459512,-0.0015789358648148062,4.905495762399368e-05,-56.02852023008627,-0.0015764630710586895,6.337123194060747e-05,-56.039311828151384,-0.13435739476839953,-0.07894093040470186,-16.146872867386662,75.5012539842018,-12.36376700182545,75.46153521529507,-12.210522807021253
1.2392,-0.1351770302831635,-0.07718518047423295,-16.156397461633528,-0.001573697591129256,5.618273681688372e-05,-56.05604254258762,-0.0015709493829391458,6.996976582979751e-05,-56.06814918880563,-0.13554734741509994,-0.07623189399161368,-16.164649511352746,75.37319209285336,-11.924317635860442,75.33632173193992,-11.770728822162168
1.24,-0.1363541977721623,-0.0744855501588967,-16.17252579844221,-0.0015684586735819094,6.323757478252348e-05,-56.083484389995064,-0.0015654603450208407,7.649827898826452e-05,-56.09680035366736,-0.13670270507872695,-0.0735242955375625,-16.181009788369906,75.24850354083084,-11.487158868558472,75.2144435071319,-11.333234687759171
1.2408000000000001,-0.13749693691524997,-0.07178741419191205,-16.187253070751034,-0.0015632195885590054,7.022020045562489e-05,-56.11084574347445,-0.001559995832106859,8.295844245220003e-05,-56.12526686905344,-0.13782373691778185,-0.07081850521101672,-16.195962069702084,75.12714062627276,-11.05227115114434,75.09585360296097,-10.898020684995364
1.2416,-0.13860551628235723,-0.06909113970121623,-16.200589240861255,-0.0015579808006672513,7.713133752928233e-05,-56.13812657811999,-0.0015545556797842595,8.935187531920418e-05,-56.15355041613232,-0.13891071414626383,-0.06811488650129201,-16.20951612311809,75.00905665178816,-10.619635167047823,74.98050606690401,-10.46506733376392
1.2424,-0.13968020644699192,-0.066397087185368,-16.212545616115797,-0.001552742762963504,8.39717044379675e-05,-56.16532687284298,-0.0015491396876208242,9.568014467314767e-05,-56.18165280104747,-0.1399639099169103,-0.06541379626320626,-16.221683078909965,74.894205899328,-10.189231831546682,74.86835590723457,-10.034355392032923
1.2432,-0.1407212798713674,-0.06370561055857625,-16.22313481050408,-0.0015475059171799793,9.074201434336092e-05,-56.19244661026414,-0.00154374762226458,0.00010194476567410273,-56.209575945194636,-0.1409835992066585,-0.06271558476306818,-16.23247539181735,74.78254360576906,-9.761042291279146,74.75935906912785,-9.605865855092121
1.244,-0.14172901079372902,-0.061017057197003066,-16.232370702522193,-0.0015422706939450341,9.744297512291797e-05,-56.21948577660944,-0.0015383792204396803,0.00010814720180140601,-56.23732187568691,-0.1419700587043233,-0.06002059572593201,-16.241906799113547,74.67402593918764,-9.335047923633569,74.65347241143972,-9.179579954689014
1.2448000000000001,-0.14270367511787496,-0.0583317679862756,-16.240268389565294,-0.0015370375129995647,0.00010407528936106763,-56.24644436160957,-0.0015330341918333272,0.0001142888652379862,-56.264892716037465,-0.14292356670048445,-0.057329166384051035,-16.24999227513082,74.56860997580112,-8.91123033602273,74.55065368413744,-8.75547915806096
1.2456,-0.14364555030485338,-0.05565007737016718,-16.24684413914681,-0.0015318067834091146,0.00011063965434288242,-56.273322358402865,-0.0015277122218695116,0.00012037111738417853,-56.292290677086456,-0.1438444029795667,-0.05464162752649005,-16.256747982520693,74.46625367755645,-8.489571365053758,74.45086150636267,-8.333545166873762
1.2464,-0.14455491526683328,-0.052972313400367926,-16.252115337253706,-0.0015265789037717061,0.00011713676205016269,-56.30011976344182,-0.0015224129743662345,0.00012639526948956197,-56.319518048194944,-0.14473284871411007,-0.051958303549817855,-16.26219122056051,74.36691587034505,-8.070053075597642,74.35405534510569,-7.9137599160703465
1.2472,-0.14543205026313163,-0.05029879778730922,-16.256100434157915,-0.0015213542624214886,0.00012356729915978122,-56.326836576403004,-0.0015171360940738768,0.0001323625833915507,-56.346577188725504,-0.1455891863612105,-0.04927951250984127,-16.26634037082939,74.27055622282424,-7.6526577597685375,74.26019549447236,-7.496105572638989
1.248,-0.1462772367983848,-0.04762984595197857,-16.25881888801255,-0.001516133237628246,0.0001299319470441998,-56.353472800100576,-0.001511881209093165,0.00013827427234986193,-56.3734705198259,-0.1464136995611213,-0.046605566174319824,-16.269214840585406,74.17713522582665,-7.237367935818328,74.16924305552526,-7.080564534306406
1.2488000000000001,-0.14709075752285505,-0.044965767078665446,-16.26029110656571,-0.0015109161977928066,0.00013623138177407473,-56.38002844040323,-0.0015066479331719675,0.0001441315019663713,-56.40020051652919,-0.14720667303800358,-0.04393677007659839,-16.270835004181322,74.08661417233863,-6.824166346951767,74.08115991668049,-6.667119428160241
1.2496,-0.14787289613485022,-0.042306864168603846,-16.26053838732681,-0.0015057035016384495,0.00014246627412280586,-56.406503506154664,-0.0015014358678809214,0.00014993539118022406,-56.42676970018079,-0.14796839250280405,-0.0412734235701253,-16.271222142858175,73.99895513803047,-6.413035960071009,73.99590873464365,-6.255753109209641
1.2504,-0.1486239372852483,-0.03965343409443886,-16.259582856518556,-0.0015004954983983162,0.00014863728957298697,-56.43289800909748,-0.0014962446046684376,0.00015568701332861488,-56.453180631200354,-0.14869914455825298,-0.038615819883781446,-16.270398383255202,73.9141209623209,-6.00395996445183,73.91345291586723,-5.8464486588856
1.2512,-0.1493441664841064,-0.037005767655485175,-16.257447407143502,-0.0014952925279989291,0.00015474508832461956,-56.45921196380057,-0.0014910737267963127,0.0001613873972640278,-56.47943590218379,-0.1493992166059578,-0.035964246177989254,-16.26838663497063,73.83207522995937,-5.596921770359593,73.83375659851467,-5.439189383488952
1.252,-0.15003387000933754,-0.03436414963372225,-16.25415563648721,-0.001490094921239845,0.0001607903253050162,-56.48544538759003,-0.0014859228111576265,0.00016703752851928105,-56.50553813134856,-0.15006889675558044,-0.0333189836015447,-16.265210527501026,73.75278225311054,-5.191905007609011,73.75678463491396,-5.0339588125894945
1.2528000000000001,-0.15069333481744124,-0.03172885885047114,-16.24973178337026,-0.0014849029999695008,0.0001667736501803231,-56.51159830048349,-0.0014807914299790664,0.00017263835051221216,-56.531489956323284,-0.15070847373607957,-0.03068030734911761,-16.260894346877844,73.6762070539245,-4.788893524071228,73.68250257448672,-4.630740697379543
1.2536,-0.15132284845626442,-0.029100168223724385,-16.244200665449867,-0.0014797170772573283,0.0001726957073685336,-56.53767072512794,-0.0014756791524102746,0.00017819076578229763,-56.557294028280495,-0.15131823680899545,-0.028048486719391835,-16.25546297230797,73.60231534757924,-4.387871384135493,73.61087664713804,-4.2295190089888965
1.2544,-0.15192269897977914,-0.02647834482606271,-16.23758761685784,-0.0014745374575621602,0.00017855713605395847,-56.5636626867411,-0.00147058554600306,0.0001836956372520887,-56.582953006410236,-0.15189847568376455,-0.025423785173777535,-16.24894181311147,73.53107352577926,-3.9888228671263315,73.54187374709227,-3.830277936761648
1.2552,-0.15249317486485325,-0.023863649943131664,-16.22991842644636,-0.0014693644368970137,0.00018435857020303268,-56.58957421305615,-0.0014655101780837144,0.0001891537895067644,-56.608469552730085,-0.15244948043503798,-0.022806460395670077,-16.24135674623426,73.46244864069799,-3.5917324656829166,73.47546141716236,-3.433001886501454
1.256,-0.15303456492999654,-0.0212563391326288,-16.221219276895923,-0.00146419830299029,0.00019010063858139454,-56.615405334270164,-0.0014604526170218391,0.00019456601008565336,-56.63384632722607,-0.15297154142198643,-0.020196764350204455,-16.23273405459638,73.3964083893492,-3.1965848841032622,73.41160783343845,-3.0376754786874383
1.2568000000000001,-0.15354715825606224,-0.01865666228375172,-16.211516684921662,-0.0014590393354434353,0.00019578396477217797,-56.64115608299588,-0.0014554124333992996,0.00019993305078006072,-56.65908598331785,-0.1534649492095718,-0.01759494334445612,-16.22310036651817,73.33292109837527,-2.803365036655688,73.35028179038362,-2.6442835466629653
1.2576,-0.15403124410888042,-0.01606486367708445,-16.200837442795358,-0.0014538878058851454,0.0002014091671954031,-56.66682649421705,-0.001450389201083137,0.00020525562893215709,-56.68419116364028,-0.1539299944917602,-0.015001238088065383,-16.2124825964476,73.27195570923907,-2.4120580458635437,73.29145268632435,-2.252811134803058
1.2584,-0.1544871118638055,-0.013481182044860783,-16.189208561380404,-0.0014487439781221284,0.00020697685912844093,-56.692416605247445,-0.0014453824982062825,0.00021053442873022842,-56.709164496132686,-0.15436696801665922,-0.012415883754223832,-16.200907887191793,73.21348176380776,-2.0226492407630614,73.23509050932378,-1.8632434966600395
1.2591999999999999,-0.15491505093215244,-0.010905850631584885,-16.176657214857265,-0.0014436081082865172,0.00021248764872743917,-56.71792645569327,-0.0014403919080601128,0.00021577010249594126,-56.73400859042647,-0.15477616051355347,-0.00983911004100261,-16.18840355383556,73.15746939031646,-1.6351241551401015,73.18116582342633,-1.4755660930929069
1.26,-0.155315350689502,-0.00833909725495905,-16.163210687296303,-0.00143848044497995,0.00021794213904966961,-56.743356087419244,-0.0014354170199028424,0.0002209632719597668,-56.758726034521,-0.155157862621818,-0.007271141232972744,-16.174997029509065,73.10388928970026,-1.2494685257466402,73.12964975526221,-1.0897645903811382
1.2608000000000001,-0.15568830040585138,-0.005781144367090286,-16.148896321214874,-0.0014333612294144006,0.0002233409280767115,-56.768705544518276,-0.0014304574296878372,0.00022611452952106875,-56.78331939173718,-0.15551236482168534,-0.004712196263088841,-16.16071581314617,73.05271272228414,-0.8656682905008157,73.08051398100183,-0.7058248583264893
1.2616,-0.15603418917758818,-0.0032322091159330134,-16.133741468235463,-0.0014282506955497832,0.00022868460873842145,-56.79397487328471,-0.0014255127407158817,0.00023122443948977414,-56.80779119793793,-0.15583995736684408,-0.00216248877479326,-16.145587419354644,73.00391149481915,-0.48370958667185365,73.0337307136489,-0.32373296834390886
1.2624,-0.1563533058612636,-0.0006925034069369896,-16.1177734419422,-0.0014231490702283976,0.0002339737689376196,-56.819164122191324,-0.0014205825642154318,0.00023629353930688696,-56.83214395900427,-0.15614093021884465,0.00037777281569013345,-16.129639330499565,72.95745794785569,-0.10357874905268902,72.98927269066253,0.056524808455808026
1.2631999999999999,-0.1566459390091418,0.0018377660351290802,-16.101019473014066,-0.001418056573306265,0.00023920899157542111,-56.844273341869936,-0.0014156665198548446,0.00024132234074144703,-56.856380148555665,-0.15641557298328845,0.002908385256902261,-16.112898951081775,72.91332494344283,0.27473769187701763,72.94711316189863,0.43496200318909223
1.264,-0.1569123768065029,0.004358397604218291,-16.083506666694973,-0.0014129734177813994,0.00024439085457716997,-56.869302585095724,-0.001410764236190475,0.0002463113310618781,-56.880502205903234,-0.15666417484777656,0.005429150399575189,-16.095393564474872,72.87148585314493,0.6512530117966043,72.90722587786101,0.8115919511277072
1.2648000000000001,-0.15715290701067336,0.0068691947509343975,-16.065261962643685,-0.0014078998099190723,0.0002495199309188985,-56.894251906775224,-0.001405875351054494,0.0002512609741799417,-56.90451253422415,-0.1568870245215932,0.007939875133962684,-16.077150292066346,72.83191454636552,1.0259802943958605,72.86958507825352,1.186427793629086
1.2656,-0.15736781689176219,0.009369965920386681,-16.046312097189883,-0.0014028359493741024,0.0002545967886542724,-56.91912136393824,-0.0014009995118861524,0.00025617171176581737,-56.928413498946064,-0.15708441017710087,0.010440371327112483,-16.058196054831658,72.79458537896998,1.3989324332315634,72.83416548082337,1.559482480068344
1.2664,-0.1575573931750777,0.011860524489996398,-16.02668356800772,-0.0013977820293102372,0.0002596219909419563,-56.943911015733384,-0.0013961363760101322,0.0002610439643330721,-56.952207426329984,-0.15725661939282057,0.012930455760106237,-16.038557537354617,72.75947318219752,1.7701221335868746,72.8009422704885,1.9307687697699636
1.2671999999999999,-0.1577219219851997,0.014340688707280254,-16.006402601203764,-0.0013927382365166736,0.0002645960960733363,-56.968620923427615,-0.0013912856108655191,0.00026587813229251726,-56.97589660224046,-0.15740393909817393,0.015409950065292279,-16.018261154292507,72.72655325185508,2.139561914331605,72.76989108873967,2.300299233937232
1.268,-0.15786168879168427,0.016810281627644974,-15.985495120803163,-0.0013877047515217496,0.0002695196575005646,-56.99325115040945,-0.0013864468941887813,0.00027067459697419386,-56.99948327109229,-0.15752665551986136,0.017878680663545664,-15.997333019271275,72.6958013377839,2.5072641097828723,72.74098802330957,2.6680862575791684
1.2688000000000001,-0.15797697835637498,0.019269131052213152,-15.963986720606083,-0.0013826817487038801,0.0002743932238648535,-57.01780176219624,-0.0013816199141540551,0.0002754337216169011,-57.02296963496268,-0.15762505412985192,0.02033647870157519,-15.975798916183523,72.6671936335914,2.873240871563844,72.71420959810152,3.0341420414326965
1.2696,-0.15806807468229714,0.021717069465712755,-15.941902638375417,-0.0013776693963997559,0.0002792173390249865,-57.04227282644532,-0.0013768043694738605,0.000280155852324893,-57.04635785285886,-0.15769941959495934,0.02278317998931014,-15.953684272851214,72.64070676664068,3.2375041704603125,72.68953276336984,3.3984786038799677
1.2704,-0.1581352609641099,0.024153933974451647,-15.919267732307476,-0.0013726678570098706,0.00028399254208598455,-57.066664412969146,-0.0013719999694632834,0.00028484131899151726,-57.069650040130504,-0.1577500357279798,0.02521862493738801,-15.931014137004968,72.61631778828988,3.6000657982733877,72.66693488614489,3.761107782859255
1.2711999999999999,-0.1581788195400907,0.02657956624439809,-15.896106459728722,-0.0013676772871014284,0.0002887193674278747,-57.090976593754455,-0.0013672064340705002,0.00028949043618971786,-57.092848268017605,-0.15777718544036518,0.027642658494763783,-15.907813154523184,72.59400416437475,3.960937369666794,72.64639374089548,4.1220412377679505
1.272,-0.15819903184562895,0.028993812439396704,-15.87244285795418,-0.0013626978375086585,0.0002933983447345238,-57.11520944298548,-0.0013624234938763885,0.00029410350402948426,-57.11595456332397,-0.15778115069640786,0.03005513008647076,-15.884105549866469,72.5737437659267,4.3201303240086695,72.62788750042247,4.481290451357782
1.2728,-0.15819617836820257,0.03139652315953512,-15.848300527237091,-0.0013577296534306024,0.00029802999902247553,-57.139363037071256,-0.001357650890065848,0.0002986808089824184,-57.13897090820738,-0.157762212468911,0.03245589355154761,-15.85991510863656,72.55551486012048,4.6776559272059295,72.61139472697613,4.83886673162028
1.2736,-0.15817053860381367,0.033787553379693976,-15.823702615733774,-0.001352772874526402,0.0003026148506697673,-57.16343745467715,-0.0013528883743732826,0.00030322262467374027,-57.1618992400778,-0.15772065069631996,0.03484480708116451,-15.835265162183097,72.5392961014442,5.033525273531918,72.5968943635914,5.194781213663455
1.2744,-0.15812239101485837,0.03616676238828372,-15.798671806403725,-0.0013478276350081602,0.00030715341544464424,-57.18743277676044,-0.0013481357090046353,0.00030772921264209,-57.18474145159498,-0.15765674424128895,0.0372217331569515,-15.810178574177662,72.52506652308558,5.387749287444029,72.58436572563497,5.549044861576333
1.2752,-0.1580520129894054,0.03853401372620792,-15.773230305761196,-0.0013428940637313863,0.00031164620453416766,-57.21134908661024,-0.0013433926665381468,0.00031220082306764274,-57.207499390757654,-0.15757077085065854,0.039586538489569036,-15.784677729070292,72.5128055285288,5.740338725393488,72.57378849255763,5.901668470283742
1.276,-0.1579596808018604,0.040889175126055596,-15.747399834392235,-0.001337972284283101,0.00031609372457263793,-57.23518646989171,-0.0013386590298059635,0.00031663769546905337,-57.23017486107671,-0.15746300711681885,0.04193909395752267,-15.758784522341593,72.50249288335509,6.091304177624121,72.56514269984686,6.252662667388173
1.2768,-0.15784566957498977,0.04323211845154773,-15.721201619149305,-0.001333062415067643,0.00032049647766980196,-57.25894501469446,-0.0013339345917585503,0.0003210400593698586,-57.252769621825045,-0.15733372844043345,0.04427927454624734,-15.732520352461357,72.49410870724209,6.440656069960504,72.55840873117327,6.602037914999248
1.2776,-0.15771025324328078,0.045562719637261856,-15.694656386934378,-0.0013281645693901944,0.00032485496143881584,-57.28262481158545,-0.0013292191553137401,0.0003254081349350149,-57.27528538835729,-0.15718320899449892,0.04660695928748472,-15.70590611446346,72.48763346615597,6.788404665585838,72.55356731072598,6.949804511551197
1.2784,-0.15755370451761275,0.04788085862863528,-15.667784359981411,-0.0013232788555381171,0.0003291696690238869,-57.30622595366627,-0.0013245125331921906,0.0003297421335782548,-57.297723832492906,-0.1570117216897167,0.04892203119895426,-15.678962195046642,72.48304796473123,7.134560066806606,72.55059949573139,7.295972593605454
1.2792,-0.15737629485121596,0.05018641932228282,-15.640605252548813,-0.0013184053768601034,0.00033344108912759096,-57.32974853663481,-0.0013198145477408187,0.0003340422585410485,-57.320086582956414,-0.1568195381411506,0.051224377224353565,-15.651708469110483,72.48033333883245,7.479132216806407,72.54948666915035,7.640552137640898
1.28,-0.15717829440689307,0.05247928950662792,-15.613138268933719,-0.001313544231843213,0.00033766970603779406,-57.35319265885152,-0.0013151250307457667,0.0003383087054439205,-57.342375225869276,-0.15660692863614717,0.053513888173686824,-15.624164297637062,72.47947104829353,7.822130901386121,72.55021053254893,7.983552961828902
1.2808,-0.156959972025481,0.05475936080286875,-15.585402102720705,-0.001308695514187841,0.00034185599965414745,-57.37655842141007,-0.0013104438232362917,0.00034254166281093816,-57.36459130528758,-0.15637416210349456,0.055790458663942936,-15.596348526829606,72.48044286982902,8.163565750690934,72.55275309913729,8.324984727793822
1.2816,-0.15672159519552603,0.05702652860629973,-15.557414937179443,-0.0013038593128806375,0.0003460004455141312,-57.399845928212805,-0.0013057707752808733,0.0003467413125682063,-57.386736323780816,-0.1561215060837945,0.05805398706014302,-15.568279488421128,72.48323089011302,8.503446240924886,72.55709668697307,8.664856942359581
1.2824,-0.15646343002415342,0.05928069202798546,-15.52919444672769,-0.0012990357122654721,0.0003501035148185726,-57.42305528605059,-0.0013011057457767885,0.0003509078305171736,-57.40881174304672,-0.15584922670102527,0.060304375416755186,-15.539975001068264,72.4878174990208,8.841781696050047,72.56322391232383,9.003178959279683
1.2832,-0.15618574120910267,0.06152175383681982,-15.500757799378185,-0.0012942247921124363,0.00035416567445664004,-57.44618660468745,-0.0012964486022342457,0.0003550413867836269,-57.430818984557774,-0.15555758863527025,0.06254152941950787,-15.511452372747389,72.49418538302903,9.178581289473115,72.57111768318455,9.339959980953232
1.284,-0.15588879201190953,0.06374962040196568,-15.47212166009073,-0.0012894266276849743,0.00035818738703024037,-57.46923999694988,-0.0012917992205561367,0.0003591421462431927,-57.45275943023532,-0.15524685509658917,0.0647653583275983,-15.482728404073052,72.50231751876997,9.513854045716567,72.58076119294624,9.675209060124484
1.2848,-0.15557284423220927,0.06596420163569391,-15.443302194953407,-0.0012846412898051775,0.00036216911087779693,-57.49221557882084,-0.001287157484814365,0.00036321026892420044,-57.47463442314712,-0.15491728780000966,0.06697577491631325,-15.453819392461286,72.51219716673523,9.847608842075212,72.59213791421075,10.008935101566479
1.2856,-0.15523815818313833,0.0681654109366383,-15.414315076119593,-0.0012798688449172648,0.00036611130009737866,-57.51511346953861,-0.0012825232870236137,0.0003672459103887625,-57.49644526822515,-0.15456914694161342,0.06917269542007987,-15.424741137063311,72.52380786512579,10.179854410258848,72.60523159274872,10.341146863749804
1.2864,-0.15488499266781341,0.07035316513346167,-15.385175487430926,-0.0012751093551493485,0.00037001440456911714,-57.537933791700276,-0.0012778965269133933,0.00037124922209287603,-57.51819323299982,-0.15420269117569702,0.07135603947594062,-15.39550894439845,72.53713342384324,10.51059933801844,72.62002624159601,10.671852960493762
1.2872,-0.15451360495686287,0.07252738442896126,-15.35589813065894,-0.0012703628783734785,0.00037387886997690796,-57.560676671370246,-0.0012732771116990673,0.00037522035172640554,-57.53987954834795,-0.15381817759298186,0.0735257300674807,-15.366137634617871,72.55215791861926,10.839852070758516,72.63650613528539,11.001061862602755
1.288,-0.1541242507669906,0.07468799234460766,-15.326497232301746,-0.0012656294682640604,0.00037770513782933203,-57.5833422381934,-0.0012686649558525777,0.0003791594435337322,-57.56150540925134,-0.15341586169985288,0.07568169346920212,-15.336641548334374,72.5688656852793,11.167620913133318,72.65465580420941,11.32878189948551
1.2888,-0.15371718424054887,0.07683491566553198,-15.296986550875198,-0.0012609091743546773,0.0003814936454797722,-57.60593062551327,-0.0012640599808734492,0.0003830666386158794,-57.58307197556342,-0.15299599739860278,0.07782385919135826,-15.307034553956571,72.58724131413665,11.493914030627506,72.67446002911142,11.655021260757822
1.2896,-0.15329265792609803,0.07896808438597544,-15.267379384640964,-0.0012562020420933547,0.00038524482614570266,-57.62844197049496,-0.0012594621150606427,0.0003869420752149095,-57.60458037278156,-0.1525588369686589,0.07995215992526399,-15.277330055468887,72.6072696445137,11.818739451122218,72.69590383570086,11.979787997829934
1.2904,-0.15285092275993345,0.08108743165519434,-15.237688579717695,-0.0012515081128963545,0.00038895910892708694,-57.65087641425308,-0.0012548712932857727,0.0003907858889813319,-57.62603169282272,-0.1521046310487732,0.08206653148907307,-15.24754100060257,72.62893575938695,12.14210506644417,72.71897248938957,12.30309002547597
1.2912,-0.15239222804855568,0.0831928937238457,-15.207926538523985,-0.0012468274242005114,0.0003926369188238856,-57.67323410198448,-0.0012502874567681178,0.0003945982132253017,-57.64742699480052,-0.1516336286201507,0.08416691277404827,-15.217679889345558,72.65222498015201,12.464018633900475,72.74365149014618,12.624935123388358
1.292,-0.15191682145206412,0.08528440989084482,-15.178105228505656,-0.001242160009514195,0.0003962786767526113,-57.69551518310596,-0.0012457105528518597,0.0003983791791523134,-57.668767305801794,-0.15114607699049806,0.08625324569131557,-15.187758782742682,72.6771228615063,12.784487777796818,72.76992656746512,12.9453309377148
1.2928,-0.1514249489684544,0.08736192245070798,-15.148236191102297,-0.0012375058984669454,0.0003998847995619113,-57.717719811396805,-0.0012411405347858982,0.0004021289160841073,-57.690053621660965,-0.15064222177896947,0.08832547511911504,-15.157789311940649,72.70361518644515,13.103519990939933,72.79778367544726,13.264284982578845
1.2936,-0.15091685491879575,0.08942537664139118,-15.118330550911407,-0.0012328651168578158,0.0004034557000471538,-57.739848145146254,-0.001236577361506567,0.00040584755166548893,-57.71128690773067,-0.1501223069019886,0.090383548850559,-15.127782687435046,72.73168796136947,13.421122636125242,72.82720898798948,13.581804641584862
1.2944,-0.15039278193327146,0.09147472059261627,-15.088399025011359,-0.0012282376867025178,0.0004069917869639639,-57.76190034730578,-0.0012320209974235451,0.0004095352120577038,-57.73246809964729,-0.14958657455992855,0.09242741754188936,-15.09774970848013,72.76132741130114,13.737302947607455,72.85818889407989,13.897897169305384
1.2952,-0.14985297093805947,0.09350990527470668,-15.058451932406825,-0.0012236236262793867,0.0004104934650407057,-57.78387658564634,-0.0012274714122091997,0.0004131920221190408,-57.7535981040902,-0.14903526522462573,0.09445703466125457,-15.067700772624306,72.79251997520363,14.05206803255679,72.89070999319625,14.212569692753286
1.296,-0.14929766114303475,0.09553088444792271,-15.028499203563575,-0.0012190229501742556,0.0004139611349898598,-57.80577703292028,-0.0012229285805915979,0.0004168181055732695,-57.77467779953334,-0.14846861762771146,0.09647235643799826,-15.037645885337543,72.82525230140531,14.365424872498618,72.92475909080488,14.525829212836976
1.2968,-0.14872709003027484,0.097537614612307,-14.99855039000165,-0.0012144356693242877,0.0004173951935182738,-57.827601867028086,-0.0012183924821513646,0.0004204135851665168,-57.795708036988536,-0.14788686874973972,0.09847334181246738,-15.007594669699289,72.85951124312233,14.677380324737587,72.96032319395697,14.83768260579923
1.2976,-0.14814149334334517,0.09953005495804901,-14.968614673918562,-0.0012098617910608132,0.00042079603333627073,-57.84935127118985,-0.0012138631011225397,0.0004239785828131801,-57.81668964073926,-0.1472902538100897,0.10045995238635044,-14.97755637611795,72.8952838540787,14.987941123766966,72.99738950698051,15.148136624640905
1.2984,-0.1475411050773509,0.1015081673163579,-14.93870087781676,-0.0012053013191512657,0.00042416404316556307,-57.87102543412147,-0.001209340426197597,0.00042751321973141,-57.83762340906439,-0.14667900625762914,0.10243215237353394,-14.94753989205569,72.93255738422106,15.297113882661243,73.03594542726478,15.457197900527243
1.2992,-0.14692615746973103,0.10347191611086425,-14.9088174741113,-0.0012007542538402449,0.00042749960774597553,-57.89262455021532,-0.001204824450336701,0.0004310176165687297,-57.85851011495099,-0.14605335776211303,0.10438990855149763,-14.917553751734157,72.97131927552559,15.604905094454645,73.07597854113494,15.764872944179533
1.3,-0.14629688099177957,0.10542126830953855,-14.878972594696467,-0.001196220591889798,0.00043080310784092846,-57.914148819725526,-0.0012003151705813242,0.0004344918935182845,-57.87935050679579,-0.1454135382063044,0.10633319021323624,-14.88760614579938,73.01155715789473,15.911321133503359,73.11747661981505,16.07116814725017
1.3008,-0.14565350434087534,0.10735619337713544,-14.849174040451537,-0.001191700326618982,0.000434074920241669,-57.93559844895767,-0.0011958125878722813,0.0004379361704262299,-57.90014530909452,-0.1447597756787966,0.10826196911971638,-14.857704930925724,73.05325884514123,16.216368256832652,73.16042761547645,16.376089783681962
1.3016,-0.14499625443339978,0.1092766632281701,-14.819429290667994,-0.00118719344794275,0.00043731541777023623,-57.95697365046283,-0.0011913167068722252,0.00044135056689074135,-57.92089522311905,-0.1440922964675173,0.11017621945287463,-14.827857639340994,73.0964123310577,16.52005260546964,73.20481965736984,16.679644011052698
1.3024,-0.1443253563983289,0.11118265218041605,-14.789745512382522,-0.0011826999424102748,0.0004405249692811177,-57.978274643235764,-0.0011868275357926623,0.00044473520235308056,-57.94160092758163,-0.14341132505390083,0.1120759177691463,-14.798071488256507,73.14100578556892,16.82238020575983,73.25064104803857,16.981836871903045
1.3032,-0.14364103357147814,0.11307413690894072,-14.760129569601244,-0.001178219793242735,0.0004437039396616047,-57.99950165291733,-0.0011823450862254857,0.00044809019618118284,-57.96226307928614,-0.1427170841077058,0.11396104295354063,-14.768353389187626,73.18702755096513,17.123356970669914,73.2978802596116,17.282674295050352
1.304,-0.1429435074903859,0.11495109640066799,-14.730588032402839,-0.0011737529803706672,0.0004468526898308096,-58.020654912000744,-0.0011778693729790522,0.0004514156677461614,-57.98288231376591,-0.14200979448246573,0.11583157617425145,-14.738709957151883,73.23446613821416,17.422988701075074,73.34652593017316,17.582162096886467
1.3048,-0.14223299788981777,0.1168135119094725,-14.701127185909261,-0.001169299480470952,0.00044997157673733315,-58.04173466004166,-0.0011734004139187927,0.00045471173649213584,-58.00345924590815,-0.14128967521155322,0.1176875008378079,-14.709147519733483,73.28331022335048,17.721281087031542,73.3965668602082,17.880305982660474
1.3056,-0.14150972269787357,0.11866136691181263,-14.671753039114163,-0.0011648592670034914,0.0004530609533555843,-58.06274114387197,-0.0011689382298123285,0.0004579785219997777,-58.02399447056473,-0.14055694350483955,0.11952880254477219,-14.679672126003908,73.33354864393895,18.01823970903553,73.4479920091211,18.177111547747543
1.3064,-0.14077389803268353,0.12049464706288868,-14.642471333560753,-0.0011604323102476842,0.0004561211686807118,-58.08367461781692,-0.0011644828441790937,0.00046121614404391424,-58.044488563149116,-0.13981181474593798,0.12135546904596987,-14.65028955529035,73.38517039561167,18.31387003926652,73.50079049182575,18.472584278901554
1.3072,-0.1400257381996745,0.12231334015334212,-14.613287551861474,-0.0011560185773387469,0.00045915256772217027,-58.10453534391563,-0.0011600342831444,0.000464424722645563,-58.06494208021962,-0.13905450249000814,0.12316749019926976,-14.621005325784115,73.43816462867589,18.608177442817524,73.55495157540575,18.76672955549468
1.308,-0.13926545568939322,0.12411743606648282,-14.584206926053486,-0.001151618032303989,0.00046215549149588843,-58.12532359214451,-0.0011555925752979224,0.0004676043781187104,-58.08535556004884,-0.13828521846211217,0.12496485792689839,-14.591824702982994,73.49252064479134,18.901167178910466,73.6104646758422,19.059552650741512
1.3088,-0.13849326117586916,0.12590692673604933,-14.555234445784674,-0.0011472306360991056,0.00046513027701504395,-58.14603964064362,-0.0011511577515565536,0.00047075523111215383,-58.10572952317919,-0.1375041725561027,0.12674756617329502,-14.562752707962101,73.54822789371514,19.192844402097656,73.66731935480799,19.351058732909078
1.3096,-0.13770936351550175,0.1276818061045058,-14.526374866325737,-0.0011428563466445694,0.00046807725727945334,-58.16668377594547,-0.0011467298450315534,0.00047387740264672064,-58.126064472964885,-0.13671157283402788,0.12851561086351065,-14.533794125468802,73.60527597011256,19.483214163450192,73.7255053165267,19.641252866513568
1.3104,-0.13691396974645928,0.12944207008186245,-14.497632716405287,-0.0011384951188622293,0.0004709967612635531,-58.18725629320615,-0.0011423088908999628,0.0004769710141481242,-58.14636089610006,-0.13590762552604074,0.13026898986213722,-14.504953511838465,73.66365461043209,19.772281411731605,73.78501240469457,19.930140013501962
1.3112,-0.13610728508857017,0.13118771650503405,-14.469012305864917,-0.0011341469047121675,0.0004738891139030041,-58.20775749643845,-0.0011378949262801788,0.00048003618747575913,-58.166619263133555,-0.135092535030795,0.13200770293278102,-14.476235202728052,73.72335368984324,20.060050994559194,73.84583059946378,20.21772503442108
1.312,-0.13528951294369734,0.13291874509772172,-14.440517733132651,-0.0011298116532299344,0.0004767546360799015,-58.22818769874672,-0.0011334879901116566,0.0004830730449476661,-58.18684002897005,-0.13426650391631512,0.1337317516980661,-14.447643320665879,73.78436321923542,20.34652765955128,73.90795001448582,20.504012689572278
1.3128,-0.134460854896579,0.13463515743082233,-14.41215289251339,-0.001125489310564235,0.0004795936446066118,-58.24854722256301,-0.001129088123038644,0.00048608170936192583,-58.20702363335805,-0.13342973292132584,0.13544113960017212,-14.419181782416155,73.84667334227616,20.631716055461297,73.97136089401323,20.789007640152956
1.3136,-0.13362151071611916,0.13633695688336825,-14.383921481295634,-0.0011211798200151527,0.00048240645220825495,-58.2688363998842,-0.0011246953672978636,0.0004890623040147205,-58.22717050136472,-0.1325824209570255,0.13713587186190687,-14.390854306157582,73.9102743325281,20.915620733299733,74.03605361005835,21.072714449385316
1.3144,-0.13277167835712114,0.13802414860398293,-14.355827006674618,-0.0011168831220730203,0.00048519336750382953,-58.2890555725099,-0.0011203097666100926,0.000492014952715261,-58.24728104383779,-0.13172476510929323,0.13881595544830289,-14.362664418476056,73.97515659062184,21.198246147441946,74.10201865960767,21.355137583631233
1.3152,-0.13191155396244267,0.13969673947286687,-14.327872792491899,-0.001112599154458004,0.00048795469498602573,-58.30920509228043,-0.0011159313660755261,0.0004949397797978176,-58.267355657854615,-0.13085696064131114,0.14048139902874693,-14.334615461171738,74.04131064148478,21.47959665672474,74.16924666189067,21.63628141349524
1.316,-0.13104133186556524,0.14135473806429655,-14.300061985792592,-0.0011083278521605234,0.0004906907349997288,-58.329285321314764,-0.0011115602120728616,0.0004978369101310264,-58.287394727158855,-0.12997920099659413,0.14213221293963077,-14.306710597881382,74.10872713162372,21.759676525529493,74.23772835570124,21.916150214914193
1.3168,-0.13016120459356334,0.14299815460964171,-14.272397563201231,-0.001104069147482586,0.000493401783719252,-58.34929663224773,-0.001107196352162017,0.0005007064691246741,-58.30739862258464,-0.12909167780241065,0.1437684091475238,-14.278952820517238,74.17739682645973,22.038489924853028,74.30745459677081,22.19474817023443
1.3176,-0.12927136287045757,0.14462700096090175,-14.244882337117886,-0.0010998229700801213,0.000496088133124334,-58.36923940846625,-0.0011028398349903804,0.0005035485827341395,-58.327367702468734,-0.12819458087358127,0.14539000121286982,-14.251344955523964,74.24731060771511,22.316040933367255,74.37841635519233,22.472079369277363
1.3184,-0.12837199562094523,0.14624129055474652,-14.217518961736602,-0.001095589247006442,0.000498750070974926,-58.389114044343955,-0.001098490710202537,0.000506363377462645,-58.34730231305077,-0.12728809821664744,0.146997004254194,-14.223889669955696,74.31845947084969,22.592333538465507,74.45060471289261,22.748147810391828
1.3192,-0.12746328997449013,0.14784103837707419,-14.190309938888054,-0.0010913679027568944,0.0005013878807848245,-58.40892094547374,-0.001094149028353348,0.0005091509803614981,-58.367202788861874,-0.12637241603439092,0.1485894349128308,-14.196589477375301,74.39083452254667,22.867371637298415,74.52401086115334,23.022957401495653
1.32,-0.1265454312697643,0.1494262609280701,-14.163257623709132,-0.0010871588593148146,0.000504001841794187,-58.42866052889769,-0.0010898148408243278,0.0005119115190284545,-58.38706945310186,-0.1254477187306985,0.15016731131815697,-14.16944674357845,74.46442697824574,23.141159037797316,74.5986260981789,23.296511961104702
1.3208,-0.12561860305942776,0.1509969761877693,-14.136364230141954,-0.0010829620361988927,0.0005065922289409759,-58.44833322333394,-0.0010854881997432216,0.0005146451216043498,-58.406902618005184,-0.12451418891575834,0.15173065305333383,-14.142463692145038,74.53922815972304,23.413699459686264,74.6744418267091,23.56881521935035
1.3216,-0.12468298711523405,0.15255320358212382,-14.109631836265086,-0.0010787773505120113,0.0005091593128314095,-58.46793946939967,-0.0010811691579066798,0.0005173519167681467,-58.42670258519619,-0.12357200741157247,0.1532794811215567,-14.115642409820936,74.61522949271648,23.684996535483588,74.75144955167787,23.839870818986366
1.3224,-0.1237387634334536,0.15409496394955965,-14.083062389460164,-0.0010746047169917009,0.0005117033597094522,-58.48747971982977,-0.0010768577687059833,0.0005200320337304972,-58.446469646033364,-0.12262135325778255,0.15481381791279938,-14.088984851733084,74.69242250459544,23.955053811491123,74.82964087791404,24.109682316383342
1.3232,-0.12278611024059921,0.15562227950803445,-14.056657711416783,-0.0010704440480622563,0.0005142246314254363,-58.506954439690716,-0.0010725540860556865,0.0005226856022259673,-58.466204081943545,-0.12166240371778847,0.15633368717106216,-14.062492846441028,74.77079882207396,24.223874748773838,74.90900750788589,24.378253182513387
1.324,-0.12182520399944768,0.15713517382258047,-14.030419502979129,-0.0010662952538886567,0.0005167233854038721,-58.52636410658846,-0.0010682581643251354,0.0005253127525040162,-58.48590616474564,-0.12069533428515641,0.15783911396210903,-14.036168100828345,74.85035016896582,24.49146272412777,74.98954123948654,24.64558680392315
1.3248,-0.12085621941534476,0.1586336717733343,-14.00434934883755,-0.0010621582424323523,0.0005191998746105283,-58.54570921087038,-0.0010639700582727632,0.0005279136153188427,-58.50557615696458,-0.11972031869030368,0.159330124641695,-14.010012204837189,74.93106836398142,24.757821031037608,75.07123396385987,24.91168648369611
1.3256000000000001,-0.11987932944278111,0.16011779952405353,-13.978448722068483,-0.0010580329195090138,0.0005216543475188755,-58.56499025581996,-0.0010596898229830584,0.0005304883219182028,-58.525214312135574,-0.11873752890744609,0.16080674682428395,-13.984026636049432,75.01294531856468,25.022952880624505,75.15407766326643,25.176555442405334
1.3264,-0.11889470529223464,0.16158758449110647,-13.952718988526303,-0.0010539191888483575,0.0005240870480759675,-58.58420775784389,-0.001055417513806175,0.0005330370040312784,-58.54482087509899,-0.11774713516180609,0.1622690093522417,-13.958212764118084,75.09597303476932,25.286861402582637,75.23806440898763,25.440196819054577
1.3272,-0.11790251643726299,0.16304305531294347,-13.927161411090395,-0.0010498169521560984,0.0005264982156678704,-58.6033622466507,-0.0010511531863000498,0.000535559793855706,-58.564396082285896,-0.11674930593706227,0.16371694226551425,-13.93257185505228,75.18014360317372,25.54954964610685,75.32318635926786,25.70261367201057
1.328,-0.11690293062184115,0.1644842418200349,-13.901777153771304,-0.0010457261091781486,0.0005288880850847363,-58.622454265420046,-0.0010468968961749924,0.0005380568240438253,-58.58394016199487,-0.11574420798303871,0.1651505767717759,-13.907105075359649,75.26544920083334,25.81102058080961,75.4094357572936,25.963808979924533
1.3288,-0.11589611386793475,0.16591117500527755,-13.87656728567916,-0.0010416465577671357,0.000531256886485624,-58.64148437096211,-0.001042648699240651,0.0005405282276882385,-58.60345333465993,-0.11473200632362109,0.16656994521704732,-13.881813496049594,75.35188208926961,26.071277097628382,75.49680492920803,26.223785642643918
1.3296000000000001,-0.11488223048329406,0.1673238869948681,-13.85153278485818,-0.0010375781939513046,0.000533604845363198,-58.66045313386614,-0.0010384086513552742,0.0005429741383067555,-58.622935813110146,-0.11371286426488836,0.16797508105678377,-13.856698096500978,75.43943461249496,26.330322009724178,75.58528628216163,26.482546482115307
1.3304,-0.11386144306946928,0.16872241101963004,-13.826674541990727,-0.0010335209120059092,0.0005359321825084061,-58.67936113863734,-0.0010341768083772136,0.00054539468982678,-58.6423878028209,-0.11268694340345721,0.1693660188274192,-13.831759768198053,75.52809919507257,26.588158053369625,75.6748723023965,26.74009424327689
1.3312,-0.11283391253002825,0.17010678138680194,-13.801993363974375,-0.001029474604527136,0.0005382391139752827,-58.69820898382137,-0.0010299532261185765,0.0005477900165692182,-58.66180950215728,-0.11165440363502308,0.17074279411837334,-13.806999318337942,75.61786834021055,26.844787888829064,75.76555555336452,26.996431594942617
1.332,-0.11179979807897576,0.17147703345227241,-13.777489977375666,-0.0010254391625086497,0.0005405258510459975,-58.71699728211547,-0.0010257379603009712,0.0005501602532319514,-58.68120110260959,-0.11061540316309526,0.17210544354450846,-13.782417473313446,75.70873462788947,27.10021410122868,75.85732867387856,27.251561130676734
1.3328,-0.11075925724936292,0.17283320359326312,-13.753165031763837,-0.0010214144754208184,0.0005427926001962939,-58.735726660465474,-0.001021531066513274,0.0005525055348729411,-58.70056278902135,-0.1095700985079161,0.1734540047190346,-13.758014882074612,75.8006907130224,27.35443920141815,75.95018437629511,27.505485369659286
1.3336000000000001,-0.10971244590207596,0.17417532918145667,-13.729019102928122,-0.0010174004312926625,0.000545039563061471,-58.7543977601477,-0.0010173326001713379,0.0005548259968930214,-58.71989473981004,-0.10851864451555193,0.17478851622686328,-13.733792119372506,75.89372932364716,27.60746562682394,76.0441154447291,27.758206757543746
1.3344,-0.10865951823480309,0.17550344855655872,-13.705052695981932,-0.0010133969167966056,0.0005472669364030447,-58.773011236835075,-0.0010131426164796016,0.000557121775018411,-58.73919712718055,-0.10746119436715598,0.17610901759839517,-13.709749688888778,75.98784325914926,27.859295742293323,76.13911473329858,28.009727667304873
1.3352,-0.10760062679116326,0.1768176010002983,-13.681266248357284,-0.0010094038173360435,0.0005494749120762678,-58.79156776064633,-0.0010089611703945059,0.0005593930052830126,-58.75847011733198,-0.10639789958838651,0.1774155492837488,-13.685888026254243,76.08302538851605,28.109931840930972,76.23517516439996,28.260050400079322
1.336,-0.10653592246999646,0.17811782671085483,-13.657660132692815,-0.0010054210171357933,0.0005516636769986536,-58.81006801617762,-0.0010047883165896843,0.0005616398240105237,-58.777713870657486,-0.10532891005897951,0.17870815262741743,-13.66220750195993,76.17926864861997,28.359376144926653,76.33228972701227,28.509177185997462
1.3368,-0.10546555453480506,0.17940416677771034,-13.634234659618581,-0.001001448399335446,0.0005538334131196833,-58.82851270251544,-0.0010006241094228467,0.0005638623677964085,-58.79692854193778,-0.10425437402246694,0.17998686984335077,-13.638708424163914,76.27656604253119,28.60763080637502,76.43045147502981,28.757110185006812
1.3376000000000001,-0.10438967062333632,0.18067666315692552,-13.610990080440805,-0.000997485846085636,0.0005559842973918739,-58.846902533230306,-0.0009964686029042993,0.0005660607734897695,-58.816114280528325,-0.10317443809602818,0.1812517439904637,-13.615391041396975,76.37491063785905,28.854697908088106,76.52965352562332,29.00385148768861
1.3384,-0.10330841675730576,0.18193535864682683,-13.587926589729811,-0.0009935332386472658,0.0005581165017433765,-58.86523823634988,-0.0009923218506670602,0.0005682351781751405,-58.8352712305403,-0.10208924728047752,0.18250281894855583,-13.592255545170516,76.47429556512063,29.10057946439911,76.6298890576279,29.249403116065398
1.3392,-0.1022219373522462,0.18318029686411147,-13.565044327814,-0.000989590457493664,0.000560230193052306,-58.88352055431105,-0.0009881839059384856,0.000570385719154254,-58.85439953101582,-0.10099894497036994,0.18374013939465006,-13.56930207248956,76.57471401613734,29.345277421959768,76.73115130995839,29.49376702440224
1.34,-0.10113037522748296,0.18441152222035506,-13.542343383183066,-0.0009856573824156994,0.0005623255331229755,-58.90175024388989,-0.000984054821513385,0.0005725125339277909,-58.87349931609725,-0.09990367296422727,0.18496375077973462,-13.546530708274073,76.6761592424575,29.58879366052952,76.83343358005025,29.736945099999623
1.3408,-0.10003387161622544,0.18562907989892294,-13.519823794803305,-0.0009817338926298275,0.000564402678664237,-58.91992807610873,-0.0009799346497285479,0.0005746157601771517,-58.89257071519105,-0.09880357147487448,0.18617369930591002,-13.52394148769147,76.77862455380534,29.831129993757553,76.93672922232648,29.97893916397947
1.3416000000000001,-0.09893256617576626,0.18683301583228276,-13.497485554347737,-0.000977819866889034,0.0005664617812701328,-58.93805483611953,-0.0009758234424386411,0.0005766955357462785,-58.911613853126205,-0.09769877913987723,0.18737003190393664,-13.501534398403187,76.88210331655536,30.07228816995834,77.04103164668938,30.219750972064247
1.3424,-0.09782659699778837,0.18802337667970606,-13.475328608344107,-0.0009739151835966731,0.0005685029874030388,-58.95613132306259,-0.0009717212509934266,0.0005787519986235365,-58.93062885030744,-0.096589433032082,0.18855279621117305,-13.479309382728209,76.98658895223153,30.312269872879362,77.1463343170369,30.459382215348587
1.3432,-0.09671610061876602,0.1892002098053639,-13.453352860243184,-0.0009700197209231172,0.0005705264383795266,-58.974158349900215,-0.0009676281262162504,0.000580785286923695,-58.949615822863414,-0.09547566867024312,0.1897220405499079,-13.457266339726228,77.09207493603103,30.551076722462927,77.25263074980303,30.69783452106484
1.344,-0.09560121203046061,0.19036356325680392,-13.431558172410242,-0.0009661333569251926,0.0005725322703591288,-58.99213674322405,-0.0009635441183837542,0.0005827955388700134,-58.9685748827899,-0.09435762002973952,0.19087781390607406,-13.435405127203184,77.19855479537175,30.78871027560085,77.35991451252146,30.93510945334147
1.3448,-0.0944820646905025,0.19151348574380758,-13.409944368042188,-0.0009622559696683188,0.0005745206143362242,-59.01006734303589,-0.0009594692772067737,0.0005847828927764537,-58.98750613808839,-0.09323541955337149,0.19202016590834264,-13.413725563641776,77.306022108463,31.025172026882483,77.4681792224123,31.171208513954888
1.3456000000000001,-0.093358790533051,0.19265002661762637,-13.38851123301282,-0.0009583874373512636,0.0005764915961352558,-59.02795100250087,-0.0009554036518123598,0.0005867474870300474,-59.00640969289998,-0.09210919816222944,0.19314914680759662,-13.39222743005941,77.41447050289949,31.26046340933725,77.57741854499137,31.406133143075646
1.3464,-0.09223151997953327,0.19377323585058434,-13.367258517648775,-0.0009545276384334382,0.0005784453364094722,-59.04578858767276,-0.0009513472907269064,0.0005886894600734121,-59.02528564763487,-0.09097908526663673,0.1942648074567699,-13.370910471796222,77.52389365427709,31.494585795169943,77.68762619270129,31.6398847200075
1.3472,-0.0911003819494494,0.1948831640160515,-13.346185938438403,-0.0009506764517646038,0.0005803819506434187,-59.06358097719056,-0.0009473002418603178,0.0005906089503874548,-59.04413409909758,-0.0898452087771522,0.1953671992910585,-13.349774400235344,77.63428528483091,31.72754049649085,77.79879592356427,31.87246456392132
1.348,-0.08996550387124466,0.19597986226877664,-13.325293179675972,-0.0009468337567168849,0.0005823015491593685,-59.081329061945944,-0.0009432625524911961,0.0005925060964742547,-59.06295514060802,-0.08870769511563475,0.1964563743084899,-13.32881889445799,77.74563916209475,31.959328766039494,77.91092153985593,32.10387393458259
1.3488,-0.08882701169324163,0.19706338232557752,-13.304579895043428,-0.0009429994333189533,0.0005842042371279031,-59.09903374472107,-0.0009392342692530021,0.0005943810368401477,-59.08174886211838,-0.08756666922636244,0.1975323850508496,-13.308043602835467,77.85794909758118,32.189951797902566,78.0239968867996,32.33411403307297
1.3496000000000001,-0.0876850298946242,0.19813377644638722,-13.284045709131775,-0.0009391733623922152,0.0005860901145828484,-59.116695939796415,-0.0009352154381211428,0.0005962339099790256,-59.10051535032639,-0.08642225458719774,0.19859528458496414,-13.287448144560301,77.97120894548281,32.419410728226886,78.13801585128127,32.56318600250711
1.3504,-0.08653968149647609,0.19919109741564428,-13.263690218904358,-0.0009353554256888732,0.0005879592764407453,-59.134316572528164,-0.0009312061044009718,0.0005980648543558483,-59.11925468878458,-0.08527457322080219,0.1996451264843267,-13.267032111118757,78.08541260139285,32.647706635925836,78.25297236058383,32.791090928742875
1.3512,-0.08539108807286011,0.20023539852403152,-13.243512995103938,-0.0009315455060316492,0.0005898118125250676,-59.15189657889509,-0.0009272063127166422,0.0005998740083903898,-59.13796695800605,-0.08412374570588685,0.20068196481107167,-13.246795067706604,78.2005540010462,32.874840543381566,78.36886038114105,33.01782984108724
1.352,-0.0842393697619418,0.20126673355055155,-13.223513583605621,-0.000927743487455007,0.0005916478075953544,-59.169436905014415,-0.0009232161070007975,0.0006016615104412193,-59.15665223556659,-0.08296989118850118,0.20170585409828498,-13.226736554590326,78.3166271190793,33.10081341714118,78.48567391731044,33.24340371299637
1.3528,-0.0830846452771494,0.2022851567449375,-13.203691506717563,-0.0009239492553476585,0.0005934673413814411,-59.18693850662696,-0.0009192355304850638,0.0006034274987899203,-59.17531059620352,-0.08181312739335404,0.20271684933264858,-13.206856088415632,78.43362596780896,33.325626168608096,78.60340701016469,33.46781346277061
1.3536000000000001,-0.08192703191836326,0.20329072281039715,-13.184046264431192,-0.0009201626965961228,0.0005952704886229683,-59.204402348551106,-0.0009152646256912957,0.0006051721116255664,-59.193942111911156,-0.08065357063515854,0.20371500593741873,-13.187153163465059,78.55154459603001,33.54927965472874,78.7220537363016,33.69105995424527
1.3544,-0.0807666455831381,0.20428348688667922,-13.164577335622978,-0.0009163836997291344,0.0005970573191143122,-59.22182940410601,-0.0009113034344235752,0.0006068954870294433,-59.21254685203305,-0.07949133583000528,0.2047003797557245,-13.167627252866687,78.67037708783077,33.77177467867385,78.84160820667145,33.91314399747549
1.3552,-0.07960360077794504,0.20526350453346617,-13.145284179209186,-0.0009126121550626222,0.0005988278977551054,-59.23922065450397,-0.0009073519977609018,0.0006085977629600368,-59.231124883351285,-0.07832653650674969,0.20567302703419266,-13.148277809755509,78.79011756142647,33.993111990515814,78.96206456542245,34.134066349417594
1.356,-0.0784380106294372,0.20623083171408116,-13.126166235255585,-0.0009088479548450237,0.0006005822846064771,-59.25657708821224,-0.0009034103560505704,0.0006102790772382769,-59.249676270172635,-0.07715928481841906,0.20663300440688598,-13.129104268389309,78.91076016801017,34.213292287900835,79.08341698876292,34.35382771460513
1.3568,-0.07726998689573161,0.20718552477950888,-13.107222926043573,-0.0009050909934026559,0.0006023205349531415,-59.273899700284794,-0.0008994785489022006,0.0006119395675330496,-59.268201074411955,-0.07598969155363085,0.2075803688795535,-13.110106045220682,79.03229909062058,34.43231621671681,79.20565968384051,34.57242874582056
1.3576000000000001,-0.07609963997770171,0.20812764045272766,-13.088453657094298,-0.0009013411672848471,0.0006040426993714614,-59.29118949166424,-0.0008955566151823783,0.0006135793713469806,-59.286699355672745,-0.07481786614801662,0.20851517781419265,-13.091282539926617,79.15472854302692,34.650184371757405,79.32878688763803,34.78987004476331
1.3584,-0.07492707893028355,0.20905723581334257,-13.06985781815241,-0.0008975983754085548,0.0006057488238035681,-59.30844746845455,-0.0008916445930099132,0.0006151986260024834,-59.305171171325,-0.0736439166956556,0.20943748891390937,-13.072633136397489,79.27804276862992,34.866897297381016,79.45279286588526,35.00615216271267
1.3592,-0.07375241147378368,0.2099743682825224,-13.051434784130759,-0.0008938625192021405,0.000607438949637643,-59.32567464116535,-0.0008877425197516526,0.0006167974686280854,-59.3236165765805,-0.072467949960505,0.21034736020808287,-13.054157203686618,79.40223603937933,35.08245548816668,79.57767191198698,35.22127560118763
1.36,-0.07257574400519252,0.21087909560823054,-13.033183916017613,-0.0008901335027480011,0.0006091131137944165,-59.34287202392835,-0.0008838504320188552,0.0006183760361450245,-59.342035624565554,-0.07129007138783214,0.21124485003782204,-13.035854096922069,79.52730265470687,35.296859389565306,79.70341834596631,35.43524081260222
1.3608,-0.0713971816094983,0.2117714758507482,-13.015104561747656,-0.0008864112329237261,0.000610771348819941,-59.36004063368689,-0.000879968365664094,0.0006199344652541184,-59.360428366391325,-0.07011038511564156,0.21213001704171283,-13.017723158182,79.65323694047483,35.51010939854727,79.83002651342353,35.64804820091697
1.3616000000000001,-0.07021682807099325,0.21265156736848706,-12.997196057038149,-0.0008826956195414317,0.0006124136829846802,-59.37718148935965,-0.0008760963557786493,0.0006214728924229138,-59.3787948512218,-0.06892899398609155,0.213002920141855,-12.99976371733483,79.78003324794011,35.722205864246746,79.9574907845098,35.85969812228735
1.3624,-0.06903478588457865,0.21351942880408256,-12.979457726191548,-0.0008789865754849555,0.000614040140388912,-59.394295610979384,-0.0008722344366904038,0.0006229914538731042,-59.397135126339464,-0.06774599955690429,0.21386361853017682,-12.981975092845682,79.90768595273292,35.93314908860155,80.08580555291574,36.07019088570776
1.3632,-0.06785115626705578,0.21437511907077028,-12.96188888286573,-0.000875284016844533,0.0006156507410744618,-59.411384018808214,-0.000868382641962181,0.0006244902855682279,-59.41544923720885,-0.06656150211275814,0.21471217165503248,-12.964356592550155,80.03618945385031,36.14293932699056,80.21496523487458,36.27952675365296
1.3639999999999999,-0.06666603916840738,0.21521869733903498,-12.944488830813164,-0.0008715878630486271,0.0006172455011427249,-59.428447732430456,-0.0008645410043905397,0.0006259695232016349,-59.43373722753789,-0.06537560067666678,0.21554863920807013,-12.94690751439682,80.16553817266413,36.35157678886698,80.34496426817925,36.48770594271546
1.3648,-0.06547953328306338,0.21605022302353272,-12.92725686459001,-0.000867898036992534,0.0006188244328789403,-59.445487769824716,-0.0008607095560049846,0.0006274293021847296,-59.45199913933722,-0.06418839302133779,0.21637308111137202,-12.929627147159453,80.29572655194299,36.55906163838872,80.4757971112137,36.6947286242401
1.3656000000000001,-0.06429173606114978,0.2168697557702788,-12.91019227023645,-0.0008642144651634179,0.0006203875448826456,-59.462505146416504,-0.0008568883280675851,0.000628869757635483,-59.47023501297757,-0.06299997568051126,0.21718555750485935,-12.912514771120229,80.42674905488826,36.76539399504537,80.60745824199778,36.90059492495531
1.3664,-0.06310274371971607,0.2176773554441011,-12.893294325929133,-0.0008605370777614016,0.000621934842204224,-59.479500874113256,-0.0008530773510729762,0.0006302910243672183,-59.48844488724514,-0.061810443960272764,0.21798612873395962,-12.895569658724913,80.55860016418362,36.97057393428249,80.73994215724568,37.10530492760143
1.3672,-0.061912651253940104,0.21847308211635205,-12.876562302606882,-0.0008568658088163523,0.0006234663264874303,-59.49647596032334,-0.0008492766547487286,0.0006316932368776618,-59.50662879939522,-0.060619891950340205,0.21877485533753277,-12.878791075211067,80.69127438105821,37.174601488122875,80.87324337143765,37.308858671556365
1.3679999999999999,-0.06072155244830971,0.21925699605287566,-12.859995464570673,-0.0008532005963000142,0.0006249819961177583,-59.51343140696093,-0.0008454862680560772,0.0006330765293382631,-59.524786785204,-0.0594284125353233,0.21955179803604957,-12.86217827921039,80.82476622436272,37.37747664578477,81.00735641590477,37.51125615345807
1.3688,-0.059529539887775304,0.2200291577022269,-12.843593070058777,-0.0008495413822331131,0.0006264818463764926,-59.53036820943876,-0.0008417062191909789,0.0006344410355837781,-59.54291887901854,-0.05823609740595114,0.2203170177200218,-12.845730523326012,80.95907022965864,37.57919935429759,81.14227583792625,37.712497327824615
1.3696000000000002,-0.05833670496887488,0.22078962768413857,-12.827354371798048,-0.0008458881127870975,0.0006279658696002615,-59.547287355650596,-0.0008379365355854976,0.0006357868891021147,-59.56102511380523,-0.05704303707026794,0.22107057543867706,-12.829447054685822,81.09418094831987,37.77976951911487,81.27799619983965,37.91258210767139
1.3704,-0.05714313791082558,0.22153846677823252,-12.81127861753224,-0.0008422407383801539,0.0006294340553458838,-59.5641898249458,-0.0008341772439094912,0.0006371142230244397,-59.579105521196524,-0.05584932086479224,0.22181253238887758,-12.813327115472639,81.23009294664746,37.97918700472483,81.41451207816331,38.11151036512622
1.3712,-0.05594892776658187,0.2222757359129718,-12.795365050528192,-0.0008385992137671689,0.0006308863905602852,-59.58107658709798,-0.0008304283700725882,0.0006384231701155436,-59.597160131536164,-0.05465503696563921,0.22254294990427717,-12.79736994343211,81.36680080499623,38.17745163525864,81.55181806273117,38.30928193204198
1.3719999999999999,-0.05475416243385969,0.2230014961548479,-12.77961291006076,-0.0008349634981233133,0.0006323228597552236,-59.59794860127004,-0.0008266899392264486,0.0006397138627644577,-59.6151889739229,-0.053460272399605636,0.2232618894447126,-12.781574772359237,81.50429911691349,38.374563195096044,81.68990875583918,38.50589660060661
1.3728,-0.053558928666121566,0.22371580869780264,-12.764021431877248,-0.0008313335551209183,0.0006337434451865572,-59.61480681497804,-0.0008229619757672841,0.0006409864329753266,-59.6331920762527,-0.05226511305521245,0.22396941258582653,-12.76594083256426,81.64258248828997,38.57052142946907,81.8287787714039,38.701354123951404
1.3736000000000002,-0.052363312083523864,0.2244187348528769,-12.748589848642187,-0.000827709352999358,0.0006351481270377498,-59.63165216305609,-0.0008192445033386359,0.0006422410123585262,-59.651169465259606,-0.051069643693706424,0.2246655810089176,-12.750467351318754,81.7816455365222,38.765326045063226,81.96842273413249,38.895654216756824
1.3744,-0.05116739718382157,0.22511033603808797,-12.733317390363085,-0.0008240908646276315,0.0006365368836073062,-59.64848556662492,-0.0008155375448343848,0.0006434777321220314,-59.66912116655518,-0.04987394796001612,0.22535045649101476,-12.735153553282622,81.92148288968653,38.9589767106172,82.10883527870409,39.08879655585654
1.3752,-0.04997126735323024,0.22579067376852688,-12.718203284798005,-0.0008204780675593819,0.0006379096914997866,-59.665307932066476,-0.0008118411224019913,0.0006446967230630267,-59.68704720466669,-0.048678108393661886,0.2260241008951722,-12.719998660912733,82.06208918572467,39.15147305752027,82.25001104896286,39.28078078083965
1.376,-0.04877500487724515,0.226459809646675,-12.703246757845545,-0.0008168709440801031,0.0006392665258200474,-59.68212015000711,-0.000808155257445955,0.0006458981155597543,-59.70494760307402,-0.04748220643962011,0.22668657616098012,-12.705001894853947,82.20345907164021,39.34281468040794,82.39194469712159,39.47160649465087
1.3768,-0.04757869095141295,0.22711780535293524,-12.688447033917996,-0.0008132694812462863,0.0006406073603703328,-59.69892309431182,-0.0008044799706314743,0.0006470820395636009,-59.722822384245234,-0.046286322459137136,0.2273379442952893,-12.690162474313135,82.34558720270633,39.5330011377558,82.5346308829765,39.66127326418909
1.3776,-0.04638240569205787,0.2277647226363747,-12.673803336298215,-0.0008096736709163085,0.0006419321678498124,-59.71571762109228,-0.0008008152818883083,0.000648248624591418,-59.740671569671164,-0.04509053574049461,0.2279782673631444,-12.675479617416892,82.48846824168407,39.72203195247162,82.67806427313278,39.849780620904184
1.3784,-0.04518622814695552,0.22840062330567698,-12.659314887480896,-0.0008060835097728486,0.0006432409200561667,-59.73250456773097,-0.0007971612104148097,0.0006493979997180737,-59.75849517989864,-0.04389492450971975,0.22860760747892567,-12.6609525415535,82.63209685805195,39.90990661248634,82.8222395402409,40.0371280613927
1.3792,-0.043990236305961064,0.2290255692202964,-12.644980909498857,-0.0008024989993366938,0.0006445335880887809,-59.74928475192413,-0.0007935177746821477,0.0006505302935692277,-59.77629323456274,-0.04269956594124739,0.22922602679769077,-12.646580463699856,82.77646772724533,40.09662457134272,82.96715136224289,40.223315047991356
1.38,-0.04279450711158151,0.22963962228181678,-12.630800624234809,-0.0007989201459717628,0.0006458101425531163,-59.766058970746116,-0.0007898849924386828,0.0006516456343143353,-59.79406575241795,-0.041504536168522975,0.22983358750671865,-12.6323626007338,82.92157552990687,40.28218524878351,83.11279442162979,40.40834100937003
1.3808,-0.04159911646949785,0.2302428444255058,-12.616773253719305,-0.0007953469608812495,0.0006470705537658027,-59.78282799973739,-0.0007862628807145043,0.0006527441496598672,-59.81181275136821,-0.04030991029455336,0.23043035181724777,-12.618298169732542,83.06741495114704,40.466588031337665,83.25916340470843,40.592205341122714
1.3816,-0.040404139259033696,0.2308352976120649,-12.602898020415317,-0.0007917794600947951,0.0006483147919599874,-59.799592592018946,-0.0007826514558261178,0.0006538259668427466,-59.82953424849608,-0.0391157624024011,0.2310163819564076,-12.604386388257636,83.21398067981426,40.6498322729052,83.40625300087873,40.77490740635755
1.3824,-0.039209649343565314,0.23141704381957215,-12.589174147489903,-0.0007882176644466079,0.0006495428274904833,-59.81635347743533,-0.00077905073338126,0.0006548912126240041,-59.84723026009084,-0.03792216556561762,0.23159174015934114,-12.590626474627015,83.36126740777611,40.83191729534179,83.5540579019209,40.956446536285924
1.3832,-0.0380157195808802,0.23198814503561085,-12.575600859073628,-0.0007846615995445278,0.0006507546310382181,-59.83311136172874,-0.0007754607282838587,0.0006559400132826354,-59.864900801675674,-0.03672919185862294,0.2321564886615117,-12.577017648174657,83.50926982920923,41.01284238904102,83.7025728012923,41.13682203081009
1.384,-0.0368224218334737,0.23254866324958592,-12.562177380508025,-0.0007811112957300003,0.0006519501738135283,-59.84986692574657,-0.0007718814547391028,0.0006569724946096721,-59.88254588803403,-0.03553691236702037,0.2327106896911947,-12.563559129498296,83.65798263989976,41.19260681351662,83.8517923934341,41.31603315911019
1.3848,-0.03562982697879054,0.233098660445221,-12.54890293858168,-0.0007775667880290071,0.0006531294277577911,-59.86662082468423,-0.0007683129262586348,0.0006579887819024509,-59.90016553323498,-0.034345397197854365,0.23325440546214932,-12.550250140695645,83.80740053655323,41.37120979798337,84.0017113730875,41.49407916023021
1.3856,-0.0344380049194071,0.23363819859323426,-12.535776761755354,-0.0007740281160940016,0.0006542923657429273,-59.88337368736596,-0.000764755155665854,0.0006589889999590841,-59.91775975065779,-0.03315471548980642,0.23378769816646594,-12.537089905589639,83.95751821611361,41.548650541936915,84.15232443461912,41.670959243662885
1.3864,-0.0332470245931504,0.23416733964419187,-12.522798080376509,-0.0007704953241369241,0.0006554389617682853,-59.90012611556508,-0.0007612081551013098,0.0006599732730731272,-59.935328553015744,-0.03196493542332571,0.23431062996758978,-12.524077649943033,84.10833037509227,41.724928215733385,84.30362627135635,41.84667258993443
1.3872,-0.03205695398316097,0.2346861455215321,-12.509966126883755,-0.0007669684608534335,0.0006565691911544262,-59.91687868336583,-0.0007576719360282039,0.0006609417250284368,-59.952871952379056,-0.03077612423070124,0.23482326299351355,-12.511212601662837,84.25983170890574,41.90004196116761,84.45561157493111,42.02121835118785
1.388,-0.0308678601278891,0.23519467811476208,-12.497280136001505,-0.0007634475793384761,0.0006576830307333446,-59.933631936568716,-0.0007541465092379677,0.0006618944790942198,-59.97038996019708,-0.02958834820606546,0.23532565933013974,-12.49849399099496,84.41201691122303,42.07399089205125,84.60827503463359,42.19459565176633
1.3888,-0.029679809131031826,0.23569299927281945,-12.484739344925277,-0.0007599327369933836,0.000658780459034649,-59.95038639214076,-0.0007506318848559306,0.0006628316580202682,-59.98788258731985,-0.0284016727153363,0.23581788101480705,-12.485921050709436,84.56488067332181,42.24677409479006,84.76161133677448,42.3668035887956
1.3896,-0.028492866171406672,0.23618117079759884,-12.472342993498033,-0.000756423995424702,0.0006598614564672586,-59.96714253771228,-0.0007471280723470638,0.0006637533840323724,-60.00534984401873,-0.027216162206094203,0.23629999002997895,-12.473493016276649,84.71841768345358,42.41839062896054,84.91561516405596,42.537841232765814
1.3904,-0.027307095512758194,0.23665925443764088,-12.460090324377802,-0.0007529214203349661,0.0006609260054961666,-59.98390083112167,-0.0007436350805217863,0.0006646597788279221,-60.02279174000655,-0.02603188021738979,0.23677204829709309,-12.461209126034799,84.87262262621782,42.58883952788653,85.07028119495253,42.70770762811354
1.3912,-0.026122560513505002,0.23712731188197775,-12.447980583197056,-0.0007494250814057067,0.0006619740908138415,-60.00066170000931,-0.0007401529175418497,0.0006655509635716732,-60.04020828445697,-0.024848889389490147,0.237234117670565,-12.449068621349124,85.0274901819448,42.758119799214924,85.22560410309922,42.87640179380259
1.392,-0.024939323636416547,0.23758540475413614,-12.436013018714071,-0.0007459350521729477,0.0006630056995058578,-60.01742554146168,-0.0007366815909262685,0.000666427058891693,-60.05759948602332,-0.02366725147355309,0.23768625993194795,-12.437070746763023,85.1830150260873,42.926230425491504,85.38157855668973,43.043922723905325
1.3928,-0.023757446458227586,0.23803359460629267,-12.424186882956619,-0.000742451409895526,0.0006640208212103551,-60.03419272170667,-0.0007332211075573154,0.0006672881848754748,-60.0749653528566,-0.02248702734123724,0.23812853678424228,-12.425214750141517,85.33919182862081,43.09317036473634,85.53819921788254,43.21026938818331
1.3936,-0.022576989679186477,0.23847194291357873,-12.412501431358328,-0.0007389742354165628,0.000665019448270954,-60.05096357586085,-0.0007297714736865658,0.0006681344610662131,-60.09230589262309,-0.021308276994244,0.23856100984635334,-12.413499882807324,85.49601525345204,43.25893855101864,85.69546074221526,43.375440732667634
1.3944,-0.021398013132533346,0.23890051106853497,-12.4009559228879,-0.0007355036130184292,0.0006660015758827733,-60.06773840772918,-0.000726332694940979,0.0006689660064592483,-60.109621112521324,-0.02013105957378804,0.23898374064769604,-12.401925399669807,85.65347995783664,43.423533895032286,85.8533577780285,43.539435680239805
1.3952,-0.020220575793916094,0.23931936037570856,-12.38954962017161,-0.0007320396302716187,0.0006669672022312154,-60.08451748965768,-0.0007229047763290336,0.0006697829394986645,-60.12691101929839,-0.018955433370003612,0.23939679062294106,-12.390490559347118,85.81158059180417,43.5869552846703,86.01188496589673,43.702253131211656
1.396,-0.019044735790733933,0.23972855204639468,-12.378281789609229,-0.0007285823778778848,0.0006679163286232143,-60.10130106243935,-0.0007194877222468864,0.0006705853780740488,-60.14417561926585,-0.017781455831276948,0.23980022110690288,-12.379194624281794,85.97031179759267,43.74920158560013,86.1710369380687,43.863891963906156
1.3968,-0.01787055041141615,0.24012814719351697,-12.367151701483678,-0.0007251319495080958,0.000668848959610661,-60.118089335273275,-0.0007160815364845739,0.0006713734395173994,-60.16141491831504,-0.016609183573512244,0.24019409332956507,-12.368036860850061,86.12966820909058,43.91027164183853,86.33080831791541,44.024351035237665
1.3976,-0.01669807611463263,0.24051820682664496,-12.356158630064712,-0.0007216884416352209,0.0006697651031057515,-60.13488248577704,-0.0007126862222322404,0.0006721472406001867,-60.17862892193178,-0.015438672389327926,0.24057846841124061,-12.3570165394651,86.2896444512869,44.07016427632631,86.4911937193862,44.18362918129239
1.3984,-0.015527368538432453,0.24089879184714788,-12.345301853706767,-0.0007182519533628889,0.0006706647704880326,-60.15168066005198,-0.0007093017820863835,0.0006729068975305603,-60.19581763521085,-0.014269977257179359,0.24095340735786624,-12.346132934674516,86.45023513973014,44.22887829150397,86.65218774647359,44.34172521790932
1.3992,-0.01435848250931841,0.24126996304347872,-12.33458065494132,-0.0007148225862500044,0.0006715479767029356,-60.16848397280097,-0.0007059282180561344,0.000673652525950698,-60.21298106286969,-0.013103152350416257,0.241318971056426,-12.335385325252272,86.61143487999465,44.38641246988658,86.81378499268543,44.49863794126089
1.4,-0.013191472051247505,0.24163178108659036,-12.32399432056388,-0.0007114004441318545,0.000672414740351641,-60.18529250749825,-0.0007025655315695427,0.000674384240934301,-60.23011920926181,-0.011938251046264432,0.24167522027050417,-12.324772994285238,86.77323826715518,44.54276557463969,86.97598004052576,44.65436612843439
1.4008,-0.01202639039456525,0.24198430652547795,-12.313542141715896,-0.0007079856329382168,0.0006732650837721191,-60.202106316610234,-0.0006992137234798836,0.0006751021569842203,-60.2472320783898,-0.010775325934740156,0.2420222156359628,-12.314295229254661,86.93563988526965,44.69793635015506,87.13876746098317,44.80890853801331
1.4016,-0.010863289984870312,0.2423275997828467,-12.303223413961765,-0.0007045782605089322,0.0006740990331112424,-60.218925421866835,-0.0006958727940719791,0.0006758063880302234,-60.26431967391766,-0.009614428827493447,0.24236001765674298,-12.303951322112702,87.09863430686933,44.8519235226267,87.3021418130271,44.96226391065902
1.4024,-0.00970222249180613,0.24266172115090348,-12.293037437361123,-0.0007011784364074297,0.0006749166183878882,-60.235749814581816,-0.0006925427430685151,0.0006764970474268905,-60.281381999183104,-0.008455610766577106,0.24268868670078741,-12.293740569354267,87.2622160924575,45.00472580062773,87.4660976431125,45.11443096969321
1.4032,-0.008543238817787398,0.24298673078726782,-12.28298351653664,-0.000697786271732704,0.0006757178735469767,-60.25257945602128,-0.0006892235696363803,0.0006771742479516421,-60.29841905720902,-0.00729892203314932,0.24300828299608135,-12.283662272084294,87.4263797900152,45.15634187568699,87.6306294846916,45.265408421680306
1.404,-0.007386389106651597,0.24330268871100236,-12.273060960737476,-0.0006944018789302196,0.0006765028365044258,-60.269414277818846,-0.0006859152723929938,0.0006778381018028907,-60.31543085071492,-0.006144412156100195,0.24331886662681051,-12.273715736080732,87.59111993451553,45.30677042286672,87.79573185773411,45.415194957010755
1.4048,-0.006231722752243561,0.24360965479875887,-12.263269083898582,-0.0006910253716022383,0.000677271549183032,-60.28625418243598,-0.0006826178494126415,0.0006784887205983192,-60.33241738212777,-0.004992129920610085,0.24362049752963305,-12.263900271853338,87.75643104744518,45.45601010134036,87.96139926825481,45.56378925048452
1.4056,-0.005079288406929744,0.2439076887810384,-12.25360720469606,-0.0006876568643180503,0.0006780240575393103,-60.303099043665995,-0.0006793312982328075,0.0006791262153732774,-60.34937865359255,-0.0038421233766365148,0.24391323549006308,-12.254215194698514,87.9223076363335,45.604059554970895,88.12762620784893,45.71118996189515
1.4064,-0.003929133990038904,0.2441968502385637,-12.244074646598634,-0.0006842964724245704,0.0006787604115813682,-60.319948707180004,-0.0006760556158604981,0.0006797506965792996,-60.36631466698252,-0.0026944398473264897,0.24419714013896593,-12.24465982475027,88.08874419429007,45.75091741289012,88.29440715323547,45.85739573661479
1.4072,-0.0027813066962372422,0.2444771985987604,-12.23467073791554,-0.0006809443118577937,0.0006794806653778982,-60.33680299111286,-0.0006727907987785637,0.0006803622740827365,-60.38322542390891,-0.0015491259373621173,0.2444722709491592,-12.235233487027584,88.25573519954871,45.89658229007792,88.46173656580753,46.002405206179226
1.408,-0.001635853003828297,0.24474879313234735,-12.22539481184086,-0.0006776004989555335,0.0006801848770584208,-60.353661686687445,-0.0006695368429520049,0.0006809610571635022,-60.40011092573066,-0.0004062275412300311,0.2447386872321212,-12.225935511478202,88.42327511502022,46.04105278794288,88.62960889119128,46.14621698887416
1.4088,-0.0004928186829856642,0.24501169295003095,-12.216246206494517,-0.0006742651502719185,0.0006808731088049172,-60.37052455887497,-0.0006662937438342715,0.000681547154513929,-60.41697117356344,0.0007342101485773388,0.24499644813480284,-12.216765233019096,88.59135838785197,46.18432749490302,88.79801855881153,46.28882969032181
1.4096,0.0006477511960847002,0.24526595699930406,-12.20722426496003,-0.0006709383823940624,0.0006815454268350315,-60.38739134708947,-0.00066306149637355,0.0006821206742377323,-60.43380616828866,0.0018721426334318985,0.24524561263654032,-12.207721991573697,88.75997944899513,46.32640498696737,88.96695998146534,46.430241904068225
1.4104,0.0017858122550556742,0.24551164406134637,-12.198328335319221,-0.0006676203117613209,0.0006822019013770354,-60.40426176591425,-0.0006598400950190254,0.0006826817238490828,-60.45061591056201,0.003007526100514389,0.24548623954606943,-12.198805132106028,88.9291327127798,46.46728382831863,89.13642755490346,46.5704522121717
1.4112,0.0029213207994557263,0.24574881274802396,-12.189557770683932,-0.0006643110544875548,0.0006828426066367762,-60.42113550585806,-0.0006566295337271398,0.0006832304102717779,-60.46740040082178,0.004140317414825336,0.24571838749863575,-12.190014004651895,89.09881257649707,46.60696257189599,89.30641565741857,46.70945918579139
1.412,0.004054233810720537,0.24597752149898708,-12.18091192922493,-0.0006610107261867566,0.0006834676207568516,-60.438012234138725,-0.0006534298059678183,0.0006837668398385183,-60.484159639296905,0.005270474111271736,0.24594211495320245,-12.181347964347227,89.26901341998911,46.745439759979355,89.47691864944186,46.84726138577734
1.4128,0.005184508938311669,0.24619782857886355,-12.17239017419809,-0.0006577194418024274,0.0006840770257682655,-60.45489159549198,-0.0006502409047306825,0.000684291118290281,-60.5008936260147,0.006397954386821579,0.24615748018975087,-12.172806371453737,89.43972960524633,46.882713924774,89.64793087314652,46.983857363260874
1.4136,0.006312104491905176,0.24640979207454555,-12.163991873968028,-0.000654437315441037,0.000684670907534851,-60.47177321300315,-0.0006470628225312413,0.0006848033507757879,-60.51760236080838,0.007522717092729098,0.2463645413066741,-12.164388591381956,89.610955476012,47.01878358899605,89.81944665205883,47.119245660246
1.4144,0.007436979433653244,0.24661346989256963,-12.155716402029181,-0.0006511644602098845,0.0006852493556907513,-60.48865668895938,-0.0006438955514170502,0.0006853036418510714,-60.53428584332429,0.008644721726833792,0.24656335621826056,-12.156093994711801,89.78268535739464,47.15364726645925,89.99146029067711,47.253424810201786
1.4152,0.008559093370510855,0.2468089197565856,-12.147563137024598,-0.0006479009880596806,0.0006858124635712697,-60.50554160571994,-0.0006407390829738574,0.0006857920954791291,-60.55094407302886,0.009763928425925208,0.246753982652266,-12.147921957210784,89.9549135554873,47.287303462662024,90.16396607409754,47.38639333865534
1.416,0.00967840654663671,0.24699619920491514,-12.139531462762376,-0.0006446470096321047,0.0006863603281374148,-60.52242752660242,-0.0006375934083317086,0.0006862688150296683,-60.56757704921546,0.010880297958182692,0.24693647814757289,-12.139871859849908,90.12763435699472,47.41975067537598,90.33695826764793,47.51814976378608
1.4168,0.010794879835860407,0.2471753655881963,-12.131620768230004,-0.0006414026341126176,0.0006868930498944725,-60.53931399678231,-0.0006344585181710351,0.0006867339032789409,-60.58418477101086,0.011993791715681991,0.24711090005193406,-12.131943088817444,90.30084202886775,47.550987395235055,90.51043111652876,47.648692597020634
1.4176,0.01190847473421891,0.2473464760671133,-12.123830447606585,-0.0006381679690887512,0.0006874107328049547,-60.556200544203676,-0.0006313344027287106,0.0006871874624096588,-60.60076723738153,0.01310437170697184,0.24727730551980012,-12.124135035530601,90.4745308179447,47.68101210632555,90.68437884546128,47.77802034362862
1.4184,0.01301915335256499,0.24750958761020975,-12.116159900273066,-0.0006349431204140781,0.000687913484196275,-60.573086680498776,-0.0006282210518040697,0.0006876295940109981,-60.61732444713979,0.014212000549723172,0.24743575151022862,-12.116447096645226,90.64869495060094,47.809823286777515,90.85879565834412,47.906131503319834
1.4192,0.01412687840924004,0.2476647569917832,-12.108608530820636,-0.0006317281920780703,0.0006884014146635129,-60.58997190191406,-0.0006251184547649056,0.0006880603990786794,-60.63385639894964,0.015316641463443092,0.2475862947848727,-12.108878674063611,90.823328632405,47.937419409356494,91.03367573791586,48.03302457084176
1.42,0.015231613222819861,0.2478120407898598,-12.101175749057234,-0.0006285232860819787,0.0006888746379676335,-60.60685569024068,-0.0006220266005534261,0.000688479978015132,-60.65036309133248,0.0164182582622626,0.2477289919060486,-12.10142917494048,90.99842604778256,48.0637989420569,91.20901324542638,48.15869803657864
1.4208,0.01633332170492582,0.2479514953842472,-12.093860970012402,-0.0006253285023209024,0.0006893332709295302,-60.62373751374697,-0.0006189454776921793,0.0006888884306297315,-60.666844522672605,0.01751681534779016,0.2478638992348797,-12.094098011687269,91.1739813596879,48.188960348695986,91.38480232031489,48.283150387151224
1.4216,0.017431968353104232,0.2480831769546647,-12.086663613940438,-0.0006221439384721467,0.000689777433320259,-60.64061682811102,-0.0006158750742899493,0.0006892858561391153,-60.683300691222456,0.018612277702033796,0.24799107292951553,-12.086884601974763,91.34998870928203,48.312902089508846,91.5610370798954,48.40638010601737
1.4224,0.01852751824377638,0.24820714147894773,-12.079583106322003,-0.0006189696898899595,0.0006902072477478421,-60.65749307735133,-0.0006128153780476045,0.0006896723531675704,-60.6997315951078,0.019704610880394612,0.24811056894342468,-12.079788368734137,91.52644221561914,48.435622621744734,91.73771161905023,48.528385674074194
1.4232,0.01961993702525174,0.24832344473132661,-12.072618877864231,-0.0006158058495067357,0.0006906228395410007,-60.67436569475322,-0.0006097663762639233,0.0006900480197474936,-60.71613723233262,0.020793781004723694,0.24822244302375976,-12.072808740156518,91.70333597533953,48.557120400263905,91.91482000993001,48.6491655702605
1.424,0.020709190910813004,0.24843214228077737,-12.065770364499393,-0.0006126525077407126,0.0006910243366301965,-60.69123410378948,-0.0006067280558413698,0.0006904129533199209,-60.73251760078395,0.021879754756451434,0.2483267507097926,-12.065945149691132,91.88066406237067,48.67739387813608,92.09235630166228,48.768718272160896
1.4248,0.021795246671864915,0.24853328948944328,-12.059037007382198,-0.0006095097524102065,0.0006914118694263328,-60.70809771903319,-0.0006037004032918397,0.0006907672507351245,-60.748872698236426,0.022962499369781026,0.2484235473314191,-12.059197036042056,92.05842052763514,48.796441507239486,92.27031452006646,48.88704225661044
1.4256,0.02287807163115018,0.24862694151112463,-12.052418252885836,-0.0006063776686543837,0.0006917855706974819,-60.72495594706092,-0.0006006834047423677,0.0006911110082532778,-60.765202522356745,0.024041982624949217,0.2485128880077312,-12.052563843163725,92.23659939876605,48.91426173886099,92.44868866737704,49.00413600030047
1.4264000000000001,0.023957633656034365,0.248713153289838,-12.045913552596732,-0.0006032563388605488,0.0006921455754439898,-60.741808187344915,-0.0005976770459407868,0.000691444321545183,-60.78150707070799,0.02511817284155682,0.2485948276456552,-12.046045020255168,92.41519467983024,49.03085302429763,92.62747272197394,49.11999798038551
1.4272,0.025033901151852736,0.24879197955843999,-12.03952236330817,-0.0006001458425979354,0.0006924920207722975,-60.75865383313224,-0.000594681312261359,0.000691767285693062,-60.79778634075373,0.026191038871960972,0.24866942093865543,-12.039640021753083,92.59420035105823,49.14621381545859,92.80666063812023,49.234626675091
1.428,0.026106843055327046,0.24886347483731716,-12.033244147012754,-0.0005970462565579225,0.0006928250457678216,-60.77549227230982,-0.0005916961887103551,0.0006920799951914091,-60.81404032986205,0.027260550094738305,0.24873672236550043,-12.033348307323825,92.77361036858218,49.26034256546878,92.98624634570783,49.34802056432228
1.4288,0.027176428828045093,0.24892769343313895,-12.02707837089388,-0.0005939576545006312,0.0006931447913672164,-60.79232288825373,-0.0005887216599316002,0.0006923825439479036,-60.8302690353094,0.02832667640821043,0.24879678618909182,-12.027169341854291,92.95341866418111,49.37323772927313,93.16622375001025,49.46017813027429
1.4296,0.028242628450005143,0.24898468943767293,-12.02102450731612,-0.0005908801072078064,0.0006934514002303335,-60.80914506066149,-0.0005857577102119769,0.0006926750252843779,-60.84647245428431,0.029389388224035237,0.24884966645535406,-12.021102595441842,93.13361914503324,49.48489776424188,93.34658673144293,49.57109785804241
1.4304000000000001,0.029305412413228076,0.24903451672666077,-12.0150820338147,-0.0005878136824418759,0.0006937450166121877,-60.82595816636616,-0.000582804323486879,0.0006929575319378452,-60.86265058389099,0.030448656460865774,0.24889541699218298,-12.015147543383247,93.31420569347631,49.59532113077707,93.5273291453314,49.68077823623426
1.4312,0.030364751715429756,0.249077228958754,-12.009250433084057,-0.0005847584449110909,0.0006940257862352191,-60.842761580131125,-0.0005798614833456353,0.00069323015606158,-60.8788034211528,0.03150445253806974,0.24893409140845318,-12.00930366616274,93.49517216677502,49.70450629291987,93.70844482168673,49.78921775758245
1.432,0.03142061785376154,0.24911287957450795,-12.003529192965543,-0.0005817144562405997,0.0006942938561621347,-60.859554675424484,-0.0005769291730368758,0.0006934929892262518,-60.894930963015604,0.0325567483695172,0.24896574309308167,-12.003570449439223,93.67651239689613,49.81245171895903,93.8899275649887,49.896414919558275
1.4328,0.03247298281861174,0.24914152179543278,-11.997917806434286,-0.0005786817749493273,0.0006945493746695965,-60.87633682517228,-0.0005740073754738653,0.0006937461224211124,-60.91103320635096,0.03360551635742975,0.2489904252141478,-11.997947384032626,93.85822019029102,49.91915588204029,94.07177115397657,50.00236822498641
1.4336,0.0335218190874705,0.24916320862310015,-11.99241577158534,-0.00057566045643251,0.000694792491123012,-60.89310740248951,-0.000571096073239792,0.0006939896460552317,-60.92711014795923,0.03465072938629275,0.24900819071806699,-11.992433965909559,94.0402893276855,50.02461726077652,94.25396934144712,50.10707618266032
1.4344000000000001,0.03456709961886015,0.24917799283830444,-11.987022591619045,-0.0005726505529497071,0.0006950233558526683,-60.90986578138842,-0.0005681952485930027,0.0006942236499587833,-60.94316178457265,0.03569236081683384,0.24901909232881814,-11.987029696168188,94.2227135638779,50.12883433985927,94.436515854061,50.210537307958894
1.4352,0.03560879784632422,0.24918592700027795,-11.981737774825731,-0.0005696521136181453,0.0006952421200314377,-60.926611337463214,-0.0005653048834722081,0.0006944482233843769,-60.95918811285813,0.03673038448005977,0.24902318254722275,-11.98173408102246,94.40548662754371,50.23180561067085,94.61940439215603,50.31275012346362
1.436,0.036646887672482704,0.2491870634459573,-11.976560834569767,-0.0005666651844111877,0.0006954489355542688,-60.943343448550806,-0.0005624249595016297,0.0006946634550084393,-60.9751891294201,0.03776477467135977,0.24902051365027525,-11.976546631785665,94.5886022210488,50.33352957189755,94.80262862956874,50.41371315957701
1.4368,0.03768134346314643,0.24918145428930163,-11.971491289273022,-0.0005636898081617663,0.0006956439549196601,-60.96006149536706,-0.0005595554579961097,0.0006948694329326373,-60.991164830803164,0.03879550614466809,0.2490111376905228,-11.971466864853404,94.77205402026958,50.43400473014369,94.98618221346317,50.51342495514146
1.4376,0.03871214004149251,0.24916915142066062,-11.966528662397693,-0.0005607260245705766,0.0006958273311133061,-60.97676486211806,-0.0005566963599661772,0.000695066244685345,-61.00711521349473,0.03982255410668806,0.24899510649549364,-11.966494301685985,94.9558356744208,50.53322960054644,95.17005876416756,50.61188405805914
1.4384000000000001,0.039739252682304105,0.24915020650619107,-11.96167248242866,-0.0005577738702188234,0.0006959992174940821,-60.99345293708636,-0.0005538476461230587,0.0006952539772231546,-61.023040273927464,0.040845894211179866,0.24897247166717354,-11.96162846879028,95.13994080589171,50.63120270739183,95.35425187501896,50.709089025912775
1.4392,0.040762657106266226,0.24912467098732127,-11.956922282855299,-0.0005548333785853498,0.0006961597676825263,-61.01012511319165,-0.0005510092968836579,0.0006954327169324268,-61.03894000848171,0.04186550255330496,0.24894328458152765,-11.956868897701083,95.32436301008869,50.72792258473106,95.53875511221526,50.80503842658688
1.44,0.04178232947432603,0.2490925960802622,-11.9522776021528,-0.0005519045800679074,0.000696309135451966,-61.026780788525976,-0.0005481812923754763,0.0006956025496308817,-61.05481441348785,0.042881355664035045,0.24890759638806917,-11.952215124961983,95.50909585528683,50.8233877769982,95.7235620146753,50.89973083889012
1.4408,0.04279824638211027,0.24905403277556432,-11.947737983763089,-0.0005489875020083895,0.0006964474746224108,-61.04341936686335,-0.0005453636124414954,0.0006957635605692283,-61.07066348522845,0.04389343050461775,0.24886545800947066,-11.947666692105825,95.69413288248839,50.917596839628274,95.90866609390665,50.99316485317801
1.4416,0.0438103848544019,0.24900903183771822,-11.943302976075325,-0.000546082168721809,0.0006965749389573323,-61.060040258143644,-0.0005425562366450137,0.0006959158344328294,-61.08648721994051,0.04490170446110206,0.24881692014122045,-11.94322314563474,95.87946760528921,51.01054833967603,96.09406083388116,51.08533907197651
1.4424000000000001,0.04481872233967864,0.24895764380479987,-11.938972132405947,-0.0005431886015288046,0.0006966916820634338,-61.07664287893107,-0.0005397591442744319,0.0006960594553434067,-61.102285613817486,0.04590615533892532,0.24876203325131974,-11.938884036999799,96.06509350975308,51.10224085643588,96.27973969091859,51.176252110606164
1.4432,0.045823236704705936,0.24889991898815775,-11.934745010978451,-0.0005403068187914865,0.0006967978572934965,-61.09322665284705,-0.0005369723143479996,0.0006961945068607766,-61.118058663011254,0.04690676135755477,0.24870084758002226,-11.934648922580305,96.25100405429363,51.192672982061936,96.4656960935779,51.26590259780687
1.444,0.046823906229192074,0.24883590747214154,-11.930621174902782,-0.0005374368359523877,0.0006968936176523823,-61.109791010978086,-0.0005341957256185078,0.0006963210719846227,-61.13380636363413,0.047903501145191256,0.24863341313961362,-11.930517363662767,96.43719266956425,51.28184332218923,96.65192344255664,51.35428917636326
1.4448,0.047820709600498335,0.24876565911387144,-11.92660019215442,-0.0005345786655763402,0.0006969791157062564,-61.12633539225839,-0.0005314293565779414,0.0006964392331563003,-61.14952871176062,0.048896353733527916,0.24855977971423052,-11.92648892641956,96.62365275835587,51.3697504965552,96.83841511059823,51.441410503730594
1.4456,0.04881362590840672,0.2486892235430475,-11.922681635553198,-0.0005317323173950593,0.0006970545034950842,-61.14285924382795,-0.0005286731854620865,0.0006965490722606719,-61.165225703429265,0.04988529855256622,0.24847999685971772,-11.922563181887336,96.81037769550214,51.45639313962174,97.02516444240689,51.52726525266089
1.4464000000000001,0.04980263463994676,0.24860665016179684,-11.91886508274185,-0.0005288977983542251,0.0006971199324484418,-61.15936202136631,-0.0005259271902550831,0.0006966506706279751,-61.18089733464436,0.050870315425491454,0.24839411390352353,-11.918739705945114,96.99736082779339,51.541769901198066,97.2121647545713,51.611852111830046
1.4472,0.050787715674275306,0.24851798814455955,-11.91515011616432,-0.0005260751126628895,0.0006971755533046779,-61.17584318940218,-0.0005231913486939436,0.000696744109035718,-61.19654360137754,0.05185138456360058,0.24830217994463116,-11.915018079292206,97.18459547389746,51.62587944706371,97.39940933549538,51.69516978646468
1.448,0.05176884927761598,0.24842328643801095,-11.911536323043846,-0.0005232642618449815,0.0006972215160334383,-61.19230222159972,-0.0005204656382730137,0.0006968294677106048,-61.21216449956946,0.05282848656129022,0.24820424385352655,-11.911397887425885,97.37207492428954,51.70872045959236,97.58689144533783,51.77721699897001
1.4488,0.05274601609825183,0.2483225937610198,-11.908023295360866,-0.000520465244792749,0.0006972579697615747,-61.208738601021636,-0.0005177500362483949,0.0006969068263304892,-61.22776002513128,0.05380160239109719,0.24810035427220017,-11.907878720618886,97.55979244118915,51.790291638375734,97.77460431595954,51.857992489557446
1.4496,0.053719197161572925,0.24821595860464227,-11.904610629830731,-0.0005176780578219351,0.0006972850627024313,-61.22515182036971,-0.0005150445196423211,0.0006969762640263531,-61.24333017394613,0.05477071339879444,0.2479905596141841,-11.904460173896707,97.74774125850539,51.87059170084799,97.96254115087864,51.9374950168728
1.4504000000000001,0.0546883738651816,0.24810342923214918,-11.901297927881258,-0.0005149026947285045,0.0006973029420885065,-61.24154138220342,-0.0005123490652474823,0.0006970378593843116,-61.25887494187055,0.05573580129854418,0.24787490806462148,-11.901141847014777,97.9359145817906,51.949619382910505,98.15069512523463,52.015723358624726
1.4512,0.055653527974047975,0.2479850536790881,-11.898084795630142,-0.0005121391468467636,0.0006973117541074741,-61.25790679913695,-0.0005096636496313118,0.0006970916904476438,-61.27439432473587,0.05669684816810113,0.24775344758036844,-11.897923344435505,98.12430558820134,52.027373439556776,98.33905938575947,52.09267631221292
1.452,0.056614641615723285,0.24786087975337642,-11.894970843862268,-0.0005093874031086785,0.0006973116438415405,-61.27424759401532,-0.0005069882491402203,0.0006971378347188459,-61.28988831834947,0.05765383644407368,0.24762622589012798,-11.89480427530514,98.3129074264683,52.103852645497625,98.52762705075814,52.16835269535699
1.4528,0.05757169727560408,0.24773095503542789,-11.891955688006874,-0.0005066474501042459,0.0006973027552101081,-61.29056330007038,-0.0005043228399037869,0.0006971763691617081,-61.3053569184961,0.05860674891723567,0.24749329049461444,-11.891784253430613,98.50171321687354,52.17905579578658,98.71639121009642,52.24275134672493
1.4536,0.05852467779224946,0.24759532687830896,-11.88903894811467,-0.0005039192721427513,0.0006972852309157075,-61.30685346105693,-0.000501667397838909,0.0006972073702034143,-61.320800120939076,0.059555568727891,0.24735468866674834,-11.888862897256248,98.69071605123636,52.252981706445134,98.90534492519704,52.315871126561746
1.4544000000000001,0.05947356635275366,0.24745404240792623,-11.886220248834825,-0.000501202851314753,0.0006972592123931575,-61.32311763137001,-0.0004990218986538974,0.0006972309137366613,-61.33621792142143,0.06050027936129337,0.24721046745187972,-11.8860398298404,98.87990899290735,52.32562921508856,99.09448122904485,52.387710917318095
1.4552,0.06041834648816663,0.2473071485232431,-11.88349921939196,-0.0004984981675546644,0.0006972248397619003,-61.339355376143665,-0.0004963863178525372,0.0006972470751217993,-61.35161031566707,0.0614408646431142,0.24706067366804124,-11.88331467883205,99.06928507677014,52.39699718155105,99.28379312619914,52.45826962427862
1.456,0.06135900206897055,0.24715469189652492,-11.880875493563037,-0.0004958051987037721,0.0006971822517814625,-61.35556627133209,-0.000493760630738093,0.0006972559291889929,-61.36697729938186,0.062377308734965844,0.24690535390622778,-11.88068707644735,99.25883730925209,52.467084488511404,99.47327359281539,52.52754617619028
1.4568,0.06229551730060488,0.24699671897361286,-11.878348709654237,-0.0004931239205735731,0.0006971315858099811,-61.371749903773676,-0.000491144812417277,0.0006972575502403992,-61.38231886825465,0.06330959612997349,0.24674455453070415,-11.878156659446141,99.44855866834274,52.53589004211825,99.6629155766744,52.59553952589029
1.4576,0.06322787671904236,0.24683327597422458,-11.87591851047782,-0.000490454307009297,0.0006970729777657294,-61.3879058712387,-0.0004885388378041713,0.0006972520120523655,-61.39763501795827,0.06423771164839762,0.24657832167933866,-11.875723069108467,99.63844210362046,52.60341277261501,99.85271199722045,52.66224865093375
1.4584000000000001,0.06415606518641816,0.24666440889228158,-11.873584543328981,-0.0004877963299534838,0.0006970065620915817,-61.40403378246128,-0.0004859426816240996,0.0006972393878776422,-61.41292574415054,0.06516164043330955,0.24640670126396272,-11.873385951211048,99.82848053628793,52.66965163496501,100.04265574560758,52.727672554221094
1.4592,0.06508006788670491,0.24649016349626288,-11.871346459962684,-0.0004851499595095219,0.0006969324717223402,-61.420133257156365,-0.0004833563184174645,0.0006972197504476144,-61.42819104247515,0.06608136794631261,0.24622973897075512,-11.871144956003807,100.01866685921532,52.73460560947582,100.23273968475429,52.7918102646248
1.46,0.06599987032144157,0.24631058532958336,-11.869203916570541,-0.0004825151640050131,0.0006968508380548547,-61.43620392602226,-0.00048077972254352986,0.0006971931719745476,-61.44343090856259,0.06699687996331681,0.24604748026065074,-11.868999738186382,100.20899393699229,52.798273702423515,100.4229566494067,52.85466083761572
1.4608,0.06691545830550852,0.2461257197109972,-11.867156573757692,-0.000479891910054883,0.0006967617909208612,-61.45224543072955,-0.0004782128681841669,0.0006971597241538489,-61.458645338031,0.06790816257035984,0.24585997036977342,-11.86694995688468,100.39945460598825,52.86065494667636,100.61329944621038,52.916223355888945
1.4616,0.0678268179629517,0.24593561173502532,-11.865204096519742,-0.00047728016262413173,0.0006966654585624549,-61.46825742389693,-0.0004756557293475565,0.0006971194781663432,-61.473834326487015,0.06881520215947645,0.24566725430989134,-11.864995275627479,100.59004167442066,52.92174840231803,100.80376085379002,52.97649692998869
1.4624000000000001,0.06873393572285756,0.24574030627240523,-11.863346154219727,-0.00047467988509012786,0.0006965619676101244,-61.48423956905471,-0.00047310827987183965,0.000697072504680561,-61.48899786952655,0.06971798542461874,0.2454693768688949,-11.86313536232306,100.78074792243247,52.981553157270106,100.9943336228387,53.03548069893283
1.4632,0.06963679831527186,0.24553984797056513,-11.861582420565144,-0.00047209103930437996,0.0006964514430632644,-61.50019154059656,-0.0004705704934287367,0.0006970188738550412,-61.504135962735575,0.0706164993576199,0.2452663826112971,-11.861369889235922,100.97156610217722,53.04006832791418,101.18501047621436,53.09317383083626
1.464,0.07053539276717016,0.24533428125411844,-11.859912573585047,-0.0004695135856536847,0.0006963340082730805,-61.516113023720216,-0.000468042343527112,0.0006969586553406459,-61.51924860169086,0.07151073124420959,0.2450583158787541,-11.859698532963542,101.16248893791327,53.0972930597129,101.37578410904617,53.14957552353366
1.4648,0.07142970639847238,0.2451236503253808,-11.858336295607195,-0.00046694748312059735,0.0006962097849278089,-61.53200371435763,-0.00046552380351650303,0.0006968919182828843,-61.53433578196072,0.07240066866007272,0.24484522079060725,-11.858120974413215,101.35350912610622,53.153226527830455,101.5666471888484,53.20468500520112
1.4656,0.07231972681810438,0.24490799916490805,-11.85685327323532,-0.00046439268934315086,0.0006960788930401619,-61.54786331909538,-0.0004630148465906065,0.0006968187313242507,-61.54939749910567,0.07328629946695557,0.24462714124444498,-11.856636898779021,101.54461933553955,53.20786793775203,101.7575923556434,53.25850153497675
1.4664000000000001,0.07320544192010808,0.2446873715320533,-11.85546319732645,-0.0004618491606737545,0.0006959414509369209,-61.56369155508578,-0.0004605154457907157,0.0006967391626065721,-61.564433748679114,0.07416761180881958,0.2444041209166837,-11.85524599551881,101.73581220743458,53.26121652590233,101.94861222209315,53.31102440358017
1.4672,0.07408683987979363,0.24446181096554556,-11.854165762968343,-0.00045931685223723145,0.0006957975752505851,-61.57948814994938,-0.0004580255740091246,0.0006966532797733627,-61.57944452622799,0.07504459410803738,0.24417620326316863,-11.853947958331364,101.92708035557811,53.31327156026303,102.13969937363935,53.362252933930826
1.468,0.07496390914994072,0.24423136078408575,-11.852960669457024,-0.0004567957179879265,0.000695647380913,-61.59525284166933,-0.000455545203992482,0.0006965611499721917,-61.594429827293375,0.07591723506163746,0.24394343151979195,-11.852742485133598,102.11841636645941,53.36403234098923,102.33084636865223,53.41218648176504
1.4688,0.07583663845704228,0.24399606408696237,-11.85184762027443,-0.00045428571076585103,0.0006954909811508773,-61.61098537847832,-0.00045307430834510827,0.0006964628398570567,-61.60938964741114,0.07678552363759111,0.2437058487031293,-11.851629278037933,102.30981279941516,53.413498201024424,102.522045738588,53.460824436251464
1.4696,0.0767050167975929,0.2437559637546854,-11.850826323066181,-0.00045178678235181883,0.0006953284874831247,-61.62668551873844,-0.00045061285953227286,0.0006963584155907661,-61.62432398211251,0.07764944907114354,0.24346349761109404,-11.850608043329778,102.50126218678326,53.46166850671446,102.7132899881548,53.508166220605325
1.4704000000000002,0.07756903343442385,0.2435111024496367,-11.849896489619455,-0.0004492988835215279,0.0006951600097199033,-61.642353030814704,-0.0004481608298834219,0.0006962479428473282,-61.639232826924584,0.07850900086119156,0.2432164208236073,-11.849678491445077,102.69275703406575,53.50854265841998,102.9045715954879,53.554211292701034
1.4712,0.0784286778930779,0.2432615226167389,-11.849057835841013,-0.00044682196409857194,0.0006949856559633341,-61.657987692942555,-0.00044571819159537656,0.0006961314868143482,-61.654116177370966,0.07936416876670063,0.24296466070328557,-11.848840336948099,102.88428982009911,53.55412009112728,103.0958830123327,53.59895914568308
1.472,0.07928393995823141,0.2430072664841392,-11.848310081735367,-0.000444355973006333,0.0006948055326097686,-61.673589293090004,-0.00044328491673547996,0.0006960091121954302,-61.668974028972265,0.08021494280316895,0.24270825939614288,-11.848093298509264,103.07585299723486,53.59840027505788,103.28721666423748,53.64240930857519
1.4727999999999999,0.08013480967015656,0.2427483760639108,-11.847652951383044,-0.00044190085831874703,0.0006946197443535513,-61.68915762881479,-0.0004408609772447105,0.0006958808832125866,-61.68380637724659,0.08106131323913134,0.2424472588323091,-11.847437098883194,103.26743899152746,53.64138271627617,103.47856495075415,53.68456134688774
1.4736,0.0809812773212274,0.24248489315276878,-11.84708617291905,-0.0004394565673099114,0.00069442839419219,-61.70469250711703,-0.0004384463449407528,0.0006957468636086506,-61.6986132177101,0.08190327059270668,0.24218170072676318,-11.846871464886846,103.45904020293162,53.68306695729553,103.66992024564797,53.72541486322324
1.4744000000000002,0.08182333345246713,0.24221685933280182,-11.846609478511457,-0.0004370230465025214,0.0006942315834328665,-61.72019374428785,-0.0004360409915210295,0.0006956071166496951,-61.71339454587748,0.08274080562818613,0.2419116265800804,-11.846396127377847,103.65064900550807,53.723452577682465,103.86127489711603,53.76496949787967
1.4752,0.08266096885013798,0.2419443159722178,-11.846222604340138,-0.0004346002417151181,0.0006940294117002041,-61.73566116575432,-0.0004336448885656932,0.0006954617051274554,-61.72815035726239,0.08357390935266401,0.24163707767919348,-11.846010821232973,103.84225774763804,53.76253919465882,104.05262122801449,53.80322492945177
1.476,0.08349417454237261,0.2416673042261041,-11.845925290575694,-0.00043218809810813757,0.0006938219769452288,-61.75109460592135,-0.00043125800754057587,0.0006953106913617555,-61.742880647378,0.08440257301270933,0.24135809509816772,-11.845715285326788,104.03385875224666,53.80032646370212,104.24395153609485,53.84018087543033
1.4768,0.08432294179584504,0.24138586503720158,-11.84571728135851,-0.0004297865602287575,0.0006936093754554468,-61.766493908010546,-0.0004288803198001055,0.000695154137202937,-61.757585411737395,0.08522678809107702,0.24107471969898864,-11.845509262510443,104.22544431703486,53.836814079143664,104.43525809424833,53.87583709279865
1.4776,0.08514726211248361,0.24110003913669154,-11.845598324777999,-0.0004273955720545301,0.0006933917018659744,-61.78185892389676,-0.0004265117965901787,0.0006949921040342924,-61.77226464585405,0.08604654630346058,0.24078699213236257,-11.84539249959067,104.41700671471997,53.872001774764364,104.6265331507598,53.910193378627184
1.4784000000000002,0.0859671272262225,0.24080986704499588,-11.84556817285203,-0.0004250150770358045,0.0006931690491716509,-61.79718951394251,-0.0004241524090509992,0.0006948246527745003,-61.786918345242256,0.08686183959528307,0.24049495283852967,-11.845364747308942,104.60853819328534,53.90588932438836,104.8177689295699,53.943249570665216
1.4792,0.08678252909979457,0.2405153890725896,-11.845626581506487,-0.00042264501813693236,0.0006929415087400682,-61.812485546830715,-0.0004218021282198737,0.0006946518438800604,-61.80154650541758,0.0876726601385291,0.24019864204808822,-11.845425760320794,104.80003097623829,53.938476542474206,105.00895763054615,53.97500554793014
1.48,0.08759345992156313,0.24021664532082493,-11.845773310555064,-0.000420285337876263,0.0006927091703254595,-61.82774689939588,-0.0004194609250339716,0.000694473737347733,-61.8161491218973,0.0884790003286154,0.23989809978283058,-11.845575297175353,104.99147726287737,53.96976328470348,105.20009142976318,54.00546123129397
1.4808,0.088399912102392,0.23991367568276767,-11.846008123679205,-0.0004179359783649347,0.0006924721220833817,-61.842973456454374,-0.00041712877033304904,0.0006942903927169787,-61.83072619020074,0.08928085278129932,0.2395933658565901,-11.845813120295041,105.18286922856778,53.99974944856684,105.39116247979125,54.03461658406702
1.4816,0.08920187827255492,0.2396065198440444,-11.846330788408242,-0.00041559688134446454,0.0006922304505861334,-61.858165110633664,-0.000414805634862132,0.0006941018690723962,-61.84527770584986,0.09007821032962635,0.2392844798760991,-11.846138995955455,105.37419902502609,54.028434973947334,105.58216290999366,54.06247161257862
1.4824,0.08999935127868208,0.23929521728370068,-11.846741076099718,-0.0004132679882231485,0.000691984240838854,-61.87332176220121,-0.00041249148927416867,0.0006939082250461653,-61.859803664369466,0.09087106602091444,0.2389714812418564,-11.846552694265476,105.56545878061289,54.05581984370076,105.77308482683316,54.08902636675485
1.4832,0.09079232418074673,0.23897980727506926,-11.847238761919916,-0.00041094924011127496,0.0006917335762962464,-61.88844331889294,-0.0004101863041326341,0.0006937095188204847,-61.87430406128777,0.09165941311377812,0.23865440914900493,-11.84705398914753,105.75664060063542,54.0819040842333,105.96392031418698,54.114280940693064
1.484,0.09158079024908618,0.23866032888664954,-11.847823624824557,-0.00040864057785517847,0.0006914785388798712,-61.90352969574186,-0.00040789004991411234,0.0006935058081300118,-61.88877889213677,0.09244324507518661,0.23833330258821964,-11.847642658318067,105.94773656765774,54.106687766076064,106.15466143367057,54.138235473233244
1.4848,0.09236474296146298,0.2383368209829949,-11.848495447539706,-0.0004063419420701267,0.0006912192089959646,-61.91858081490672,-0.0004056026970108291,0.000693297150264302,-61.90322815245257,0.09322255557756154,0.23800820034660286,-11.848318483268246,106.13873874182043,54.13017100445625,106.34530022497025,54.16089014852579
1.4856,0.09314417600016084,0.23800932222561105,-11.849254016542908,-0.0004040532731720741,0.0006909556655537264,-61.93359660550116,-0.0004033242157331577,0.0006930836020702457,-61.917651837775935,0.09399733849590951,0.23767914100859053,-11.849081249244799,106.32963916116863,54.152353959865344,106.5358287061846,54.18224519659616
1.4864,0.09391908324911662,0.23767787107386298,-11.850099122044453,-0.0004017745114082877,0.0006906879859840357,-61.948577003423566,-0.0004010545763120876,0.0006928652199545033,-61.93204994365254,0.0947675879049901,0.23734616295686542,-11.849930745231132,106.5204298419888,54.1732368386238,106.72623887417433,54.20230089390558
1.4872,0.09468945879109074,0.23734250578588956,-11.851030557968924,-0.00039950559688685925,0.0006904162462585462,-61.96352195118769,-0.00039879374890165227,0.0006926420598859393,-61.94642246563351,0.09553329807652197,0.2370093043732789,-11.850866763928597,106.71110277915471,54.192819893442234,106.91652270492126,54.22105756390827
1.488,0.09545529690487008,0.2370032644195282,-11.852048121936903,-0.0003972464696051361,0.0006901405209091225,-61.97843139775423,-0.00039654170358133136,0.0006924141773980534,-61.960769399275726,0.09629446347642097,0.23666860323978117,-11.851889101737985,106.90164994648116,54.211103423979075,107.10667215389557,54.238515577604694
1.4888,0.09621659206250889,0.23666018483324608,-11.853151615246881,-0.0003949970694770684,0.0006898608830475714,-61.993305298363744,-0.0003942984103584088,0.0006921816275914089,-61.975090740142306,0.09705107876207637,0.2363240973393576,-11.85299755874125,107.09206329708745,54.22808777739451,107.29667915643235,54.25467535409107
1.4896,0.09697333892660301,0.23631330468707942,-11.854340842857418,-0.00039275733635951205,0.0006895774043856326,-62.008143614370766,-0.00039206383917030215,0.0006919444651360578,-61.98938648380298,0.09780313877965933,0.2359758242569737,-11.854191938683423,107.28233476376894,54.24377334890049,107.48653562811607,54.269537361104646
1.4904,0.09772553234759834,0.23596266144358108,-11.85561561336947,-0.00039052721007749793,0.000689290155255192,-62.02294631307942,-0.00038983795988685867,0.000691702744273964,-62.003656625834516,0.09855063856146616,0.23562382138052634,-11.855472048954713,107.47245625937707,54.25816058230699,107.67623346517429,54.283102115564915
1.4912,0.09847316736113587,0.23560829236877345,-11.856975739008943,-0.0003883066304484831,0.000688999204628679,-62.037713367580736,-0.00038762074231261186,0.0006914565188214208,-62.01790116182116,0.09929357332329677,0.23526812590180127,-11.856837700572898,107.66241967720873,54.27124997056413,107.86576454487995,54.29537018411052
1.492,0.09921623918542713,0.2352502345331101,-11.85842103560947,-0.00038609553730562147,0.0006887046201396185,-62.052444756591605,-0.00038541215618901156,0.0006912058421714649,-62.032120087355,0.10003193846186398,0.23490877481743758,-11.858288708165844,107.85221689140353,54.2830420563,108.05512072596161,54.30634218363168
1.4928,0.09995474321866654,0.234888524812442,-11.8599513225954,-0.0003838938705200547,0.0006884064681033004,-62.06714046429565,-0.00038321217119661387,0.0006909507672962889,-62.0463133980365,0.10076572955223918,0.23454580492989752,-11.859824889954316,108.04183975735005,54.293537432354434,108.2442938490234,54.316018781798334
1.4936,0.10068867503647479,0.2345231998889913,-11.861566422964982,-0.00038170157002226477,0.0006881048135375428,-62.08180048018604,-0.00038102075695724356,0.0006906913467496434,-62.060481089474855,0.1014949423453282,0.23417925284844254,-11.86144606773495,108.23128011210085,54.302736742308284,108.43327573697243,54.32440069758334
1.4944,0.10141803038937505,0.2341542962523308,-11.863266163273796,-0.0003795185758225004,0.0006877997201835144,-62.096424798910334,-0.00037883788303612304,0.0006904276326692413,-62.07462315728846,0.10221957276538039,0.2338091549901149,-11.863152066863476,108.42052977479518,54.310640681008024,108.62205819545534,54.33148870178115
1.4952,0.10214280520030371,0.2337818502003681,-11.865050373618384,-0.00037734482803029515,0.0006874912505265921,-62.11101342011747,-0.0003766635189439648,0.0006901596767791505,-62.088739597105366,0.10293961690753131,0.23343554758072332,-11.864942716238172,108.60958054709148,54.31724999508604,108.81063301330337,54.33728361752147
1.496,0.10286299556215014,0.2334058978403364,-11.866918887620109,-0.00037518026687311635,0.0006871794658172292,-62.12556634830701,-0.0003744976341390383,0.0006898875303921858,-62.10283040456374,0.10365507103537432,0.23305846665583566,-11.86681784828348,108.79842421360708,54.32256548347578,108.99899196298526,54.34178632077804
1.4968,0.10357859773533164,0.23302647508978946,-11.86887154240922,-0.00037302483271414814,0.0006868644260918054,-62.1400835926806,-0.00037234019802919854,0.0006896112444122926,-62.11689557531234,0.10436593157856684,0.23267794806177375,-11.868777298933939,108.98705254236737,54.32658799792239,109.18712680106954,54.344997740872174
1.4976,0.10428960814539749,0.23264361767760164,-11.870908178609165,-0.0003708784660692457,0.0006865461901934425,-62.15456516699583,-0.00037019117997388754,0.0006893308693369257,-62.13093510501103,0.10507219513046566,0.23229402745661468,-11.87082090761824,109.1754572852629,54.32931844348808,109.37502926869436,54.34691886097114
1.4984,0.10499602338066442,0.23225736114497325,-11.873028640321081,-0.0003687411076230798,0.0006862248157927603,-62.16901108942246,-0.00036805054928610567,0.0006890464552594209,-62.14494898933115,0.1057738584457928,0.2319067403111956,-11.872948517243586,109.36363017851463,54.33075777905251,109.56269109204594,54.34755071858115
1.4992,0.10569784018988491,0.23186774084643857,-11.875232775108575,-0.0003666126982444861,0.0006859003594085545,-62.18342138240108,-0.0003659182752343454,0.0006887580518713621,-62.158937223956194,0.10647091843833428,0.23151612191012155,-11.875159974180233,109.55156294314848,54.33090701780787,109.75010398284564,54.34689440603486
1.5,0.10639505547994277,0.23147479195088005,-11.877520433982646,-0.00036449317900105825,0.0006855728764283737,-62.19779607250432,-0.0003637943270445038,0.0006884657084649381,-62.17289980458217,0.10716337217866578,0.23112220735277889,-11.877455128246252,109.7392472854769,54.329767227748654,109.93725963884458,54.344951070973316
1.5008,0.10708766631358242,0.2310785494425445,-11.879891471386891,-0.0003623824911729882,0.0006852424211289886,-62.21213519030051,-0.0003616786739017557,0.0006881694739352972,-62.18683672691823,0.1078512168919113,0.23072503155435006,-11.879833832692558,109.92667489758982,54.327339532155875,110.12414974432743,54.34172191682202
1.5016,0.10777566990716558,0.23067904812206388,-11.882345745182931,-0.0003602805762661921,0.0006849090466967243,-62.2264387702199,-0.00035957128495240313,0.0006878693967828907,-62.200747986687134,0.10853444995552901,0.23032462924683325,-11.882295944188122,110.11383745785331,54.323625110075795,110.31076597062344,54.33720820326138
1.5024000000000002,0.10845906362845803,0.2302763226074797,-11.884883116636015,-0.0003581873760247368,0.0006845728052476507,-62.24070685042349,-0.0003574721293056935,0.0006875655251158104,-62.214633579625875,0.10921306889712726,0.22992103498006455,-11.884841322805421,110.30072663141631,54.31862519679274,110.49709997662603,54.331411246691
1.5032,0.10913784499444629,0.2298704073352701,-11.887503450400907,-0.00035610283244258536,0.0006842337478476109,-62.25493947267444,-0.0003553811760356075,0.0006872579066521185,-62.22849350148618,0.10988707139230922,0.22951428312274263,-11.88746983200614,110.48733407072578,54.31234108429623,110.6831434093204,54.32433242068781
1.504,0.10981201166918336,0.22946133656137932,-11.89020661450796,-0.00035402688777469,0.0006838919245320787,-62.26913668221199,-0.00035329839418261606,0.0006869465887221698,-62.24232774803512,0.11055645526254719,0.229104407863456,-11.890181338627059,110.67365141605002,54.304774121742064,110.8688879043192,54.31597315645822
1.5048,0.11048156146166216,0.22904914436225168,-11.892992480349431,-0.0003519594845474506,0.0006835473843258309,-62.28329852762818,-0.000351223752755413,0.0006866316182709246,-62.25613631505575,0.11122121847308344,0.22869144321171345,-11.892975712866207,110.85967029600943,54.295925715907316,111.05432508640607,54.30633494328375
1.5056,0.11114649232371814,0.2286338646358661,-11.895860922666019,-0.00034990056556856013,0.0006832001752624253,-62.29742506074696,-0.00034915722073261535,0.000686313041860256,-62.26991919834765,0.11188135913086059,0.22827542299897569,-11.89585282826922,111.04538232811609,54.28579733163904,111.239446570087,54.2954193289602
1.5064000000000002,0.11180680234795905,0.22821553110277465,-11.898811819533641,-0.00034785007393625726,0.0006828503444034708,-62.31151633650609,-0.00034709876706443807,0.0006859909056712442,-62.283676393727596,0.11253687548247807,0.22785638087969012,-11.89881256171593,111.23077911932035,54.274390492296746,111.42424396014937,54.28322792023024
1.5072,0.11246248976572369,0.22779417730714213,-11.9018450523504,-0.0003458079530480067,0.0006824979378576883,-62.32557241284152,-0.0003450483606743385,0.0006856652555064681,-62.29740789703021,0.11318776591217769,0.22743435033232606,-11.901854793407198,111.41585226656605,54.26170678018834,111.60870885222937,54.26976238320933
1.508,0.11311355294506763,0.2273698366177879,-11.904960505823826,-0.00034377414660862474,0.0006821430007997426,-62.339593350574496,-0.0003430059704606332,0.0006853361367922816,-62.311113704108614,0.1138340289398556,0.2270093646604128,-11.904979406851943,111.60059335735315,54.24774783699949,111.79283283338644,54.25502444380471
1.5088,0.11375999038877553,0.22694254222922952,-11.908158067958311,-0.0003417485986378769,0.0006817855774888492,-62.35357921330114,-0.00034097156529808864,0.0006850035945810859,-62.32479381083512,0.11447566321910059,0.2265814569935782,-11.908186288854452,111.7849939703082,54.232515364216134,111.97660748268565,54.23901588812748
1.5096,0.11440180073240117,0.2265123271627282,-11.911437630042787,-0.00033973125347755727,0.0006814257112871419,-62.3675300672847,-0.00033894511403948445,0.0006846676735535894,-62.33844821310196,0.1151126675352597,0.2261506602885896,-11.911475329501851,111.9690456757623,54.21601112354046,112.1600243717876,54.22173856289764
1.5104000000000002,0.11503898274233315,0.22607922426733562,-11.914799086638608,-0.0003377220557980769,0.000681063444677799,-62.38144598135023,-0.0003369265855171502,0.0006843284180210603,-62.35207690682196,0.11574504080352911,0.22571700733039465,-11.914846422151864,112.15274003633687,54.19823693729966,112.34307506554578,54.203194375841754
1.5112,0.11567153531388781,0.22564326622094136,-11.918242335567701,-0.0003357209506045727,0.0006806988192829197,-62.39532702678203,-0.00033491594854447373,0.0006839858719275671,-62.36567988792932,0.11637278206707176,0.22528053073316415,-11.918299463420773,112.33606860753696,54.179194688847566,112.52575112261114,54.1833852960835
1.512,0.11629945746942827,0.22520448553132213,-11.921767277900898,-0.00033372788324255686,0.0006803318758811489,-62.409173277223324,-0.000332913171917384,0.0006836400788522122,-62.37925715238039,0.11699589049516107,0.22484126294133466,-11.921834353171597,112.51902293835187,54.15888632295939,112.70804409604467,54.16231335452658
1.5128,0.11692274835650808,0.22476291453719113,-11.925373817946541,-0.00033174279940312903,0.0006799626544250464,-62.422984808578676,-0.0003309182244158087,0.0006832910820113528,-62.39280869615443,0.11761436538134865,0.22439923623065236,-11.925450994502537,112.70159457186323,54.1373138462187,112.88994553393624,54.1399806442301
1.5136,0.11754140724604158,0.22431858540924912,-11.929061863239259,-0.00032976564512776077,0.0006795911940581922,-62.43676169891876,-0.00032893107480510517,0.000682938924260813,-62.406334515254464,0.11822820614165831,0.22395448270921725,-11.929149293735609,112.88377504586038,54.114479327397305,113.07144698003152,54.11638932077635
1.5144000000000002,0.11815543353049818,0.22387153015123556,-11.932831324529028,-0.0003277963668126762,0.0006792175331320331,-62.4505040283875,-0.0003269516918374672,0.0006825836480980861,-62.41983460570803,0.11883741231280395,0.22350703431852792,-11.932929160405507,113.06555589346279,54.09038489782743,113.25253997436508,54.09154160263068
1.5152,0.11876482672212312,0.22342178060097972,-11.936682115770413,-0.00032583491121283825,0.0006788417092224601,-62.46421187911185,-0.0003249800442533048,0.0006822252956645256,-62.43330896356814,0.11944198355043288,0.22305692283452555,-11.936790507248752,113.24692864375005,54.06503275176611,113.4332160539014,54.06543977149334
1.516,0.11936958645118174,0.22296936843145237,-11.940614154112083,-0.00032388122544555967,0.0006784637591461207,-62.47788533511368,-0.0003230161007825981,0.0006818639087475245,-62.44675758491411,0.12004191962739355,0.22260417986863873,-11.940733250192983,113.4278848223986,54.038425146751884,113.6134667531823,54.03808617264351
1.5168,0.11996971246422879,0.22251432515181796,-11.9446273598865,-0.0003219352569937573,0.0006780837189764603,-62.49152448222421,-0.00032105983014623035,0.0006814995287826865,-62.460180465852474,0.12063722043202625,0.22214883686882786,-11.944757308346542,113.60841595232534,54.010564403953516,113.79328360498101,54.00948321527492
1.5176,0.12056520462240129,0.2220566821084863,-11.948721656599863,-0.0003199969537088583,0.0006777016240594962,-62.50512940800064,-0.0003191112010572924,0.0006811321968559839,-62.473577602517906,0.12122788596647868,0.22169092512062918,-11.948862603988264,113.78851355433845,53.98145290851066,113.97265814096347,53.979633372823265
1.5184,0.12115606289973525,0.2215964704861645,-11.952896970922302,-0.00031806626381337906,0.0006773175090293174,-62.51870020164513,-0.0003171701822223672,0.0006807619537059059,-62.4869489910742,0.12181391634504381,0.22123047574819912,-11.953049062557483,113.96816914779458,53.951093109866356,114.15158189235565,53.94853918328529
1.5192,0.1217422873815074,0.2211337213089074,-11.957153232678241,-0.0003161431359031829,0.0006769314078233177,-62.53223695392599,-0.00031523674234278445,0.0006803888397255942,-62.50029462771528,0.122395311792523,0.2207675197153562,-11.957316612644291,114.1473742512633,53.91948752209118,114.33004639061802,53.916203249529126
1.52,0.12232387826259793,0.22066846544116953,-11.961490374837036,-0.0003142275189494424,0.0006765433536971553,-62.54573975710106,-0.00031331085011585886,0.0006800128949649696,-62.51361450866611,0.12297207264260966,0.22030208782662491,-11.96166518597999,114.32612038319745,53.88663872419907,114.50804316812591,53.882628239596286
1.5208,0.12290083584587866,0.22020073358885472,-11.965908333503819,-0.0003123193623003045,0.0006761533792394416,-62.55920870484333,-0.0003113924742360977,0.0006796341591328433,-62.5269086301839,0.12354419933629775,0.21983421072827622,-11.966094717427824,114.50439906261066,53.85254936045462,114.68556375885645,53.84781688699454
1.5216,0.12347316054062257,0.2197305563003655,-11.97040704791057,-0.00031041861568228474,0.0006757615163861633,-62.57264389216857,-0.00030948158339639056,0.0006792526715990213,-62.54017698855901,0.12411169242031189,0.2193639189093688,-11.970605144973865,114.68220180976081,53.81722214067156,114.86259969908174,53.81177199098229
1.5224,0.12404085286093602,0.21925796396765246,-11.974986460407411,-0.00030852522920139954,0.0006753677964348345,-62.58604541536519,-0.00030757814628917546,0.0006788684713963936,-62.5534195801162,0.12467455254555894,0.21889124270278898,-11.975196409718198,114.85952014683996,53.78065984050279,115.03914252806797,53.774496416843704
1.5232,0.12460391342421478,0.2187829868272611,-11.979646516454139,-0.0003066391533440372,0.0006749722500583802,-62.59941337192604,-0.000305682131607578,0.0006784815972230118,-62.566636401215625,0.12523278046560343,0.21841621228628838,-11.979868455866288,115.03634559867051,53.7428653017212,115.21518378878059,53.735993096154814
1.524,0.12516234294961967,0.21830565496137977,-11.984387164611956,-0.0003047603389776019,0.000674574907318757,-62.612747860482294,-0.00030379350804653524,0.0006780920874441568,-62.57982744825409,0.1257863770351631,0.21793885768352206,-11.984621230720583,115.21266969340722,53.7038414324919,115.39071502859542,53.696265027040454
1.5248,0.12571614225657696,0.2178259982988834,-11.989208356535475,-0.0003028887373509172,0.0006741757976803078,-62.62604898073928,-0.00030191224430389,0.0006776999800943922,-62.59299271766625,0.12633534320862702,0.21745920876508343,-11.989454684672348,115.38848396324559,53.663591207634816,115.56572780001555,53.65531527442191
1.5256,0.12626531226329832,0.2173440466163788,-11.994110046964877,-0.0003010243000944195,0.0006737749500228552,-62.639316833414256,-0.0003000383090814687,0.0006773053128796067,-62.60613220592573,0.1268796800385945,0.21697729524953896,-11.994368771193727,115.56377994513578,53.62211766887871,115.74021366139372,53.61314697025493
1.5264,0.12680985398532213,0.21685982953924757,-11.999092193718363,-0.00029916697922014335,0.0006733723926545367,-62.65255152017609,-0.00029817167108613676,0.0006769081231790435,-62.61924590954651,0.12741938867443475,0.21649314670446124,-11.999363446830003,115.73854918150208,53.57942392510542,115.91416417766021,53.5697633137586
1.5272000000000001,0.12734976853407823,0.21637337654268615,-12.004154757684793,-0.0002973167271215049,0.0006729681533243793,-62.665753143586755,-0.00029631229903082855,0.0006765084480473166,-62.63233382508414,0.12795447036086857,0.21600679254745883,-12.004438671192135,115.91278322096883,53.535513152584834,116.08757092105647,53.52516757163413
1.528,0.1278850571154706,0.2158847169527463,-12.00929770281655,-0.00029547349657290664,0.0006725622592346238,-62.6789218070447,-0.00029446016163556325,0.0006761063242164181,-62.64539594913708,0.12848492643656886,0.2155182620472067,-12.009594406949468,116.0864736190908,53.49038859520042,116.26042547187352,53.479363078274275
1.5288,0.1284157210284831,0.21539387994737247,-12.014520996122647,-0.00029363724072915603,0.0006721547370527928,-62.69205761472995,-0.000292615227628432,0.000675701788097706,-62.65843227834811,0.12901075833278353,0.2150275843244724,-12.014830619822694,116.25961193908977,53.44405356466498,116.43271941919608,53.43235323596277
1.5296,0.12894176166380467,0.21490089455743766,-12.019824607662015,-0.00029180791312472226,0.0006717456129235127,-62.70516067155097,-0.0002907774657465701,0.0006752948757838869,-62.671442809405626,0.1295319675719766,0.21453478835314135,-12.020147278577042,116.43218975259593,53.39651144072676,116.60444436165108,53.38414151506363
1.5304,0.1294631805024742,0.21440578966777782,-12.025208510537091,-0.00028998546767283306,0.0006713349124800873,-62.71823108309324,-0.0002889468447371086,0.0006748856230509803,-62.68442753904517,0.1300485557664906,0.2140399029612408,-12.025544355015663,116.60419864039442,53.347765671365686,116.77559190816154,53.33473145420088
1.5312000000000001,0.12997997911454723,0.21390859401822318,-12.030672680887541,-0.00028816985866441465,0.0006709226608558283,-62.73126895556945,-0.0002871233333581005,0.0006744740653602722,-62.697386464050844,0.13056052461722814,0.21354295683195962,-12.03102182397327,116.77563019317728,53.29781977297964,116.94615367870516,53.28412666042768
1.532,0.13049215915778062,0.21340933620462876,-12.036217097884263,-0.0002863610407668994,0.0006705088826951485,-62.744274395771306,-0.00028530690037943457,0.0006740602378602553,-62.710319581256854,0.13106787591235272,0.21304397850466766,-12.03657966330998,116.94647601229958,53.2466773305608,117.11612130507707,53.23233080938551
1.5328,0.1309997223763381,0.21290804467990132,-12.041841743723595,-0.0002845589690228878,0.0006700936021644134,-62.757247511023024,-0.00028349751458372254,0.0006736441753885558,-62.72322688754899,0.13157061152600974,0.21254299637593144,-12.042217853905408,117.1167277105412,53.19434199786175,117.28548643165784,53.17934764545286
1.5336,0.13150267059951457,0.2124047477550249,-12.047546603621736,-0.0002827635988486915,0.0006696768429625632,-62.77018840913625,-0.0002816951447671713,0.0006732259124738465,-62.73610837986632,0.13206873341706515,0.2120400387005281,-12.047936379652937,117.28637691287221,53.1408174975513,117.454240716185,53.12518098188353
1.5344,0.13200100574047932,0.21189947360008415,-12.053331665809424,-0.0002809748860327546,0.0006692586283315036,-62.7830971983665,-0.0002798997597404362,0.0006728054833377486,-62.748964055202705,0.1325622436278639,0.21153513359245724,-12.053735227454245,117.45541525722342,53.08610762136022,117.62237583052934,53.06983470093474
1.5352000000000001,0.1324947297950394,0.21139225024528382,-12.059196921526773,-0.00027919278673395917,0.0006688389810662677,-62.7959739873712,-0.0002781113283294503,0.0006723829218967156,-62.76179391060851,0.1330511442830074,0.2110283090259481,-12.059614387214065,117.62383439526113,53.03021623021626,117.78988346147513,53.01331275398391
1.536,0.1329838448404203,0.2108831055819676,-12.065142365018398,-0.0002774172574798302,0.0006684179235249581,-62.80881888516893,-0.00027632981937624206,0.00067195826176391,-62.77459794319232,0.13353543758814793,0.21051959283646726,-12.065573851835111,117.79162599316582,52.97314725436892,117.956755311504,52.95561916163568
1.5368,0.1334683530340664,0.21037206736363256,-12.071167993528721,-0.00027564825516463603,0.0006679954776384677,-62.821632001100326,-0.0002745552017397284,0.00067153153625106,-62.787376150122654,0.13401512582880287,0.2100090127217203,-12.071613617213298,117.95878173241509,52.914904693503395,118.12298309958292,52.89675801381736
1.5376,0.13394825661245902,0.20985916320694192,-12.077273807297512,-0.0002738857370473986,0.0006675716649199832,-62.8344134447901,-0.0002727874442964925,0.0006711027783703063,-62.800128528629806,0.13449021136918599,0.20949659624265285,-12.077733682233125,118.12529331057061,52.85549261684408,118.28855856195555,52.836733469864036
1.5384,0.13442355788995233,0.20934442059273523,-12.083459809555638,-0.0002721296607498186,0.0006671465064742774,-62.84716332611062,-0.00027102651594154557,0.0006706720208360347,-62.81285507600762,0.13496069665105648,0.20898237082444812,-12.08393404876331,118.2911524420682,52.79491516324706,118.45347345293715,52.7755497585926
1.5392000000000001,0.13489425925762882,0.2088278668670341,-12.08972600652106,-0.00027037998425411317,0.0006667200230067932,-62.85988175514653,-0.00026927238558906435,0.0006702392960666934,-62.82555578961541,0.13542658419258655,0.2084663637575205,-12.090214721652641,118.45635085901252,52.733176541281956,118.61771954571282,52.713211178364546
1.54,0.13536036318217007,0.20830952924204743,-12.096072407395011,-0.00026863666590078503,0.0006662922348325207,-62.87256884216086,-0.0002675250221731194,0.0006698046361865971,-62.83823066687984,0.13588787658724513,0.20794860219850825,-12.096575708726029,118.62088031197416,52.67028102930271,118.78128863313859,52.649722097138216
1.5408,0.13582187220474767,0.20778943479717124,-12.102499024358428,-0.0002668996643863149,0.0006658631618846735,-62.88522469756224,-0.0002657843946483784,0.0006693680730277173,-62.85087970529696,0.13634457650270024,0.20742911317126023,-12.103017020780818,118.78473257079087,52.60623297550745,118.94417252854615,52.585086952509265
1.5416,0.13627878893992987,0.20726761047998685,-12.109005872568595,-0.00026516893876079206,0.0006654328237231667,-62.89784943187329,-0.00026405047199079724,0.0006689296381314581,-62.86350290243415,0.1367966866797369,0.20690792356782212,-12.109538671583275,118.94789942537132,52.54103679798719,119.10636306654965,52.51931025174035
1.5424,0.13673111607460461,0.20674408310725612,-12.115592970155987,-0.000263444448425486,0.0006650012395429007,-62.91044315570021,-0.0002623232231982943,0.0006684893627504188,-62.87610025593221,0.137244209931193,0.2063850601494179,-12.116140677865328,119.11037268650195,52.47469698476341,119.26785210385552,52.45239657177936
1.5432000000000001,0.13717885636692304,0.20621887936591188,-12.122260338221354,-0.00026172615313035474,0.000664568428181855,-62.923005979703525,-0.0002606026172914034,0.0006680472778501396,-62.888671763507475,0.13768714914091168,0.2058605495474282,-12.122823059321505,119.27214418665734,52.40721809381452,119.42863152007506,52.384350559266274
1.544,0.13762201264525484,0.20569202581404733,-12.129008000833025,-0.0002600140129715125,0.000664134408128992,-62.93553801456986,-0.0002588886233139169,0.0006676034141108365,-62.90121742295394,0.13812550726270909,0.2053344182643661,-12.129585838606104,119.4332057808117,52.33860475309073,119.58869321853857,52.315176930528615
1.5448,0.13806058780716532,0.20516354888189983,-12.13583598502442,-0.0002583079883886396,0.0006636991975319813,-62.948039370984795,-0.00025718121033350684,0.0006671578019291181,-62.913737232145536,0.13855928731936043,0.20480669267484794,-12.136429041330594,119.59354934725484,52.26886166051791,119.74802912711274,52.24488047156539
1.5455999999999999,0.13849458481840454,0.20463347487283323,-12.14274432079177,-0.00025660804016235626,0.0006632628142047405,-62.96051015960685,-0.0002554803474423337,0.0006667104714196915,-62.926231189038305,0.13898849240160002,0.20427739902656256,-12.143352696061193,119.75316678840856,52.19799358398973,119.90663119901899,52.173466038019555
1.5464,0.13892400671191568,0.2041018299643154,-12.149733041092103,-0.00025491412941155403,0.0006628252756348024,-62.97295049104225,-0.00025378600375763747,0.0006662614524170508,-62.938699291672776,0.13941312566713887,0.20374656344123515,-12.150356834316725,119.9120500316467,52.12600536134851,120.06449141365434,52.10093855513871
1.5472000000000001,0.13934885658685792,0.20356864020889337,-12.156802181841382,-0.000253226217590694,0.0006623865989905071,-62.98536047582094,-0.0002520981484223162,0.0006658107744771528,-62.95114153817626,0.13983319033969716,0.2032142119155899,-12.157441490566605,120.070191030116,52.05290190035438,120.22160177741358,52.027303017724556
1.548,0.13976913760764534,0.20303393153516414,-12.163951781912916,-0.00025154426648707023,0.0006619468011280255,-62.997740224373395,-0.000250416750605485,0.0006653584668790765,-62.96355792676535,0.14024868970805185,0.20268037032230615,-12.164606702229172,120.2275817635597,51.978688178642976,120.37795432451297,51.95256449006993
1.5488,0.1401848530030029,0.20249772974874183,-12.17118188313596,-0.0002498682382180452,0.0006615058985982184,-63.01008984700829,-0.0002487417795030222,0.0006649045586266698,-62.975948455748245,0.14065962712510172,0.202145064410973,-12.171852509670114,120.38421423914237,51.90336924367132,120.5335411178156,51.87672810588484
1.5495999999999999,0.14059600606503603,0.20196006053322177,-12.178492530294543,-0.0002481980952282618,0.0006610639076533293,-63.022409453891264,-0.000247073204338101,0.0006644490784501779,-62.988313123527476,0.1410660060069449,0.20160831980903932,-12.179178956201186,120.54008049227609,51.82695021265202,120.68835424965725,51.799799068210135
1.5504,0.14100260014831703,0.20142094945114053,-12.185883771126512,-0.000246533800286831,0.0006606208442535239,-63.034699155024335,-0.00024541099436170614,0.0006639920548078622,-63.000651928602295,0.1414678298319738,0.20107016202276026,-12.186586088079123,120.69517258744843,51.74943627247592,120.84238584267378,51.721782649319636
1.5512000000000001,0.14140463866898542,0.20088042194493236,-12.193355656322804,-0.0002448753164845016,0.0006601767240732682,-63.04695906022633,-0.00024375511885313622,0.0006635335158875984,-63.01296486957138,0.14186510213998313,0.20053061643814005,-12.194073954504766,120.84948261905066,51.670832679622535,120.9956280506289,51.64268419061036
1.552,0.14180212510386472,0.20033850333788195,-12.200908239526893,-0.0002432226072308123,0.0006597315625075578,-63.059189279113994,-0.00024210554712049163,0.0006630734896084649,-63.02525194513553,0.14225782653129398,0.19998970832187085,-12.201642607622405,121.00300271220803,51.591144760059116,121.14807305924275,51.562509102480696
1.5528,0.14219506298959333,0.19979521883507229,-12.208541577334536,-0.00024157563625122838,0.0006592853746779965,-63.071389921084,-0.000240462248501147,0.0006626120036223107,-63.03751315410041,0.14264600666589178,0.19944746282226716,-12.209292102519356,121.15572502361005,51.51037790912738,121.2997130870209,51.48126286419672
1.5535999999999999,0.14258345592177,0.19925059352433042,-12.216255729293643,-0.00023993436758427055,0.0006588381754387312,-63.08356109529566,-0.00023882519236221304,0.0006621490853153134,-63.049748495379376,0.14302964626257875,0.19890390497019692,-12.217022497225754,121.30764174234154,51.428537591418554,121.45054038608339,51.398951023746335
1.5544,0.14296730755411408,0.19870465237716772,-12.224050757904445,-0.00023829876557863146,0.0006583899793822399,-63.09570291065438,-0.00023719434810098207,0.0006616847618095185,-63.06195796799625,0.1434087490981409,0.19835905968000886,-12.224833852714523,121.45874509071422,51.34562934063648,121.60054724299407,51.315579197681814
1.5552000000000001,0.14334662159764022,0.19815742024971753,-12.231926728619806,-0.00023666879489028786,0.0006579408008449858,-63.10781547579589,-0.00023556968514536273,0.0006612190599643646,-63.07414157108836,0.14378331900652844,0.1978129517504555,-12.232726232901612,121.6090273250983,51.26165875944868,121.74972597958957,51.231153070949965
1.556,0.14372140181984697,0.19760892188366766,-12.239883709845811,-0.00023504442047960603,0.000657490653912931,-63.119898899071075,-0.00023395117295429906,0.0006607520063781949,-63.08629930390944,0.14415335987805047,0.19726560586561165,-12.240699704646435,121.75848073675424,51.17663151932529,121.89806895380798,51.145678396710196
1.5568,0.1440916520439201,0.19705918190718907,-12.247921772942556,-0.00023342560760844505,0.0006570395524269178,-63.131953288531626,-0.00023233878101817687,0.0006602836273897489,-63.09843116583274,0.14451887565858412,0.19671704659578948,-12.248754337752501,121.90709765266465,51.09055336036601,122.04556856051725,51.05916099614073
1.5575999999999999,0.1444573761479491,0.19650822483586097,-12.256040992225127,-0.0002318123218372599,0.0006565875099879206,-63.14397875191617,-0.0002307324788592194,0.0006598139490796441,-63.1105371563541,0.14487987034879588,0.19616729839844918,-12.256890204968308,122.05487043636514,51.00343009111505,122.1922172323427,50.97160675823255
1.5584,0.14481857806415782,0.19595607507359145,-12.264241444964838,-0.00023020452902220592,0.0006561345399621698,-63.15597539663722,-0.00022913223603186883,0.0006593429972718383,-63.12261727509512,0.14523634800337798,0.19561638561910574,-12.265107381988393,122.2017914887755,50.915267588363974,122.33800744049347,50.883021639571375
1.5592000000000001,0.14517526177814846,0.19540275691353437,-12.272523211390642,-0.00022860219531224623,0.0006556806554861511,-63.16794332976856,-0.00022753802212315704,0.0006588707975350782,-63.13467152180644,0.1455883127302963,0.1950643324922315,-12.273405947454654,122.34785324902943,50.82607179694239,122.48293169558822,50.7934116641074
1.56,0.14552743132815948,0.19484829453900138,-12.280886374690798,-0.00022700528714626246,0.0006552258694714847,-63.17988265803335,-0.0002259498067530621,0.0006583973751843327,-63.146699896371004,0.14593576869005287,0.194511163142154,-12.281785982957864,122.49304819530379,50.73584872949646,122.62698254847939,50.70278292291293
1.5608,0.14587509080433667,0.1942927120243697,-12.289331021014734,-0.0002254137712501716,0.0006547701946096835,-63.19179348779276,-0.00022436755957485358,0.0006579227552822079,-63.15870239880746,0.14627872009496123,0.19395690158394993,-12.290247573039395,122.63736884564712,50.64460446625542,122.77015259107613,50.61114157392792
1.5615999999999999,0.14621824434801678,0.1937360333359869,-12.297857239475132,-0.00022382761463405216,0.0006543136433767963,-63.203675925035185,-0.00022279125027542795,0.0006574469626403511,-63.170679029273586,0.14661717120843396,0.19340157172433517,-12.298790805193162,122.78080775880568,50.552345154785826,122.91243445716539,50.51849384169342
1.5624,0.14655689615102524,0.19317828233306944,-12.306465122150223,-0.00022224678458927685,0.000653856228037939,-63.21553007536593,-0.0002212208485756298,0.0006569700218208332,-63.18262978806982,0.14695112634428323,0.19284519736254974,-12.307415769867811,122.92335753504973,50.459077009733754,123.0538208232312,50.4248460170727
1.5632000000000001,0.1468910504549855,0.19261948276859922,-12.315154764086312,-0.0002206712486856586,0.0006533979606517144,-63.22735604399753,-0.00021965632423056545,0.0006564919571375222,-63.19455467564281,0.14728058986603426,0.19228780219123928,-12.316122560469061,123.06501081699628,50.36480631255488,123.19430440927214,50.33020445696064
1.564,0.14722071155064223,0.19205965829021363,-12.3239262633005,-0.00021910097476860447,0.0006529388530745226,-63.23915393574042,-0.0002180976470299016,0.0006560127926574336,-63.20645369258908,0.14760556618625065,0.19172940979733208,-12.324911273362321,123.20576029043174,50.26953941123233,123.3338779796162,50.234575583980664
1.5648,0.14754588377719688,0.19149883244109217,-12.332779720783652,-0.00021753593095628313,0.0006524789169647675,-63.2509238549943,-0.0002165447867981543,0.0006555325522020709,-63.218326839658765,0.14792605976587264,0.19117004366291024,-12.333782007875518,123.34559868513139,50.173282719982346,123.47253434373364,50.13796588616958
1.5655999999999999,0.14786657152165475,0.1909370286608391,-12.34171524050355,-0.00021597608563680753,0.0006520181637869614,-63.26266590573969,-0.0002149977133949697,0.0006550512593487471,-63.230174117759375,0.1482420751135672,0.1906097271660787,-12.342734866302083,123.48451877567706,50.076042718948045,123.61026635704698,50.04038191665063
1.5664,0.14818277921818598,0.1903742702863607,-12.35073292940828,-0.00021442140746543041,0.0006515566048157264,-63.27438019153027,-0.00021345639671539095,0.00065456893743189,-63.241995527959716,0.14855361678509008,0.1900484835818283,-12.351769953904228,123.6225133822723,49.977825953880874,123.74706692173821,49.94183029329423
1.5672000000000001,0.1484945113474971,0.1898105805527392,-12.35983289742984,-0.000212871865361757,0.0006510942511397007,-63.28606681548535,-0.00021192080669011842,0.0006540856095443341,-63.25379107149377,0.14886068938265956,0.18948633608289517,-12.36088737891639,123.75957537155486,49.87863903581004,123.88292898755299,49.84231769836685
1.568,0.14880177243621562,0.18924598259410141,-12.369015257487934,-0.0002113274285069727,0.000650631113665347,-63.297725880282975,-0.0002103909132857567,0.0006536012985385934,-63.26556074976473,0.14916329755434285,0.18892330774061525,-12.370087252548895,123.89569765740657,49.778488640699926,124.01784555260168,49.741850878167654
1.5688,0.14910456705628666,0.18868049944448242,-12.37828012549405,-0.0002097880663410872,0.0006501672031206694,-63.309357488153346,-0.00020886668650505256,0.00065311602702812,-63.277304564349144,0.14946144599345307,0.18835942152577417,-12.37936968899187,124.03087320176013,49.67738150909525,124.15180966415717,49.64043664265346
1.5695999999999999,0.14940289982438065,0.18811415403868653,-12.387627620355662,-0.00020825374856019952,0.0006497025300588374,-63.32096174087263,-0.00020734809638712543,0.0006526298173885457,-63.289022517001044,0.14975513943795818,0.18779470030945294,-12.388734805419341,124.16509501540243,49.57532444575443,124.28481441944864,49.538081865051375
1.5704,0.14969677540131313,0.1875469692131416,-12.397057863980727,-0.000206724445113779,0.0006492371048617234,-63.33253873975727,-0.00020583511300768583,0.0006521426917589073,-63.3007146096562,0.15004438266990194,0.18722916686386906,-12.39818272199354,124.29835615877505,49.47232431927086,124.41685296645228,49.43479348146003
1.5712000000000002,0.14998619849147576,0.18697896770675043,-12.406570981282375,-0.00020520012620196823,0.0006487709377433517,-63.344088585658405,-0.00020432770647924706,0.0006516546720428576,-63.31238084443645,0.15032918051483427,0.18666284386321363,-12.407713561869457,124.43064974277047,49.368388061682154,124.54791850467718,49.33057849043851
1.572,0.15027117384227964,0.18641017216173722,-12.41616710018376,-0.00020368076227290363,0.0006483040387532639,-63.35561137895698,-0.00020282584695132617,0.0006511657799098561,-63.324021223654164,0.15060953784125494,0.18609575388448277,-12.417327451199577,124.56196892952512,49.26352266806776,124.67800428594765,49.22544395258372
1.5728,0.15055170624360859,0.1858406051244878,-12.42584635162325,-0.00020216632402005643,0.0006478364177798009,-63.367107219558925,-0.0002013295046106356,0.0006506760367963479,-63.335635749816674,0.1508854595600668,0.18552791940830468,-12.427024519138872,124.69230693320822,49.15773519613403,124.80710361518118,49.11939699009568
1.5735999999999999,0.1508278005272846,0.18527028904638787,-12.435608869559713,-0.0002006567823795972,0.0006473680845533066,-63.37857620689081,-0.00019983864968126889,0.0006501854639069224,-63.347224425630884,0.15115695062404075,0.18495936281976352,-12.436804897849942,124.82165702080631,49.05103276578828,124.93520985116152,49.01244478633169
1.5744,0.15109946156654375,0.18469924628465453,-12.445454790978092,-0.00019915210852777967,0.0006468990486492504,-63.39001843989578,-0.00019835325242487543,0.0006496940822154588,-63.35878725400796,0.15142401602729033,0.1843901064092163,-12.446668722508477,124.95001251290371,48.94342255870038,125.06231640730732,48.90459458534798
1.5752000000000002,0.15136669427552343,0.18412749910316467,-12.455384255895147,-0.0001976522738783479,0.0006464293194912764,-63.40143401702976,-0.00019687328314082982,0.000649201912466252,-63.370324238068,0.15168666080475818,0.183820172373108,-12.456616131308795,125.07736678445804,48.834911817853076,125.18841675243547,48.79585369143061
1.576,0.15162950360876004,0.18355506967327753,-12.465397407365465,-0.00019615725007996528,0.000645958906354176,-63.412823036258025,-0.0001953987121663907,0.0006487089751751257,-63.38183538114498,0.1519448900317123,0.18324958281477932,-12.46664726546973,125.20371326557148,48.725507847080316,125.31350441151992,48.68622946861427
1.5768,0.15188789456069765,0.18298198007465272,-12.475494391487667,-0.00019466700901366445,0.0006454878183667876,-63.424185595051995,-0.00019392950987685208,0.0006482152906305241,-63.39332068679156,0.15219870882325318,0.18267835974527133,-12.476762269240652,125.32904544225673,48.615218010593956,125.43757296644469,48.575729340189724
1.5776,0.15214187216520678,0.18240825229606422,-12.485675357410809,-0.0001931815227903237,0.0006450160645148268,-63.435521790386375,-0.00019246564668568938,0.0006477208788945915,-63.40478015878422,0.15244812233383054,0.18210652508412498,-12.486961289907732,125.45335685719805,48.50404973249909,125.56061605675143,48.464360788199876
1.5784,0.15239144149511444,0.18183390823620865,-12.495940457341035,-0.00019170076374816386,0.0006445436536436478,-63.44683171873645,-0.00019100709304469595,0.000647225759804233,-63.416213801128265,0.15269313575677101,0.18153410066017622,-12.497244477800418,125.57664111050681,48.392010496297566,125.68262738038148,48.352131352924545
1.5792000000000002,0.15263660766174342,0.18125896970451086,-12.506289846548412,-0.00019022470445027084,0.0006440705944609349,-63.45811547607575,-0.0001895538194441145,0.0006467299529721593,-63.42762161806306,0.15293375432381515,0.18096110821234632,-12.507611986298128,125.69889186047165,48.279107844380626,125.80360069441205,48.23904863235393
1.58,0.15287737581446256,0.1806834584219217,-12.516723683374025,-0.0001887533176821406,0.0006435968955393327,-63.46937315787389,-0.00018810579641275979,0.0006462334777879138,-63.4390036140673,0.15316998330466491,0.18038756939042763,-12.51806397183714,125.82010282430299,48.16534937750944,125.92352981578593,48.125120281650894
1.5808,0.15311375114024697,0.18010739602171327,-12.527242129237264,-0.00018728657644924725,0.0006431225653190068,-63.480604859094676,-0.0001866629945181349,0.0006457363534188837,-63.450359793864415,0.15340182800654098,0.1798135057558633,-12.528600593917755,125.94026777887146,48.05074275428472,126.04240862203577,48.010354012601944
1.5816,0.15334573886324826,0.17953080405026905,-12.537845348643305,-0.0001858244539746378,0.0006426476121101487,-63.4918106741944,-0.00018522538436654244,0.0006452385988112947,-63.46169016242804,0.15362929377374945,0.17923893878252478,-12.53922201511158,126.05938056144053,47.93529569060534,126.16023105200098,47.89475759305763
1.5824,0.15357334424437463,0.17895370396786814,-12.548533509190873,-0.00018436692369654914,0.0006421720440954132,-63.50299069712043,-0.00018379293660318808,0.0006447402326911874,-63.47299472498758,0.15385238598725842,0.17866388985748216,-12.549928401069128,126.17743507039285,47.81901595911525,126.27699110653886,47.77833884636157
1.5832000000000002,0.15379657258088011,0.1783761171494669,-12.559306781580146,-0.00018291395926605135,0.0006416958693323022,-63.514145021309915,-0.00018236562191228017,0.0006442412735653786,-63.48427348703385,0.15407111006428373,0.17808838028177165,-12.560719920527557,126.29442526594961,47.70191138863999,126.39268284922807,47.66110565076893
1.584,0.15401542920596487,0.1777980648854732,-12.570165339620942,-0.00018146553454471384,0.0006412190957554884,-63.52527373968873,-0.00018094341101712084,0.0006437417397224041,-63.49552645432489,0.15428547145788474,0.17751243127115707,-12.571596745318656,126.41034517088426,47.5839898636117,126.50730040706597,47.54306593885401
1.5848,0.15422991948838377,0.1772195683825174,-12.581109360241083,-0.00018002162360229544,0.0006407417311790808,-63.53637694467071,-0.00017952627468019228,0.0006432416492334453,-63.50675363289181,0.15449547565656882,0.1769360639568866,-12.582559050377068,126.52518887122851,47.46525932348346,126.6208379711584,47.42422769690723
1.5856,0.15444004883206516,0.1766406487642183,-12.592139023494989,-0.00017858220071446186,0.00064026378329884,-63.547454728156836,-0.00017811418370323936,0.0006427410199532387,-63.517955029044764,0.15470112818390552,0.17635929938644573,-12.593607013748667,126.63895051697192,47.345727762132974,126.73328979740195,47.304598964321514
1.5864,0.15464582267573862,0.17606132707194397,-12.603254512572493,-0.00017714724036052543,0.0006397852596943362,-63.5585071815349,-0.00017670710892734519,0.0006422398695209684,-63.529130649379,0.15490243459814917,0.17578215852430434,-12.604740816599225,126.75162432275408,47.225403227255356,126.84465020715905,47.18418783296837
1.5872000000000002,0.1548472464925722,0.17548162426556801,-12.614456013807871,-0.00017571671722121137,0.0006393061678310569,-63.56953439567907,-0.0001753050212330034,0.0006417382153611418,-63.54028050078104,0.15509940049187126,0.17520466225266015,-12.615960643223216,126.86320456854952,47.10429381974559,126.9549135879254,47.06300244656364
1.588,0.1550443257898184,0.17490156122422104,-12.625743716689072,-0.00017429060617644735,0.0006388265150624644,-63.5805364609498,-0.00017390789154018456,0.0006412360746844467,-63.551404590435,0.15529203149160117,0.1746268313721764,-12.627266681052895,126.97368560034482,46.982407693070265,127.06407439398886,46.94105100002281
1.5888,0.1552370661084701,0.17432115874703624,-12.637117813867215,-0.00017286888230317706,0.0006383463086320013,-63.591513467193806,-0.00017251569080839707,0.0006407334644885931,-63.56250292582891,0.15548033325747598,0.1740486866027146,-12.638659120667581,127.0830618308088,46.859753052629024,127.17212714708164,46.81834173880648
1.5896,0.15542547302292442,0.17374043755389174,-12.648578501166241,-0.0001714515208732008,0.0006378655556750518,-63.602465503744256,-0.0001711283900367466,0.0006402304015591363,-63.57357551476124,0.1556643114828989,0.17347024858406357,-12.650138155803122,127.19132773995383,46.73633815510589,127.2790664370228,46.69488295825566
1.5904,0.15560955214065628,0.1731594182861466,-12.660125977592818,-0.00017003849735103851,0.0006373842632208522,-63.613392659420995,-0.00016974596026398913,0.0006397269024702847,-63.5846223653475,0.15584397189420596,0.17289153787666262,-12.661703983361614,127.29847787578989,46.612171307810236,127.38488692235352,46.57068300291736
1.5912000000000002,0.15578930910189975,0.1725781215073733,-12.671760445346463,-0.0001686297873918193,0.0006369024381943591,-63.62429502253111,-0.00016836837256858236,0.0006392229835856875,-63.59564348602696,0.15601932025034207,0.1723125749623209,-12.673356803421305,127.40450685496995,46.48726086800807,127.4895833309631,46.44575026586041
1.592,0.15596474957933928,0.1719965677040842,-12.683482109829862,-0.00016722536683919364,0.0006364200874180707,-63.63517268086936,-0.00016699559806873117,0.0006387186610592077,-63.60663888556941,0.1561903623425444,0.17173338024493098,-12.685096819246729,127.50940936342714,46.36161524224301,127.59315046070674,46.32009318798162
1.5928,0.15613587927780867,0.17141477728645294,-12.695291179659435,-0.00016582521172326943,0.0006359372176138053,-63.646025721718985,-0.00016562760792243028,0.000638213950835676,-63.617608573082165,0.1563571039940352,0.17115397405117783,-12.696924237299054,127.61318015700368,46.23524288564773,127.6955831800143,46.19372025730237
1.5936,0.15630270393399862,0.17083277058903223,-12.7071878666761,-0.00016442929825857494,0.0006354538354044381,-63.656854231852506,-0.0001642643733275055,0.0006377088686516285,-63.62855255801709,0.15651955105972196,0.17057437663124342,-12.708839267246635,127.71581406207038,46.10815230124572,127.79687642849001,46.06664000825615
1.5944,0.156465229316173,0.1702505678714655,-12.719172385956242,-0.00016303760284204334,0.0006349699473155968,-63.66765829753262,-0.00016290586552165004,0.0006372034300360252,-63.63947085017776,0.1566777094259061,0.16999460815950615,-12.720842121975783,127.81730597613809,45.98035203924352,127.89702521750314,45.938861020966634
1.5952000000000002,0.15662346122389312,0.16966818931919447,-12.731244955822916,-0.0001616501020510233,0.0006344855597773176,-63.678438004513296,-0.00016155205578245995,0.0006366976503109542,-63.6503634597267,0.15683158500999952,0.16941468873523557,-12.73293301760176,127.91765086845938,45.851850696313655,127.99602463076889,45.81039192051672
1.596,0.15677740548775015,0.16908565504416131,-12.743405797857273,-0.00016026677264131215,0.000634000679125659,-63.68919343804091,-0.00016020291542746581,0.0006361915445923144,-63.66123039719285,0.1569811837602496,0.1688346383832826,-12.745112173479944,128.01684378062157,45.722656914868175,128.09386982492063,45.68124137620899
1.5968,0.15692706796910613,0.16850298508550535,-12.755655136910187,-0.0001588875915452116,0.000633515311604283,-63.699924682855524,-0.0001588584158141617,0.0006356851277904841,-63.67207167347904,0.15712651165547156,0.16825447705476337,-12.757379812217284,128.11487982713024,45.592779382323045,128.19055603007183,45.55141810081663
1.5976,0.15707245455984253,0.16792019941025613,-12.767993201114098,-0.0001575125358696101,0.0006330294633659938,-63.71063182319222,-0.00015751852834003412,0.0006351784146109697,-63.68288729986961,0.1572675747047885,0.16767422462774045,-12.76973615968389,128.2117541959832,45.46222683035386,128.28607855036836,45.42093084982661
1.5984,0.15721357118211687,0.16733731791402043,-12.780420221895081,-0.0001561415828940861,0.000632543140474244,-63.72131494278257,-0.0001561832244425877,0.000634671419555038,-63.69367728803824,0.15740437894738007,0.16709390090789758,-12.782181445024865,128.30746214923485,45.33100803414247,128.38043276453124,45.28978842067374
1.5992000000000002,0.15735042378812739,0.16675436042166525,-12.792936433985108,-0.00015477471006903668,0.0006320563489046039,-63.73197412485615,-0.00015485247559937098,0.0006341641569203309,-63.70444165005571,0.15753693045223727,0.16651352562921068,-12.794715900672358,128.40199902355073,45.199131811615075,128.47361412638853,45.15799965196684
1.6,0.1574830183598852,0.1661713466879949,-12.805542075434557,-0.0001534118950138274,0.0006315690945461978,-63.74260945214218,-0.00015352625332799914,0.0006336566408014614,-63.71518039839805,0.1576652353179262,0.16593311845461303,-12.807339762357808,128.49536023075208,45.06660702267174,128.5656181653979,45.025573422706394
1.6008,0.1576113609089944,0.1655882963984234,-12.818237387624919,-0.0001520531155149649,0.0006310813832031052,-63.75322100687123,-0.00015220452918617589,0.0006331488850905931,-63.72589354595452,0.15778929967235858,0.16535269897665586,-12.820053269124429,128.58754125835054,44.93344256840743,128.65644048715865,44.89251865149436
1.6016,0.15773545747643972,0.1650052291696424,-12.831022615281702,-0.00015069834952429416,0.0006305932205957307,-63.763808870776984,-0.0001508872747717162,0.0006326409034780006,-63.73658110603601,0.15790912967256956,0.16477228671816457,-12.832856663339857,128.67853767007236,44.799647390325106,128.7460767739126,44.75884429573616
1.6024,0.1578553141323815,0.16442216455028347,-12.84389800648759,-0.00014934757515721686,0.0006301046123621425,-63.774373125098094,-0.00014957446172256708,0.0006321327094526136,-63.74724309238338,0.15802473150450308,0.16419190113288967,-12.845750190709055,128.76834510637232,44.665230469540525,128.83452278503523,44.62455935083495
1.6032000000000002,0.15797093697595824,0.1638391220215766,-12.85686381269576,-0.00014800077069093326,0.0006296155640593783,-63.7849138505801,-0.00014826606171682976,0.0006316243163025435,-63.757879519175866,0.1581361113828044,0.16361156160615317,-12.858734100287384,128.85695928493732,44.53020082597939,128.92177435751563,44.48967284937839
1.604,0.15808233213509676,0.16325612099800202,-12.86992028874346,-0.00014665791456270493,0.0006291260811647236,-63.79543112747741,-0.00014696204647277985,0.0006311157371155884,-63.76849040103991,0.15824327555061954,0.1630312874554899,-12.8718086444939,128.94437600117908,44.394567517566486,129.0078274064257,44.35419386031813
1.6048,0.1581895057663293,0.1626731808279379,-12.883067692865772,-0.0001453189853681392,0.0006286361690769584,-63.80592503555535,-0.00014566238774888822,0.0006306069847797264,-63.779075753057825,0.158346230279402,0.1624510979312833,-12.8849740791249,129.03059112871628,44.258339639407374,129.09267792537835,44.21813148814175
1.6056,0.15829246405461772,0.16209032079430347,-12.896306286709617,-0.0001439839618594973,0.0006281458331175771,-63.8163956540923,-0.0001443670573438437,0.0006300980719835842,-63.78963559077676,0.1584449818687264,0.16187101221739794,-12.898230663367581,129.11560061984574,44.121526322962765,129.17632198697473,44.081494872038384
1.6064,0.15839121321318542,0.16150756011519654,-12.909636335347912,-0.00014265282294402215,0.0006276550785319787,-63.82684306188179,-0.00014307602709657548,0.0006295890112168943,-63.80016993021773,0.1585395366461091,0.1612910494318056,-12.911578659813985,129.19940050600266,43.984136735215685,129.25875574324002,43.94429318505686
1.6072000000000002,0.15848575948335575,0.1609249179445266,-12.923058107293981,-0.00014132554768228934,0.0006271639104906327,-63.83726733723478,-0.0001417892688862775,0.0006290798147709299,-63.81067878788479,0.15862990096683519,0.16071122862720794,-12.925018334475116,129.2819868982096,43.84618007783151,129.33997542604803,43.80653563325765
1.608,0.1585761091343973,0.1603424133726422,-12.93657187451618,-0.00014000211528657759,0.0006266723340902153,-63.84766855798187,-0.0001405067546324332,0.0006285704947389232,-63.821162180774415,0.1587160812137927,0.16013156879165305,-12.93854995679525,129.36335598751418,43.7076655863111,129.41997734753429,43.66823145485812
1.6088,0.15866226846337683,0.15976006542695373,-12.950177912452709,-0.00013868250511925987,0.0006261803543547231,-63.85804680147564,-0.00013922845629484108,0.0006280610630164651,-63.83162012638493,0.1587980837973136,0.15955208884914726,-12.952173799666484,129.44350404541575,43.56860252913728,129.4987579004979,43.529389919371475
1.6096,0.15874424379501834,0.15917789307255142,-12.963876500026629,-0.00013736669669121696,0.0006256879762365585,-63.86840214459299,-0.00013795434587364486,0.0006275515313018884,-63.8420526427261,0.15887591515502067,0.15897280766026312,-12.965890139443456,129.52242742428024,43.429000206914935,129.57631355879127,43.39002032673969
1.6104,0.15882204148156892,0.15859591521281777,-12.977667919661108,-0.00013605466966027033,0.000625195204617594,-63.878734663737575,-0.0001366843954093628,0.0006270419110966312,-63.852459748328975,0.15894958175168167,0.15839374402274162,-12.97969925595826,129.6001225577436,43.288867951504464,129.65264087769816,43.250132006460674
1.6112000000000002,0.1588956679026717,0.15801415069003596,-12.991552457294839,-0.0001347464038296361,0.0006247020443102095,-63.88904443484218,-0.00013541857698292232,0.000626532213705585,-63.862841462255645,0.15901909007906942,0.15781491667208994,-12.993601432535577,129.67658596110343,43.148215125149605,129.72773649430044,43.10973431670943
1.612,0.15896512946524488,0.15743261828599237,-13.005530402397682,-0.00013344187914639816,0.00062420850005831,-63.899331533371196,-0.00013415686271569502,0.0006260224502374195,-63.87319780410941,0.1590844466558285,0.15723634428217403,-13.007596956008015,129.751814231699,43.0070511195987,129.80159712783222,42.96883664345383
1.6128,0.15903043260336788,0.1568513367225738,-13.019602047986524,-0.00013214107570000045,0.000623714576538317,-63.90959603432321,-0.00013289922476953444,0.000625512631604896,-63.88352879404488,0.15914565802734845,0.15665804546580658,-13.021686116731605,129.82580404927913,42.86538535522053,129.87421958002227,42.82744839956503
1.6136,0.1590915837781734,0.15627032466236096,-13.0337676906413,-0.00013084397372076107,0.0006232202783601406,-63.919838012233406,-0.00013164563534681938,0.0006250027685251566,-63.8938344527784,0.1592027307656426,0.15608003877532986,-13.035869208601534,129.8985521763586,42.723227280114585,129.94560073542448,42.68557902392269
1.6144,0.15914858947774593,0.15568960070921603,-13.048027630521254,-0.00012955055357840364,0.000622725610068128,-63.93005754117628,-0.00013039606669049903,0.0006244928715200006,-63.90411480159844,0.15925567146923372,0.155502342703194,-13.05014652906804,129.9700554585616,42.58058636921574,130.01573756173562,42.543237980515315
1.6152000000000002,0.15920145621702717,0.15510918340886556,-13.062382171381357,-0.00012826079578060991,0.0006222305761419946,-63.94025469476812,-0.0001291504910841429,0.0006239829509161379,-63.9143698623763,0.1593044867630454,0.15492497568253083,-13.064518379152512,130.0403108249541,42.43747212339409,130.08462711010142,42.400434757535876
1.616,0.15925019053772668,0.15452909124947817,-13.07683162058896,-0.00012697468097158922,0.0006217351809977304,-63.95042954616965,-0.00012790888085199422,0.0006234730168454282,-63.92459965757688,0.15934918329829947,0.15434795608772192,-13.078985063463769,130.109315288363,42.29389406854929,130.15226651540976,42.25717886647273
1.6168,0.15929479900824,0.15394934266223712,-13.091376289140621,-0.00012569218993066687,0.0006212394289884897,-63.96058216808872,-0.0001266712083590267,0.0006229630792450997,-63.93480421026964,0.1593897677524195,0.15377130223496183,-13.093546890214565,130.1770659456838,42.14986175470056,130.2186529965719,42.11347984119611
1.6176,0.15933528822357146,0.1533699560219082,-13.106016491679142,-0.0001244133035708927,0.0006207433244054592,-63.970712632782956,-0.00012543744601100886,0.0006224531478579505,-63.94498354413968,0.15942624682894038,0.1531950323828174,-13.108204171238214,130.243559978175,42.00538475507164,130.28378385679096,41.969347237040786
1.6184,0.15937166480526407,0.15279094964740247,-13.120752546510763,-0.0001231380029376663,0.0006202468714787106,-63.980821012062385,-0.00012420756625457086,0.0006219432322325314,-63.95513768349901,0.1594586272574231,0.15261916473278161,-13.12295722200545,130.30879465174093,41.860472665171784,130.34765648381756,41.824790629884454
1.6192000000000002,0.15940393540133527,0.1522123418023344,-13.135584775622576,-0.00012186626920738123,0.0006197500743780307,-63.99090737729223,-0.00012298154157727872,0.0006214333417233123,-63.965266653297974,0.1594869157933761,0.1520437174298227,-13.137806361641449,130.37276731720124,41.715135101872306,130.41026835019363,41.679819615222556
1.62,0.15943210668621785,0.15163415069557404,-13.150513504700118,-0.00012059808368608681,0.0006192529372137366,-64.00097179939557,-0.00012175934450771241,0.0006209234854908273,-63.97537047913679,0.15951111921818156,0.15146870856292832,-13.15275191294303,130.43547541054832,41.569381702479085,130.47161701348261,41.53444380723947
1.6208,0.15945618536070777,0.1510563944817949,-13.16553906314516,-0.00011933342780816589,0.0006187554640374723,-64.0110143488561,-0.00012054094761555022,0.0006204136725018041,-63.985449187277354,0.15953124433902804,0.15089415616564456,-13.16779420239605,130.49691645319177,41.42322212380128,130.53170011648768,41.388672837876136
1.6216,0.15947617815191695,0.15047909126201664,-13.180661784093644,-0.00011807228313503273,0.0006182576588429883,-64.02103509572089,-0.00011932632351166039,0.0006199039115292748,-63.995502804655054,0.15954729798884817,0.1503200782166111,-13.182933560192929,130.5570880521903,41.27666604121658,130.5905153874566,41.242516355895084
1.6224,0.15949209181323207,0.14990225908414273,-13.195882004433843,-0.00011681463135384617,0.0006177595255669052,-64.0310341096031,-0.00011811544484819875,0.0006193942111526676,-64.00553135889092,0.15955928702626215,0.14974649264009046,-13.198170320250398,130.61598790047054,41.12972314773289,130.64806064027425,41.09598402594192
1.6232,0.1595039331242793,0.14932591594349354,-13.211200064824657,-0.0001155604542762414,0.0006172610680894607,-64.04101145968482,-0.00011690828431871431,0.0006188845797578821,-64.01553487830378,0.15956721833552626,0.14917341730649322,-13.213504820227381,130.67361377703352,40.98240315304707,130.70433377464175,40.94908552760455
1.624,0.15951170889089386,0.14875007978333318,-13.22661630971413,-0.00011430973383707511,0.0006167622902352405,-64.0509672147198,-0.00011570481465825926,0.0006183750255373442,-64.02551339192271,0.15957109882648765,0.1486008700328974,-13.228937401543066,130.72996354714766,40.8347157826003,130.7593327762432,40.8018305544695
1.6248,0.1595154259450964,0.14817476849539316,-13.242131087358066,-0.00011306245209319194,0.0006162631957738952,-64.0609014430363,-0.00011450500864351074,0.0006178655564900452,-64.03546692949956,0.15957093543454337,0.14802886858356468,-13.244468409395093,130.7850351625293,40.68667077663118,130.81305571689913,40.65422881317637
1.6256,0.15951509114507303,0.14759999992038886,-13.257744749838931,-0.0001118185912222023,0.0006157637884208396,-64.07081421253976,-0.00011330883909289653,0.0006173561804215608,-64.04539552152167,0.15956673512060543,0.14745743067044956,-13.260098192777969,130.8388266615101,40.538277889225675,130.86550075470677,40.50629002246963
1.6264,0.15951071137516257,0.14702579184853298,-13.273457653084787,-0.00011057813352127976,0.0006152640718379415,-64.08070559071578,-0.00011211627886673187,0.0006168469049440532,-64.05529919922488,0.15955850487107082,0.14688657395370533,-13.275827104501586,130.89133616919116,40.38954688736528,130.91666613416814,40.35802391224894
1.6272,0.15950229354584805,0.1464521620200432,-13.289270156888463,-0.00010934106140597398,0.0006147640496341924,-64.0905756446328,-0.00011092730086736442,0.000616337737476256,-64.0651779946064,0.15954625169779668,0.1463163160421856,-13.291655501209885,130.9425618975846,40.2404875499727,130.9665501863039,40.20944022261786
1.6280000000000001,0.15948984459375384,0.14587912812564344,-13.305182624926918,-0.00010810735740903612,0.0006142637253663656,-64.10042444094495,-0.0001097418780393262,0.0006158286852434375,-64.07503194043831,0.1595299826380806,0.14574667449393822,-13.307583743399727,130.99250214574167,40.0911096669555,131.01515132875534,40.060548702930454
1.6288,0.15947337148164817,0.14530670780706348,-13.321195424780628,-0.00010687700417926476,0.0006137631025396626,-64.11025204589484,-0.0001085599833694986,0.0006153197552773515,-64.08486107028074,0.15950970475464604,0.1451776668166984,-13.323612195439825,131.04115529986788,39.941423038248544,131.06246806587237,39.91135911083759
1.6296,0.15945288119845027,0.14473491865752977,-13.337308927953275,-0.00010564998448036201,0.000613262184608343,-64.12005852531645,-0.00010738158988728261,0.0006148109544161643,-64.09466541849567,0.15948542513563227,0.14460931046837341,-13.339741225589886,131.0885198334251,39.79143747285434,131.10849898878885,39.76188121133119
1.6304,0.15942838075924326,0.1441637782222533,-13.3535235098915,-0.00010442628118980787,0.0006127609749763445,-64.12984394463786,-0.00010620667066478279,0.0006143022893043686,-64.10444502026051,0.1594571508945899,0.1440416228575241,-13.35597120601987,131.13459430722025,39.641162787882216,131.15324277548498,39.61212477578832
1.6312,0.1593998772052919,0.14359330399891262,-13.369839550004789,-0.00010320587729774938,0.0006122594769978891,-64.13960836888408,-0.00010503519881700099,0.0006137937663926762,-64.11419991158225,0.15942488917048103,0.14347462134384256,-13.372302512829304,131.1793773694812,39.49060880758681,131.19669819083612,39.4620995810146
1.6320000000000001,0.15936737760406472,0.14302351343813088,-13.386257431685545,-0.00010198875590590161,0.0006117576939780763,-64.14935186267994,-0.00010386714750203836,0.0006132853919378952,-64.12393012931139,0.1593886471276836,0.14290832323862204,-13.388735526066878,131.22286775591914,39.339785362405145,131.23886408664876,39.31181540828663
1.6328,0.15933088904926251,0.14245442394394847,-13.402777542329234,-0.00010077490022646737,0.0006112556291734664,-64.15907449025275,-0.00010270248992131251,0.0006127771720027871,-64.13363571115642,0.15934843195600196,0.14234274580522568,-13.405270629749966,131.2650642897782,39.18870228799342,131.27973940168366,39.16128204239509
1.6336,0.15929041866084986,0.14188605287428968,-13.419400273354746,-9.956429358106629e-05,0.0006107532857926505,-64.1687763154353,-0.00010154119931978248,0.0006122691124559084,-64.14331669569818,0.15930425087068012,0.14177790625954687,-13.421908211884453,131.3059658818714,39.037369424262955,131.3193231616652,39.010509270686896
1.6344,0.15924597358509332,0.14131841754142624,-13.436126020224766,-9.835691939968185e-05,0.0006102506669968092,-64.1784574016685,-0.00010038324898618793,0.0006117612189714328,-64.15297312240465,0.15925611111242155,0.14121382177046726,-13.438648664484528,131.34557153060376,38.88579661441642,131.35761447927845,38.85950688210825
1.6352,0.15919756099460292,0.14075153521243378,-13.452955182466342,-9.715276121962144e-05,0.0006097477759002616,-64.18811781200424,-9.922861225330129e-05,0.0006112534970289572,-64.16260503164567,0.1592040199474124,0.14065050946031002,-13.455492383592627,131.38388032198225,38.73399370398353,131.3946125541526,38.70828466624808
1.6360000000000001,0.1591451880883791,0.14018542310964435,-13.46988816369156,-9.595180268448724e-05,0.0006092446155710017,-64.19775760910825,-9.807726249818922e-05,0.0006107459519132887,-64.17221246470812,0.15914798466734964,0.14008798640528544,-13.472439769299509,131.4208914296123,38.58197053985714,131.43031667283134,38.55685241238145
1.6368,0.15908886209186457,0.1396200984110942,-13.486925371618257,-9.475402754316559e-05,0.0006087411890312269,-64.20737685526274,-9.692917314249209e-05,0.0006102385887142148,-64.18179546381106,0.15908801258947408,0.13952626963593603,-13.48949122576434,131.45660411468157,38.429736969329866,131.46472620873087,38.40521990851482
1.6376,0.15902859025699995,0.13905557825096523,-13.504067218090913,-9.355941964882402e-05,0.0006082374992578516,-64.21697561236935,-9.578431765271208e-05,0.0006097314123262567,-64.19135407212111,0.15902411105660655,0.13896537613757207,-13.50664716123498,131.4910177259302,38.27730283913091,131.49784062208403,38.2533969404312
1.6384,0.15896437986228454,0.13849187972002236,-13.521314119101614,-9.236796295792593e-05,0.0006077335491830167,-64.2265539419518,-9.464266954051843e-05,0.0006092244274484038,-64.20088833376822,0.15895628743719,0.13840532285070686,-13.523907988068203,131.52413169960823,38.124677994464015,131.52965945987177,38.10139329073769
1.6392,0.15889623821284168,0.13792901986604686,-13.538666494811025,-9.117964152925646e-05,0.0006072293416945851,-64.23611190515871,-9.350420236306742e-05,0.0006087176385838335,-64.2103982938612,0.15888454912533512,0.1378461266714841,-13.541274122750089,131.55594555941965,37.97187227804655,131.56018235574214,37.94921873791373
1.6400000000000001,0.15882417264048793,0.13736701569426152,-13.55612476956958,-8.999443952295947e-05,0.0006067248796366282,-64.24564956276635,-9.236888972333354e-05,0.00060821105003961,-64.21988399850395,0.15880890354087016,0.13728780445210106,-13.558745985916453,131.58645891645386,37.81889552914913,131.58940902991566,37.7968830553611
1.6408,0.15874819050380756,0.1368058841677548,-13.573689371938585,-8.881234119959077e-05,0.0006062201658099053,-64.25516697518137,-9.123670527046084e-05,0.0006077046659263706,-64.22934549481143,0.15872935812939523,0.1367303730012285,-13.576324002373298,131.61567146910346,37.665757582637724,131.61733928907807,37.64439601045623
1.6416,0.1586682991882305,0.13624564220789648,-13.591360734711513,-8.763333091917956e-05,0.0006057152029723313,-64.26466420244361,-9.010762270012487e-05,0.0006071984901579898,-64.23878283092614,0.15864592036234135,0.13617384908442348,-13.594008601117318,131.64358300296965,37.5124682680164,131.6439730262608,37.49176736360406
1.6424,0.15858450610611555,0.13568630669475018,-13.609139294935273,-8.64573931403048e-05,0.0006052099938394359,-64.27414130422875,-8.898161575491463e-05,0.0006066925264512317,-64.24819605603464,0.15855859773703174,0.13561824942453857,-13.611800215356515,131.67019339075443,37.359037408472496,131.6693102207075,37.339006867294295
1.6432,0.15849681869683635,0.13512789446748072,-13.627025493931562,-8.528451241918403e-05,0.0006047045410848179,-64.28359833985105,-8.785865822473012e-05,0.0006061867783253828,-64.25758522038424,0.15846739777674942,0.1350635907021271,-13.629699282530702,131.69550259213955,37.205474819923694,131.69335093772904,37.18612426516056
1.6440000000000001,0.15840524442687307,0.13457042232475552,-13.645019777318232,-8.41146734087705e-05,0.0006041988473405842,-64.2930353682661,-8.673872394719402e-05,0.0006056812491018678,-64.26695037530001,0.15837232803080806,0.1345098895558417,-13.647706244332111,131.71951065365334,37.05179031006727,131.71609532854512,37.03312929104167
1.6448,0.15830979078990787,0.1340139070251423,-13.663122595030671,-8.294786085786686e-05,0.000603692915197788,-64.30245244807348,-8.562178680808586e-05,0.0006051759419038505,-64.27629157320185,0.15827339607462557,0.1339571625828294,-13.665821546726036,131.74221770852404,36.89799367743203,131.73754363011344,36.880031668046
1.6456,0.15821046530692373,0.13345836528749963,-13.681334401343255,-8.17840596102456e-05,0.0006031867472068516,-64.31184963751946,-8.450782074178886e-05,0.0006046708596558172,-64.28560886762182,0.15817060950980358,0.13340542633912159,-13.684045639971377,131.76362397652088,36.74409471043243,131.75769616494634,36.72684110761909
1.6464,0.15810727552630752,0.13290381379136518,-13.69965565489075,-8.062325460378428e-05,0.0006026803458779889,-64.32122699449967,-8.339679973175841e-05,0.0006041660050831448,-64.29490231322168,0.15806397596420976,0.13285469734001867,-13.70237897864124,131.78372976378185,36.590103186426056,131.77655334091503,36.57356730861416
1.6472,0.1580002290239589,0.13235026917733778,-13.718086818689661,-7.946543086961127e-05,0.0006021737136816131,-64.33058457656178,-8.228869781100933e-05,0.0006036613807116517,-64.3041719658106,0.1579535030920634,0.13230499206047117,-13.720822021643503,131.8025354626296,36.43602887077434,131.79411565104115,36.420219956366495
1.6480000000000001,0.1578893334033992,0.13179774804745156,-13.736628360159786,-7.831057353126004e-05,0.0006016668530487426,-64.33992244090814,-8.11834890626191e-05,0.0006031569888671336,-64.31341788236304,0.15783919857402737,0.13175632693545447,-13.739375232241267,131.820041551374,36.281881515905106,131.81038367327648,36.26680872177128
1.6488,0.15777459629588872,0.13124626696555142,-13.7552807511454,-7.715866780383887e-05,0.0006011597663713961,-64.34924064439839,-8.0081147620256e-05,0.0006026528316748827,-64.32264012103687,0.15772107011729905,0.13120871836034032,-13.758039078073397,131.83624859410273,36.12767086038089,131.82535807026935,36.11334326036516
1.6496,0.15765602536054474,0.13069584245765645,-13.77404446793671,-7.600969899320632e-05,0.0006006524560029815,-64.35853924355216,-7.898164766872168e-05,0.0006021489110591929,-64.33183874119166,0.15759912545571075,0.13066218269126176,-13.776814031174851,131.8511572404593,35.973406627968615,131.83903958912046,35.95983321141209
1.6503999999999999,0.15753362828446438,0.13014649101232356,-13.792919991291061,-7.486365249516062e-05,0.0006001449242586784,-64.36781829455163,-7.78849634445192e-05,0.0006016452287428471,-64.3410138034072,0.15747337234982847,0.13011673624547493,-13.795700567997065,131.86476822540837,35.81909852671467,131.85142906112472,35.80628819699318
1.6512,0.15740741278285153,0.12959822908100319,-13.81190780645417,-7.372051379463839e-05,0.0005996371734158132,-64.37707785324407,-7.679106923643958e-05,0.0006011417862465924,-64.35016536950214,0.15734381858705868,0.12957239530171535,-13.814699169428092,131.8770823689893,35.66475624802331,131.86252740150272,35.65271782110127
1.6520000000000001,0.1572773865991474,0.1290510730783914,-13.831008403181194,-7.25802684649239e-05,0.0005991292057142283,-64.38631797514458,-7.569993938617126e-05,0.0006006385848885966,-64.35929350255294,0.1572104719817557,0.12902917610054934,-13.833810320812772,131.88810057605724,35.51038946573954,131.8723356091193,35.49913166873981
1.6528,0.15714355750516296,0.12850503938277547,-13.85022227575784,-7.144290216686827e-05,0.0005986210233566426,-64.39553871543852,-7.461154828893074e-05,0.0006001356257838933,-64.36839826691292,0.15707334037533321,0.1284870948447212,-13.85303451197271,131.89782383601172,35.356007835236014,131.88085476619023,35.34553930502668
1.6536,0.1570059333012186,0.12796014433637573,-13.869549923021198,-7.030840064811763e-05,0.000598112628509009,-64.40474012898412,-7.352587039411625e-05,0.0005996329098438105,-64.3774797282315,0.15693243163638057,0.12794616769949396,-13.872372237226145,131.90625322251424,35.20162099250504,131.8880860379779,35.19195027430273
1.6543999999999999,0.1568645218162837,0.1274164042456828,-13.888991848380543,-6.917674974235262e-05,0.0005976040233008631,-64.41392227031501,-7.244288020598455e-05,0.000599130437775384,-64.38653795347382,0.15678775366078018,0.12740641079298753,-13.891823995407647,131.91338989319254,35.04723855325527,131.89403067247449,35.038374099245736
1.6552,0.15671933090812132,0.12687383538178693,-13.90854855983802,-6.804793536853714e-05,0.0005970952098256659,-64.42308519364282,-7.136255228435167e-05,0.0005986282100807598,-64.39557301094023,0.15663931437183118,0.1268678402165114,-13.9113902898876,131.9192350893342,34.89287011201275,131.89869000007394,34.88482027998986
1.6560000000000001,0.15657036846343708,0.12633245398070608,-13.928220570009046,-6.692194353017663e-05,0.0005965861901411433,-64.43222895285953,-7.028486124531846e-05,0.0005981262270565787,-64.40458497028628,0.15648712172037346,0.1263304720248908,-13.931071628591614,131.92379013556763,34.738525241228004,131.9020654332328,34.73129829324979
1.6568,0.1564176423980306,0.12579227624370637,-13.94800839614263,-6.579876031458542e-05,0.0005960769662696163,-64.44135360154013,-6.920978176201873e-05,0.0005976244887933498,-64.41357390254277,0.15633118368491772,0.12579432223679174,-13.95086852401953,131.92705643953244,34.584213490387995,131.90415846611904,34.577817591451826
1.6576,0.15626116065694992,0.12525331833761805,-13.96791256014148,-6.467837189216301e-05,0.0005955675401983269,-64.45045919294505,-6.81372885653947e-05,0.0005971229951748109,-64.42253988013599,0.15617150827177684,0.1252594068350366,-13.970781493264424,131.9290354915369,34.42994438513336,131.90497067425028,34.42438760186934
1.6583999999999999,0.1561009312146485,0.1247155963951458,-13.98793358858194,-6.356076451568066e-05,0.0005950579138797593,-64.45954578002257,-6.706735644499627e-05,0.0005966217458772715,-64.43148297690819,0.15600810351520006,0.12472574176691822,-13.990811058031236,131.9297288642047,34.275727426381344,131.90450371412032,34.27101772576513
1.6592,0.15593696207515015,0.12417912651517644,-14.008072012733459,-6.244592451957513e-05,0.0005945480892319553,-64.46861341541135,-6.59999602498096e-05,0.0005961207403689505,-64.44040326813821,0.15584097747751308,0.12419334294450862,-14.010957744655084,131.92913821211098,34.121572089455505,131.9027593228151,34.117717337539936
1.6600000000000001,0.15576926127221008,0.12364392476307869,-14.028328368578137,-6.133383831925508e-05,0.0005940380681388234,-64.47766215144286,-6.493507488910921e-05,0.0005956199779092932,-64.44930083056236,0.15567013824925896,0.12366222624496317,-14.031222084119339,131.9272652714058,33.96748782322007,131.89973931761745,33.9644957838873
1.6608,0.155597836869485,0.12311000717099932,-14.048703196829713,-6.0224492410411116e-05,0.0005935278524504442,-64.48669204014371,-6.387267533334006e-05,0.000595119457548282,-64.45817574239547,0.15549559394934165,0.12313240751081851,-14.051604612073445,131.92411185942723,33.81348404922142,131.8954455956014,33.81136238295435
1.6616,0.15542269696070338,0.12257738973815316,-14.06919704295241,-5.911787336833738e-05,0.0005930174439833686,-64.4957031332382,-6.281273661502437e-05,0.0005946191781257319,-64.46702808335202,0.15531735272517505,0.12260390255028586,-14.072105868850295,131.91967987430382,33.659570160835294,131.8898801332155,33.65832642350953
1.6623999999999999,0.15524384966983976,0.12204608843110892,-14.089810457179379,-5.8013967847261985e-05,0.0005925068445209142,-64.50469548215055,-6.175523382970075e-05,0.0005941191382705758,-64.47585793466772,0.15513542275283274,0.12207672713754235,-14.092726399483258,131.91397129454546,33.505755522420856,131.8830449858559,33.50539716411776
1.6632,0.15506130315129174,0.12151611918407096,-14.110543994530776,-5.6912762579683895e-05,0.0005919960558134536,-64.51366913800749,-6.0700142136889564e-05,0.0005936193364001386,-64.48466537912094,0.15494981223720133,0.12155089701301382,-14.11346675372288,131.90698817862352,33.35204946848167,131.87494228742852,33.35258383232147
1.6640000000000001,0.15487506559006184,0.12098749789915385,-14.131398214831439,-5.581424437572088e-05,0.0005914850795787012,-64.52262415164033,-5.9647436761089657e-05,0.0005931197707193987,-64.4934505010547,0.15476052941213764,0.12102642788365513,-14.134327486053081,131.89873266454143,33.19846130283304,131.8655742499018,33.199895623829605
1.6648,0.1546851452019372,0.12046024044665227,-14.152373682728346,-5.4718400122462724e-05,0.0005909739175019913,-64.5315605735876,-5.859709299280347e-05,0.0005926204392202414,-64.50221338639851,0.15456758254062716,0.12050333542322524,-14.155309155706945,131.8892069693928,33.045000297776134,131.85494316284849,33.047341701713464
1.6656,0.15449155023367983,0.11993436266530692,-14.173470967707313,-5.362521678333309e-05,0.000590462571236557,-64.54047845409713,-5.754908618959371e-05,0.0005921213396807012,-64.51095412269059,0.1543709799149465,0.11998163527255667,-14.176412326682046,131.87841338891153,32.89167569327994,131.84305139297777,32.894931195609914
1.6663999999999999,0.15429428896321248,0.1194098803625646,-14.19469064410952,-5.253468139746086e-05,0.0005899510424037982,-64.54937784312857,-5.650339177717154e-05,0.0005916224696641919,-64.51967279910028,0.15417072985682825,0.11946134303982102,-14.197637567755235,131.8663542970095,32.738496696169946,131.82990138365767,32.74267320093236
1.6672,0.1540933696998122,0.11888680931483293,-14.216033291147365,-5.144678107905752e-05,0.0005894393325935513,-64.5582587903555,-5.545998525051638e-05,0.0005911238265187327,-64.5283695064505,0.15396684071762934,0.11894247430079023,-14.218985452496838,131.85303214530586,32.585472479324395,131.81549565442774,32.5905767780895
1.6680000000000001,0.15388880078430445,0.11836516526773184,-14.237499492919813,-5.0361503016803735e-05,0.0005889274433643521,-64.56712134516783,-5.441884217502837e-05,0.0005906254073761599,-64.53704433724053,0.1537593208784993,0.11842504459909108,-14.24045655928445,131.8384494626451,32.4326121808785,131.7998368005013,32.4386509517112
1.6688,0.1536805905892601,0.11784496393633578,-14.259089838427313,-4.927883447324218e-05,0.0005884153762436932,-64.57596555667406,-5.3379938187713544e-05,0.0005901272091513326,-64.54569738566889,0.15354817875055585,0.11790906944645672,-14.26205147131589,131.82260885460593,32.2799249034352,131.7829274922599,32.28690470988323
1.6696,0.1534687475191967,0.11732622100541679,-14.280804921585856,-4.8198762784177986e-05,0.0005879031327282792,-64.58479147370345,-5.234324899840111e-05,0.0005896292285413322,-64.5543287476564,0.15333342277505824,0.11739456432297327,-14.2837707766217,131.80551300300064,32.12741971328555,131.76477047473665,32.13534700338953
1.6703999999999999,0.1532532800107801,0.11680895212967578,-14.30264534124072,-4.712127535808696e-05,0.000587390714284278,-64.59359914480831,-5.130875039099811e-05,0.0005891314620246491,-64.56293852086951,0.15311506142358658,0.11688154467732031,-14.305615068076854,131.78716466536443,31.975105639635103,131.7453685670918,31.98398674496275
1.6712,0.15303419653302963,0.11629317293397379,-14.324611701179306,-4.6046359675530935e-05,0.0005868781223475666,-64.60238861826623,-5.027641822477608e-05,0.0005886339058603679,-64.57152680474363,0.152893103198222,0.11637002592700708,-14.327584943411807,131.76756667443533,31.822991673839773,131.7247246620785,31.832832808542964
1.6720000000000002,0.1528115055875279,0.11577889901355823,-14.346704610143258,-4.497400328858111e-05,0.0005863653583239759,-64.61115994208221,-4.924622843569446e-05,0.0005881365560873432,-64.58009370050681,0.15266755663173123,0.11586002345860619,-14.349681005222655,131.74672193762552,31.67108676865017,131.70284172550055,31.681894028545724
1.6728,0.15258521570862885,0.11526614593427822,-14.368924681840078,-4.3904193820246757e-05,0.0005858524235895274,-64.61991316399093,-4.821815703775942e-05,0.0005876394085233697,-64.58863931120344,0.15243843028775048,0.11535155262797919,-14.371903860980675,131.7246334364829,31.5193998374625,131.67972279566,31.531179199137494
1.6736,0.15235533546367339,0.11475492923280216,-14.39127253495361,-4.2836918963911574e-05,0.0005853393194906713,-64.62864833145886,-4.7192180124417726e-05,0.0005871424587643464,-64.59716374171822,0.1522057327609741,0.11484462876049747,-14.394254123040946,131.70130422614392,31.367939753580103,131.65537098279805,31.38069707352003
1.6743999999999999,0.15212187345320197,0.11424526441682495,-14.413748793153996,-4.177216648277689e-05,0.0005848260473445171,-64.63736549168642,-4.616827386999105e-05,0.0005866457021834365,-64.60566709880028,0.15196947267734492,0.11433926715126207,-14.41673240864998,131.67673743477758,31.216715349482023,131.62978946852573,31.2304563632244
1.6752,0.1518848383111747,0.11373716696527253,-14.436354085106517,-4.0709924209312175e-05,0.0005843126084390622,-64.64606469161018,-4.514641453114446e-05,0.0005861491339302239,-64.61414949108737,0.15172965869424757,0.11383548306531471,-14.43933933995252,131.65093626302112,31.0657354161012,131.60298150524807,31.08046573741299
1.6760000000000002,0.15164423870519003,0.11323065232850102,-14.459089044479636,-3.965018004471212e-05,0.0005837990040334185,-64.65474597790484,-4.4126578448395985e-05,0.0005856527489298621,-64.6226110291303,0.15148629950070305,0.11333329173784601,-14.462075543997305,131.62390398340634,30.915008702111155,131.57495041557883,30.930733822190962
1.6768,0.1514000833367093,0.1127257359284902,-14.48195430995195,-3.8592921958359184e-05,0.000583285235358032,-64.66340939698546,-4.31087420476632e-05,0.0005851565418822259,-64.6310518254175,0.15123940381756606,0.11283270837439828,-14.484941652741801,131.59564393977914,30.76454391322182,131.54569959174802,30.78126919992665
1.6776,0.151152380941278,0.11222243315903181,-14.504950525218305,-3.753813798729297e-05,0.0005827713036149027,-64.67205499500955,-4.209288184184887e-05,0.0005846605072610544,-64.63947199439977,0.15098898039772485,0.11233374815106396,-14.507938303055816,131.56615954670863,30.61434971148393,131.51523249500184,30.63208040858138
1.6784,0.15090114028875748,0.11172075938591228,-14.528078338994558,-3.6485816235686944e-05,0.0005822572099777992,-64.68068281787907,-4.1078974432468805e-05,0.0005841646393130954,-64.64787165251504,0.15073503802630267,0.11183642621467818,-14.53106613672401,131.53545428889115,30.464434714603115,131.48355265499404,30.483175941048188
1.6792,0.15064637018355,0.11122072994709312,-14.551338405021399,-3.543594487433038e-05,0.0005817429555924711,-64.68929291124253,-4.006699651131783e-05,0.0005836689320572486,-64.65625091821349,0.15047758552086107,0.11134075768300765,-14.554325800447174,131.5035317205434,30.31480749526336,131.45066366917123,30.33456424450035
1.6800000000000002,0.1503880794648317,0.11072236015288067,-14.574731382066972,-3.4388512140117685e-05,0.0005812285415768586,-64.69788532049702,-3.9056924862180154e-05,0.0005831733792837071,-64.66460991198258,0.1502166317316076,0.11084675764493586,-14.577717945842101,131.47039546479002,30.165476580458744,131.4165692021498,30.186253719749743
1.6808,0.1501262770067877,0.11022566528609914,-14.598257933927954,-3.334350633554221e-05,0.0005807139690212963,-64.70646009079024,-3.804873636257764e-05,0.0005826779745531001,-64.67294875637239,0.1499521855416016,0.11035444116063921,-14.601243229440435,131.43604921304316,30.016450450836928,131.38127298508627,30.038252720613446
1.6816,0.14986097171884505,0.10973066060224701,-14.621918729429797,-3.230091582819679e-05,0.0005801992389887189,-64.71501726702256,-3.7042407985563047e-05,0.0005821827111956341,-64.681267576021,0.149684255866966,0.10986382326176318,-14.624902312685803,131.40049672437405,29.867737540048797,131.344778815041,29.890569553291602
1.6824,0.14959217254591076,0.1092373613296597,-14.645714442425158,-3.12607290502809e-05,0.0005796843525148587,-64.72355689384891,-3.6037916801554996e-05,0.0005816875823102394,-64.68956649767998,0.14941285165709806,0.1093749189515911,-14.648695861929667,131.36374182487785,29.719346234111086,131.3070905543341,29.743212475754017
1.6832,0.14931988846861302,0.1087457826696595,-14.66964575179103,-3.0222934498112403e-05,0.0005791693106084444,-64.7320790156809,-3.503523998021848e-05,0.0005811925807637151,-64.69784565024008,0.14913798189488428,0.10888774320520812,-14.672624548425581,131.32578840703192,29.571284870776687,131.26821212989626,29.596189697136904
1.6840000000000002,0.14904412850354218,0.10825593979670464,-14.693713341424306,-2.9187520731646713e-05,0.0005786541142513961,-64.74058367668862,-3.403435479238695e-05,0.0005806976991898809,-64.70610516475696,0.14885965559691614,0.10840231096966162,-14.69668904832181,131.28664042904668,29.423561738915833,131.22814753261176,29.44950937714962
1.6848,0.14876490170349138,0.10776784785852897,-14.71791790023595,-2.815447637400039e-05,0.0005781387643990141,-64.74907092080275,-3.3035238612030245e-05,0.0005802029299887294,-64.71434517447709,0.14857788181370643,0.1079186371641151,-14.72089004265239,131.24630191420934,29.27618507790585,131.18690081665594,29.303179625490962
1.6856,0.1484822171577066,0.10728152197628174,-14.742260122143051,-2.7123790110979448e-05,0.0005776232619801704,-64.75754079171645,-3.203786891826822e-05,0.000579708265325586,-64.72256581486363,0.14829266962991075,0.10743673667999971,-14.745228217326217,131.20477695022265,29.129163077032874,131.1444760988266,29.157208501276312
1.6864,0.14819608399212897,0.1067969772446566,-14.76674070605963,-2.609545069061601e-05,0.0005771076078974939,-64.76599333288718,-3.104222329742865e-05,0.0005792136971302715,-64.73076722362264,0.1480040281645479,0.10695662438115773,-14.769704263114479,131.16206968853558,28.982503874901344,131.1008775578696,29.011604012473878
1.6872,0.14790651136964678,0.10631422873202037,-14.791360355885196,-2.5069446922707515e-05,0.0005765918030275543,-64.77442858753874,-3.004827944515399e-05,0.0005787192170962754,-64.73894954072908,0.14771196657122312,0.10647831510398399,-14.794318875636048,131.11818434366896,28.83621555885552,131.05610943379813,28.866374115351835
1.6880000000000002,0.147613508490345,0.10583329148053326,-14.816119780491587,-2.4045767678363835e-05,0.000576075848221043,-64.78284659866313,-2.9056015168553053e-05,0.0005782248166799325,-64.74711290845322,0.14741649403835197,0.10600182365756168,-14.819072755340926,131.07312519253506,28.690306164410057,131.01017602720685,28.721526713935503
1.6888,0.14731708459175646,0.10535418050626567,-14.84101969370778,-2.3024401889557686e-05,0.0005755597443029521,-64.79124740902235,-2.8065408388400825e-05,0.0005777304870996105,-64.75525747138684,0.1471176197893883,0.10552716482379183,-14.843966607491488,131.02689657375043,28.544783674691136,130.96308169858094,28.577069659474482
1.6896,0.1470172489491184,0.10487691079930815,-14.866060814302495,-2.2005338548680565e-05,0.0005750434920727503,-64.79963106115036,-2.707643714138598e-05,0.0005772362193349039,-64.76338337646966,0.14681535308305213,0.10505435335751998,-14.869001142141583,130.97950288694477,28.39965601988782,130.91483086759956,28.433010749920573
1.6904,0.14671401087562436,0.10440149732387892,-14.891243865964734,-2.09885667081051e-05,0.0005745270923045564,-64.80799759735488,-2.608907958240747e-05,0.0005767420041258429,-64.77149077301588,0.1465097032135578,0.10458340398665808,-14.89417707411331,130.93094859206212,28.254931076714037,130.86542801243414,28.289357729416036
1.6912,0.14640737972268483,0.10392795501842247,-14.916569577281852,-1.9974075479751236e-05,0.0005740105457473111,-64.81634705971923,-2.510331398692013e-05,0.0005762478319721085,-64.77957981274062,0.14620067951084723,0.10411433141229928,-14.91949512297138,130.88123820865923,28.110616667880425,130.8148776690421,28.146118287791815
1.6920000000000002,0.1460973648801829,0.10345629879570725,-14.942038681715353,-1.896185403465855e-05,0.0005734938531249455,-64.82467949010416,-2.411911875332982e-05,0.0005757536931322646,-64.78765064978649,0.14588829134081996,0.10364715030882976,-14.944956012995013,130.83037631519662,27.966720561577418,130.76318443045565,28.00330006007648
1.6928,0.14578397577673577,0.10298654354291381,-14.96765191757413,-1.7951891602562507e-05,0.0005729770151365498,-64.83299493014962,-2.3136472405438827e-05,0.0005752595776229991,-64.79570344075029,0.14557254810557163,0.10318187532403611,-14.970560473146985,130.77836754832606,27.823250470967878,130.71035294606705,27.86091062601624
1.6936,0.14546722187995592,0.10251870412172025,-14.993410027985028,-1.6944177471475303e-05,0.0005724600324565342,-64.8412934212766,-2.215535359494106e-05,0.000574765475218381,-64.80373834470961,0.14525345924362584,0.10271852107920655,-14.996309237040247,130.725216602173,27.680214053690925,130.65638792090755,27.718957509604518
1.6944,0.14514711269671332,0.10205279536838346,-15.019313760860696,-1.5938700987273526e-05,0.0005719429057347939,-64.84957500468892,-2.1175741103968954e-05,0.0005742713754491354,-64.81175552324959,0.14493103423017087,0.10225710216922716,-15.022203042901541,130.6709282276137,27.53761891137643,130.60129411492375,27.577448178622454
1.6952,0.14482365777340034,0.10158883209381098,-15.04536386886459,-1.4935451553286867e-05,0.0005714256355968701,-64.85783972137486,-2.0197613847692217e-05,0.0005737772676019321,-64.81975514048949,0.14460528257730282,0.10179763316267434,-15.048242633531807,130.6155072315493,27.395472589169344,130.5450763422504,27.436390044190407
1.6960000000000002,0.1444968666961977,0.10112682908363291,-15.071561109372853,-1.3934418629897766e-05,0.0005709082226441058,-64.86608761210911,-1.9220950876969532e-05,0.0005732831407186933,-64.82773736310953,0.1442762138342609,0.10134012860190336,-15.074428756263794,130.55895847617458,27.253782575265866,130.4877394704776,27.295790460329943
1.6968,0.14416674909133992,0.10066680109826442,-15.097906244433265,-1.2935591734138445e-05,0.000570390667453803,-64.87431871745437,-1.8245731381049652e-05,0.0005727889835959184,-64.83570236037761,0.14394383758766938,0.10088460300312925,-15.100762162916254,130.50128687824275,27.112556300459175,130.42928841991534,27.155656723535877
1.6976,0.1438333146253829,0.10020876287296591,-15.124400040720783,-1.1938960439296863e-05,0.0005698729705793758,-64.88253307776309,-1.727193469032843e-05,0.0005722947847840338,-64.84365030417595,0.14360816346178065,0.10043107085650393,-15.127243609744747,130.44249740832657,26.971801137696644,130.3697281628551,27.015996072359478
1.6984,0.14349657300547577,0.0997527291178948,-15.151043269489644,-1.0944514374526546e-05,0.0005693551325505032,-64.89073073317921,-1.6299540279157246e-05,0.0005718005325867573,-64.85158136902785,0.14326920111871844,0.09997954662619082,-15.153873857388847,130.38259509007642,26.831524401647208,130.30906372282726,26.876815687002676
1.6992,0.14315653397962813,0.09929871451815472,-15.177836706522076,-9.95224322446041e-06,0.0005688371538732788,-64.89891172363986,-1.5328527768707907e-05,0.000571306215060491,-64.85949573212439,0.14292696025872328,0.09953004475043105,-15.180653670815687,130.32158499947337,26.691733348279808,130.2473001738561,26.738122688922296
1.7000000000000002,0.14281320733698313,0.09884673373383965,-15.204781132073073,-8.962136728828378e-06,0.0005683190350303597,-64.90707608887699,-1.4358876929887818e-05,0.0005708118200137361,-64.86739357335094,0.14258145062039645,0.09908257964160609,-15.20758381925976,130.25947226408024,26.552435174452924,130.18444263971114,26.59992414044504
1.7008,0.14246660290808802,0.0983968014000705,-15.23187733081154,-7.974184682082072e-06,0.0005678007764811101,-64.91522386841909,-1.3390567686313641e-05,0.0005703173350065319,-64.87527507531392,0.14223268198094888,0.09863716568629924,-15.234665076158382,130.19626206228833,26.413637017514127,130.1204962931562,26.46222704439448
1.7016,0.1421167305651705,0.09794893212702921,-15.259126091757086,-6.9883769330185474e-06,0.0005672823786617488,-64.92335510159282,-1.2423580117336167e-05,0.0005698227473499221,-64.88314042336727,0.14188066415644582,0.09819381724534396,-15.261898219083434,130.1319596225626,26.275345954911394,130.0554663551955,26.32503834372622
1.7024,0.1417636002224104,0.09750314049998286,-15.286528208212989,-6.004703384413929e-06,0.000566763841985489,-64.9314698275247,-1.1457894461123091e-05,0.0005693280441054511,-64.89098980563882,0.14152540700206132,0.09775254865387545,-15.28928402966814,130.06657022268266,26.137569003813713,129.9893580943185,26.188364921176454
1.7032,0.14140722183621635,0.0970594410793109,-15.314084477694369,-5.023153992657202e-06,0.0005662451668426794,-64.93956808514265,-1.049349111779602e-05,0.0005688332120846859,-64.89882341305689,0.14116692041232212,0.09731337422137469,-15.316823293529826,130.0000991889815,26.00031312074487,129.92217682574025,26.052213598919888
1.7040000000000002,0.1410476054054999,0.09661784840051611,-15.34179570185221,-4.0437187673911775e-06,0.0005657263536009449,-64.94764991317768,-9.530350652624848e-06,0.0005683382378487728,-64.90664143937637,0.14080521432136295,0.0968763082317043,-15.344516800187584,129.93255189558187,25.86358520122505,129.85392791064206,25.916591138238044
1.7048,0.14068476097195692,0.09617837697424264,-15.369662686392005,-3.066387771154728e-06,0.0005652074026053217,-64.9557153501655,-8.568453799276287e-06,0.000567843107708024,-64.91444408120512,0.14044029870317573,0.09644136494314608,-15.372365342975101,129.86393376363088,25.727392079426814,129.78461675540836,25.7815042391997
1.7056,0.14031869862033933,0.09574104128627628,-15.397686240988202,-2.09115111903048e-06,0.0005646883141783925,-64.96376443444805,-7.6077814631189035e-06,0.0005673478077215376,-64.92223153802985,0.1400721835718639,0.09600855858842647,-15.400369718948337,129.79425026053084,25.591740527838013,129.71424881086335,25.646959540350256
1.7064,0.13994942847873743,0.09530585579754951,-15.425867179192776,-1.1179989782955976e-06,0.0005641690886204219,-64.97179720417515,-6.648314724586625e-06,0.0005668523236968561,-64.93000401224224,0.13970087898189398,0.09557790337474296,-15.428530728787827,129.7235068991698,25.45663725693876,129.64282957150442,25.512963618413224
1.7072,0.1395769607188597,0.09487283494413504,-15.45420631833868,-1.46921568078e-07,0.0005636497262094866,-64.97981369730599,-5.690034842597046e-06,0.0005663566411896567,-64.93776170916472,0.13932639502835142,0.09514941348378203,-15.456849176695322,129.65170923714984,25.32208891488731,129.57036457473578,25.37952298800155
1.7080000000000002,0.13920130555630844,0.09444199313723838,-15.482704479437789,8.220908409841502e-07,0.0005631302272016068,-64.98781395161078,-4.7329232580278245e-06,0.0005658607455034863,-64.94550483707606,0.1389487418471941,0.09472310307173501,-15.485325870284662,129.57886287601258,25.18810208721764,129.49685940009957,25.246644101340213
1.7088,0.13882247325086622,0.09401334476318204,-15.511362487072562,1.789047927080458e-06,0.0005626105918308745,-64.99579800467222,-3.776961597251029e-06,0.0005653646216895313,-64.95323360723692,0.13856792961551018,0.09429898626930709,-15.513961620466448,129.50497346046558,25.0546832965476,129.422319668507,25.114333347999125
1.7096,0.1384404741067697,0.09358690418338432,-15.54018116928221,2.753959317562075e-06,0.0005620908203095812,-65.00376589388705,-2.8221316757211607e-06,0.0005648682545464309,-64.96094823391523,0.13818396855177206,0.09387707718172059,-15.542757241326639,129.43004667760417,24.9218390022969,129.34675104146731,24.982597054636116
1.7104,0.13805531847299846,0.09316268573433545,-15.56916135744177,3.7168345892701554e-06,0.0005615709128283419,-65.01171765646758,-1.8684155016255999e-06,0.0005643716286201345,-64.96864893441116,0.13779686891609474,0.09345738988871594,-15.57171354999829,129.35408825613578,24.78957560041753,129.2701592203172,24.851441484751465
1.7112,0.1376670167435503,0.09274070372756747,-15.598303886135167,4.677683268862177e-06,0.0005610508695562215,-65.0196533294432,-9.157952795869558e-07,0.0005638747282038038,-64.97633592908217,0.13740664101049163,0.09303993844454761,-15.600831366526576,129.2771039656,24.657899423133724,129.19254994544826,24.720872838452692
1.7120000000000002,0.13727557935772913,0.09232097244961641,-15.627609593020926,5.6365148331346165e-06,0.000560530690640856,-65.02757294966186,3.574658557088182e-08,0.0005633775373377613,-64.98400944136763,0.13701329517913569,0.09262473687797135,-15.630111513726595,129.19909961559043,24.5268167386927,129.11392899553593,24.5908972522292
1.7128,0.13688101680042414,0.09190350616198262,-15.657079318690945,6.5933387093411025e-06,0.0005600103762085728,-65.03547655379157,9.862274850046202e-07,0.0005628800398094871,-64.99166969781328,0.13661684180861466,0.09221179919223227,-15.6595548170338,129.12008105497404,24.396333751126463,129.03430218676596,24.461520798738505
1.7136,0.13648333960239373,0.09148831910108388,-15.686713906521677,7.548164275508464e-06,0.0005594899263645124,-65.04336417832185,1.93566460197474e-06,0.0005623822191536674,-64.99931692809541,0.13621729132819174,0.09180113936504382,-15.689162104346652,129.04005417111077,24.266456600023936,128.95367537206218,24.332749486602058
1.7144,0.1360825583405512,0.09107542547820405,-15.716514202517367,8.501000860748452e-06,0.0005589693411927443,-65.05123585956522,2.88407490790942e-06,0.000561884058652293,-65.00695136504481,0.13581465421006575,0.09139277134856279,-15.718934205861155,128.95902488907362,24.137191360314077,128.8720544403142,24.20458926021179
1.7152,0.13567868363824404,0.09066483947943411,-15.746481055145562,9.451857745565768e-06,0.0005584486207563846,-65.05909163365864,3.831475158412585e-06,0.0005613855413348139,-65.01457324467039,0.13540894096962802,0.09098670906936035,-15.748871953897192,128.87699917086647,24.00854404205848,128.78944531560418,24.077045999546865
1.7160000000000002,0.13527172616554217,0.09025657526561234,-15.776615315163605,1.0400744162162776e-05,0.0005579277650977126,-65.06693153656494,4.777881889214746e-06,0.0005608866499783484,-65.0221828061825,0.13500016216572672,0.09058296642838787,-15.7789761827158,128.7939830146442,23.88052059025619,128.7058539564359,23.950125520001297
1.7168,0.13486169663951952,0.08985064697225542,-15.806917835436746,1.1347669294741463e-05,0.0005574067742382833,-65.07475560407426,5.723311412067887e-06,0.0005603873671079507,-65.02978029201589,0.1345883284009245,0.09018155730093783,-15.809247728327659,128.70998245393136,23.753126884657632,128.6212863549622,23.82383357222122
1.7176,0.13444860582453766,0.08944706870948517,-15.837389470746963,1.229264227980229e-05,0.0005568856481790394,-65.08256387180543,6.667779810582033e-06,0.0005598876749969375,-65.03736594785249,0.13417345032175834,0.08978249553659924,-15.839687428292057,128.62500355684162,23.626368739589328,128.53574853621393,23.6981758419525
1.7184,0.1340324645325323,0.08904585456195034,-15.86803107759209,1.3235672206438761e-05,0.0005563643869004239,-65.0903563752075,7.611302936006601e-06,0.0005593875556672757,-65.04494002264362,0.13375553861900313,0.08938579495920775,-15.870296121505891,128.53905242529834,23.500251903789273,128.44924655733053,23.57315794989856
1.7192,0.13361328362329603,0.08864701858874371,-15.89884351397515,1.4176768116629375e-05,0.0005558429903624903,-65.09813314956094,8.553896402955044e-06,0.0005588869908900367,-65.05250276863194,0.1333346040279324,0.08899146936679464,-15.901074647982409,128.45213519425445,23.374782060252517,128.3617865067905,23.448785451589124
1.7200000000000002,0.13319107400476193,0.08825057482331296,-15.92982763918336,1.5115939005525896e-05,0.0005553214585050097,-65.1058942299792,9.495575585074467e-06,0.0005583859621859115,-65.06005444137304,0.1329106573285769,0.08859953253152493,-15.932023848619592,128.36425803091404,23.24996482608699,128.27337450364257,23.325063837257346
1.7208,0.13276584663328897,0.08785653727336537,-15.96098431355626,1.6053193821738648e-05,0.0005547997912475791,-65.11363965140997,1.0436355610657853e-05,0.000557884450825797,-65.0675952997565,0.1324837093459898,0.0882099981996355,-15.963144564957023,128.27542713395465,23.125805752379307,128.18401669673963,23.201998531728616
1.7216,0.13233761251394552,0.08746491992077056,-15.992314398242648,1.6988541467620948e-05,0.0005542779884897278,-65.12136944863663,1.137625135820687e-05,0.0005573824378314523,-65.07512560602665,0.13205377095050463,0.08782288009136577,-15.994437638921607,128.18564873275037,23.002310324071605,128.0937192639723,23.07959489431822
1.7224,0.1319063827007924,0.08707573672145308,-16.023818754946006,1.7921990799545412e-05,0.0005537560501110213,-65.12908365627953,1.2315277451932729e-05,0.0005568799039762225,-65.08264562580271,0.1316208530579995,0.08743819190088645,-16.02590391256091,128.09492908659632,22.87948395984722,128.00248841150545,22.957858218740025
1.7232,0.13147216829716726,0.08668900160528319,-16.05549824565761,1.8853550628183573e-05,0.0005532339759711656,-65.13678230879742,1.3253448257208826e-05,0.0005563768297858408,-65.09015562809869,0.13118496663015528,0.08705594729621693,-16.057544227764517,128.00327448393446,22.757332012027398,127.910330373015,22.836793733022937
1.7240000000000002,0.13103498045597026,0.08630472847596327,-16.0873537323769,1.978322971877544e-05,0.0005527117659101106,-65.14446544048867,1.4190777875968176e-05,0.000555873195539305,-65.09765588534255,0.13074612267472108,0.08667615991914589,-16.089359425971775,127.9106912415814,22.635859766478358,127.8172514089281,22.716406599439704
1.7248,0.1305948303799413,0.08592293121090429,-16.119386076819257,2.0711036791402372e-05,0.0005521894197481484,-65.15213308549268,1.5127280142049269e-05,0.0005553689812698323,-65.10514667339501,0.13030433224577212,0.08629884338514315,-16.121350347866535,127.81718570395599,22.51507244252668,127.72325780566344,22.596701914443898
1.7256,0.13015172932194832,0.08554362366110152,-16.151596140109408,2.1636980521254638e-05,0.0005516669372860167,-65.15978527779119,1.6062968616488185e-05,0.0005548641667658918,-65.11262827156781,0.1298596064439713,0.08592401128326298,-16.153517833057737,127.72276424231117,22.394975192886296,127.62835587487473,22.47768470861586
1.7264,0.12970568858526615,0.08516681965100217,-16.183984782461142,2.256106953889441e-05,0.000551144318304996,-65.16742205120953,1.699785658276291e-05,0.0005543587315723241,-65.12010096264129,0.12941195641683279,0.08555167717605201,-16.185862719745018,127.6274332539658,22.27557310359415,127.53255195269668,22.35935994662075
1.7272,0.12925671952385948,0.08479253297836901,-16.21655286284196,2.3483312430519168e-05,0.0005506215625670066,-65.17504343941798,1.7931957041983465e-05,0.0005538526549915414,-65.12756503288159,0.12896139335897883,0.08518185459944118,-16.218385844369756,127.5311991615395,22.156871193956157,127.43585239899173,22.241732527172804
1.728,0.1288048335426664,0.08442077741413834,-16.24930123862232,2.4403717738217895e-05,0.0005500986698147079,-65.182649475933,1.8865282708035452e-05,0.0005533459160848172,-65.13502077205705,0.12850792851240253,0.08481455706264067,-16.251088041249787,127.43406841218976,22.038874416502747,127.3382635966008,22.124807283011464
1.7288000000000001,0.12835004209787462,0.08405156670227373,-16.282230765209103,2.532229396022989e-05,0.0005495756397715911,-65.19024019411857,1.979784600267692e-05,0.0005528384936736629,-65.1424684734541,0.1280515731667269,0.08444979804802948,-16.28397014219785,127.3360474768499,21.921587656954017,127.23979195059555,22.008588980886426
1.7296,0.1278923566972059,0.08368491455961205,-16.31534229566218,2.623904955119656e-05,0.0005490524721420758,-65.19781562718735,2.072965905058018e-05,0.0005523303663412981,-65.14990843389253,0.12759233865946576,0.08408759101103257,-16.317032976123077,127.2371428494715,21.805015734194118,127.14044388753427,21.893082321550164
1.7304,0.12743178890019113,0.08332083467570535,-16.348636680293925,2.7153992922412374e-05,0.0005485291666116014,-65.20537580820208,2.1660733674339603e-05,0.0005518215124342115,-65.15734095373992,0.12713023637628115,0.08372794938000414,-16.350277368614524,127.13736104626742,21.689163400255104,127.04022585471935,21.77829193976229
1.7312,0.12696835031845663,0.08295934071265888,-16.38211476625021,2.8067132442072806e-05,0.0005480057228467215,-65.21292077007669,2.2591081389421804e-05,0.0005513119100638206,-65.16476633692565,0.1266652777512443,0.08337088655609776,-16.383704141506307,127.03670860496015,21.574035340310903,126.9391443194589,21.664222404301025
1.732,0.12650205261599173,0.08260044630496127,-16.41577739707352,2.8978476435518217e-05,0.0005474821404951937,-65.22045054557763,2.3520713399079914e-05,0.000550801537108229,-65.17218489095389,0.12619747426709158,0.08301641591313495,-16.417314112423607,126.93519208402857,21.459636172679176,126.83720576833029,21.550878217984398
1.7328000000000001,0.12603290750943655,0.08224416505931223,-16.449625412245556,2.988803318547935e-05,0.0005469584191860702,-65.22796516732505,2.4449640589224626e-05,0.0005502903712140806,-65.1795969269161,0.12572683745548624,0.08266455079746846,-16.451108094308463,126.83281806196314,21.345970448834112,126.73441670644829,21.43826381770043
1.7336,0.1255609267683516,0.08189051055444212,-16.483659646710475,3.079581093231303e-05,0.0005464345585297877,-65.23546466779406,2.5377873523248212e-05,0.0005497783897985233,-65.18700275950258,0.12525337889726976,0.0823153045278405,-16.48508689492527,126.7295931365193,21.233042653426697,126.63078365673405,21.326383574445764
1.7344,0.12508612221549595,0.08153949634092762,-16.517880930376563,3.1701817874243855e-05,0.000545910558118254,-65.24294907931593,2.630542243681687e-05,0.0005492655700512713,-65.19440270701332,0.12477711022272399,0.08196869039523585,-16.519251316344143,126.62552392397689,21.120857204314888,126.52631315919052,21.215241793373423
1.7352,0.12460850572710229,0.08119113594100286,-16.55229008759612,3.26060621675961e-05,0.0005453864175249369,-65.25041843407926,2.7232297232619234e-05,0.0005487518889367778,-65.2017970913681,0.12429804311182364,0.08162472166273094,-16.553602154402284,126.52061705840192,21.009418452602805,126.42101177017877,21.10484271384903
1.736,0.1241280892331476,0.08084544284836304,-16.58688793662277,3.35085519270263e-05,0.0005448621363049494,-65.25787276413124,2.8158507475078046e-05,0.0005482373231965188,-65.2091862381155,0.12381618929449505,0.08128341156533796,-16.588140198141705,126.41487919091117,20.89873068268805,126.31488606169985,20.99519050951593
1.7368000000000001,0.12364488471763217,0.08050243052796568,-16.621675289044582,3.440929522575489e-05,0.0005443377139951358,-65.26531210137871,2.908406238503098e-05,0.0005477218493513852,-65.2165704764413,0.12333156055086676,0.08094477330984151,-16.622866229223156,126.30831698894225,20.78879811231897,126.20794262067852,20.886289288367703
1.7376,0.12315890421884243,0.08016211241582485,-16.656652949193372,3.530830009579038e-05,0.0005438131501141547,-65.27273647758955,3.000897083437415e-05,0.0005472054437041942,-65.2239501391759,0.12284416871152383,0.08060882007463582,-16.657781021314488,126.20093713552393,20.679624892659437,126.10018804825167,20.778143092830724
1.7384,0.12267015982962942,0.07982450191879774,-16.691821713527663,3.620557452815816e-05,0.0005432884441625639,-65.28014592439364,3.093324134067625e-05,0.0005466880823423116,-65.2313255628007,0.12235402565776572,0.0802755650095517,-16.69288533945282,126.09274632855409,20.57121510836242,125.99162895906208,20.6707558998538
1.7392,0.12217866369767202,0.07948961241437193,-16.727182369989567,3.7101126473119185e-05,0.0005427635956229022,-65.28754047328411,3.1856882061761015e-05,0.000546169741140398,-65.23869708745377,0.1218611433218506,0.07994502123568037,-16.728179939380073,125.98375128007811,20.463572777652928,125.88227198055273,20.564131621005806
1.74,0.12168442802574904,0.07915745725044271,-16.762735697333703,3.7994963840392016e-05,0.0005422386039597697,-65.29492015561854,3.277990079026418e-05,0.0005456503957632755,-65.24606505693423,0.12136553368725271,0.07961720184519508,-16.763665566849504,125.87395871557337,20.356701852418514,125.77212375226891,20.45827410258282
1.7408000000000001,0.12118746507200441,0.07882804974508535,-16.79848246442761,3.8887094499371235e-05,0.0005417134686199101,-65.30228500262002,3.370230494816486e-05,0.0005451300216689155,-65.25342981870595,0.12086720878890987,0.07929211990116403,-16.799342956903434,125.76337537323708,20.25060621830803,125.66119092516203,20.35318712572178
1.7416,0.12068778715021189,0.0785014031863248,-16.834423429522243,3.977752627933982e-05,0.0005411881890322912,-65.30963504537831,3.4624101581290226e-05,0.0005446085941115553,-65.26079172389996,0.12036618071347169,0.07896978843736034,-16.835212833120348,125.65200800327759,20.145289694839192,125.54948016089857,20.24887440652266
1.7424,0.1201854066300384,0.07817753083189591,-16.870559339491546,4.066626696968605e-05,0.00054066276460818,-65.31697031485103,3.554529735380348e-05,0.0005440860881449419,-65.26815112731595,0.11986246159954989,0.07865022045806701,-16.87127590683017,125.53986336721067,20.04075603551326,125.43699813117351,20.145339596178466
1.7432,0.1196803359373105,0.0778564459090054,-16.906890929039356,4.155332432011135e-05,0.0005401371947412239,-65.32429084186468,3.646589854267098e-05,0.0005435624786257066,-65.27550838742259,0.11935606363796372,0.07833342893787672,-16.907532876296848,125.42694823716057,19.937008927939623,125.32375151702836,20.042586281112815
1.744,0.11917258755427075,0.07753816161407918,-16.943418919873547,4.2438706040839884e-05,0.000539611478807528,-65.33159665711584,3.738591103211055e-05,0.000543037740216872,-65.28286386635683,0.11884699907198676,0.07801942682148931,-16.943984425866528,125.31326939516404,19.834051993965613,125.20974700817294,19.940617983125644
1.7448000000000001,0.11866217401983872,0.07722269111251301,-16.980144019844808,4.33224198028253e-05,0.0005390856161657284,-65.33888779117224,3.830534030803053e-05,0.0005425118473914943,-65.29021792992194,0.1183352801975899,0.07770822702349735,-16.980631225080632,125.19883363247955,19.73188878981648,125.09499130231269,19.839438159544763
1.7456,0.11814910792987096,0.0769100475384122,-17.017066922049416,4.4204473237953266e-05,0.0005385596061570707,-65.34616427447386,3.922419145245268e-05,0.000541984774436444,-65.2975709475844,0.11782091936368666,0.0773998424281771,-17.017473927751542,125.08364774890217,19.63052280624174,124.97949110448016,19.739050203387293
1.7464,0.11763340193741396,0.07660024399432887,-17.054188303894662,4.5084873939245486e-05,0.0005380334481054828,-65.35342613733403,4.0142469137931386e-05,0.0005414564954563233,-65.30492329246978,0.11730392897237447,0.07709428588926616,-17.05451317100044,124.96771855208101,19.52995746866951,124.86325312637167,19.639457443526304
1.7472,0.1171150687529597,0.07629329355099441,-17.091508826125043,4.5963629461057707e-05,0.0005375071413176489,-65.36067340994049,4.106017762196216e-05,0.0005409269843775281,-65.31227534135701,0.11678432147917528,0.0767915702297399,-17.091749574255257,124.85105285684286,19.430196137368704,124.74628408568849,19.540663144865462
1.748,0.11659412114470068,0.07598920924704292,-17.129029131808004,4.684074731927711e-05,0.0005369806850830833,-65.36790612235653,4.1977320741388643e-05,0.0005403962149524522,-65.31962747467173,0.11626210939327433,0.07649170824158277,-17.129183738207377,124.73365748452089,19.33124210761764,124.62859070548289,19.442670508520738
1.7488000000000001,0.11607057193877833,0.07568800408873524,-17.16674984527771,4.771623499151982e-05,0.0005364540786742011,-65.37512430452198,4.2893901906812815e-05,0.0005398641607638373,-65.32698007647818,0.11573730527775854,0.07619471268555568,-17.16681624372547,124.61553926228702,19.233098609881296,124.51017971350977,19.345482672009272
1.7496,0.1155444340195327,0.07538969104967301,-17.20467157103511,4.859009991732121e-05,0.0005359273213463909,-65.38232798625431,4.380992409700299e-05,0.0005393307952292713,-65.33433353446979,0.11520992174985632,0.07590059629095579,-17.20464765072477,124.49670502249016,19.135768809994556,124.39105784158365,19.24910270944461
1.7504,0.11501572032974837,0.07509428307050804,-17.242794892602753,4.946234949833001e-05,0.0005354004123380846,-65.3895171972497,4.4725389853311196e-05,0.0005387960916058377,-65.34168823995847,0.11467997148116557,0.07560937175537483,-17.242678496990663,124.37716160199892,19.039255809352678,124.27123182493861,19.153533631739005
1.7512,0.11448444387090347,0.07480179305865119,-17.281120371332115,5.033299109849591e-05,0.0005348733508708272,-65.39669196708407,4.564030127410094e-05,0.0005382600229949138,-65.34904458786245,0.11414746719789359,0.07532105174444977,-17.280909296953766,124.25691584155082,18.943562645110088,124.15070840159682,19.05877838681233
1.752,0.1139506177034088,0.07451223388796935,-17.31964854516269,5.120203204425606e-05,0.0005343461361493461,-65.40385232521412,4.65546600091826e-05,0.0005377225623471254,-65.3564029766927,0.11361242168108648,0.0750356488916123,-17.319340540415688,124.13597458510476,18.84869229038402,124.02949431173975,18.964839859807938
1.7528000000000001,0.11341425494685112,0.07422561839848181,-17.35837992732988,5.2069479624722566e-05,0.0005338187673616194,-65.41099830097836,4.746846725427139e-05,0.0005371836824674568,-65.36376380853805,0.11307484776685722,0.07475317579782792,-17.3579726912234,124.01434467920019,18.75464765446629,123.90759629708552,18.871720873313688
1.7536,0.11287536878023105,0.07394195939604997,-17.397315005020523,5.2935341091862546e-05,0.0005332912436789432,-65.4181299235982,4.838172374546067e-05,0.0005366433560205165,-65.37112748904865,0.11253475834661822,0.07447364503133794,-17.39680618588952,123.89203297232098,18.661431583041274,123.78502110027242,18.779424187591392
1.7544,0.1123339724422008,0.07366126965206161,-17.436454237973628,5.3799623660681954e-05,0.0005327635642559979,-65.42524722217885,4.929442975372109e-05,0.0005361015555359651,-65.37849442741805,0.11199216636730437,0.07419706912738797,-17.435841432157922,123.76904631426505,18.569046858410342,123.66177546424665,18.687952500810034
1.7551999999999999,0.11179007923129741,0.07338356190311152,-17.47579805702461,5.466233450940329e-05,0.0005322357282309158,-65.43235022571048,5.020658507942604e-05,0.0005355582534141015,-65.38586503636371,0.11144708483160093,0.07392346058795976,-17.475078807511082,123.64539155551911,18.47749619972309,123.53786613165677,18.59730844928733
1.756,0.11124370250617746,0.0731088488506752,-17.515346862590555,5.5523480779643416e-05,0.000531707734725345,-65.43943896306907,5.111818904690758e-05,0.0005350134219316135,-65.39323973210597,0.11089952679816509,0.07365283188149266,-17.51451865761829,123.52107554663954,18.386782263214517,123.41329984425305,18.507494607735765
1.7568000000000001,0.11069485568584406,0.07283714316077873,-17.55510102309477,5.6383069576587674e-05,0.000531179582844514,-65.4465134630176,5.202924049904715e-05,0.0005344670332474901,-65.40061893434537,0.11034950538184513,0.07338519544260395,-17.55416129472191,123.39610513763789,18.29690764244857,123.28808334229177,18.418513489515387
1.7576,0.11014355224987474,0.0725684574636625,-17.595060873328006,5.7241107969165004e-05,0.0005306512716772969,-65.45357375420684,5.293973779190773e-05,0.0005339190594091036,-65.40800306623849,0.10979703375390598,0.07312056367180203,-17.594006995959163,123.27048717737259,18.207874868567625,123.16222336394806,18.330367546892084
1.7584,0.10958980573864995,0.072302804353441,-17.63522671274389,5.809760299021824e-05,0.0005301228002962758,-65.46061986517655,5.384967878940708e-05,0.0005333694723584551,-65.41539255437195,0.10924212514223815,0.07285894893519515,-17.63405600161826,123.1442285129472,18.119686410548407,123.03572664473008,18.24305917130106
1.7591999999999999,0.10903362975357177,0.07204019638775654,-17.675598803686853,5.895256163667425e-05,0.000529594167757803,-65.4676518243563,5.4759060858037456e-05,0.0005328182439385877,-65.42278782873493,0.10868479283158042,0.07260036356419723,-17.674308513324792,123.01733598911274,18.032344675463214,122.90859991690337,18.156590693616923
1.76,0.10847503795728271,0.07178064608742829,-17.71617736954947,5.98059908697119e-05,0.0005290653731020625,-65.4746696600665,5.566788086164014e-05,0.0005322653459001748,-65.43018932268978,0.10812505016372778,0.07234481985522817,-17.71476469215752,122.88981644767622,17.945852008747124,122.78084990891794,18.07096438442857
1.7608000000000001,0.10791404407389003,0.07152416593609759,-17.756962592856304,6.065789761492693e-05,0.0005285364153531337,-65.48167340051941,5.65761351562326e-05,0.0005317107499082733,-65.43759747294112,0.10756291053774512,0.07209233006940907,-17.755424656689847,122.76167672691712,17.860210694471508,122.6524833448427,17.98618245431954
1.7616,0.10735066188917207,0.0712707683798652,-17.79795461327309,6.15082887624968e-05,0.0005280072935190497,-65.48866307382005,5.748381958489986e-05,0.0005311544275492507,-65.44501271950298,0.10699838741017731,0.07184290643225165,-17.796288480954964,122.63292366100629,17.775422955621767,122.52350694380603,17.902247054153364
1.7624,0.10678490525079617,0.07102046582692605,-17.83915352553673,6.235717116734377e-05,0.000527478006591857,-65.49563870796722,5.839092947274816e-05,0.000530596350337886,-65.45243550566428,0.10643149429524935,0.07159656113334499,-17.837356192332123,122.50356407943376,17.691490954381635,122.39392741944027,17.819160275364204
1.7631999999999999,0.10621678806852415,0.07077327064719775,-17.880559377304685,6.320455164929418e-05,0.000526948553547676,-65.50260033085438,5.929745962193054e-05,0.0005300364897246435,-65.45986627795241,0.10586224476508155,0.07135330632603812,-17.87862776934993,122.37360480644068,17.608416792422172,122.26375147933601,17.73692415025327
1.764,0.10564632431442045,0.07052919517194671,-17.92217216692004,6.405043699323785e-05,0.0005264189333467581,-65.5095479702707,6.020340430674738e-05,0.0005294748171031197,-65.46730548609504,0.10529065244987952,0.07111315412711523,-17.92010313940623,122.24305266045833,17.526202511196807,122.13298582449744,17.655540652288632
1.7648000000000001,0.10507352802305533,0.0702882516934039,-17.963991841089893,6.489483394928473e-05,0.0005258891449335462,-65.51648165390188,6.110875726882429e-05,0.0005289113038176684,-65.47475358298,0.10471673103814258,0.07087611661646911,-17.961782176398927,122.11191445355277,17.444850092240102,122.00163714880843,17.575011696411323
1.7656,0.10449841329170542,0.07005045246438216,-18.006018292473563,6.573774923292002e-05,0.0005253591872367296,-65.52340140933116,6.201351171237766e-05,0.0005283459211711986,-65.48221102461322,0.10414049427685994,0.07064220583676838,-18.003664698266626,121.98019699087565,17.364361457473105,121.86971213850256,17.495339139345365
1.7664,0.10392099428054925,0.06981580969788356,-18.048251357177957,6.657918952515913e-05,0.000524829059169301,-65.53030726404029,6.291766029956948e-05,0.0005277786404331482,-65.48967827007495,0.10356195597169918,0.07041143379312027,-18.045750464435727,121.84790707012066,17.284738469512277,121.7372174716378,17.416524779912212
1.7671999999999999,0.103341285212865,0.06958433556670297,-18.090690812156375,6.741916147269737e-05,0.0005242987596286141,-65.53719924541036,6.382119514595485e-05,0.0005272094328476366,-65.49715578147374,0.10298112998720614,0.0701838124527282,-18.088039173169744,121.71505148098768,17.205982931983684,121.60415981758084,17.338570359350047
1.768,0.10275930037521844,0.06935604220303077,-18.133336372507994,6.825767168806219e-05,0.0005237682874964375,-65.54407738072283,6.472410781603324e-05,0.0005266382696417915,-65.50464402389866,0.10239803024699035,0.06995935374454779,-18.130530458818907,121.58163700465082,17.128096589842595,121.47054583649464,17.26147756163774
1.7688000000000001,0.10217505411765283,0.06913094169804308,-18.176187688674446,6.909472674975963e-05,0.000523237641639011,-65.5509416971603,6.562638931890151e-05,0.0005260651220342529,-65.51214346536948,0.10181267073391377,0.06973806955893537,-18.173223888966003,121.4476704132348,17.05108112969597,121.3363821788338,17.185248013822576
1.7696,0.10158856085387374,0.0689090461014951,-18.219244343529923,6.993033320242244e-05,0.0005227068209070988,-65.55779222180759,6.652803010402113e-05,0.0005254899612438527,-65.51965457678472,0.10122506549027399,0.06951997174729199,-18.216118961465448,121.31315846929645,16.97493818013125,121.20167548484513,17.109883286352012
1.7704,0.10099983506142889,0.06869036742130269,-18.26250584936181,7.076449755695534e-05,0.0005221758241360432,-65.56462898165253,6.742902005710006e-05,0.0005249127584984719,-65.52717783186785,0.10063522861798743,0.06930507212170392,-18.259215101371765,121.1781079253124,16.899669312047763,121.06643238407555,17.03538489340985
1.7711999999999999,0.10040889128188797,0.06847491762312645,-18.305971644737483,7.159722629067764e-05,0.0005216446501458189,-65.57145200358693,6.83293484960973e-05,0.0005243334850440718,-65.53471370711117,0.10004317427876631,0.06909338245458073,-18.302511657754337,121.04252552317382,16.825276038994286,120.93065949488495,16.96175429325673
1.772,0.09981574412101742,0.06826270862994172,-18.3496410912546,7.24285258474661e-05,0.0005211132977410844,-65.57826131440737,6.922900416735469e-05,0.0005237521121539007,-65.54226268171787,0.09944891669429577,0.0688849144782828,-18.346007900394724,120.90641799368707,16.75175981750833,120.79436342396642,16.888992888573075
1.7728000000000002,0.0992204082489502,0.0680537523216137,-18.393513470170294,7.325840263789408e-05,0.0005205817657112349,-65.58505694081623,7.012797524186087e-05,0.0005231686111378754,-65.54982523754181,0.09885247014640725,0.06867967988475139,-18.38970301636269,120.7697920560802,16.679122047461874,120.65755076587241,16.81710202680747
1.7736,0.0986228984003549,0.06784806053446094,-18.437587978906073,7.408686303937137e-05,0.0005200500528304539,-65.59183890942248,7.102624931165702e-05,0.0005225829533521374,-65.55740185902516,0.09825384897725038,0.06847769032512986,-18.43359610646757,120.6326544175167,16.60736407240941,120.52022810254748,16.746083000527584
1.7744,0.09802322937459938,0.06764564506081655,-18.48186372742439,7.491391339628084e-05,0.0005195181578577622,-65.5986072467426,7.192381338638552e-05,0.0005219951102087778,-65.56499303313404,0.09765306758945569,0.06827895740938214,-18.47768618158137,120.49501177261504,16.536487179940295,120.38240200286589,16.67593704777488
1.7752,0.09742141603591081,0.06744651764858402,-18.526339734473076,7.573956002011347e-05,0.0005189860795370706,-65.60536197920146,7.2820653889988e-05,0.0005214050531857355,-65.57259924929184,0.09705014044630422,0.06808349270590593,-18.521972158829143,120.35687080297463,16.46649260203464,120.24407902217823,16.60666535242285
1.776,0.0968174733135334,0.06725069000078962,-18.571014923693564,7.656380918960388e-05,0.0005184538165972295,-65.61210313313315,7.371675665756387e-05,0.0005208127538368687,-65.5802209993104,0.0964450820718853,0.06789130774114109,-18.566452857643743,120.21823817670841,16.39738151542318,120.10526570186164,16.538269044538115
1.7768000000000002,0.09621141620188195,0.06705817377512961,-18.615888119589076,7.738666715086066e-05,0.0005179213677520759,-65.61883073478188,7.461210693238688e-05,0.0005202181838021886,-65.58785877731904,0.09583790705125574,0.06770241399917748,-18.61112699568025,120.07912054798186,16.32915504195042,119.96596856887805,16.47074920074587
1.7776,0.0956032597606873,0.06686898058351103,-18.660958043349133,7.820814011749845e-05,0.0005173887317004853,-65.62554481030287,7.550668936309294e-05,0.000519621314818262,-65.59551307969141,0.09522863003059626,0.06751682292135221,-18.655993184586915,119.93952455655756,16.26181424894061,119.8261941353386,16.404106844596942
1.7784,0.09499301911514738,0.06668312199159088,-18.706223308525317,7.902823427076781e-05,0.0005168559071264174,-65.63224538576314,7.640048800104185e-05,0.0005190221187287809,-65.60318440496991,0.094617265717359,0.0673345459058474,-18.70104992562857,119.79945682734787,16.195360149568064,119.68594889807298,16.338342946938788
1.7792,0.09438070945606465,0.0665006095183085,-18.75168241655564,7.98469557596824e-05,0.0005163228926989656,-65.63893248714243,7.729348629786016e-05,0.0005184205674952914,-65.61087325378809,0.0940038288804212,0.06715559430728142,-18.746295605158117,119.65892396997242,16.129793703229737,119.54523933820771,16.27345842628922
1.78,0.09376634603998384,0.06632145463541428,-18.79733375213257,8.066431070114543e-05,0.0005157896870724034,-65.645606140334,7.818566710316902e-05,0.0005178166332080832,-65.61858012879073,0.09338833435022813,0.06697997943629848,-18.791728489933032,119.51793257832253,16.065115815921235,119.40407192074844,16.209454149213308
1.7808000000000002,0.09314994418932844,0.06614566876699299,-18.8431755784108,8.148030518007465e-05,0.0005152562888862315,-65.65226637114552,7.907701266250592e-05,0.0005172102880972389,-65.62630553455158,0.09277079701893261,0.06680771255914816,-18.83734672227298,119.3764892301331,16.001327340615717,119.26245309416922,16.1463309307016
1.7816,0.0925315192925255,0.06597326328898474,-18.88920603205138,8.229494524952534e-05,0.0005147226967652235,-65.65891320529984,7.996750461544536e-05,0.0005166015045438356,-65.63404997748897,0.09215123184053765,0.06663880489726834,-18.883148315053877,119.23460048655879,15.93842907764586,119.12038929000924,16.084089534552966
1.7824,0.09191108680413444,0.06580424952869918,-18.935423118097454,8.310823693081342e-05,0.0005141889093194721,-65.66554666843592,8.085712399392467e-05,0.0005159902550912993,-65.641813965779,0.09152965383102792,0.06647326762685761,-18.92913114653603,119.09227289175874,15.87642177508834,118.97788692247426,16.022730673758282
1.7832,0.09128866224496479,0.06563863876432573,-18.98182470467855,8.392018621363514e-05,0.0005136549251444346,-65.6721667861096,8.174585122078013e-05,0.0005153765124569093,-65.6495980092665,0.09090607806850315,0.06631111187844677,-18.97529295502167,118.94951297248626,15.81530612915085,118.83495238804558,15.962255010887342
1.784,0.09066426120219602,0.06547644222444071,-19.02840851753883,8.473079905618633e-05,0.0005131207428209764,-65.67877358379447,8.263366610850136e-05,0.0005147602495434464,-65.6574026193738,0.09028051969330438,0.06615234873646554,-19.02163133333899,118.80632723768606,15.755082784562187,118.6915920650947,15.90266315847796
1.7848000000000002,0.09003789932948843,0.06531767108750848,-19.07517213438635,8.554008138527982e-05,0.0005125863609154177,-65.68536708688258,8.352054785820662e-05,0.000514141439450984,-65.66522830900699,0.08965299390813851,0.0659969892388043,-19.06814372314901,118.66272217809723,15.695752334964299,118.54781231350437,15.84395567942706
1.7856,0.08940959234709041,0.06516233648137876,-19.122112979059438,8.634803909646182e-05,0.0005120517779795746,-65.69194732068547,8.440647505885166e-05,0.0005135200554888179,-65.67307559246012,0.08902351597820053,0.06584504437637276,-19.114827409071978,118.51870426586243,15.637315323306792,118.40361947429673,15.78613308738425
1.7864,0.0887793560419421,0.06501044948278091,-19.16922831550671,8.715467805412713e-05,0.0005115169925508047,-65.69851431043477,8.529142568667019e-05,0.0005128960711875278,-65.68094498531691,0.08839210123128736,0.0656965250926535,-19.16167951263068,118.37427995414404,15.579772242244092,118.25901986926641,15.729195847146983
1.7872,0.08814720626777561,0.06486202111681127,-19.216515241577696,8.796000409163242e-05,0.0005109820031520488,-65.70506808128316,8.617537710485821e-05,0.0005122694603111727,-65.68883700435029,0.0877587650579134,0.06555144228325302,-19.20869698600714,118.22945567674677,15.523123534534118,118.11401980062107,15.67314437505821
1.788,0.08751315894520699,0.06471706235641914,-19.26397068262103,8.876402301140807e-05,0.0005104468082918733,-65.71160865830512,8.705830606350437e-05,0.0005116401968696079,-65.69675216741963,0.08712352291141724,0.06540980679544604,-19.25587660561084,118.08423784774568,15.467369593439646,117.96862555062742,15.617979039405109
1.7888000000000002,0.08687723006182961,0.06457558412188595,-19.311591384887276,8.95667405850688e-05,0.0005099114064645135,-65.71813606649772,8.794018869977402e-05,0.0005110082551309248,-65.7046909933656,0.08648639030806947,0.0652716294277188,-19.30321496545531,117.93863286112227,15.412510763131193,117.82284338126432,15.563700160820392
1.7896,0.0862394356722956,0.0644375972803032,-19.359373908734298,9.036816255352259e-05,0.0005093757961499136,-65.72465033078147,8.882100053835388e-05,0.0005103736096340091,-65.71265400190283,0.08584738282717168,0.065136920929307,-19.35070847034186,117.79264709040507,15.358547339092276,117.67667953388121,15.51030801268482
1.7904,0.08559979189839745,0.06430311264504224,-19.407314621632707,9.116829462707997e-05,0.0005088399758137691,-65.73115147600107,8.970071649215994e-05,0.0005097362352012022,-65.72064171351035,0.08520651611115561,0.06500569199972875,-19.398353328848163,117.6462868883176,15.305479568525636,117.53014022886363,15.457802821531176
1.7912,0.08495831492914428,0.06417214097522383,-19.455409690969503,9.196714248555944e-05,0.0005083039439075664,-65.73763952692626,9.057931086331794e-05,0.0005090961069510776,-65.72865464931954,0.08456380586567439,0.06487795328831496,-19.446145546120874,117.49955858643287,15.253307650762096,117.38323166530391,15.406184767449876
1.792,0.08431502102083187,0.06404469297518209,-19.503655076648897,9.276471177839344e-05,0.0005077676988686238,-65.74411450825254,9.145675734441925e-05,0.0005084532003113101,-65.73669333100017,0.08391926785969414,0.0647537153937362,-19.494080916470896,117.35246849483349,15.202031737670598,117.23596002067951,15.35545398449629
1.7928000000000002,0.08366992649710812,0.06392077929392327,-19.55204652348921,9.356100812473109e-05,0.0005072312391201324,-65.750576444602,9.233302902005829e-05,0.0005078074910316428,-65.74475828064385,0.08327291792557726,0.06463298886352373,-19.542155015771662,117.20502290177849,15.151651934069493,117.08833145053609,15.305610561098664
1.7936,0.08302304774903498,0.06380041052458264,-19.600579553415297,9.435603711354186e-05,0.0005066945630711929,-65.75702536052412,9.32080983686594e-05,0.0005071589551969415,-65.75285002064551,0.0826247719591636,0.06451578419358894,-19.59036319366001,117.05722807337646,15.102168298139807,116.94035208817733,15.256654540467954
1.7944,0.082374401235142,0.06368359720387563,-19.649249457447063,9.514980430371698e-05,0.0005061576691168573,-65.76346128049651,9.408193726459576e-05,0.0005065075692403277,-65.76096907358259,0.08197484591984762,0.06440211182773678,-19.638700565540862,116.90909025326434,15.05358084183931,116.7920280443613,15.208585921008217
1.7952,0.08172400348147975,0.06357034981154633,-19.698051287484265,9.594231522416883e-05,0.0005056205556381659,-65.76988422892573,9.495451698060603e-05,0.0005058533099563925,-65.76911596209199,0.08132315583065015,0.06429198215717734,-19.68716200439699,116.76061566229365,15.005889531318314,116.64336540700198,15.1614046567285
1.796,0.08107187108166297,0.06346067876981105,-19.74697984788982,9.673357537393002e-05,0.0005050832210021862,-65.77629423014801,9.582580819051494e-05,0.0005051961545144739,-65.77729120874497,0.08066971777828605,0.06418540552003246,-19.73574213240625,116.61181049822144,14.959094287336177,116.49437024087757,15.1151106576554
1.7968000000000002,0.0804180206969121,0.06335459444279896,-19.796029686873254,9.75235902222502e-05,0.0005045456635620509,-65.78269130843006,9.669578097226144e-05,0.0005045360804719984,-65.78549533591979,0.080014547913229,0.06408239220083901,-19.784435312369137,116.46268093540866,14.913194985679246,116.3450485873449,15.069703790246669
1.7976,0.07976246905608855,0.06325210713598847,-19.84519508767773,9.83123652086926e-05,0.000504007881656995,-65.78907548796984,9.756440481124117e-05,0.0005038730657878766,-65.79372886567235,0.07935766244976988,0.06398295243004848,-19.83323563895079,116.3132331245241,14.868191457579643,116.19540646405925,15.025183877805512
1.7984,0.07910523295572328,0.06315322709563968,-19.894470059574715,9.909990574322934e-05,0.0005034698736123936,-65.7954467928973,9.843164860396654e-05,0.0005032070888359431,-65.80199231960465,0.0786990776660707,0.06388709638352252,-19.882136929742266,116.16347319225432,14.824083490134866,116.04544986470052,14.981550700895562
1.7992,0.07844632926004201,0.0630579645082235,-19.943848328671063,9.988621720633427e-05,0.0005029316377397966,-65.80180524727515,9.929748066204826e-05,0.0005025381284184405,-65.81028621873122,0.07803880990421562,0.06379483418202565,-19.931132716146877,116.01340724102013,14.780870826728359,115.89518475870544,14.938803997756676
1.8,0.07778577490098383,0.06296632949984679,-19.993323328534913,0.00010067130494907586,0.0005023931723369681,-65.80815087509964,0.00010016186871650486,0.0005018661637795285,-65.81861108334363,0.07737687557025597,0.0637061758907135,-19.98021623409885,115.86304134869894,14.738553167450734,115.74461709100572,14.896943464721108
