f_GHz,S11_dB,S21_dB,S31_dB,amp_imbalance_dB,phase_error_deg,CMR_dB,power_closure,normalized_excess_loss_dB,Zin_real_ohm,Zin_imag_ohm
1.0,-8.654731451433289,-3.658049084853021,-3.6570213755121617,0.0010277093408592953,0.01908520499955557,-75.05306796797282,0.9978517720353405,0.010815517721036217,108.48857087566293,82.32082189474805
1.0008,-8.649305201952338,-3.6589138592068626,-3.65788480443313,0.0010290547737324695,0.019106943795918596,-75.04301465932356,0.997850788163587,0.010822615424917258,108.50125892204566,82.38458643240781
1.0016,-8.643885128917457,-3.6597789025292577,-3.6587485015984234,0.0010304009308340645,0.019128694834932958,-75.03296732804132,0.9978498038448607,0.01082971843157162,108.51395461878172,82.44834627084818
1.0024,-8.638471222445297,-3.660644214163276,-3.659612466355534,0.0010317478077424495,0.019150458139733928,-75.02292596178017,0.9978488190836399,0.010836826720144273,108.52665795888709,82.51210140763584
1.0032,-8.633063472673864,-3.661509793452767,-3.66047669805274,0.0010330954000273126,0.01917223373334309,-75.01289054826707,0.9978478338843664,0.010843940269945378,108.53936893536934,82.5758518403432
1.004,-8.62766186976247,-3.662375639742374,-3.661341196039108,0.001034443703266054,0.01919402163872519,-75.00286107526927,0.9978468482514443,0.01085105906045707,108.5520875412278,82.63959756654823
1.0048,-8.62226640389166,-3.663241752377519,-3.662205959664491,0.0010357927130283562,0.019215821878901806,-74.99283753063285,0.9978458621892419,0.010858183071326185,108.56481376945338,82.70333858383448
1.0056,-8.61687706526314,-3.664108130704417,-3.663070988279531,0.0010371424248858277,0.019237634476553467,-74.98281990225581,0.9978448757020905,0.010865312282366216,108.5775476130286,82.76707488979129
1.0064,-8.611493844099726,-3.6649747740700707,-3.6639362812356593,0.0010384928344110392,0.01925945945464491,-74.97280817809774,0.9978438887942844,0.010872446673561166,108.59028906492766,82.83080648201343
1.0072,-8.606116730645265,-3.66584168182227,-3.6648018378850993,0.0010398439371707717,0.01928129683591351,-74.96280234617794,0.997842901470082,0.010879586225059763,108.60303811811637,82.89453335810164
1.008,-8.600745715164576,-3.666708853309597,-3.6656676575808627,0.001041195728733733,0.019303146643096625,-74.95280239457136,0.9978419137337049,0.010886730917177378,108.61579476555212,82.95825551566199
1.0088,-8.595380787943384,-3.667576287881425,-3.6665337396767557,0.0010425482046695924,0.019325008898874785,-74.94280831141405,0.9978409255893388,0.010893880730395076,108.6285590001839,83.02197295230651
1.0096,-8.590021939288247,-3.6684439848879173,-3.667400083527372,0.0010439013605460879,0.01934688362587167,-74.93282008490908,0.9978399370411329,0.010901035645360572,108.64133081495243,83.0856856656529
1.0104,-8.584669159526515,-3.6693119436800274,-3.668266688488102,0.0010452551919251682,0.019368770846597272,-74.92283770329989,0.9978389480932011,0.010908195642883402,108.65411020278978,83.14939365332448
1.0112,-8.579322439006232,-3.670180163609503,-3.669133553915131,0.0010466096943726369,0.019390670583675274,-74.91286115490578,0.9978379587496207,0.010915360703941215,108.66689715661985,83.21309691295043
1.012,-8.573981768096106,-3.6710486440288888,-3.6700006791654327,0.0010479648634552597,0.019412582859558825,-74.90289042808678,0.9978369690144331,0.010922530809675889,108.67969166935796,83.27679544216556
1.0128,-8.568647137185415,-3.671917384291516,-3.6708680635967808,0.001049320694734978,0.01943450769658739,-74.89292551128375,0.9978359788916453,0.010929705941387752,108.69249373391102,83.3404892386106
1.0136,-8.563318536683962,-3.672786383751518,-3.6717357065677407,0.001050677183777587,0.01945644511727096,-74.88296639296426,0.9978349883852271,0.01093688608054814,108.70530334317762,83.40417829993198
1.0144,-8.557995957022017,-3.6736556417638178,-3.6726036074376758,0.0010520343261421292,0.019478395143835314,-74.87301306168071,0.9978339974991144,0.010944071208783934,108.71812049004772,83.46786262378185
1.0152,-8.552679388650228,-3.6745251576841347,-3.673471765566748,0.0010533921173866802,0.019500357798619916,-74.86306550602342,0.9978330062372067,0.01095126130789012,108.73094516740298,83.53154220781835
1.016,-8.547368822039589,-3.6753949308689924,-3.6743401803159137,0.0010547505530789567,0.0195223331037937,-74.85312371465366,0.9978320146033683,0.010958456359823525,108.74377736811648,83.59521704970524
1.0168,-8.542064247681347,-3.676264960675702,-3.67520885104693,0.0010561096287722061,0.019544321081639282,-74.84318767626749,0.9978310226014292,0.010965656346699415,108.75661708505294,83.65888714711231
1.0176,-8.536765656086974,-3.6771352464623797,-3.676077777122351,0.0010574693400283541,0.019566321754098226,-74.83325737964306,0.9978300302351836,0.010972861250796818,108.76946431106853,83.72255249771509
1.0184,-8.531473037788071,-3.6780057875879346,-3.6769469579055296,0.0010588296824045004,0.01958833514345315,-74.82333281359563,0.9978290375083914,0.01098007105455467,108.78231903901103,83.78621309919501
1.0192,-8.526186383336329,-3.6788765834120807,-3.6778163927606227,0.001060190651457743,0.019610361271588772,-74.81341396699493,0.9978280444247771,0.010987285740573737,108.79518126171959,83.84986894923938
1.02,-8.52090568330346,-3.6797476332953267,-3.678686081052583,0.0010615522427432473,0.019632400160503494,-74.80350082878363,0.9978270509880316,0.010994505291611785,108.80805097202496,83.91352004554142
1.0208,-8.515630928281137,-3.68061893659899,-3.6795560221471653,0.0010629144518248573,0.019654451832138875,-74.7935933879341,0.99782605720181,0.0110017296905918,108.82092816274944,83.97716638580026
1.0216,-8.51036210888092,-3.68149049268518,-3.6804262154109315,0.0010642772742490531,0.019676516308436476,-74.78369163349358,0.997825063069734,0.011008958920589906,108.83381282670662,84.04080796772098
1.0224,-8.505099215734225,-3.6823623009168136,-3.681296660211239,0.0010656407055748512,0.01969859361122417,-74.77379555455224,0.9978240685953902,0.011016192964846485,108.84670495670177,84.10444478901448
1.0232,-8.499842239492231,-3.6832343606576083,-3.682167355916253,0.0010670047413554777,0.019720683762159297,-74.76390514025522,0.997823073782332,0.011023431806754084,108.85960454553157,84.1680768473978
1.024,-8.494591170825842,-3.6841066712720854,-3.6830383018949426,0.0010683693771431921,0.019742786783069732,-74.75402037980949,0.9978220786340775,0.011030675429870965,108.87251158598414,84.23170414059383
1.0248,-8.489346000425614,-3.684979232125572,-3.68390949751708,0.00106973460849218,0.019764902695612818,-74.74414126246504,0.9978210831541118,0.011037923817906591,108.88542607083907,84.29532666633148
1.0256,-8.484106719001703,-3.685852042584197,-3.6847809421532443,0.0010711004309527663,0.019787031521389054,-74.73426777752331,0.9978200873458851,0.011045176954733723,108.89834799286744,84.35894442234564
1.0264,-8.478873317283801,-3.686725102014896,-3.685652635174817,0.0010724668400791315,0.01980917328205578,-74.72439991434926,0.9978190912128152,0.011052434824376327,108.91127734483173,84.42255740637728
1.0272000000000001,-8.47364578602107,-3.6875984097854086,-3.6865245759539884,0.0010738338314196666,0.01983132799904297,-74.71453766235504,0.9978180947582856,0.011059697411014901,108.92421411948587,84.4861656161733
1.028,-8.468424115982108,-3.688471965264288,-3.6873967638637577,0.0010752014005295108,0.019853495693894274,-74.70468101099526,0.9978170979856454,0.011066964698993242,108.93715830957518,84.5497690494867
1.0288,-8.463208297954857,-3.689345767820881,-3.6882691982779288,0.0010765695429522275,0.01987567638798282,-74.6948299498001,0.9978161008982118,0.011074236672802485,108.95010990783652,84.61336770407658
1.0296,-8.457998322746564,-3.690219816825358,-3.689141878571116,0.001077938254241986,0.019897870102795423,-74.68498446832461,0.9978151034992675,0.011081513317094656,108.96306890699807,84.67696157770806
1.0304,-8.45279418118372,-3.6910941116486855,-3.690014804118741,0.0010793075299452377,0.019920076859591518,-74.6751445561913,0.9978141057920624,0.011088794616672986,108.9760352997794,84.74055066815235
1.0312,-8.447595864112,-3.691968651662645,-3.6908879742970324,0.001080677365612289,0.019942296679630545,-74.66531020306925,0.9978131077798141,0.011096080556494348,108.98900907889151,84.80413497318673
1.032,-8.442403362396197,-3.692843436239826,-3.6917613884830396,0.0010820477567866924,0.01996452958417194,-74.65548139867812,0.9978121094657056,0.0111033711216765,109.0019902370369,84.86771449059479
1.0328,-8.437216666920188,-3.6937184647536285,-3.692635046054611,0.0010834186990177842,0.019986775594475148,-74.64565813279066,0.9978111108528884,0.01111066629748261,109.01497876690928,84.93128921816597
1.0336,-8.432035768586843,-3.694593736578265,-3.693508946390411,0.0010847901878539342,0.020009034731515385,-74.63584039522354,0.9978101119444805,0.011117966069334807,109.02797466119382,84.99485915369605
1.0344,-8.426860658317999,-3.6954692510887592,-3.694383088869915,0.0010861622188444728,0.020031307016495248,-74.62602817584832,0.9978091127435675,0.01112527042280499,109.0409779125671,85.05842429498696
1.0352,-8.421691327054377,-3.6963450076609434,-3.6952574728734175,0.0010875347875252267,0.020053592470389958,-74.61622146459449,0.9978081132532022,0.011132579343620145,109.05398851369699,85.12198463984676
1.036,-8.416527765755541,-3.6972210056714645,-3.696132097782017,0.00108890788944745,0.02007589111423158,-74.60642025141759,0.9978071134764059,0.011139892817653168,109.06700645724277,85.1855401860897
1.0368,-8.411369965399842,-3.698097244497789,-3.69700696297763,0.0010902815201585371,0.020098202968938494,-74.59662452635054,0.9978061134161662,0.011147210830937837,109.08003173585499,85.24909093153629
1.0376,-8.40621791698435,-3.6989737235181885,-3.6978820678429885,0.0010916556752000924,0.020120528055372233,-74.58683427945266,0.9978051130754392,0.011154533369652888,109.09306434217568,85.31263687401325
1.0384,-8.401071611524806,-3.699850442111752,-3.6987574117616377,0.0010930303501146825,0.020142866394394332,-74.57704950084386,0.9978041124571492,0.011161860420127298,109.1061042688381,85.37617801135349
1.0392,-8.395931040055565,-3.7007273996583905,-3.69963299411794,0.0010944055404506574,0.02016521800675264,-74.56727018069014,0.9978031115641874,0.01116919196884757,109.11915150846689,85.43971434139628
1.04,-8.390796193629535,-3.701604595538821,-3.700508814297074,0.0010957812417467204,0.020187582913195,-74.55749630921234,0.9978021103994145,0.011176528002440312,109.1322060536779,85.50324586198708
1.0408,-8.385667063318131,-3.7024820291345835,-3.701384871685034,0.0010971574495492874,0.020209961134469268,-74.5477278766571,0.9978011089656581,0.011183868507690615,109.14526789707844,85.56677257097763
1.0416,-8.380543640211211,-3.703359699828031,-3.7022611656686317,0.001098534159398985,0.02023235269109591,-74.53796487334625,0.9978001072657154,0.011191213471526093,109.15833703126704,85.63029446622605
1.0424,-8.37542591541703,-3.7042376070023386,-3.703137695635499,0.0010999113668393305,0.020254757603765938,-74.52820728962989,0.997799105302351,0.011198562881028017,109.17141344883355,85.69381154559667
1.0432,-8.370313880062165,-3.7051157500414917,-3.704014460974086,0.0011012890674061222,0.02027717589299982,-74.518455115919,0.9977981030782989,0.01120591672342212,109.18449714235913,85.75732380696027
1.044,-8.365207525291478,-3.705994128330308,-3.7048914610736583,0.0011026672566505876,0.020299607579261192,-74.50870834265665,0.9977971005962609,0.01121327498608489,109.19758810441616,85.82083124819394
1.0448,-8.360106842268074,-3.7068727412544167,-3.705768695324305,0.0011040459301114136,0.02032205268301368,-74.49896696034669,0.9977960978589075,0.011220637656542113,109.21068632756838,85.88433386718104
1.0456,-8.355011822173202,-3.7077515882002627,-3.7066461631169387,0.001105425083323426,0.02034451122460723,-74.48923095953292,0.9977950948688795,0.011228004722461623,109.2237918043707,85.94783166181146
1.0464,-8.349922456206254,-3.7086306685551214,-3.707523863843289,0.0011068047118320571,0.020366983224334945,-74.47950033080504,0.9977940916287844,0.011235376171665402,109.23690452736942,86.0113246299814
1.0472,-8.344838735584668,-3.7095099817070825,-3.7084017968959015,0.0011081848111808078,0.02038946870266045,-74.46977506479894,0.997793088141201,0.01124275199211313,109.25002448910195,86.07481276959349
1.048,-8.3397606515439,-3.7103895270450593,-3.709279961668157,0.0011095653769016022,0.02041196767964948,-74.46005515220054,0.9977920844086763,0.011250132171915238,109.26315168209705,86.13829607855678
1.0488,-8.33468819533736,-3.7112693039587925,-3.710158357554251,0.001110946404541794,0.020434480175595127,-74.45034058373312,0.9977910804337257,0.011257516699331963,109.27628609887464,86.20177455478675
1.0496,-8.329621358236363,-3.7121493118388385,-3.7110369839492003,0.0011123278896381233,0.020457006210563122,-74.44063135017743,0.9977900762188359,0.011264905562759784,109.28942773194598,86.26524819620543
1.0504,-8.32456013153007,-3.7130295500765795,-3.7119158402488512,0.001113709827728294,0.02047954580473288,-74.43092744234728,0.9977890717664617,0.011272298750745946,109.30257657381343,86.3287170007412
1.0512,-8.319504506525439,-3.7139100180642277,-3.7127949258498743,0.0011150922143538635,0.020502098978056438,-74.42122885109994,0.9977880670790276,0.011279696251983622,109.31573261697064,86.39218096632898
1.052,-8.314454474547171,-3.714790715194814,-3.71367424014976,0.0011164750450534937,0.020524665750599524,-74.41153556735173,0.9977870621589287,0.011287098055304173,109.32889585390247,86.45564009091025
1.0528,-8.309410026937666,-3.7156716408621957,-3.7145537825468318,0.0011178583153648794,0.020547246142257336,-74.4018475820561,0.9977860570085288,0.011294504149688283,109.34206627708497,86.51909437243293
1.0536,-8.304371155056952,-3.7165527944610592,-3.715433552440232,0.0011192420208276412,0.020569840172981912,-74.39216488620426,0.9977850516301627,0.011301914524255788,109.35524387898533,86.58254380885153
1.0544,-8.299337850282647,-3.717434175386915,-3.7163135492299344,0.0011206261569804321,0.020592447862554764,-74.38248747083819,0.9977840460261345,0.011309329168272462,109.36842865206202,86.64598839812712
1.0552,-8.294310104009908,-3.718315783036099,-3.7171937723167394,0.001122010719359975,0.020615069230871086,-74.37281532704333,0.9977830401987187,0.011316748071145175,109.38162058876465,86.70942813822732
1.056,-8.289287907651369,-3.7191976168057828,-3.7180742211022726,0.0011233957035097389,0.02063770429754186,-74.3631484459438,0.9977820341501598,0.01132417122242238,109.39481968153396,86.7728630271263
1.0568,-8.2842712526371,-3.720079676093957,-3.718954894988997,0.0011247811049606541,0.02066035308229175,-74.35348681872198,0.9977810278826728,0.011331598611797498,109.4080259228019,86.83629306280493
1.0576,-8.279260130414542,-3.7209619602994453,-3.719835793380193,0.0011261669192523273,0.020683015604845423,-74.34383043657049,0.9977800213984434,0.011339030229100702,109.4212393049916,86.89971824325063
1.0584,-8.27425453244848,-3.721844468821902,-3.7207169156799784,0.0011275531419233978,0.02070569188481386,-74.3341792907672,0.9977790146996276,0.01134646606430665,109.43445982051725,86.96313856645742
1.0592,-8.269254450220963,-3.7227272010618107,-3.7215982612932956,0.0011289397685144316,0.020728381941580665,-74.32453337259747,0.9977780077883524,0.011353906107527241,109.4476874617843,87.02655403042606
1.06,-8.264259875231268,-3.723610156420486,-3.722479829625925,0.001130326794561169,0.020751085794813662,-74.31489267340392,0.9977770006667148,0.011361350349018855,109.46092222118926,87.08996463316397
1.0608,-8.259270798995855,-3.724493334300072,-3.723361620084473,0.0011317142155993483,0.0207738034639533,-74.3052571845775,0.9977759933367835,0.011368798779175118,109.47416409111973,87.15337037268516
1.0616,-8.254287213048299,-3.7253767341035475,-3.7242436320763774,0.0011331020271704907,0.02079653496832634,-74.29562689753612,0.997774985800598,0.011376251388527374,109.48741306395455,87.21677124701048
1.0624,-8.249309108939261,-3.726260355234719,-3.7251258650099133,0.0011344902248055066,0.020819280327316392,-74.28600180375304,0.9977739780601684,0.01138370816774905,109.5006691320636,87.2801672541674
1.0632,-8.244336478236423,-3.7271441970982315,-3.726008318294183,0.0011358788040488055,0.020842039560250214,-74.27638189473336,0.9977729701174767,0.011391169107650805,109.51393228780782,87.34355839219008
1.064,-8.239369312524442,-3.7280282590995615,-3.726890991339129,0.0011372677604332203,0.020864812686340883,-74.2667671620275,0.9977719619744754,0.011398634199182963,109.52720252353934,87.40694465911959
1.0648,-8.234407603404895,-3.7289125406450188,-3.727773883555519,0.0011386570894992972,0.020887599724801476,-74.25715759722362,0.9977709536330894,0.011406103433429713,109.54047983160133,87.47032605300362
1.0656,-8.229451342496244,-3.729797041141745,-3.7286569943549637,0.0011400467867817934,0.020910400694788223,-74.24755319195489,0.9977699450952144,0.011413576801616348,109.55376420432802,87.53370257189668
1.0664,-8.224500521433772,-3.7306817599977253,-3.7295403231499065,0.0011414368478193195,0.020933215615400513,-74.23795393789946,0.9977689363627176,0.01142105429510638,109.56705563404478,87.5970742138602
1.0672,-8.21955513186954,-3.731566696621773,-3.7304238693536256,0.0011428272681466272,0.020956044505737736,-74.22835982675628,0.9977679274374379,0.011428535905397181,109.58035411306797,87.66044097696222
1.068,-8.214615165472342,-3.732451850423541,-3.7313076323802323,0.0011442180433081088,0.020978887384785594,-74.21877085028754,0.9977669183211869,0.011436021624121443,109.59365963370519,87.72380285927778
1.0688,-8.209680613927645,-3.733337220813517,-3.7321916116446823,0.0011456091688336876,0.0210017442714161,-74.2091870002887,0.9977659090157474,0.011443511443050069,109.60697218825477,87.7871598588887
1.0696,-8.204751468937552,-3.734222807203029,-3.733075806562761,0.0011470006402677503,0.02102461518461496,-74.1996082685861,0.9977648995228741,0.011451005354088798,109.6202917690064,87.85051197388364
1.0704,-8.199827722220746,-3.7351086090042402,-3.7339602165510977,0.0011483924531421434,0.02104750014336787,-74.19003464704942,0.9977638898442939,0.011458503349279656,109.63361836824063,87.91385920235818
1.0712,-8.194909365512444,-3.7359946256301537,-3.7348448410271544,0.0011497846029993198,0.021070399166262632,-74.18046612759862,0.9977628799817068,0.01146600542079515,109.64695197822913,87.97720154241487
1.072,-8.189996390564353,-3.736880856494611,-3.73572967940924,0.0011511770853711192,0.02109331227217126,-74.17090270216909,0.9977618699367834,0.011473511560949393,109.6602925912345,88.04053899216301
1.0728,-8.185088789144613,-3.737767301012295,-3.7366147311164917,0.001152569895802883,0.02111623947979524,-74.16134436276519,0.9977608597111687,0.011481021762182153,109.67364019951043,88.10387154971897
1.0735999999999999,-8.180186553037757,-3.7386539585987273,-3.7374999955688986,0.0011539630298283744,0.021139180807836055,-74.15179110140491,0.9977598493064785,0.011488536017073838,109.6869947953017,88.16719921320605
1.0744,-8.175289674044663,-3.739540828670271,-3.7383854721872845,0.0011553564829861768,0.02116213627482466,-74.14224291016002,0.9977588387243024,0.01149605431833486,109.70035637084389,88.23052198075453
1.0752,-8.170398143982501,-3.740427910644125,-3.7392711603933098,0.0011567502508158353,0.021185105899348855,-74.13269978113155,0.9977578279662027,0.011503576658804672,109.71372491836371,88.29383985050158
1.076,-8.165511954684693,-3.7413152039383397,-3.7401570596094875,0.0011581443288520702,0.02120808970005328,-74.12316170646606,0.9977568170337134,0.011511103031463852,109.72710043007875,88.35715282059144
1.0768,-8.160631098000861,-3.742202707971802,-3.7410431692591617,0.0011595387126402072,0.02123108769518467,-74.11362867833813,0.9977558059283427,0.011518633429419122,109.74048289819778,88.42046088917542
1.0776,-8.15575556579678,-3.7430904221642396,-3.7419294887665266,0.0011609333977130316,0.021254099903330825,-74.10410068896829,0.9977547946515717,0.011526167845907698,109.75387231492032,88.48376405441172
1.0784,-8.150885349954333,-3.74397834593623,-3.7428160175566165,0.0011623283796129706,0.021277126342795327,-74.09457773061143,0.9977537832048536,0.011533706274302124,109.76726867243698,88.54706231446583
1.0792,-8.14602044237147,-3.7448664787091888,-3.743702755055309,0.001163723653879555,0.021300167031881756,-74.08505979556222,0.9977527715896162,0.011541248708104468,109.78067196292932,88.61035566751005
1.08,-8.141160834962145,-3.7457548199053776,-3.7445897006893265,0.0011651192160513485,0.021323221988950536,-74.07554687614889,0.9977517598072602,0.01154879514094392,109.79408217856977,88.6736441117239
1.0808,-8.136306519656294,-3.746643368947903,-3.7454768538862364,0.0011665150616669117,0.021346291232077874,-74.06603896474186,0.9977507478591592,0.011556345566584513,109.80749931152178,88.73692764529403
1.0816,-8.131457488399766,-3.7475321252607214,-3.746364214074454,0.0011679111862667316,0.021369374779624195,-74.05653605373831,0.9977497357466605,0.011563899978920295,109.82092335393973,88.80020626641412
1.0824,-8.126613733154288,-3.7484210882686253,-3.747251780683234,0.0011693075853912917,0.021392472649495176,-74.04703813558002,0.997748723471086,0.011571458371968563,109.83435429796886,88.86347997328511
1.0832,-8.121775245897428,-3.749310257397267,-3.7481395531426824,0.001170704254583967,0.021415584859937553,-74.03754520274306,0.9977477110337301,0.01157902073988292,109.84779213574542,88.92674876411496
1.084,-8.116942018622526,-3.7501996320731306,-3.749027530883753,0.0011721011893775198,0.021438711428913848,-74.02805724774477,0.997746698435862,0.01158658707693973,109.86123685939653,88.99001263711894
1.0848,-8.11211404333867,-3.751089211723564,-3.749915713338237,0.0011734983853268926,0.021461852374443424,-74.01857426312029,0.9977456856787245,0.011594157377545381,109.87468846104017,89.05327159051942
1.0856,-8.107291312070643,-3.7519789957767467,-3.750804099938791,0.001174895837956162,0.021485007714375115,-74.00909624146612,0.9977446727635341,0.011601731636237246,109.8881469327853,89.11652562254596
1.0864,-8.102473816858875,-3.7528689836617217,-3.7516926901188983,0.001176293542823158,0.02150817746667144,-73.99962317539459,0.9977436596914825,0.011609309847674021,109.90161226673168,89.17977473143549
1.0872,-8.09766154975941,-3.753759174808369,-3.7525814833129125,0.0011776914954567744,0.02153136164906755,-73.99015505756854,0.9977426464637342,0.01161689200664732,109.91508445497011,89.24301891543202
1.088,-8.09285450284384,-3.7546495686474275,-3.753470478956019,0.0011790896914080835,0.021554560279469115,-73.98069188066626,0.9977416330814296,0.011624478108072022,109.928563489582,89.30625817278688
1.0888,-8.088052668199282,-3.7555401646104816,-3.7543596764842646,0.001180488126216583,0.0215777733754976,-73.97123363741753,0.9977406195456822,0.011632068146991087,109.9420493626399,89.36949250175876
1.0896,-8.083256037928328,-3.756430962129962,-3.755249075334541,0.0011818867954208015,0.02160100095488815,-73.96178032058509,0.9977396058575809,0.01163966211857122,109.95554206620707,89.43272190061349
1.0904,-8.078464604148984,-3.757321960639162,-3.75613867494459,0.001183285694571804,0.021624243035262225,-73.95233192295757,0.9977385920181892,0.011647260018106259,109.96904159233769,89.4959463676244
1.0912,-8.073678358994652,-3.758213159572218,-3.7570284747530067,0.0011846848192110075,0.021647499634241285,-73.94288843736463,0.9977375780285449,0.01165486184101474,109.98254793307667,89.55916590107202
1.092,-8.06889729461407,-3.7591045583641187,-3.757918474199239,0.0011860841648798262,0.021670770769333103,-73.93344985666644,0.9977365638896611,0.0116624675828404,109.99606108045995,89.62238049924427
1.0928,-8.064121403171269,-3.7599961564507094,-3.758808672723584,0.0011874837271254582,0.021694056458045452,-73.92401617376679,0.997735549602526,0.011670077239249278,110.00958102651404,89.68559016043642
1.0936,-8.05935067684554,-3.7608879532686865,-3.7596990697671955,0.0011888835014912413,0.021717356717772418,-73.91458738158673,0.9977345351681017,0.011677690806036943,110.02310776325656,89.74879488295117
1.0944,-8.054585107831377,-3.7617799482555996,-3.7605896647720756,0.0011902834835243673,0.02174067156596493,-73.90516347309548,0.9977335205873274,0.011685308279114029,110.0366412826958,89.81199466509864
1.0952,-8.049824688338438,-3.762672140849852,-3.7614804571810847,0.001191683668767204,0.02176400101990339,-73.89574444129434,0.997732505861116,0.011692929654522156,110.05018157683078,89.87518950519625
1.096,-8.045069410591509,-3.763564530490704,-3.762371446437932,0.0011930840527717601,0.021787345096925037,-73.88633027920133,0.9977314909903562,0.011700554928420901,110.0637286376515,89.93837940156905
1.0968,-8.040319266830453,-3.764457116618268,-3.763262631987188,0.0011944846310803976,0.021810703814310273,-73.87692097988405,0.9977304759759122,0.011708184097095039,110.07728245713855,90.00156435254937
1.0976,-8.035574249310173,-3.765349898673516,-3.7641540132742746,0.0011958853992412612,0.021834077189168966,-73.86751653644914,0.9977294608186238,0.01171581715695164,110.09084302726355,90.06474435647712
1.0984,-8.030834350300559,-3.766242876098271,-3.765045589745469,0.0011972863528015298,0.021857465238667828,-73.85811694201675,0.9977284455193065,0.011723454104515254,110.10441033998866,90.1279194116997
1.0992,-8.026099562086463,-3.7671360483352156,-3.765937360847907,0.0011986874873083785,0.021880867979973573,-73.84872218975383,0.9977274300787515,0.011731094936438527,110.11798438726694,90.19108951657198
1.1,-8.021369876967638,-3.7680294148278923,-3.766829326029577,0.0012000887983147663,0.021904285430082382,-73.83933227284534,0.9977264144977256,0.01173873964948819,110.13156516104225,90.2542546694564
1.1008,-8.01664528725871,-3.7689229750206943,-3.76772148473933,0.0012014902813649695,0.021927717605990438,-73.82994718452662,0.9977253987769719,0.01174638824055667,110.14515265324904,90.31741486872293
1.1016,-8.011925785289124,-3.769816728358879,-3.768613836426868,0.001202891932010977,0.021951164524693922,-73.82056691805164,0.9977243829172094,0.01175404070665386,110.15874685581268,90.38057011274911
1.1024,-8.007211363403115,-3.7707106742885577,-3.7695063805427553,0.0012042937458018816,0.02197462620307533,-73.81119146671358,0.9977233669191334,0.01176169704491003,110.17234776064923,90.44372039992015
1.1032,-8.002502013959658,-3.771604812256708,-3.770399116538416,0.0012056957182915956,0.021998102657960317,-73.8018208238344,0.9977223507834149,0.011769357252577274,110.1859553596654,90.5068657286287
1.104,-7.997797729332426,-3.772499141711158,-3.771292043866128,0.0012070978450301703,0.02202159390617453,-73.7924549827616,0.9977213345107019,0.011777021327021773,110.19956964475877,90.57000609727515
1.1048,-7.993098501909751,-3.773393662100599,-3.772185161979033,0.0012085001215657257,0.022045099964543624,-73.78309393689223,0.997720318101619,0.01178468926573106,110.2131906078175,90.63314150426751
1.1056,-7.988404324094587,-3.7742883728745866,-3.773078470331133,0.001209902543454094,0.02206862084972272,-73.77373767962882,0.9977193015567657,0.01179236106631642,110.22681824072055,90.69627194802146
1.1064,-7.983715188304457,-3.7751832734835356,-3.7739719683772863,0.0012113051062482116,0.022092156578310096,-73.76438620441998,0.9977182848767203,0.01180003672649647,110.24045253533757,90.75939742696033
1.1072,-7.979031086971423,-3.7760783633787156,-3.7748656555732136,0.0012127078055019765,0.022115707167017717,-73.75503950475108,0.997717268062037,0.011807716244113108,110.25409348352886,90.8225179395152
1.108,-7.9743520125420435,-3.77697364201227,-3.775759531375501,0.0012141106367692836,0.02213927263238702,-73.74569757412334,0.9977162511132457,0.011815399617129088,110.26774107714552,90.88563348412484
1.1088,-7.969677957477329,-3.7778691088371947,-3.7766535952415885,0.0012155135956059538,0.022162852990902593,-73.73636040608021,0.997715234030855,0.011823086843615953,110.2813953080292,90.94874405923568
1.1096,-7.965008914252701,-3.7787647633073504,-3.777547846629786,0.0012169166775649123,0.02218644825904903,-73.7270279941929,0.9977142168153498,0.011830777921766589,110.29505616801227,91.01184966330203
1.1104,-7.960344875357956,-3.7796606048774666,-3.778442284999262,0.0012183198782048676,0.022210058453254078,-73.7177003320501,0.9977131994671915,0.011838472849890402,110.30872364891778,91.07495029478594
1.1112,-7.955685833297227,-3.7805566330031306,-3.7793369098100498,0.0012197231930806678,0.022233683589888642,-73.70837741329134,0.9977121819868194,0.011846171626411375,110.32239774255947,91.1380459521572
1.112,-7.951031780588927,-3.7814528471407978,-3.780231720523044,0.0012211266177539093,0.022257323685266783,-73.69905923157408,0.9977111643746501,0.011853874249867113,110.33607844074169,91.20113663389348
1.1128,-7.946382709765738,-3.782349246747782,-3.7811267166000033,0.0012225301477784695,0.022280978755702563,-73.68974578058284,0.9977101466310776,0.011861580718911743,110.34976573525941,91.26422233848018
1.1136,-7.941738613374541,-3.7832458312822723,-3.782021897503557,0.0012239337787159398,0.022304648817339512,-73.68043705403812,0.9977091287564728,0.01186929103231542,110.36345961789834,91.32730306441067
1.1144,-7.937099483976395,-3.7841426002033156,-3.7829172626971914,0.0012253375061240493,0.022328333886434848,-73.67113304568338,0.9977081107511849,0.011877005188959991,110.37716008043465,91.3903788101861
1.1152,-7.932465314146499,-3.7850395529708254,-3.78381281164526,0.0012267413255643838,0.022352033979018415,-73.66183374930637,0.9977070926155408,0.011884723187840927,110.39086711463537,91.45344957431558
1.116,-7.927836096474131,-3.7859366890455863,-3.7847085438129886,0.0012281452325985248,0.02237574911134743,-73.65253915870285,0.9977060743498443,0.01189244502807118,110.40458071225791,91.51651535531607
1.1168,-7.923211823562636,-3.7868340078892477,-3.7856044586664606,0.0012295492227870869,0.022399479299224367,-73.64324926770843,0.997705055954378,0.0119001707088725,110.41830086505041,91.57957615171246
1.1176,-7.918592488029369,-3.7877315089643195,-3.7865005556726268,0.0012309532916926112,0.02242322455890644,-73.63396407019044,0.997704037429403,0.011907900229576385,110.43202756475158,91.64263196203756
1.1184,-7.9139780825056665,-3.7886291917341963,-3.7873968342993143,0.0012323574348824578,0.022446984906082434,-73.62468356003055,0.9977030187751561,0.01191563358963957,110.44576080309072,91.70568278483228
1.1192,-7.909368599636794,-3.789527055663122,-3.788293294015207,0.001233761647915304,0.02247076035672535,-73.61540773116081,0.997701999991855,0.011923370788615485,110.4595005717878,91.76872861864534
1.12,-7.904764032081925,-3.790425100216223,-3.7891899342898676,0.0012351659263546463,0.0224945509266945,-73.60613657752899,0.9977009810796938,0.011931111826179897,110.47324686255322,91.83176946203358
1.1208,-7.900164372514087,-3.791323324859488,-3.7900867545937125,0.0012365702657765165,0.0225183566318492,-73.5968700931016,0.9976999620388465,0.011938856702111563,110.48699966708806,91.89480531356179
1.1216,-7.895569613620132,-3.7922217290597766,-3.7909837543980407,0.0012379746617357254,0.022542177487707704,-73.58760827189454,0.9976989428694643,0.011946605416305284,110.5007589770839,91.95783617180284
1.1224,-7.890979748100694,-3.793120312284823,-3.791880933175016,0.001239379109807335,0.02256601351024301,-73.57835110792958,0.9976979235716767,0.011954357968769496,110.51452478422293,92.02086203533767
1.1232,-7.886394768670154,-3.7940190740032254,-3.7927782903976723,0.0012407836055529007,0.02258986471491653,-73.56909859527393,0.9976969041455931,0.011962114359615136,110.52829708017782,92.08388290275528
1.124,-7.881814668056599,-3.7949180136844585,-3.7936758255399097,0.0012421881445484435,0.022613731117417046,-73.55985072800758,0.9976958845913011,0.01196987458906582,110.5420758566119,92.14689877265276
1.1248,-7.877239439001787,-3.7958171307988646,-3.794573538076504,0.0012435927223613005,0.02263761273320597,-73.55060750025268,0.9976948649088668,0.011977638657455884,110.55586110517889,92.20990964363534
1.1256,-7.872669074261108,-3.7967164248176615,-3.795471427483101,0.0012449973345607355,0.02266150957791524,-73.54136890614309,0.9976938450983356,0.01198540656522847,110.56965281752318,92.27291551431641
1.1264,-7.868103566603537,-3.7976158952129353,-3.7963694932362175,0.0012464019767179373,0.02268542166689258,-73.53213493985255,0.9976928251597317,0.011993178312933103,110.58345098527951,92.3359163833175
1.1272,-7.8635429088116195,-3.7985155414576472,-3.7972677348132415,0.0012478066444050573,0.022709349015542557,-73.52290559558125,0.9976918050930587,0.012000953901229551,110.5972556000733,92.39891224926826
1.1280000000000001,-7.8589870936814075,-3.799415363025634,-3.7981661516924343,0.0012492113332000301,0.022733291639269737,-73.513680867537,0.997690784898299,0.012008733330884949,110.61106665352037,92.46190311080666
1.1288,-7.854436114022444,-3.8003153593916044,-3.79906474335293,0.001250616038674037,0.022757249553365,-73.50446074997852,0.9976897645754144,0.012016516602775217,110.62488413722706,92.52488896657876
1.1296,-7.849889962657713,-3.801215530031137,-3.7999635092747353,0.0012520207564011491,0.022781222773119225,-73.49524523717848,0.9976887441243466,0.012024303717879773,110.63870804279024,92.58786981523896
1.1304,-7.845348632423599,-3.802115874420688,-3.8008624489387306,0.0012534254819573645,0.022805211313709606,-73.48603432343712,0.9976877235450166,0.012032094677286354,110.65253836179716,92.65084565544988
1.1312,-7.840812116169868,-3.8030163920375983,-3.801761561826674,0.0012548302109244636,0.022829215190313334,-73.47682800307686,0.9976867028373234,0.01203988948219585,110.66637508582569,92.71381648588239
1.1320000000000001,-7.836280406759616,-3.803917082360066,-3.802660847421191,0.0012562349388755452,0.02285323441805076,-73.46762627046036,0.9976856820011486,0.012047688133902494,110.6802182064441,92.77678230521575
1.1328,-7.831753497069235,-3.804817944867176,-3.8035603052057883,0.0012576396613875628,0.02287726901198539,-73.4584291199643,0.9976846610363512,0.01205549063381512,110.69406771521105,92.83974311213737
1.1336,-7.827231379988374,-3.8057189790388906,-3.8044599346648416,0.00125904437404904,0.022901318987123886,-73.44923654598632,0.9976836399427714,0.012063296983445574,110.70792360367574,92.90269890534319
1.1344,-7.822714048419913,-3.806620184356044,-3.8053597352836115,0.0012604490724321027,0.02292538435847291,-73.4400485429671,0.9976826187202286,0.01207110718441016,110.72178586337779,92.9656496835374
1.1352,-7.81820149527992,-3.807521560300348,-3.806259706548227,0.0012618537521204465,0.022949465140982284,-73.4308651053544,0.9976815973685222,0.01207892123843109,110.73565448584728,93.02859544543259
1.1360000000000001,-7.813693713497608,-3.8084231063544016,-3.8071598479456945,0.0012632584087064452,0.022973561349431293,-73.4216862276203,0.9976805758874321,0.012086739147334073,110.74952946260468,93.09153618974976
1.1368,-7.809190696015311,-3.809324822001666,-3.8080601589639045,0.0012646630377612504,0.022997672998769758,-73.41251190429668,0.9976795542767183,0.012094560913047822,110.76341078516086,93.15447191521831
1.1376,-7.804692435788447,-3.810226706726488,-3.8089606390916164,0.0012660676348714432,0.02302180010366328,-73.40334212989652,0.9976785325361215,0.012102386537604067,110.77729844501724,93.21740262057607
1.1384,-7.800198925785469,-3.8111287600141033,-3.8098612878184683,0.0012674721956342113,0.023045942678947995,-73.39417689896587,0.9976775106653619,0.012110216023140448,110.79119243366551,93.28032830456941
1.1392,-7.795710158987843,-3.812030981350607,-3.810762104634982,0.0012688767156245557,0.023070100739232657,-73.38501620610445,0.9976764886641414,0.012118049371893754,110.80509274258783,93.34324896595311
1.1400000000000001,-7.791226128390006,-3.8129333702229893,-3.811663089032554,0.0012702811904348353,0.02309427429918287,-73.37586004591026,0.9976754665321415,0.012125886586204756,110.81899936325668,93.40616460349042
1.1408,-7.786746826999344,-3.813835926119113,-3.8125642405034608,0.00127168561565162,0.023118463373407394,-73.36670841301185,0.9976744442690247,0.012133727668517233,110.83291228713504,93.4690752159532
1.1416,-7.7822722478361275,-3.814738648527729,-3.8134655585408543,0.0012730899868749791,0.023142667976458142,-73.35756130205593,0.9976734218744345,0.01214157262137557,110.84683150567619,93.53198080212181
1.1424,-7.777802383933504,-3.8156415369384593,-3.8143670426387777,0.001274494299681831,0.023166888122830187,-73.34841870773523,0.997672399347995,0.012149421447425236,110.86075701032381,93.59488136078517
1.1432,-7.7733372283374615,-3.8165445908418167,-3.815268692292139,0.0012758985496780268,0.023191123826904914,-73.3392806247302,0.9976713766893112,0.012157274149413743,110.87468879251196,93.65777689074073
1.1440000000000001,-7.768876774106764,-3.8174478097291846,-3.8161705069967375,0.0012773027324462657,0.023215375103177394,-73.33014704778749,0.9976703538979702,0.012165130730182442,110.88862684366497,93.7206673907947
1.1448,-7.764421014312961,-3.818351193092839,-3.8170724862492547,0.0012787068435846775,0.023239641965915325,-73.32101797164263,0.997669330973538,0.012172991192686826,110.90257115519765,93.78355285976173
1.1456,-7.759969942040314,-3.8192547404259343,-3.8179746295472423,0.001280110878692352,0.023263924429386407,-73.31189339107517,0.9976683079155644,0.012180855539967513,110.91652171851503,93.84643329646525
1.1464,-7.7555235503857824,-3.8201584512225093,-3.818876936389146,0.0012815148333635547,0.023288222508028866,-73.30277330087156,0.9976672847235788,0.012188723775172498,110.9304785250126,93.90930869973734
1.1472,-7.75108183245899,-3.821062324977481,-3.819779406274286,0.0012829187031954412,0.02331253621588303,-73.29365769586396,0.9976662613970928,0.012196595901547,110.94444156607608,93.97217906841868
1.1480000000000001,-7.746644781382176,-3.821966361186659,-3.82068203870287,0.0012843224837890226,0.023336865567159748,-73.28454657088615,0.9976652379355988,0.012204471922436353,110.95841083308153,94.03504440135877
1.1488,-7.742212390290181,-3.8228705593467294,-3.821584833175984,0.0012857261707453073,0.023361210576013036,-73.27543992080312,0.9976642143385717,0.012212351841281183,110.97238631739539,94.09790469741569
1.1496,-7.737784652330388,-3.823774918955263,-3.8224877891956015,0.0012871297596614415,0.023385571256426374,-73.26633774051243,0.9976631906054682,0.012220235661618858,110.98636801037426,94.16075995545648
1.1504,-7.733361560662715,-3.8246794395107258,-3.823390906264581,0.0012885332461451797,0.023409947622553773,-73.25724002491748,0.9976621667357245,0.012228123387095575,111.00035590336527,94.22361017435684
1.1512,-7.728943108459564,-3.8255841205124557,-3.8242941838866558,0.0012899366258004147,0.02343433968815134,-73.24814676894822,0.9976611427287622,0.012236015021437344,111.01434998770561,94.28645535300117
1.152,-7.724529288905787,-3.8264889614606856,-3.8251976215664585,0.0012913398942271785,0.023458747467373087,-73.23905796756945,0.9976601185839821,0.012243910568480948,111.02835025472282,94.34929549028287
1.1528,-7.720120095198665,-3.8273939618565285,-3.826101218809489,0.0012927430470399677,0.023483170973918277,-73.22997361575302,0.9976590943007687,0.012251810032150718,111.04235669573488,94.41213058510404
1.1536,-7.715715520547865,-3.8282991212019892,-3.8270049751221507,0.0012941460798378442,0.02350761022171355,-73.22089370851317,0.9976580698784872,0.012259713416476437,111.05636930204982,94.47496063637571
1.1544,-7.7113155581754,-3.829204438999956,-3.82790889001172,0.0012955489882362629,0.023532065224571852,-73.2118182408624,0.9976570453164861,0.01226762072557303,111.07038806496602,94.53778564301777
1.1552,-7.706920201315618,-3.8301099147542046,-3.828812962986363,0.0012969517678410323,0.023556535996135608,-73.20274720784312,0.9976560206140964,0.012275531963658451,111.08441297577217,94.60060560395895
1.156,-7.70252944321514,-3.8310155479694004,-3.829717193555135,0.0012983544142656724,0.023581022550047237,-73.19368060452952,0.9976549957706307,0.012283447135041118,111.09844402574709,94.663420518137
1.1568,-7.698143277132853,-3.8319213381510986,-3.8306215812279754,0.0012997569231227367,0.023605524900062846,-73.18461842600043,0.997653970785384,0.012291366244129583,111.11248120615993,94.72623038449856
1.1576,-7.693761696339861,-3.8328272848057363,-3.831526125515709,0.001301159290027669,0.023630043059824857,-73.1755606673798,0.9976529456576352,0.0122992892954185,111.12652450827007,94.78903520199924
1.1584,-7.689384694119457,-3.8337333874406454,-3.8324308259300546,0.0013025615105910881,0.023654577042634628,-73.16650732379435,0.9976519203866443,0.012307216293504609,111.1405739233271,94.85183496960362
1.1592,-7.68501226376709,-3.834639645564046,-3.833335681983612,0.0013039635804332548,0.023679126862248268,-73.15745839040031,0.997650894971655,0.012315147243073647,111.15462944257081,94.91462968628534
1.16,-7.680644398590336,-3.8355460586850447,-3.834240693189874,0.0013053654951715329,0.023703692531910292,-73.14841386236627,0.9976498694118937,0.012323082148905208,111.16869105723129,94.97741935102701
1.1608,-7.676281091908858,-3.8364526263136445,-3.8351458590632164,0.001306767250428107,0.023728274065149435,-73.13937373488264,0.9976488437065696,0.012331021015872742,111.18275875852862,95.0402039628203
1.1616,-7.671922337054378,-3.8373593479607315,-3.836051179118913,0.0013081688418184066,0.023752871475267057,-73.1303380031814,0.9976478178548753,0.012338963848939195,111.19683253767334,95.102983520666
1.1624,-7.667568127370647,-3.838266223138089,-3.8369566528731225,0.001309570264966539,0.023777484775564517,-73.12130666249443,0.9976467918559855,0.012346910653167165,111.21091238586608,95.16575802357397
1.1632,-7.663218456213409,-3.8391732513583845,-3.837862279842889,0.001310971515495644,0.02380211397940002,-73.11227970807339,0.9976457657090598,0.01235486143369812,111.22499829429755,95.22852747056312
1.164,-7.658873316950368,-3.8400804321351845,-3.8387680595461546,0.0013123725890298234,0.02382675909984755,-73.1032571352094,0.9976447394132397,0.012362816195778507,111.23909025414878,95.29129186066164
1.1648,-7.654532702961157,-3.8409877649829447,-3.8396739915017464,0.0013137734811989625,0.023851420150151625,-73.09423893918486,0.9976437129676506,0.012370774944736047,111.25318825659093,95.3540511929068
1.1656,-7.650196607637319,-3.8418952494170115,-3.8405800752293864,0.0013151741876252288,0.023876097143386232,-73.08522511533677,0.997642686371401,0.012378737685996679,111.2672922927853,95.416805466345
1.1664,-7.645865024382248,-3.8428028849536258,-3.841486310249685,0.0013165747039404307,0.023900790092625357,-73.07621565900168,0.9976416596235836,0.012386704425069072,111.2814023538833,95.4795546800319
1.1672,-7.641537946611185,-3.8437106711099167,-3.842392696084142,0.001317975025774446,0.023925499010942985,-73.06721056553758,0.997640632723275,0.012394675167554308,111.2955184310266,95.54229883303243
1.168,-7.637215367751162,-3.844618607403918,-3.8432992322551613,0.0013193751487561843,0.023950223911242574,-73.05820983032385,0.9976396056695336,0.012402649919150221,111.30964051534689,95.6050379244207
1.1688,-7.6328972812409965,-3.8455266933545458,-3.844205918286021,0.001320775068525162,0.023974964806541266,-73.04921344876378,0.9976385784614041,0.012410628685631593,111.32376859796612,95.66777195328012
1.1696,-7.628583680531237,-3.846434928481614,-3.8451127537009056,0.0013221747807083543,0.02399972170962883,-73.04022141628384,0.9976375510979143,0.012418611472868997,111.33790266999624,95.7305009187034
1.1703999999999999,-7.624274559084144,-3.8473433123058385,-3.84601973802489,0.0013235742809481657,0.02402449463335188,-73.03123372831291,0.9976365235780744,0.01242659828682589,111.35204272253942,95.79322481979256
1.1712,-7.619969910373658,-3.848251844348816,-3.8469268707839377,0.001324973564878317,0.024049283590557025,-73.0222503803178,0.9976354959008813,0.012434589133541236,111.36618874668788,95.85594365565896
1.172,-7.615669727885365,-3.8491605241330507,-3.8478341515049115,0.0013263726281392777,0.02407408859392035,-73.01327136777518,0.9976344680653143,0.012442584019152684,111.38034073352394,95.91865742542328
1.1728,-7.611374005116467,-3.8500693511819355,-3.848741579715566,0.0013277714663695861,0.024098909656231626,-73.00429668618737,0.9976334400703376,0.012450582949880636,111.39449867412013,95.98136612821565
1.1736,-7.6070827355757515,-3.8509783250197667,-3.84964915494455,0.0013291700752164574,0.024123746789996403,-72.99532633106466,0.9976324119148994,0.012458585932034994,111.40866255953885,96.0440697631756
1.1743999999999999,-7.602795912783563,-3.8518874451717258,-3.850556876721409,0.0013305684503164949,0.024148600007947607,-72.98636029796056,0.9976313835979328,0.012466592972008902,111.42283238083286,96.10676832945207
1.1752,-7.598513530271768,-3.8527967111639008,-3.851464744576582,0.0013319665873188374,0.024173469322477104,-72.97739858241502,0.9976303551183552,0.012474604076284047,111.43700812904474,96.1694618262034
1.176,-7.594235581583729,-3.8537061225232714,-3.852372758041401,0.0013333644818697274,0.024198354746260975,-72.96844118000467,0.9976293264750689,0.012482619251425828,111.45118979520731,96.23215025259745
1.1768,-7.5899620602742655,-3.8546156787777175,-3.8532809166481035,0.0013347621296134755,0.024223256291634243,-72.95948808633158,0.9976282976669602,0.012490638504089166,111.46537737034339,96.29483360781164
1.1776,-7.585692959909637,-3.8555253794560196,-3.854189219929812,0.0013361595262078928,0.02424817397110246,-72.95053929700362,0.9976272686929005,0.012498661841012688,111.47957084546579,96.35751189103284
1.1784,-7.581428274067501,-3.8564352240878472,-3.8550976674205555,0.0013375566672924617,0.024273107796943805,-72.94159480766334,0.9976262395517466,0.012506689269016814,111.49377021157756,96.42018510145745
1.1792,-7.577167996336891,-3.8573452122037803,-3.856006258655248,0.0013389535485327033,0.024298057781550142,-72.93265461393412,0.9976252102423397,0.01251472079500954,111.50797545967154,96.48285323829143
1.18,-7.572912120318182,-3.8582553433352857,-3.856914993169715,0.0013403501655700242,0.024323023937085964,-72.92371871151543,0.9976241807635062,0.012522756425982103,111.52218658073085,96.54551630075039
1.1808,-7.568660639623057,-3.859165617014739,-3.8578238705006678,0.001341746514070904,0.02434800627588629,-72.91478709607652,0.9976231511140577,0.012530796169008972,111.5364035657284,96.60817428805957
1.1816,-7.56441354787449,-3.8600760327754102,-3.8587328901857227,0.0013431425896873522,0.024373004810058774,-72.90585976332284,0.9976221212927908,0.012538840031249786,111.55062640562736,96.67082719945377
1.1824,-7.560170838706704,-3.8609865901514713,-3.8596420517633927,0.001344538388078128,0.024398019551767902,-72.8969367089877,0.9976210912984877,0.012546888019944519,111.5648550913807,96.73347503417739
1.1832,-7.555932505765139,-3.8618972886779943,-3.8605513547730848,0.0013459339049097024,0.02442305051306448,-72.88801792879727,0.9976200611299163,0.012554940142414935,111.57908961393147,96.79611779148472
1.184,-7.551698542706444,-3.8628081278909514,-3.861460798755114,0.0013473291358379355,0.02444809770605616,-72.87910341851737,0.9976190307858288,0.012562996406071836,111.59332996421278,96.85875547063952
1.1848,-7.547468943198417,-3.863719107327217,-3.862370383250688,0.0013487240765292932,0.024473161142623212,-72.87019317392968,0.997618000264964,0.01257105681840056,111.6075761331477,96.92138807091548
1.1856,-7.543243700920007,-3.864630226524566,-3.863280107801917,0.0013501187226483099,0.0244982408347596,-72.86128719082514,0.997616969566046,0.01257912138697307,111.62182811164928,96.98401559159588
1.1864,-7.539022809561249,-3.8655414850216734,-3.8641899719518085,0.001351513069865304,0.024523336794345596,-72.85238546500865,0.997615938687785,0.012587190119437318,111.63608589062049,97.04663803197391
1.1872,-7.53480626282327,-3.8664528823581197,-3.865099975244273,0.001352907113846733,0.02454844903331832,-72.84348799231898,0.9976149076288763,0.01259526302352643,111.6503494609543,97.1092553913524
1.188,-7.530594054418243,-3.8673644180743842,-3.8660101172241212,0.0013543008502629101,0.024573577563330673,-72.83459476859323,0.997613876388002,0.012603340107051938,111.66461881353374,97.17186766904422
1.1888,-7.5263861780693535,-3.868276091711852,-3.866920397437065,0.0013556942747880033,0.02459872239626293,-72.82570578970792,0.9976128449638296,0.01261142137790572,111.67889393923164,97.23447486437186
1.1896,-7.522182627510783,-3.8691879028128073,-3.8678308154297163,0.0013570873830903913,0.024623883543711145,-72.81682105153676,0.9976118133550127,0.012619506844060963,111.69317482891093,97.2970769766678
1.1904,-7.517983396487673,-3.870099850920447,-3.8687413707495892,0.0013584801708577394,0.024649061017385065,-72.80794054997374,0.9976107815601909,0.012627596513570708,111.7074614734243,97.35967400527436
1.1912,-7.513788478756089,-3.8710119355788555,-3.8696520629451046,0.001359872633750705,0.024674254828937592,-72.79906428094816,0.997609749577991,0.012635690394560611,111.7217538636146,97.4222659495439
1.192,-7.509597868083018,-3.8719241563330433,-3.8705628915655765,0.001361264767466592,0.02469946498996478,-72.79019224036689,0.9976087174070243,0.012643788495246826,111.73605199031441,97.48485280883857
1.1928,-7.505411558246305,-3.8728365127288993,-3.871473856161229,0.0013626565676708754,0.02472469151189216,-72.78132442420397,0.997607685045891,0.012651890823909896,111.75035584434637,97.54743458253054
1.1936,-7.50122954303465,-3.8737490043132414,-3.8723849562831862,0.001364048030055067,0.0247499344062021,-72.77246082841332,0.9976066524931756,0.012659997388918926,111.76466541652292,97.61001127000198
1.1944,-7.497051816247576,-3.8746616306337742,-3.8732961914834756,0.0013654391502991028,0.024775193684376973,-72.7636014489807,0.9976056197474504,0.012668108198715155,111.77898069764656,97.67258287064504
1.1952,-7.492878371695383,-3.875574391239123,-3.874207561315029,0.0013668299240944895,0.024800469357728616,-72.75474628189735,0.9976045868072742,0.012676223261819202,111.79330167850948,97.73514938386198
1.196,-7.488709203199148,-3.876487285678806,-3.8751190653316794,0.0013682203471269447,0.02482576143768256,-72.74589532318518,0.9976035536711924,0.012684342586826228,111.80762834989399,97.79771080906504
1.1968,-7.484544304590676,-3.8774003135032546,-3.876030703088174,0.0013696104150812181,0.024851069935493797,-72.7370485688731,0.9976025203377366,0.012692466182414167,111.8219607025721,97.86026714567654
1.1976,-7.480383669712477,-3.878313474263806,-3.8769424741401517,0.0013710001236545957,0.024876394862417328,-72.72820601500209,0.9976014868054264,0.01270059405732873,111.8362987273058,97.92281839312898
1.1984,-7.4762272924177395,-3.8792267675127023,-3.8778543780441614,0.0013723894685405023,0.024901736229594462,-72.71936765764525,0.997600453072768,0.01270872622039598,111.85064241484694,97.98536455086496
1.1992,-7.472075166570308,-3.8801401928030916,-3.8787664143576617,0.001373778445429466,0.02492709404816651,-72.71053349288022,0.997599419138255,0.012716862680517008,111.8649917559372,98.04790561833721
1.2,-7.467927286044645,-3.881053749689035,-3.879678582639012,0.0013751670500235882,0.024952468329331623,-72.70170351679609,0.9975983850003669,0.012725003446669398,111.87934674130818,98.11044159500862
1.2008,-7.46378364472581,-3.8819674377254954,-3.8805908824474784,0.0013765552780172486,0.024977859084060583,-72.69287772550459,0.997597350657572,0.012733148527901894,111.89370736168128,98.17297248035241
1.2016,-7.459644236509434,-3.882881256468344,-3.8815033133432317,0.0013779431251115782,0.025003266323437856,-72.68405611514325,0.9975963161083257,0.012741297933337796,111.90807360776779,98.23549827385192
1.2024,-7.455509055301678,-3.8837952054743683,-3.8824158748873536,0.00137933058701542,0.025028690058320535,-72.67523868183528,0.9975952813510696,0.01274945167217979,111.92244547026877,98.29801897500074
1.2032,-7.451378095019232,-3.8847092843012514,-3.8833285666418287,0.0013807176594231468,0.025054130299736244,-72.66642542175812,0.9975942463842344,0.01275760975369593,111.9368229398752,98.36053458330284
1.204,-7.447251349589261,-3.8856234925075963,-3.8842413881695497,0.0013821043380464902,0.02507958705848523,-72.65761633107421,0.9975932112062376,0.01276577218723414,111.9512060072678,98.42304509827233
1.2048,-7.4431288129493876,-3.886537829652913,-3.885154339034314,0.001383490618598143,0.025105060345367747,-72.64881140596997,0.9975921758154846,0.012773938982209649,111.96559466311714,98.48555051943384
1.2056,-7.439010479047681,-3.887452295297619,-3.8860674188008364,0.001384876496782115,0.025130550171240884,-72.64001064265028,0.9975911402103679,0.012782110148118527,111.97998889808366,98.54805084632216
1.2064,-7.434896341842595,-3.8883668890030387,-3.886980627034732,0.001386261968307236,0.025156056546791206,-72.63121403734479,0.9975901043892685,0.012790285694521245,111.9943887028175,98.61054607848267
1.2072,-7.430786395302974,-3.8892816103314165,-3.887893963302518,0.0013876470288987294,0.025181579482705274,-72.6224215862701,0.9975890683505559,0.012798465631050415,112.00879406795865,98.67303621547096
1.208,-7.426680633408016,-3.8901964588458995,-3.8888074271716384,0.0013890316742615617,0.025207118989669652,-72.61363328568935,0.9975880320925858,0.012806649967417559,112.02320498413697,98.73552125685313
1.2088,-7.422579050147233,-3.8911114341105444,-3.8897210182104263,0.0013904159001180568,0.025232675078200373,-72.60484913185698,0.9975869956137045,0.012814838713393766,112.03762144197192,98.79800120220575
1.2096,-7.418481639520445,-3.892026535690328,-3.8906347359881406,0.001391799702187643,0.02525824775887031,-72.59606912105463,0.9975859589122438,0.012823031878832422,112.05204343207289,98.86047605111585
1.2104,-7.414388395537741,-3.8929417631511285,-3.89154858007494,0.0013931830761887822,0.025283837042252344,-72.58729324958584,0.9975849219865256,0.01283122947364987,112.06647094503903,98.92294580318095
1.2112,-7.410299312219445,-3.893857116059747,-3.8924625500418957,0.001394566017851506,0.025309442938691973,-72.5785215137422,0.9975838848348596,0.012839431507834596,112.08090397145914,98.9854104580091
1.212,-7.406214383596116,-3.894772593983883,-3.893376645460987,0.001395948522896199,0.025335065458648387,-72.56975390984975,0.9975828474555445,0.012847637991440938,112.09534250191192,99.04787001521896
1.2128,-7.40213360370849,-3.895688196492163,-3.8942908659051083,0.0013973305870548175,0.025360704612523932,-72.56099043425178,0.9975818098468658,0.012855848934602157,112.10978652696575,99.11032447443971
1.2136,-7.398056966607484,-3.896603923154111,-3.8952052109480615,0.00139871220604967,0.025386360410550424,-72.5522310832953,0.9975807720071002,0.01286406434750818,112.1242360371787,99.17277383531108
1.2144,-7.3939844663541425,-3.8975197735401803,-3.896119680164562,0.001400093375618494,0.025412032863073364,-72.54347585334813,0.9975797339345103,0.012872284240428336,112.13869102309873,99.23521809748354
1.2152,-7.3899160970196265,-3.898435747221728,-3.897034273130233,0.0014014740914942015,0.02543772198021088,-72.53472474078976,0.9975786956273491,0.01288050862369491,112.15315147526333,99.29765726061818
1.216,-7.3858518526851915,-3.8993518437710235,-3.897948989421614,0.0014028543494097028,0.025463427772308478,-72.52597774200657,0.9975776570838586,0.012888737507705573,112.1676173841999,99.36009132438676
1.2168,-7.381791727442146,-3.9002680627612554,-3.8988638286161525,0.0014042341451027274,0.025489150249313752,-72.51723485342384,0.997576618302269,0.012896970902929652,112.1820887404254,99.42252028847173
1.2176,-7.377735715391846,-3.901184403766526,-3.899778790292208,0.0014056134743177537,0.025514889421515363,-72.50849607143732,0.9975755792807993,0.012905208819904274,112.19656553444666,99.48494415256629
1.2184,-7.373683810645643,-3.9021008663618466,-3.9006938740290575,0.0014069923327896122,0.025540645298804066,-72.49976139250684,0.9975745400176589,0.01291345126922711,112.2110477567601,99.54736291637444
1.2192,-7.369636007324888,-3.9030174501231523,-3.901609079406886,0.0014083707162666338,0.025566417891127458,-72.49103081307013,0.9975735005110449,0.01292169826156895,112.22553539785184,99.60977657961082
1.22,-7.365592299560882,-3.9039341546272883,-3.9025244060067914,0.0014097486204971478,0.025592207208603668,-72.48230432959036,0.9975724607591445,0.012929949807662098,112.24002844819773,99.67218514200107
1.2208,-7.361552681494867,-3.9048509794520134,-3.9034398534107932,0.0014111260412198344,0.025618013261009764,-72.4735819385457,0.9975714207601336,0.012938205918309555,112.2545268982633,99.73458860328152
1.2216,-7.357517147277987,-3.9057679241760073,-3.9043554212018137,0.0014125029741936263,0.025643836058236502,-72.4648636364271,0.9975703805121783,0.012946466604373423,112.26903073850376,99.79698696319944
1.2224,-7.35348569107127,-3.906684988378861,-3.905271108963695,0.0014138794151658794,0.025669675610117793,-72.45614941973967,0.9975693400134338,0.01295473187678312,112.28353995936389,99.85938022151295
1.2232,-7.349458307045605,-3.9076021716410847,-3.906186916281192,0.0014152553598926274,0.02569553192637386,-72.44743928499655,0.9975682992620447,0.012963001746534414,112.2980545512784,99.92176837799109
1.224,-7.345434989381716,-3.908519473544107,-3.9071028427399757,0.0014166308041308666,0.025721405016781773,-72.4387332287245,0.9975672582561456,0.012971276224684592,112.31257450467129,99.98415143241384
1.2248,-7.341415732270128,-3.9094368936702697,-3.90801888792663,0.0014180057436395184,0.02574729489094807,-72.43003124747557,0.9975662169938606,0.012979555322356808,112.32709980995652,100.04652938457214
1.2256,-7.337400529911151,-3.9103544316028334,-3.9089350514286565,0.001419380174176538,0.02577320155853613,-72.42133333780134,0.9975651754733038,0.012987839050735733,112.34163045753746,100.10890223426792
1.2264,-7.3333893765148614,-3.911272086925975,-3.909851332834469,0.0014207540915066293,0.025799125029152492,-72.41263949626916,0.9975641336925789,0.012996127421071913,112.35616643780739,100.17126998131411
1.2272,-7.329382266301051,-3.912189859224794,-3.910767731733405,0.0014221274913896707,0.025825065312233164,-72.40394971948079,0.9975630916497797,0.013004420444676444,112.37070774114895,100.23363262553484
1.228,-7.325379193499236,-3.9131077480853023,-3.911684247715701,0.0014235003696009708,0.025851022417441527,-72.39526400399977,0.997562049342991,0.013012718132920003,112.38525435793451,100.295990166765
1.2288000000000001,-7.3213801523486115,-3.9140257530944367,-3.91260088037253,0.0014248727219061893,0.025876996354043058,-72.38658234645472,0.9975610067702855,0.013021020497244948,112.39980627852611,100.35834260485086
1.2296,-7.317385137098026,-3.9149438738400426,-3.9135176292959666,0.0014262445440758073,0.025902987131530608,-72.3779047434657,0.9975599639297289,0.013029327549141132,112.41436349327536,100.42068993964962
1.2304,-7.313394142005968,-3.9158621099108974,-3.9144344940790132,0.0014276158318841598,0.025928994759226498,-72.3692311916576,0.9975589208193749,0.013037639300172989,112.42892599252342,100.48303217102985
1.2312,-7.309407161340537,-3.9167804608966867,-3.91535147431558,0.001428986581106545,0.025955019246453048,-72.36056168768351,0.9975578774372691,0.013045955761957285,112.4434937666012,100.54536929887104
1.232,-7.305424189379411,-3.917698926388022,-3.9162685696005,0.0014303567875221157,0.025981060602475736,-72.35189622820224,0.9975568337814467,0.013054276946174729,112.45806680582893,100.60770132306403
1.2328000000000001,-7.301445220409837,-3.9186175059764325,-3.9171857795295235,0.0014317264469090574,0.026007118836446352,-72.34323480988142,0.9975557898499338,0.013062602864566586,112.47264510051679,100.67002824351093
1.2336,-7.297470248728598,-3.9195361992543694,-3.9181031036993135,0.0014330955550561641,0.026033193957687217,-72.33457742940314,0.9975547456407474,0.01307093352892984,112.48722864096423,100.73235006012496
1.2344,-7.293499268641983,-3.9204550058152012,-3.919020541707465,0.0014344641077367929,0.02605928597517959,-72.32592408347045,0.9975537011518942,0.013079268951129293,112.50181741746034,100.79466677283075
1.2352,-7.289532274465776,-3.9213739252532203,-3.9199380931524734,0.0014358321007474479,0.02608539489801842,-72.31727476879055,0.9975526563813731,0.013087609143078695,112.51641142028399,100.8569783815642
1.236,-7.285569260525224,-3.9222929571636387,-3.920855757633764,0.0014371995298749854,0.026111520735298654,-72.30862948207347,0.997551611327173,0.013095954116757189,112.53101063970331,100.91928488627251
1.2368000000000001,-7.281610221155016,-3.9232121011425933,-3.9217735347516802,0.00143856639091301,0.02613766349600155,-72.29998822005696,0.9975505659872737,0.013104303884200617,112.54561506597615,100.98158628691431
1.2376,-7.277655150699259,-3.9241313567871323,-3.9226914241074837,0.0014399326796474088,0.026163823188994684,-72.29135097949069,0.9975495203596465,0.013112658457501026,112.56022468934988,101.04388258345952
1.2384,-7.27370404351145,-3.925050723695238,-3.9236094253033533,0.0014412983918843194,0.026189999823259313,-72.28271775711872,0.9975484744422534,0.013121017848811988,112.57483950006143,101.10617377588962
1.2392,-7.269756893954452,-3.9259702014658098,-3.9245275379423945,0.0014426635234154105,0.026216193407663013,-72.2740885497208,0.9975474282330475,0.013129382070341358,112.58945948833723,101.16845986419749
1.24,-7.265813696400487,-3.9268897896986656,-3.925445761628621,0.0014440280700439222,0.026242403950902826,-72.26546335407029,0.9975463817299743,0.013137751134351741,112.60408464439323,101.23074084838731
1.2408000000000001,-7.261874445231085,-3.9278094879945535,-3.926364095966979,0.001445392027574056,0.026268631461789482,-72.25684216695696,0.9975453349309691,0.01314612505316825,112.61871495843491,101.29301672847507
1.2416,-7.257939134837085,-3.9287292959551405,-3.927282540563331,0.0014467553918090462,0.026294875949076868,-72.24822498519114,0.9975442878339593,0.01315450383916882,112.63335042065734,101.35528750448805
1.2424,-7.254007759618593,-3.929649213183017,-3.928201095024458,0.0014481181585579124,0.026321137421405183,-72.23961180557687,0.997543240436864,0.013162887504784691,112.64799102124496,101.41755317646515
1.2432,-7.2500803139849745,-3.930569239281694,-3.929119758958068,0.0014494803236258134,0.026347415887357784,-72.23100262495726,0.997542192737594,0.013171276062506716,112.66263675037185,101.47981374445689
1.244,-7.246156792354819,-3.931489373855616,-3.9300385319727797,0.0014508418828362301,0.026373711355631713,-72.22239744014648,0.9975411447340513,0.013179669524878562,112.67728759820143,101.54206920852536
1.2448000000000001,-7.242237189155919,-3.9324096165101388,-3.930957413678148,0.001452202831991423,0.02640002383469664,-72.21379624800623,0.9975400964241301,0.013188067904497702,112.69194355488682,101.60431956874434
1.2456,-7.238321498825263,-3.933329966851555,-3.9318764036846368,0.0014535631669177621,0.02642635333296539,-72.20519904539931,0.9975390478057157,0.013196471214020717,112.70660461057045,101.66656482519917
1.2464,-7.234409715808981,-3.934250424487069,-3.932795501603643,0.0014549228834261829,0.026452699859021322,-72.19660582919228,0.9975379988766863,0.013204879466152192,112.72127075538428,101.72880497798702
1.2472,-7.230501834562352,-3.935170989024823,-3.9337147070474776,0.0014562819773459436,0.02647906342110673,-72.18801659626958,0.9975369496349112,0.013213292673653891,112.73594197944978,101.79104002721667
1.248,-7.22659784954976,-3.936091660073879,-3.9346340196293754,0.001457640444503407,0.026505444027748126,-72.17943134351506,0.9975359000782525,0.013221710849339442,112.7506182728778,101.85326997300872
1.2488000000000001,-7.222697755244686,-3.9370124372442197,-3.935553438963502,0.0014589982807172172,0.026531841687130964,-72.17085006784625,0.997534850204564,0.013230134006076272,112.76529962576878,101.91549481549555
1.2496,-7.218801546129682,-3.9379333201467546,-3.936472964664935,0.0014603554818195183,0.026558256407497538,-72.16227276616955,0.9975338000116923,0.013238562156780292,112.7799860282125,101.97771455482125
1.2504,-7.214909216696327,-3.9388543083933305,-3.9373925963496843,0.0014617120436463107,0.026584688197203832,-72.15369943541853,0.9975327494974755,0.013246995314426049,112.79467747028816,102.03992919114185
1.2512,-7.211020761445244,-3.9397754015967075,-3.938312333634685,0.001463067962022982,0.026611137064264767,-72.14513007252492,0.997531698659744,0.013255433492038986,112.8093739420646,102.10213872462522
1.252,-7.207136174886043,-3.9406965993705767,-3.9392321761377835,0.0014644232327932437,0.02663760301692264,-72.13656467443806,0.997530647496322,0.013263876702687713,112.82407543359984,102.16434315545109
1.2528000000000001,-7.203255451537318,-3.9416179013295576,-3.9401521234777626,0.0014657778517950168,0.026664086063249215,-72.12800323811075,0.997529596005025,0.01327232495950093,112.83878193494151,102.22654248381117
1.2536,-7.199378585926615,-3.942539307089192,-3.9410721752743285,0.0014671318148633274,0.02669058621120257,-72.11944576052522,0.9975285441836614,0.013280778275655337,112.85349343612653,102.28873670990896
1.2544,-7.195505572590408,-3.9434608162659575,-3.9419923311481044,0.0014684851178534525,0.026717103468854475,-72.11089223864492,0.9975274920300328,0.013289236664375627,112.86820992718141,102.35092583396016
1.2552,-7.19163640607409,-3.944382428477251,-3.94291259072065,0.0014698377566013778,0.02674363784410616,-72.10234266947127,0.9975264395419324,0.013297700138941765,112.88293139812188,102.4131098561923
1.256,-7.187771080931934,-3.9453041433414,-3.943832953614437,0.0014711897269623758,0.026770189344858863,-72.09379704999849,0.9975253867171483,0.013306168712673478,112.8976578389532,102.47528877684508
1.2568000000000001,-7.183909591727083,-3.94622596047766,-3.9447534194528755,0.001472541024784965,0.02679675797901382,-72.0852553772411,0.9975243335534594,0.013314642398949632,112.91238923967002,102.53746259617014
1.2576,-7.18005193303153,-3.9471478795062143,-3.9456739878602916,0.0014738916459224843,0.026823343754358575,-72.07671764822108,0.9975232800486391,0.013323121211191287,112.92712559025627,102.59963131443119
1.2584,-7.176198099426072,-3.9480699000481794,-3.9465946584619473,0.0014752415862330926,0.026849946678623837,-72.06818385996756,0.9975222262004527,0.01333160516287621,112.94186688068538,102.66179493190427
1.2591999999999999,-7.172348085500327,-3.9489920217255925,-3.9475154308840184,0.0014765908415749463,0.026876566759597154,-72.05965400951627,0.9975211720066599,0.01334009426751906,112.9566131009202,102.72395344887732
1.26,-7.16850188585267,-3.9499142441614277,-3.9484363047536206,0.0014779394078071636,0.026903204004952386,-72.05112809392956,0.9975201174650127,0.013348588538690708,112.97136424091279,102.78610686565064
1.2608000000000001,-7.164659495090251,-3.950836566979583,-3.949357279698785,0.0014792872807975414,0.02692985842224971,-72.04260611026149,0.9975190625732571,0.01335708799000472,112.98612029060473,102.84825518253658
1.2616,-7.16082090782894,-3.9517589898048886,-3.9502783553484755,0.0014806344564138735,0.02695653001910614,-72.03408805558729,0.9975180073291321,0.013365592635123637,113.00088123992687,102.91039839985984
1.2624,-7.156986118693328,-3.952681512263101,-3.9511995313325827,0.0014819809305181648,0.026983218803138698,-72.02557392698296,0.9975169517303706,0.013374102487755578,113.01564707879946,102.97253651795737
1.2631999999999999,-7.153155122316692,-3.9536041339809183,-3.9521208072819274,0.001483326698990743,0.027009924781737027,-72.01706372154246,0.9975158957746979,0.013382617561659583,113.03041779713209,103.03466953717833
1.264,-7.14932791334098,-3.954526854585951,-3.9530421828282525,0.0014846717576984302,0.02703664796240446,-72.00855743637278,0.9975148394598348,0.013391137870632055,113.04519338482372,103.09679745788434
1.2648000000000001,-7.145504486416784,-3.9554496737067546,-3.953963657604231,0.001486016102523479,0.027063388352644324,-72.00005506857362,0.9975137827834948,0.013399663428518855,113.05997383176259,103.15892028044931
1.2656,-7.141684836203335,-3.95637259097281,-3.954885231243467,0.0014873597293433155,0.027090145959618894,-71.991556615275,0.9975127257433845,0.01340819424921579,113.07475912782634,103.2210380052594
1.2664,-7.137868957368454,-3.957295606014527,-3.9558069033804912,0.0014887026340363297,0.0271169207908315,-71.98306207360446,0.997511668337206,0.013416730346654589,113.08954926288187,103.28315063271337
1.2671999999999999,-7.1340568445885495,-3.9582187184632556,-3.9567286736507574,0.001490044812498269,0.027143712853444413,-71.97457144069321,0.9975106105626541,0.013425271734817886,113.10434422678544,103.34525816322238
1.268,-7.1302484925485965,-3.959141927951264,-3.957650541690661,0.00149138626060366,0.02717052215473359,-71.96608471370219,0.9975095524174185,0.013433818427728113,113.11914400938267,103.40736059721002
1.2688000000000001,-7.126443895942112,-3.9600652341117653,-3.958572507137515,0.0014927269742501747,0.0271973487018613,-71.95760188978274,0.9975084938991821,0.013442370439454739,113.13394860050838,103.46945793511233
1.2696,-7.122643049471124,-3.9609886365788967,-3.9594945696295714,0.0014940669493248733,0.02722419250198982,-71.94912296611412,0.9975074350056223,0.013450927784110896,113.14875798998678,103.53155017737795
1.2704,-7.11884594784617,-3.9619121349877284,-3.960416728805998,0.0014954061817302453,0.02725105356222457,-71.94064793985503,0.9975063757344121,0.013459490475844667,113.16357216763139,103.59363732446816
1.2711999999999999,-7.115052585786258,-3.962835728974268,-3.9613389843069085,0.0014967446673600977,0.027277931889557294,-71.93217680820472,0.9975053160832166,0.013468058528858441,113.17839112324494,103.65571937685662
1.272,-7.111262958018855,-3.963759418175453,-3.9622613357733383,0.0014980824021149867,0.02730482749109342,-71.92370956834911,0.9975042560496967,0.013476631957388597,113.19321484661951,103.71779633502979
1.2728,-7.107477059279866,-3.96468320222915,-3.963183782847252,0.0014994193818983596,0.027331740373711,-71.91524621750878,0.997503195631508,0.013485210775714683,113.20804332753644,103.77986819948669
1.2736,-7.103694884313612,-3.9656070807741677,-3.964106325171548,0.0015007556026194484,0.027358670544344932,-71.90678675288223,0.9975021348262997,0.013493794998160398,113.22287655576639,103.84193497073905
1.2744,-7.099916427872802,-3.96653105345024,-3.965028962390056,0.001502091060183624,0.02738561800987327,-71.89833117169795,0.9975010736317165,0.013502384639087303,113.23771452106922,103.9039966493113
1.2752,-7.0961416847185275,-3.9674551198980392,-3.9659516941475372,0.0015034257505020434,0.027412582777174066,-71.88987947119142,0.9975000120453974,0.013510979712899173,113.25255721319407,103.96605323574062
1.276,-7.092370649620227,-3.9683792797591706,-3.966874520089677,0.0015047596694935765,0.027439564852898002,-71.88143164859436,0.9974989500649766,0.013519580234038599,113.26740462187938,104.02810473057694
1.2768,-7.0886033173556715,-3.969303532676172,-3.9677974398631055,0.0015060928130664806,0.027466564243979974,-71.87298770116897,0.9974978876880829,0.013528186216988949,113.28225673685277,104.090151134383
1.2776,-7.084839682710951,-3.97022787829252,-3.968720453115372,0.0015074251771473376,0.027493580956956976,-71.86454762616191,0.9974968249123397,0.013536797676275795,113.29711354783123,104.1521924477344
1.2784,-7.081079740480439,-3.9711523162526223,-3.969643559494966,0.0015087567576569391,0.02752061499853653,-71.85611142084994,0.9974957617353665,0.01354541462645871,113.31197504452088,104.21422867121954
1.2792,-7.077323485466782,-3.97207684620182,-3.9705667586513007,0.0015100875505189685,0.027547666375369317,-71.84767908250231,0.9974946981547773,0.013554037082137056,113.32684121661708,104.27625980543975
1.28,-7.073570912480882,-3.9730014677863954,-3.971490050234733,0.0015114175516628937,0.027574735093878644,-71.83925060840888,0.997493634168181,0.013562665057952901,113.34171205380447,104.3382858510093
1.2808,-7.069822016341871,-3.9739261806535655,-3.9724134338965427,0.001512746757022038,0.02760182116071519,-71.83082599585406,0.997492569773182,0.01357129856858424,113.35658754575697,104.40030680855536
1.2816,-7.06607679187708,-3.9748509844514732,-3.9733369092889492,0.0015140751625239359,0.027628924582359105,-71.82240524214615,0.9974915049673808,0.013579937628741129,113.37146768213755,104.46232267871812
1.2824,-7.062335233922048,-3.975775878829213,-3.974260476065101,0.0015154027641125158,0.02765604536517685,-71.8139883445944,0.9974904397483721,0.01358858225318019,113.38635245259856,104.52433346215078
1.2832,-7.058597337320474,-3.9767008634367973,-3.9751841338790808,0.0015167295577172364,0.027683183515534893,-71.80557530052322,0.9974893741137474,0.013597232456686247,113.40124184678146,104.58633915951957
1.284,-7.054863096924205,-3.977625937925194,-3.9761078823859064,0.0015180555392878086,0.027710339039799692,-71.79716610724921,0.9974883080610923,0.013605888254088268,113.41613585431696,104.64833977150384
1.2848,-7.051132507593222,-3.9785511019462936,-3.977031721241529,0.0015193807047652608,0.02773751194433771,-71.78876076211333,0.9974872415879896,0.013614549660244868,113.4310344648249,104.71033529879602
1.2856,-7.0474055641956195,-3.979476355152929,-3.977955650102831,0.0015207050500983346,0.027764702235231198,-71.78035926245724,0.9974861746920172,0.0136232166900535,113.44593766791449,104.77232574210164
1.2864,-7.043682261607573,-3.9804016971988707,-3.978879668627634,0.0015220285712367345,0.027791909918903457,-71.77196160563945,0.997485107370748,0.01363188935844754,113.46084545318388,104.83431110213944
1.2872,-7.0399625947133435,-3.9813271277388234,-3.979803776474688,0.0015233512641359495,0.027819135001323048,-71.7635677890077,0.9974840396217526,0.013640567680392929,113.4757578102206,104.89629137964134
1.288,-7.036246558405226,-3.9822526464284347,-3.9807279733036864,0.0015246731247485724,0.02784637748879959,-71.75517780994137,0.9974829714425953,0.013649251670895394,113.49067472860126,104.95826657535257
1.2888,-7.032534147583557,-3.9831782529242825,-3.981652258775248,0.0015259941490349104,0.027873637387187955,-71.74679166581697,0.997481902830839,0.013657941344986449,113.50559619789166,105.0202366900315
1.2896,-7.0288253571566806,-3.984103946883893,-3.982576632550931,0.0015273143329620198,0.02790091470274092,-71.7384093539998,0.9974808337840405,0.013666636717739825,113.52052220764676,105.08220172444989
1.2904,-7.025120182040937,-3.9850297279657148,-3.9835010942932296,0.0015286336724853805,0.027928209441256513,-71.73003087190664,0.9974797642997548,0.013675337804254555,113.53545274741072,105.14416167939274
1.2912,-7.0214186171606325,-3.985955595829153,-3.9844256436655727,0.0015299521635797606,0.027955521608873823,-71.7216562169307,0.9974786943755314,0.013684044619668986,113.55038780671681,105.20611655565853
1.292,-7.017720657448031,-3.9868815501345396,-3.9853502803323275,0.0015312698022122095,0.027982851211277193,-71.71328538647431,0.9974776240089168,0.01369275717915499,113.56532737508749,105.26806635405906
1.2928,-7.01402629784333,-3.9878075905431487,-3.986275003958793,0.0015325865843555612,0.028010198254492025,-71.70491837795362,0.9974765531974544,0.013701475497911177,113.58027144203434,105.3300110754195
1.2936,-7.010335533294638,-3.988733716717194,-3.987199814211207,0.0015339025059874709,0.02803756274420266,-71.69655518880072,0.9974754819386839,0.013710199591171139,113.59521999705805,105.39195072057856
1.2944,-7.006648358757963,-3.989659928319831,-3.988124710756742,0.0015352175630894492,0.028064944686320814,-71.68819581643497,0.9974744102301409,0.013718929474201497,113.61017302964852,105.45388529038838
1.2952,-7.002964769197181,-3.9905862250151487,-3.9890496932635062,0.001536531751643004,0.028092344086473986,-71.67984025830688,0.9974733380693592,0.013727665162294655,113.62513052928469,105.51581478571464
1.296,-6.999284759584033,-3.9915126064681825,-3.9899747614005516,0.0015378450676306063,0.028119760950289674,-71.67148851185277,0.9974722654538674,0.013736406670782342,113.6400924854347,105.57773920743662
1.2968,-6.995608324898096,-3.9924390723448995,-3.9908999148378594,0.0015391575070405113,0.028147195283509063,-71.66314057453886,0.9974711923811928,0.013745154015017231,113.6550588875558,105.63965855644709
1.2976,-6.99193546012676,-3.9933656223122194,-3.9918251532463533,0.001540469065865795,0.028174647091759653,-71.65479644381587,0.9974701188488576,0.01375390721039084,113.67002972509434,105.70157283365246
1.2984,-6.988266160265218,-3.99429225603799,-3.9927504762978887,0.0015417797401014602,0.028202116380441566,-71.64645611715888,0.997469044854383,0.013762666272317084,113.68500498748571,105.76348203997281
1.2992,-6.984600420316442,-3.9952189731910055,-3.993675883665266,0.0015430895257396136,0.02822960315512546,-71.63811959204813,0.9974679703952863,0.013771431216241943,113.69998466415454,105.82538617634191
1.3,-6.980938235291166,-3.996145773441004,-3.994601375022216,0.0015443984187877924,0.0282571074212683,-71.62978686595673,0.9974668954690818,0.013780202057641067,113.71496874451451,105.88728524370724
1.3008,-6.97727960020787,-3.997072656458656,-3.995526950043413,0.0015457064152429214,0.02828462918432706,-71.62145793638582,0.9974658200732813,0.013788978812018291,113.72995721796829,105.94917924302993
1.3016,-6.973624510092752,-3.997999621915583,-3.9964526084044714,0.001547013511111569,0.028312168449701858,-71.613132800834,0.9974647442053934,0.013797761494905667,113.74495007390776,106.01106817528503
1.3024,-6.9699729599797156,-3.9989266694843413,-3.997378349781936,0.0015483197024051235,0.02833972522256545,-71.6048114568042,0.9974636678629251,0.01380655012186054,113.75994730171394,106.07295204146128
1.3032,-6.966324944910359,-3.9998537988384317,-3.9983041738532954,0.0015496249851369003,0.028367299508317956,-71.59649390180965,0.9974625910433798,0.013815344708469918,113.7749488907567,106.13483084256134
1.304,-6.962680459933934,-4.0007810096522975,-3.999230080296981,0.0015509293553163548,0.028394891312245818,-71.58818013337525,0.9974615137442586,0.013824145270348528,113.7899548303952,106.19670457960171
1.3048,-6.959039500107354,-4.001708301601324,-4.0001560687923545,0.001552232808970301,0.0284225006394081,-71.57987014901938,0.9974604359630609,0.013832951823134947,113.80496510997759,106.25857325361281
1.3056,-6.95540206049516,-4.0026356743618345,-4.001082139019724,0.0015535353421101189,0.028450127495091238,-71.57156394628801,0.9974593576972828,0.013841764382496442,113.81997971884111,106.32043686563894
1.3064,-6.9517681361695,-4.003563127611102,-4.002008290660337,0.0015548369507645471,0.028477771884354297,-71.56326152271791,0.9974582789444189,0.013850582964123658,113.83499864631197,106.38229541673847
1.3072,-6.948137722210119,-4.004490661027338,-4.002934523396374,0.001556137630964252,0.028505433812256342,-71.55496287585729,0.9974571997019612,0.013859407583733982,113.85002188170554,106.44414890798369
1.308,-6.94451081370434,-4.005418274289697,-4.003860836910965,0.0015574373787331456,0.02853311328374275,-71.54666800326629,0.9974561199673996,0.013868238257072054,113.86504941432625,106.50599734046105
1.3088,-6.940887405747038,-4.006345967078282,-4.004787230888168,0.001558736190114428,0.028560810303986273,-71.53837690249814,0.9974550397382226,0.013877074999900076,113.88008123346752,106.5678407152709
1.3096,-6.93726749344063,-4.007273739074129,-4.005713705012999,0.0015600340611300785,0.028588524877761756,-71.53008957113508,0.9974539590119156,0.013885917828013773,113.89511732841179,106.62967903352785
1.3104,-6.933651071895053,-4.008201589959229,-4.006640258971395,0.0015613309878339024,0.02861625701001458,-71.52180600674082,0.9974528777859633,0.013894766757224512,113.91015768843054,106.69151229636053
1.3112,-6.930038136227746,-4.009129519416511,-4.0075668924502486,0.0015626269662623426,0.028644006705633274,-71.51352620690695,0.9974517960578473,0.013903621803375255,113.92520230278443,106.75334050491185
1.312,-6.926428681563631,-4.010057527129844,-4.008493605137387,0.0015639219924576263,0.028671773969335845,-71.50525016922552,0.9974507138250495,0.013912482982319754,113.94025116072295,106.81516366033888
1.3128,-6.9228227030351,-4.010985612784056,-4.009420396721575,0.0015652160624812686,0.02869955880589714,-71.49697789128192,0.9974496310850477,0.013921350309950134,113.95530425148469,106.87698176381288
1.3136,-6.91922019578199,-4.011913776064903,-4.010347266892531,0.0015665091723726,0.02872736122014885,-71.4887093706877,0.9974485478353199,0.013930223802168353,113.9703615642973,106.93879481651945
1.3144,-6.915621154951567,-4.012842016659094,-4.0112742153409,0.0015678013181921668,0.028755181216638448,-71.48044460505814,0.997447464073342,0.013939103474903118,113.9854230883774,107.0006028196585
1.3152,-6.912025575698514,-4.013770334254279,-4.012201241758282,0.001569092495996656,0.028783018800027094,-71.47218359199876,0.9974463797965882,0.013947989344105554,114.00048881293058,107.06240577444417
1.316,-6.908433453184904,-4.014698728539062,-4.0131283458372105,0.0015703827018514332,0.028810873974975948,-71.46392632914313,0.9974452950025319,0.013956881425745806,114.01555872715159,107.12420368210515
1.3168,-6.904844782580187,-4.015627199202978,-4.01405552727116,0.0015716719318180034,0.028838746745918797,-71.45567281410918,0.9974442096886457,0.013965779735811102,114.03063282022391,107.18599654388443
1.3176,-6.901259559061176,-4.016555745936526,-4.014982785754556,0.0015729601819704083,0.028866637117516802,-71.4474230445373,0.9974431238523989,0.01397468429032124,114.0457110813203,107.24778436103945
1.3184,-6.897677777812021,-4.017484368431129,-4.01591012098276,0.0015742474483682206,0.028894545093976376,-71.4391770180745,0.9974420374912625,0.013983595105300048,114.06079349960235,107.30956713484215
1.3192,-6.894099434024197,-4.018413066379172,-4.016837532652078,0.0015755337270951229,0.02892247067995868,-71.43093473236833,0.9974409506027042,0.013992512196803917,114.0758800642207,107.371344866579
1.32,-6.890524522896483,-4.019341839473983,-4.017765020459755,0.0015768190142270797,0.028950413879726966,-71.42269618506768,0.9974398631841925,0.014001435580897621,114.09097076431487,107.43311755755096
1.3208,-6.886953039634953,-4.020270687409834,-4.01869258410399,0.0015781033058439124,0.028978374697658182,-71.41446137383906,0.997438775233193,0.014010365273677536,114.10606558901354,107.49488520907352
1.3216,-6.883384979452941,-4.021199609881943,-4.019620223283913,0.0015793865980302624,0.029006353137901897,-71.40623029635364,0.9974376867471724,0.014019301291246006,114.12116452743422,107.55664782247703
1.3224,-6.879820337571045,-4.0221286065864765,-4.020547937699605,0.0015806688868717327,0.029034349204835053,-71.39800295027945,0.9974365977235956,0.01402824364972923,114.13626756868338,107.6184053991062
1.3232,-6.876259109217098,-4.023057677220549,-4.021475727052088,0.0015819501684616426,0.029062362902664063,-71.38977933329673,0.9974355081599271,0.014037192365271471,114.15137470185658,107.68015794032056
1.324,-6.872701289626137,-4.023986821482221,-4.022403591043328,0.0015832304388933073,0.029090394235481654,-71.38155944309429,0.9974344180536312,0.01404614745403021,114.16648591603821,107.74190544749437
1.3248,-6.8691468740404185,-4.024916039070498,-4.023331529376235,0.0015845096942629347,0.029118443207494238,-71.37334327736531,0.9974333274021709,0.014055108932183893,114.18160120030173,107.80364792201664
1.3256000000000001,-6.8655958577093745,-4.025845329685337,-4.024259541754668,0.0015857879306696238,0.029146509822567168,-71.36513083380748,0.9974322362030095,0.014064076815927086,114.19672054370945,107.86538536529113
1.3264,-6.86204823588961,-4.0267746930276385,-4.025187627883419,0.0015870651442201882,0.029174594084906857,-71.35692211012382,0.9974311444536099,0.014073051121463714,114.2118439353127,107.9271177787364
1.3272,-6.8585040038448675,-4.0277041287992565,-4.026115787468237,0.001588341331018545,0.029202695998492345,-71.34871710402385,0.9974300521514341,0.014082031865023008,114.22697136415168,107.98884516378595
1.328,-6.854963156846034,-4.028633636702984,-4.027044020215811,0.0015896164871734334,0.029230815567188984,-71.340515813227,0.9974289592939448,0.014091019062840663,114.24210281925565,108.05056752188814
1.3288,-6.851425690171106,-4.029563216442578,-4.027972325833771,0.0015908906088080569,0.029258952794862125,-71.3323182354519,0.9974278658786037,0.014100012731173811,114.25723828964274,108.11228485450621
1.3296000000000001,-6.84789159910518,-4.030492867722726,-4.0289007040307006,0.001592163692026328,0.02928710768549081,-71.32412436843053,0.9974267719028727,0.014109012886291843,114.27237776431993,108.17399716311843
1.3304,-6.844360878940437,-4.031422590249079,-4.029829154516121,0.001593435732958198,0.029315280242826702,-71.31593420989506,0.9974256773642138,0.014118019544477379,114.2875212322833,108.23570444921802
1.3312,-6.840833524976114,-4.032352383728229,-4.030757677000507,0.0015947067277220432,0.02934347047062147,-71.30774775758644,0.9974245822600893,0.014127032722026745,114.30266868251765,108.2974067143133
1.332,-6.837309532518503,-4.033282247867714,-4.03168627119527,0.001595976672443953,0.029371678372626775,-71.299565009248,0.997423486587962,0.014136052435246585,114.31782010399688,108.3591039599276
1.3328,-6.833788896880931,-4.034212182376028,-4.032614936812772,0.0015972455632567671,0.029399903952537443,-71.29138596263252,0.997422390345294,0.01414507870046161,114.33297548568378,108.4207961875993
1.3336000000000001,-6.8302716133837205,-4.035142186962615,-4.033543673566323,0.0015985133962933239,0.029428147213934608,-71.28321061550349,0.9974212935295488,0.014154111534003477,114.34813481652992,108.48248339888211
1.3344,-6.82675767735422,-4.0360722613378694,-4.034472481170177,0.0015997801676922456,0.029456408160399405,-71.27503896561282,0.9974201961381883,0.01416315095222576,114.36329808547592,108.54416559534467
1.3352,-6.823247084126727,-4.037002405213125,-4.035401359339535,0.0016010458735902244,0.029484686795626658,-71.26687101073509,0.9974190981686779,0.014172196971479306,114.37846528145126,108.60584277857109
1.336,-6.819739829042528,-4.037932618300674,-4.036330307790542,0.0016023105101316665,0.029512983122970127,-71.25870674864342,0.9974179996184817,0.014181249608133998,114.39363639337432,108.66751495016055
1.3368,-6.816235907449845,-4.038862900313764,-4.037259326240299,0.0016035740734648344,0.029541297145954104,-71.25054617711561,0.9974169004850637,0.014190308878574387,114.40881141015235,108.72918211172757
1.3376000000000001,-6.812735314703829,-4.039793250966584,-4.038188414406838,0.0016048365597457045,0.02956962886804604,-71.24238929393553,0.9974158007658906,0.014199374799186168,114.42399032068151,108.790844264902
1.3384,-6.809238046166557,-4.040723669974273,-4.039117572009157,0.001606097965115784,0.02959797829259969,-71.23423609689954,0.9974147004584287,0.01420844738637213,114.43917311384686,108.85250141132896
1.3392,-6.805744097206991,-4.04165415705293,-4.040046798767188,0.0016073582857426198,0.029626345422968825,-71.22608658379802,0.9974135995601453,0.014217526656540063,114.4543597785224,108.9141535526691
1.34,-6.802253463200977,-4.042584711919595,-4.040976094401814,0.0016086175177812186,0.029654730262393514,-71.21794075243663,0.9974124980685088,0.01422661262610906,114.46955030357086,108.97580069059848
1.3408,-6.798766139531232,-4.043515334292266,-4.041905458634869,0.0016098756573971946,0.029683132814170676,-71.20979860061759,0.9974113959809885,0.014235705311507084,114.484744677844,109.03744282680853
1.3416000000000001,-6.795282121587319,-4.044446023889892,-4.042834891189131,0.0016111327007600185,0.029711553081540387,-71.2016601261587,0.9974102932950546,0.014244804729170973,114.49994289018242,109.09907996300622
1.3424,-6.791801404765632,-4.045376780432367,-4.043764391788329,0.0016123886440372296,0.029739991067629035,-71.19352532687306,0.9974091900081792,0.014253910895541122,114.51514492941551,109.16071210091405
1.3432,-6.788323984469379,-4.046307603640548,-4.044693960157137,0.001613643483410834,0.029768446775563007,-71.18539420058522,0.9974080861178345,0.014263023827072608,114.53035078436169,109.22233924227024
1.344,-6.784849856108571,-4.047238493236231,-4.045623596021183,0.0016148972150483673,0.029796920208411848,-71.17726674512286,0.9974069816214952,0.014272143540220196,114.54556044382802,109.28396138882833
1.3448,-6.781379015100009,-4.048169448942176,-4.04655329910704,0.0016161498351347254,0.029825411369301946,-71.16914295831806,0.997405876516636,0.014281270051453326,114.56077389661064,109.34557854235781
1.3456000000000001,-6.777911456867248,-4.049100470482085,-4.047483069142228,0.0016174013398586595,0.029853920261132316,-71.16102283801474,0.997404770800735,0.01429040337723823,114.57599113149442,109.40719070464367
1.3464,-6.774447176840599,-4.0500315575806205,-4.0484129058552165,0.0016186517254040977,0.02988244688691566,-71.15290638205246,0.9974036644712704,0.014299543534052432,114.59121213725307,109.46879787748674
1.3472,-6.770986170457119,-4.0509627099633985,-4.04934280897543,0.001619900987968468,0.029910991249494145,-71.14479358827703,0.9974025575257219,0.014308690538381366,114.60643690264926,109.53040006270338
1.348,-6.767528433160573,-4.0518939273569785,-4.0502727782332375,0.0016211491237405175,0.029939553351880477,-71.13668445454663,0.9974014499615717,0.01431784440671161,114.62166541643445,109.59199726212611
1.3488,-6.764073960401433,-4.052825209488878,-4.051202813359956,0.0016223961289215287,0.029968133196746294,-71.12857897871817,0.9974003417763039,0.014327005155531359,114.6368976673489,109.65358947760299
1.3496000000000001,-6.760622747636862,-4.053756556087573,-4.052132914087858,0.0016236419997156777,0.02999673078699061,-71.12047715865839,0.997399232967403,0.014336172801342527,114.65213364412185,109.71517671099812
1.3504,-6.757174790330689,-4.054687966882488,-4.0530630801501575,0.001624886732330995,0.03002534612528507,-71.11237899223327,0.9973981235323574,0.014345347360640425,114.66737333547117,109.77675896419136
1.3512,-6.753730083953404,-4.055619441604,-4.05399331128103,0.0016261303229697234,0.03005397921435815,-71.10428447731898,0.997397013468656,0.014354528849931186,114.68261673010369,109.8383362390786
1.352,-6.750288623982136,-4.056550979983441,-4.0549236072155885,0.0016273727678514651,0.030082630056938342,-71.09619361178895,0.9973959027737904,0.014363717285719172,114.69786381671514,109.89990853757176
1.3528,-6.746850405900636,-4.057482581753097,-4.0558539676899095,0.0016286140631871396,0.030111298655526753,-71.08810639353842,0.9973947914452541,0.01437291268451618,114.71311458398989,109.96147586159866
1.3536000000000001,-6.743415425199269,-4.05841424664621,-4.056784392441005,0.0016298542052040617,0.03013998501273818,-71.08002282044565,0.9973936794805436,0.01438211506282837,114.72836902060135,110.02303821310339
1.3544,-6.739983677374992,-4.059345974396974,-4.057714881206852,0.0016310931901218281,0.030168689131073734,-71.07194289041115,0.9973925668771566,0.014391324437171754,114.74362711521154,110.08459559404581
1.3552,-6.736555157931336,-4.0602777647405395,-4.058645433726373,0.0016323310141667857,0.030197411013205055,-71.06386660132497,0.9973914536325934,0.014400540824061553,114.7588888564715,110.14614800640221
1.356,-6.733129862378393,-4.061209617413009,-4.059576049739436,0.001633567673572031,0.030226150661292195,-71.05579395110087,0.997390339744358,0.014409764240006864,114.7741542330209,110.20769545216497
1.3568,-6.729707786232813,-4.062141532151441,-4.060506728986873,0.00163480316456873,0.03025490807794995,-71.04772493763869,0.9973892252099549,0.014418994701529547,114.78942323348838,110.26923793334257
1.3576000000000001,-6.726288925017762,-4.063073508693853,-4.061437471210451,0.0016360374834025145,0.030283683265452055,-71.03965955885052,0.9973881100268929,0.0144282322251405,114.80469584649131,110.33077545195988
1.3584,-6.722873274262935,-4.064005546779212,-4.062368276152904,0.0016372706263074412,0.03031247622607225,-71.03159781266393,0.9973869941926827,0.014437476827356605,114.81997206063588,110.39230801005802
1.3592,-6.71946082950452,-4.064937646147442,-4.063299143557908,0.0016385025895329956,0.0303412869622548,-71.02353969699013,0.9973858777048379,0.014446728524690568,114.83525186451706,110.45383560969434
1.36,-6.716051586285188,-4.065869806539423,-4.064230073170099,0.001639733369323841,0.03037011547610291,-71.01548520976111,0.997384760560875,0.014455987333655267,114.85053524671872,110.51535825294273
1.3608,-6.71264554015409,-4.0668020276969905,-4.065161064735054,0.0016409629619362118,0.03039896176989032,-71.0074343489114,0.9973836427583134,0.014465253270763754,114.86582219581337,110.57687594189332
1.3616000000000001,-6.709242686666819,-4.067734309362939,-4.066092117999311,0.0016421913636273063,0.030427825845720236,-70.99938711236874,0.9973825242946756,0.014474526352522972,114.88111270036248,110.63838867865275
1.3624,-6.705843021385416,-4.068666651281016,-4.067023232710358,0.0016434185706581785,0.03045670770563902,-70.99134349807984,0.9973814051674867,0.014483806595441006,114.89640674891616,110.69989646534414
1.3632,-6.702446539878345,-4.069599053195923,-4.067954408616635,0.0016446445792889157,0.030485607351863564,-70.98330350398388,0.9973802853742757,0.014493094016018856,114.91170433001346,110.7613993041071
1.3639999999999999,-6.699053237720474,-4.070531514853325,-4.068885645467538,0.001645869385786357,0.030514524786326547,-70.97526712803844,0.9973791649125737,0.014502388630761576,114.92700543218213,110.82289719709787
1.3648,-6.695663110493069,-4.071464035999836,-4.069816943013411,0.0016470929864250538,0.030543460011017487,-70.96723436819121,0.9973780437799167,0.014511690456160846,114.94231004393876,110.88439014648928
1.3656000000000001,-6.692276153783774,-4.07239661638303,-4.070748301005552,0.001648315377477629,0.030572413027812217,-70.95920522240566,0.9973769219738425,0.014520999508711913,114.9576181537886,110.94587815447065
1.3664,-6.688892363186599,-4.0733292557514424,-4.071679719196219,0.0016495365552244181,0.0306013838387571,-70.95117968863963,0.9973757994918928,0.014530315804904393,114.97292975022587,111.00736122324813
1.3672,-6.685511734301899,-4.074261953854556,-4.072611197338612,0.0016507565159438273,0.030630372445671128,-70.94315776486607,0.9973746763316141,0.014539639361214052,114.98824482173336,111.06883935504449
1.3679999999999999,-6.682134262736365,-4.075194710442821,-4.073542735186893,0.001651975255927764,0.0306593788502596,-70.9351394490515,0.9973735524905545,0.014548970194124568,115.00356335678289,111.13031255209934
1.3688,-6.678759944103005,-4.076127525267637,-4.074474332496179,0.0016531927714575237,0.030688403054341507,-70.92712473917646,0.9973724279662666,0.014558308320106746,115.01888534383477,111.191780816669
1.3696000000000002,-6.675388774021132,-4.077060398081365,-4.075405989022532,0.0016544090588327272,0.030717445059735837,-70.91911363321937,0.9973713027563077,0.0145676537556214,115.03421077133825,111.25324415102669
1.3704,-6.6720207481163545,-4.077993328637325,-4.076337704522974,0.0016556241143510643,0.03074650486809105,-70.91110612916341,0.9973701768582375,0.014577006517130009,115.04953962773135,111.31470255746247
1.3712,-6.668655862020544,-4.0789263166897936,-4.077269478755484,0.0016568379343082935,0.030775582481055608,-70.90310222499758,0.9973690502696203,0.01458636662108214,115.06487190144084,111.37615603828326
1.3719999999999999,-6.66529411137184,-4.079859361994005,-4.078201311478994,0.0016580505150107826,0.03080467790016428,-70.89510191872319,0.9973679229880237,0.014595734083926084,115.08020758088222,111.437604595813
1.3728,-6.6619354918146225,-4.080792464306152,-4.07913320245338,0.0016592618527726134,0.030833791127065524,-70.88710520832805,0.9973667950110212,0.014605108922088536,115.09554665445974,111.49904823239268
1.3736000000000002,-6.65857999899951,-4.08172562338339,-4.08006515143949,0.0016604719439001494,0.030862922163237272,-70.87911209181138,0.9973656663361876,0.014614491152006052,115.1108891105665,111.56048695038017
1.3744,-6.655227628583324,-4.082658838983823,-4.0809971581991125,0.0016616807847113276,0.030892071010214295,-70.87112256718841,0.9973645369611048,0.014623880790088762,115.12623493758421,111.62192075215042
1.3752,-6.6518783762291,-4.0835921108665225,-4.081929222495003,0.0016628883715202256,0.030921237669360835,-70.86313663247206,0.997363406883357,0.014633277852748419,115.14158412388353,111.68334964009567
1.376,-6.648532237606051,-4.08452543879152,-4.082861344090859,0.001664094700660209,0.03095042214215482,-70.85515428566089,0.9973622761005334,0.014642682356386313,115.1569366578237,111.74477361662517
1.3768,-6.645189208389568,-4.085458822519797,-4.083793522751344,0.001665299768452104,0.030979624429846808,-70.84717552478756,0.997361144610228,0.014652094317386991,115.17229252775282,111.8061926841653
1.3776,-6.6418492842611965,-4.086392261813302,-4.084725758242074,0.0016665035712273436,0.031008844533857882,-70.8392003478713,0.9973600124100387,0.014661513752129847,115.18765172200771,111.86760684515983
1.3784,-6.638512460908622,-4.087325756434944,-4.08565805032962,0.0016677061053241128,0.031038082455381755,-70.83122875292568,0.9973588794975682,0.014670940676983336,115.20301422891386,111.92901610206972
1.3792,-6.635178734025672,-4.088259306148585,-4.086590398781505,0.0016689073670805939,0.031067338195725824,-70.82326073799956,0.997357745870424,0.014680375108301575,115.21838003678562,111.99042045737316
1.38,-6.631848099312272,-4.089192910719052,-4.087522803366219,0.0016701073528340032,0.031096611755970116,-70.81529630111581,0.9973566115262182,0.014689817062429186,115.23374913392607,112.05181991356591
1.3808,-6.628520552474458,-4.090126569912133,-4.088455263853195,0.0016713060589379526,0.031125903137365185,-70.8073354403207,0.9973554764625678,0.014699266555696942,115.24912150862694,112.11321447316088
1.3816,-6.625196089224352,-4.09106028349457,-4.089387780012829,0.0016725034817412303,0.031155212340991056,-70.79937815364737,0.997354340677095,0.01470872360442129,115.26449714916882,112.1746041386886
1.3824,-6.621874705280137,-4.091994051234072,-4.0903203516164774,0.0016736996175945515,0.03118453936787091,-70.79142443915282,0.997353204167426,0.014718188224911591,115.27987604382093,112.23598891269701
1.3832,-6.61855639636607,-4.0929278728993035,-4.091252978436443,0.0016748944628611688,0.03121388421914162,-70.78347429487289,0.9973520669311933,0.014727660433454656,115.29525818084133,112.29736879775152
1.384,-6.615241158212438,-4.093861748259894,-4.092185660245994,0.001676088013899511,0.031243246895598986,-70.77552771887501,0.9973509289660338,0.014737140246329248,115.31064354847675,112.35874379643514
1.3848,-6.6119289865555615,-4.094795677086427,-4.09311839681935,0.00167728026707765,0.03127262739832304,-70.76758470920856,0.9973497902695896,0.014746627679798834,115.32603213496263,112.4201139113485
1.3856,-6.60861987713778,-4.0957296591504555,-4.094051187931693,0.001678471218762693,0.03130202572822327,-70.75964526394023,0.9973486508395084,0.01475612275010916,115.34142392852321,112.48147914510979
1.3864,-6.6053138257074275,-4.096663694224489,-4.09498403335916,0.0016796608653284958,0.0313314418859818,-70.75170938113763,0.9973475106734428,0.014765625473494543,115.35681891737146,112.54283950035499
1.3872,-6.602010828018829,-4.097597782081999,-4.09591693287884,0.0016808492031585597,0.03136087587262182,-70.74377705886208,0.9973463697690514,0.014775135866169648,115.372217089709,112.60419497973768
1.388,-6.598710879832281,-4.098531922497418,-4.096849886268789,0.0016820362286296313,0.03139032768888228,-70.7358482951892,0.9973452281239977,0.014784653944335775,115.38761843372629,112.66554558592935
1.3888,-6.595413976914043,-4.09946611524614,-4.097782893308014,0.001683221938126173,0.03141979733533162,-70.72792308819909,0.9973440857359515,0.014794179724174565,115.40302293760236,112.72689132161914
1.3896,-6.592120115036314,-4.100400360104522,-4.098715953776483,0.0016844063280393973,0.03144928481287934,-70.72000143597079,0.9973429426025874,0.014803713221853336,115.41843058950516,112.78823218951415
1.3904,-6.588829289977226,-4.1013346568498825,-4.099649067455118,0.0016855893947643728,0.031478790122037026,-70.71208333659042,0.9973417987215865,0.014813254453518781,115.43384137759128,112.84956819233936
1.3912,-6.585541497520827,-4.102269005260503,-4.100582234125808,0.0016867711346961675,0.031508313263429955,-70.70416878814262,0.9973406540906351,0.014822803435303263,115.44925529000587,112.91089933283757
1.392,-6.582256733457077,-4.103203405115622,-4.101515453571384,0.0016879515442365994,0.031537854237683405,-70.69625778871925,0.9973395087074267,0.014832360183312228,115.46467231488313,112.97222561376972
1.3928,-6.578974993581812,-4.104137856195446,-4.102448725575653,0.0016891306197932719,0.03156741304519528,-70.68835033641618,0.9973383625696592,0.014841924713641153,115.48009244034571,113.03354703791467
1.3936,-6.575696273696762,-4.105072358281146,-4.103382049923372,0.0016903083577737873,0.0315969896866477,-70.68044642933084,0.9973372156750366,0.014851497042366829,115.49551565450507,113.09486360806925
1.3944,-6.572420569609499,-4.10600691115485,-4.104315426400259,0.001691484754591534,0.03162658416232489,-70.67254606557168,0.9973360680212702,0.014861077185538647,115.51094194546144,113.15617532704866
1.3952,-6.569147877133462,-4.106941514599651,-4.105248854792988,0.0016926598066627917,0.03165619647273843,-70.66464924324103,0.9973349196060766,0.01487066515918974,115.52637130130367,113.21748219768585
1.396,-6.565878192087914,-4.107876168399606,-4.106182334889194,0.0016938335104115564,0.03168582661817254,-70.65675596044474,0.9973337704271791,0.01488026097933116,115.5418037101094,113.27878422283234
1.3968,-6.562611510297942,-4.108810872339735,-4.107115866477472,0.0016950058622618213,0.03171547459891144,-70.64886621529878,0.997332620482307,0.014889864661955278,115.55723915994496,113.34008140535765
1.3976,-6.559347827594446,-4.109745626206018,-4.108049449347375,0.001696176858643366,0.031745140415353035,-70.64098000592159,0.9973314697691967,0.014899476223027074,115.57267763886534,113.40137374814961
1.3984,-6.55608713981411,-4.110680429785402,-4.1089830832894165,0.0016973464959850046,0.03177482406761101,-70.63309733043637,0.9973303182855904,0.014909095678496225,115.5881191349144,113.46266125411442
1.3992,-6.552829442799412,-4.1116152828658,-4.109916768095071,0.001698514770728088,0.03180452555602642,-70.62521818695663,0.9973291660292367,0.014918723044287435,115.60356363612455,113.52394392617659
1.4,-6.54957473239859,-4.112550185236085,-4.110850503556764,0.001699681679320718,0.03183424488059927,-70.61734257361437,0.997328012997892,0.014928358336298502,115.61901113051695,113.58522176727898
1.4008,-6.546323004465634,-4.113485136686094,-4.111784289467895,0.0017008472181994205,0.03186398204155694,-70.60947048854202,0.9973268591893184,0.014938001570408043,115.63446160610157,113.646494780383
1.4016,-6.543074254860284,-4.114420137006629,-4.112718125622811,0.0017020113838180817,0.03189373703889942,-70.60160192987149,0.9973257046012853,0.014947652762469234,115.64991505087696,113.70776296846844
1.4024,-6.539828479447996,-4.115355185989459,-4.113652011816828,0.0017031741726305865,0.0319235098727404,-70.59373689573984,0.9973245492315688,0.014957311928310749,115.66537145283048,113.76902633453375
1.4032,-6.536585674099948,-4.116290283427306,-4.1145859478462175,0.0017043355810888894,0.03195330054302303,-70.58587538429325,0.9973233930779521,0.014966979083735316,115.6808307999381,113.83028488159574
1.404,-6.533345834693018,-4.117225429113878,-4.115519933508213,0.001705495605665199,0.03198310904963364,-70.57801739366326,0.9973222361382252,0.014976654244524086,115.69629308016455,113.89153861269001
1.4048,-6.53010895710977,-4.118160622843824,-4.116453968601007,0.0017066542428162894,0.03201293539262906,-70.57016292200672,0.9973210784101859,0.014986337426426456,115.7117582814634,113.95278753087085
1.4056,-6.526875037238442,-4.119095864412775,-4.117388052923757,0.0017078114890182248,0.03204277957178192,-70.56231196747683,0.9973199198916384,0.014996028645169752,115.72722639177668,114.01403163921104
1.4064,-6.523644070972932,-4.120031153617322,-4.118322186276578,0.0017089673407441742,0.032072641586978534,-70.55446452821792,0.9973187605803943,0.015005727916455358,115.74269739903531,114.07527094080231
1.4072,-6.520416054212794,-4.120966490255015,-4.119256368460549,0.0017101217944663412,0.03210252143787784,-70.54662060239507,0.9973176004742731,0.015015435255953391,115.75817129115885,114.13650543875507
1.408,-6.5171909828632035,-4.121901874124381,-4.120190599277701,0.0017112748466800761,0.03213241912436615,-70.53878018816508,0.9973164395711014,0.015025150679308999,115.77364805605558,114.1977351361986
1.4088,-6.513968852834972,-4.122837305024901,-4.12112487853104,0.0017124264938604733,0.032162334646045565,-70.53094328369292,0.9973152778687135,0.015034874202137512,115.78912768162245,114.25896003628102
1.4096,-6.510749660044509,-4.12377278275703,-4.122059206024523,0.0017135767325077037,0.032192268002688706,-70.52310988714098,0.997314115364951,0.015044605840027836,115.80461015574522,114.32018014216943
1.4104,-6.507533400413829,-4.124708307122181,-4.12299358156308,0.0017147255591016823,0.03222221919384083,-70.51527999669541,0.997312952057663,0.015054345608539549,115.8200954662983,114.38139545704988
1.4112,-6.50432006987052,-4.125643877922746,-4.123928004952586,0.001715872970159938,0.03225218821910403,-70.5074536105038,0.9973117879447068,0.01506409352320241,115.8355836011447,114.4426059841274
1.412,-6.501109664347745,-4.1265794949620656,-4.12486247599989,0.0017170189621749233,0.032282175078023556,-70.49963072676451,0.9973106230239481,0.015073849599509604,115.85107454813635,114.50381172662605
1.4128,-6.4979021797842265,-4.127515158044462,-4.125796994512804,0.001718163531657413,0.03231217977008782,-70.49181134365038,0.997309457293259,0.015083613852936096,115.86656829511371,114.56501268778906
1.4136,-6.4946976121242255,-4.128450866975219,-4.126731560300098,0.0017193066751210752,0.03234220229478524,-70.48399545933688,0.9973082907505202,0.015093386298920281,115.88206482990603,114.62620887087874
1.4144,-6.491495957317538,-4.129386621560579,-4.127666173171502,0.0017204483890776489,0.03237224265154737,-70.47618307201957,0.9973071233936214,0.015103166952863957,115.89756414033123,114.68740027917664
1.4152,-6.488297211319479,-4.130322421607761,-4.128600832937711,0.0017215886700485156,0.03240230083969209,-70.4683741798845,0.9973059552204597,0.01511295583014105,115.91306621419596,114.74858691598352
1.416,-6.485101370090867,-4.131258266924948,-4.129535539410387,0.0017227275145608434,0.032432376858594125,-70.46056878112314,0.9973047862289398,0.015122752946097606,115.92857103929562,114.80976878461937
1.4168,-6.481908429598012,-4.132194157321292,-4.13047029240215,0.0017238649191408354,0.032462470707571356,-70.45276687392877,0.9973036164169754,0.015132558316041628,115.94407860341428,114.8709458884236
1.4176,-6.4787183858127095,-4.133130092606906,-4.131405091726583,0.001725000880323373,0.032492582385884816,-70.44496845650278,0.9973024457824888,0.015142371955247924,115.95958889432465,114.93211823075488
1.4184,-6.47553123471222,-4.134066072592874,-4.132339937198235,0.0017261353946394793,0.0325227118927387,-70.43717352704573,0.9973012743234103,0.01515219387895955,115.97510189978824,114.99328581499131
1.4192,-6.472346972279254,-4.135002097091251,-4.133274828632612,0.0017272684586385019,0.03255285922722351,-70.42938208375999,0.997300102037679,0.015162024102382493,115.99061760755524,115.0544486445306
1.42,-6.469165594501975,-4.135938165915053,-4.13420976584619,0.0017284000688630357,0.03258302438860028,-70.42159412485535,0.9972989289232426,0.015171862640690505,116.00613600536457,115.11560672278972
1.4208,-6.465987097373968,-4.136874278878268,-4.1351447486564075,0.0017295302218604976,0.032613207375902675,-70.41380964854176,0.9972977549780567,0.015181709509023651,116.02165708094384,115.17676005320533
1.4216,-6.462811476894233,-4.137810435795853,-4.136079776881663,0.001730658914189877,0.032643408188278045,-70.40602865302566,0.9972965802000868,0.015191564722482998,116.03718082200932,115.2379086392337
1.4224,-6.459638729067184,-4.138746636483727,-4.13701485034132,0.0017317861424063043,0.03267362682458952,-70.39825113653565,0.997295404587307,0.015201428296132528,116.05270721626616,115.2990524843507
1.4232,-6.456468849902622,-4.1396828807587855,-4.137949968855709,0.0017329119030755186,0.0327038632839276,-70.39047709727778,0.9972942281376995,0.015211300245005934,116.06823625140807,115.36019159205182
1.424,-6.453301835415725,-4.1406191684388824,-4.138885132246123,0.0017340361927594005,0.03273411756515543,-70.38270653348573,0.997293050849257,0.015221180584089191,116.08376791511743,115.42132596585245
1.4248,-6.450137681627039,-4.141555499342852,-4.139820340334814,0.0017351590080381544,0.03276438966719297,-70.37493944337447,0.9972918727199798,0.01523106932834184,116.09930219506558,115.48245560928761
1.4256,-6.446976384562474,-4.142491873290484,-4.140755592945012,0.0017362803454726943,0.032794679588903364,-70.36717582517844,0.9972906937478776,0.015240966492680554,116.11483907891227,115.54358052591216
1.4264000000000001,-6.443817940253268,-4.14342829010255,-4.141690889900892,0.0017374002016576902,0.032824987329149735,-70.35941567712433,0.9972895139309705,0.015250872091980089,116.13037855430613,115.60470071930088
1.4272,-6.440662344736002,-4.144364749600782,-4.142626231027609,0.0017385185731733446,0.032855312886567845,-70.35165899744936,0.9972883332672867,0.015260786141081995,116.14592060888458,115.66581619304839
1.428,-6.4375095940525675,-4.145301251607881,-4.143561616151275,0.0017396354566056452,0.032885656260020824,-70.3439057843849,0.9972871517548644,0.015270708654783981,116.16146523027355,115.72692695076935
1.4288,-6.434359684250161,-4.146237795947522,-4.1444970450989755,0.0017407508485463663,0.03291601744814443,-70.3361560361738,0.9972859693917506,0.015280639647847653,116.17701240608798,115.78803299609848
1.4296,-6.431212611381279,-4.147174382444348,-4.145432517698749,0.001741864745598855,0.032946396449631266,-70.32840975105954,0.9972847861760027,0.015290579134991242,116.1925621239312,115.84913433269033
1.4304000000000001,-6.4280683715036915,-4.148111010923968,-4.146368033779607,0.0017429771443597066,0.0329767932630034,-70.32066692728264,0.9972836021056872,0.015300527130892534,116.20811437139551,115.91023096421982
1.4312,-6.424926960680443,-4.149047681212964,-4.147303593171524,0.0017440880414390178,0.03300720788695344,-70.312927563088,0.9972824171788807,0.015310483650187392,116.2236691360618,115.97132289438184
1.432,-6.421788374979829,-4.1499843931388884,-4.148239195705441,0.0017451974334468847,0.033037640319946604,-70.30519165673209,0.9972812313936692,0.015320448707471217,116.23922640549974,116.03241012689152
1.4328,-6.4186526104754,-4.150921146530255,-4.149174841213263,0.001746305316991474,0.03306809056039128,-70.29745920647306,0.9972800447481489,0.015330422317294605,116.25478616726774,116.09349266548418
1.4336,-6.415519663245925,-4.151857941216565,-4.150110529527861,0.0017474116887031342,0.033098558606923234,-70.28973021054931,0.9972788572404255,0.015340404494168649,116.27034840891292,116.15457051391563
1.4344000000000001,-6.412389529375404,-4.152794777028275,-4.151046260483074,0.0017485165452006397,0.03312904445783715,-70.28200466723514,0.9972776688686151,0.015350395252558659,116.28591311797113,116.21564367596179
1.4352,-6.409262204953046,-4.153731653796812,-4.151982033913702,0.0017496198831095156,0.03315954811148458,-70.27428257478337,0.9972764796308443,0.015360394606884166,116.30148028196693,116.27671215541905
1.436,-6.406137686073246,-4.154668571354584,-4.15291784965552,0.0017507216990649303,0.03319006956621706,-70.26656393146308,0.9972752895252487,0.015370402571526168,116.31704988841365,116.33777595610422
1.4368,-6.403015968835593,-4.155605529534961,-4.153853707545257,0.0017518219897039813,0.033220608820442976,-70.25884873553545,0.9972740985499755,0.015380419160813596,116.33262192481332,116.39883508185464
1.4376,-6.3998970493448475,-4.156542528172288,-4.154789607420619,0.001752920751669552,0.03325116587222965,-70.25113698527167,0.997272906703181,0.015390444389035394,116.34819637865668,116.4598895365281
1.4384000000000001,-6.396780923710926,-4.157479567101875,-4.155725549120273,0.0017540179816025957,0.03328174071987178,-70.24342867894765,0.9972717139830332,0.015400478270432307,116.36377323742336,116.520939324003
1.4392,-6.3936675880489,-4.15841664616001,-4.156661532483853,0.0017551136761575687,0.033312333361607216,-70.23572381483245,0.9972705203877095,0.015410520819199292,116.37935248858153,116.58198444817836
1.44,-6.390557038478974,-4.159353765183952,-4.157597557351962,0.00175620783198989,0.033342943795446445,-70.2280223912045,0.9972693259153982,0.015420572049485522,116.39493411958823,116.64302491297386
1.4408,-6.387449271126475,-4.1602909240119255,-4.158533623566168,0.0017573004457578723,0.033373572019570474,-70.22032440634335,0.997268130564299,0.015430631975388093,116.4105181178892,116.70406072232994
1.4416,-6.38434428212185,-4.1612281224831325,-4.159469730969006,0.0017583915141256143,0.03340421803193294,-70.21262985853528,0.997266934332621,0.015440700610963639,116.42610447091896,116.76509188020772
1.4424000000000001,-6.381242067600641,-4.16216536043774,-4.1604058794039815,0.0017594810337581775,0.033434881830658014,-70.20493874606078,0.9972657372185855,0.015450777970213811,116.44169316610069,116.82611839058924
1.4432,-6.378142623703487,-4.163102637716894,-4.161342068715559,0.0017605690013350913,0.033465563413642485,-70.19725106720725,0.9972645392204239,0.015460864067093507,116.45728419084644,116.88714025747724
1.444,-6.375045946576094,-4.164039954162706,-4.162278298749179,0.001761655413527204,0.033496262778896835,-70.18956682026689,0.9972633403363789,0.015470958915509423,116.47287753255696,116.94815748489566
1.4448,-6.371952032369248,-4.164977309618268,-4.163214569351244,0.001762740267022723,0.03352697992420417,-70.18188600352653,0.9972621405647037,0.015481062529317618,116.48847317862175,117.00917007688903
1.4456,-6.36886087723878,-4.165914703927634,-4.164150880369132,0.00176382355850214,0.033557714847461284,-70.17420861529116,0.9972609399036632,0.01549117492232547,116.50407111641903,117.07017803752314
1.4464000000000001,-6.365772477345567,-4.166852136935837,-4.165087231651178,0.0017649052846594488,0.03358846754650813,-70.16653465385163,0.9972597383515335,0.01550129610828585,116.51967133331588,117.13118137088479
1.4472,-6.3626868288555185,-4.16778960848888,-4.16602362304669,0.0017659854421896068,0.033619238019127806,-70.15886411750655,0.997258535906602,0.015511426100901018,116.53527381666807,117.19218008108183
1.448,-6.35960392793956,-4.16872711843374,-4.166960054405949,0.001767064027790464,0.03365002626298974,-70.15119700456853,0.997257332567167,0.01552156491382501,116.55087855382011,117.25317417224333
1.4488,-6.356523770773633,-4.169664666618366,-4.167896525580193,0.0017681410381724088,0.033680832275820194,-70.14353331333096,0.9972561283315391,0.015531712560654465,116.56648553210536,117.31416364851952
1.4496,-6.353446353538665,-4.170602252891676,-4.168833036421638,0.0017692164700381123,0.033711656055288586,-70.13587304210277,0.9972549231980399,0.015541869054935396,116.58209473884587,117.37514851408191
1.4504000000000001,-6.350371672420581,-4.171539877103571,-4.169769586783468,0.001770290320103749,0.03374249759900749,-70.12821618920044,0.9972537171650022,0.015552034410164157,116.59770616135259,117.43612877312327
1.4512,-6.347299723610274,-4.172477539104914,-4.170706176519826,0.001771362585088385,0.033773356904475804,-70.12056275293409,0.9972525102307714,0.015562208639774849,116.61331978692508,117.49710442985771
1.452,-6.344230503303595,-4.173415238747554,-4.171642805485835,0.0017724332617188028,0.03380423396936294,-70.1129127316088,0.9972513023937045,0.015572391757153862,116.62893560285171,117.55807548852087
1.4528,-6.341164007701355,-4.174352975884294,-4.17257947353758,0.0017735023467140671,0.0338351287910541,-70.10526612355717,0.9972500936521698,0.01558258377562969,116.64455359640989,117.61904195336967
1.4536,-6.338100233009297,-4.175290750368929,-4.173516180532118,0.0017745698368115685,0.03386604136704818,-70.09762292709098,0.9972488840045483,0.015592784708476325,116.66017375486537,117.68000382868263
1.4544000000000001,-6.3350391754381,-4.176228562056222,-4.174452926327474,0.0017756357287477325,0.03389697169473038,-70.08998314053187,0.9972476734492319,0.015602994568913262,116.67579606547311,117.74096111875984
1.4552,-6.331980831203353,-4.177166410801905,-4.175389710782644,0.0017767000192609123,0.03392791977154275,-70.08234676220725,0.9972464619846262,0.015613213370098716,116.69142051547655,117.80191382792286
1.456,-6.328925196525557,-4.178104296462691,-4.1763265337575906,0.0017777627051000703,0.03395888559469995,-70.07471379044226,0.9972452496091475,0.015623441125139307,116.70704709210811,117.862861960515
1.4568,-6.325872267630101,-4.179042218896261,-4.177263395113248,0.0017788237830141688,0.03398986916164404,-70.06708422356334,0.9972440363212252,0.015633677847081827,116.72267578258902,117.92380552090137
1.4576,-6.322822040747262,-4.179980177961276,-4.1782002947115116,0.001779883249764707,0.03402087046958968,-70.05945805990626,0.9972428221193013,0.015643923548911306,116.73830657412913,117.98474451346858
1.4584000000000001,-6.319774512112191,-4.180918173517365,-4.179137232415265,0.0017809411020996819,0.03405188951563787,-70.0518352978044,0.9972416070018291,0.015654178243561176,116.75393945392726,118.04567894262522
1.4592,-6.316729677964891,-4.18185620542514,-4.1800742080883415,0.0017819973367979526,0.0340829262971738,-70.04421593558553,0.9972403909672753,0.015664441943902138,116.76957440917099,118.1066088128017
1.46,-6.313687534550225,-4.182794273546176,-4.181011221595557,0.0017830519506190881,0.034113980811184774,-70.03659997159878,0.9972391740141193,0.015674714662743127,116.78521142703676,118.16753412845031
1.4608,-6.310648078117891,-4.183732377743033,-4.181948272802697,0.0017841049403361606,0.03414505305477178,-70.02898740418354,0.9972379561408524,0.015684996412839065,116.8008504946897,118.2284548940453
1.4616,-6.307611304922409,-4.184670517879242,-4.182885361576508,0.0017851563027338146,0.03417614302509264,-70.02137823167874,0.9972367373459798,0.01569528720687536,116.81649159928392,118.28937111408295
1.4624000000000001,-6.304577211223124,-4.18560869381931,-4.183822487784718,0.0017862060345928373,0.03420725071907782,-70.01377245243022,0.9972355176280182,0.015705587057485825,116.83213472796221,118.35028279308153
1.4632,-6.301545793284184,-4.186546905428718,-4.184759651296016,0.00178725413270173,0.03423837613377145,-70.00617006478728,0.9972342969854983,0.015715895977235245,116.84777986785629,118.41118993558145
1.464,-6.298517047374529,-4.1874851525739185,-4.185696851980071,0.00178830059384803,0.034269519266047155,-69.99857106710338,0.997233075416963,0.015726213978630024,116.86342700608668,118.4720925461453
1.4648,-6.295490969767883,-4.188423435122352,-4.1866340897075105,0.0017893454148414578,0.03430068011289222,-69.99097545771609,0.9972318529209692,0.015736541074111907,116.87907612976267,118.53299062935783
1.4656,-6.292467556742744,-4.1893617529424185,-4.187571364349948,0.0017903885924705132,0.03433185867112343,-69.98338323500062,0.9972306294960859,0.015746877276061347,116.89472722598255,118.59388418982608
1.4664000000000001,-6.28944680458237,-4.190300105903505,-4.188508675779953,0.0017914301235516673,0.034363054937557536,-69.97579439729813,0.9972294051408963,0.0157572225967922,116.9103802818333,118.65477323217941
1.4672,-6.286428709574773,-4.1912384938759715,-4.189446023871078,0.0017924700048936742,0.034394268909011316,-69.96820894297076,0.9972281798539963,0.01576757704855606,116.92603528439079,118.7156577610695
1.468,-6.283413268012699,-4.192176916731153,-4.190383408497841,0.0017935082333130035,0.034425500582244695,-69.96062687038325,0.997226953633995,0.015777940643541315,116.94169222071979,118.77653778117048
1.4688,-6.280400476193629,-4.193115374341359,-4.191320829535733,0.0017945448056270886,0.034456749953847066,-69.95304817789811,0.9972257264795159,0.015788313393866348,116.95735107787385,118.83741329717891
1.4696,-6.277390330419756,-4.194053866579882,-4.192258286861209,0.0017955797186726533,0.03448801702069204,-69.94547286387218,0.9972244983891956,0.015798695311585842,116.97301184289549,118.8982843138139
1.4704000000000002,-6.274382826997986,-4.194992393320978,-4.19319578035171,0.0017966129692680943,0.03451930177925533,-69.93790092668354,0.9972232693616846,0.01580908640868594,116.98867450281598,118.95915083581718
1.4712,-6.271377962239919,-4.195930954439895,-4.194133309885638,0.0017976445542578507,0.034550604226126325,-69.93033236469941,0.9972220393956461,0.015819486697091968,117.00433904465558,119.02001286795299
1.472,-6.26837573246184,-4.196869549812847,-4.195070875342369,0.0017986744704776795,0.03458192435789442,-69.92276717628832,0.9972208084897582,0.015829896188656857,117.02000545542327,119.0808704150082
1.4727999999999999,-6.265376133984709,-4.197808179317026,-4.196008476602254,0.001799702714772983,0.03461326217114902,-69.9152053598255,0.9972195766427131,0.015840314895163042,117.0356737221171,119.14172348179265
1.4736,-6.2623791631341525,-4.19874684283061,-4.196946113546611,0.0018007292839978435,0.03464461766225213,-69.90764691368871,0.9972183438532154,0.015850742828333125,117.05134383172381,119.20257207313875
1.4744000000000002,-6.259384816240448,-4.199685540232738,-4.197883786057737,0.0018017541750005557,0.03467599082762263,-69.9000918362574,0.9972171101199858,0.015861179999809065,117.0670157712192,119.26341619390175
1.4752,-6.25639308963852,-4.200624271403537,-4.198821494018892,0.0018027773846448463,0.03470738166379306,-69.8925401259105,0.9972158754417582,0.015871626421169117,117.08268952756787,119.32425584895984
1.476,-6.253403979667915,-4.201563036224117,-4.199759237314318,0.0018037989097992638,0.034738790166954914,-69.88499178102376,0.9972146398172801,0.015882082103925877,117.09836508772325,119.38509104321419
1.4768,-6.250417482672816,-4.20250183457655,-4.2006970158292205,0.0018048187473294632,0.0347702163335839,-69.87744679998903,0.9972134032453143,0.015892547059511798,117.11404243862793,119.44592178158885
1.4776,-6.247433595002008,-4.203440666343897,-4.201634829449791,0.0018058368941059203,0.03480166015987152,-69.86990518119178,0.9972121657246373,0.01590302129929464,117.12972156721311,119.50674806903098
1.4784000000000002,-6.244452313008876,-4.204379531410191,-4.202572678063178,0.0018068533470116514,0.034833121642009246,-69.86236692302269,0.997210927254041,0.015913504834567813,117.14540246039915,119.56756991051085
1.4792,-6.2414736330514025,-4.205318429660443,-4.203510561557515,0.0018078681029277417,0.03486460077630227,-69.85483202387199,0.9972096878323307,0.015923997676553267,117.16108510509517,119.62838731102177
1.48,-6.238497551492138,-4.206257360980651,-4.2044484798219,0.0018088811587507086,0.03489609755888523,-69.84730048212887,0.9972084474583272,0.01593449983639764,117.17676948819928,119.68920027558048
1.4808,-6.2355240646982155,-4.207196325257774,-4.205386432746413,0.0018098925113616373,0.03492761198583594,-69.8397722961933,0.9972072061308658,0.015945011325176093,117.19245559659849,119.75000880922663
1.4816,-6.232553169041315,-4.2081353223797695,-4.206324420222097,0.0018109021576724767,0.03495914405328904,-69.83224746445569,0.9972059638487961,0.0159555321538909,117.20814341716887,119.81081291702355
1.4824,-6.229584860897672,-4.209074352235554,-4.207262442140976,0.0018119100945768493,0.034990693757208646,-69.82472598532235,0.9972047206109838,0.01596606233346609,117.22383293677518,119.8716126040576
1.4832,-6.226619136648058,-4.210013414715038,-4.20820049839605,0.0018129163189876687,0.035022261093786256,-69.81720785718966,0.997203476416308,0.015976601874755213,117.23952414227145,119.93240787543886
1.484,-6.223655992677768,-4.2109525097091,-4.209138588881279,0.0018139208278217045,0.03505384605875861,-69.8096930784578,0.9972022312636645,0.015987150788528734,117.2552170205004,119.99319873630066
1.4848,-6.220695425376621,-4.211891637109604,-4.210076713491611,0.0018149236179928337,0.03508544864820351,-69.80218164753883,0.997200985151963,0.015997709085489538,117.2709115582938,120.05398519179988
1.4856,-6.217737431138939,-4.2128307968093885,-4.2110148721229645,0.001815924686424578,0.03511706885797139,-69.7946735628369,0.9971997380801285,0.016008276776258892,117.28660774247247,120.11476724711706
1.4864,-6.21478200636354,-4.213769988702271,-4.211953064672229,0.0018169240300423871,0.03514870668391268,-69.78716882276294,0.9971984900471021,0.016018853871382237,117.30230555984608,120.17554490745636
1.4872,-6.211829147453728,-4.2147092126830525,-4.212891291037265,0.0018179216457871435,0.035180362121877806,-69.77966742572124,0.9971972410518403,0.016029440381322434,117.31800499721344,120.2363181780457
1.488,-6.208878850817287,-4.215648468647511,-4.213829551116922,0.0018189175305881543,0.035212035167546674,-69.7721693701334,0.9971959910933134,0.016040036316474264,117.3337060413621,120.29708706413642
1.4888,-6.2059311128664625,-4.2165877564924,-4.2147678448110035,0.0018199116813959466,0.03524372581671287,-69.76467465441074,0.9971947401705097,0.016050641687140235,117.34940867906879,120.35785157100402
1.4896,-6.202985930017957,-4.2175270761154575,-4.215706172020303,0.001820904095154295,0.035275434065169975,-69.75718327696916,0.9971934882824314,0.016061256503552845,117.36511289709927,120.41861170394775
1.4904,-6.200043298692917,-4.218466427415401,-4.216644532646582,0.0018218947688195125,0.035307159908427366,-69.74969523622654,0.9971922354280968,0.016071880775862968,117.38081868220812,120.47936746829062
1.4912,-6.1971032153169245,-4.219405810291923,-4.217582926592579,0.0018228836993440536,0.03533890334216494,-69.74221053061135,0.9971909816065405,0.01608251451413646,117.39652602113907,120.54011886937978
1.492,-6.194165676319992,-4.220345224645704,-4.218521353762004,0.001823870883699664,0.035370664362005755,-69.73472915853247,0.9971897268168126,0.016093157728361427,117.41223490062491,120.60086591258631
1.4928,-6.191230678136536,-4.221284670378393,-4.2194598140595465,0.0018248563188455488,0.03540244296345918,-69.7272511184306,0.9971884710579795,0.016103810428442885,117.42794530738728,120.66160860330534
1.4936,-6.18829821720539,-4.222224147392631,-4.220398307390871,0.00182584000175924,0.03543423914197774,-69.71977640872205,0.9971872143291227,0.016114472624206164,117.44365722813703,120.72234694695621
1.4944,-6.185368289969775,-4.22316365559203,-4.22133683366261,0.0018268219294201977,0.03546605289307081,-69.71230502783725,0.9971859566293416,0.01612514432538624,117.45937064957397,120.78308094898235
1.4952,-6.182440892877294,-4.2241031948811925,-4.2222753927823815,0.0018278020988117397,0.035497884212247754,-69.70483697420705,0.9971846979577499,0.01613582554164519,117.47508555838685,120.84381061485153
1.496,-6.179516022379933,-4.225042765165689,-4.223213984658773,0.0018287805069171841,0.03552973309479057,-69.697372246265,0.9971834383134791,0.016146516282551336,117.49080194125374,120.90453595005567
1.4968,-6.176593674934036,-4.22598236635208,-4.224152609201351,0.0018297571507304585,0.035561599536094946,-69.68991084244908,0.9971821776956759,0.016157216557595746,117.50651978484157,120.96525696011123
1.4976,-6.173673847000309,-4.226921998347906,-4.225091266320648,0.0018307320272570639,0.03559348353144287,-69.68245276118546,0.9971809161035047,0.016167926376177186,117.52223907580638,121.02597365055884
1.4984,-6.170756535043795,-4.227861661061682,-4.226029955928187,0.0018317051334947854,0.03562538507617319,-69.67499800092,0.9971796535361457,0.016178645747612807,117.5379598007932,121.08668602696378
1.4992,-6.1678417355338775,-4.228801354402911,-4.2269686779364575,0.0018326764664539463,0.03565730416551105,-69.66754656008787,0.997178389992796,0.016189374681134718,117.55368194643638,121.14739409491584
1.5,-6.164929444944259,-4.229741078282071,-4.227907432258926,0.0018336460231448703,0.03568924079456792,-69.66009843713582,0.9971771254726693,0.01620011318588276,117.56940549935906,121.20809786002918
1.5008,-6.162019659752966,-4.230680832610631,-4.228846218810039,0.0018346138005913841,0.03572119495856896,-69.65265363050312,0.9971758599749962,0.016210861270914645,117.58513044617375,121.26879732794288
1.5016,-6.15911237644232,-4.231620617301032,-4.229785037505216,0.001835579795815384,0.03575316665262562,-69.64521213863765,0.9971745934990242,0.016221618945197733,117.60085677348195,121.32949250432054
1.5024000000000002,-6.156207591498949,-4.232560432266699,-4.2307238882608535,0.0018365440058455197,0.03578515587190623,-69.6377739599855,0.9971733260440176,0.016232386217610497,117.61658446787422,121.39018339485042
1.5032,-6.153305301413756,-4.233500277422036,-4.231662770994326,0.0018375064277104391,0.035817162611351705,-69.63033909300096,0.9971720576092586,0.016243163096939593,117.63231351593022,121.45087000524576
1.504,-6.150405502681929,-4.2344401526824385,-4.23260168562398,0.001838467058458081,0.03584918686601668,-69.62290753612506,0.9971707881940455,0.016253949591887633,117.64804390421892,121.51155234124454
1.5048,-6.147508191802915,-4.235380057964276,-4.233540632069147,0.0018394258951296327,0.03588122863084209,-69.61547928781874,0.9971695177976941,0.016264745711062983,117.66377561929832,121.57223040860974
1.5056,-6.1446133652804225,-4.2363199931849005,-4.234479610250125,0.0018403829347749616,0.03591328790071202,-69.60805434653336,0.9971682464195383,0.01627555146298222,117.67950864771547,121.63290421312921
1.5064000000000002,-6.1417210196224,-4.237259958262648,-4.235418620088201,0.0018413381744468288,0.0359453646706811,-69.60063271072417,0.9971669740589284,0.016286366856072536,117.69524297600675,121.69357376061598
1.5072,-6.138831151341045,-4.238199953116834,-4.236357661505628,0.0018422916112057115,0.03597745893546289,-69.59321437885394,0.9971657007152328,0.01629719189866784,117.71097859069756,121.75423905690786
1.508,-6.135943756952771,-4.23913997766776,-4.237296734425643,0.0018432432421169086,0.036009570689941484,-69.58579934937848,0.9971644263878375,0.01630802659900978,117.72671547830262,121.81490010786821
1.5088,-6.133058832978212,-4.24008003183671,-4.238235838772456,0.0018441930642534366,0.03604169992888728,-69.57838762076032,0.9971631510761461,0.01631887096524526,117.74245362532571,121.87555691938533
1.5096,-6.130176375942213,-4.241020115545947,-4.239174974471261,0.0018451410746854167,0.03607384664701385,-69.57097919146538,0.9971618747795796,0.01632972500542892,117.75819301825973,121.93620949737272
1.5104000000000002,-6.127296382373814,-4.241960228718721,-4.240114141448222,0.0018460872704984034,0.03610601083903475,-69.56357405995311,0.9971605974975774,0.016340588727519208,117.77393364358697,121.99685784776946
1.5112,-6.124418848806248,-4.242900371279259,-4.241053339630488,0.0018470316487702349,0.0361381924996067,-69.5561722247012,0.9971593192295964,0.016351462139381313,117.78967548777885,122.05750197653978
1.512,-6.121543771776924,-4.243840543152779,-4.241992568946177,0.0018479742066028614,0.03617039162338642,-69.54877368416821,0.9971580399751118,0.01636234524878426,117.8054185372959,122.11814188967334
1.5128,-6.1186711478274205,-4.244780744265478,-4.242931829324393,0.0018489149410856956,0.036202608204973785,-69.54137843682994,0.9971567597336168,0.016373238063398483,117.82116277858802,122.17877759318547
1.5136,-6.115800973503477,-4.245720974544535,-4.243871120695217,0.0018498538493187592,0.036234842238911824,-69.53398648115898,0.9971554785046228,0.016384140590801146,117.8369081980943,122.2394090931169
1.5144000000000002,-6.112933245354986,-4.246661233918117,-4.2448104429897,0.001850790928416542,0.03626709371968673,-69.52659781562726,0.9971541962876592,0.016395052838470335,117.852654782243,122.30003639553402
1.5152,-6.1100679599359795,-4.247601522315365,-4.245749796139885,0.0018517261754800295,0.03629936264178468,-69.51921243871102,0.9971529130822747,0.016405974813783124,117.86840251745171,122.36065950652883
1.516,-6.107205113804622,-4.248541839666413,-4.2466891800787785,0.0018526595876352861,0.036331648999635036,-69.51183034888997,0.9971516288880357,0.016416906524019927,117.88415139012722,122.42127843221907
1.5168,-6.1043447035232,-4.24948218590238,-4.2476285947403785,0.0018535911620016238,0.036363952787723974,-69.50445154464119,0.9971503437045264,0.016427847976367406,117.89990138666568,122.48189317874828
1.5176,-6.101486725658111,-4.250422560955361,-4.248568040059652,0.0018545208957089642,0.036396274000310314,-69.49707602444589,0.9971490575313513,0.016438799177902974,117.91565249345243,122.54250375228594
1.5184,-6.098631176779858,-4.251362964758435,-4.249507515972552,0.0018554487858833712,0.036428612631766555,-69.4897037867911,0.9971477703681328,0.016449760135606416,117.93140469686213,122.60311015902724
1.5192,-6.095778053463041,-4.252303397245679,-4.250447022416007,0.001856374829672128,0.03646096867635151,-69.48233483015093,0.9971464822145115,0.016460730856364243,117.94715798325883,122.66371240519352
1.52,-6.092927352286343,-4.253243858352135,-4.251386559327922,0.0018572990242128726,0.036493342128380846,-69.47496915302753,0.997145193070148,0.016471711346948872,117.96291233899568,122.72431049703191
1.5208,-6.0900790698325205,-4.254184348013843,-4.252326126647185,0.001858221366657711,0.03652573298199968,-69.46760675389488,0.997143902934721,0.016482701614039454,117.9786677504153,122.78490444081575
1.5216,-6.087233202688395,-4.255124866167824,-4.253265724313665,0.0018591418541587495,0.03655814123135315,-69.46024763124585,0.9971426118079287,0.016493701664208292,117.99442420384969,122.84549424284465
1.5224,-6.084389747444855,-4.256065412752081,-4.254205352268203,0.0018600604838777386,0.03659056687070006,-69.4528917835763,0.9971413196894882,0.0165047115039262,118.01018168562003,122.90607990944416
1.5232,-6.081548700696827,-4.257005987705603,-4.255145010452629,0.001860977252974501,0.036623009894071856,-69.44553920937565,0.9971400265791361,0.016515731139557153,118.02594018203696,122.96666144696627
1.524,-6.078710059043278,-4.257946590968366,-4.2560846988097385,0.0018618921586281492,0.03665547029549998,-69.43818990714075,0.9971387324766285,0.016526760577361674,118.04169967940044,123.02723886178916
1.5248,-6.0758738190872075,-4.258887222481327,-4.2570244172833265,0.0018628051980004346,0.03668794806907272,-69.43084387536928,0.9971374373817401,0.016537799823497325,118.05746016399983,123.08781216031747
1.5256,-6.0730399774356325,-4.259827882186436,-4.25796416581815,0.0018637163682868672,0.036720443208764664,-69.42350111255364,0.9971361412942656,0.016548848884012417,118.07322162211386,123.14838134898234
1.5264,-6.070208530699583,-4.260768570026621,-4.258903944359952,0.001864625666668489,0.03675295570849357,-69.41616161719398,0.9971348442140194,0.01655990776485229,118.08898404001062,123.20894643424118
1.5272000000000001,-6.067379475494089,-4.261709285945795,-4.259843752855462,0.0018655330903330934,0.0367854855621772,-69.40882538779897,0.9971335461408357,0.016570976471848676,118.10474740394761,123.2695074225782
1.528,-6.064552808438174,-4.262650029888859,-4.260783591252377,0.0018664386364819778,0.036818032763676456,-69.40149242286309,0.997132247074568,0.016582055010731296,118.12051170017186,123.33006432050415
1.5288,-6.061728526154847,-4.263590801801702,-4.261723459499387,0.001867342302315475,0.03685059730685225,-69.39416272090011,0.9971309470150896,0.01659314338712207,118.1362769149196,123.39061713455634
1.5296,-6.058906625271089,-4.264531601631198,-4.262663357546154,0.0018682440850435636,0.036883179185565496,-69.38683628040525,0.997129645962294,0.016604241606530755,118.15204303441666,123.45116587129891
1.5304,-6.05608710241785,-4.265472429325202,-4.263603285343321,0.0018691439818810437,0.03691577839344973,-69.37951309989414,0.9971283439160952,0.016615349674355896,118.16781004487835,123.51171053732293
1.5312000000000001,-6.053269954230029,-4.266413284832556,-4.264543242842517,0.0018700419900378941,0.03694839492436586,-69.37219317787577,0.9971270408764266,0.016626467595888716,118.18357793250925,123.57225113924612
1.532,-6.050455177346484,-4.267354168103096,-4.265483229996348,0.0018709381067482066,0.03698102877189058,-69.3648765128591,0.9971257368432414,0.016637595376313104,118.1993466835036,123.63278768371315
1.5328,-6.047642768410002,-4.268295079087637,-4.266423246758398,0.0018718323292383566,0.03701367992971427,-69.35756310335788,0.9971244318165144,0.01664873302069256,118.21511628404508,123.69332017739582
1.5336,-6.044832724067303,-4.269236017737979,-4.267363293083241,0.0018727246547385781,0.03704634839152732,-69.35025294788798,0.9971231257962394,0.016659880533988078,118.23088672030677,123.75384862699286
1.5344,-6.04202504096903,-4.270176984006917,-4.268303368926421,0.0018736150804955017,0.03707903415079272,-69.34294604496246,0.9971218187824319,0.016671037921039772,118.24665797845134,123.81437303923015
1.5352000000000001,-6.039219715769732,-4.271117977848221,-4.269243474244472,0.0018745036037499715,0.03711173720103034,-69.33564239310226,0.9971205107751271,0.016682205186578966,118.26243004463089,123.87489342086066
1.536,-6.036416745127866,-4.272058999216659,-4.2701836089949,0.001875390221759229,0.0371444575358737,-69.32834199082436,0.997119201774381,0.016693382335222873,118.27820290498725,123.93540977866473
1.5368,-6.03361612570578,-4.273000048067978,-4.2711237731362015,0.001876274931776657,0.03717719514872897,-69.32104483665022,0.9971178917802708,0.016704569371469746,118.29397654565155,123.99592211944984
1.5376,-6.030817854169708,-4.2739411243589185,-4.272063966627852,0.001877157731066249,0.037209950033002315,-69.31375092910082,0.9971165807928934,0.016715766299710992,118.30975095274458,124.05643045005091
1.5384,-6.02802192718976,-4.274882228047196,-4.27300418943031,0.001878038616887175,0.0372427221820999,-69.30646026670759,0.997115268812368,0.016726973124213722,118.32552611237666,124.11693477733023
1.5392000000000001,-6.025228341439917,-4.2758233590915316,-4.273944441505003,0.0018789175865275424,0.03727551158931419,-69.29917284798563,0.997113955838834,0.01673818984913288,118.34130201064787,124.17743510817766
1.54,-6.022437093598008,-4.276764517451619,-4.274884722814364,0.0018797946372552028,0.03730831824810821,-69.2918886714683,0.9971126418724514,0.016749416478506855,118.35707863364756,124.23793144951051
1.5408,-6.019648180345719,-4.277705703088143,-4.2758250333217855,0.0018806697663582635,0.03734114215160389,-69.28460773568405,0.9971113269134031,0.016760653016250248,118.37285596745495,124.29842380827378
1.5416,-6.016861598368584,-4.278646915962781,-4.276765372991653,0.0018815429711277257,0.03737398329315056,-69.27733003916194,0.9971100109618911,0.016771899466168853,118.38863399813872,124.35891219143993
1.5424,-6.014077344355954,-4.279588156038193,-4.277705741789337,0.001882414248856519,0.037406841665927004,-69.27005558043327,0.99710869401814,0.016783155831943692,118.40441271175727,124.4193966060094
1.5432000000000001,-6.011295415001012,-4.2805294232780255,-4.278646139681181,0.0018832835968443263,0.03743971726305517,-69.26278435803619,0.9971073760823961,0.01679442211713343,118.4201920943586,124.47987705901029
1.544,-6.0085158070007605,-4.28147071764692,-4.279586566634516,0.0018841510124033684,0.03747261007771385,-69.25551637049992,0.9971060571549257,0.016805698325185033,118.43597213198035,124.54035355749858
1.5448,-6.005738517055999,-4.282412039110498,-4.280527022617656,0.001885016492841045,0.03750552010296815,-69.24825161636365,0.9971047372360189,0.016816984459414385,118.45175281064985,124.6008261085581
1.5455999999999999,-6.002963541871321,-4.283353387635374,-4.281467507599902,0.0018858800354734355,0.037538447331940006,-69.24099009416923,0.9971034163259855,0.016828280523024222,118.46753411638413,124.66129471930084
1.5464,-6.000190878155127,-4.284294763189152,-4.282408021551523,0.001886741637629159,0.037571391757524,-69.2337318024518,0.9971020944251585,0.016839586519089587,118.48331603518993,124.72175939686667
1.5472000000000001,-5.99742052261958,-4.285236165740421,-4.283348564443789,0.0018876012966320126,0.03760435337284207,-69.22647673975347,0.9971007715338915,0.016850902450567515,118.49909855306362,124.78222014842358
1.548,-5.994652471980619,-4.286177595258758,-4.284289136248934,0.0018884590098241195,0.037637332170788795,-69.21922490461631,0.997099447652562,0.016862228320282516,118.51488165599132,124.84267698116781
1.5488,-5.99188672295795,-4.287119051714732,-4.285229736940196,0.0018893147745360284,0.0376703281442019,-69.21197629558739,0.9970981227815672,0.01687356413094739,118.5306653299489,124.9031299023238
1.5495999999999999,-5.989123272275032,-4.2880605350799,-4.28617036649178,0.001890168588120473,0.03770334128603281,-69.20473091120914,0.997096796921328,0.016884909885141425,118.54644956090206,124.96357891914424
1.5504,-5.986362116659064,-4.28900204532681,-4.287111024878885,0.0018910204479244,0.037736371589119244,-69.1974887500347,0.9970954700722867,0.01689626558532397,118.56223433480604,125.02402403891023
1.5512000000000001,-5.983603252840993,-4.2899435824289895,-4.288051712077684,0.0018918703513063307,0.037769419046298935,-69.19024981060666,0.9970941422349091,0.01690763123382087,118.5780196376061,125.08446526893137
1.552,-5.980846677555483,-4.2908851463609645,-4.288992428065343,0.0018927182956228583,0.03780248365023908,-69.1830140914839,0.9970928134096824,0.01691900683283705,118.59380545523719,125.14490261654555
1.5528,-5.978092387540927,-4.29182673709825,-4.289933172819998,0.0018935642782527593,0.03783556539372057,-69.17578159120798,0.9970914835971165,0.016930392384448767,118.60959177362402,125.2053360891194
1.5535999999999999,-5.975340379539426,-4.292768354617349,-4.290873946320786,0.001894408296563237,0.03786866426935376,-69.16855230834096,0.9970901527977438,0.016941787890606037,118.62537857868124,125.26576569404814
1.5544,-5.972590650296782,-4.29370999889575,-4.291814748547816,0.0018952503479330695,0.03790178026991953,-69.16132624143647,0.99708882101212,0.01695319335312536,118.64116585631325,125.32619143875566
1.5552000000000001,-5.969843196562497,-4.294651669911937,-4.292755579482181,0.0018960904297545382,0.03793491338797139,-69.15410338904532,0.9970874882408232,0.016964608773696994,118.65695359241418,125.38661333069449
1.556,-5.967098015089758,-4.295593367645377,-4.293696439105966,0.0018969285394102803,0.037968063616062864,-69.14688374973294,0.9970861544844543,0.016976034153881065,118.67274177286833,125.44703137734615
1.5568,-5.964355102635427,-4.296535092076537,-4.294637327402238,0.0018977646742993296,0.0380012309468043,-69.13966732205601,0.9970848197436364,0.01698746949511145,118.6885303835496,125.5074455862209
1.5575999999999999,-5.961614455960041,-4.2974768431868675,-4.295578244355039,0.001898598831828437,0.03803441537263552,-69.13245410457459,0.997083484019017,0.016998914798682214,118.70431941032197,125.56785596485804
1.5584,-5.95887607182779,-4.298418620958807,-4.296519189949407,0.0018994310094004952,0.038067616886110045,-69.1252440958523,0.9970821473112665,0.01701037006575875,118.72010883903924,125.62826252082588
1.5592000000000001,-5.956139947006526,-4.299360425375786,-4.297460164171359,0.0019002612044270789,0.03810083547955401,-69.11803729445454,0.9970808096210783,0.017021835297374863,118.7358986555451,125.68866526172172
1.56,-5.953406078267744,-4.300302256422231,-4.298401167007897,0.0019010894143332655,0.03813407114540723,-69.11083369894581,0.9970794709491682,0.01703331049443423,118.75168884567327,125.74906419517205
1.5608,-5.9506744623865675,-4.301244114083552,-4.299342198447008,0.0019019156365431699,0.038167323876052706,-69.1036333078919,0.9970781312962769,0.01704479565769877,118.76747939524739,125.80945932883265
1.5615999999999999,-5.947945096141756,-4.3021859983461495,-4.30028325847767,0.0019027398684799417,0.03820059366381656,-69.0964361198679,0.9970767906631679,0.01705629078780172,118.78327029008096,125.86985067038839
1.5624,-5.945217976315686,-4.303127909197425,-4.301224347089835,0.001903562107590844,0.0382338805009681,-69.08924213343354,0.9970754490506281,0.01706779588524135,118.79906151597777,125.93023822755367
1.5632000000000001,-5.9424930996943495,-4.304069846625755,-4.302165464274442,0.0019043823513134957,0.038267184379719765,-69.08205134716964,0.9970741064594686,0.017079310950374633,118.8148530587313,125.99062200807215
1.564,-5.939770463067334,-4.305011810620522,-4.3031066100234225,0.0019052005970999846,0.0383005052923977,-69.07486375964265,0.997072762890524,0.017090835983428428,118.83064490412518,126.05100201971705
1.5648,-5.93705006322783,-4.305953801172089,-4.304047784329693,0.0019060168423956454,0.03833384323104383,-69.0676793694319,0.9970714183446526,0.01710237098448829,118.84643703793311,126.11137827029114
1.5655999999999999,-5.93433189697261,-4.306895818271813,-4.304988987187147,0.0019068310846651062,0.03836719818792744,-69.06049817511074,0.9970700728227373,0.01711391595350046,118.86222944591876,126.17175076762665
1.5664,-5.9316159611020245,-4.307837861912049,-4.305930218590671,0.001907643321378781,0.03840057015509046,-69.05332017525579,0.9970687263256841,0.017125470890278584,118.8780221138359,126.2321195195857
1.5672000000000001,-5.92890225242,-4.30877993208613,-4.306871478536135,0.0019084535499955106,0.03843395912457481,-69.04614536845303,0.997067378854424,0.017137035794491173,118.89381502742845,126.29248453406
1.568,-5.926190767734024,-4.309722028788397,-4.307812767020394,0.0019092617680030724,0.03846736508842241,-69.03897375327439,0.9970660304099115,0.01714861066566932,118.9096081724303,126.35284581897108
1.5688,-5.923481503855133,-4.310664152014168,-4.308754084041287,0.0019100679728815278,0.038500788038732026,-69.03180532830534,0.9970646809931263,0.017160195503202344,118.9254015345656,126.41320338227035
1.5695999999999999,-5.920774457597918,-4.311606301759764,-4.309695429597642,0.0019108721621215487,0.038534227967375045,-69.0246400921261,0.9970633306050716,0.01717179030634119,118.94119509954854,126.47355723193917
1.5704,-5.918069625780497,-4.31254847802249,-4.310636803689276,0.0019116743332128427,0.03856768486622286,-69.01747804333012,0.9970619792467759,0.017183395074189697,118.95698885308353,126.53390737598902
1.5712000000000002,-5.91536700522453,-4.313490680800644,-4.311578206316989,0.0019124744836547633,0.038601158727260554,-69.01031918049702,0.9970606269192916,0.01719500980571428,118.97278278086512,126.59425382246125
1.572,-5.912666592755195,-4.314432910093522,-4.312519637482561,0.0019132726109620977,0.03863464954235951,-69.00316350221325,0.9970592736236963,0.01720663449973572,118.98857686857801,126.65459657942742
1.5728,-5.9099683852011795,-4.3153751659014095,-4.3134610971887675,0.0019140687126419165,0.038668157303220596,-68.99601100706859,0.9970579193610923,0.017218269154928644,119.00437110189716,126.71493565498939
1.5735999999999999,-5.907272379394684,-4.316317448225579,-4.314402585439371,0.0019148627862080431,0.0387016820017152,-68.9888616936605,0.9970565641326068,0.01722991376982542,119.02016546648774,126.77527105727921
1.5744,-5.904578572171401,-4.317259757068304,-4.315344102239113,0.0019156548291916632,0.03873522362960102,-68.98171556057223,0.9970552079393917,0.017241568342813256,119.03595994800517,126.83560279445933
1.5752000000000002,-5.901886960370515,-4.318202092432846,-4.31628564759373,0.0019164448391152814,0.03876878217852209,-68.97457260640391,0.997053850782624,0.017253232872134164,119.05175453209505,126.89593087472252
1.576,-5.899197540834697,-4.319144454323461,-4.317227221509937,0.0019172328135226232,0.03880235764012241,-68.96743282974552,0.997052492663506,0.017264907355880637,119.06754920439342,126.95625530629215
1.5768,-5.89651031041009,-4.320086842745396,-4.3181688239954426,0.001918018749953557,0.03883595000615969,-68.96029622919285,0.9970511335832657,0.017276591791997562,119.08334395052647,127.01657609742209
1.5776,-5.893825265946301,-4.321029257704892,-4.31911045505894,0.0019188026459518092,0.03886955926816427,-68.95316280334747,0.9970497735431554,0.017288286178286108,119.09913875611075,127.07689325639679
1.5784,-5.891142404296393,-4.321971699209179,-4.32005211471011,0.0019195844990697877,0.03890318541772331,-68.94603255081039,0.9970484125444542,0.017299990512389184,119.11493360675316,127.1372067915315
1.5792000000000002,-5.888461722316888,-4.322914167266495,-4.320993802959624,0.0019203643068714756,0.0389368284463103,-68.9389054701764,0.9970470505884645,0.017311704791817588,119.13072848805089,127.19751671117207
1.58,-5.885783216867745,-4.323856661886053,-4.321935519819132,0.0019211420669208571,0.03897048834545558,-68.93178156004984,0.9970456876765171,0.01732342901391079,119.1465233855916,127.25782302369524
1.5808,-5.883106884812358,-4.324799183078066,-4.322877265301282,0.0019219177767828802,0.03900416510663263,-68.92466081904097,0.9970443238099668,0.01733516317587178,119.16231828495332,127.31812573750871
1.5816,-5.880432723017551,-4.325741730853748,-4.323819039419702,0.001922691434046608,0.03903785872125809,-68.91754324574235,0.9970429589901942,0.017346907274747712,119.17811317170437,127.37842486105113
1.5824,-5.877760728353559,-4.326684305225298,-4.32476084218901,0.0019234630362876006,0.03907156918069177,-68.91042883876821,0.9970415932186067,0.01735866130743184,119.19390803140358,127.43872040279213
1.5832000000000002,-5.8750908976940455,-4.327626906205909,-4.325702673624816,0.0019242325810929926,0.03910529647629346,-68.90331759672466,0.9970402264966367,0.017370425270668344,119.20970284960028,127.49901237123241
1.584,-5.872423227916058,-4.328569533809775,-4.326644533743712,0.0019250000660614944,0.039139040599366126,-68.89620951822523,0.9970388588257432,0.017382199161044585,119.22549761183417,127.55930077490392
1.5848,-5.869757715900051,-4.3295121880520835,-4.327586422563282,0.0019257654888014623,0.039172801541269564,-68.88910460186963,0.9970374902074111,0.01739398297499547,119.24129230363549,127.61958562236984
1.5856,-5.867094358529869,-4.330454868949,-4.328528340102094,0.0019265288469067843,0.0392065792931362,-68.88200284628115,0.9970361206431526,0.017405776708795208,119.25708691052492,127.67986692222462
1.5864,-5.864433152692728,-4.3313975765177055,-4.329470286379713,0.00192729013799257,0.03924037384615531,-68.87490425007071,0.9970347501345045,0.01741758035857136,119.27288141801384,127.74014468309421
1.5872000000000002,-5.861774095279221,-4.332340310776368,-4.330412261416681,0.0019280493596864684,0.03927418519162984,-68.86780881184802,0.9970333786830317,0.01742939392028691,119.28867581160394,127.80041891363582
1.588,-5.859117183183315,-4.333283071744144,-4.331354265234537,0.0019288065096074473,0.03930801332063538,-68.86071653023181,0.9970320062903243,0.017441217389754807,119.30447007678764,127.86068962253836
1.5888,-5.85646241330232,-4.334225859441196,-4.332296297855807,0.0019295615853889448,0.03934185822424752,-68.85362740384062,0.9970306329579995,0.01745305076262679,119.32026419904781,127.92095681852216
1.5896,-5.853809782536907,-4.335168673888669,-4.333238359304002,0.001930314584666328,0.03937571989354183,-68.84654143129455,0.9970292586877023,0.017464894034392466,119.33605816385813,127.9812205103394
1.5904,-5.851159287791078,-4.336111515108709,-4.3341804496036245,0.0019310655050846096,0.039409598319537054,-68.83945861121147,0.9970278834811035,0.017476747200383627,119.35185195668262,128.0414807067739
1.5912000000000002,-5.84851092597218,-4.3370543831244595,-4.335122568780168,0.0019318143442916976,0.039443493493251935,-68.83237894221742,0.9970265073399005,0.017488610255777175,119.3676455629763,128.10173741664133
1.592,-5.845864693990887,-4.33799727796006,-4.336064716860113,0.0019325610999470747,0.039477405405591526,-68.82530242292935,0.997025130265818,0.017500483195587356,119.38343896818448,128.16199064878907
1.5928,-5.843220588761181,-4.338940199640634,-4.337006893870932,0.0019333057697025072,0.039511334047574564,-68.81822905198041,0.9970237522606085,0.01751236601466239,119.39923215774351,128.22224041209668
1.5936,-5.840578607200367,-4.3398831481923175,-4.337949099841079,0.0019340483512396648,0.03954527940999242,-68.81115882798552,0.9970223733260506,0.01752425870769461,119.41502511708019,128.28248671547564
1.5944,-5.837938746229052,-4.340826123642226,-4.338891334800007,0.0019347888422199607,0.039579241483693295,-68.8040917495829,0.9970209934639512,0.017536161269208376,119.43081783161219,128.3427295678695
1.5952000000000002,-5.835301002771138,-4.341769126018481,-4.33983359877815,0.0019355272403308525,0.03961322025963909,-68.79702781539395,0.9970196126761443,0.017548073693565883,119.44661028674784,128.40296897825397
1.596,-5.832665373753816,-4.3427121553501955,-4.340775891806942,0.0019362635432540105,0.03964721572845065,-68.78996702405216,0.9970182309644909,0.017559995974966172,119.4624024678863,128.46320495563702
1.5968,-5.830031856107563,-4.343655211667477,-4.341718213918795,0.0019369977486826807,0.03968122788091932,-68.7829093741891,0.9970168483308801,0.017571928107443693,119.47819436041759,128.52343750905894
1.5976,-5.82740044676612,-4.344598295001437,-4.342660565147121,0.0019377298543158971,0.039715256707779645,-68.77585486443807,0.9970154647772285,0.017583870084866355,119.4939859497224,128.58366664759237
1.5984,-5.824771142666506,-4.345541405384173,-4.343602945526317,0.0019384598578555887,0.03974930219970929,-68.76880349343364,0.9970140803054802,0.017595821900934085,119.50977722117238,128.64389238034235
1.5992000000000002,-5.822143940748997,-4.346484542848785,-4.344545355091769,0.0019391877570162227,0.039783364347272254,-68.76175525980955,0.9970126949176079,0.017607783549182195,119.52556816012999,128.7041147164465
1.6,-5.819518837957118,-4.347427707429369,-4.345487793879856,0.0019399135495122683,0.039817443141146214,-68.7547101622027,0.9970113086156114,0.017619755022977527,119.54135875194864,128.76433366507513
1.6008,-5.816895831237641,-4.3483708991610115,-4.346430261927946,0.0019406372330659119,0.039851538571952005,-68.74766819925314,0.9970099214015191,0.017631736315516976,119.55714898197255,128.82454923543108
1.6016,-5.814274917540572,-4.349314118079805,-4.347372759274399,0.0019413588054070557,0.03988565063002625,-68.74062936960334,0.9970085332773874,0.017643727419829447,119.57293883553687,128.88476143674987
1.6024,-5.811656093819152,-4.350257364222833,-4.348315285958564,0.0019420782642694627,0.039919779306103464,-68.73359367188947,0.9970071442453007,0.01765572832877439,119.58872829796785,128.94497027830002
1.6032000000000002,-5.809039357029839,-4.351200637628179,-4.349257842020778,0.001942795607400399,0.03995392459052027,-68.72656110475374,0.997005754307372,0.01766773903503888,119.60451735458255,129.00517576938284
1.604,-5.8064247041323105,-4.352143938334917,-4.350200427502379,0.0019435108325374865,0.03998808647372698,-68.71953166684801,0.9970043634657428,0.017679759531138605,119.62030599068912,129.06537791933258
1.6048,-5.803812132089447,-4.353087266383125,-4.351143042445681,0.0019442239374434258,0.040022264946060204,-68.71250535680845,0.9970029717225835,0.017691789809415912,119.6360941915867,129.12557673751655
1.6056,-5.801201637867339,-4.354030621813877,-4.352085686894002,0.0019449349198751315,0.040056459998027094,-68.70548217328607,0.9970015790800912,0.017703829862047563,119.65188194256552,129.18577223333517
1.6064,-5.798593218435263,-4.35497400466924,-4.353028360891639,0.0019456437776001288,0.04009067161979374,-68.69846211492788,0.9970001855404949,0.01771587968102293,119.66766922890677,129.24596441622197
1.6072000000000002,-5.795986870765676,-4.355917414992284,-4.353971064483898,0.001946350508385943,0.040124899801696756,-68.69144518038647,0.996998791106049,0.01772793925817305,119.68345603588288,129.30615329564387
1.608,-5.793382591834225,-4.356860852827072,-4.354913797717056,0.0019470551100174635,0.04015914453401592,-68.68443136830699,0.9969973957790397,0.017740008585140122,119.69924234875732,129.36633888110094
1.6088,-5.790780378619729,-4.357804318218668,-4.355856560638395,0.0019477575802728277,0.04019340580697417,-68.67742067734974,0.9969959995617802,0.017752087653398328,119.71502815278467,129.4265211821268
1.6096,-5.788180228104158,-4.358747811213133,-4.356799353296184,0.0019484579169494647,0.040227683610737586,-68.6704131061605,0.9969946024566139,0.0177641764542422,119.73081343321077,129.4867002082885
1.6104,-5.785582137272653,-4.359691331857525,-4.357742175739682,0.0019491561178419112,0.040261977935415416,-68.66340865340064,0.9969932044659129,0.01777627497879,119.74659817527257,129.54687596918663
1.6112000000000002,-5.782986103113493,-4.360634880199905,-4.358685028019148,0.001949852180756279,0.04029628877117375,-68.65640731771926,0.9969918055920783,0.01778838321798326,119.76238236419825,129.60704847445538
1.612,-5.780392122618116,-4.361578456289324,-4.359627910185818,0.001950546103505433,0.04033061610812183,-68.64940909777732,0.9969904058375413,0.017800501162583367,119.77816598520734,129.66721773376264
1.6128,-5.7778001927810765,-4.362522060175832,-4.360570822291934,0.001951237883897416,0.040364959936198375,-68.6424139922359,0.9969890052047627,0.017812628803166728,119.79394902351031,129.72738375681004
1.6136,-5.7752103106000705,-4.363465691910483,-4.361513764390724,0.001951927519760527,0.04039932024551263,-68.63542199975424,0.996987603696232,0.017824766130138798,119.80973146430942,129.78754655333321
1.6144,-5.7726224730759155,-4.364409351545332,-4.362456736536409,0.0019526150089230658,0.0404336970260033,-68.62843311899236,0.9969862013144682,0.017836913133721995,119.82551329279778,129.8477061331015
1.6152000000000002,-5.770036677212533,-4.365353039133424,-4.3633997387842,0.0019533003492229794,0.04046809026755227,-68.6214473486133,0.9969847980620216,0.01784906980395034,119.84129449416015,129.90786250591842
1.616,-5.76745292001696,-4.366296754728804,-4.364342771190306,0.001953983538498215,0.04050249996015509,-68.6144646872828,0.996983393941471,0.01786123613068111,119.85707505357242,129.96801568162138
1.6168,-5.764871198499337,-4.367240498386521,-4.365285833811926,0.001954664574595401,0.040536926093636794,-68.60748513366826,0.9969819889554252,0.017873412103588993,119.87285495620218,130.02816567008213
1.6176,-5.7622915096728855,-4.368184270162621,-4.366228926707249,0.0019553434553717776,0.040571368657822404,-68.60050868643461,0.9969805831065239,0.017885597712159813,119.8886341872081,130.0883124812065
1.6184,-5.759713850553924,-4.369128070114146,-4.367172049935459,0.00195602017868748,0.040605827642593795,-68.59353534425095,0.9969791763974363,0.01789779294569875,119.9044127317405,130.14845612493465
1.6192000000000002,-5.757138218161844,-4.370071898299145,-4.368115203556733,0.001956694742412289,0.04064030303760546,-68.58656510578611,0.9969777688308619,0.017909997793324035,119.92019057494117,130.20859661124123
1.62,-5.754564609519112,-4.371015754776655,-4.369058387632239,0.001957367144415986,0.040674794832625594,-68.57959796971353,0.9969763604095307,0.017922212243965997,119.93596770194327,130.26873395013513
1.6208,-5.751993021651259,-4.371959639606726,-4.370001602224139,0.0019580373825866804,0.04070930301736553,-68.57263393470048,0.9969749511362027,0.017934436286373822,119.95174409787158,130.32886815165986
1.6216,-5.749423451586871,-4.372903552850391,-4.370944847395597,0.001958705454794156,0.04074382758147976,-68.56567299942785,0.9969735410136691,0.017946669909101518,119.96751974784245,130.38899922589363
1.6224,-5.7468558963575935,-4.3738474945696995,-4.37188812321075,0.0019593713589487094,0.040778368514565955,-68.55871516256722,0.9969721300447514,0.017958913100518076,119.98329463696375,130.4491271829492
1.6232,-5.744290352998105,-4.374791464827691,-4.3728314297347515,0.001960035092940381,0.04081292580633544,-68.5517604227935,0.9969707182323013,0.01797116584880505,119.99906875033494,130.50925203297416
1.624,-5.741726818546128,-4.37573546368841,-4.3737747670337335,0.0019606966546765743,0.04084749944615851,-68.54480877878623,0.9969693055792019,0.017983428141952678,120.01484207304725,130.56937378615086
1.6248,-5.739165290042415,-4.376679491216892,-4.374718135174824,0.0019613560420685535,0.04088208942374649,-68.53786022922813,0.996967892088368,0.017995699967753583,120.03061459018332,130.62949245269655
1.6256,-5.736605764530741,-4.377623547479186,-4.375661534226147,0.0019620132530391568,0.040916695728469676,-68.53091477279355,0.9969664777627436,0.0180079813138202,120.04638628681775,130.68960804286363
1.6264,-5.734048239057897,-4.378567632542331,-4.376604964256828,0.0019626682855035074,0.04095131834981203,-68.5239724081688,0.9969650626053046,0.018020272167569292,120.06215714801672,130.74972056693935
1.6272,-5.731492710673685,-4.37951174647437,-4.377548425336963,0.0019633211374066313,0.04098595727725751,-68.51703313403432,0.996963646619059,0.01803257251621563,120.07792715883816,130.80983003524625
1.6280000000000001,-5.728939176430909,-4.380455889344351,-4.378491917537669,0.0019639718066810155,0.04102061250011957,-68.51009694907546,0.9969622298070446,0.018044882346792832,120.09369630433167,130.86993645814192
1.6288,-5.726387633385372,-4.38140006122231,-4.379435440931047,0.0019646202912630057,0.041055284007711634,-68.50316385197993,0.9969608121723312,0.01805720164613543,120.10946456953893,130.93003984601947
1.6296,-5.7238380785958585,-4.382344262179298,-4.380378995590183,0.001965266589114028,0.04108997178946083,-68.49623384143355,0.9969593937180212,0.018069530400874514,120.12523193949316,130.9901402093072
1.6304,-5.721290509124145,-4.383288492287363,-4.381322581589172,0.0019659106981897226,0.041124675834566915,-68.4893069161236,0.9969579744472463,0.018081868597460013,120.14099839921963,131.05023755846895
1.6312,-5.718744922034977,-4.3842327516195425,-4.382266199003099,0.0019665526164437995,0.04115939613234332,-68.48238307474395,0.996956554363172,0.018094216222131615,120.15676393373532,131.110331904004
1.6320000000000001,-5.716201314396077,-4.3851770402498955,-4.383209847908034,0.001967192341860838,0.04119413267198979,-68.47546231598324,0.996955133468994,0.01810657326094058,120.17252852804938,131.17042325644735
1.6328,-5.713659683278115,-4.386121358253465,-4.384153528381053,0.001967829872411912,0.0412288854425924,-68.46854463853346,0.9969537117679415,0.01811893969973083,120.18829216716261,131.2305116263696
1.6336,-5.711120025754734,-4.387065705706306,-4.385097240500225,0.0019684652060816027,0.04126365443346458,-68.46163004108757,0.9969522892632736,0.018131315524158816,120.20405483606801,131.29059702437718
1.6344,-5.70858233890251,-4.388010082685467,-4.386040984344611,0.0019690983408564198,0.04129843963357871,-68.45471852234473,0.9969508659582835,0.018143700719669784,120.21981651975047,131.35067946111226
1.6352,-5.706046619800974,-4.388954489269005,-4.386984759994267,0.0019697292747373426,0.041333241032077694,-68.44781008099764,0.9969494418562954,0.018156095271514225,120.23557720318695,131.41075894725296
1.6360000000000001,-5.7035128655325895,-4.389898925535972,-4.38792856753025,0.0019703580057214938,0.041368058617990755,-68.44090471574853,0.9969480169606656,0.01816849916474256,120.25133687134648,131.47083549351348
1.6368,-5.700981073182737,-4.390843391566431,-4.388872407034603,0.0019709845318281816,0.04140289238034711,-68.4340024252907,0.9969465912747839,0.018180912384194958,120.2670955091902,131.53090911064402
1.6376,-5.698451239839734,-4.391787887441437,-4.389816278590373,0.0019716088510641754,0.041437742308175984,-68.42710320833051,0.9969451648020713,0.018193334914518286,120.28285310167131,131.59097980943093
1.6384,-5.695923362594808,-4.392732413243055,-4.390760182281595,0.0019722309614603603,0.04147260839027922,-68.42020706356648,0.9969437375459822,0.018205766740149152,120.29860963373518,131.65104760069684
1.6392,-5.693397438542095,-4.393676969054347,-4.3917041181933065,0.001972850861040871,0.04150749061568604,-68.41331398970229,0.9969423095100032,0.018218207845321664,120.31436509031947,131.71111249530068
1.6400000000000001,-5.690873464778634,-4.394621554959381,-4.3926480864115405,0.0019734685478404517,0.041542388973198285,-68.40642398544405,0.9969408806976534,0.01823065821406643,120.33011945635394,131.7711745041377
1.6408,-5.6883514384043545,-4.395566171043226,-4.393592087023314,0.001974084019911211,0.04157730345167465,-68.39953704949535,0.9969394511124857,0.018243117830203333,120.34587271676064,131.8312336381398
1.6416,-5.685831356522083,-4.396510817391953,-4.394536120116659,0.0019746972752936846,0.041612234039916984,-68.39265318056597,0.9969380207580847,0.018255586677351165,120.36162485645391,131.8912899082752
1.6424,-5.683313216237524,-4.397455494092638,-4.395480185780591,0.0019753083120467333,0.04164718072678397,-68.38577237736212,0.9969365896380689,0.018268064738917015,120.37737586034042,131.95134332554898
1.6432,-5.680797014659263,-4.3984002012333505,-4.39642428410512,0.0019759171282301867,0.04168214350090693,-68.3788946385951,0.9969351577560899,0.018280551998098162,120.39312571331908,132.0113939010027
1.6440000000000001,-5.678282748898748,-4.399344938903182,-4.397368415181261,0.0019765237219212346,0.04171712235108771,-68.37201996297479,0.9969337251158321,0.01829304843788647,120.4088744002813,132.07144164571494
1.6448,-5.675770416070293,-4.400289707192207,-4.398312579101018,0.0019771280911893532,0.041752117265843935,-68.36514834921422,0.9969322917210135,0.018305554041062534,120.42462190611081,132.13148657080097
1.6456,-5.673260013291069,-4.401234506191519,-4.399256775957396,0.001977730234122346,0.041787128233977455,-68.35827979602495,0.9969308575753852,0.01831806879019571,120.44036821568388,132.19152868741315
1.6464,-5.6707515376810935,-4.402179335993199,-4.400201005844399,0.001978330148799337,0.04182215524406274,-68.35141430213118,0.9969294226827325,0.01833059266764216,120.45611331386907,132.2515680067408
1.6472,-5.668244986363237,-4.403124196690346,-4.401145268857018,0.001978927833327422,0.04185719828456058,-68.34455186623701,0.9969279870468737,0.018343125655548718,120.47185718552768,132.3116045400103
1.6480000000000001,-5.665740356463198,-4.4040690883770575,-4.402089565091252,0.001979523285805983,0.04189225734410229,-68.3376924870678,0.9969265506716602,0.018355667735851434,120.48759981551346,132.37163829848546
1.6488,-5.663237645109508,-4.4050140111484275,-4.4030338946440875,0.00198011650434019,0.0419273324112055,-68.33083616334306,0.9969251135609791,0.01836821889026107,120.50334118867258,132.43166929346702
1.6496,-5.660736849433523,-4.405958965100567,-4.403978257613514,0.001980707487052576,0.041962423474274146,-68.32398289377916,0.9969236757187498,0.01838077910028581,120.51908128984395,132.49169753629334
1.6503999999999999,-5.658237966569421,-4.406903950330582,-4.4049226540985185,0.0019812962320637463,0.041997530521825865,-68.31713267709965,0.9969222371489259,0.01839334834721435,120.53482010385922,132.55172303834019
1.6512,-5.65574099365418,-4.407848966936585,-4.405867084199081,0.0019818827375029883,0.04203265354215091,-68.31028551202822,0.996920797855496,0.018405926612114418,120.5505576155425,132.61174581102074
1.6520000000000001,-5.6532459278276,-4.408794015017689,-4.40681154801618,0.0019824670015082713,0.04206779252376691,-68.3034413972893,0.996919357842482,0.018418513875842944,120.56629380971077,132.6717658657858
1.6528,-5.6507527662322605,-4.409739094674015,-4.4077560456518015,0.001983049022214672,0.04210294745485044,-68.29660033160788,0.9969179171139402,0.01843111011903735,120.5820286711736,132.73178321412405
1.6536,-5.648261506013553,-4.410684206006695,-4.408700577208908,0.0019836287977871704,0.04213811832380543,-68.28976231371101,0.9969164756739615,0.018443715322113596,120.5977621847335,132.79179786756166
1.6543999999999999,-5.645772144319643,-4.411629349117851,-4.409645142791476,0.0019842063263743495,0.042173305118922144,-68.28292734232531,0.9969150335266713,0.01845632946527151,120.61349433518565,132.85180983766278
1.6552,-5.643284678301476,-4.412574524110619,-4.410589742504482,0.001984781606136368,0.04220850782837715,-68.27609541618487,0.9969135906762293,0.018468952528489457,120.62922510731815,132.91181913602944
1.6560000000000001,-5.640799105112774,-4.41351973108914,-4.411534376453892,0.0019853546352488188,0.04224372644034702,-68.26926653401854,0.9969121471268305,0.01848158449152288,120.64495448591197,132.97182577430186
1.6568,-5.638315421910028,-4.414464970158553,-4.412479044746668,0.001985925411885368,0.042278960943008315,-68.26244069455632,0.9969107028827041,0.01849422533390721,120.66068245574094,133.0318297641581
1.6576,-5.635833625852488,-4.415410241425015,-4.4134237474907785,0.001986493934237044,0.04231421132459445,-68.2556178965343,0.996909257948114,0.018506875034956405,120.676409001572,133.0918311173146
1.6583999999999999,-5.633353714102157,-4.416355544995671,-4.414368484795187,0.0019870602004852297,0.04234947757311147,-68.24879813868772,0.9969078123273596,0.018519533573759548,120.69213410816478,133.15182984552587
1.6592,-5.630875683823788,-4.417300880978685,-4.415313256769854,0.001987624208831567,0.042384759676679096,-68.2419814197516,0.9969063660247757,0.018532200929177463,120.70785776027222,133.211825960585
1.6600000000000001,-5.628399532184876,-4.4182462494832215,-4.416258063525737,0.00198818595748445,0.042420057623303364,-68.23516773846202,0.9969049190447312,0.01854487707985095,120.72357994264019,133.2718194743233
1.6608,-5.625925256355654,-4.419191650619448,-4.4172029051748005,0.0019887454446474513,0.042455371400990316,-68.22835709356423,0.9969034713916305,0.018557562004197857,120.73930064000764,133.33181039861068
1.6616,-5.623452853509084,-4.42013708449854,-4.418147781829997,0.0019893026685434355,0.04249070099774599,-68.22154948379165,0.9969020230699146,0.01857025568040002,120.75501983710669,133.39179874535566
1.6623999999999999,-5.620982320820852,-4.421082551232683,-4.419092693605284,0.0019898576273991277,0.042526046401462736,-68.21474490788766,0.9969005740840579,0.01858295808642165,120.77073751866264,133.45178452650535
1.6632,-5.618513655469359,-4.42202805093506,-4.4200376406156145,0.0019904103194441467,0.04256140760003291,-68.20794336459562,0.9968991244385724,0.018595669199988025,120.78645366939385,133.5117677540457
1.6640000000000001,-5.616046854635719,-4.422973583719868,-4.420982622976948,0.0019909607429196875,0.0425967845814057,-68.20114485265916,0.9968976741380045,0.01860838899860534,120.80216827401217,133.5717484400016
1.6648,-5.613581915503754,-4.423919149702298,-4.4219276408062305,0.0019915088960669475,0.042632177333302934,-68.1943493708253,0.9968962231869369,0.018621117459541342,120.81788131722254,133.63172659643658
1.6656,-5.611118835259983,-4.424864748998564,-4.422872694221422,0.0019920547771425574,0.04266758584361696,-68.18755691783936,0.9968947715899873,0.0186338545598437,120.83359278372326,133.6917022354534
1.6663999999999999,-5.608657611093618,-4.425810381725877,-4.42381778334147,0.001992598384407007,0.042703010100069605,-68.18076749244761,0.9968933193518101,0.018646600276319227,120.84930265820599,133.75167536919398
1.6672,-5.606198240196555,-4.426756048002448,-4.424762908286332,0.00199313971611693,0.04273845009043953,-68.17398109340745,0.996891866477096,0.018659354585543995,120.86501092535576,133.8116460098392
1.6680000000000001,-5.603740719763381,-4.427701747947511,-4.425708069176949,0.0019936787705617564,0.04277390580239171,-68.16719771945839,0.9968904129705713,0.018672117463862384,120.88071756985106,133.8716141696094
1.6688,-5.601285046991345,-4.428647481681292,-4.42665326613528,0.001994215546011625,0.04280937722364797,-68.1604173693603,0.9968889588369985,0.018684888887387095,120.89642257636382,133.93157986076412
1.6696,-5.598831219080374,-4.429593249325028,-4.427598499284272,0.0019947500407559685,0.04284486434181645,-68.15364004186351,0.9968875040811769,0.01869766883198991,120.91212592955956,133.99154309560245
1.6703999999999999,-5.596379233233061,-4.430539051000968,-4.428543768747877,0.0019952822530909724,0.04288036714444843,-68.14686573572088,0.9968860487079414,0.018710457273314794,120.92782761409715,134.05150388646288
1.6712,-5.593929086654638,-4.43148488683236,-4.429489074651049,0.0019958121813108943,0.04291588561926574,-68.14009444969398,0.9968845927221643,0.018723254186762864,120.94352761462925,134.11146224572366
1.6720000000000002,-5.591480776553015,-4.432430756943467,-4.430434417119732,0.0019963398237350712,0.042951419753649134,-68.13332618253338,0.9968831361287542,0.018736059547500614,120.959225915802,134.17141818580262
1.6728,-5.589034300138723,-4.433376661459552,-4.431379796280882,0.0019968651786703034,0.042986969535206754,-68.12656093300521,0.9968816789326564,0.018748873330455565,120.9749225022553,134.23137171915735
1.6736,-5.586589654624943,-4.434322600506896,-4.432325212262452,0.001997388244443647,0.0430225349513762,-68.11979869986419,0.9968802211388526,0.0187616955103211,120.99061735862269,134.29132285828547
1.6743999999999999,-5.584146837227488,-4.435268574212772,-4.433270665193389,0.0019979090193831244,0.043058115989651924,-68.11303948186948,0.9968787627523621,0.018774526061542403,121.00631046953147,134.35127161572433
1.6752,-5.581705845164797,-4.436214582705473,-4.434216155203651,0.0019984275018215822,0.043093712637300996,-68.1062832777892,0.996877303778241,0.018787364958330045,121.02200181960274,134.41121800405142
1.6760000000000002,-5.5792666756579345,-4.437160626114294,-4.435161682424188,0.001998943690106337,0.04312932488187471,-68.0995300863847,0.9968758442215825,0.018800212174652185,121.03769139345142,134.47116203588433
1.6768,-5.576829325930575,-4.438106704569543,-4.436107246986954,0.0019994575825885656,0.043164952710640137,-68.09277990642099,0.9968743840875166,0.018813067684234616,121.05337917568627,134.53110372388093
1.6776,-5.574393793209004,-4.43905281820253,-4.437052849024903,0.00199996917762716,0.04320059611086435,-68.08603273666438,0.9968729233812115,0.01882593146055879,121.06906515090992,134.59104308073924
1.6784,-5.571960074722111,-4.439998967145576,-4.437998488671997,0.002000478473579087,0.04323625506992812,-68.07928857588205,0.9968714621078716,0.018838803476865704,121.08474930371902,134.65098011919778
1.6792,-5.569528167701381,-4.440945151532015,-4.438944166063194,0.0020009854688206054,0.043271929574984824,-68.07254742284573,0.9968700002727393,0.01885168370615201,121.10043161870418,134.71091485203547
1.6800000000000002,-5.567098069380898,-4.441891371496174,-4.439889881334444,0.0020014901617299036,0.04330761961330154,-68.06580927632568,0.9968685378810959,0.018864572121159367,121.11611208045007,134.77084729207183
1.6808,-5.564669776997327,-4.442837627173409,-4.440835634622714,0.0020019925506948185,0.0433433251720885,-68.05907413508939,0.9968670749382578,0.018877468694399137,121.13179067353525,134.8307774521669
1.6816,-5.5622432877899115,-4.443783918700071,-4.441781426065964,0.0020024926341080103,0.04337904623844224,-68.05234199791327,0.9968656114495813,0.01889037339812137,121.14746738253262,134.89070534522156
1.6824,-5.559818599000476,-4.444730246213526,-4.442727255803157,0.002002990410368892,0.04341478279945932,-68.04561286356937,0.9968641474204594,0.018903286204339034,121.16314219200916,134.95063098417754
1.6832,-5.557395707873404,-4.445676609852141,-4.443673123974258,0.002003485877882666,0.043450534842236266,-68.03888673083617,0.9968626828563245,0.018916207084803786,121.17881508652601,135.01055438201738
1.6840000000000002,-5.554974611655652,-4.4466230097553,-4.444619030720237,0.0020039790350622525,0.04348630235386963,-68.03216359849068,0.996861217762645,0.018929136011033576,121.19448605063864,135.07047555176464
1.6848,-5.552555307596728,-4.44756944606339,-4.445564976183055,0.0020044698803350415,0.043522085321342274,-68.02544346530742,0.9968597521449296,0.018942072954280673,121.2101550688966,135.13039450648387
1.6856,-5.550137792948694,-4.448515918917819,-4.446510960505689,0.0020049584121284245,0.04355788373163705,-68.01872633006793,0.9968582860087236,0.018955017885557333,121.22582212584393,135.19031125928095
1.6864,-5.547722064966159,-4.449462428460984,-4.447456983832112,0.0020054446288707587,0.043593697571793655,-68.01201219155782,0.9968568193596115,0.018967970775619337,121.24148720601907,135.25022582330283
1.6872,-5.545308120906265,-4.4504089748363125,-4.4484030463072965,0.002005928529015482,0.04362952682862442,-68.00530104855069,0.9968553522032162,0.01898093159496839,121.25715029395474,135.31013821173798
1.6880000000000002,-5.542895958028698,-4.451355558188228,-4.4493491480772205,0.002006410111007351,0.04366537148905536,-67.99859289983465,0.9968538845451991,0.01899390031385407,121.27281137417825,135.37004843781625
1.6888,-5.5404855735956655,-4.452302178662167,-4.450295289288866,0.0020068893733007722,0.043701231540012486,-67.99188774419467,0.99685241639126,0.019006876902272367,121.28847043121128,135.42995651480882
1.6896,-5.538076964871906,-4.453248836404581,-4.451241470090216,0.002007366314364619,0.04373710696819444,-67.98518558041681,0.9968509477471377,0.01901986132996373,121.30412744957015,135.48986245602867
1.6904,-5.535670129124667,-4.454195531562924,-4.452187690630253,0.0020078409326706615,0.04377299776052723,-67.97848640728655,0.9968494786186095,0.01903285356641211,121.31978241376571,135.5497662748304
1.6912,-5.533265063623708,-4.455142264285661,-4.4531339510589705,0.0020083132266906704,0.04380890390365266,-67.97179022359812,0.9968480090114927,0.019045853580840592,121.33543530830346,135.60966798461047
1.6920000000000002,-5.530861765641303,-4.456089034722275,-4.454080251527352,0.0020087831949234273,0.0438448253844399,-67.96509702813451,0.9968465389316425,0.019058861342220103,121.35108611768365,135.6695675988071
1.6928,-5.5284602324522245,-4.457035843023249,-4.455026592187402,0.0020092508358464925,0.043880762189417055,-67.95840681969283,0.9968450683849532,0.0190718768192636,121.36673482640116,135.72946513090056
1.6936,-5.526060461333731,-4.457982689340086,-4.455972973192104,0.0020097161479817995,0.043916714305396454,-67.95171959705615,0.99684359737736,0.019084899980413468,121.3823814189456,135.789360594413
1.6944,-5.523662449565581,-4.458929573825289,-4.456919394695472,0.0020101791298165585,0.04395268171896305,-67.94503535903188,0.9968421259148346,0.019097930793869625,121.39802587980161,135.84925400290905
1.6952,-5.521266194430014,-4.459876496632381,-4.4578658568525045,0.0020106397798765625,0.043988664416701795,-67.93835410440666,0.9968406540033906,0.01911096922755558,121.41366819344847,135.90914536999512
1.6960000000000002,-5.518871693211742,-4.460823457915889,-4.45881235981921,0.0020110980966789272,0.044024662385197644,-67.93167583197983,0.9968391816490803,0.019124015249138815,121.42930834436046,135.96903470932034
1.6968,-5.516478943197959,-4.4617704578313555,-4.459758903752597,0.0020115540787571653,0.044060675610978706,-67.92500054054912,0.9968377088579954,0.019137068826022986,121.44494631700677,136.02892203457594
1.6976,-5.514087941678325,-4.462717496535334,-4.460705488810683,0.0020120077246496143,0.04409670408057309,-67.91832822891267,0.9968362356362672,0.019150129925351343,121.4605820958517,136.08880735949586
1.6984,-5.511698685944952,-4.463664574185383,-4.461652115152487,0.002012459032897508,0.044132747780452064,-67.91165889587185,0.9968347619900677,0.019163198513996057,121.47621566535446,136.14869069785652
1.6992,-5.509311173292421,-4.464611690940084,-4.462598782938031,0.0020129080020546194,0.04416880669703005,-67.90499254022839,0.9968332879256073,0.019176274558572737,121.49184700996949,136.2085720634771
1.7000000000000002,-5.506925401017756,-4.465558846959018,-4.46354549232834,0.0020133546306776175,0.044204880816778314,-67.89832916078427,0.9968318134491381,0.019189358025421557,121.50747611414627,136.2684514702194
1.7008,-5.504541366420432,-4.466506042402779,-4.464492243485449,0.002013798917329925,0.04424097012599759,-67.8916687563464,0.9968303385669512,0.019202448880619824,121.52310296232946,136.3283289319882
1.7016,-5.502159066802362,-4.467453277432981,-4.46543903657239,0.002014240860591363,0.04427707461110231,-67.88501132571892,0.9968288632853777,0.019215547089981987,121.53872753895911,136.38820446273127
1.7024,-5.4997784994678875,-4.468400552212243,-4.466385871753205,0.002014680459038861,0.04431319425833635,-67.87835686771021,0.9968273876107899,0.019228652619044127,121.55434982847044,136.44807807643923
1.7032,-5.49739966172379,-4.469347866904198,-4.467332749192932,0.0020151177112657476,0.04434932905405731,-67.87170538112537,0.9968259115496003,0.01924176543307752,121.56996981529394,136.507949787146
1.7040000000000002,-5.495022550879266,-4.470295221673487,-4.468279669057625,0.002015552615861494,0.044385478984509064,-67.86505686477949,0.9968244351082616,0.019254885497082805,121.58558748385566,136.56781960892872
1.7048,-5.492647164245941,-4.47124261668577,-4.469226631514337,0.0020159851714339,0.04442164403587867,-67.85841131747794,0.9968229582932665,0.01926801277579194,121.601202818577,136.62768755590767
1.7056,-5.490273499137839,-4.472190052107716,-4.470173636731125,0.002016415376590768,0.04445782419441002,-67.85176873803802,0.9968214811111493,0.01928114723366188,121.61681580387479,136.68755364224677
1.7064,-5.487901552871408,-4.473137528107003,-4.471120684877051,0.002016843229952439,0.044494019446233324,-67.84512912526738,0.9968200035684847,0.01929428883487653,121.63242642416148,136.74741788215323
1.7072,-5.485531322765485,-4.474085044852322,-4.472067776122184,0.0020172687301382927,0.04453022977742194,-67.83849247798852,0.9968185256718884,0.019307437543344776,121.64803466384511,136.80728028987798
1.7080000000000002,-5.483162806141309,-4.475032602513387,-4.473014910637599,0.0020176918757879663,0.04456645517416291,-67.83185879501278,0.996817047428017,0.01932059332270583,121.66364050732929,136.8671408797156
1.7088,-5.480796000322513,-4.475980201260913,-4.473962088595371,0.0020181126655420614,0.04460269562241592,-67.82522807515687,0.9968155688435678,0.01933375613631906,121.67924393901326,136.92699966600438
1.7096,-5.47843090263512,-4.476927841266629,-4.474909310168588,0.0020185310980411833,0.04463895110836802,-67.81860031724288,0.9968140899252795,0.019346925947269764,121.69484494329222,136.98685666312653
1.7104,-5.476067510407524,-4.477875522703279,-4.475856575531337,0.0020189471719423355,0.04467522161786519,-67.8119755200905,0.9968126106799324,0.019360102718363872,121.71044350455696,137.04671188550822
1.7112,-5.4737058209705,-4.478823245744624,-4.476803884858708,0.0020193608859160263,0.0447115071369808,-67.80535368251863,0.9968111311143477,0.019373286412129858,121.72603960719415,137.1065653476197
1.7120000000000002,-5.471345831657199,-4.479771010565436,-4.477751238326813,0.002019772238623121,0.044747807651560834,-67.79873480335213,0.9968096512353877,0.019386476990823596,121.74163323558643,137.16641706397525
1.7128,-5.468987539803126,-4.480718817341499,-4.4786986361127505,0.0020201812287485997,0.04478412314762181,-67.7921188814135,0.996808171049957,0.019399674416410412,121.7572243741123,137.22626704913347
1.7136,-5.466630942746162,-4.4816666662496,-4.479646078394633,0.002020587854966835,0.044820453611009725,-67.78550591553221,0.9968066905650019,0.019412878650579148,121.77281300714618,137.28611531769712
1.7144,-5.464276037826531,-4.48261455746756,-4.480593565351583,0.002020992115976314,0.04485679902745687,-67.77889590453219,0.9968052097875094,0.019426089654742622,121.78839911905881,137.34596188431382
1.7152,-5.46192282238681,-4.483562491174201,-4.481541097163721,0.002021394010480349,0.04489315938292293,-67.7722888472407,0.9968037287245091,0.019439307390025532,121.80398269421669,137.40580676367512
1.7160000000000002,-5.459571293771923,-4.484510467549364,-4.482488674012179,0.002021793537185147,0.0449295346631402,-67.76568474248747,0.9968022473830722,0.019452531817271697,121.81956371698277,137.4656499705177
1.7168,-5.4572214493291336,-4.485458486773895,-4.483436296079096,0.002022190694798846,0.04496592485384099,-67.75908358910544,0.996800765770312,0.01946576289704214,121.83514217171599,137.5254915196225
1.7176,-5.454873286408036,-4.486406549029666,-4.484383963547612,0.002022585482054665,0.045002329940814434,-67.75248538592221,0.9967992838933838,0.019479000589608275,121.85071804277165,137.58533142581553
1.7184,-5.45252680236056,-4.4873546544995575,-4.485331676601882,0.0020229778976752133,0.04503874990962231,-67.74589013177444,0.996797801759485,0.019492244854964026,121.8662913145013,137.64516970396753
1.7192,-5.450181994540953,-4.488302803367457,-4.486279435427057,0.0020233679403994995,0.045075184746053765,-67.73929782549656,0.9967963193758563,0.019505495652804516,121.88186197125302,137.70500636899445
1.7200000000000002,-5.447838860305787,-4.4892509958182805,-4.4872272402093065,0.002023755608974251,0.04511163443567057,-67.73270846592426,0.996794836749779,0.01951875294255172,121.89742999737109,137.76484143585702
1.7208,-5.445497397013948,-4.49019923203795,-4.488175091135799,0.0020241409021510195,0.04514809896409133,-67.72612205189385,0.9967933538885776,0.019532016683332667,121.91299537719647,137.82467491956132
1.7216,-5.443157602026631,-4.491147512213402,-4.489122988394708,0.0020245238186938973,0.04518457831687783,-67.71953858224408,0.9967918707996202,0.01954528683398089,121.92855809506642,137.88450683515862
1.7224,-5.440819472707329,-4.492095836532588,-4.490070932175227,0.002024904357361191,0.045221072479534996,-67.71295805581879,0.9967903874903158,0.019558563353049015,121.94411813531502,137.9443371977456
1.7232,-5.438483006421841,-4.493044205184483,-4.49101892266754,0.0020252825169420753,0.04525758143768144,-67.7063804714519,0.9967889039681175,0.0195718461987923,121.95967548227298,138.00416602246446
1.7240000000000002,-5.43614820053826,-4.49399261835906,-4.491966960062851,0.0020256582962093284,0.04529410517659471,-67.69980582799079,0.9967874202405205,0.01958513532917731,121.97523012026741,138.06399332450266
1.7248,-5.433815052426962,-4.494941076247324,-4.4929150445533645,0.002026031693959845,0.045330643681893434,-67.6932341242779,0.9967859363150634,0.019598430701876633,121.99078203362251,138.1238191190936
1.7256,-5.431483559460614,-4.495889579041288,-4.493863176332296,0.00202640270899245,0.045367196938912,-67.68666535915696,0.996784452199327,0.019611732274273683,122.00633120665914,138.1836434215163
1.7264,-5.42915371901416,-4.496838126933974,-4.494811355593867,0.002026771340106934,0.0454037649330985,-67.6800995314763,0.9967829679009366,0.019625040003449636,122.02187762369509,138.2434662470956
1.7272,-5.426825528464812,-4.497786720119433,-4.495759582533312,0.002027137586121418,0.04544034764967364,-67.67353664008697,0.996781483427559,0.019638353846200364,122.03742126904503,138.3032876112024
1.728,-5.424498985192065,-4.498735358792719,-4.496707857346859,0.0020275014458598093,0.045476945074085506,-67.66697668383011,0.9967799987869062,0.019651673759016587,122.05296212702058,138.3631075292533
1.7288000000000001,-5.422174086577661,-4.499684043149908,-4.497656180231763,0.0020278629181450544,0.04551355719155481,-67.66041966156277,0.9967785139867318,0.019664999698100316,122.06850018193047,138.4229260167114
1.7296,-5.419850830005616,-4.500632773388096,-4.498604551386275,0.0020282220018213214,0.04555018398741595,-67.65386557213151,0.9967770290348335,0.019678331619353735,122.08403541808048,138.48274308908563
1.7304,-5.417529212862191,-4.501581549705385,-4.4995529710096545,0.002028578695729886,0.04558682544677595,-67.64731441439275,0.9967755439390535,0.019691669478374314,122.09956781977355,138.54255876193173
1.7312,-5.415209232535902,-4.502530372300898,-4.500501439302175,0.0020289329987226356,0.04562348155491236,-67.64076618720195,0.9967740587072765,0.01970501323046938,122.11509737130994,138.60237305085133
1.732,-5.412890886417508,-4.503479241374776,-4.501449956465115,0.002029284909661106,0.0456601522970459,-67.6342208894101,0.9967725733474313,0.019718362830641538,122.13062405698697,138.66218597149276
1.7328000000000001,-5.410574171900008,-4.504428157128173,-4.502398522700762,0.002029634427410692,0.04569683765822674,-67.62767851987769,0.9967710878674907,0.01973171823359258,122.14614786109952,138.72199753955115
1.7336,-5.408259086378635,-4.50537711976326,-4.503347138212414,0.002029981550847401,0.045733537623561915,-67.62113907746149,0.9967696022754713,0.019745079393722952,122.16166876793962,138.78180777076793
1.7344,-5.405945627250855,-4.50632612948323,-4.504295803204371,0.002030326278858815,0.045770252178158444,-67.61460256102127,0.9967681165794335,0.019758446265132276,122.17718676179702,138.84161668093176
1.7352,-5.403633791916351,-4.507275186492284,-4.505244517881954,0.0020306686103305923,0.04580698130712335,-67.60806896941786,0.9967666307874825,0.019771818801613023,122.19270182695881,138.90142428587774
1.736,-5.401323577777043,-4.508224290995642,-4.50619328245148,0.0020310085441618934,0.04584372499539313,-67.60153830151383,0.996765144907767,0.019785196956656807,122.20821394770962,138.96123060148827
1.7368000000000001,-5.399014982237045,-4.509173443199547,-4.507142097120288,0.0020313460792595983,0.04588048322790428,-67.5950105561736,0.9967636589484805,0.019798580683446636,122.22372310833181,139.02103564369276
1.7376,-5.396708002702702,-4.510122643311253,-4.508090962096704,0.0020316812145498796,0.04591725598970697,-67.58848573225828,0.9967621729178612,0.019811969934858845,122.2392292931054,139.0808394284676
1.7384,-5.394402636582559,-4.51107189153903,-4.509039877590098,0.0020320139489328694,0.04595404326573771,-67.58196382864112,0.9967606868241898,0.019825364663473254,122.25473248630811,139.1406419718368
1.7392,-5.392098881287353,-4.512021188092174,-4.509988843810818,0.002032344281355964,0.045990845040819295,-67.57544484417991,0.9967592006757945,0.019838764821546524,122.27023267221568,139.20044328987157
1.74,-5.389796734230029,-4.512970533180989,-4.5109378609702375,0.002032672210752094,0.04602766129988822,-67.5689287777514,0.996757714481046,0.01985217036103735,122.28572983510144,139.26024339869053
1.7408000000000001,-5.38749619282572,-4.513919927016802,-4.511886929280735,0.00203299773606673,0.04606449202771046,-67.56241562822063,0.9967562282483607,0.019865581233590463,122.30122395923681,139.32004231445987
1.7416,-5.385197254491749,-4.514869369811952,-4.512836048955699,0.002033320856253062,0.04610133720916565,-67.5559053944626,0.9967547419861995,0.01987899739054243,122.3167150288912,139.3798400533935
1.7424,-5.3828999166476175,-4.515818861779803,-4.513785220209528,0.0020336415702748908,0.04613819682896292,-67.54939807534643,0.9967532557030685,0.019892418782916334,122.33220302833209,139.43963663175313
1.7432,-5.380604176715008,-4.516768403134731,-4.514734443257637,0.002033959877094091,0.04617507087186823,-67.54289366975034,0.9967517694075181,0.019905845361428542,122.3476879418251,139.49943206584837
1.744,-5.378310032117777,-4.517717994092133,-4.515683718316434,0.0020342757756995457,0.0462119593225907,-67.53639217654529,0.9967502831081454,0.01991927707647078,122.36316975363393,139.55922637203656
1.7448000000000001,-5.376017480281946,-4.518667634868423,-4.516633045603356,0.002034589265066637,0.0462488621658963,-67.52989359460862,0.9967487968135911,0.019932713878134833,122.37864844802073,139.61901956672332
1.7456,-5.3737265186357055,-4.519617325681034,-4.51758242533684,0.002034900344193897,0.04628577938632361,-67.52339792282015,0.9967473105325417,0.01994615571618976,122.39412400924581,139.6788116663624
1.7464,-5.371437144609405,-4.520567066748417,-4.518531857736339,0.002035209012077931,0.04632271096858176,-67.51690516005901,0.9967458242737288,0.019959602540094996,122.40959642156785,139.73860268745565
1.7472,-5.369149355635545,-4.521516858290038,-4.519481343022309,0.0020355152677298156,0.046359656897209334,-67.51041530520483,0.9967443380459309,0.01997305429898288,122.42506566924412,139.79839264655342
1.748,-5.366863149148778,-4.52246670052639,-4.5204308814162255,0.00203581911016545,0.04639661715680177,-67.50392835714077,0.99674285185797,0.019986510941681423,122.4405317365303,139.85818156025454
1.7488000000000001,-5.364578522585908,-4.523416593678978,-4.5213804731405665,0.0020361205384113474,0.04643359173189765,-67.49744431474707,0.9967413657187149,0.019999972416692997,122.45599460768068,139.91796944520618
1.7496,-5.362295473385872,-4.5243665379703275,-4.522330118418824,0.002036419551502702,0.04647058060703557,-67.49096317690919,0.9967398796370803,0.020013438672201594,122.4714542669482,139.9777563181045
1.7504,-5.360013998989749,-4.52531653362398,-4.52327981747551,0.002036716148469888,0.04650758376664044,-67.48448494251605,0.9967383936220257,0.020026909656077174,122.48691069858432,140.03754219569407
1.7512,-5.3577340968407485,-4.526266580864499,-4.524229570536132,0.0020370103283683604,0.04654460119513715,-67.47800961045307,0.9967369076825578,0.020040385315860165,122.50236388683967,140.0973270947685
1.752,-5.355455764384209,-4.527216679917473,-4.5251793778272145,0.0020373020902574334,0.046581632877064294,-67.47153717960562,0.9967354218277285,0.020053865598775013,122.5178138159634,140.15711103217026
1.7528000000000001,-5.353178999067591,-4.5281668310094965,-4.526129239576298,0.002037591433198353,0.04661867879667625,-67.4650676488658,0.9967339360666359,0.020067350451724857,122.53326047020366,140.216894024791
1.7536,-5.350903798340475,-4.529117034368195,-4.527079156011934,0.002037878356261048,0.04665573893839792,-67.45860101712583,0.9967324504084241,0.02008083982128763,122.5487038338076,140.27667608957142
1.7544,-5.348630159654554,-4.530067290222207,-4.528029127363677,0.002038162858528951,0.04669281328654051,-67.45213728327705,0.996730964862284,0.020094333653715612,122.5641438910214,140.3364572435014
1.7551999999999999,-5.3463580804636335,-4.5310175988011965,-4.528979153862102,0.0020384449390941804,0.046729901825415254,-67.44567644621057,0.9967294794374519,0.02010783189494263,122.57958062609032,140.39623750362037
1.756,-5.344087558223627,-4.53196796033584,-4.529929235738793,0.00203872459704789,0.04676700453933336,-67.43921850482516,0.9967279941432119,0.020121334490569093,122.59501402325887,140.45601688701694
1.7568000000000001,-5.341818590392538,-4.53291837505784,-4.530879373226345,0.0020390018314957042,0.04680412141249235,-67.43276345801553,0.996726508988893,0.020134841385874534,122.61044406677073,140.5157954108295
1.7576,-5.339551174430483,-4.5338688431999135,-4.531829566558364,0.002039276641549037,0.04684125242903292,-67.42631130468102,0.9967250239838725,0.0201483525258065,122.62587074086892,140.57557309224603
1.7584,-5.3372853077996565,-4.534819364995803,-4.532779815969472,0.0020395490263318433,0.046878397573266284,-67.41986204371663,0.9967235391375726,0.02016186785498924,122.64129402979589,140.6353499485042
1.7591999999999999,-5.3350209879643495,-4.535769940680269,-4.533730121695298,0.0020398189849709734,0.046915556829276284,-67.4134156740273,0.9967220544594639,0.020175387317714996,122.65671391779348,140.69512599689153
1.76,-5.332758212390932,-4.536720570489091,-4.534680483972488,0.0020400865166038907,0.04695273018126045,-67.40697219451049,0.9967205699590631,0.02018891085794447,122.67213038910316,140.75490125474568
1.7608000000000001,-5.330496978547857,-4.537671254659073,-4.535630903038694,0.0020403516203786687,0.046989917613188936,-67.40053160407018,0.9967190856459335,0.020202438419312643,122.6875434279659,140.81467573945403
1.7616,-5.328237283905653,-4.538621993428035,-4.536581379132589,0.002040614295446278,0.047027119109259274,-67.39409390161018,0.9967176015296859,0.02021596994511859,122.70295301862234,140.8744494684544
1.7624,-5.325979125936918,-4.5395727870348175,-4.537531912493858,0.00204087454095962,0.04706433465344162,-67.38765908604076,0.9967161176199777,0.020229505378333706,122.71835914531292,140.93422245923475
1.7631999999999999,-5.3237225021163095,-4.540523635719287,-4.538482503363185,0.0020411323561024624,0.04710156422970613,-67.381227156261,0.9967146339265149,0.020243044661586686,122.73376179227779,140.99399472933342
1.764,-5.321467409920558,-4.541474539722328,-4.5394331519822835,0.0020413877400441093,0.0471388078220798,-67.37479811118406,0.996713150459049,0.020256587737183394,122.74916094375718,141.05376629633926
1.7648000000000001,-5.319213846828449,-4.5424254992858435,-4.540383858593874,0.0020416406919702614,0.04717606541458963,-67.36837194971842,0.9967116672273795,0.020270134547088904,122.76455658399095,141.1135371778915
1.7656,-5.3169618103208185,-4.543376514652762,-4.541334623441683,0.0020418912110781976,0.04721333699103525,-67.3619486707729,0.9967101842413539,0.020283685032930435,122.77994869721931,141.1733073916802
1.7664,-5.314711297880553,-4.544327586067031,-4.542285446770464,0.0020421392965671273,0.04725062253532997,-67.35552827326127,0.9967087015108664,0.02029723913600555,122.79533726768237,141.23307695544617
1.7671999999999999,-5.312462306992586,-4.545278713773617,-4.543236328825976,0.0020423849476420494,0.0472879220313871,-67.34911075609952,0.9967072190458599,0.020310796797264254,122.81072227962052,141.292845886981
1.768,-5.310214835143892,-4.5462298980185185,-4.544187269854982,0.002042628163536901,0.047325235463006265,-67.34269611819443,0.9967057368563232,0.020324357957330272,122.82610371727436,141.35261420412743
1.7688000000000001,-5.307968879823479,-4.5471811390487415,-4.545138270105278,0.002042868943463437,0.0473625628139871,-67.33628435847099,0.9967042549522948,0.02033792255647831,122.8414815648847,141.41238192477903
1.7696,-5.305724438522391,-4.548132437112321,-4.546089329825661,0.0020431072866594563,0.04739990406812922,-67.32987547584095,0.9967027733438599,0.02035149053464662,122.85685580669293,141.4721490668807
1.7704,-5.3034815087337055,-4.549083792458318,-4.547040449265942,0.0020433431923762646,0.04743725920917541,-67.32346946922243,0.9967012920411518,0.02036506183143555,122.87222642694077,141.53191564842854
1.7711999999999999,-5.30124008795251,-4.550035205336804,-4.547991628676952,0.0020435766598516656,0.04747462822081161,-67.31706633754187,0.9966998110543521,0.020378636386097354,122.88759340987058,141.59168168747016
1.772,-5.2990001736759265,-4.550986675998882,-4.548942868310526,0.0020438076883552946,0.04751201108683745,-67.31066607971127,0.9966983303936909,0.020392214137544926,122.90295673972518,141.65144720210452
1.7728000000000002,-5.2967617634030875,-4.551938204696678,-4.549894168419524,0.00204403627715486,0.04754940779082517,-67.30426869465872,0.9966968500694446,0.020405795024352746,122.91831640074831,141.71121221048216
1.7736,-5.294524854635137,-4.5528897916833335,-4.550845529257817,0.0020442624255171083,0.047586818316347035,-67.29787418130924,0.9966953700919403,0.020419378984742352,122.93367237718427,141.77097673080542
1.7744,-5.292289444875231,-4.553841437213018,-4.551796951080281,0.0020444861327386884,0.04762424264714582,-67.29148253858257,0.9966938904715519,0.020432965956596376,122.94902465327836,141.83074078132827
1.7752,-5.290055531628527,-4.554793141540918,-4.552748434142816,0.0020447073981008186,0.047661680766736936,-67.2850937654109,0.9966924112187026,0.02044655587744594,122.96437321327666,141.89050438035673
1.776,-5.287823112402174,-4.55574490492325,-4.5536999787023404,0.0020449262209097977,0.04769913265863579,-67.27870786071868,0.9966909323438629,0.020460148684484227,122.97971804142637,141.95026754624885
1.7768000000000002,-5.2855921847053375,-4.5566967276172505,-4.554651585016773,0.002045142600477714,0.04773659830647148,-67.27232482343565,0.996689453857553,0.020473744314548056,122.99505912197569,142.01003029741452
1.7776,-5.283362746049153,-4.557648609881174,-4.555603253345059,0.0020453565361156917,0.04777407769358888,-67.26594465249207,0.9966879757703417,0.020487342704130475,123.010396439174,142.06979265231615
1.7784,-5.2811347939467606,-4.558600551974306,-4.556554983947152,0.0020455680271531857,0.047811570803560244,-67.25956734681992,0.9966864980928458,0.02050094378937445,123.02572997727198,142.12955462946826
1.7792,-5.278908325913276,-4.559552554156951,-4.557506777084025,0.002045777072926404,0.047849077619787295,-67.25319290535222,0.9966850208357312,0.020514547506073847,123.04105972052145,142.18931624743777
1.78,-5.276683339465792,-4.560504616690434,-4.558458633017662,0.0020459836727715563,0.04788659812567175,-67.24682132702327,0.9966835440097137,0.020528153789665653,123.05638565317574,142.24907752484435
1.7808000000000002,-5.274459832123391,-4.561456739837112,-4.559410552011064,0.002046187826048968,0.0479241323045585,-67.24045261076631,0.9966820676255559,0.02054176257524839,123.07170775948971,142.30883848036
1.7816,-5.27223780140711,-4.562408923860356,-4.560362534328248,0.0020463895321083574,0.04796168013984925,-67.2340867555232,0.9966805916940717,0.020555373797553046,123.08702602371962,142.3685991327097
1.7824,-5.270017244839967,-4.563361169024565,-4.561314580234242,0.002046588790321628,0.04799924161488889,-67.22772376022765,0.9966791162261235,0.020568987390962926,123.1023404301234,142.42835950067098
1.7832,-5.267798159946944,-4.564313475595164,-4.562266689995102,0.002046785600061651,0.0480368167129086,-67.22136362382311,0.9966776412326208,0.02058260328951752,123.11765096296082,142.4881196030746
1.784,-5.265580544254971,-4.565265843838601,-4.563218863877881,0.0020469799607196262,0.04807440541719643,-67.2150063452466,0.996676166724526,0.020596221426882458,123.13295760649326,142.5478794588043
1.7848000000000002,-5.263364395292948,-4.566218274022339,-4.564171102150661,0.0020471718716780747,0.04811200771098356,-67.20865192344375,0.9966746927128483,0.020609841736380533,123.14826034498402,142.6076390867966
1.7856,-5.261149710591727,-4.567170766414881,-4.56512340508253,0.0020473613323503835,0.04814962357750119,-67.20230035735403,0.9966732192086469,0.020623464150974696,123.16355916269843,142.66739850604188
1.7864,-5.2589364876841005,-4.568123321285742,-4.566075772943604,0.0020475483421383694,0.0481872529999805,-67.19595164592577,0.9966717462230309,0.020637088603269543,123.17885404390378,142.7271577355834
1.7872,-5.256724724104811,-4.569075938905463,-4.567028206005,0.0020477329004621758,0.04822489596148216,-67.18960578810287,0.9966702737671594,0.020650715025506933,123.1941449728695,142.78691679451813
1.788,-5.254514417390545,-4.570028619545618,-4.567980704538873,0.0020479150067448434,0.048262552445123674,-67.1832627828351,0.9966688018522387,0.0206643433495873,123.20943193386718,142.84667570199647
1.7888000000000002,-5.252305565079919,-4.570981363478796,-4.568933268818369,0.00204809466042774,0.04830022243413623,-67.17692262906897,0.996667330489528,0.020677973507027006,123.22471491117076,142.90643447722258
1.7896,-5.250098164713491,-4.571934170978611,-4.569885899117661,0.0020482718609503075,0.04833790591140996,-67.17058532575513,0.996665859690335,0.02069160542899517,123.23999388905654,142.96619313945428
1.7904,-5.247892213833748,-4.5728870423197145,-4.570838595711945,0.002048446607769351,0.048375602860119216,-67.1642508718439,0.9966643894660163,0.020705239046302032,123.25526885180315,143.0259517080035
1.7912,-5.245687709985094,-4.573839977777762,-4.571791358877425,0.0020486189003387847,0.04841331326326781,-67.1579192662911,0.99666291982798,0.02071887428938681,123.2705397836919,143.0857102022359
1.792,-5.24348465071387,-4.5747929776294525,-4.572744188891321,0.002048788738130851,0.04845103710380272,-67.15159050804638,0.9966614507876834,0.020732511088330338,123.28580666900667,143.14546864157137
1.7928000000000002,-5.2412830335683225,-4.575746042152502,-4.573697086031878,0.0020489561206245453,0.04848877436472776,-67.14526459606765,0.9966599823566341,0.02074614937284871,123.30106949203397,143.20522704548404
1.7936,-5.239082856098623,-4.576699171625648,-4.574650050578346,0.002049121047302725,0.04852652502887622,-67.13894152931006,0.9966585145463904,0.02075978907228944,123.31632823706327,143.2649854335023
1.7944,-5.236884115856847,-4.577652366328665,-4.575603082811006,0.002049283517658859,0.048564289079308764,-67.13262130673439,0.9966570473685592,0.020773430115644503,123.3315828883867,143.3247438252088
1.7952,-5.234686810396982,-4.5786056265423465,-4.5765561830111405,0.002049443531205709,0.04860206649874499,-67.12630392729538,0.9966555808347994,0.020787072431529535,123.34683343029954,143.38450224024106
1.796,-5.232490937274923,-4.579558952548503,-4.577509351461061,0.00204960108744157,0.04863985727013187,-67.11998938995715,0.99665411495682,0.020800715948194447,123.36207984709995,143.44426069829095
1.7968000000000002,-5.230296494048455,-4.580512344629988,-4.578462588444089,0.0020497561858994645,0.048677661376302694,-67.1136776936783,0.9966526497463798,0.020814360593525375,123.37732212308933,143.5040192191051
1.7976,-5.228103478277273,-4.5814658030706665,-4.579415894244568,0.0020499088260979475,0.04871547879997706,-67.10736883742604,0.9966511852152883,0.0208280062950379,123.3925602425723,143.56377782248506
1.7984,-5.22591188752295,-4.582419328155441,-4.580369269147858,0.0020500590075835483,0.048753309523988264,-67.10106282015977,0.996649721375406,0.020841652979875086,123.40779418985672,143.6235365282874
1.7992,-5.223721719348963,-4.583372920170226,-4.581322713440332,0.0020502067298941175,0.0487911535310559,-67.09475964084966,0.9966482582386444,0.020855300574809905,123.423023949254,143.6832953564235
1.8,-5.221532971320666,-4.584326579401979,-4.5822762274093884,0.0020503519925896925,0.048829010803899564,-67.08845929845894,0.996646795816964,0.020868949006252496,123.4382495050788,143.7430543268602
