freq_ghz,s11_re,s11_im,s11_db,zactive_re_ohm,zactive_im_ohm
1.0,-0.2250765436703463,0.5526249814118398,-4.484843497265157,35.65185010538771,61.19176922478376
1.0008,-0.22267427504790496,0.5528918038165075,-4.494375773030411,35.805789184312694,61.411210886805556
1.0016,-0.22027656170010484,0.5531516290687449,-4.503856123608497,35.96005303633081,61.630721416578446
1.0024,-0.2178834012116722,0.5534044867678171,-4.513284711733309,36.11464429934576,61.85030093613322
1.0032,-0.21549479115743622,0.5536504063341811,-4.522661701055158,36.26956562072472,62.069949559433795
1.004,-0.21311072910291165,0.5538894170109978,-4.531987256129885,36.42481965735944,62.28966739229541
1.0048,-0.21073121260485983,0.554121547865633,-4.5412615424079705,36.58040907572788,62.50945453230308
1.0056,-0.2083562392118457,0.5543468277911457,-4.550484726223571,36.73633655195554,62.72931106872872
1.0064,-0.2059858064647841,0.554565285507766,-4.559656974783512,36.8926047718768,62.9492370824469
1.0072,-0.2036199118974685,0.5547769495643599,-4.568778456156269,37.04921643109659,63.1692326458507
1.008,-0.20125855303709952,0.5549818483398827,-4.577849339260887,37.20617423505167,63.389297822765435
1.0088,-0.1989017274047936,0.5551800100448226,-4.58686979385587,37.36348089907221,63.60943266836251
1.0096,-0.19654943251608661,0.5553714627226292,-4.595839990528062,37.52113914844341,63.829637229071544
1.0104,-0.19420166588142987,0.5555562342511351,-4.604760100681425,37.67915171846658,64.04991154249184
1.0112,-0.1918584250066673,0.5557343523439622,-4.613630296525891,37.8375213545212,64.27025563730305
1.012,-0.18951970739351442,0.5559058445519192,-4.622450751066088,37.9962508121259,64.49066953317428
1.0128,-0.18718551054001742,0.556070738264387,-4.631221638090111,38.155342857000335,64.71115324067301
1.0136,-0.18485583194100885,0.556229060710694,-4.639943132158213,38.31480026512645,64.93170676117239
1.0144,-0.18253066908855517,0.5563808389614783,-4.648615408591505,38.47462582280989,65.1523300867575
1.0152,-0.18021001947238727,0.5565260999300413,-4.657238643460644,38.634822326741734,65.37302320013131
1.016,-0.17789388058033317,0.5566648703736896,-4.665813013574451,38.795392584059485,65.5937860745185
1.0168,-0.17558224989873084,0.5567971768950651,-4.674338696468578,38.95633941240889,65.8146186735694
1.0176,-0.17327512491284014,0.5569230459434665,-4.682815870394106,39.11766564000501,66.03552095126194
1.0184,-0.17097250310724393,0.557042503816158,-4.691244714306149,39.27937410569359,66.25649285180296
1.0192,-0.16867438196623796,0.5571555766596697,-4.699625407852441,39.44146765901249,66.47753430952866
1.02,-0.16638075897421692,0.5572622904710848,-4.707958131361928,39.60394916025269,66.69864524880333
1.0208,-0.16409163161604876,0.5573626710993189,-4.716243065833323,39.76682148051964,66.91982558391764
1.0216,-0.16180699737744125,0.5574567442463886,-4.72448039292367,39.93008750179443,67.14107521898562
1.0224,-0.15952685374530498,0.5575445354686679,-4.732670294936899,40.09375011699459,67.36239404784001
1.0232,-0.15725119820810032,0.557626070178137,-4.740812954812376,40.257812230035434,67.5837819539276
1.024,-0.1549800282561865,0.5577013736436193,-4.748908556113454,40.422276755890664,67.80523881020211
1.0248,-0.15271334138215267,0.5577704709920093,-4.756957283016011,40.58714662065352,68.02676447901715
1.0256,-0.15045113508114993,0.5578333872094895,-4.764959320297013,40.752424761597396,68.24835881201712
1.0264,-0.148193406851213,0.557890147142739,-4.772914853323044,40.91811412723649,68.47002165002738
1.0272000000000001,-0.14594015419357226,0.5579407755001312,-4.780824068038864,41.084217677386434,68.69175282294322
1.028,-0.14369137461296308,0.5579852968529214,-4.788687150955978,41.25073838322485,68.91355214961742
1.0288,-0.14144706561792308,0.5580237356364263,-4.796504289141184,41.41767922735164,69.13541943774698
1.0296,-0.1392072247210865,0.5580561161511921,-4.804275670205166,41.58504320384936,69.35735448375831
1.0304,-0.13697184943947224,0.5580824625641544,-4.812001482291059,41.7528333183432,69.57935707269114
1.0312,-0.134740937294759,0.558102798909788,-4.819681914063059,41.92105258806123,69.80142697808176
1.032,-0.13251448581356012,0.5581171490912481,-4.827317154695018,42.089704041894194,70.02356396184443
1.0328,-0.13029249252769246,0.5581255368815007,-4.834907393859079,42.258790720455075,70.24576777415139
1.0336,-0.12807495497443,0.5581279859244452,-4.842452821714312,42.428315676139185,70.46803815331272
1.0344,-0.12586187069676388,0.5581245197360274,-4.8499536288953635,42.59828197318307,70.69037482565328
1.0352,-0.1236532372436442,0.5581151617053425,-4.857410006501153,42.76869268772427,70.91277750538984
1.036,-0.12144905217022324,0.5580999350957316,-4.864822146083542,42.939550907860166,71.13524589450624
1.0368,-0.11924931303809166,0.5580788630458652,-4.872190239636084,43.11085973370706,71.3577796826268
1.0376,-0.11705401741550418,0.5580519685708218,-4.879514479582743,43.28262227745893,71.58037854688948
1.0384,-0.11486316287760641,0.5580192745631554,-4.886795058766674,43.45484166344596,71.80304215181667
1.0392,-0.11267674700664862,0.5579808037939549,-4.894032170439011,43.62752102819302,72.0257701491855
1.04,-0.1104947673921988,0.5579365789138938,-4.901226008247709,43.800663520477926,72.248562177896
1.0408,-0.10831722163135077,0.5578866224542741,-4.908376766226355,43.97427230138894,72.47141786383823
1.0416,-0.10614410732891963,0.5578309568280568,-4.915484638783109,44.14835054438334,72.69433681975845
1.0424,-0.10397542209764292,0.5577696043308896,-4.922549820689556,44.32290143534403,72.91731864512285
1.0432,-0.1018111635583647,0.5577025871421217,-4.929572507069696,44.49792817263738,73.14036292598114
1.044,-0.09965132934022236,0.5576299273258117,-4.936552893388921,44.673433967170226,73.36346923482768
1.0448,-0.09749591708082754,0.5575516468317278,-4.943491175443012,44.8494220424463,73.58663713046147
1.0456,-0.09534492442643662,0.5574677674963396,-4.950387549347209,45.02589563462297,73.80986615784526
1.0464,-0.09319834903212332,0.5573783110438002,-4.95724221152531,45.20285799256737,74.03315584796202
1.0472,-0.09105618856193923,0.5572832990869216,-4.9640553586988005,45.38031237791246,74.25650571767129
1.048,-0.08891844068907565,0.5571827531281424,-4.97082718787602,45.558262065112494,74.479915269563
1.0488,-0.08678510309601829,0.5570766945604858,-4.977557896341384,45.736710341498224,74.70338399181011
1.0496,-0.08465617347469417,0.5569651446685117,-4.984247681644639,45.915660507332255,74.92691135802015
1.0504,-0.08253164952662045,0.5568481246292583,-4.990896741590178,46.095115875863314,75.15049682708434
1.0512,-0.08041152896304077,0.5567256555131787,-4.997505274226379,46.275079773380924,75.37413984302621
1.052,-0.07829580950506441,0.5565977582850675,-5.004073477835008,46.45555553926914,75.5978398348478
1.0528,-0.07618448888379739,0.5564644538049814,-5.010601550920652,46.636546526060165,75.82159621637463
1.0536,-0.07407756484046735,0.5563257628291504,-5.017089692200228,46.8180560994878,76.04540838609945
1.0544,-0.07197503512655039,0.556181706010883,-5.023538100592506,47.00008763853984,76.26927572702334
1.0552,-0.06987689750388541,0.5560323039014625,-5.029946975207727,47.18264453551112,76.49319760649662
1.056,-0.06778314974479113,0.5558775769510365,-5.036316515337235,47.36573019605519,76.71717337605698
1.0568,-0.06569378963217705,0.5557175455094999,-5.042646920443161,47.54934803923574,76.9412023712663
1.0576,-0.06360881495964656,0.5555522298273684,-5.048938390148208,47.73350149757833,77.16528391154637
1.0584,-0.06152822353160433,0.555381650056646,-5.055191124225432,47.91819401712052,77.38941730001176
1.0592,-0.05945201316334943,0.5552058262516851,-5.0614053225881275,48.10342905746261,77.61360182330243
1.06,-0.0573801816811734,0.5550247783700395,-5.067581185279726,48.289210091817246,77.83783675141346
1.0608,-0.05531272692245136,0.5548385262733105,-5.0737189124637805,48.475540607058456,78.06212133752366
1.0616,-0.05324964673572604,0.5546470897279836,-5.079818704414032,48.66242410377102,78.28645481782242
1.0624,-0.0511909389807953,0.5544504884062625,-5.085880761504448,48.84986409629814,78.51083641133448
1.0632,-0.049136601528788654,0.5542487418868915,-5.091905284199443,49.03786411278968,78.73526531974349
1.064,-0.04708663226224507,0.5540418696559742,-5.097892473044046,49.22642769524907,78.95974072721336
1.0648,-0.04504102907518689,0.553829891107784,-5.103842528654208,49.41555839957993,79.18426180020774
1.0656,-0.042999789873186256,0.5536128255455666,-5.109755651707152,49.60525979563255,79.40882768730837
1.0664,-0.040962912573435956,0.55339069218234,-5.1156320429317335,49.795535467248534,79.63343751903072
1.0672,-0.03893039510480677,0.5531635101416814,-5.12147190309898,49.9863890123066,79.8580904076385
1.068,-0.03690223540790963,0.5529312984585129,-5.127275433012571,50.17782404276627,80.08278544695612
1.0688,-0.03487843143515385,0.5526940760798772,-5.133042833499466,50.369844184711425,80.30752171217883
1.0696,-0.032858981150796364,0.5524518618657093,-5.138774305400569,50.56245307839356,80.5322982596818
1.0704,-0.030843882530994793,0.552204674589599,-5.144470049561464,50.75565437827381,80.75711412682675
1.0712,-0.028833133563852708,0.5519525329395497,-5.150130266823204,50.94945175306449,80.98196833176678
1.072,-0.026826732249463303,0.5516954555187268,-5.155755158013223,51.14384888577038,81.20685987324936
1.0728,-0.02482467659995388,0.5514334608462056,-5.16134492393622,51.3388494737281,81.43178773041716
1.0735999999999999,-0.022826964639518905,0.5511665673577067,-5.166899765365215,51.53445722864621,81.65675086260742
1.0744,-0.020833594404458398,0.5508947934063284,-5.172419883032621,51.73067587664365,81.8817482091488
1.0752,-0.018844563943211115,0.5506181572632738,-5.177905477621374,51.927509158287165,82.10677868915634
1.076,-0.01685987131638102,0.5503366771185685,-5.183356749756182,52.12496082862896,82.331841201325
1.0768,-0.014879514596768721,0.5500503710817748,-5.188773899994802,52.32303465724239,82.5569346237201
1.0776,-0.012903491869391171,0.5497592571826984,-5.1941571288194215,52.52173442825777,82.78205781356695
1.0784,-0.010931801231505625,0.5494633533720894,-5.199506636628088,52.72106394039672,83.0072096070376
1.0792,-0.008964440792630668,0.5491626775223387,-5.204822623726223,52.921027007005485,83.23238881903555
1.08,-0.007001408674558752,0.5488572474281652,-5.2101052903182135,53.12162745608827,83.45759424297898
1.0808,-0.0050427030113746624,0.5485470808072997,-5.215354836499085,53.32286913033848,83.68282465058101
1.0816,-0.0030883219494630444,0.5482321953011638,-5.220571462246191,53.524755887169924,83.90807879162898
1.0824,-0.0011382636475205465,0.5479126084755385,-5.225755367411093,53.72729159874661,84.13335539376034
1.0832,0.0008074737234375843,0.547588337821232,-5.2309067517113945,53.930480152011576,84.35865316223725
1.084,0.0027488919800745604,0.5472594007547392,-5.236025814722716,54.13432544871486,84.58397077971888
1.0848,0.004685992926726624,0.5469258146188962,-5.241112755870736,54.338831405440125,84.80930690603107
1.0856,0.006618778355406968,0.5465875966835277,-5.24616777442331,54.54400195363091,85.03466017793463
1.0864,0.008547250045805057,0.5462447641460912,-5.251191069482658,54.74984103961488,85.26002920889057
1.0872,0.010471409765290282,0.5458973341323143,-5.25618283997762,54.95635262462755,85.4854125888235
1.088,0.01239125926892146,0.5455453236968262,-5.26114328465602,55.16354068483484,85.71080888388305
1.0888,0.014306800299451607,0.5451887498237838,-5.2660726020770765,55.37140921135422,85.9362166362023
1.0896,0.01621803458734155,0.5448276294274939,-5.270970990603904,55.57996221027497,86.16163436365481
1.0904,0.018124963850771014,0.5444619793530268,-5.275838648396097,55.789203702677064,86.38706055960871
1.0912,0.020027589795652157,0.5440918163768285,-5.280675773402381,55.99913772464863,86.61249369267857
1.092,0.021925914115648388,0.5437171572073243,-5.285482563353342,56.20976832730263,86.83793220647539
1.0928,0.023819938492189732,0.5433380184855189,-5.290259215754249,56.42109957679171,87.06337451935353
1.0936,0.025709664594496164,0.5429544167855904,-5.295005927877936,56.633135554322244,87.2888190241561
1.0944,0.027595094079597003,0.5425663686154796,-5.2997228967577845,56.84588035616663,87.5142640879572
1.0952,0.029476228592355616,0.542173890417474,-5.304410319180757,57.059338093674235,87.73970805180221
1.096,0.0313530697654963,0.5417769985687866,-5.309068391680532,57.2735128932814,87.96514923044582
1.0968,0.03322561921962825,0.5413757093821296,-5.313697310530716,57.48840889651918,88.1905859120869
1.0976,0.03509387856327843,0.5409700391062834,-5.31829727173812,57.704030260020566,88.41601635810188
1.0984,0.03695784939292012,0.5405600039266595,-5.322868471036132,57.92038115552556,88.64143880277517
1.0992,0.038817533293004,0.5401456199658602,-5.3274111038781555,58.13746576988469,88.86685145302667
1.1,0.040672931835995775,0.5397269032842322,-5.331925365431127,58.35528830506154,89.09225248813803
1.1008,0.04252404658240695,0.539303869880415,-5.336411450569139,58.5738529781331,89.31764005947491
1.1016,0.0443708790808357,0.538876535691885,-5.340869553867108,58.79316402128876,89.54301229020797
1.1024,0.04621343086800405,0.5384449165954954,-5.345299869594527,59.01322568182777,89.76836727503066
1.1032,0.0480517034687961,0.5380090284080102,-5.34970259170932,59.23404222215452,89.99370307987444
1.104,0.04988569839630257,0.5375688868866336,-5.354077913851759,59.455617919772756,90.21901774162181
1.1048,0.05171541715186023,0.5371245077295355,-5.35842602933846,59.67795706727742,90.44430926781625
1.1056,0.05354086122509972,0.5366759065763711,-5.362747131156461,59.90106397234527,90.66957563637028
1.1064,0.055362032093988524,0.5362230990087978,-5.367041411957372,60.12494295772306,90.89481479527014
1.1072,0.057178931224877744,0.5357661005509854,-5.371309064051616,60.34959836121433,91.12002466227804
1.108,0.058991560072553254,0.5353049266701214,-5.3755502794027565,60.575034535664315,91.34520312463232
1.1088,0.06079992008028065,0.5348395927769162,-5.379765249621857,60.801255848942105,91.57034803874404
1.1096,0.06260401267986046,0.534370114226097,-5.383954165961989,61.02826668392222,91.79545722989164
1.1104,0.06440383929167792,0.5338965063169032,-5.388117219312749,61.25607143846286,92.0205284919127
1.1112,0.06619940132475512,0.5334187842935736,-5.392254600194912,61.484674525382744,92.24555958689237
1.112,0.06799070017680844,0.5329369633458313,-5.396366498755119,61.714080372435845,92.47054824485038
1.1128,0.0697777372343003,0.5324510586093635,-5.4004531047606665,61.944293422283565,92.69549216342378
1.1136,0.07156051387249919,0.531961085166296,-5.4045146075943755,62.175318132465506,92.92038900754831
1.1144,0.073339031455536,0.5314670580456651,-5.408551196249519,62.40715897536721,93.14523640913599
1.1152,0.075113291336461,0.5309689922238853,-5.412563059324835,62.63982043818577,93.37003196675036
1.116,0.07688329485730773,0.5304669026252098,-5.4165503850196375,62.87330702289394,93.59477324527903
1.1168,0.07864904334914936,0.529960804122191,-5.420513361128965,63.10762324620066,93.81945777560296
1.1176,0.0804105381321641,0.5294507115361337,-5.424452175038839,63.34277363951018,94.04408305426355
1.1184,0.0821677805156967,0.5289366396375449,-5.428367013721585,63.578762748878354,94.26864654312631
1.1192,0.08392077179832122,0.5284186031465816,-5.432258063731222,63.81559513496608,94.49314566904192
1.12,0.08566951326790812,0.5278966167334904,-5.436125511198955,64.05327537299112,94.7175778235045
1.1208,0.08741400620168702,0.527370695019047,-5.439969541828705,64.29180805267643,94.94194036230671
1.1216,0.08915425186631597,0.5268408525749897,-5.443790340892742,64.5311977781963,95.16623060519242
1.1224,0.09089025151794798,0.5263071039244487,-5.447588093227389,64.77144916812,95.39044583550609
1.1232,0.09262200640229716,0.5257694635423732,-5.45136298322879,65.01256685535195,95.61458329983905
1.124,0.09434951775471186,0.5252279458559523,-5.4551151948487595,65.25455548707018,95.83864020767373
1.1248,0.09607278680024008,0.5246825652450336,-5.458844911590712,65.49741972466094,96.06261373102357
1.1256,0.09779181475370398,0.524133336042538,-5.462552316505641,65.74116424365116,96.2865010040716
1.1264,0.09950660281976943,0.5235802725348683,-5.466237592188216,65.98579373363764,96.51029912280447
1.1272,0.10121715219301729,0.5230233889623184,-5.469900920772899,66.23131289821315,96.7340051446446
1.1280000000000001,0.10292346405801896,0.5224626995194742,-5.473542483930165,66.47772645489002,96.95761608807904
1.1288,0.10462553958940665,0.5218982183556135,-5.477162462862802,66.72503913501983,97.18112893228478
1.1296,0.10632337995195092,0.5213299595751011,-5.480761038302255,66.97325568371076,97.40454061675212
1.1304,0.10801698630063403,0.52075793723778,-5.484338390505079,67.22238085974143,97.62784804090408
1.1312,0.10970635978072439,0.520182165359361,-5.487894699249397,67.47241943547097,97.85104806371311
1.1320000000000001,0.11139150152785567,0.5196026579118052,-5.491430143831526,67.72337619674678,98.07413750331486
1.1328,0.11307241266809988,0.5190194288237062,-5.49494490306258,67.97525594280785,98.29711313661863
1.1336,0.11474909431804892,0.5184324919806664,-5.498439155265195,68.22806348618563,98.51997169891531
1.1344,0.11642154758488982,0.5178418612256708,-5.501913078270317,68.4818036526008,98.74270988348152
1.1352,0.11808977356648274,0.5172475503594576,-5.505366849414055,68.73648128085631,98.96532434118097
1.1360000000000001,0.11975377335144342,0.516649573140884,-5.5088006455345795,68.99210122272764,99.18781168006325
1.1368,0.12141354801921841,0.5160479432872905,-5.512214642969133,69.24866834284832,99.41016846495846
1.1376,0.12306909864016871,0.5154426744748595,-5.515609017551075,69.50618751859263,99.63239121706988
1.1384,0.12472042627564943,0.5148337803389714,-5.518983944607018,69.76466363995411,99.85447641356282
1.1392,0.12636753197808853,0.5142212744745592,-5.522339598953993,70.02410160941976,100.0764204871504
1.1400000000000001,0.12801041679107258,0.5136051704364559,-5.525676154896728,70.28450634184135,100.29821982567668
1.1408,0.12964908174942402,0.5129854817397423,-5.5289937862249685,70.54588276430151,100.51987077169599
1.1416,0.13128352787928774,0.5123622218600887,-5.532292666210854,70.80823581597681,100.74136962204989
1.1424,0.13291375619821144,0.5117354042340949,-5.535572967606386,71.07157044799611,100.96271262744045
1.1432,0.13453976771522846,0.5111050422596273,-5.538834862640925,71.3358916232945,101.18389599200043
1.1440000000000001,0.13616156343094368,0.5104711492961501,-5.542078523018805,71.60120431646384,101.4049158728608
1.1448,0.13777914433761423,0.5098337386650571,-5.545304119916949,71.8675135135979,101.62576837971447
1.1456,0.13939251141923673,0.5091928236499972,-5.548511823982598,72.13482421213386,101.84644957437746
1.1464,0.14100166565163064,0.5085484174971979,-5.551701805331064,72.403141420689,102.06695547034671
1.1472,0.1426066080025216,0.5079005334157864,-5.554874233543598,72.67247015889257,102.28728203235433
1.1480000000000001,0.14420733943162992,0.5072491845781059,-5.558029277665244,72.94281545721364,102.50742517591972
1.1488,0.14580386089075256,0.5065943841200307,-5.561167106202828,73.21418235678357,102.72738076689757
1.1496,0.14739617332385155,0.505936145141276,-5.564287887122963,73.48657590921417,102.94714462102313
1.1504,0.14898427766713937,0.505274480705707,-5.567391787850138,73.76000117641081,103.16671250345465
1.1512,0.150568174849163,0.5046094038416437,-5.570478975264845,74.03446323038025,103.38608012831187
1.152,0.1521478657908941,0.5039409275421624,-5.573549615701782,74.3099671530341,103.60524315821253
1.1528,0.15372335140581345,0.5032690647653948,-5.576603874948116,74.58651803598667,103.82419720380469
1.1536,0.15529463259999687,0.5025938284348248,-5.57964191824179,74.86412098034751,104.04293782329636
1.1544,0.1568617102722056,0.5019152314395809,-5.5826639102699,75.14278109650935,104.2614605219826
1.1552,0.15842458531396997,0.5012332866347265,-5.585670015167128,75.4225035039298,104.47976075176824
1.156,0.15998325860967955,0.5005480068415474,-5.588660396514222,75.70329333090835,104.69783391068896
1.1568,0.16153773103666993,0.49985940484783586,-5.591635217336561,75.98515571435745,104.91567534242817
1.1576,0.16308800346530886,0.4991674934081732,-5.594594640102727,76.26809579956762,105.13328033583124
1.1584,0.16463407675908726,0.4984722852442071,-5.597538826723179,76.55211873996804,105.35064412441703
1.1592,0.16617595177470382,0.4977737930449294,-5.600467938548954,76.83722969687972,105.56776188588557
1.16,0.1677136293621559,0.497072029466948,-5.6033821363704375,77.12343383926418,105.78462874162369
1.1608,0.1692471103648265,0.49636700713475707,-5.606281580416192,77.41073634346556,106.00123975620662
1.1616,0.1707763956195714,0.49565873864100674,-5.609166430351799,77.69914239294611,106.2175899368973
1.1624,0.17230148595681036,0.49494723654676565,-5.612036845278812,77.98865717801695,106.4336742331427
1.1632,0.17382238220061208,0.4942325133817853,-5.614892983733726,78.27928589556083,106.64948753606646
1.164,0.17533908516878574,0.4935145816447587,-5.617735003686992,78.57103374875014,106.86502467795967
1.1648,0.176851595672968,0.4927934538035768,-5.620563062542132,78.86390594675736,107.08028043176769
1.1656,0.17835991451871056,0.4920691422955853,-5.623377317134816,79.15790770445908,107.29524951057462
1.1664,0.1798640425055713,0.49134165952783315,-5.6261779237321,79.45304424213441,107.50992656708503
1.1672,0.18136398042719973,0.4906110178773246,-5.6289650380316205,79.74932078515494,107.72430619310202
1.168,0.1828597290714282,0.4898772296912639,-5.631738815160881,80.04674256366943,107.93838291900363
1.1688,0.18435128922035945,0.4891403072873005,-5.634499409676596,80.34531481228072,108.15215121321548
1.1696,0.18583866165045357,0.4884002629537702,-5.637246975564048,80.64504276971549,108.36560548168073
1.1703999999999999,0.18732184713261907,0.4876571089499343,-5.6399816662365225,80.94593167848743,108.57874006732789
1.1712,0.1888008464323001,0.4869108575062156,-5.642703634534784,81.24798678455292,108.79154924953546
1.172,0.1902756603095634,0.486161520824434,-5.6454130327265775,81.55121333695878,109.00402724359355
1.1728,0.1917462895191895,0.48540911107803614,-5.6481100125062165,81.85561658748362,109.21616820016366
1.1736,0.1932127348107579,0.4846536404123263,-5.65079472499418,82.16120179027065,109.4279662047351
1.1743999999999999,0.1946749969287377,0.4838951209446923,-5.653467320736762,82.46797420145333,109.63941527707924
1.1752,0.19613307661257454,0.4831335647648298,-5.656127949705786,82.77593907877312,109.85050937070106
1.176,0.1975869745967775,0.48236898393496574,-5.6587767612983395,83.08510168118892,110.06124237228805
1.1768,0.19903669161100931,0.481601390490076,-5.661413904336566,83.3954672684794,110.27160810115693
1.1776,0.2004822283801715,0.48083079643810445,-5.664039527067494,83.70704110083591,110.48160030869768
1.1784,0.20192358562449386,0.480057213760177,-5.666653777162914,84.01982843844854,110.69121267781529
1.1792,0.20336076405962164,0.4792806544108145,-5.669256801719285,84.33383454108281,110.90043882236931
1.18,0.20479376439670083,0.47850113031814406,-5.671848747257707,84.64906466764783,111.10927228661058
1.1808,0.20622258734246873,0.4777186533841059,-5.674429759723903,84.96552407575703,111.31770654461657
1.1816,0.20764723359933712,0.47693323548466077,-5.676999984488274,85.28321802127833,111.5257349997234
1.1824,0.20906770386548232,0.47614488846999237,-5.67955956634596,85.60215175787745,111.7333509839571
1.1832,0.2104839988349303,0.4753536241647094,-5.682108649516978,85.92233053655087,111.94054775746146
1.184,0.21189611919764204,0.4745594543680458,-5.684647377646367,86.24375960514973,112.14731850792444
1.1848,0.21330406563960266,0.4737623908540562,-5.687175893804382,86.56644420789583,112.35365635000302
1.1856,0.2147078388429039,0.47296244537181276,-5.689694340486746,86.89038958488646,112.55955432474512
1.1864,0.21610743948583314,0.47215962964559655,-5.6922028596149055,87.21560097159146,112.76500539901076
1.1872,0.2175028682429574,0.47135395537508895,-5.694701592536346,87.54208359833962,112.97000246489065
1.188,0.21889412578520787,0.47054543423556133,-5.697190680024934,87.86984268979538,113.17453833912322
1.1888,0.22028121277996746,0.46973407787805926,-5.699670262281314,88.19888346442681,113.37860576251049
1.1896,0.22166412989115292,0.46891989792958966,-5.702140478933309,88.5292111339621,113.58219739933156
1.1904,0.2230428777793018,0.4681029059933016,-5.704601469036378,88.86083090283704,113.78530583675547
1.1912,0.22441745710165595,0.4672831136486667,-5.707053371074119,89.19374796763205,113.98792358425189
1.192,0.22578786851224447,0.4664605324516594,-5.709496322958766,89.52796751649817,114.1900430730008
1.1928,0.2271541126619701,0.46563517393493054,-5.711930462031773,89.86349472857397,114.39165665530095
1.1936,0.22851619019868977,0.4648070496079847,-5.71435592506438,90.20033477339003,114.59275660397695
1.1944,0.22987410176730064,0.46397617095735055,-5.716772848258254,90.53849281026451,114.79333511178565
1.1952,0.23122784800982182,0.4631425494467519,-5.719181367246135,90.87797398768662,114.99338429082094
1.196,0.23257742956547606,0.46230619651727767,-5.7215816170925216,91.21878344268896,115.19289617191798
1.1968,0.23392284707077476,0.46146712358754616,-5.723973732294397,91.56092630020989,115.39186270405666
1.1976,0.23526410115959698,0.46062534205387223,-5.726357846781976,91.90440767244318,115.59027575376415
1.1984,0.23660119246327374,0.4597808632904282,-5.728734093919482,92.24923265817746,115.78812710451707
1.1992,0.23793412161066865,0.4589336986494062,-5.7311026065059645,92.59540634212314,115.98540845614282
1.2,0.23926288922825753,0.4580838594611769,-5.733463516776132,92.94293379422791,116.18211142422064
1.2008,0.24058749594021203,0.4572313570344465,-5.735816956401231,93.29182006898095,116.37822753948255
1.2016,0.24190794236847715,0.4563762026564131,-5.7381630564899355,93.64207020470405,116.57374824721374
1.2024,0.24322422913285358,0.4555184075929194,-5.740501947589284,93.99368922283175,116.76866490665321
1.2032,0.24453635685107672,0.45465798308860494,-5.742833759685626,94.34668212717834,116.96296879039436
1.204,0.2458443261388947,0.4537949403670567,-5.7451586222056115,94.70105390319266,117.15665108378519
1.2048,0.24714813761015011,0.45292929063095694,-5.747476664017194,95.05680951720079,117.34970288433009
1.2056,0.2484477918768555,0.45206104506223016,-5.749788013430678,95.41395391563518,117.5421152010904
1.2064,0.24974328954927438,0.45119021482218746,-5.752092798199772,95.77249202425185,117.73387895408695
1.2072,0.2510346312359982,0.4503168110516699,-5.754391145522688,96.13242874733399,117.92498497370228
1.208,0.2523218175440221,0.44944084487119107,-5.756683182043233,96.49376896688207,118.11542400008415
1.2088,0.25360484907882547,0.4485623273810744,-5.758969033851988,96.85651754179226,118.30518668254999
1.2096,0.25488372644444474,0.44768126966159427,-5.761248826487436,97.22067930701898,118.49426357899213
1.2104,0.25615845024355316,0.44679768277311005,-5.763522684937166,97.58625907272625,118.68264515528477
1.2112,0.257429021077535,0.44591157775620166,-5.7657907336390855,97.95326162342381,118.87032178469188
1.212,0.2586954395465601,0.44502296563180366,-5.768053096482659,98.3216917170896,119.05728374727684
1.2128,0.25995770624966186,0.4441318574013351,-5.770309896810158,98.69155408427906,119.24352122931403
1.2136,0.26121582178480807,0.44323826404683125,-5.772561257417949,99.06285342721873,119.42902432270157
1.2144,0.26246978674897875,0.4423421965310705,-5.774807300557798,99.43559441888729,119.6137830243772
1.2152,0.26371960173823794,0.4414436657977016,-5.777048147938198,99.80978170208087,119.79778723573541
1.216,0.26496526734780673,0.4405426827713701,-5.779283920725704,100.18541988846391,119.98102676204729
1.2168,0.266206784172138,0.43963925835783957,-5.781514739546322,100.56251355760614,120.16349131188318
1.2176,0.26744415280498657,0.43873340344411643,-5.783740724486879,100.94106725600322,120.34517049653755
1.2184,0.26867737383948337,0.43782512889856845,-5.785961995096449,101.3210854960839,120.52605382945751
1.2192,0.2699064478682058,0.43691444557104503,-5.788178670387772,101.70257275520072,120.7061307256738
1.22,0.2711313754832484,0.4360013642929948,-5.790390868838707,102.08553347460587,120.88539050123539
1.2208,0.2723521572762954,0.4350858958775813,-5.792598708393698,102.46997205841187,121.06382237264788
1.2216,0.27356879383868826,0.4341680511197983,-5.794802306465274,102.8558928725358,121.24141545631477
1.2224,0.2747812857614975,0.43324784079658224,-5.797001779935535,103.24330024362875,121.41815876798391
1.2232,0.27598963363559154,0.43232527566692464,-5.799197245157693,103.63219845798865,121.59404122219702
1.224,0.27719383805170394,0.4314003664719829,-5.801388817957611,104.0225917604568,121.76905163174405
1.2248,0.27839389960050404,0.4304731239351878,-5.803576613635358,104.41448435329943,121.94317870712229
1.2256,0.2795898188726622,0.4295435587623531,-5.805760746966793,104.80788039507131,122.11641105599986
1.2264,0.2807815964589193,0.4286116816417801,-5.807941332205151,105.20278399946415,122.28873718268473
1.2272,0.28196923295015275,0.4276775032443626,-5.8101184830826655,105.5991992341379,122.46014548759868
1.228,0.28315272893744137,0.42674103422369214,-5.812292312812183,105.99713011953457,122.6306242667569
1.2288000000000001,0.2843320850121337,0.42580228521615743,-5.8144629340888105,106.39658062767687,122.80016171125362
1.2296,0.28550730176591116,0.42486126684104764,-5.816630459091579,106.79755468094774,122.96874590675336
1.2304,0.286678379790854,0.42391798970065014,-5.81879499948511,107.20005615085454,123.13636483298879
1.2312,0.28784531967950566,0.42297246438034913,-5.820956666421306,107.60408885677467,123.30300636326515
1.232,0.28900812202493464,0.42202470144872356,-5.8231155705410576,108.00965656468412,123.46865826397104
1.2328000000000001,0.2901667874208011,0.42107471145764086,-5.825271821975947,108.41676298586901,123.63330819409735
1.2336,0.2913213164614157,0.42012250494235315,-5.827425530349997,108.82541177561816,123.79694370476216
1.2344,0.2924717097418047,0.41916809242158865,-5.8295768047814125,109.23560653189934,123.9595522387445
1.2352,0.2936179678577709,0.41821148439764416,-5.831725753884324,109.64735079401655,124.12112113002563
1.236,0.2947600914059532,0.41725269135647675,-5.833872485770576,110.06064804124911,124.28163760333838
1.2368000000000001,0.2958980809838896,0.4162917237677909,-5.836017108051502,110.47550169147367,124.44108877372533
1.2376,0.29703193719007503,0.41532859208512884,-5.838159727839717,110.89191509976632,124.59946164610571
1.2384,0.2981616606240225,0.41436330674595595,-5.840300451750943,111.30989155698796,124.75674311485164
1.2392,0.2992872518863216,0.4133958781717467,-5.842439385905816,111.72943428834978,124.91291996337365
1.24,0.3004087115786954,0.41242631676807084,-5.844576635931716,112.15054645196028,125.06797886371592
1.2408000000000001,0.30152604030406155,0.41145463292467455,-5.846712306964613,112.57323113735471,125.2219063761625
1.2416,0.3026392386665856,0.4104808370155642,-5.848846503650939,112.99749136400382,125.37468894885237
1.2424,0.30374830727174124,0.40950493939908755,-5.850979330149414,113.42333007980504,125.52631291740745
1.2432,0.3048532467263645,0.4085269504180122,-5.853110890132973,113.85075015955417,125.67676450456969
1.244,0.30595405763870953,0.40754688039960696,-5.855241286790602,114.27975440339725,125.82602981985124
1.2448000000000001,0.3070507406185048,0.40656473965571716,-5.857370622829269,114.71034553526452,125.97409485919572
1.2456,0.3081432962770057,0.40558053848284376,-5.8594990004758145,115.14252620128345,126.12094550465189
1.2464,0.3092317252270506,0.40459428716221657,-5.861626521478866,115.57629896817383,126.2665675240602
1.2472,0.31031602808311326,0.4036059959598703,-5.86375328711077,116.01166632162236,126.41094657075195
1.248,0.31139620546135427,0.4026156751267186,-5.865879398169518,116.44863066463739,126.55406818326206
1.2488000000000001,0.31247225797967604,0.40162333489862423,-5.8680049549806945,116.88719431588555,126.6959177850556
1.2496,0.3135441862577715,0.40062898549647347,-5.870130057399422,117.32735950800652,126.83648068426854
1.2504,0.3146119909171776,0.39963263712624386,-5.872254804812318,117.7691283859098,126.97574207346291
1.2512,0.31567567258132473,0.3986342999790748,-5.874379296139471,118.21250300505083,127.11368702939717
1.252,0.31673523187558555,0.39763398423133667,-5.876503629836406,118.65748532968652,127.25030051281165
1.2528000000000001,0.31779066942732676,0.3966317000446963,-5.878627903896071,119.10407723111257,127.38556736823034
1.2536,0.31884198586595514,0.39562745756618556,-5.880752215850817,119.5522804858787,127.51947232377849
1.2544,0.3198891818229675,0.39462126692826505,-5.88287666277441,120.00209677398564,127.6519999910168
1.2552,0.320932257931998,0.3936131382488889,-5.885001341284022,120.45352767706103,127.78313486479345
1.256,0.32197121482886365,0.3926030816315698,-5.887126347542237,120.90657467651482,127.91286132311282
1.2568000000000001,0.323006053151613,0.3915911071654393,-5.889251777259082,121.3612391516761,128.04116362702302
1.2576,0.32403677354056926,0.39057722492531194,-5.891377725694027,121.8175223779076,128.16802592052113
1.2584,0.3250633766383775,0.3895614449717435,-5.893504287658042,122.27542552470234,128.29343223047834
1.2591999999999999,0.32608586309004844,0.3885437773510926,-5.895631557515601,122.73494965375835,128.4173664665837
1.26,0.32710423354300233,0.3875242320955789,-5.897759629186741,123.19609571703374,128.5398124213081
1.2608000000000001,0.32811848864711207,0.38650281922334195,-5.899888596149091,123.65886455478186,128.66075376988897
1.2616,0.32912862905474594,0.38547954873849777,-5.902018551439937,124.123256893566,128.7801740703352
1.2624,0.3301346554208106,0.38445443063119483,-5.904149587658271,124.58927334425451,128.8980567634542
1.2631999999999999,0.3311365684027916,0.38342747487767037,-5.9062817969668355,125.05691439999482,129.01438517290018
1.264,0.332134368660795,0.3823986914403041,-5.908415271094213,125.52618043416868,129.12914250524557
1.2648000000000001,0.3331280568575866,0.3813680902676732,-5.910550101336876,125.997071698326,129.2423118500746
1.2656,0.33411763365863206,0.38033568129460515,-5.9126863785612604,126.4695883200996,129.3538761801008
1.2664,0.3351030997321373,0.3793014744422281,-5.914824193205846,126.94373030110081,129.46381835130887
1.2671999999999999,0.3360844557490849,0.37826547961802465,-5.916963635283235,127.41949751479319,129.57212110312003
1.268,0.33706170238327343,0.37722770671588063,-5.9191047943822355,127.89688970434845,129.67876705858345
1.2688000000000001,0.3380348403113529,0.37618816561613616,-5.921247759669951,128.3759064804817,129.7837387245927
1.2696,0.33900387021286366,0.3751468661856344,-5.923392619893855,128.85654731926724,129.887018492129
1.2704,0.33996879277027015,0.37410381827776906,-5.925539463383908,129.33881155993566,129.98858863653007
1.2711999999999999,0.340929608668998,0.37305903173253235,-5.92768837805464,129.82269840265084,130.08843131778806
1.272,0.34188631859746804,0.37201251637656196,-5.92983945140724,130.30820690626797,130.18652858087356
1.2728,0.3428389232471292,0.37096428202318754,-5.93199277053168,130.795335986072,130.28286235608903
1.2736,0.34378742331249434,0.36991433847247446,-5.934148422108799,131.28408441149898,130.3774144594516
1.2744,0.3447318194911707,0.36886269551127043,-5.936306492412415,131.77445080383632,130.47016659310447
1.2752,0.34567211248389396,0.36780936291324773,-5.938467067311439,132.26643363390608,130.56110034575946
1.276,0.3466083029945593,0.36675435043894655,-5.940630232271972,132.7600312197298,130.65019719317016
1.2768,0.3475403917302509,0.36569766783581964,-5.9427960723594255,133.25524172417343,130.73743849863618
1.2776,0.34846837940127473,0.36463932483827033,-5.944964672240642,133.75206315257753,130.82280551354003
1.2784,0.3493922667211861,0.3635793311676981,-5.94713611618598,134.2504933503658,130.90627937791638
1.2792,0.35031205440681984,0.3625176965325355,-5.949310488071467,134.75053000063946,130.98784112105437
1.28,0.3512277431783191,0.3614544306282893,-5.951487871380893,135.25217062175275,131.06747166213464
1.2808,0.3521393337591611,0.360389543137581,-5.953668349207937,135.7554125648708,131.1451518109001
1.2816,0.353046826876187,0.3593230437301829,-5.955852004258281,136.26025301151256,131.2208622683623
1.2824,0.3539502232596263,0.3582549420630589,-5.958038918851729,136.76668897107558,131.29458362754374
1.2832,0.3548495236431235,0.35718524778039906,-5.9602291749243435,137.27471727834575,131.36629637425628
1.284,0.35574472876376395,0.35611397051365856,-5.962422854030538,137.78433459099043,131.43598088791728
1.2848,0.3566358393620971,0.35504111988159304,-5.964620037345222,138.2955373870364,131.50361744240288
1.2856,0.3575228561821619,0.35396670549029385,-5.96682080566591,138.80832196233288,131.56918620694037
1.2864,0.3584057799715086,0.352890736933224,-5.96902523941485,139.32268442799864,131.63266724703888
1.2872,0.35928461148122304,0.3518132237912519,-5.971233418641139,139.83862070785645,131.69404052546096
1.288,0.3601593514659482,0.35073417563268466,-5.973445423022845,140.35612653585179,131.7532859032334
1.2888,0.3610300006839041,0.34965360201330387,-5.975661331869131,140.8751974534581,131.8103831407
1.2896,0.3618965598969115,0.34857151247639523,-5.977881224122374,141.39582880707042,131.86531189861586
1.2904,0.3627590298704089,0.34748791655278355,-5.9801051783602865,141.91801574538363,131.91805173928384
1.2912,0.3636174113734745,0.34640282376086284,-5.982333272798032,142.44175321676053,131.96858212773478
1.292,0.36447170517884436,0.3453162436066277,-5.984565585290342,142.96703596658725,132.016882432951
1.2928,0.36532191206292924,0.3442281855837057,-5.986802193333646,143.49385853461604,132.06293192913415
1.2936,0.3661680328058343,0.3431386591733852,-5.989043174068174,144.02221525229987,132.10670979701908
1.2944,0.3670100681913745,0.3420476738446475,-5.991288604280078,144.5521002401135,132.14819512523258
1.2952,0.3678480190070918,0.340955239054194,-5.993538560403558,145.0835074048677,132.1873669116991
1.296,0.3686818860442709,0.33986136424647617,-5.995793118522943,145.61643043701164,132.22420406509383
1.2968,0.36951167009795266,0.3387660588537249,-5.998052354374841,146.15086280792784,132.25868540634326
1.2976,0.37033737196695093,0.33766933229597573,-6.000316343350228,146.6867977672196,132.29078967017455
1.2984,0.37115899245386397,0.33657119398109947,-6.002585160496562,147.22422833998877,132.320495506714
1.2992,0.37197653236508965,0.33547165330482653,-6.004858880519883,147.76314732410964,132.34778148313586
1.3,0.3727899925108364,0.33437071965077475,-6.007137577786939,148.3035472874939,132.37262608536096
1.3008,0.3735993737051351,0.33326840239047684,-6.009421326327262,148.84542056535102,132.3950077198074
1.3016,0.3744046767658516,0.33216471088340316,-6.0117101998352895,149.38875925744517,132.41490471519265
1.3024,0.37520590251469543,0.3310596544769903,-6.014004271672455,149.93355522534537,132.4322953243885
1.3032,0.3760030517772312,0.32995324250666375,-6.016303614869297,150.47980008967465,132.44715772632912
1.304,0.3767961253828873,0.3288454842958632,-6.018608302127541,151.02748522735516,132.45947002797325
1.3048,0.37758512416496415,0.32773638915606823,-6.020918405822188,151.57660176885148,132.4692102663211
1.3056,0.37837004896064286,0.32662596638681923,-6.023233998003633,152.12714059541418,132.4763564104856
1.3064,0.37915090061099194,0.3255142252757442,-6.025555150399721,152.679092336321,132.48088636382096
1.3072,0.37992767996097465,0.3244011750985793,-6.027881934417849,153.2324473661208,132.48277796610645
1.308,0.38070038785945476,0.3232868251191925,-6.030214421147057,153.78719580187752,132.48200899578816
1.3088,0.3814690251592015,0.3221711845896075,-6.032552681360079,154.34332750041648,132.47855717227816
1.3096,0.3822335927168955,0.3210542627500228,-6.034896785515463,154.9008320555758,132.47240015831215
1.3104,0.38299409139313173,0.31993606882883724,-6.037246803759599,155.45969879545888,132.4635155623665
1.3112,0.38375052205242377,0.3188166120426684,-6.039602805928835,156.01991677969482,132.4518809411338
1.312,0.38450288556320683,0.31769590159637495,-6.041964861551515,156.58147479670416,132.43747380206028
1.3128,0.38525118279783904,0.3165739466830786,-6.044333039850055,157.1443613609703,132.4202716059426
1.3136,0.3859954146326046,0.3154507564841827,-6.046707409743009,157.7085647103216,132.40025176958682
1.3144,0.38673558194771246,0.3143263401693951,-6.049088039847126,158.27407280321992,132.3773916685288
1.3152,0.38747168562729956,0.3132007068967452,-6.051474998479409,158.84087331606236,132.3516686398175
1.316,0.3882037265594284,0.3120738658126061,-6.05386835365916,159.4089536404919,132.3230599848614
1.3168,0.3889317056360867,0.310945826051714,-6.056268173110037,159.9783008807212,132.29154297233796
1.3176,0.38965562375318646,0.30981659673718576,-6.058674524262098,160.54890185087132,132.25709484116743
1.3184,0.39037548181056025,0.3086861869805405,-6.061087474253849,161.12074307232288,132.21969280355137
1.3192,0.39109128071196064,0.30755460588171585,-6.063507089934275,161.69381077108582,132.1793140480762
1.32,0.3918030213650551,0.3064218625290882,-6.065933437864878,162.26809087518419,132.13593574288208
1.3208,0.39251070468142196,0.3052879659994912,-6.068366584321714,162.84356901206,132.08953503889788
1.3216,0.3932143315765469,0.3041529253582325,-6.070806595297411,163.42023050599795,132.0400890731427
1.3224,0.3939139029698161,0.30301674965911357,-6.073253536503211,163.998060375569,131.98757497209417
1.3232,0.3946094197845116,0.30187944794444566,-6.075707473370975,164.5770433310983,131.93196985512367
1.324,0.39530088294780436,0.30074102924506835,-6.0781684710552035,165.15716377215554,131.87325083799982
1.3248,0.39598829339074626,0.2996015025803679,-6.080636594435047,165.73840578506966,131.81139503645946
1.3256000000000001,0.39667165204826355,0.2984608769582918,-6.083111908116336,166.32075314047248,131.74637956984697
1.3264,0.3973509598591473,0.2973191613753692,-6.085594476433548,166.9041892908668,131.6781815648227
1.3272,0.39802621776604535,0.29617636481672455,-6.088084363451845,167.4886973682265,131.60677815913962
1.328,0.39869742671545194,0.2950324962560964,-6.090581632969048,168.0742601816253,131.53214650548978
1.3288,0.39936458765769706,0.2938875646558542,-6.093086348517641,168.66086021489863,131.4542637754203
1.3296000000000001,0.40002770154693706,0.2927415789670127,-6.095598573366754,169.24847962433944,131.37310716331837
1.3304,0.4006867693411409,0.29159454812925106,-6.098118370524148,169.83710023642737,131.28865389046683
1.3312,0.4013417920020801,0.2904464810709266,-6.1006458027382005,170.42670354559735,131.20088120916952
1.332,0.40199277049531523,0.289297386709092,-6.103180932499866,171.01727071204417,131.10976640694724
1.3328,0.40263970579018116,0.28814727394951206,-6.1057238220446735,171.60878255956706,131.0152868108029
1.3336000000000001,0.4032825988597756,0.28699615168667764,-6.1082745333546695,172.20121957345782,130.91741979155879
1.3344,0.40392145068094226,0.2858440288038236,-6.110833128160388,172.79456189842912,130.8161427682631
1.3352,0.404556262234257,0.2846909141729428,-6.113399667942813,173.38878933658964,130.7114332126671
1.336,0.40518703450401145,0.2835368166548022,-6.115974213935339,173.98388134546516,130.60326865377337
1.3368,0.40581376847819645,0.2823817450989596,-6.118556827125692,174.57981703606643,130.49162668245413
1.3376000000000001,0.4064364651484856,0.28122570834377697,-6.121147568257905,175.1765751710093,130.37648495613988
1.3384,0.40705512551021644,0.28006871521643806,-6.123746497834251,175.7741341626838,130.2578212035784
1.3392,0.40766975056237387,0.278910774532962,-6.12635367611716,176.3724720714787,130.13561322966436
1.34,0.4082803413075703,0.2777518950982191,-6.12896916313117,176.97156660405986,130.00983892033815
1.3408,0.4088868987520255,0.27659208570594795,-6.131593018664846,177.57139511170507,129.88047624755526
1.3416000000000001,0.40948942390554804,0.27543135513876715,-6.134225302272707,178.1719345886996,129.7475032743243
1.3424,0.41008791778151366,0.2742697121681941,-6.136866073277126,178.7731616707897,129.6108981598155
1.3432,0.41068238139684426,0.273107165554658,-6.139515390770263,179.3750526337002,129.47063916453675
1.344,0.4112728157719865,0.2719437240475151,-6.142173313615956,179.97758339171594,129.326704655579
1.3448,0.4118592219308879,0.27077939638506576,-6.144839900451636,180.5807294963279,129.17907311192977
1.3456000000000001,0.4124416009009759,0.2696141912945672,-6.147515209690214,181.18446613495013,129.0277231298541
1.3464,0.41301995371313227,0.2684481174922508,-6.150199299521979,181.78876812970304,128.87263342834268
1.3472,0.4135942814016705,0.2672811836833358,-6.152892227916478,182.39360993627116,128.7137828546268
1.348,0.4141645850043095,0.2661133985620451,-6.1555940526244175,182.99896564283372,128.55115038975904
1.3488,0.4147308655621495,0.26494477081162127,-6.158304831179517,183.6048089690696,128.38471515426008
1.3496000000000001,0.41529312411964514,0.26377530910434005,-6.161024620900405,184.21111326524203,128.2144564138289
1.3504,0.41585136172457937,0.26260502210152814,-6.163753478892463,184.81785151136077,128.04035358511902
1.3512,0.41640557942803613,0.2614339184535765,-6.1664914620497076,185.42499631642698,127.86238624157593
1.352,0.41695577828437286,0.2602620067999561,-6.169238627056648,186.03251991776145,127.68053411933802
1.3528,0.41750195935119166,0.2590892957692354,-6.171995030390115,186.64039418041642,127.49477712319937
1.3536000000000001,0.41804412368931104,0.25791579397909276,-6.174760728321145,187.24859059667813,127.30509533263191
1.3544,0.41858227236273576,0.2567415100363354,-6.177535776916791,187.8570802856547,127.11146900786879
1.3552,0.4191164064386276,0.25556645253691246,-6.180320232041976,188.46583399295906,126.91387859604512
1.356,0.41964652698727384,0.25439063006593193,-6.183114149361329,189.0748220904823,126.7123047373965
1.3568,0.4201726350820568,0.2532140511976775,-6.185917584340994,189.68401457626356,126.50672827151492
1.3576000000000001,0.420694731799422,0.2520367244956224,-6.1887305922504705,190.29338107445776,126.29713024365839
1.3584,0.42121281821884504,0.2508586585124481,-6.191553228164425,190.90289083540046,126.08349191111569
1.3592,0.42172689542279984,0.24967986179005808,-6.194385546964495,191.51251273577677,125.86579474962325
1.36,0.42223696449672454,0.2485003428595957,-6.1972276033411084,192.1222152788909,125.64402045983346
1.3608,0.4227430265289873,0.247320110241461,-6.2000794517952755,192.7319665950418,125.41815097383308
1.3616000000000001,0.4232450826108527,0.24613917244532552,-6.202941146640385,193.34173444200678,125.18816846170962
1.3624,0.42374313383644496,0.2449575379701516,-6.205812742004001,193.951486205632,124.95405533816535
1.3632,0.42423718130271404,0.2437752153042068,-6.208694291829645,194.56118890053642,124.71579426917565
1.3639999999999999,0.42472722610939806,0.24259221292508235,-6.211585849878579,195.17080917092682,124.47336817869197
1.3648,0.4252132693589874,0.24140853929970996,-6.214487469731572,195.7803132915282,124.22676025538635
1.3656000000000001,0.4256953121566866,0.24022420288437982,-6.217399204790681,196.38966716863055,123.97595395943605
1.3664,0.4261733556103765,0.2390392121247579,-6.220321108281008,196.99883634125447,123.72093302934677
1.3672,0.42664740083057695,0.23785357545590247,-6.223253233252459,197.607785982438,123.46168148881215
1.3679999999999999,0.4271174489304061,0.23666730130228358,-6.2261956325815095,198.21648090064355,123.19818365360801
1.3688,0.4275835010255423,0.2354803980778002,-6.229148358972933,198.82488554129083,122.93042413851904
1.3696000000000002,0.4280455582341831,0.23429287418579958,-6.232111464961556,199.43296398841423,122.65838786429622
1.3704,0.42850362167700484,0.23310473801909495,-6.235085002914,200.04067996644903,122.3820600646421
1.3712,0.42895769247712173,0.23191599795998377,-6.238069025030407,200.64799684214577,122.10142629322227
1.3719999999999999,0.4294077717600442,0.2307266623802676,-6.241063583346164,201.25487762661652,121.8164724307016
1.3728,0.42985386065363634,0.22953673964127047,-6.24406872973363,201.861284977513,121.52718469180085
1.3736000000000002,0.4302959602880732,0.22834623809385934,-6.247084515903851,202.46718120133926,121.23354963237341
1.3744,0.4307340717957975,0.22715516607846303,-6.25011099340827,203.07252825590055,120.93555415649857
1.3752,0.4311681963114763,0.22596353192509125,-6.253148213640429,203.6772877528898,120.63318552358865
1.376,0.4315983349719557,0.22477134395335593,-6.25619622783768,204.28142096061205,120.32643135550835
1.3768,0.43202448891621725,0.22357861047249059,-6.259255087082865,204.88488880685088,120.01527964370334
1.3776,0.43244665928533116,0.22238533978137254,-6.262324842306009,205.48765188187454,119.69971875633513
1.3784,0.43286484722241153,0.22119154016854123,-6.265405544286017,206.089670441588,119.37973744541891
1.3792,0.4332790538725691,0.219997219912222,-6.26849724365233,206.6909044108272,119.05532485396378
1.38,0.4336892803828649,0.2188023872803453,-6.271599990886615,207.29131338680136,118.72647052310975
1.3808,0.4340955279022629,0.2176070505305692,-6.274713836324423,207.89085664268052,118.39316439926031
1.3816,0.434497797581581,0.21641121791030235,-6.277838830156856,208.48949313133232,118.05539684120782
1.3824,0.43489609057344414,0.21521489765672405,-6.280975022432218,209.08718148920897,117.71315862724664
1.3832,0.4352904080322338,0.2140180979968093,-6.284122463057664,209.68388004038286,117.36644096227418
1.384,0.4356807511140396,0.2128208271473494,-6.287281201800857,210.27954680073583,117.01523548487302
1.3848,0.4360671209766089,0.21162309331497595,-6.290451288291598,210.87413948229982,116.6595342743738
1.3856,0.4364495187792962,0.21042490469618555,-6.293632772023452,211.46761549775002,116.29932985789524
1.3864,0.43682794568301264,0.20922626947736123,-6.296825702355396,212.05993196505509,115.9346152173556
1.3872,0.4372024028501738,0.20802719583479887,-6.30003012851343,212.6510457122788,115.56538379645595
1.388,0.4375728914446486,0.20682769193472997,-6.303246099592189,213.24091328254028,115.19162950762833
1.3888,0.4379394126317063,0.20562776593334678,-6.306473664556568,213.82949093912896,114.81334673894784
1.3896,0.4383019675779633,0.20442742597682884,-6.309712872243324,214.41673467077615,114.43053036100443
1.3904,0.43866055745133087,0.20322668020136608,-6.312963771362661,215.00260019708523,114.04317573372983
1.3912,0.4390151834209596,0.20202553673318713,-6.316226410499856,215.5870429741178,113.65127871317794
1.392,0.43936584665718664,0.2008240036885834,-6.319500838116811,216.17001820013937,113.25483565825324
1.3928,0.4397125483314799,0.1996220891739366,-6.322787102553676,216.7514808215224,112.85384343738468
1.3936,0.44005528961638246,0.19841980128574657,-6.32608525203039,217.33138553880653,112.44829943514155
1.3944,0.4403940716854582,0.19721714811065644,-6.3293953346482805,217.90968681291997,112.03820155878576
1.3952,0.4407288957132333,0.19601413772548273,-6.33271739839162,218.48633887155617,111.62354824475979
1.396,0.44105976287514187,0.1948107781972416,-6.336051491129181,219.0612957157106,111.20433846510328
1.3968,0.44138667434746703,0.19360707758317783,-6.339397660615806,219.6345111263752,110.78057173379683
1.3976,0.44170963130728375,0.1924030439307949,-6.342755954493944,220.20593867138894,110.35224811302828
1.3984,0.4420286349324013,0.19119868527788217,-6.346126420295199,220.77553171244853,109.9193682193769
1.3992,0.4423436864013035,0.18999400965254684,-6.349509105441876,221.3432434122723,109.4819332299131
1.4,0.4426547868930908,0.1887890250732422,-6.3529040572485,221.90902674192358,109.03994488820813
1.4008,0.4429619375874201,0.1875837395487988,-6.356311322923355,222.47283448828705,108.59340551025092
1.4016,0.443265139664445,0.1863781610784568,-6.3597309495699985,223.03461926170058,108.14231799026828
1.4024,0.44356439430475547,0.18517229765189464,-6.36316298418878,223.59433350374155,107.68668580644243
1.4032,0.44385970268931674,0.18396615724926405,-6.366607473678348,224.15192949516373,107.22651302652532
1.404,0.4441510659994086,0.18275974784121965,-6.370064464837155,224.70735936398856,106.7618043133419
1.4048,0.44443848541656306,0.18155307738895285,-6.373534004364965,225.26057509374456,106.29256493018144
1.4056,0.44472196212250215,0.1803461538442262,-6.377016138864327,225.81152853185606,105.8188007460717
1.4064,0.4450014972990762,0.17913898514940452,-6.38051091484208,226.360171398181,105.34051824093063
1.4072,0.4452770921281996,0.17793157923749184,-6.38401837871082,226.90645529369286,104.85772451059478
1.408,0.44554874779178844,0.17672394403216377,-6.387538576790389,227.4503317093082,104.37042727171642
1.4088,0.44581646547169584,0.1755160874478035,-6.391071555309333,227.99175203485646,103.87863486652896
1.4096,0.44608024634964816,0.1743080173895385,-6.394617360406366,228.53066756819004,103.38235626747517
1.4104,0.44634009160717975,0.17309974175327414,-6.39817603813184,229.06702952443413,102.8816010816926
1.4112,0.44659600242556824,0.1718912684257331,-6.40174763444918,229.60078904537144,102.37637955535607
1.412,0.4468479799857692,0.17068260528449003,-6.405332195236335,230.13189720896415,101.86670257786969
1.4128,0.4470960254683495,0.16947376019801033,-6.408929766287227,230.6603050390044,101.35258168590599
1.4136,0.44734014005342093,0.16826474102568895,-6.412540393313177,231.18596351489694,100.83402906728932
1.4144,0.4475803249205744,0.16705555561788707,-6.416164121944332,231.70882358156808,100.31105756471703
1.4152,0.4478165812488115,0.1658462118159736,-6.419800997731091,232.2288361594986,99.78368067931774
1.416,0.44804891021647786,0.16463671745236283,-6.423451066145516,232.7459521548789,99.25191257403999
1.4168,0.44827731300119456,0.16342708035055542,-6.427114372582753,233.26012246988267,98.71576807686971
1.4176,0.4485017907797899,0.16221730832518044,-6.430790962362419,233.77129801305463,98.17526268387243
1.4184,0.44872234472823097,0.16100740918203402,-6.434480880730017,234.27942970981408,97.63041256205476
1.4192,0.44893897602155375,0.15979739071812424,-6.438184172858317,234.78446851306413,97.08123455204506
1.42,0.4491516858337941,0.1585872607217111,-6.4419008838487475,235.28636541390887,96.52774617058549
1.4208,0.44936047533791795,0.15737702697235043,-6.445631058732776,235.78507145247326,95.96996561283623
1.4216,0.4495653457057505,0.1561666972409385,-6.449374742473269,236.28053772881944,95.40791175448561
1.4224,0.4497662981079056,0.15495627928975414,-6.453131979965891,236.77271541396124,94.84160415366306
1.4232,0.4499633337137147,0.1537457808725056,-6.456902816040426,237.26155576096718,94.27106305265397
1.424,0.4501564536911561,0.152535209734374,-6.460687295462161,237.74701011615372,93.69630937940974
1.4248,0.4503456592067818,0.15132457361206003,-6.4644854629332285,238.2290299303591,93.1173647488527
1.4256,0.45053095142564636,0.1501138802338314,-6.468297363093947,238.70756677029797,92.53425146397252
1.4264000000000001,0.4507123315112341,0.14890313731956792,-6.472123040524154,239.18257232999144,91.94699251670882
1.4272,0.45088980062538564,0.14769235258081162,-6.475962539744545,239.65399844226604,91.35561158862116
1.428,0.4510633599282256,0.1464815337208127,-6.479815905217991,240.1217970903214,90.76013305133921
1.4288,0.45123301057808823,0.14527068843457983,-6.483683181350857,240.5859204193572,90.16058196679396
1.4296,0.4513987537314434,0.14405982440893045,-6.487564412494319,241.0463207482589,89.55698408722688
1.4304000000000001,0.451560590542823,0.1428489493225387,-6.49145964294566,241.50295058133582,88.949365854971
1.4312,0.4517185221647456,0.14163807084598903,-6.495368916949573,241.9557626201054,88.337754402008
1.432,0.4518725497476413,0.14042719664182532,-6.499292278699459,242.40470977512186,87.72217754929206
1.4328,0.4520226744397774,0.139216334364604,-6.503229772338697,242.8497451778423,87.10266380584432
1.4336,0.45216889738718125,0.13800549166094814,-6.507181441961939,243.29082219252362,86.47924236761251
1.4344000000000001,0.45231121973356575,0.13679467616959778,-6.511147331616374,243.72789442815022,85.85194311609341
1.4352,0.45244964262025134,0.13558389552146793,-6.515127485303001,244.16091575038027,85.22079661672069
1.436,0.4525841671860913,0.13437315733969996,-6.519121946977871,244.58984029351302,84.58583411701026
1.4368,0.45271479456739283,0.13316246923971858,-6.523130760553366,245.0146224724642,83.94708754446692
1.4376,0.452841525897841,0.13195183882928904,-6.527153969899421,245.43521699474937,83.30458950424907
1.4384000000000001,0.4529643623084205,0.13074127370857144,-6.53119161884478,245.8515788724684,82.65837327658808
1.4392,0.453083304927338,0.12953078147018113,-6.5352437511782115,246.26366343428344,82.00847281396597
1.44,0.4531983548799436,0.1283203696992443,-6.539310410649758,246.67142633738874,81.35492273804496
1.4408,0.4533095132886527,0.12711004597345843,-6.543391640971929,247.07482357946213,80.6977583363528
1.4416,0.4534167812728665,0.12589981786315246,-6.54748748582093,247.4738115105958,80.03701555872098
1.4424000000000001,0.45352015994889355,0.12468969293134521,-6.551597988837865,247.8683468452,79.37273101347385
1.4432,0.45361965042986985,0.12347967873380887,-6.555723193629919,248.2583866738719,78.70494196337253
1.444,0.45371525382567873,0.12226978281912863,-6.5598631437715795,248.6438884752268,78.03368632130827
1.4448,0.4538069712428718,0.12106001272876613,-6.564017882805791,249.02481012768334,77.35900264574934
1.4456,0.45389480378458774,0.11985037599712398,-6.568187454245141,249.4011099211975,76.68093013594026
1.4464000000000001,0.453978752550472,0.11864088015160723,-6.572371901573041,249.7727465689409,75.99950862685074
1.4472,0.4540588186365957,0.11743153271269094,-6.576571268244875,250.13967921891506,75.31477858388087
1.448,0.4541350031353749,0.11622234119398345,-6.580785597689158,250.5018674654975,74.62678109731593
1.4488,0.4542073071354887,0.11501331310229354,-6.585014933308692,250.85927136091306,73.93555787653736
1.4496,0.45427573172179786,0.11380445593769868,-6.5892593184816795,251.21185142662424,73.24115124398864
1.4504000000000001,0.4543402779752623,0.11259577719361041,-6.593518796562906,251.55956866463524,72.54360412889426
1.4512,0.4544009469728595,0.11138728435684578,-6.597793410884808,251.9023845687028,71.8429600607396
1.452,0.45445773978750137,0.11017898490769427,-6.602083204758637,252.24026113544943,71.13926316250544
1.4528,0.45451065748795205,0.10897088631998922,-6.606388221475546,252.57316087537103,70.43255814366485
1.4536,0.4545597011387444,0.10776299606117962,-6.610708504307695,252.90104682373456,69.72289029294097
1.4544000000000001,0.45460487180009723,0.10655532159239971,-6.615044096509351,253.22388255135982,69.01030547082705
1.4552,0.4546461705278312,0.10534787036854426,-6.6193950413179685,253.5416321752777,68.29485010187398
1.456,0.45468359837328565,0.10414064983833969,-6.623761381955279,253.8542603692622,67.57657116674326
1.4568,0.454717156383234,0.10293366744441917,-6.628143161628357,254.16173237422709,66.85551619403118
1.4576,0.4547468455998004,0.10172693062339902,-6.632540423530672,254.46401400848376,66.13173325186611
1.4584000000000001,0.45477266706037417,0.10052044680595187,-6.6369532108431715,254.76107167785344,65.40527093927798
1.4592,0.4547946217975262,0.09931422341688656,-6.641381566735291,255.052872385629,64.67617837734983
1.46,0.4548127108389231,0.09810826787522295,-6.645825534366027,255.33938374237943,63.94450520014603
1.4608,0.45482693520724293,0.09690258759427164,-6.650285156884954,255.62057397559383,63.21030154542764
1.4616,0.45483729592008904,0.09569718998171434,-6.654760477433239,255.8964119391553,62.473618045154254
1.4624000000000001,0.4548437939899053,0.09449208243968134,-6.659251539144668,256.1668671226452,61.734505815774995
1.4632,0.4548464304238898,0.09328727236483562,-6.663758385146644,256.43190966046643,60.99301644831699
1.464,0.45484520622390906,0.09208276714845214,-6.668281058561188,256.6915103407855,60.249201998268774
1.4648,0.454840122386412,0.09087857417650191,-6.672819602505925,256.9456406142847,59.503114975267835
1.4656,0.4548311799023435,0.08967470082973635,-6.677374060095059,257.19427260272107,58.75480833259412
1.4664000000000001,0.45481837975705763,0.0884711544837697,-6.681944474440359,257.437379107288,58.00433545647214
1.4672,0.4548017229302312,0.08726794250916717,-6.686530888652101,257.6749336167714,57.25175015519025
1.468,0.4547812103957769,0.0860650722715289,-6.6911333458400275,257.9069103155006,56.49710664803652
1.4688,0.45475684312175585,0.08486255113157838,-6.695751889114304,258.1332840910844,55.74045955405997
1.4696,0.4547286220702907,0.08366038644525146,-6.70038656158643,258.3540305419308,54.981863880660335
1.4704000000000002,0.45469654819747796,0.08245858556378323,-6.7050374063701845,258.5691259845458,54.22137501200922
1.4712,0.45466062245330047,0.08125715583380083,-6.709704466582528,258.7785474606058,53.459048697312596
1.472,0.45462084578153955,0.08005610459741205,-6.714387785344515,258.9822727437999,52.694941038913605
1.4727999999999999,0.4545772191196873,0.07885543919229837,-6.71908740578219,259.18028034644004,51.92910848024633
1.4736,0.454529743398858,0.07765516695180766,-6.723803371027478,259.37254952583123,51.16160779364255
1.4744000000000002,0.45447841954370044,0.07645529520504843,-6.728535724219049,259.5590602904018,50.39249606799863
1.4752,0.4544232484723094,0.07525583127698454,-6.733284508503193,259.73979340558867,49.621830696307086
1.476,0.45436423109613655,0.07405678248852988,-6.738049767034684,259.91473039947346,48.84966936305805
1.4768,0.454301368319903,0.07285815615664616,-6.742831542977611,260.0838535681681,48.076070031519116
1.4776,0.45423466104150884,0.07165995959444031,-6.747629879506234,260.2471459809442,47.30109093089607
1.4784000000000002,0.45416411015194563,0.07046220011126353,-6.752444819805792,260.4045914851063,46.524790543382885
1.4792,0.45408971653520697,0.0692648850128111,-6.757276407073323,260.5561747106037,45.74722759110585
1.48,0.45401148106819866,0.06806802160122183,-6.762124684518479,260.70188107437906,44.96846102296699
1.4808,0.45392940462065035,0.06687161717518085,-6.766989695364311,260.8416967844517,44.188550001396116
1.4816,0.45384348805502533,0.06567567903002197,-6.7718714828480575,260.9756088437328,43.407553889014636
1.4824,0.45375373222643167,0.06448021445783242,-6.77677009022191,261.103605053571,42.62553223521969
1.4832,0.4536601379825323,0.06328523074755538,-6.78168556075378,261.22567401702486,41.842544762691574
1.484,0.45356270616345495,0.062090735185098556,-6.7866179377280496,261.3418051418627,41.05865135383699
1.4848,0.45346143760170327,0.06089673505343849,-6.791567264446305,261.4519886432862,40.2739120371669
1.4856,0.4533563331220657,0.059703237632729514,-6.796533584228075,261.55621554637764,39.48838697362231
1.4864,0.45324739354152666,0.05851025020041357,-6.801516940411528,261.6544776882678,38.702136442851334
1.4872,0.4531346196691756,0.0573177800313283,-6.806517376354192,261.74676772002664,37.91522082944294
1.488,0.4530180123061175,0.05612583439782026,-6.811534935433638,261.83307910827165,37.127700609128084
1.4888,0.4528975722453822,0.054934420569854744,-6.816569661048161,261.91340613649663,36.3396363349498
1.4896,0.4527733002718344,0.0537435458151304,-6.821621596617453,261.98774390611885,35.55108862341365
1.4904,0.4526451971620832,0.05255321739919416,-6.8266907855832395,262.0560883372435,34.762118140622874
1.4912,0.4525132636843916,0.05136344258555439,-6.831777271409951,262.1184361691478,33.972785588403134
1.492,0.4523775005985865,0.05017422863580006,-6.836881097585321,262.1747849604808,33.18315169042884
1.4928,0.4522379086559677,0.048985582809716016,-6.842002307621025,262.2251330891838,32.3932771783513
1.4936,0.45209448859921747,0.04779751236540265,-6.847140945053275,262.26947975212755,31.603222777940417
1.4944,0.4519472411623103,0.04661002455939685,-6.852297053443407,262.3078249644684,30.813049195245085
1.4952,0.4517961670704219,0.045423126646790254,-6.857470676378462,262.34016955872664,30.022817102776006
1.496,0.4516412670398391,0.04423682588135456,-6.862661857471748,262.3665151835818,29.23258712572364
1.4968,0.45148254177786845,0.04305112951566199,-6.867870640363385,262.3868643023926,28.44241982821078
1.4976,0.4513199919827463,0.041866044801210846,-6.873097068720848,262.40122019143837,27.652375699591975
1.4984,0.45115361834354756,0.04068157898855205,-6.8783411862394805,262.4095869378859,26.862515140804334
1.4992,0.4509834215400955,0.0394977393274135,-6.883603036643004,262.41196943748093,26.072898450773426
1.5,0.4508094022428708,0.03831453306683059,-6.888882663684007,262.40837339196855,25.283585812886603
1.5008,0.450631561112921,0.03713196745527285,-6.894180111144422,262.39880530624333,24.49463728153329
1.5016,0.4504498988017695,0.03595004974077554,-6.899495422836002,262.3832724852298,23.706112768724164
1.5024000000000002,0.45026441595132544,0.03476878717107123,-6.904828642600739,262.3617830304983,22.91807203079246
1.5032,0.4500751131937929,0.033588186993722145,-6.910179814311316,262.33434583661784,22.130574655183878
1.504,0.4498819911515801,0.03240825645625329,-6.91554898187152,262.3009705872458,21.34368004734093
1.5048,0.44968505043720913,0.03122900280628828,-6.92093618921664,262.26166775096146,20.55744741768937
1.5056,0.44948429165322507,0.030050433291685386,-6.9263414803138454,262.2164485768437,19.771935768730543
1.5064000000000002,0.4492797153921061,0.02887255516067546,-6.931764899162561,262.165325089796,18.987203882246853
1.5072,0.4490713222361724,0.02769537566200055,-6.9372064897948125,262.10831008562246,18.203310306624875
1.508,0.44885911275749635,0.02651890204505303,-6.942666296275563,262.04541712585916,17.420313344301988
1.5088,0.4486430875178118,0.025343141560017768,-6.948144362703034,261.97666053236145,16.638271039343305
1.5096,0.4484232470684241,0.02416810145801412,-6.953640733208992,261.9020553816547,15.857241165152395
1.5104000000000002,0.44819959195011977,0.022993788991240598,-6.959155451959049,261.8216174990478,15.077281212322726
1.5112,0.44797212269307696,0.02182021141311932,-6.964688563152902,261.73536345251887,14.298448376633331
1.512,0.4477408398167743,0.020647375978441712,-6.970240111024611,261.64331054637034,13.520799547194304
1.5128,0.4475057438299022,0.01947528994351706,-6.9758101398428005,261.545476814664,12.744391294748436
1.5136,0.44726683523027233,0.01830396056632084,-6.981398693910882,261.44188101443666,11.969279860131556
1.5144000000000002,0.4470241145047282,0.017133395106646035,-6.9870058175672405,261.3325426187005,11.19552114289828
1.5152,0.4467775821290556,0.01596360082625395,-6.992631555185397,261.21748180923544,10.423170690115544
1.516,0.44652723856789284,0.014794584989026277,-6.998275951174184,261.09671946917507,9.652283685329312
1.5168,0.4462730842746419,0.013626354861120751,-7.003939049977854,260.97027717539225,8.882914937710256
1.5176,0.4460151196913784,0.012458917711125611,-7.00962089607621,260.8381771906898,8.115118871379424
1.5184,0.44575334524876375,0.01129228081021813,-7.015321533984671,260.700442455799,7.348949514921224
1.5192,0.44548776136595475,0.010126451432320346,-7.0210410082543815,260.55709658119304,6.584460491083051
1.52,0.4452183684505163,0.008961436854261559,-7.026779363472222,260.40816383871976,5.821705006671551
1.5208,0.44494516689833147,0.007797244355936972,-7.032536644260869,260.25366915305756,5.060735842641958
1.5216,0.44466815709351365,0.006633881220470916,-7.038312895278789,260.09363809300163,4.301605344389504
1.5224,0.4443873394083186,0.005471354734381893,-7.044108161220216,259.92809686258516,3.54436541224427
1.5232,0.44410271420305547,0.0043096721877452625,-7.0499224868151344,259.7570722920383,2.7890674921697576
1.524,0.44381428182599963,0.0031488408743625333,-7.055755916829205,259.58059182859563,2.0357625666740486
1.5248,0.44352204261330463,0.001988868091927224,-7.061608496063684,259.39868352715183,1.2845011459296527
1.5256,0.4432259968889144,0.0008297611421949454,-7.06748026935533,259.21137604077444,0.5353332591096988
1.5264,0.44292614496447646,-0.0003284726688443434,-7.0733712815762555,259.0186986110785,-0.21169155405845408
1.5272000000000001,0.4426224871392544,-0.0014858260307965333,-7.079281577633787,258.8206810584684,-0.9565242515228867
1.528,0.4423150237000412,-0.002642291628686999,-7.085211202470287,258.61735377225244,-1.6991162969121152
1.5288,0.4420037549210724,-0.0037978621427874446,-7.091160201062946,258.4087477006351,-2.439419667319735
1.5296,0.44168868106393955,-0.004952530248438389,-7.097128618423564,258.19489434059534,-3.177386860862034
1.5304,0.44136980237750467,-0.006106288615870027,-7.103116499598277,257.9758257276529,-3.912970904008673
1.5312000000000001,0.4410471190978133,-0.007259129910024652,-7.109123889667316,257.75157442552995,-4.646125358686948
1.532,0.4407206314480099,-0.008411046790373009,-7.115150833744654,257.5221735157162,-5.376804329153447
1.5328,0.4403903396382514,-0.009562031910733916,-7.121197376977716,257.28765658693726,-6.104962468637824
1.5336,0.44005624386562286,-0.010712077919088991,-7.127263564546996,257.04805772453847,-6.830554985752478
1.5344,0.4397183443140522,-0.011861177457396024,-7.133349441665683,256.8034114997854,-7.553537650669501
1.5352000000000001,0.4393766411542258,-0.01300932316140393,-7.1394550535792325,256.5537529590884,-8.273866801066003
1.536,0.4390311345435043,-0.014156507660461493,-7.145580445564934,256.2991176131573,-8.991499347832345
1.5368,0.43868182462583843,-0.015302723577329045,-7.151725662931435,256.03954142609035,-9.706392780548562
1.5376,0.4383287115316852,-0.016447963527985825,-7.157890751018251,255.7750608044045,-10.418505172724165
1.5384,0.4379717953779255,-0.017592220121435336,-7.164075755195205,255.50571258601192,-11.127795186802633
1.5392000000000001,0.4376110762677799,-0.01873548595951259,-7.170280720861904,255.23153402914852,-11.834222078933044
1.54,0.4372465542907268,-0.019877753636684915,-7.176505693447117,254.95256280126014,-12.537745703503765
1.5408,0.43687822952242006,-0.021019015739855814,-7.182750718408161,254.66883696785112,-13.23832651744446
1.5416,0.4365061020246065,-0.022159264848164377,-7.189015841230254,254.3803949813019,-13.935925584292104
1.5424,0.4361301718450455,-0.023298493532782412,-7.19530110742581,254.0872756696607,-14.630504578023048
1.5432000000000001,0.4357504390174262,-0.024436694356713883,-7.201606562533738,253.78951822541347,-15.322025786654516
1.544,0.4353669035612885,-0.02557385987458756,-7.207932252118669,253.48716219423966,-16.01045211561088
1.5448,0.434979565481941,-0.026709982632452643,-7.214278221770183,253.1802474637565,-16.69574709086164
1.5455999999999999,0.43458842477038223,-0.027845055167569514,-7.220644517101979,252.86881425225917,-17.37787486182738
1.5464,0.43419348140322017,-0.02897907000820064,-7.227031183751027,252.55290309746147,-18.056800204058057
1.5472000000000001,0.4337947353425939,-0.030112019673398105,-7.233438267376657,252.23255484523995,-18.732488521682644
1.548,0.43339218653609446,-0.031243896672791212,-7.239865813659648,251.90781063839097,-19.404905849633987
1.5488,0.43298583491668635,-0.032374693506372156,-7.246313868301258,251.57871190540004,-20.074018855648873
1.5495999999999999,0.4325756804026301,-0.033504402664278614,-7.252782477022216,251.24530034923347,-20.739794842044606
1.5504,0.43216172289740473,-0.034633016626576064,-7.25927168556169,250.90761793615374,-21.40220174727539
1.5512000000000001,0.4317439622896309,-0.035760527863036906,-7.265781539676196,250.56570688456452,-22.06120814726883
1.552,0.4313223984529945,-0.03688692883291916,-7.272312085138495,250.21960965389056,-22.71678325654607
1.5528,0.43089703124617085,-0.03801221198474387,-7.2788633677364185,249.8693689334944,-23.368896929127235
1.5535999999999999,0.43046786051274893,-0.03913636975606863,-7.285435433271688,249.51502763163896,-24.017519659222963
1.5544,0.4300348860811568,-0.04025939457326129,-7.292028327558667,249.15662886449522,-24.662622581716473
1.5552000000000001,0.4295981077645873,-0.04138127885127016,-7.29864209642307,248.7942159452032,-25.304177472436695
1.556,0.42915752536092416,-0.042502014993393955,-7.305276785700654,248.42783237298852,-25.942156748226665
1.5568,0.42871313865266847,-0.0436215953910501,-7.311932441235854,248.0575218223386,-26.576533466809032
1.5575999999999999,0.4282649474068662,-0.044740012423539345,-7.318609108880354,247.6833281322433,-27.207281326449987
1.5584,0.42781295137503583,-0.04585725845781049,-7.325306834491658,247.30529529550387,-27.83437466542694
1.5592000000000001,0.42735715029309745,-0.04697332584822129,-7.3320256639315655,246.92346744811357,-28.45778846129998
1.56,0.4268975438813009,-0.048088206936299505,-7.3387656430646375,246.53788885871342,-29.07749832999267
1.5608,0.4264341318441559,-0.04920189405050166,-7.345526817756614,246.14860391812695,-29.693480524683515
1.5615999999999999,0.42596691387036223,-0.05031437950596882,-7.352309233872751,245.75565712897856,-30.305711934510857
1.5624,0.42549588963274015,-0.05142565560428146,-7.359112937276158,245.35909309539664,-30.91417008309534
1.5632000000000001,0.425021058788163,-0.05253571463321151,-7.365937973826039,244.9589565128077,-31.518833126882168
1.564,0.42454242097748845,-0.05364454886647354,-7.372784389375914,244.5552921578209,-32.119679853307176
1.5648,0.42405997582549154,-0.05475215056347438,-7.379652229771785,244.14814487820988,-32.71668967878988
1.5655999999999999,0.42357372294079815,-0.055858511969058895,-7.38654154085025,243.73755958299245,-33.30984264655525
1.5664,0.42308366191581936,-0.05696362531325575,-7.39345236843655,243.32358123261236,-33.899119424289914
1.5672000000000001,0.4225897923266864,-0.05806748281101936,-7.40038475834258,242.90625482922465,-34.4845013016338
1.568,0.42209211373318634,-0.059170076661971625,-7.407338756364842,242.48562540708883,-35.065970187513
1.5688,0.42159062567869793,-0.06027139905014153,-7.414314408282348,242.0617380230704,-35.643508607315745
1.5695999999999999,0.42108532769012913,-0.06137144214370127,-7.4213117598544445,241.63463774725585,-36.217099699914726
1.5704,0.42057621927785493,-0.062470198094701904,-7.428330856818615,241.20436965368054,-36.78672721454056
1.5712000000000002,0.42006329993565594,-0.06356765903880557,-7.435371744888194,240.77097881117487,-37.35237550750866
1.572,0.419546569140658,-0.06466381709501688,-7.442434469750037,240.3345102743281,-37.91402953880414
1.5728,0.41902602635327163,-0.06575866436541274,-7.449519077062138,239.89500907457253,-38.47167486852808
1.5735999999999999,0.4185016710171342,-0.06685219293486808,-7.456625612451161,239.4525202113923,-39.02529765320765
1.5744,0.4179735025590503,-0.06794439487078142,-7.463754121509951,239.0070886436549,-39.57488464197526
1.5752000000000002,0.4174415203889363,-0.06903526222279674,-7.470904649794927,238.55875928107076,-40.12042317261905
1.576,0.41690572389976227,-0.07012478702252462,-7.478077242823468,238.10757697577932,-40.66190116750951
1.5768,0.416366112467497,-0.07121296128326152,-7.485271946071196,237.65358651406564,-41.19930712940558
1.5776,0.41582268545105333,-0.0722997769997051,-7.492488804969209,237.19683260820764,-41.732630137142436
1.5784,0.41527544219223406,-0.07338522614766935,-7.499727864901256,236.73735988845587,-42.26185984120684
1.5792000000000002,0.41472438201567974,-0.07446930068379573,-7.506989171200804,236.2752128951473,-42.78698645920192
1.58,0.41416950422881604,-0.07555199254526361,-7.514272769148091,235.81043607095253,-43.308000771205826
1.5808,0.41361080812180284,-0.07663329364949904,-7.521578703967075,235.34307375326003,-43.82489411502862
1.5816,0.41304829296748424,-0.07771319589387915,-7.528907020822314,234.8731701666968,-44.33765838136861
1.5824,0.4124819580213393,-0.07879169115543633,-7.536257764815794,234.4007694157863,-44.84628600887442
1.5832000000000002,0.41191180252143494,-0.07986877129055854,-7.543630980983638,233.92591547774614,-45.35076997911453
1.584,0.41133782568837746,-0.08094442813468894,-7.551026714292808,233.44865219542223,-45.85110381145877
1.5848,0.4107600267252674,-0.08201865350202324,-7.558445009637663,232.9690232703653,-46.347281557875725
1.5856,0.410178404817654,-0.08309143918520324,-7.565885911836498,232.48707225604625,-46.839297797647745
1.5864,0.40959295913349175,-0.08416277695500983,-7.573349465627945,232.0028425512121,-47.32714763200917
1.5872000000000002,0.40900368882309757,-0.08523265856005188,-7.580835715667352,231.5163773933839,-47.81082667870957
1.588,0.40841059301910865,-0.08630107572645468,-7.588344706523039,231.02771985249444,-48.29033106650693
1.5888,0.4078136708364419,-0.08736802015754588,-7.595876482672502,230.5369128246683,-48.76565742959357
1.5896,0.4072129213722546,-0.08843348353353754,-7.603431088498502,230.043999026143,-49.2368029019572
1.5904,0.4066083437059059,-0.0894974575112076,-7.611008568285101,229.54902098733203,-49.703765111682365
1.5912000000000002,0.40599993689891994,-0.09055993372357726,-7.618608966213573,229.05202104702943,-50.16654217519385
1.592,0.4053876999949498,-0.09162090377958763,-7.626232326358277,228.55304134675458,-50.625132691446524
1.5928,0.404771632019742,-0.09268035926377396,-7.633878692682398,228.05212382523933,-51.07953573606501
1.5936,0.4041517319811037,-0.09373829173593605,-7.64154810903361,227.54931021305524,-51.52975085543466
1.5944,0.40352799886887036,-0.0947946927308076,-7.649240619139653,227.0446420273822,-51.975778060749406
1.5952000000000002,0.4029004316548744,-0.09584955375772179,-7.656956266603815,226.5381605669159,-52.41761782201713
1.596,0.4022690292929157,-0.09690286630027599,-7.664695094900303,226.02990690691627,-52.85527106202846
1.5968,0.40163379071873284,-0.09795462181599365,-7.672457147369541,225.51992189439326,-53.28873915028967
1.5976,0.40099471484997595,-0.09900481173598277,-7.680242467213359,225.00824614343264,-53.718023896923555
1.5984,0.4003518005861812,-0.10005342746459295,-7.688051097490073,224.4949200306592,-54.14312754654168
1.5992000000000002,0.3997050468087467,-0.10110046037906872,-7.695883081109457,223.9799836908368,-54.56405277208989
1.6,0.39905445238090875,-0.10214590182920165,-7.703738460827651,223.4634770126049,-54.980802668671124
1.6008,0.3984000161477205,-0.10318974313698019,-7.711617279241926,222.94543963434995,-55.39338074734799
1.6016,0.397741736936032,-0.1042319755962352,-7.719519578785345,222.4259109402123,-55.801790928926756
1.6024,0.39707961355447086,-0.10527259047228475,-7.7274454017213365,221.90493005622625,-56.20603753772749
1.6032000000000002,0.3964136447934261,-0.10631157900157451,-7.735394790138126,221.3825358465933,-56.60612529534089
1.604,0.39574382942503167,-0.10734893239131732,-7.743367785943091,220.8587669100864,-57.00205931437643
1.6048,0.39507016620315183,-0.10838464181913007,-7.751364430856982,220.33366157658426,-57.39384509220317
1.6056,0.3943926538633693,-0.10941869843266648,-7.759384766408016,219.80725790373705,-57.7814885046858
1.6064,0.39371129112297354,-0.11045109334924874,-7.76742883392588,219.2795936737582,-58.16499579991887
1.6072000000000002,0.3930260766809521,-0.11148181765549504,-7.775496674535586,218.75070639034539,-58.54437359196115
1.608,0.3923370092179817,-0.11251086240694597,-7.783588329151227,218.22063327572485,-58.919628854572935
1.6088,0.3916440873964224,-0.11353821862768816,-7.791703838469606,217.6894112678229,-59.29076891495884
1.6096,0.3909473098603133,-0.11456387730997382,-7.799843242963714,217.15707701755863,-59.65780144751697
1.6104,0.39024667523536866,-0.11558782941383901,-7.808006582876122,216.62366688625963,-60.02073446759829
1.6112000000000002,0.3895421821289785,-0.11661006586671786,-7.816193898212196,216.08921694319858,-60.37957632527744
1.612,0.3888338291302076,-0.11763057756305534,-7.824405228733218,215.55376296324732,-60.73433569913723
1.6128,0.38812161480979823,-0.1186493553639173,-7.832640613949361,215.01734042465057,-61.085021590069736
1.6136,0.3874055377201745,-0.11966639009659659,-7.840900093112514,214.47998450691423,-61.43164331509401
1.6144,0.3866855963954479,-0.12068167255421727,-7.849183705208991,213.9417300888096,-61.774210501194524
1.6152000000000002,0.385961789351426,-0.12169519349533532,-7.857491488952073,213.4026117464908,-62.11273307918077
1.616,0.38523411508562133,-0.12270694364353732,-7.865823482774429,212.86266375172295,-62.44722127757048
1.6168,0.384502572077263,-0.12371691368703665,-7.874179724820383,212.3219200702211,-62.77768561649862
1.6176,0.38376715878731027,-0.12472509427826542,-7.882560252938032,211.78041436009784,-63.1041369016525
1.6184,0.3830278736584682,-0.12573147603346488,-7.8909651046712135,211.2381799704183,-63.42658621823651
1.6192000000000002,0.3822847151152053,-0.12673604953227147,-7.899394317251318,210.6952499398592,-63.74504492496609
1.62,0.38153768156377266,-0.1277388053173015,-7.907847927588952,210.15165699547362,-64.05952464809467
1.6208,0.38078677139222533,-0.12873973389373314,-7.91632597226544,209.60743355155557,-64.37003727547379
1.6216,0.3800319829704463,-0.12973882572888354,-7.924828487524167,209.0626117086076,-64.67659495064761
1.6224,0.3792733146501718,-0.13073607125178488,-7.9333555092617605,208.51722325240462,-64.97921006698404
1.6232,0.37851076476502005,-0.1317314608527558,-7.941907073019082,207.97129965315827,-65.27789526184368
1.624,0.37774433163051985,-0.13272498488297232,-7.9504832139721096,207.42487206477256,-65.57266341078765
1.6248,0.37697401354414445,-0.13371663365403272,-7.959083966922568,206.87797132419772,-65.86352762182578
1.6256,0.3761998087853444,-0.13470639743752227,-7.9677093662884655,206.3306279508727,-66.1505012297062
1.6264,0.37542171561558507,-0.13569426646457333,-7.976359446094393,205.78287214625976,-66.43359779024763
1.6272,0.37463973227838626,-0.13668023092542161,-7.985034239961671,205.23473379346893,-66.7128310747156
1.6280000000000001,0.3738538569993621,-0.13766428096896258,-7.99373378109832,204.68624245696643,-66.98821506424348
1.6288,0.37306408798626617,-0.13864640670230052,-8.00245810228882,204.13742738237173,-67.25976394429924
1.6296,0.37227042342903655,-0.13962659819029877,-8.011207235883715,203.58831749633643,-67.52749209919988
1.6304,0.37147286149984476,-0.1406048454551236,-8.019981213788997,203.0389414065054,-67.79141410667255
1.6312,0.3706714003531473,-0.14158113847578613,-8.028780067455305,202.4893274015593,-68.05154473246535
1.6320000000000001,0.369866038125738,-0.14255546718768233,-8.037603827866935,201.93950345133405,-68.30789892500769
1.6328,0.3690567729368055,-0.14352782148212703,-8.046452525530635,201.389497207019,-68.56049181012034
1.6336,0.36824360288799024,-0.1444981912058883,-8.055326190464218,200.83933600142848,-68.8093386857776
1.6344,0.36742652606344683,-0.14546656616071602,-8.064224852184937,200.28904684934867,-69.05445501692095
1.6352,0.366605540529908,-0.1464329361028671,-8.07314853969767,199.73865644795612,-69.29585643032497
1.6360000000000001,0.3657806443367503,-0.14739729074263055,-8.08209728148289,199.18819117730487,-69.53355870951751
1.6368,0.36495183551606414,-0.14835961974384518,-8.091071105484414,198.63767710088476,-69.76757778975241
1.6376,0.36411911208272557,-0.14931991272341763,-8.100070039096925,198.08713996624456,-69.99792975303801
1.6384,0.36328247203447056,-0.15027815925083512,-8.109094109153293,197.53660520568135,-70.2246308232195
1.6392,0.36244191335197423,-0.15123434884767462,-8.11814334191162,196.98609793699447,-70.44769736111724
1.6400000000000001,0.36159743399892946,-0.1521884709871113,-8.127217763042122,196.43564296429923,-70.66714585972119
1.6408,0.36074903192213215,-0.15314051509341975,-8.136317397613706,195.88526477890423,-70.88299293944092
1.6416,0.3598967050515661,-0.15409047054147634,-8.145442270080357,195.33498756024414,-71.09525534341326
1.6424,0.3590404513004935,-0.1550383266562544,-8.154592404267277,194.78483517687323,-71.30394993286627
1.6432,0.3581802685655474,-0.15598407271231743,-8.163767823356727,194.23483118751236,-71.50909368254068
1.6440000000000001,0.35731615472682626,-0.15692769793331088,-8.172968549873707,193.68499884215052,-71.71070367616953
1.6448,0.3564481076479945,-0.15786919149144632,-8.182194605671281,193.13536108320102,-71.90879710201493
1.6456,0.3555761251763824,-0.1588085425069868,-8.191446011915744,192.5859405467054,-72.10339124846351
1.6464,0.35470020514309164,-0.1597457400477259,-8.200722789071452,192.03675956358975,-72.29450349967983
1.6472,0.35382034536310564,-0.16068077312846307,-8.210024956885393,191.48784016096943,-72.4821513313184
1.6480000000000001,0.35293654363539795,-0.16161363071047857,-8.219352534371552,190.93920406349758,-72.6663523062943
1.6488,0.35204879774305026,-0.16254430170100082,-8.228705539794902,190.39087269476244,-72.84712407061222
1.6496,0.35115710545336876,-0.1634727749526742,-8.238083990655207,189.84286717872575,-73.02448434925483
1.6503999999999999,0.35026146451800694,-0.16439903926302038,-8.247487903670484,189.2952083412051,-73.19845094212903
1.6512,0.3493618726730905,-0.16532308337389798,-8.256917294760198,188.74791671139658,-73.36904172007202
1.6520000000000001,0.34845832763934703,-0.1662448959709572,-8.266372179028155,188.20101252343787,-73.5362746209154
1.6528,0.3475508271222381,-0.16716446568309218,-8.2758525707451,187.65451571800813,-73.70016764560822
1.6536,0.34663936881209445,-0.16808178108188987,-8.285358483331052,187.10844594396588,-73.86073885439914
1.6543999999999999,0.34572395038425713,-0.16899683068107427,-8.294889929337243,186.56282256002223,-74.01800636307678
1.6552,0.3448045694992199,-0.16990960293594762,-8.304446920427857,186.0176646364478,-74.1719883392685
1.6560000000000001,0.34388122380277786,-0.1708200862428278,-8.314029467361346,185.47299095681365,-74.32270299879792
1.6568,0.3429539109261782,-0.1717282689384826,-8.323637579971498,184.92882001976326,-74.47016860210073
1.6576,0.3420226284862743,-0.17263413929956037,-8.333271267148168,184.38517004081376,-74.61440345069809
1.6583999999999999,0.34108737408568557,-0.17353768554201632,-8.342930536817654,183.84205895418853,-74.75542588372845
1.6592,0.3401481453129604,-0.17443889582053584,-8.352615395922747,183.29950441467614,-74.89325427453674
1.6600000000000001,0.33920493974274385,-0.17533775822795314,-8.362325850402447,182.7575237995168,-75.02790702732099
1.6608,0.33825775493594784,-0.17623426079466756,-8.37206190517133,182.2161342103141,-75.15940257383639
1.6616,0.33730658843992667,-0.17712839148805584,-8.38182356409857,181.6753524749706,-75.28775937015624
1.6623999999999999,0.336351437788657,-0.17802013821188004,-8.391610829986579,181.13519514964773,-75.4129958934894
1.6632,0.33539230050292157,-0.17890948880569213,-8.401423704549323,180.59567852074724,-75.53513063905437
1.6640000000000001,0.33442917409049727,-0.17979643104423418,-8.411262188390234,180.0568186069136,-75.65418211700889
1.6648,0.33346205604634865,-0.18068095263683612,-8.421126280979765,179.51863116105696,-75.77016884943619
1.6656,0.3324909438528231,-0.18156304122680936,-8.431015980632587,178.98113167239373,-75.88310936738588
1.6663999999999999,0.331515834979854,-0.18244268439083533,-8.440931284484353,178.44433536850647,-75.99302220797014
1.6672,0.3305367268851661,-0.18331986963835217,-8.450872188468121,177.9082572174196,-76.09992591151473
1.6680000000000001,0.329553617014487,-0.18419458441093542,-8.460838687290348,177.3729119296916,-76.20383901876386
1.6688,0.32856650280176236,-0.1850668160816768,-8.470830774406483,176.83831396052176,-76.30478006813964
1.6696,0.3275753816693754,-0.18593655195455902,-8.480848441996196,176.30447751187012,-76.40276759305456
1.6703999999999999,0.326580251028373,-0.18680377926382527,-8.490891680938123,175.77141653459176,-76.49782011927715
1.6712,0.3255811082786948,-0.1876684851733463,-8.500960480784256,175.23914473058153,-76.58995616235033
1.6720000000000002,0.32457795080940904,-0.18853065677598269,-8.511054829733856,174.7076755549316,-76.67919422506218
1.6728,0.3235707759989524,-0.18939028109294354,-8.521174714606964,174.17702221809765,-76.76555279496813
1.6736,0.32255958121537376,-0.19024734507314237,-8.531320120817474,173.64719768807493,-76.849050341965
1.6743999999999999,0.32154436381658585,-0.19110183559254723,-8.541491032345741,173.11821469258314,-76.92970531591551
1.6752,0.3205251211506198,-0.19195373945352842,-8.551687431710755,172.59008572125862,-77.00753614432347
1.6760000000000002,0.3195018505558866,-0.19280304338420076,-8.561909299941838,172.06282302785365,-77.08256123005856
1.6768,0.31847454936144287,-0.19364973403776353,-8.572156616549902,171.5364386324416,-77.15479894913105
1.6776,0.31744321488726174,-0.1944937979918361,-8.582429359498216,171.01094432362703,-77.22426764851531
1.6784,0.31640784444451053,-0.19533522174778875,-8.592727505172702,170.48635166076122,-77.29098564402166
1.6792,0.3153684353358331,-0.19617399173007052,-8.603051028351743,169.96267197616015,-77.35497121821624
1.6800000000000002,0.3143249848556386,-0.1970100942855319,-8.613399902175496,169.4399163773277,-77.41624261838861
1.6808,0.31327749029039526,-0.19784351568274483,-8.623774098114712,168.91809574917855,-77.47481805456587
1.6816,0.3122259489189292,-0.1986742421113187,-8.634173585939063,168.39722075626437,-77.53071569757383
1.6824,0.3111703580127313,-0.1995022596812112,-8.64459833368492,167.87730184500086,-77.58395367714344
1.6832,0.31011071483626795,-0.20032755442203615,-8.655048307622648,167.35834924589486,-77.63455008006319
1.6840000000000002,0.3090470166473,-0.2011501122823665,-8.665523472223342,166.8403729757717,-77.68252294837609
1.6848,0.3079792606972053,-0.20196991912903411,-8.676023790125054,166.32338284000068,-77.72789027762092
1.6856,0.3069074442313087,-0.2027869607464259,-8.686549222098476,165.80738843471957,-77.77067001511772
1.6864,0.30583156448921883,-0.2036012228357746,-8.697099727012045,165.29239914905776,-77.81088005829628
1.6872,0.30475161870517004,-0.20441269101444642,-8.70767526179653,164.778424167355,-77.84853825306712
1.6880000000000002,0.3036676041083725,-0.20522135081522416,-8.718275781409014,164.2654724713795,-77.88366239223544
1.6888,0.3025795179233674,-0.20602718768558673,-8.728901238796333,163.75355284253945,-77.91627021395576
1.6896,0.3014873573703876,-0.20683018698698505,-8.739551584857947,163.24267386409215,-77.94637940022866
1.6904,0.3003911196657284,-0.2076303339941128,-8.750226768408172,162.73284392334799,-77.97400757543751
1.6912,0.299290802022122,-0.20842761389417389,-8.760926736137861,162.22407121386868,-77.99917230492538
1.6920000000000002,0.29818640164912097,-0.20922201178614516,-8.771651432575464,161.71636373766057,-78.02189109361147
1.6928,0.2970779157534872,-0.21001351268003604,-8.782400800047474,161.2097293073613,-78.04218138464675
1.6936,0.2959653415395876,-0.21080210149614384,-8.793174778638283,160.70417554841913,-78.06006055810754
1.6944,0.2948486762097988,-0.21158776306430438,-8.803973306149352,160.1997099012668,-78.07554592972747
1.6952,0.2937279169649173,-0.21237048212313941,-8.814796318057804,159.6963396234863,-78.08865474966646
1.6960000000000002,0.29260306100457845,-0.21315024331929885,-8.825643747474336,159.19407179196713,-78.09940420131672
1.6968,0.29147410552768194,-0.21392703120670006,-8.836515525100491,158.69291330505536,-78.10781140014483
1.6976,0.29034104773282315,-0.21470083024576334,-8.847411579185291,158.19287088469378,-78.11389339256965
1.6984,0.289203884818736,-0.21547162480264181,-8.858331835481149,157.69395107855416,-78.11766715487552
1.6992,0.28806261398474,-0.21623939914844897,-8.869276217199156,157.1961602621592,-78.11914959216004
1.7000000000000002,0.28691723243119727,-0.21700413745848035,-8.880244644963655,156.69950464099526,-78.11835753731575
1.7008,0.28576773735997674,-0.21776582381143306,-8.891237036766126,156.20399025261491,-78.11530775004594
1.7016,0.28461412597492464,-0.2185244421886204,-8.902253307918377,155.7096229687286,-78.11001691591301
1.7024,0.2834563954823463,-0.21927997647318245,-8.913293371005015,155.21640849728655,-78.10250164541986
1.7032,0.2822945430914937,-0.22003241044929248,-8.924357135835198,154.72435238454915,-78.09277847312275
1.7040000000000002,0.2811285660150628,-0.22078172780135932,-8.93544450939366,154.23346001714643,-78.08086385677623
1.7048,0.27995846146969844,-0.22152791211322642,-8.946555395791002,153.7437366241259,-78.06677417650883
1.7056,0.2787842266765071,-0.22227094686736634,-8.957689696213249,153.25518727898836,-78.05052573402904
1.7064,0.27760585886158,-0.22301081544407145,-8.968847308870624,152.76781690171202,-78.03213475186163
1.7072,0.2764233552565237,-0.22374750112064043,-8.98002812894559,152.28163026076447,-78.01161737261326
1.7080000000000002,0.2752367130990002,-0.22448098707056063,-8.991232048540093,151.79663197510226,-77.98898965826696
1.7088,0.2740459296332759,-0.225211256362687,-9.00245895662206,151.31282651615732,-77.96426758950523
1.7096,0.2728510021107783,-0.22593829196041737,-9.013708738971077,150.8302182098109,-77.93746706506117
1.7104,0.27165192779066377,-0.22666207672086267,-9.024981278123287,150.34881123835422,-77.90860390109677
1.7112,0.2704487039403935,-0.22738259339401412,-9.036276453315486,149.8686096424362,-77.87769383060859
1.7120000000000002,0.26924132783632015,-0.22809982462190595,-9.047594140428377,149.38961732299768,-77.84475250285965
1.7128,0.26802979676428224,-0.22881375293777464,-9.058934211929037,148.91183804319186,-77.8097954828376
1.7136,0.2668141080202082,-0.22952436076521476,-9.070296536812556,148.43527543029063,-77.77283825073816
1.7144,0.2655942589107325,-0.23023163041732977,-9.08168098054278,147.9599329775779,-77.73389620147383
1.7152,0.26437024675381865,-0.23093554409588,-9.093087404992282,147.48581404622823,-77.6929846442072
1.7160000000000002,0.26314206887939556,-0.23163608389042578,-9.104515668381415,147.01292186717166,-77.65011880190838
1.7168,0.26190972263000056,-0.232333231777468,-9.115965625216539,146.5412595429441,-77.60531381093617
1.7176,0.2606732053614346,-0.23302696961958472,-9.12743712622736,146.07083004952284,-77.55858472064239
1.7184,0.2594325144434275,-0.23371727916456286,-9.138930018303386,145.60163623814827,-77.50994649299896
1.7192,0.25818764726031374,-0.23440414204452764,-9.15044414442951,145.1336808371307,-77.4594140022476
1.7200000000000002,0.25693860121171924,-0.23508753977506697,-9.16197934362066,144.66696645364266,-77.40700203457108
1.7208,0.2556853737132585,-0.2357674537543533,-9.173535450855585,144.20149557549595,-77.35272528778631
1.7216,0.2544279621972413,-0.23644386526226166,-9.185112297009715,143.73727057290398,-77.29659837105801
1.7224,0.25316636411339294,-0.23711675545948369,-9.196709708787077,143.27429370022938,-77.2386358046335
1.7232,0.25190057692958395,-0.23778610538663805,-9.208327508651324,142.81256709771637,-77.17885201959723
1.7240000000000002,0.25063059813257244,-0.23845189596337732,-9.219965514755785,142.35209279320875,-77.11726135764562
1.7248,0.24935642522875628,-0.239114107987492,-9.231623540872594,141.8928727038514,-77.05387807088063
1.7256,0.24807805574493694,-0.23977272213401057,-9.243301396320891,141.43490863777774,-76.98871632162279
1.7264,0.2467954872290969,-0.240427718954296,-9.254998885894013,140.97820229578178,-76.92179018224265
1.7272,0.2455087172511865,-0.24107907887513907,-9.266715809785772,140.52275527297436,-76.85311363501017
1.728,0.24421774340392602,-0.24172678219784782,-9.278451963515712,140.06856906042535,-76.78270057196242
1.7288000000000001,0.2429225633036148,-0.24237080909733516,-9.290207137853454,139.6156450467887,-76.71056479478798
1.7296,0.24162317459095878,-0.24301113962120063,-9.301981118741985,139.16398451991452,-76.63672001472888
1.7304,0.2403195749319049,-0.24364775368881214,-9.31377368722001,138.7135886684434,-76.561179852499
1.7312,0.23901176201849134,-0.24428063109038178,-9.32558461934329,138.26445858338698,-76.48395783821852
1.732,0.23769973356971102,-0.24490975148603936,-9.337413686104973,137.81659525969354,-76.40506741136477
1.7328000000000001,0.2363834873323839,-0.24553509440490406,-9.349260653354936,137.369999597796,-76.3245219207379
1.7336,0.2350630210820481,-0.24615663924415074,-9.361125281718085,136.9246724051479,-76.24233462444248
1.7344,0.23373833262385826,-0.24677436526807564,-9.373007326511688,136.48061439774065,-76.15851868988325
1.7352,0.2324094197935016,-0.24738825160715766,-9.384906537661635,136.037826201608,-76.07308719377586
1.736,0.2310762804581266,-0.2479982772571164,-9.396822659617698,135.59630835431463,-75.9860531221714
1.7368000000000001,0.2297389125172823,-0.24860442107796932,-9.408755431267787,135.1560613064283,-75.89742937049478
1.7376,0.228397313903877,-0.24920666179308362,-9.420704585851112,134.71708542297873,-75.80722874359687
1.7384,0.2270514825851446,-0.2498049779882279,-9.432669850870381,134.27938098489946,-75.71546395581932
1.7392,0.22570141656362966,-0.2503993481106193,-9.444650948002911,133.84294819045576,-75.62214763107244
1.74,0.22434711387818615,-0.25098975046796834,-9.45664759301071,133.40778715665743,-75.52729230292563
1.7408000000000001,0.22298857260498736,-0.25157616322752274,-9.468659495649543,132.97389792065528,-75.43091041470981
1.7416,0.22162579085855555,-0.25215856441510637,-9.480686359576925,132.5412804411243,-75.33301431963186
1.7424,0.22025876679280143,-0.2527369319141584,-9.492727882259071,132.10993459963052,-75.23361628090058
1.7432,0.21888749860208156,-0.253311243464768,-9.504783754876856,131.67986020198356,-75.13272847186371
1.744,0.21751198452227172,-0.25388147666270766,-9.516853662230623,131.25105697957466,-75.03036297615655
1.7448000000000001,0.216132222831851,-0.2544476089584654,-9.528937282644081,130.82352459069855,-74.92653178786041
1.7456,0.2147482118530077,-0.25500961765627234,-9.541034287867053,130.39726262186272,-74.82124681167214
1.7464,0.21335994995275476,-0.25556747991313117,-9.553144342977246,129.9722705890796,-74.71451986308334
1.7472,0.21196743554406514,-0.256121172737841,-9.565267106280967,129.54854793914586,-74.60636266856977
1.748,0.210570667087023,-0.2566706729900203,-9.57740222921278,129.12609405090697,-74.49678686579017
1.7488000000000001,0.20916964308998723,-0.2572159573791292,-9.589549356234198,128.70490823650607,-74.38580400379418
1.7496,0.2077643621107773,-0.25775700246348926,-9.601708124731266,128.2849897426202,-74.2734255432397
1.7504,0.2063548227578696,-0.25829378464930175,-9.613878164911206,127.86633775168065,-74.15966285661854
1.7512,0.2049410236916148,-0.2588262801896655,-9.62605909969798,127.4489513830799,-74.0445272284913
1.752,0.20352296362547176,-0.2593544651835913,-9.638250544626887,127.03282969436475,-73.92802985572982
1.7528000000000001,0.20210064132725464,-0.25987831557501795,-9.650452107738147,126.61797168241371,-73.81018184776799
1.7536,0.20067405562040377,-0.26039780715182387,-9.662663389469495,126.20437628460299,-73.6909942268605
1.7544,0.19924320538526705,-0.26091291554484075,-9.6748839825478,125.7920423799556,-73.5704779283487
1.7551999999999999,0.19780808956040455,-0.26142361622686433,-9.687113471879696,125.38096879027917,-73.44864380093429
1.756,0.19636870714390786,-0.26192988451166527,-9.699351434441267,124.97115428128845,-73.32550260695987
1.7568000000000001,0.19492505719473954,-0.2624316955529979,-9.71159743916678,124.56259756371504,-73.20106502269614
1.7576,0.1934771388340894,-0.2629290243436108,-9.723851046836478,124.15529729440311,-73.07534163863642
1.7584,0.19202495124674848,-0.26342184571425525,-9.736111809963461,123.74925207739138,-72.94834295979663
1.7591999999999999,0.19056849368250428,-0.2639101343326933,-9.748379272679665,123.34446046498255,-72.8200794060225
1.76,0.18910776545755248,-0.2643938647027065,-9.760652970620932,122.94092095879866,-72.69056131230205
1.7608000000000001,0.18764276595593035,-0.2648730111631035,-9.77293243081121,122.53863201082407,-72.55979892908432
1.7616,0.1861734946309663,-0.2653475478867289,-9.785217171545938,122.1375920244345,-72.42780242260355
1.7624,0.18469995100675018,-0.2658174488794718,-9.797506702274541,121.73779935541339,-72.2945818752087
1.7631999999999999,0.18322213467962453,-0.2662826879792738,-9.809800523482169,121.33925231295574,-72.1601472856983
1.764,0.18174004531969354,-0.266743238855139,-9.822098126570612,120.94194916065864,-72.02450856966026
1.7648000000000001,0.180253682672355,-0.2671990750061439,-9.834398993738432,120.54588811749964,-71.88767555981686
1.7656,0.17876304655984962,-0.2676501697604475,-9.846702597860409,120.15106735880214,-71.74965800637379
1.7664,0.17726813688283144,-0.26809649627430354,-9.859008402366241,119.75748501718805,-71.61046557737411
1.7671999999999999,0.17576895362196063,-0.2685380275310732,-9.87131586111856,119.36513918351878,-71.4701078590565
1.768,0.17426549683951573,-0.26897473634023894,-9.88362441829029,118.97402790782338,-71.32859435621744
1.7688000000000001,0.1727577666810283,-0.26940659533641975,-9.895933508241397,118.58414920021507,-71.18593449257764
1.7696,0.1712457633769379,-0.26983357697838833,-9.908242555395017,118.19550103179513,-71.04213761115211
1.7704,0.16972948724426792,-0.2702556535480903,-9.920550974113077,117.8080813355447,-70.8972129746238
1.7711999999999999,0.1682089386883254,-0.27067279714966413,-9.932858168571348,117.42188800720562,-70.75116976572079
1.772,0.16668411820442117,-0.2710849797084653,-9.945163532634032,117.03691890614843,-70.60401708759707
1.7728000000000002,0.16515502637961393,-0.2714921729700899,-9.957466449727919,116.6531718562299,-70.45576396421615
1.7736,0.16362166389447522,-0.27189434849940336,-9.969766292716114,116.2706446466379,-70.30641934073783
1.7744,0.16208403152487652,-0.27229147767957107,-9.982062423771458,115.88933503272531,-70.15599208390788
1.7752,0.16054213014380186,-0.2726835317110911,-9.994354194249569,115.50924073683271,-70.00449098245046
1.776,0.15899596072318117,-0.2730704816108308,-10.006640944561687,115.13035944909967,-69.85192474746304
1.7768000000000002,0.15744552433574954,-0.27345229821106687,-10.01892200404724,114.75268882826522,-69.69830201281418
1.7776,0.15589082215692746,-0.27382895215852804,-10.031196690846308,114.37622650245699,-69.54363133554315
1.7784,0.1543318554667252,-0.27420041391344296,-10.043464311771931,114.0009700699691,-69.38792119626186
1.7792,0.15276862565167373,-0.2745666537485905,-10.055724162182392,113.62691710003037,-69.23117999955919
1.78,0.151201134206777,-0.27492764174835527,-10.067975525853509,113.25406513356063,-69.07341607440692
1.7808000000000002,0.14962938273749157,-0.2752833478077871,-10.080217674850951,112.88241168391744,-68.91463767456784
1.7816,0.1480533729617291,-0.27563374163166543,-10.092449869402728,112.51195423763173,-68.7548529790052
1.7824,0.14647310671188274,-0.27597879273356857,-10.104671357771874,112.14269025513293,-68.59407009229389
1.7832,0.14488858593688217,-0.27631847043494784,-10.116881376129367,111.77461717146446,-68.43229704503324
1.784,0.1432998127042712,-0.27665274386420796,-10.129079148427385,111.40773239698858,-68.26954179426113
1.7848000000000002,0.14170678920231353,-0.2769815819557916,-10.141263886272993,111.04203331808162,-68.10581222386932
1.7856,0.14010951774212257,-0.2773049534492711,-10.153434788802283,110.67751729781881,-67.94111614501993
1.7864,0.13850800075981656,-0.2776228268884463,-10.1655910425551,110.31418167664926,-67.7754612965629
1.7872,0.13690224081870345,-0.2779351706204484,-10.177731821350385,109.9520237730617,-67.60885534545467
1.788,0.1352922406114895,-0.2782419527948506,-10.189856286162255,109.59104088424006,-67.44130588717739
1.7888000000000002,0.13367800296251733,-0.27854314136278596,-10.201963584996886,109.2312302867101,-67.2728204461593
1.7896,0.1320595308300287,-0.27883870407607236,-10.214052852770301,108.87258923697617,-67.10340647619527
1.7904,0.13043682730845485,-0.27912860848634574,-10.226123211187172,108.5151149721483,-66.9330713608682
1.7912,0.12880989563073675,-0.27941282194420036,-10.238173768620658,108.15880471056109,-66.76182241397096
1.792,0.12717873917067085,-0.2796913115983379,-10.250203619993478,107.80365565238266,-66.58966687992856
1.7928000000000002,0.12554336144528516,-0.2799640443947245,-10.262211846660252,107.44966498021509,-66.41661193422077
1.7936,0.1239037661172418,-0.2802309870757577,-10.27419751629122,107.09682985968557,-66.24266468380499
1.7944,0.12225995699726758,-0.2804921061794416,-10.286159682757505,106.74514744002883,-66.06783216753887
1.7952,0.12061193804661623,-0.2807473680385718,-10.298097386017922,106.39461485466094,-65.89212135660357
1.796,0.11895971337955712,-0.2809967387799307,-10.310009652007574,106.04522922174465,-65.71553915492666
1.7968000000000002,0.1173032872658957,-0.28124018432349207,-10.321895492528242,105.69698764474603,-65.53809239960513
1.7976,0.1156426641335213,-0.2814776703816373,-10.333753905140743,105.3498872129828,-65.35978786132814
1.7984,0.11397784857098454,-0.28170916245838146,-10.345583873059427,105.00392500216397,-65.18063224479921
1.7992,0.11230884533010733,-0.281934625848612,-10.357384365048791,104.6590980749219,-65.00063218915894
1.8,0.11063565932862063,-0.28215402563733755,-10.369154335322524,104.31540348133584,-64.81979426840648
