freq_ghz,s11_re,s11_im,s11_db,s12_re,s12_im,s12_db,s21_re,s21_im,s21_db,s22_re,s22_im,s22_db,zin1_re_ohm,zin1_im_ohm,zin2_re_ohm,zin2_im_ohm
1.0,0.5226562088936495,0.5367411654595033,-2.5083545045983815,-0.07004987412499313,0.08506208781470495,-19.156903267108316,-0.07000930416721572,0.08497955586535427,-19.16396071476607,0.4759320661612667,0.5798331250775778,-2.4970935887380374,85.0355580366128,208.06010871500754,71.58543030338882,189.84354860606734
1.0008,0.5277865591847781,0.5285976740917843,-2.5338591830453683,-0.06890239069158663,0.08582689882530142,-19.16719744083274,-0.06885990768180263,0.08573998913082756,-19.174647755752098,0.4820162487061651,0.5717836185742503,-2.523736845992246,87.9826704807294,210.428576988681,74.0409095382963,192.1174955530796
1.0016,0.5328001762617651,0.5203957023807966,-2.5595145268703225,-0.06774122556055971,0.08656921108811619,-19.17821560223112,-0.0676971639619951,0.08647788670649822,-19.18604767681382,0.48798014547383467,0.5636578871062131,-2.5505423798240585,91.0496404921584,212.80275976563678,76.59676867343009,194.40683914956185
1.0024,0.5376961187925691,0.5121373151397894,-2.585318632633503,-0.06656697023292243,0.0872886948163458,-19.18995734150474,-0.06652166220192635,0.08719293709864576,-19.1981597490921,0.4938224111393487,0.5554581701851973,-2.577507701018633,94.24144824996196,215.17944763038878,79.25737400807964,196.7095642911656
1.0032,0.5424734908580419,0.5038245967337,-2.6112695570761604,-0.06538022584725689,0.08798503991283003,-19.202422062664542,-0.06533400024912665,0.08788484820426619,-19.210983076128212,0.49954175271182905,0.5471867379377617,-2.604630263779249,97.56321653865822,217.55506164806374,82.02725156938152,199.02339214458675
1.004,0.5471314424438153,0.4954596498606268,-2.6373653177828897,-0.06418160238198506,0.08865795628871431,-19.215608985644057,-0.06413478383251404,0.08855334757391635,-19.224516596309115,0.5051369303828167,0.5388458896030824,-2.6319074666609255,101.02020174362792,219.92562104171694,84.91108565098142,201.34575514425305
1.0048,0.5516691698932603,0.48704459431883235,-2.6636038938776667,-0.06297171784655627,0.08930717414397801,-19.229517148589228,-0.0629246257826866,0.08919818263852385,-19.238759085448407,0.51060675832308,0.5304379520030464,-2.6593366535599445,104.61778209143938,222.28670878024943,87.91371581382171,203.67377005048425
1.0056,0.5560859163210039,0.47858156576078104,-2.6899832267531165,-0.06175119746365942,0.08993244420947588,-19.244145410318175,-0.06170414524644542,0.08981912090002744,-19.2537091594957,0.5159501054267882,0.521965277986777,-2.6869151147586763,108.3614427136384,224.6334350819483,91.04013207105703,206.00420898969526
1.0064,0.5603809719866072,0.4700727144356591,-2.7165012208326615,-0.060520672844556186,0.0905335379502739,-19.259492452943952,-0.06047396689745534,0.09041595008583246,-19.26936527736711,0.5211658960021267,0.5134302448516785,-2.714640088025426,112.25675706643328,226.9603988762946,94.29546794241442,208.33346841078045
1.0072,0.5645536746280475,0.4615202039218331,-2.74315574436538,-0.05928078115962843,0.09111024773019161,-19.2755567846528,-0.05923472014493172,0.09098847826717868,-19.28572574388937,0.5262531104075265,0.5048352527431251,-2.7425087597688163,116.30936419061135,229.26164731365816,97.68499102332106,210.65753591042943
1.008,0.5686034097546891,0.4529262098507984,-2.769944630252896,-0.05803216430622913,0.09166238693758164,-19.29233674263028,-0.057987038342228375,0.09153653394162166,-19.302788712849697,0.5312107856327246,0.49618272303504113,-2.770518266245951,120.52494124676005,231.53063347039452,101.21409067087913,212.97195490482662
1.0088,0.5725296108995466,0.4442929186240507,-2.7968656769080575,-0.056775468075886994,0.09218979007251316,-19.309830496127336,-0.05673155799715053,0.09205996607994411,-19.320552190143918,0.5360380158240574,0.4874750966935057,-2.7986656948239492,124.90917071172217,233.76017246739372,104.88826236262992,215.27178715726828
1.0096,0.5763317598306406,0.4356225261244483,-2.8239166491447776,-0.05551134132290285,0.09269231279563644,-19.328036049658174,-0.055468917985796215,0.09255864413790744,-19.339014037014774,0.540733952753409,0.47871483262568737,-2.8269480852937923,129.4677015745126,235.94239630495107,108.71308823520386,217.55157321189841
1.0104,0.5800093867213587,0.4269172364235486,-2.851095279098525,-0.05424043513632618,0.09316983193913124,-19.346951246321634,-0.05419975877167296,0.09303245803335956,-19.358171973372574,0.5452978062303849,0.46990440601632705,-2.8553624312358905,134.20610382593483,238.06870781790315,112.69421325924968,219.80529083468105
1.0112,0.5835620702797886,0.41817926048640974,-2.8783992671769725,-0.05296340201725451,0.09362224548025436,-19.36657377123765,-0.052924721631785576,0.0934813180893074,-19.378023581190362,0.5497288444573909,0.46104630665401936,-2.8839056814363735,139.1298154983129,240.12973427401687,116.83731645525096,222.0263116254666
1.012,0.5869894378370207,0.4094108148754229,-2.9058262830399926,-0.05168089506335842,0.09404947247810715,-19.3869011550901,-0.05164444789134632,0.09390515494364983,-19.398566307965552,0.5540263943273422,0.4521430372496244,-2.91257474135302,144.24408148339592,242.11528127737455,121.14807650328473,224.2073560413797
1.0128,0.5902911653945393,0.4006141204546046,-2.9333739666085323,-0.0503935671624567,0.09445145297435507,-19.407930777767582,-0.05035957816867899,0.09430391942635744,-19.41979747024024,0.5581898416639174,0.44319711174901005,-2.9413664746299206,149.5538833418124,244.01428779851526,125.63213105031674,226.34044716374632
1.0136,0.5934669776308235,0.39179140109589805,-2.961039929101524,-0.04910207019692021,0.09482814785872401,-19.429659872093243,-0.0490707516318416,0.09467758240495865,-19.441714257172364,0.5622186314042895,0.4342110536424685,-2.97027770465951,155.06385932111093,245.81478333535233,130.295028973327,228.41686365021548
1.0144,0.596516647867374,0.38294488238894997,-2.9888217541001163,-0.047807054260600175,0.09517953870019574,-19.452085527634956,-0.04777860526841051,0.0950261345992709,-19.464313734149904,0.5661122677244205,0.4251873942730348,-2.999305216190912,160.77821382755442,247.50384841396837,135.14217481858805,230.42709244268025
1.0152,0.5994399979944526,0.37407679035578795,-3.016716998638549,-0.04650916688990082,0.0955056275449117,-19.475204694587248,-0.04648377316979533,0.09534958636638229,-19.487592846440645,0.5698703141071062,0.41612867114594954,-3.0284457569831913,166.70061565615828,249.0675798658165,140.17876461028467,232.3607819517969
1.016,0.6022368983568372,0.3651893501719239,-3.044723194320613,-0.04520905231054852,0.09580643668187207,-19.49901418771612,-0.04518688583139025,0.09564796745694996,-19.51154842286981,0.5734923933530128,0.407037426241551,-3.0576960395020825,172.83408438176275,250.49106256596,145.409712209931,234.2066966118333
1.0168,0.6049072676000045,0.3562847848952253,-3.0728378484611394,-0.04390735070150542,0.096082008377597,-19.523510690358282,-0.04388856946976857,0.09592132674394228,-19.536177179518447,0.5769781875351083,0.39791620433374053,-3.087052742658897,179.18086446026538,251.75834958256453,150.83956541733806,235.95267389639884
1.0176,0.6074510724771728,0.347365314204028,-3.101058445251347,-0.042604697477407645,0.0963324045809791,-19.548690758466215,-0.04258944535806585,0.09616973192499818,-19.56147572343515,0.58032743789694,0.388767551316266,-3.116512513589795,185.7422867926784,252.85245296548234,156.47241104049095,237.5855851064787
1.0184,0.60986832761771,0.3384331531458416,-3.1293824469472336,-0.04130172259080492,0.09655770659962129,-19.574550824690597,-0.041290129180601806,0.0963932691996243,-19.587440556354355,0.5835399446953142,0.37959401253894753,-3.146071969474089,192.5186177758189,253.75534768355212,162.3117682334785,239.09130148648907
1.0192,0.6121590952574696,0.3294905108979764,-3.15780729508015,-0.03999904985538532,0.09675801474900668,-19.60108720249201,-0.039991230407706656,0.09659204292249049,-19.61406807841428,0.5866155669880624,0.37039813115593867,-3.175727699389741,199.50889621202316,254.44799149512377,168.36046951707874,240.45466748958532
1.02,0.6143234849316502,0.3205395895414723,-3.1863304116883038,-0.03869729629128679,0.09693344797589272,-19.6282960902736,-0.03869335169164567,0.096766175234112,-19.641354591868044,0.5895542223675972,0.36118244648815634,-3.2054762662043106,206.71075888571622,254.91036378960723,174.62052906537306,241.6594832960778
1.0208,0.616361653130857,0.3115825828495499,-3.214949200568424,-0.03739707149348062,0.09708414345736567,-19.656173575527024,-0.03739708828443084,0.09691580567024029,-19.669296304781632,0.5923558866411359,0.35194949240183315,-3.2353142084996147,214.12025614509906,255.12152665081888,181.09299807443722,242.68849898223715
1.0216,0.6182738029210564,0.30262167509189364,-3.243661048546356,-0.03609897702413599,0.09721025617702082,-19.684715638983757,-0.036103027478242115,0.09704109075129955,-19.69788933471261,0.5950205934584689,0.34270179570523396,-3.265238042528171,221.73165945747093,255.05971154235243,187.7778073362092,243.5234230314374
1.0224,0.6200601835281939,0.2936590398559616,-3.2724633267655223,-0.03480360582976378,0.09731195847976302,-19.71391815876443,-0.034811748069085595,0.09714220355322509,-19.727129712363812,0.5975484338882974,0.3334418745654327,-3.2952442641994546,229.5372636382269,254.70243507353916,194.67359753302938,244.14494816273506
1.0232,0.6217210898882745,0.284696838886481,-3.301353391992245,-0.03351154168384161,0.09738943960674093,-19.74377691451902,-0.03352381984422888,0.09721933326106912,-19.757013385206537,0.5999395559442116,0.32417223694699876,-3.325329351094105,237.52718728135602,254.02664723990574,201.7775382555549,244.53279770648763
1.024,0.6232568621637434,0.2757372209443222,-3.33032858793659,-0.03222335865553823,0.09744290521194211,-19.774287591550745,-0.032239803093887506,0.09727268470674252,-19.787536221067818,0.6021941640614511,0.3148953790744565,-3.355489764503834,245.6891758307858,253.00891530914245,209.0851373364422,244.66579596100846
1.0248,0.624667885227068,0.2667823206857802,-3.3593862465877633,-0.030939620605040706,0.09747257686198313,-19.80544578491714,-0.030960248147531864,0.0973024778922634,-19.81869401167706,0.6043125185256829,0.3056137839201884,-3.385721951495225,254.00841270508548,251.62564610515219,216.5900427888578,244.52196609216517
1.0256,0.6259545881124323,0.25783425756337414,-3.3885236895627067,-0.029660880705913235,0.09747869152062934,-19.837247003501876,-0.029685694935126496,0.09730894749987622,-19.85048247616716,0.606294934855084,0.2963299197195232,-3.4160223469949242,262.46734488840457,249.85334879167254,224.28384044139187,244.07865915813255
1.0264,0.627117443436512,0.2488951347491485,-3.417738229466754,-0.02838768099481309,0.09746150101957614,-19.869686674051092,-0.028416672573523316,0.09729234239039601,-19.882897264525777,0.6081417831370692,0.2870462385145906,-3.4463873758943375,271.0455303810281,247.66893933943314,232.15585126189248,243.31271771873742
1.0272000000000001,0.6281569667893282,0.23996703808141398,-3.4470271712651774,-0.027120551948799507,0.09742127151701024,-19.902760145168713,-0.027153698978154756,0.09725292509111878,-19.91593396099285,0.6098534873211021,0.27776517472845497,-3.47681345517147,279.7195158015197,245.05008665033725,240.1929333449484,242.20067718435914
1.028,0.6290737160962028,0.2310520350359028,-3.476387813664141,-0.025860012090396095,0.09735828294545701,-19.93646269126491,-0.025897280500113206,0.09719097127461958,-19.94958808740029,0.6114305244690328,0.26848914377104405,-3.507296996027589,288.4627531729637,241.97559879456153,248.37929457290952,240.7190075330207
1.0288,0.6298682909518744,0.22215217372212845,-3.505817450500131,-0.02460656762046538,0.0972728284503974,-19.970789516452896,-0.024647911588614173,0.09710676922973968,-19.983855106450665,0.6128734239644984,0.2592205406781967,-3.5378344060365845,297.24556541977563,238.42584599528257,256.69632300699226,238.84439723744998
1.0296,0.630541331927856,0.21326948190582962,-3.5353133721362835,-0.023360712078891187,0.09716521382111434,-20.005735758388916,-0.02340607447879253,0.09700061932603685,-20.018730424931487,0.614182766682948,0.2499617387851897,-3.5684220913044626,306.0351702504528,234.38321489847965,265.12244306615884,236.55408016290855
1.0304,0.6310935198541489,0.2044059660582373,-3.564872866864382,-0.022122926032975818,0.09703575691519763,-20.041296492051078,-0.022172238904705474,0.09687283347294545,-20.054209396862312,0.6153591841238971,0.24071508843594783,-3.599056458636802,314.7957718045653,229.8325863483422,273.63300643516106,233.82620479777492
1.0312,0.6315255750764335,0.1955636104328541,-3.5944932223114168,-0.020893676793384455,0.09688478707810472,-20.077466733452848,-0.020946861837356313,0.09672373457486058,-20.09028732657211,0.6164033575070715,0.2314829157290674,-3.629733917711725,323.4887286025601,224.76182644240527,282.2002273219824,230.6402434542577
1.032,0.6318382566898928,0.18674437617046138,-3.6241717268490827,-0.019673418157409743,0.09671264455913642,-20.11424144328724,-0.019730387247503648,0.09655365598332662,-20.126959471704538,0.6173160168341141,0.22226752130175514,-3.6604508832559386,332.0728048738373,219.16227819038338,290.79317205929664,226.97743704004935
1.0328,0.6320323617508298,0.17795020043293486,-3.653905671005093,-0.018462590179252045,0.09651967992514801,-20.151615530498187,-0.01852324589295934,0.09636294094747389,-20.164221046149045,0.618097939917564,0.21307117915265578,-3.691203777221486,340.50451019973445,213.02923880652244,299.3778130075392,222.8212686953214
1.0336,0.6321087244672629,0.1691829955664076,-3.6836923488749616,-0.017261618966949815,0.09630625347327093,-20.189583855776032,-0.01732585513002617,0.09615194206380744,-20.202067222896297,0.6187499513788589,0.2038961355044275,-3.7219890309608408,348.73852958227616,206.36240571581257,307.9171561615698,218.1579570890789
1.0344,0.6320682153696875,0.1604446482943473,-3.713529059532794,-0.016070916505547032,0.09607273464387765,-20.228141234973947,-0.01613861874869181,0.09592102072641318,-20.240493136816152,0.6192729216171082,0.1947446077069598,-3.7528030873976794,356.72824257991795,199.1662729558947,316.3714506917372,212.97695758795754
1.0352,0.6319117404632063,0.1517370189409282,-3.7434131084399658,-0.014890880506012272,0.09581950143497053,-20.267282442443076,-0.014961926831133166,0.09567054657860234,-20.279493887357297,0.6196677657504183,0.18561878318187716,-3.7836424031912625,364.4263261454017,191.45045901673572,324.6984867899702,207.27145700042774
1.036,0.6316402403622385,0.14306194068516564,-3.773341808850101,-0.013721894279392284,0.09554693981913037,-20.30700221428375,-0.013796155633064,0.09540089696697335,-20.319064541167332,0.6199354425315573,0.17652081840905792,-3.8145034508916407,371.7854314337397,183.22994746839854,332.85398560498373,201.0388453465792
1.0368,0.6312546894090123,0.13442121884613398,-3.8033124832092478,-0.012564326635625008,0.09525544316410461,-20.34729525151105,-0.012641667487409417,0.09511245639882565,-20.359200134632708,0.6200769532397588,0.16745283795569346,-3.8453827210834532,378.75892036335887,174.5252231291013,340.79208175311953,194.28114631997704
1.0376,0.6307560947770676,0.12581663019954697,-3.833322464549801,-0.011418531806395783,0.09494541165806458,-20.388156223133063,-0.01149881072975865,0.09480561600381245,-20.39989567633819,0.6200933405504645,0.15841693354835826,-3.8762767245159506,385.30164340866656,165.36228910025207,348.46589496109874,187.00538701716158
1.0384,0.6301454955609739,0.11724992232600788,-3.863369097876828,-0.010284849391393016,0.09461725174050906,-20.429579769140158,-0.010367919645027469,0.09448077300067845,-20.441146149445238,0.6199856873848154,0.14941516318855375,-3.90718199421658,391.37073631163565,155.77255373216806,355.8281829853035,179.2238873267365
1.0392,0.629423961853476,0.10872281299105815,-3.893449741545635,-0.009163604327269146,0.09427137553973235,-20.471560503404568,-0.009249314434718882,0.0941383301698758,-20.482946513989766,0.6197551157406769,0.14044955031197096,-3.9380950875861926,396.9264104642963,145.7925813699411,362.83206328447267,170.95445027455892
1.04,0.6285925938112812,0.10023698955722937,-3.9235617686290873,-0.008055106878600072,0.0939082003177263,-20.514093016489078,-0.008143301204162647,0.09377869533281177,-20.52529170909901,0.6194027855070128,0.1315220829917822,-3.9690125884729843,401.93270994516917,135.46370634203564,369.4317862905937,162.2204367358281
1.0408,0.6276525207106819,0.09179410842817652,-3.953702568273489,-0.006959652650098059,0.09352814792332619,-20.5571718783644,-0.007050171969084329,0.09340228083843036,-20.5681766551281,0.6189298932633669,0.12263471318610093,-3.999931109223313,406.35820783795907,124.83151577255272,375.58353886834374,153.05071128410162
1.0416,0.6266048999942063,0.08339579452491937,-3.9838695470418384,-0.0058775226193129105,0.09313164425435642,-20.600791641034956,-0.005970204680835991,0.09300950305778607,-20.611596255716975,0.6183376710662384,0.11378935602966828,-4.030847292706871,410.1766156672819,113.9452130222042,381.2462530406377,143.47945048223193
1.0424,0.6254509163094857,0.0750436407942599,-4.014060130242935,-0.004808983189046063,0.09271911872948076,-20.644946841072702,-0.004903663269616726,0.09260078188722405,-20.655545399768055,0.6176273852240916,0.10498788916985283,-4.0617578143139115,413.3672825755547,102.8568794496317,386.38239263772306,133.54581044550903
1.0432,0.624191780541492,0.06673920774925439,-4.044271763245452,-0.00375428625867151,0.09229100377040131,-20.68963200205942,-0.003850797704983435,0.09217654026073027,-20.700018963345954,0.6168003350627349,0.09623215214682082,-4.092659383922498,415.9155651209027,91.62065728974679,390.95868949839496,123.2934567240504
1.044,0.6228287288393166,0.058484023041726674,-4.07450191277542,-0.002713669313562511,0.0918477342950041,-20.73484163693756,-0.0028118440729580415,0.09173720367197805,-20.74501181149991,0.6158578516827707,0.08752394581781692,-4.123548747833433,417.8130540462111,80.29188037294576,394.94680141989625,112.76996606579827
1.0448,0.6213630216386109,0.050279581066654304,-4.104748068196152,-0.0016873555318017578,0.09138974722199221,-20.78057025027022,-0.0017870246690214857,0.09128319970654804,-20.79051880001031,0.6148012967108026,0.07886503182532649,-4.154422690670773,419.057650688374,68.92618185100785,398.3238662995646,102.02611597456293
1.0456,0.6197959426808216,0.04212734259824484,-4.135007742769348,-0.0006755539073497919,0.09091748098749558,-20.82681234041108,-0.0007765481062790504,0.0908149575847573,-20.836534777060596,0.6136320610460345,0.0702571321088317,-4.185278037246051,419.6534924189496,57.5786088708929,401.07293077198915,91.11508369125202
1.0464,0.6181287980303112,0.03402873445753862,-4.165278474896218,0.00032154061114877947,0.09043137507410073,-20.873562401584987,0.0002193905619089313,0.09033290771549446,-20.88305458483585,0.612351563603902,0.06170192845989689,-4.216111654383786,419.6107331538961,46.3027732088171,403.1832369077305,80.09158085233707
1.0472,0.6163629150904455,0.02598514921122316,-4.195557829337544,0.0013037469667556618,0.08993186955268856,-20.920814925880407,0.0012006097055550142,0.08983748126141151,-20.93007306104972,0.6109612500582925,0.053201062120116355,-4.2469204527068065,418.9451910780476,35.15006435258715,404.6503568569328,69.01095324850647
1.048,0.6144996416197039,0.017997944901417737,-4.225843398411583,0.0022708978266442513,0.08941940463742633,-20.96856440515486,0.002166940968635324,0.08932910971578933,-20.977585040401166,0.6094625915839192,0.044756133421532576,-4.277701388379117,417.67788089880224,24.16894764053107,405.47617224556996,57.928276571973015
1.0488,0.6125403447488472,0.01006844480608366,-4.256132803168657,0.0032228394013412527,0.0888944202542108,-21.016805332854602,0.003118229107355342,0.0888082244913523,-21.02558535596281,0.6078570836003483,0.03636870146899972,-4.308451464804607,415.83445187233445,13.404365170320697,405.6687021607299,46.897478704823676
1.0496,0.6104864100001404,0.0021979372296744024,-4.286423694541593,0.004159431251621014,0.08835735562281391,-21.065532205750266,0.004054331816796699,0.08827525652126926,-21.074068840502676,0.6061462445191368,0.028040283863904093,-4.339167734279996,413.4445553561754,2.897251681491688,405.241790189205,35.970517024816694
1.0504,0.6083392403096259,-0.005612324676317713,-4.316713754470765,0.005080546083848955,0.08780864885294522,-21.114739525589698,0.004975119546634262,0.08773063587254873,-21.123030327740917,0.6043316144955182,0.019772356468688277,-4.369847299600023,410.5411666860661,-7.315828091467253,404.2146667461329,25.196635599112017
1.0512,0.6061002550533817,-0.013361123063410916,-4.347000697003067,0.005986069534575571,0.08724873655439566,-21.16442180067001,0.005880475306620133,0.08717479137199231,-21.172464653543877,0.602414754185999,0.011566353211451698,-4.400487315613581,407.159885826005,-17.202919611600674,402.611407487811,14.621722330784193
1.052,0.6037708890787093,-0.021047275507184514,-4.3772822693635725,0.006875899945154116,0.0866780534613965,-21.214573547330417,0.006770294462505431,0.08660815024484805,-21.22236665705688,0.6003972435132063,0.003423665929976307,-4.43108499072903,403.33823967303186,-26.736800279684665,400.46031171083195,4.287780528777017
1.0528,0.6013525917411348,-0.028669635099838144,-4.407556252999226,0.007749948127151576,0.08609703207128463,-21.265189291367655,0.007644484523070753,0.08603113776626627,-21.27273118177805,0.5982806804392683,-0.004654355745594718,-4.46163758836737,399.1150063587467,-35.894990933608916,397.79322620321756,-5.767476568043942
1.0536,0.5988468259480845,-0.03622709051479755,-4.437820464593699,0.008608137119305827,0.085506102297529,-21.316263569376325,0.008502964918921939,0.08544417692563269,-21.32355307657512,0.5960666797489551,-0.012666404472235927,-4.492142428361938,394.52957866368325,-44.65966859376119,394.6448400723176,-15.510905638006033
1.0544,0.5962550672100914,-0.04371856604385387,-4.4680727570523935,0.00945040193675693,0.08490569113714522,-21.367790930015538,0.009345666773688317,0.08484768810382867,-21.374827196647004,0.5937568718437845,-0.020611215236445248,-4.522596888303135,389.62138004194827,-53.01749421827496,391.05197478546467,-24.914090216174014
1.0552,0.5935788027003088,-0.0511430216074615,-4.4983110204571295,0.010276689313276181,0.08429622235248456,-21.4197659352045,0.010172532668258318,0.08424208876343448,-21.42654840443255,0.5913529015482033,-0.028487565360508282,-4.552998404827308,384.4293430164287,-60.959370529358985,387.0528912661784,-33.953382090651154
1.056,0.5908195303231254,-0.05849945273873059,-4.528533182989539,0.011086957437184073,0.08367811616736179,-21.472183161248772,0.010983516398660237,0.08362779315187323,-21.478711570468043,0.5888564269289489,-0.03629427447345509,-4.583344474848427,378.99145608525566,-68.48014537361189,382.68663268703193,-42.609838214310265
1.0568,0.587978757792615,-0.06578689054173974,-4.558737211822547,0.011881175681637341,0.08305178897745298,-21.525037199899366,0.011778582728189364,0.08300521201746391,-21.53131157419579,0.5862691181286185,-0.044030204447651586,-4.613632656731587,373.3443819625271,-75.57827571677097,377.9924179030575,-50.869066842444795
1.0576,0.5850580017215172,-0.07300440162481625,-4.58892111397945,0.012659324329945144,0.0824176530748668,-21.578322659347066,0.012557707134365492,0.08237475233832936,-21.584343304725774,0.5835926562144157,-0.05169425930199966,-4.64386057140762,367.5231470895957,-82.25546640405426,373.0090965765622,-58.72099821376856
1.0584,0.5820587867214491,-0.08015108800937247,-4.619082937159697,0.013421394296544016,0.08177611638677476,-21.63203416515379,0.013320875551281846,0.0817368170640886,-21.6378016615521,0.580828732043025,-0.059285385072658334,-4.674025903427641,361.5608999723849,-88.5162964072545,367.7746732181069,-66.15959572834772
1.0592,0.5789826445149577,-0.08722608701502167,-4.649220770531165,0.014167386844254278,0.08112758222795324,-21.68616636112351,0.014068084107900568,0.08109180487023412,-21.69168155522661,0.577979045142467,-0.06680256965234342,-4.704126401957148,355.4887340516797,-94.36784358920663,362.3259038192361,-73.18252337112796
1.06,0.5758311130600527,-0.09422857112158943,-4.679332745488102,0.01489731329840479,0.0804724490670776,-21.74071391011473,0.014799338862822033,0.08044010992508552,-21.745977907991268,0.5750453026117781,-0.07424484259916193,-4.7341598817088,349.335569485171,-99.81931718789113,356.6979656315784,-79.79078424610867
1.0608,0.5726057356877756,-0.1011577478087305,-4.709417036374493,0.01561119475839942,0.07981111030658398,-21.79567149479656,0.015514655536044314,0.07978212166918652,-21.800685654371335,0.5720292180392806,-0.0816112749160264,-4.764124223813376,343.1280873704535,-104.88170537646431,350.9241980458326,-85.98834370049323
1.0616,0.5693080602533483,-0.10801285937386082,-4.739471861172412,0.01630906180727573,0.07914395407589474,-21.85103381835109,0.016214059238212078,0.07911822460699691,-21.85579974173139,0.5689325104401541,-0.08890097880170893,-4.794017376628623,336.8907095070394,-109.5674434852179,345.0359104816843,-91.7817488025589
1.0624,0.5659396383014303,-0.11479318272906608,-4.7694954821547695,0.0169909542197773,0.07847136303779509,-21.90679560512345,0.016897584197828885,0.07844879811072178,-21.911315130795636,0.5657569032139983,-0.09611310737453138,-4.823837356485403,330.64561671218087,-113.89010684427035,339.0622517103696,-97.17975404808469
1.0632,0.5625020242459289,-0.12149802917774938,-4.79948620650255,0.017656920669449055,0.07779371420772113,-21.962951601222453,0.017565273486900786,0.07777421623609644,-21.96722679613478,0.5625041231229853,-0.10324685436980792,-4.853582248371083,324.41279889640526,-117.86413076505735,333.03013405636943,-102.1929612406944
1.064,0.5589967745648384,-0.1281267441716975,-4.829442386885823,0.01830701843523241,0.07711137878571825,-22.019496575073354,0.018217178745449213,0.07709484754994272,-22.023529726620815,0.5591758992911817,-0.11030145381205299,-4.883250206549925,318.2101304999524,-121.50455894671863,326.9642054026495,-106.8334796257617
1.0648,0.5554254470105052,-0.13467870704930263,-4.859362422008571,0.018941313108021315,0.07642472200080831,-22.076425317925047,0.01885335990532191,0.07641105496929487,-22.08021892585151,0.5557739622255625,-0.11727617966303977,-4.912839455120375,312.0534654263866,-124.82682057630412,320.88686178101113,-111.11461063231539
1.0656,0.5517895998356909,-0.14115333075568728,-4.889244757117139,0.01955987829761816,0.07573410296749425,-22.133732644313802,0.019473884913710927,0.07572319561188129,-22.137289412546558,0.5523000428591679,-0.12417034544679656,-4.942348288509429,305.9567462295713,-127.84653558248297,314.8182934877196,-115.05056004242137
1.0664,0.5480907910358058,-0.14755006154541553,-4.919087884472013,0.020162795340499962,0.07503987455412707,-22.19141339248534,0.020078829456764327,0.0750316206577466,-22.194736220916393,0.5487558716168555,-0.13098330385255766,-4.971775071903986,299.93212296940015,-130.57934688558026,308.7765580489796,-118.65617908997966
1.0672,0.5443305776076037,-0.15386837866857703,-4.94889034378304,0.020750153008794348,0.07434238326284165,-22.249462424777406,0.020668276683669683,0.07433667522177885,-22.252554401005828,0.5451431775039911,-0.13771444631678986,-5.001118241619636,293.9900778142512,-133.04077804145618,302.7776739015346,-121.94673489942231
1.068,0.5405105148246456,-0.16010779404092698,-4.978650722607897,0.02132204722083309,0.07364196912077063,-22.30787462796461,0.021242316931560864,0.07363869823690869,-22.310739019013553,0.5414636872184335,-0.14436320258530766,-5.030376305407024,288.13955210770683,-135.2461143790535,296.83572929099347,-124.93770980361717
1.0688,0.5366321555297836,-0.16626785189883106,-5.0083676567138555,0.021878580753636842,0.07293896558223391,-22.36664491356736,0.021801047451588836,0.0729380223477354,-22.369285157588997,0.5377191242860885,-0.1509290402565478,-5.0595478426961975,282.3880732147129,-137.21030555720805,290.9630015744086,-127.64462841409504
1.0696,0.5326970494448785,-0.17234812843975664,-5.038039830403007,0.022419862957663843,0.07223369944159379,-22.425768218127008,0.022344572136479647,0.07223497381432724,-22.42818791610821,0.5339112082202635,-0.15741146430706554,-5.088631504779584,276.7418790063598,-138.9478873918737,285.1700828051525,-130.08291083361914
1.0704,0.5287067424979799,-0.17834823144899253,-5.0676659768008125,0.022946009474129725,0.07152649075647166,-22.48523950344847,0.02287300124988159,0.07152987242594494,-22.487442410929557,0.5300416537050483,-0.1638100166002433,-5.117626014933887,271.2060383264855,-140.47292080861533,279.4660081479329,-132.26775007614896
1.0712,0.5246627761681061,-0.18426779991336428,-5.097244878108361,0.023457141955195004,0.07081765278100481,-22.545053756812536,0.02338645115779492,0.07082303142442362,-22.547043775630975,0.5261121698028434,-0.1701242753792882,-5.146530168481891,265.7845662049709,-141.79894583785338,273.85838429904055,-134.21401156658644
1.072,0.5205666868477935,-0.19010650362261405,-5.12677536581836,0.023953387787288942,0.07010749190883342,-22.60520599115914,0.023885044062353887,0.07011475743695322,-22.606987161229597,0.5221244591861887,-0.1763538547454845,-5.175342832794594,260.48053294325837,-142.9389486752314,268.3535156587716,-135.9361525070925
1.0728,0.5164200052235235,-0.1958640427591712,-5.156256320895093,0.0244348798178256,0.0693963076254968,-22.66569124524327,0.024368907738220414,0.06940535041798912,-22.66726773638498,0.5180802173939558,-0.1824984041227175,-5.20406294723463,255.29616650013824,-143.90533996287192,262.95652651184844,-137.4481588951198
1.0735999999999999,0.5122242556741055,-0.20154014747702212,-5.185686673918763,0.024901756085549252,0.0686843924699193,-22.726504583765298,0.024838175271832613,0.06869510360002172,-22.727880687587174,0.5139811321119374,-0.1885576077092639,-5.232689523041931,250.23294785503364,-144.70994259783345,257.67147791526537,-138.76349803989933
1.0744,0.5079809556871027,-0.20713457747034142,-5.215065405194329,0.025354159554725506,0.06797203200467036,-22.787641097476833,0.025292984803733626,0.06798430345293734,-22.788821219330288,0.5098288824778595,-0.19453118391778232,-5.261221643162436,245.29169922724913,-145.36398753290626,252.50147837212864,-139.89508453117168
1.0752,0.503691615293335,-0.21264712153257884,-5.244391544825268,0.02579223785338098,0.06725950479467921,-22.849095903263663,0.025733479274194646,0.06727322965169587,-22.85008455427276,0.5056251384107814,-0.20041888480446945,-5.289658462020937,240.4726651885532,-145.8781161951605,247.44878768794456,-140.85525775164402
1.076,0.4993577365194598,-0.21807759710668814,-5.273664172752741,0.02621614301577812,0.06654708239408517,-22.910864144207338,0.0261598061723323,0.06656215505205051,-22.911665933385187,0.5013715599648081,-0.2062204954883245,-5.31799920523926,235.7755868288759,-146.26238830428989,242.51491366736835,-141.65576918083585
1.0768,0.49498081285865864,-0.22342584982711855,-5.302882418760399,0.026626031229291705,0.06583502934091341,-22.97294098962627,0.026572117288902023,0.06585134567404043,-22.973560616086296,0.49706979670705403,-0.2119358335613904,-5.346243169300701,231.1997692263045,-146.52629402221584,237.700701520407,-142.30777790314033
1.0776,0.4905623287593663,-0.22869175305426218,-5.332045462445498,0.027022062585844647,0.06512360315925805,-23.035321635098043,0.02697056847294272,0.06514106069297763,-23.035763880368236,0.49272148711969854,-0.21756474849091142,-5.374389721162245,226.74414253785648,-146.67876950524584,233.00641601335747,-142.82185289977286
1.0784,0.4861037591320252,-0.23387520740195686,-5.361152533156641,0.02740440083803995,0.06441305436866711,-23.098001302463764,0.02735531939242792,0.06443155243766018,-23.098271022911547,0.4883282580260133,-0.22310712101423197,-5.402438297815574,222.40731707153523,-146.7282150588558,228.43181652772844,-143.20798086735314
1.0792,0.48160656887378367,-0.23897614025868358,-5.390202909898758,0.027773213160115197,0.06370362650042091,-23.160975239815656,0.0277265332990706,0.06372306639553837,-23.16107735919053,0.483891724040171,-0.22856286252730149,-5.430388405798304,218.1876327267494,-146.68251521222004,223.97622528555377,-143.47557846140728
1.08,0.4770722124110395,-0.2439945053030824,-5.419195921205952,0.028128669913832536,0.06299555612039902,-23.22423872146924,0.028084376797415867,0.06301584122456216,-23.224178223569925,0.4794134870406181,-0.23393191446762196,-5.458239620656933,214.08320320297378,-146.54906013477057,219.63858906742792,-143.63350800850853
1.0808,0.4725021332597532,-0.24893028201434958,-5.448130944982621,0.028470944419400117,0.062289072858241916,-23.28778704792054,0.028429019618340594,0.062310108771446465,-23.287568969392943,0.47489513566681596,-0.2392142476924031,-5.48599158636268,210.0919553785754,-146.33476791059857,215.41753479511965,-143.69009586460749
1.0816,0.46789776360337015,-0.2537834751781417,-5.477007408313723,0.0288002127315144,0.06158439944250644,-23.351615545789898,0.028760634397072916,0.06160609409608264,-23.35124496906173,0.47033824483905934,-0.24440986185274594,-5.5136440146819865,206.21166425543052,-146.0461072689408,211.3114193778908,-143.65315271859288
1.0824,0.4632605238882425,-0.2585541143885206,-5.50582478724462,0.029116653420594968,0.06088175174153073,-23.415719567752838,0.029079396455827883,0.06090401550183796,-23.415201614110238,0.4657443753011325,-0.24951878476457312,-5.541196684502923,202.43998385266153,-145.6891204410341,207.3183742346448,-143.52999524913648
1.0832,0.45859182243638236,-0.26324225354650843,-5.534582606531263,0.029420447359275792,0.06018133880972103,-23.480094492458967,0.029385483591148537,0.06020408457148046,-23.479434315270147,0.4611150731854968,-0.25454107177704915,-5.5686494411191845,198.77447441605324,-145.26944587609924,203.4363449056901,-143.32746863968512
1.084,0.4538930550753615,-0.26784797035580593,-5.5632804393615185,0.029711777514205444,0.05948336293897956,-23.544735724439867,0.029679075866030576,0.0595065062084699,-23.543938502530427,0.4564518696006837,-0.259476805139213,-5.596002195473302,195.21262629001936,-144.79234060299396,199.66312616106518,-143.05196954164688
1.0848,0.44916560478520495,-0.27237136581616533,-5.591917907048155,0.02999082874319572,0.05878801971500323,-23.60963869400637,0.029960355406896358,0.0588114786833658,-23.60870962519028,0.4517562802405985,-0.2643260933654654,-5.623254923360491,191.7518807774992,-144.2627020700397,195.9963929992653,-142.70946915014457
1.0856,0.4444108413620396,-0.27681256371496665,-5.620494678694463,0.030257787597752543,0.058095498078179174,-23.674798857136334,0.0302295062054786,0.05811919368509628,-23.673743151906514,0.44702980501534706,-0.2690890706006138,-5.6504076645950105,188.38964829064255,-143.6850893345275,192.4337279125044,-142.30553612104276
1.0864,0.43963012109831967,-0.2811717101174593,-5.649010470833128,0.030512842131009223,0.057405980388818965,-23.74021169535322,0.030486713925660373,0.05742983637684608,-23.73903457073498,0.44227392770326107,-0.2737658959850693,-5.677460522140461,185.12332407247175,-143.0637435062733,188.97264477406537,-141.84535911323886
1.0872,0.43482478647939116,-0.2854489728561608,-5.6774650470391546,0.030756181711075945,0.05671964249647238,-23.805872715596173,0.030732165715312145,0.05674358545631926,-23.80457938916658,0.4374901156237315,-0.2783567530208187,-5.704413661205827,181.9503017472063,-142.4026073770659,185.61060968075876,-141.33376878734626
1.088,0.42999616589615003,-0.2896445410198862,-5.705858217517808,0.030987996839810707,0.05603665381306815,-23.871777450082416,0.03096605002315757,0.056060613220136245,-23.870373134158164,0.43267981933045174,-0.2828618489387693,-5.731267308308972,178.86798493512356,-141.70534419064677,182.34505906011293,-140.77525913182527
1.0888,0.42514557337357983,-0.2937586244428259,-5.734189838668144,0.031208478977006557,0.05535717738964154,-23.937921456161952,0.031188556420689222,0.05538108563213632,-23.936411352158075,0.42784447232470646,-0.2872814140679897,-5.758021750309121,175.87379714695047,-140.9753555266139,179.17341532833873,-140.17400802117348
1.0896,0.4202743083148768,-0.2977914531941389,-5.762459812623205,0.03141782036998577,0.054681369996404404,-24.00430031616567,0.03139987542915171,0.05470516239535008,-24.00268960912701,0.42298549078825576,-0.29161570120742203,-5.784677333410276,172.9651901529285,-140.2157982869004,176.09310036176964,-139.53389693877367
1.0904,0.4153836552609312,-0.3017432770684464,-5.7906680867675835,0.03161621388858131,0.05400938220593033,-24.07090963724681,0.031600198351597546,0.054032997027422126,-24.069203490553793,0.41810427333543465,-0.29586498500054464,-5.811234462137023,170.1396510031511,-139.42960078579182,173.1015470219587,-138.85852982016365
1.0912,0.41047488366488316,-0.3056143650776381,-5.818814653233232,0.03180385286548096,0.05334135847922699,-24.137745051216363,0.03178971711001737,0.05336473693926188,-24.13594860146642,0.4132022007840249,-0.300029561313483,-5.837693598284622,167.39470785841922,-138.61947795421423,170.19620895299593,-138.1512509914788
1.092,0.40554924768145856,-0.3094050049443865,-5.846899548374502,0.03198093094190292,0.052677437254474394,-24.20480221437296,0.031968624087538075,0.05270052351670572,-24.20292056643854,0.4082806359444583,-0.3041097466170452,-5.864055259845044,164.72793477483165,-137.78794567667205,167.37456884920124,-137.41516219323867
1.0928,0.40060798597083697,-0.31311550259770654,-5.874922852223109,0.032147641918564576,0.05201775103822036,-24.272076807327156,0.03213711197567471,0.05204049220498495,-24.270115029590976,0.4033409234269449,-0.30810587737309203,-5.890320019910561,162.13695557060092,-136.9373342850842,164.63414537224918,-136.6531386920283
1.0936,0.39565232151671736,-0.31674618167095125,-5.902884687924112,0.03230417961190202,0.051362426498821154,-24.339564534820937,0.03229537362661835,0.05138477259578885,-24.337527654588897,0.39838438946604243,-0.312018309425693,-5.916488505556769,159.6194468900245,-136.0698012381201,161.9724988789489,-135.86784449240974
1.0944,0.390683461458323,-0.32029738300254895,-5.9307852211536085,0.032450737715491444,0.050711584561931526,-24.40726112554231,0.03244360191053324,0.0507334885167278,-24.405154124634084,0.3934123417622579,-0.31584741739743444,-5.942561396706521,157.17314056726278,-135.18734301778142,159.38723610451552,-135.06174666903615
1.0952,0.3857025969360293,-0.32376946413981705,-5.958624659519155,0.03258750966661908,0.05006534050784822,-24.475162331935337,0.032581989577833294,0.0500867581229996,-24.47299014245258,0.3884260693402133,-0.3195935940912634,-5.968539424976567,154.7958253813454,-134.2918062770808,156.8760139310336,-134.2371288447312
1.096,0.3807109029502968,-0.32716279884616867,-5.986403251943849,0.03271468851794228,0.04942380407051789,-24.54326393000608,0.03271072912640187,0.04944469399106803,-24.54103143027778,0.3834268424229125,-0.323257249898228,-5.994423372508572,152.4853482836855,-133.38489827394878,154.43654235701095,-133.39610384459237
1.0968,0.37570953823363723,-0.33047777661198013,-6.014121288034767,0.032832466814178604,0.048787079538032484,-24.611561719124225,0.03283001267371273,0.04880740321417376,-24.60927372982852,0.3784159123216912,-0.3268388122114162,-6.020214070785997,150.23961517024836,-132.4681966271186,152.06658677136875,-132.5406255592199
1.0976,0.3706996451352592,-0.3337148021694237,-6.041779097436933,0.03294103647375791,0.04815526585443179,-24.680051521820996,0.03294003183380734,0.048174987499493664,-24.67771280228263,0.3733945113413518,-0.330338724846434,-6.045912399438639,148.05659126223202,-131.54315842979267,149.76396962376498,-131.67250005217343
1.0984,0.36568234951811557,-0.33687429501150595,-6.0693770491734895,0.03304058867536668,0.04752845672264918,-24.74872918358318,0.03304097759907745,0.04754754326677921,-24.746344428245436,0.36836385270006683,-0.33375744746868213,-6.071519285036276,145.9343011517465,-130.6111287565505,147.52657157287516,-130.79339594794848
1.0992,0.360658760668025,-0.3399566889155711,-6.0969155509730175,0.033131313749312066,0.0469067407084357,-24.817590572643535,0.0331330402267983,0.04692516174830431,-24.815164407713336,0.36332513046358095,-0.3370954550277138,-6.097035699872998,143.87082856230694,-129.67334859825996,145.35233218492255,-129.90485413725952
1.1,0.35562997121453616,-0.34296243147150823,-6.124395048585038,0.03321340107362948,0.04629020134510504,-24.88663157976785,0.03321640913035472,0.04630792908995787,-24.884168560032563,0.35827951949324904,-0.34035323719892585,-6.122462660743885,141.8643158680193,-128.73096225880835,143.23925024639408,-129.00829683638082
1.1008,0.3505970570632545,-0.3458919836148662,-6.151816025084297,0.03328703897485427,0.04567891723895262,-24.955848118038393,0.03329127277509682,0.0456959264533282,-24.95335272385255,0.3532281754074943,-0.34353129783279324,-6.147801227715275,139.9129634100429,-127.78502424634613,141.18538374739194,-128.10503603684947
1.1016,0.34556107733927216,-0.34874581916510705,-6.179179000165,0.033352414633376584,0.04507296217519984,-25.025236122634244,0.03335781857876079,0.045089230118621884,-25.022712757074423,0.34817223455619606,-0.34663015441188344,-6.173052502890402,138.01502864415454,-126.83650569045416,139.18884958532217,-127.19628138103441
1.1024,0.3405230743414193,-0.35152442436916936,-6.206484529425645,0.0334097139932952,0.044472405224328736,-25.094791550608313,0.033416232816385213,0.04448791158827479,-25.09224453679402,0.3431128140076023,-0.34965033751582264,-6.198217629171555,136.16882514905893,-125.88630031529863,137.2478230326558,-126.28314749805804
1.1032,0.33548407350700593,-0.35422829745053624,-6.233733203645376,0.03345912167668448,0.043877310848672815,-25.164510380661103,0.0334667005296516,0.043892037691111926,-25.161943959239576,0.3380510115473095,-0.3525923902943962,-6.223297789020307,134.37272152132113,-124.93522999741306,135.36053700712569,-125.36666083333121
1.104,0.3304450833867265,-0.3568579481639763,-6.2609256480528375,0.03350082090218707,0.0432877390091352,-25.2343886129116,0.03350940544057494,0.0433016706869186,-25.231806939704107,0.3329879056888616,-0.35545686794895365,-6.248294203217215,132.62514017948652,-123.98404993530478,133.52528117796086,-124.44776600361945
1.1048,0.3254070956294476,-0.359413897356106,-6.288062521588039,0.033534993407842655,0.04270374527191686,-25.304422268664798,0.03354452986946671,0.0427168683712957,-25.301829412472028,0.3279245556955735,-0.35824433722223864,-6.2732081296221045,130.92455609701554,-123.03345345664464,131.74040093754527,-123.52733170813744
1.1056,0.3203710849765248,-0.3618966765319277,-6.315144516158466,0.0335618193780623,0.04212538091513375,-25.374607390176447,0.03357225465709235,0.04213768418066887,-25.372007330740377,0.32286200161310813,-0.3609553758967938,-6.298040861936521,129.26949548103983,-122.08407648734924,130.00429626410428,-122.60615622467543
1.1064,0.31533800926537425,-0.36430682742746767,-6.342172355889886,0.03358147737465662,0.04155269303521676,-25.444940040414625,0.03359275909094097,0.041564167297334656,-25.44233666653418,0.3178012643124255,-0.3635905723020362,-6.322793728469285,127.65853441166225,-121.1365017054761,128.3154204977205,-121.68497251827763
1.1072,0.3103088094419759,-0.36664490158864,-6.369146796372801,0.03359414427182438,0.04098572465298688,-25.51541630281833,0.03360622083552509,0.04099636275442688,-25.512813410615966,0.3127433455426721,-0.36615052483010585,-6.347468090906547,126.09029745447913,-120.19126240147307,126.67227904901833,-120.76445298848326
1.108,0.30528440958199154,-0.36891145995645064,-6.396068623905399,0.03359999519500851,0.04042451481930449,-25.58603228105326,0.03361281586662549,0.04043431154069063,-25.583433572389673,0.3076892279935891,-0.36863584146057776,-6.372065343087515,124.56345625721214,-119.24884606500287,125.0734280572549,-119.84521387966306
1.1088,0.30026571692022846,-0.37110707245862895,-6.4229386547335725,0.03359920346352442,0.03986909872020123,-25.656784098764373,0.0336127184093953,0.039878050704962906,-25.65419317979824,0.3026398753670766,-0.3710471392940914,-6.396586909786739,123.07672813977486,-118.30969771730274,123.51747301227512,-118.9278193775484
1.1096,0.29525362188811116,-0.3732323176077943,-6.449757734288918,0.0335919405368666,0.03931950778139968,-25.727667899325795,0.03360610088023603,0.03932761346025401,-25.72508827921556,0.29759623245746913,-0.3733850440949732,-6.421034245504358,121.62887468568998,-117.37422300681142,122.00306735273806,-118.01278541362922
1.1104,0.29024899815889627,-0.3752877821062198,-6.476526736425386,0.03357837596459729,0.03877576977213952,-25.79867984558758,0.03359313383235715,0.038783029287338046,-25.796114935332056,0.2925592252401769,-0.375650189842881,-6.445408833265049,120.21870034158111,-116.44279108465214,120.52891105126699,-117.10058319776256
1.1112,0.28525270270033,-0.3772740604572731,-6.503246562655215,0.033558677339723,0.03823790890822796,-25.869816119619525,0.033573985904930145,0.038244324037759674,-25.86726923103427,0.2875297609682949,-0.37784321829350836,-6.469712183426792,118.84505103038092,-115.51573727545603,119.09374919559434,-116.19164249802479
1.112,0.28026557583444467,-0.3791917545835964,-6.529918141385021,0.033533010255462556,0.0377059459542368,-25.941072922452328,0.03354882377574705,0.03771152003616937,-25.938547267278306,0.2825087282767918,-0.37996477854837746,-6.493945832500429,117.50681278296655,-114.59336555797054,117.69637057339881,-115.28635468560417
1.1128,0.27528844130424285,-0.3810414734520666,-6.556542427152521,0.033501538265311964,0.03717989832477889,-26.012446473815416,0.033517812117292836,0.03718463618190871,-26.00994516295692,0.2774969972939496,-0.38201552663371463,-6.518111341980756,116.2029103921297,-113.67595086892678,116.33560626734263,-114.38507556136244
1.1136,0.270322106346955,-0.38282383270559256,-6.583120399864695,0.03346442284631073,0.036659780184791664,-26.083933011872276,0.033481113556141,0.03666368804976412,-26.081459054760558,0.27249541975965336,-0.38399612508842657,-6.542210297190198,114.9323060920601,-112.76374124270505,115.01032826574219,-113.48812797956421
1.1144,0.2653673617736234,-0.384539454301772,-6.609653064037931,0.03342182336541515,0.036145602548769196,-26.155528792952637,0.03343888863558098,0.03614868798981964,-26.153085097031976,0.26750482915021756,-0.385907242561152,-6.566244306135688,113.69399826592094,-111.85695979848265,113.7194480934067,-112.59580428323629
1.1152,0.26042498205473297,-0.386188966158441,-6.636141448040764,0.03337389704888416,0.03563737337888212,-26.22723009128177,0.033391295781386145,0.03563964522633826,-26.224819461614572,0.26252604080938857,-0.38774955341637724,-6.590214998379617,112.48702018354535,-110.95580658572774,112.46191546636184,-111.70836856461395
1.116,0.2554957254116085,-0.3877730018061361,-6.662586603339937,0.03332079895458417,0.03513509768192958,-26.299033198707136,0.033338491270631196,0.035136565955606325,-26.296658337694648,0.25755985208518356,-0.38952373734959134,-6.614124023925529,111.3104387708204,-110.0604602981421,111.23671697348155,-110.82605876320274
1.1168,0.2505803339133534,-0.38929220004747256,-6.6889896037501195,0.03326268194711989,0.03463877760507567,-26.37093442442189,0.03328062920346779,0.034639453442683536,-26.36859793163709,0.2526070424722641,-0.3912304790114291,-6.637973052119273,110.16335341193196,-109.17107986545179,110.04287478745273,-109.94908861311183
1.1176,0.24567953357902994,-0.39074720462345547,-6.715351544688117,0.033199696675698984,0.03414841253031931,-26.442930094685835,0.033217861477767445,0.034148308116998455,-26.44063446681512,0.24766837375949613,-0.39287046764077793,-6.661763770566196,109.04489478528055,-108.28780593176536,108.87944540695625,-109.07764945048801
1.1184,0.24079403448487072,-0.39213866388671054,-6.741673542431829,0.03313199155463897,0.033663999167657374,-26.515016552543457,0.03315033776654147,0.033663127666740046,-26.512764183433575,0.2427445901824141,-0.3944443967067787,-6.685497884064962,107.9542237336006,-107.41076222861575,107.74551843151048,-108.21191189111943
1.1192,0.23592453087625553,-0.39346723048162796,-6.767956733384681,0.03305971274642637,0.03318553164690009,-26.587190157539112,0.03307820549804778,0.033183907131995254,-26.584983338346063,0.23783641858027732,-0.3959529635596699,-6.709177113558564,106.8905301685473,-106.54005685020921,106.64021537002108,-107.3520273875566
1.12,0.23107170128420598,-0.3947335610314136,-6.794202273345933,0.03298300414723823,0.03271300160810069,-26.659447285429785,0.033001609838495344,0.03271063899658621,-26.657288204866163,0.2329445685574113,-0.3973968690904112,-6.73280319510307,105.85303200980077,-105.67578343787282,105.56268848374485,-106.4981296744288
1.1208,0.22623620864619487,-0.3959383158320119,-6.820411336787252,0.032902007374838164,0.032246398290569814,-26.731784327894815,0.03292069367725753,0.0322433132785689,-26.729675072572213,0.22806973264858646,-0.3987768173990049,-6.756377878854435,104.8409741585644,-104.81802228019417,104.51211966409814,-105.65033611001877
1.1216,0.22141870043099782,-0.3970821585528876,-6.846585116136207,0.032816861758759364,0.03178570862044042,-26.804197692243385,0.03283559761450662,0.031781917619351424,-26.802140247106465,0.22321258648811138,-0.4000935154714505,-6.779902928073973,103.8536275051626,-103.9668413348686,103.48771934547709,-104.80874892156551
1.1224,0.2166198087674018,-0.3981657559446248,-6.872724821066903,0.03272770433268918,0.0313309172967599,-26.876683801119157,0.03274645995118231,0.031326437371400354,-26.874680049968056,0.21837378898241266,-0.4013476728652375,-6.803380118152712,102.89028797033106,-103.12229717785067,102.48872545306783,-103.97345636123778
1.1232,0.21184015057653494,-0.3991897775533128,-6.89883167779823,0.032634669828970134,0.030882006876084157,-26.94923909220251,0.032653416681208504,0.03087685568450262,-26.94729081830022,0.21355398248582408,-0.40254000140329116,-6.826811235655067,101.95027557967435,-102.28443588499334,101.51440238543536,-103.14453377921056
1.124,0.20708032770759197,-0.400154895441678,-6.92490692840018,0.032537890675134254,0.03043895785555119,-27.02186001791056,0.03255660148587308,0.03043315359055353,-27.01996890467191,0.20875379297932153,-0.4036712148762852,-6.850198077382149,101.03293357067982,-101.45329385098599,100.56404003153507,-102.32204461981047
1.1248,0.20234092707678114,-0.4010617839169054,-6.950951830108497,0.0324374969923892,0.030001748754419355,-27.094543045094483,0.0324561457302873,0.02999531008684872,-27.092710676853567,0.20397383025199248,-0.4047420287532125,-6.873542449454849,100.13762753161355,-100.62889855006073,99.63695282167662,-101.50604134627072
1.1256,0.1976225208092501,-0.4019111192651173,-6.976967654648085,0.03233361659597493,0.029570356194050667,-27.167284654734978,0.03235217846184142,0.029563302217854304,-27.16551251758771,0.19921468808496515,-0.4057531599001208,-6.89684616641716,99.26374457155313,-99.81126924260592,98.73247881185509,-100.69656629922017
1.1264,0.19292566638382733,-0.402703579492439,-7.002955687565397,0.03222637499731257,0.02914475497632922,-27.240081341635367,0.03224482641057608,0.029137105155438995,-27.238370824353936,0.1944769444376018,-0.40670532630690437,-6.920111050359684,98.41069252078364,-99.00041763153423,97.84997880079533,-99.89365249367265
1.1272,0.18825090678037365,-0.4034398440726014,-7.028917227570179,0.032115895407867814,0.028724918160502984,-27.312929614112633,0.032134213991388695,0.028716692277550013,-27.31128200912881,0.1897611616357229,-0.4075992468220431,-6.943338930063651,97.57789916073962,-98.19634847197108,96.98883547898187,-99.09732435892623
1.1280000000000001,0.1835987706295454,-0.404120593701019,-7.0548535858869235,0.03200229874465243,0.028310817138439092,-27.385825993686787,0.03202046330799607,0.028302035245318144,-27.384242498140836,0.18506788656163906,-0.40843564089518086,-6.966531640165568,96.76481148265337,-97.39906013756998,96.14845260889409,-98.30759842546229
1.1288,0.1789697723648207,-0.4047465100552765,-7.080766085616046,0.03188570363729018,0.027902421708289913,-27.458767014768103,0.03190369415857657,0.02789310407858285,-27.457248731620364,0.18039765084581133,-0.4092152283274227,-6.989691020342503,95.97089497406161,-96.60854514653188,95.32825423563492,-97.524483962643
1.1296,0.17436441237657307,-0.4053182755619578,-7.106656061105372,0.0317662264365736,0.027499700146561876,-27.53174922434304,0.031784024043015065,0.02748986722982547,-27.53029716354503,0.17575097105991364,-0.40993872902923956,-7.012818914518231,95.1956329323013,-95.82479065017034,94.52768392710122,-96.74798357072014
1.1304,0.16978317716805785,-0.40583657316974775,-7.13252485733182,0.03164398122444093,0.0271026192785886,-27.604769181658337,0.031661568171676945,0.02709229165650622,-27.603384261380562,0.17112834891113143,-0.41060686278585856,-7.035917170090112,94.4385258041356,-95.04777888667462,93.7462040428338,-95.9780937304217
1.1312,0.16522653951312943,-0.40630208612872815,-7.15837382929374,0.031519079825303394,0.026711144547406536,-27.677823457903884,0.03153643947563816,0.026700342891799657,-27.676506505817287,0.16653027143750324,-0.41122034903001775,-7.058987637176829,93.69909055064382,-94.2774876025204,92.98329503066614,-95.21480531313958
1.1320000000000001,0.16069495861551933,-0.40671549777580385,-7.18420434141397,0.0313916318186545,0.026325240081034196,-27.750908635894433,0.03140874861829939,0.026313985113725086,-27.74966039050274,0.16195721120411985,-0.4117799066219629,-7.082032167886998,92.97686003651584,-93.51389044380694,92.23845475028688,-94.45810405452261
1.1328,0.15618888026955174,-0.4070774913261671,-7.210017766953776,0.03126174455289589,0.02594486875816115,-27.824021309750066,0.03127860400831569,0.02593318121267399,-27.822842421770204,0.15740962650003537,-0.4122862536365634,-7.105052615608455,92.27138244290992,-92.75695731963881,91.51119782283308,-93.70797099408108
1.1336,0.15170873702210824,-0.40738874967073185,-7.2358154874379235,0.03112952316031384,0.025569992272248838,-27.897158084576013,0.031146111813772154,0.02555789285733353,-27.896049118363816,0.1528879615357025,-0.4127401071574192,-7.128050834318357,91.58222070303177,-92.00665473951062,90.80105500563224,-92.96438288321214
1.1344,0.14725494833572864,-0.4076499551794499,-7.2615988920909045,0.03099507057314455,0.02520057119405241,-27.970315576141655,0.031011375977540143,0.02518808055901139,-27.969277011160184,0.1483926466407963,-0.4131421830778344,-7.151028677913857,90.90895195962055,-91.26294612652252,90.10757259122197,-92.22731256388874
1.1352,0.14282792075269685,-0.4078617895104283,-7.287369377284455,0.03085848754066633,0.02483656503257107,-28.043490410558913,0.030874498233748715,0.024823703734366605,-28.04252264288686,0.14392409846227194,-0.4134931959085282,-7.173987999563281,90.25116704353648,-90.52579210811753,89.4303118297884,-91.49672932008855
1.1360000000000001,0.13842804805996214,-0.408024933424764,-7.313128345996576,0.03071987264725849,0.024477932294435407,-28.116679223960684,0.03073557812530762,0.02446472076655211,-28.115782567838117,0.13948272016249952,-0.41379385859195605,-7.196930651077807,89.60846997266377,-89.79515078591115,88.76884837417427,-90.77259920388812
1.1368,0.1340557114547983,-0.40814006660700486,-7.338877207281971,0.030579322331369983,0.02412463054174525,-28.189878662178785,0.03059471302242114,0.02411108906477956,-28.189053351587894,0.1350689016173709,-0.4140448823231138,-7.219858482303217,88.98047747036871,-89.07097798607826,88.12277174663244,-90.05488533801662
1.1376,0.1297112797110385,-0.40820786749115606,-7.364617375754148,0.0304369309053404,0.023776616448367306,-28.263085380422375,0.030451998142031828,0.023762765122313786,-28.262331570700674,0.1306830196142101,-0.41424697637669355,-7.242773340531884,88.36681850276335,-88.35322749164895,87.49168482650907,-89.34354819652269
1.1384,0.12539510934579481,-0.4082290130921385,-7.390350271079091,0.030292790576019052,0.023433845854708417,-28.33629604295649,0.03030752656813667,0.02341970457291019,-28.335613812440144,0.1263254380493974,-0.4144008479404644,-7.265677069934517,87.76713383405551,-87.64185125797799,86.87520335807058,-88.63854586510176
1.1392,0.12110754478653299,-0.40820417884261456,-7.416077317480579,0.030146991466129078,0.023096273820977828,-28.409507322781277,0.030161389272918702,0.02308186224570676,-28.408896674476182,0.12199650812556952,-0.41450720195474733,-7.288571511011639,87.18107559928228,-86.9367996125581,86.27295547770153,-87.93983428251086
1.1400000000000001,0.11684891853838167,-0.4081340384350849,-7.441799943257326,0.029999621636324483,0.022763854678953234,-28.482715901312126,0.03001367513863868,0.022749192218583625,-28.482176764590555,0.11769656854828069,-0.4145667409578584,-7.311458500064538,86.60830689374674,-86.23802144026305,85.68458125972519,-87.24736746439966
1.1408,0.1126195513515949,-0.4080192636691716,-7.467519580311697,0.02985076710789126,0.022436542082269167,-28.555918468060714,0.029864470980234644,0.0224216478700072,-28.555450700381225,0.11342594572203787,-0.41458016493738825,-7.334339868685386,86.04850137850362,-85.54546435503813,85.10973228012391,-86.56109771079409
1.1416,0.10841975238903186,-0.40786052430399394,-7.493237663690242,0.02970051188604304,0.022114289055242382,-28.629111720317635,0.02971386156857618,0.02209918192937241,-28.62871510896622,0.10918495394557823,-0.4145481711871939,-7.357217443266392,85.5013429012544,-84.85907485897273,84.54807119745129,-85.88097579837431
1.1424,0.10424981939358269,-0.40765848791554393,-7.518955631135905,0.02954893798376568,0.021797048040254608,-28.70229236283649,0.02956192965432472,0.021781746525861873,-28.701966626686783,0.10497389560632127,-0.4144714541699722,-7.380093044527615,84.9665251320425,-84.17879848963405,83.99927135026043,-85.20695115861513
1.1432,0.10011003885543412,-0.40741381975897545,-7.544674922651822,0.02939612544616511,0.021484770943710672,-28.775457107519856,0.0294087559923508,0.02146929323583934,-28.775201898810415,0.1007930613738882,-0.4143507053852923,-7.4029684870632035,84.44375121315471,-83.50457995647494,83.46301637038721,-84.53897204277634
1.1440000000000001,0.09600068617907347,-0.40712718263570297,-7.570396980076981,0.029242152375274555,0.02117740918059064,-28.848602673107628,0.02925441936666118,0.021161773128795195,-28.848417579234408,0.09664273039259569,-0.41418661324295675,-7.425845578905856,83.93273342265864,-82.83636326706836,82.93899981145411,-83.87698567465984
1.1448,0.09192202584997103,-0.4067992367652351,-7.596123246673216,0.02908709495527994,0.020874913717618425,-28.92172578486758,0.0290989966157916,0.020859136811865586,-28.92161033018955,0.09252317047286626,-0.41397986294157046,-7.4487261211090345,83.43319285102844,-82.17409184387952,82.42692479198382,-83.22093839199181
1.1456,0.08787431160082458,-0.40643063966163456,-7.62185516672396,0.028931027478121818,0.020577235115064926,-28.994823174288978,0.028942562658620424,0.020561334472942974,-28.994776821945166,0.08843463828144581,-0.41373113635219294,-7.471611907346796,82.94485909032743,-81.51770863222252,81.92650365252865,-82.57077577721878
1.1464,0.08385778657731559,-0.4060220460145214,-7.647594185144387,0.028774022369435576,0.02028432356720926,-29.067891578779083,0.0287851905205619,0.02026831592240111,-29.067913732515184,0.08437737953038447,-0.41344111190694827,-7.494504723530833,82.46746993544231,-80.86715620001692,81.437457626251,-81.92644277845942
1.1472,0.07987268350328727,-0.4055741075745289,-7.673341747102892,0.02861615021479208,0.019996128941478855,-29.14092774136305,0.02862695136009836,0.01998003063345512,-29.141017747365943,0.08035162916469775,-0.4131104644924758,-7.51740634744441,82.00077109687726,-80.22237682990885,80.9595165224051,-81.28788382129646
1.1480000000000001,0.075919224845266,-0.40508747304311366,-7.699099297654027,0.028457479786201906,0.01971260081628985,-29.213928410387766,0.02846791449561177,0.019696427781177823,-29.214085559126204,0.07635761154863599,-0.41273986534809964,-7.540318548392891,81.54451592463855,-79.58331260428277,80.4924184221929,-80.65504291204527
1.1488,0.07199762297627872,-0.404562787966636,-7.724868281382527,0.02829807806884959,0.019433688517612364,-29.286890339229416,0.028308147432478177,0.019417456280196893,-29.287113867299325,0.07239554065052708,-0.4123299819685952,-7.5632430868705205,81.09846514275976,-78.94990548365884,80.03590938649171,-80.02786373309596
1.1496,0.0681080803388746,-0.4040006946346172,-7.750650142058509,0.02813801028802304,0.01915934115428082,-29.359810286005818,0.02814771589038772,0.01914306482109336,-29.360099377978564,0.06846562022610402,-0.411881478011442,-7.5861817142430805,80.66238659403137,-78.32209737892973,79.58974317496215,-79.40628973087688
1.1504,0.0642507896073106,-0.4034018319820804,-7.77644632230373,0.027977339936207223,0.018889507652075036,-29.432685013293167,0.02798668383085672,0.01887320190552692,-29.43303880356539,0.06456804400029169,-0.411395013208438,-7.609136172446174,80.23605499452141,-77.6998302178647,79.15368097607431,-78.79026419695606
1.1512,0.06042593384883454,-0.40276683549589637,-7.802258263268556,0.02781612880031104,0.018624136786593793,-29.505511287847966,0.027825113484898238,0.018607815880110498,-29.505928862491444,0.06070299584739319,-0.4108712432815713,-7.632108193698599,79.81925169748581,-77.08304600627851,78.72749114760104,-78.17973034275762
1.152,0.0566336866839992,-0.40209633712502874,-7.828087404319932,0.027654436988997215,0.01836317721494455,-29.57828588033454,0.02766306538081874,0.018346854969057726,-29.578766278944713,0.05687064996962,-0.4103108198630262,-7.655099500230717,79.41176446628596,-76.47168688423035,78.31094896714767,-77.57463136833549
1.1528,0.052874212445973574,-0.4013909651946071,-7.853935182739797,0.02749232296008828,0.018106577506273806,-29.65100556505815,0.02750059837211147,0.018090267305628675,-29.65154778259992,0.05307117107394386,-0.40971439041921986,-7.6781118040272265,79.01338725594658,-75.86569517760239,77.90383639230794,-76.97491052562187
1.1536,0.049147666338792494,-0.40065134432373206,-7.879803033434038,0.027329843548020878,0.017854286171161513,-29.723667119704317,0.027337769665416786,0.017838000962397262,-29.724270108353856,0.04930471454722229,-0.4090825981787577,-7.701146806584073,78.62392000300127,-75.26501344537527,77.5059418300484,-76.38051117653352
1.1544,0.04545419459448601,-0.3998780953469237,-7.905692388651881,0.027167053991322472,0.0176062516899026,-29.796267325084877,0.027174634848521336,0.01759000398036449,-29.796929996066133,0.04557142662954874,-0.4084160820641949,-7.7242061986792665,78.24316842328716,-74.66958452289823,77.11705991494127,-75.79137684629289
1.1552,0.04179393462907182,-0.39907183523913736,-7.931604677715322,0.02700400796008726,0.01736242253970135,-29.868802964890605,0.02701124791837072,0.017346224396943638,-29.869524190305352,0.04187144458582612,-0.40771547662750846,-7.747291660156941,77.87094381736654,-74.07935156143667,76.73699129588424,-75.20745127230269
1.156,0.03816701519733728,-0.3982331770442507,-7.957541326758769,0.026840757583425915,0.017122747220800438,-29.94127082545152,0.026847661309068963,0.01710661027283966,-29.942049440101716,0.03820489687549736,-0.4069814119891636,-7.770404859724614,77.50706288326353,-73.49425806425091,76.3655424309557,-74.62867844887917
1.1568,0.03457355654639691,-0.3973627298069473,-7.98350375847844,0.026677353476868775,0.016887174281570216,-30.01366769550463,0.02668392591984161,0.016871109717850205,-30.014502498706005,0.034571903320435506,-0.40621451378067913,-7.793547454763107,77.15134753621966,-72.91424791945268,76.00252539007361,-74.05500266813783
1.1576,0.031013670567980677,-0.3964610985079089,-8.009493391891546,0.02651384476970039,0.016655652342581866,-30.085990365969728,0.02652009114293961,0.016639670915610666,-30.086880123355556,0.030972575270957235,-0.4054154030905908,-7.816721091148732,76.80362473518342,-72.33926542986238,75.64775766513677,-73.48636855730011
1.1584,0.027487460949406056,-0.39552888400223585,-8.035511642105043,0.026350279132205036,0.016428130119686565,-30.158235629734,0.026356204891461312,0.016412242147308787,-30.159179075047863,0.027407015769928624,-0.4045846964137074,-7.839927403087593,76.46372631575913,-71.7692553400765,75.30106198734124,-72.92272111267002
1.1592,0.023995023323229864,-0.39456668296101677,-8.061559920093691,0.02618670280280545,0.0162045564461274,-30.230400281445014,0.026192313627073548,0.016188771814394116,-30.231396118321744,0.023875319714968635,-0.40372300560357083,-7.863168012961364,76.13148882935687,-71.20416286094412,74.9622661513804,-72.36400573051917
1.16,0.02053644541551924,-0.39357508781596356,-8.087639632487436,0.02602316061507501,0.01598488029370426,-30.30248111731347,0.02602846238761045,0.0159692084603048,-30.303528021047192,0.02037757401870439,-0.40283093782801727,-7.88644453118443,75.8067533882894,-70.64393369163119,74.6312028462443,-71.81016823509354
1.1608,0.017111807192738655,-0.3925546867070381,-8.113752181367733,0.025859696024607887,0.01576905079301794,-30.374474934925317,0.025864694814533202,0.015753500791238547,-30.375571554223693,0.016913857767087093,-0.4019090955277501,-7.909758556071891,75.48936551657911,-70.08851403944617,74.3077094923515,-71.26115490394857
1.1616,0.013721181007218704,-0.39150606343299105,-8.139898964072724,0.025696351135730315,0.015557017252815063,-30.446378533064028,0.02570105318023241,0.015541597695990212,-30.447523491787795,0.013484242375748672,-0.4009580763778336,-7.933111673718065,75.1791750062438,-69.53785063758475,73.99162808475468,-70.71691249080126
1.1624,0.01036463174117353,-0.3904297974047335,-8.166081373011178,0.025533166728037345,0.015348729178457168,-30.518188711543562,0.02553757841515642,0.015333448264880211,-30.51938061043058,0.01008879174437557,-0.39997847325200986,-7.956505457885327,74.87603577884063,-68.99189076094008,73.6828050421716,-70.1773882460731
1.1632,0.007042216949270474,-0.38932646360147277,-8.192300795484783,0.02537018228274223,0.015144136289537662,-30.58990227105195,0.025374310134751357,0.015129001807798735,-30.591139689424853,0.0067275624091198685,-0.39897087418976407,-7.979941469902601,74.5798057520597,-68.45058224012027,73.38109106160746,-69.64252993529331
1.164,0.003753986999701366,-0.38819663252953207,-8.21855861351885,0.025207436008823258,0.014943188536668026,-30.66151601300652,0.02521128666619689,0.01492820787138799,-30.662797510463196,0.003400603693008393,-0.3979358623660363,-8.003421258573566,74.29034671116216,-67.91387347379775,73.08634097833988,-69.11228585550998
1.1648,0.0004999852137653743,-0.387040870183784,-8.244856203701083,0.02504496486895694,0.01474583611745675,-30.733026739420648,0.025048545074925134,0.014731016255386812,-30.734350857506882,0.00010795785437195217,-0.39687401606350825,-8.026946360093861,74.00752418507248,-67.38171343951423,72.79841363105096,-68.58660484985671
1.1656,-0.0027197519960647483,-0.3858597380116291,-8.271194937028215,0.02488280460522507,0.014552029491702808,-30.804431252782724,0.02488612119090992,0.014537377028160743,-30.80579651664614,-0.0031503397667187872,-0.3957859086473767,-8.050518297977163,73.73120732693826,-66.85405170305202,72.51717173189911,-68.06543632040598
1.1664,-0.005905194989615108,-0.38465379287944107,-8.297576178760497,0.02472098976458442,0.014361719395825,-30.87572635594785,0.02472404963471353,0.014347240541439613,-30.877131275972562,-0.0063742606040220725,-0.3946721085425303,-8.074138582989807,73.46126879897916,-66.3308384264746,72.24248174133001,-67.54873023943207
1.1672,-0.009056320764011918,-0.38342358704141954,-8.324001288283586,0.024559553724089838,0.01417485685655002,-30.946908852042267,0.024562363843281688,0.014160557444286667,-30.948351925463523,-0.009563782722673622,-0.39353317921305725,-8.097808713093453,73.1975846614578,-65.81202437493769,71.97421374743939,-67.03643715920292
1.168,-0.012173112820249151,-0.38216966811077313,-8.350471618977895,0.024398528715859985,0.013991393203879135,-31.017975544381507,0.024401096095474445,0.01397727869632002,-31.019455256879667,-0.012718890678741792,-0.39236967914400006,-8.121530173395687,72.94003426560661,-65.29756092235765,71.71224134970227,-66.52850822040466
1.1688,-0.015255561031309402,-0.38089257903317253,-8.376988518095033,0.024237945851777985,0.013811280083355606,-31.08892323640214,0.024240277537325265,0.013797355580209713,-31.0904380636754,-0.015839575380763055,-0.3911821618252864,-8.145304436108065,72.68850015035747,-64.7874000560255,71.45644154689649,-66.02489515930307
1.1696,-0.018303661511856646,-0.37959285806240667,-8.403553326641166,0.024077835147918506,0.01363446946765331,-31.15974873160777,0.024079938207018575,0.01362073971347155,-31.161297140923065,-0.018925833953262562,-0.3899711757377612,-8.169132960511332,72.44286794272318,-64.28149438024415,71.20669462905303,-65.52555031373377
1.1703999999999999,-0.02131741648951269,-0.37827103873817286,-8.43016737926727,0.023918225548693245,0.013460913667506205,-31.23044883352989,0.02392010705957774,0.01344738305957861,-31.23202928525132,-0.02197766960226197,-0.3887372643412456,-8.193017192927575,72.2030262616877,-63.77979711906181,70.96288407327165,-65.03042662800863
1.1712,-0.02429683417770963,-0.37692764986594557,-8.456832004165813,0.023759144950709094,0.013290565341999861,-31.301020345703584,0.023760811991256597,0.01327723793841246,-31.30263129479788,-0.024995091482750854,-0.3874809660645555,-8.21695856669889,71.96886662546878,-63.28226211817258,70.72489644325103,-64.53947765682092
1.172,-0.027241928650128137,-0.3755632154988578,-8.483548522973875,0.023600620226331973,0.013123377508244207,-31.37146007165868,0.023602079863627647,0.013110257036074166,-31.37309996917721,-0.027978114568123807,-0.38620281429741177,-8.240958502172273,71.74028336202166,-62.78884384604777,70.4926212923849,-64.05265756822527
1.1728,-0.0301527197167344,-0.37417825492153056,-8.5103182506825,0.023442677246950552,0.012959303550446437,-31.441764814927,0.0234439365273603,0.012946393414075101,-31.44343210946369,-0.03092675952157975,-0.3849033373841693,-8.265018406690572,71.51717352265646,-62.29949739435551,70.26595107028422,-63.56992114576131
1.1736,-0.03302923280139563,-0.3727732826358014,-8.537142495551924,0.023285340905935842,0.012798297228404266,-31.5119313790655,0.02328640684568477,0.01278560051792858,-31.513624518190348,-0.033841052569454716,-0.3835830586193089,-8.289139674588984,71.299436798651,-61.81417847772917,70.04478103259149,-63.09122378979056
1.1743999999999999,-0.035871498821099655,-0.3713488083482821,-8.564022559032702,0.023128635141290488,0.012640312685437019,-31.581956567696423,0.023129514717535472,0.012627832185160616,-31.58367399936398,-0.036721025376500356,-0.3822424962446192,-8.31332368719699,71.08697544074094,-61.33284343293185,69.82900915395659,-62.61652151810417
1.1752,-0.038679554066758604,-0.3699053369596965,-8.59095973569241,0.022972582957985363,0.012485304455773769,-31.651837184564158,0.02297328310037066,0.012473042652760148,-31.653577358496676,-0.03956671492307657,-0.38088216344801334,-8.337571812845365,70.87969418137868,-60.8554492174688,69.61853604405289,-62.1457709658626
1.176,-0.04145344008560195,-0.36844336855594095,-8.61795531314771,0.022817206449978856,0.012333227471416285,-31.721570033609648,0.022817734032664017,0.01232118656408716,-31.723331402654313,-0.042378163384253056,-0.37950256836391905,-8.36188540687792,70.6775001596534,-60.381953407692464,69.41326486651363,-61.6789293849189
1.1768,-0.04419320356516613,-0.3669633984008086,-8.645010572001738,0.022662526821915916,0.012184037068493922,-31.791151919062592,0.022662888656064552,0.012172218975256712,-31.792932940522554,-0.04515541801081547,-0.3781042140751765,-8.38626581166791,70.48030284877035,-59.91231419644034,69.2131012606755,-61.215954642574395
1.1776,-0.046898896218856255,-0.3654659169303312,-8.67212678578641,0.022508564410504864,0.012037688993128752,-31.860579645551596,0.02250876723722294,0.012026095361018169,-31.86237878249031,-0.04789853101213974,-0.37668759861639983,-8.410714356638508,70.28801398599342,-59.44649039024864,69.01795326602193,-60.75680521981677
1.1784,-0.049570574673100595,-0.3639514097486783,-8.69930522090971,0.022355338705568766,0.011894139406826676,-31.92985001823299,0.022355389189280834,0.011882771620145886,-31.93166574075154,-0.05060755944094626,-0.3752532149787316,-8.435232358287447,70.10054750495485,-58.98444140617444,68.82773124922015,-60.30144020907947
1.1792,-0.0522083003560722,-0.36242035762556973,-8.726547136607504,0.022202868370770554,0.011753344891412023,-31.99895984293832,0.022202773093022106,0.011742204080359992,-32.00079062942534,-0.053282565079895684,-0.3738015511159489,-8.459821120215254,69.9178194702448,-58.52612726826388,68.64234783365403,-59.84981931156672
1.18,-0.05481213938798101,-0.3608732364951482,-8.7538537848999,0.02205117126401002,0.011615262453521482,-32.067905926340934,0.022050936717684308,0.011604349502793595,-32.069750264694726,-0.05592361433002098,-0.37233308995186165,-8.484481933156985,69.73974801419337,-58.0715086036967,68.46171783135614,-59.40190283417943
1.1808,-0.05738216247293658,-0.3593105174562591,-8.781226410551916,0.02190026445749129,0.011479849528672757,-32.13668507614223,0.0218998970414287,0.011469165086022741,-32.138541464964796,-0.058530778100984025,-0.37084830938894986,-8.509216075017216,69.5662532757624,-57.620546638635666,68.28575817724744,-58.957651686076986
1.1816,-0.05991844479235601,-0.3577326667741011,-8.808666251038174,0.02175016425746125,0.011347063984924435,-32.20529410127734,0.021749670271469238,0.01133660846967621,-32.20716105104,-0.06110413170312267,-0.369347682318199,-8.534024810907924,69.39725734146884,-57.17320319381176,68.11438786559731,-58.51702737490941
1.1824,-0.06242106589993141,-0.3561401458831859,-8.836174536511606,0.02160088622361711,0.011216864126140966,-32.273729812141184,0.02160027186385892,0.011206637737639873,-32.27560584632138,-0.06364375474129184,-0.3678316766300738,-8.558909393189156,69.23268418826285,-56.72944067986684,67.94752788861857,-58.07999200274759
1.1832,-0.06489010961813009,-0.3545334113915751,-8.863752489775848,0.02145244518818438,0.011089208694878531,-32.34198902083459,0.021451716542934537,0.011079211420871983,-32.34387267702372,-0.06614973101046247,-0.3663007552265929,-8.583871061512129,69.0724596282882,-56.28922209248102,67.78510117711825,-57.64650826174208
1.184,-0.06732566393622617,-0.3529129150863429,-8.891401326261185,0.021304855274664927,0.010964056874905738,-32.41006854143108,0.02130401832041975,0.010954288499844022,-32.41195837241284,-0.06862214839306767,-0.36475537603445396,-8.608911042864584,68.9165112554552,-55.85251100730552,67.62703254312551,-57.21653942953598
1.1848,-0.06972782090986047,-0.35127910394021944,-8.919122254003954,0.021158129916255475,0.010841368293372925,-32.477965190264555,0.02115719051418662,0.010831828406621542,-32.47985976506381,-0.07106109875808336,-0.36319599201916325,-8.634030551618189,68.76476839375827,-55.41927157472101,67.47324862442237,-56.79004936445508
1.1856,-0.07209667656210185,-0.3496324201193807,-8.946916473629052,0.021012281873938193,0.010721103022644556,-32.545675786237865,0.021011245766677723,0.010711791026600083,-32.54757369113948,-0.07346667786180797,-0.3616230512001336,-8.659230789577672,68.61716204727496,-54.98946851444287,67.32367783090716,-56.36700250050078
1.1864,-0.07443233078601957,-0.34797330099233253,-8.974785178335594,0.02086732325424349,0.010603221581807102,-32.61319715115283,0.020866196062988625,0.01059413669990915,-32.61509699069044,-0.07583898525034168,-0.36003699666669864,-8.684512946031592,68.47362485178343,-54.56306710998851,67.17825029272082,-55.947363842163504
1.1872,-0.07673488724873909,-0.3463021791398594,-9.00272955388532,0.0207232655266872,0.010487684937866192,-32.680526110061564,0.020722052748613287,0.010478826222498672,-32.68242650797585,-0.07817812416372823,-0.3584382665950137,-8.709878197804393,68.33409102793986,-54.14003320302585,67.03689781007165,-55.53109895907934
1.188,-0.07900445329697618,-0.34461948236599205,-9.03075077859375,0.020580119540883447,0.010374454506645434,-32.74765949163947,0.020578826546853723,0.010365820846920736,-32.74955909180581,-0.080484201441748,-0.35682729426579674,-8.735327709309615,68.19849633595884,-53.72033318761724,66.89955380469519,-55.11817398054653
1.1888,-0.08124113986404495,-0.34292563370995516,-9.058850023323874,0.020437895543334462,0.010263492153398826,-32.81459412858006,0.020436527575895376,0.010255082282819286,-32.81649159590537,-0.08275732743134626,-0.35520450808287113,-8.76086263260406,68.066778031741,-53.30393400437214,66.76615327288825,-54.70855558991809
1.1896,-0.08344506137831015,-0.3412210514590645,-9.08702845148211,0.02029660319390051,0.010154760193149617,-32.881326858011604,0.02029516536555132,0.010146572697140907,-32.883220879299984,-0.08499761589566258,-0.3535703315924803,-8.786484107442607,67.93887482439702,-52.890803134524454,66.6366327400604,-54.302211018888784
1.1904,-0.0856163356730914,-0.33950614916252814,-9.115287219016531,0.020156251581950717,0.010048221390766348,-32.947854521935874,0.02015474887367662,0.010040254714078092,-32.949743806723,-0.0872051839246585,-0.35192518350332785,-8.812193261333631,67.81472683511603,-52.48090859394389,66.51093021674603,-53.89910804168773
1.1912,-0.08775508389799064,-0.3377813356461237,-9.143627474417055,0.02001684924219835,0.009943838960788124,-33.01417396768891,0.020015286502256077,0.009936091414757434,-33.016057249045005,-0.08938015184730808,-0.3502694777073176,-8.837991209594662,67.69427555733093,-52.07421892709483,66.38898515602432,-53.49921496919301
1.192,-0.08986143043163498,-0.33604701502771583,-9.172050358717453,0.019878404170222512,0.009841576567009895,-33.08028204842395,0.019876786113167975,0.009834046336683985,-33.08215808372494,-0.09152264314533701,-0.3486036233009572,-8.863879055408177,67.57746381813372,-51.67070320095281,66.27073841229573,-53.102500642979486
1.1928,-0.09193550279582949,-0.33430358673357274,-9.200557005499144,0.01974092383767864,0.009741398321838131,-33.14617562361669,0.01973925504362613,0.009734083472952577,-33.14804319528365,-0.09363278436849526,-0.34692802460738714,-8.88985788987737,67.46423574089604,-51.27033099888684,66.1561322013653,-52.70893442931072
1.1936,-0.09397743157108887,-0.33255144551546517,-9.22914854089637,0.01960441520720159,0.009643268785428058,-33.21185155959246,0.019602700121304207,0.00963616727123773,-33.213709475798964,-0.09571070505132796,-0.34524308119901403,-8.91592879208159,67.35453670905228,-50.87307241451974,66.0451100617865,-52.31848621308777
1.1944,-0.09598735031355388,-0.33079098146849556,-9.257826083602858,0.019468884747003094,0.009547152964611618,-33.27730673007593,0.019467127679144443,0.009540262632571652,-33.27915382542333,-0.09775653763144135,-0.3435491879207078,-8.94209282913138,67.24831333100349,-50.47889804557075,65.93761681741873,-51.93112639176235
1.1952,-0.09796539547326301,-0.32902258004964546,-9.286590744879607,0.019334338445167566,0.009453016311626759,-33.34253801676273,0.019332543569854935,0.00944633490992132,-33.34437315292305,-0.09977041736922865,-0.3418467349135385,-8.968351056222852,67.14551340610274,-50.08777898769189,65.83359854115635,-51.54682586922528
1.196,-0.09991170631377108,-0.32724662209700084,-9.31544362856369,0.019200781823649243,0.009360824722657157,-33.40754230991311,0.01919895318009853,0.00935434990657412,-33.40936437623957,-0.10175248226904077,-0.3401361076390257,-8.994704516691257,67.04608589168403,-49.699686828303236,65.7330025197865,-51.16555604967849
1.1968,-0.10182642483310554,-0.32546348384962354,-9.344385831078041,0.01906821995197338,0.009270544536191423,-33.4723165089678,0.019066361444376415,0.00926427387434143,-33.47412442307284,-0.10370287300178681,-0.3384176869038648,-9.021154242063579,66.94998087109713,-49.31459364043262,65.63577721993524,-50.78728883149658
1.1976,-0.1037096956860328,-0.32367353696805323,-9.373418441441844,0.01893665746064596,0.009182142531211333,-33.53685752318535,0.018934772858611122,0.009176073511589958,-33.538650231485974,-0.10562173282892984,-0.33669184888511505,-9.04770125210992,66.85714952271421,-48.93247197656893,65.5418722550643,-50.411996601088084
1.1984,-0.10556166610763569,-0.3218771485553959,-9.402542541281576,0.018806098554274252,0.00909558592521693,-33.601162272301494,0.018804191493431245,0.009089715961109074,-33.60293875053195,-0.10750920752787368,-0.3349589651558117,-9.0743465548936,66.76754408987361,-48.553294862530734,65.45123835347987,-50.03965222675982
1.1992,-0.10738248583817403,-0.3200746811789858,-9.431759204842411,0.018676547024402697,0.009010842372097604,-33.66522768720973,0.018674621007162946,0.00900516880782343,-33.66698694090134,-0.10936544531870694,-0.33321940271098677,-9.101091146819684,66.68111785172823,-48.17703579135816,65.36382732731904,-49.670229052592994
1.2,-0.10917230704921865,-0.31826649289258846,-9.461069498999882,0.01854800626206736,0.008927879959856885,-33.72905071066315,0.018546064658531376,0.008922400076358982,-33.73079177559137,-0.11119059679228854,-0.3314735239940706,-9.127936012681843,66.59782509496775,-47.80366871723153,65.27959204247874,-49.303700892335506
1.2008,-0.11093128427104895,-0.3164529372591162,-9.490474483271697,0.018420479270072364,0.00884666720819866,-33.79262829799748,0.01841852531907589,0.008841378228470264,-33.794350240596,-0.11298481483966058,-0.3297216869236468,-9.154882125707411,66.51762108638339,-47.433168049419926,65.19848638945395,-48.94004202331446
1.2016,-0.11265957432128662,-0.3146343633738422,-9.519975209829406,0.018293968674992833,0.008767173065982962,-33.85595741787442,0.01829200548528367,0.008762072160337406,-33.85765933561642,-0.11474825458275431,-0.32796424492054843,-9.181930447600331,66.44046204624752,-47.06550864626607,65.1204652550543,-48.579227180376265
1.2024,-0.11435733623476473,-0.3128111158880759,-9.549572723509968,0.018168476738907233,0.008689366908557964,-33.919035053045725,0.018166507290444958,0.008684451199739686,-33.92071607479212,-0.11648107330638538,-0.3262015469352608,-9.209081928582014,66.36630512247883,-46.70066580920777,65.04548449496762,-48.221231549855176
1.2032,-0.1160247311946054,-0.3109835350332876,-9.579268061826893,0.01804400537086366,0.008613218534975854,-33.981858201137,0.018042032516234627,0.008608485103113558,-33.98351748745184,-0.11818343039150453,-0.3244339374756216,-9.236337507429802,66.29510836556743,-46.33861527684197,64.97350090714147,-47.86603076357711
1.204,-0.11766192246449536,-0.3091519566456561,-9.609062254980858,0.017920556138083833,0.00853869816509925,-34.04442387545113,0.01791858260402411,0.008534144052501967,-34.04606061888404,-0.11985548724969054,-0.3226617566347928,-9.263698111512893,66.22683070423311,-45.979333219032846,64.90447220595448,-47.51360089290069
1.2048,-0.11926907532214917,-0.3073167121910117,-9.638956325869753,0.017798130276908068,0.008465776436604474,-34.10672910579101,0.017796158665927174,0.008461398652401508,-34.1083425311268,-0.12149740725886875,-0.32088534011948094,-9.291164656825694,66.16143192179203,-45.622796231065706,64.83835699714977,-47.1639184427981
1.2056,-0.12084635699393292,-0.3054781287901664,-9.668951290097777,0.017676728703486414,0.008394424401888773,-34.16877093930072,0.017674761495584886,0.008390219926514633,-34.17036030377615,-0.12310935570022485,-0.3191050192783986,-9.318738048018236,66.09887263320844,-45.26898132785148,64.77511475350512,-46.81696034598092
1.2064,-0.12239393659064747,-0.30363652924459483,-9.69904815598371,0.017556352024218472,0.008324613524886827,-34.23054644132508,0.017554391578692714,0.008320579314412446,-34.23211103481292,-0.12469149969630805,-0.31732112113093436,-9.346419178423696,66.03911426280747,-44.917865938180675,64.71470579121383,-46.47270395707034
1.2072,-0.12391198504444417,-0.3017922320624605,-9.729247924567966,0.0174370005459471,0.008256315677803168,-34.29205269628671,0.017435049103274886,0.00825244866811491,-34.293591841447125,-0.12624400815029335,-0.3155339683960262,-9.37420893008271,65.98211902262743,-44.56942789903149,64.65709124695269,-46.13112704681699
1.208,-0.12540067504686309,-0.2999455514849612,-9.759551589618363,0.017318674285909386,0.008189503137765985,-34.3532868085801,0.017316733969709897,0.008185800248593935,-34.35479986097957,-0.12776705168638766,-0.31374387952121735,-9.402108173764383,65.92784989138985,-44.22364544993216,64.60223305561342,-45.79220779637099
1.2088,-0.1268601809879822,-0.2980967975129702,-9.789960137634596,0.017201372981448707,0.008124148583407619,-34.414245903482296,0.017199445800511002,0.008120606722204974,-34.415732251680055,-0.12926080259136583,-0.31195116871187173,-9.43011776898391,65.8762705940669,-43.88049722737835,64.55009392867525,-45.45592479160314
1.2096,-0.12829067889665283,-0.29624627593396874,-9.820474547850957,0.01708509609949268,0.008060225091377644,-34.47492712807909,0.017083183949866805,0.008056841157052956,-34.47638619368139,-0.13072543475720722,-0.3101561459605483,-9.458238564016465,65.82734558202614,-43.5399622593091,64.50063733319682,-45.1222570174815
1.2104,-0.12969234638181748,-0.29439428834923637,-9.851095792237484,0.016969842845799922,0.007997706132793013,-34.53532765220653,0.01696794751294507,0.007994477019297303,-34.53675888988884,-0.1321611236248266,-0.3083591170765019,-9.486471395907438,65.78104001373337,-43.20201995963955,64.45382747140684,-44.79118385250159
1.2112,-0.13106536257488632,-0.29254113220129446,-9.881824835499128,0.01685561217398058,0.007936565569630714,-34.595444669406675,0.016853735334964873,0.007933488169401464,-34.596847566903975,-0.13356804612887033,-0.3065603837153112,-9.514817090478632,65.73731973599557,-42.8666501228535,64.40962926087352,-44.46268506317397
1.212,-0.13240990807316044,-0.2906871008015827,-9.912662635072879,0.016742402794294158,0.007876777651067517,-34.65527539789683,0.01674054602004089,0.00787384885833169,-34.65664947596231,-0.13494638064356543,-0.30476024340861274,-9.5432764623304,65.69615126572576,-42.533832918655925,64.36800831523303,-44.1367407985692
1.2128,-0.13372616488429184,-0.2888324833583458,-9.943610141122782,0.016630213182228373,0.007818317009771166,-34.71481708155185,0.016628377939803696,0.00781553372370951,-34.71616189388419,-0.1362963069296054,-0.30295898959392403,-9.571850314839615,65.65750177221273,-42.20354888668471,64.32893092545883,-43.81333158491992
1.2136,-0.1350143163717548,-0.28697756500472976,-9.97466829653248,0.016519041586863792,0.007761158658147884,-34.774066990898056,0.01651722924180103,0.0077585177859227725,-34.77538212403759,-0.1376180060820472,-0.30115691164455544,-9.600539440153064,65.62133905987933,-41.87577893128476,64.29236404165384,-43.49243832028363
1.2144,-0.1362745472013262,-0.2851226268270555,-10.005838036895362,0.01640888603902715,0.007705277984549889,-34.83302242411853,0.016407097857683225,0.007702776444199103,-34.83430749731257,-0.13891166047921236,-0.2993542948995838,-9.62934461917644,65.58763155151321,-41.550504316341836,64.25827525534794,-43.17404226926335
1.2152,-0.13750704328855096,-0.28326794589327037,-10.03712029050196,0.016299744359238196,0.0076506507494473784,-34.891680708068414,0.016297981511177652,0.007648285472646247,-34.892935373106056,-0.14017745373256596,-0.29755142069388696,-9.658266621558507,65.55634827195477,-41.22770666017864,64.22663278228471,-42.858125057789294
1.216,-0.13871199174718088,-0.28141379528155597,-10.068515978324527,0.016191614165453526,0.007597253081568735,-34.95003919929942,0.01618987772585595,0.007595021016263119,-34.951263140316186,-0.1414155706375601,-0.29574856638822516,-9.687306205670378,65.52745883222767,-40.90736793051256,64.19740544568081,-42.54466866796068
1.2168,-0.13988958083857742,-0.27956044410907643,-10.100026013998683,0.01608449288061104,0.007545061474012509,-35.008095285092786,0.016082783832697883,0.007542959586925152,-35.00928821834544,-0.1426261971254286,-0.29394600539935234,-9.716464118579802,65.5009334140971,-40.58947043947385,64.17056265994295,-42.23365543294732
1.2176,-0.14103999992205465,-0.2777081575608649,-10.131651303801783,0.015978377739979576,0.007494052780335165,-35.06584638449923,0.01597669697745641,0.007492078059347991,-35.06700805811124,-0.14380952021590748,-0.29214400723015893,-9.74574109602014,65.47674275504302,-40.27399683868696,64.14607441482724,-41.92506803195304
1.2184,-0.1421634394061584,-0.2758571969188217,-10.163392746628116,0.015873265798316636,0.007444204210617548,-35.123289949385416,0.015871614127827255,0.0074423536670324975,-35.12442014306337,-0.14496572797087542,-0.2903428374998229,-9.77513786235404,65.45485813363405,-39.9609301144117,64.12391126002714,-41.61888948523843
1.2192,-0.14326009070086015,-0.27400781959082326,-10.195251233960468,0.015769153936838767,0.007395493327513766,-35.18042346548536,0.015767532080427523,0.0073937639981948074,-35.181521990206846,-0.1460950094488894,-0.2885427579739708,-9.804655130531504,65.43525135528998,-39.65025358274644,64.10404429017522,-41.31510314920489
1.22,-0.1443301461706538,-0.27216027913992624,-10.227227649838097,0.015666038870007986,0.007347898042285428,-35.23724445345595,0.015664447467587,0.007346286991684404,-35.23831115112941,-0.14719755466060291,-0.2867440265948341,-9.834293602042228,65.4178947384204,-39.34195088489225,64.08644513024655,-41.013692711539235
1.2208,-0.14537379908854628,-0.2703148253136516,-10.259322870820885,0.015563917152137691,0.007301396610824184,-35.29375046993551,0.015562356763955782,0.007299900932893159,-35.29478521303248,-0.14827355452505428,-0.2849468975113896,-9.864053966862114,65.40276110092711,-39.03600598247687,64.07108592134988,-40.714642186417436
1.2216,-0.14639124359091937,-0.26847170407334653,-10.291537765949387,0.015462785183822459,0.007255967629665731,-35.349939108603984,0.015461256292932702,0.007254584449658529,-35.35094179976437,-0.1493232008268023,-0.28315162110948444,-9.893936903393612,65.38982374705941,-38.732403152939774,64.05793930689477,-40.41793590976935
1.2224,-0.1473826746332583,-0.2666311576236027,-10.323873196700848,0.015362639218194453,0.007211590031997667,-35.40580800124397,0.015361142232917466,0.007210316508163286,-35.40677857285472,-0.1503466861739023,-0.28135844404192745,-9.923943078399907,65.37905645461102,-38.43112698497593,64.04697841912247,-40.123558534601955
1.2232,-0.14834828794672814,-0.26479342444173093,-10.356330016940685,0.015263475367010832,0.00716824308366414,-35.46135481880099,0.01526201062339105,0.007167076408834763,-35.46229323254898,-0.15134420395670012,-0.2795676092585466,-9.954073146932627,65.37043346244754,-38.13216237403949,64.03817686598916,-39.83149502638215
1.224,-0.14928827999558497,-0.26295873930727887,-10.388909072869495,0.015165289606575273,0.007125906379169673,-35.516577272442,0.015163857370827618,0.007124843782245945,-35.51748351884159,-0.15231594830743397,-0.2777793560362043,-9.984327752252932,65.36392945835486,-37.835494517906184,64.03150871839017,-39.54173065847821
1.2248,-0.15020284793541416,-0.26112733333157456,-10.421611202965364,0.015068077783497029,0.0070845598376844295,-35.571473114611045,0.01506667825444148,0.00708359858502072,-35.57234721250693,-0.15326211406062956,-0.27599392000875655,-10.01470752574589,65.35951956719782,-37.54110891229277,64.02694849771487,-39.25425100765842
1.2256,-0.1510921895721741,-0.2592994339873036,-10.454437237921134,0.01497183562029149,0.007044183699053529,-35.62604014008037,0.014970468931773213,0.0070433210957458504,-35.62688213612653,-0.15418289671426985,-0.274211533196963,-10.04521308682776,65.35717933937985,-37.24899134653527,64.02447116372136,-38.9690419496484
1.2264,-0.15195650332204194,-0.2574752651380921,-10.487388000576656,0.014876558720824955,0.007004758519812173,-35.68027618699623,0.014875224944117832,0.007003991910891452,-35.68108615511152,-0.15507849239173155,-0.27243242403832524,-10.07584504284621,65.35688473959449,-36.9591278993228,64.02405210272131,-38.68608965474389
1.2272,-0.1527959881720406,-0.255655047068102,-10.520464305845657,0.014782242575607629,0.0069662651692090185,-35.734179137917785,0.014780941721799055,0.0069655919407423566,-35.73495717871892,-0.15594909780446936,-0.2706568174168613,-10.106603988973113,65.35861213585945,-36.67150493448818,64.02566711606522,-38.40538058348064
1.228,-0.15361084364143948,-0.2538389965116242,-10.553666960637054,0.014688882566937884,0.00692868482523957,-35.787746920847724,0.014687614589292922,0.006928102405342172,-35.78849316106045,-0.156794910215436,-0.26888493469280517,-10.137490508089744,65.36233828882467,-36.38610909685382,64.02929240891876,-38.126901482359784
1.2288000000000001,-0.1544012697439162,-0.2520273266826582,-10.58699676377066,0.014596473973900832,0.006891998970691415,-35.84097751025377,0.014595238770203856,0.006891504830451787,-35.84169210210296,-0.15761612740322728,-0.26711699373221964,-10.168505170664337,65.36804034134624,-36.10292730813164,64.03490457932118,-37.8506393796269
1.2296,-0.15516746695046368,-0.25022024730448134,-10.620454505886771,0.014505011977225073,0.006856189389203294,-35.893868928079115,0.01450380939209719,0.006855781043524333,-35.89455204865853,-0.15841294762693295,-0.26535320893653264,-10.199648534621515,65.37569580831769,-35.821946762877815,64.04248060751718,-37.576581581106595
1.2304,-0.15590963615303546,-0.24841796463918678,-10.65404096934979,0.014414491664000006,0.006821238161339405,-35.94641924474107,0.01441332149119065,0.00682091316969796,-35.9470710953637,-0.15918556959168784,-0.26359379127197385,-10.230921145203682,65.38528256675139,-35.543154924499476,64.0519978455538,-37.30471566608889
1.2312,-0.15662797862891342,-0.2466206815171959,-10.687756928145314,0.01432490803225754,0.006787127660680786,-35.998626580116216,0.01432377001690874,0.0067868836278082365,-35.9992473856459,-0.15993419241490398,-0.2618389482989225,-10.262323534823928,65.39677884610195,-35.266539521314435,64.06343400713433,-37.03502948326896
1.232,-0.15732269600578686,-0.2448285973667325,-10.721603147770686,0.014236255995420955,0.006753840549935156,-36.050489104510774,0.014235149836302847,0.006753675126421551,-36.05107911267615,-0.16065901559317394,-0.2600888842011543,-10.293856222910325,65.41016321882472,-34.9920885426623,64.0767671577214,-36.76751114673832
1.2328000000000001,-0.1579939902275346,-0.2430419082432476,-10.755580385118769,0.014148530386623791,0.006721359777066589,-36.10200503961522,0.014147455738340095,0.0067212706598908266,-36.10256452030667,-0.16136023896983567,-0.2583437998149807,-10.325519715741487,65.42541459116242,-34.719790235065496,64.09197570488148,-36.50214903202626
1.2336,-0.15864206352069288,-0.24126080685880222,-10.789689388354535,0.014061725962902288,0.006689668571446553,-36.153172659441296,0.014060682438064537,0.006689653504435096,-36.15370190399198,-0.16203806270318008,-0.2566038926582867,-10.357314506272932,65.44251219415266,-34.44963309844105,64.1090383888641,-36.238931772192025
1.2344,-0.1592671183616039,-0.23948548261138589,-10.823930896784482,0.01397583740926363,0.006658750440027349,-36.20399029124065,0.013974824580633047,0.006658807214243875,-36.204489611692395,-0.16269268723529706,-0.2548693569594515,-10.389241073954263,65.46143557485021,-34.18160588236018,64.12793427340816,-35.977848253965306
1.2352,-0.159869357444229,-0.23771612161417852,-10.858305640718399,0.013890859342633509,0.006628589163539362,-36.25445631640336,0.013889876745229488,0.006628715617607762,-36.254926044758506,-0.16332431326154254,-0.25314038368615677,-10.421299884536772,65.48216458775778,-33.91569758235677,64.14864273676868,-35.718887613935294
1.236,-0.16044898364861734,-0.2359529067247446,-10.89281434132335,0.01380678631568555,0.00659916879271311,-36.304569171335366,0.013805833448859823,0.00659936281307622,-36.30500965879533,-0.1639331417006167,-0.25141716057407876,-10.453491389871255,65.50467938645856,-33.65189743628274,64.17114346295783,-35.46203923478737
1.2368000000000001,-0.16100620001002125,-0.23419601757415084,-10.927457710469653,0.01372361282055522,0.0065704736445271646,-36.35432734831346,0.013722689150030817,0.006570733165643501,-36.3547389645052,-0.16451937366524533,-0.24969987215545333,-10.485816027695867,65.52896041544521,-33.39019492070923,64.19541643319342,-35.20729274158528
1.2376,-0.1615412096886427,-0.23244563059601286,-10.962236450568422,0.013641333292441495,0.006542488298483014,-36.40372939631642,0.013640438252315777,0.006542811302963871,-36.40411252850769,-0.16508321043344681,-0.24798869978752341,-10.518274221413629,65.55498840213934,-33.130579747374036,64.22144191754886,-34.954637998099955
1.2384,-0.16205421594000616,-0.23070191905545268,-10.997151254400643,0.013559942113098356,0.00651519759290767,-36.45277392183147,0.013559075107809352,0.006515582111596773,-36.453128974135744,-0.1656248534203805,-0.24628382168085292,-10.550866379859507,65.58274434909606,-32.873041859672625,64.24920046679897,-34.704065103181925
1.2392,-0.16254542208594217,-0.22896505307797432,-11.032202804937244,0.013479433614219237,0.006488586621285002,-36.5014595896343,0.0134785940204747,0.006489030733282944,-36.501786982206696,-0.16614450415076118,-0.24458541292751534,-10.583592897056613,65.6122095263879,-32.617571429193404,64.27867290445558,-34.45556438717816
1.24,-0.16301503148617447,-0.2272351996782479,-11.06739177515006,0.013399802080716923,0.006462640728616553,-36.54978512354196,0.013398989249385517,0.006463142561252208,-36.55008529176687,-0.16664236423183088,-0.2428936455291506,-10.616454151961346,65.64336546416355,-32.36415885229566,64.30984031898755,-34.20912640839157
1.2408000000000001,-0.1634632475105006,-0.22551252278879427,-11.10271882781337,0.013321041753901103,0.006437345507812519,-36.59774930713726,0.013320255011865251,0.0064379032365635205,-36.59802270080893,-0.16711863532687854,-0.24120868842488233,-10.649450508197289,65.67619394537577,-32.11279474672882,64.34268405621992,-33.964741949581914
1.2416,-0.16389027351155397,-0.22379718328857678,-11.138184615295565,0.013243146834556711,0.006412686796113778,-36.64535098446353,0.013242385486526662,0.006413298644478172,-36.64559806696052,-0.16757351912929527,-0.23953070751910593,-10.682582313777365,65.71067699867423,-31.86346994829345,64.37718571190706,-33.72240201450854
1.2424,-0.16429631279813953,-0.22208933903148273,-11.1737897793409,0.013166111485924874,0.006388650671545349,-36.692589060688746,0.013165374816213595,0.006389314910866484,-36.692810308143386,-0.16800721733715782,-0.23785986570913148,-10.715849900814185,65.74679689145808,-31.61617550754143,64.41332712447466,-33.48209782451224
1.2432,-0.1646815686091329,-0.2203891448747039,-11.209534950840709,0.013089929836589324,0.00636522344940212,-36.73946250273795,0.01308921711084796,0.0063659383986487345,-36.73965840320185,-0.16841993162832858,-0.23619632291269063,-10.749253585218149,65.78453612308421,-31.370902686516057,64.45109036792608,-33.243820815136964
1.244,-0.16504624408793211,-0.21869675270700556,-11.245420749593954,0.013014595983270537,0.006342391678767262,-36.78597033989287,0.013013906450184111,0.006343155704270788,-36.78614139249948,-0.16881186363606238,-0.2345402360953017,-10.78279366638302,65.82387741822649,-31.127642955530238,64.49045774490813,-33.007562632789714
1.2448000000000001,-0.165390542257455,-0.2170123114768777,-11.281447784056816,0.012940103993529607,0.0063201421390638,-36.83211166435796,0.01293943688647284,0.006320953654214741,-36.832258378483324,-0.16918321492511407,-0.23289175929748668,-10.816470426858778,65.86480372038208,-30.886387989981543,64.531411779932,-32.773315131437165
1.2456,-0.16571466599567072,-0.21533596722057718,-11.3176166510807,0.012866447908384742,0.006298461836639921,-36.87788563179164,0.012865802447037762,0.006299319301545247,-36.87800852621433,-0.16953418696833253,-0.23125104366185031,-10.850284132011236,65.90729818552035,-30.647129667204865,64.57393521274477,-32.541070369339664
1.2464,-0.1660188180116579,-0.21366786309004235,-11.353927935638701,0.012793621744841891,0.006277338001388296,-36.92329146180225,0.01279299713676579,0.006278239922491628,-36.92339106386358,-0.16986498112373694,-0.2296182374600054,-10.88423502966835,65.95134417587082,-30.409860063359577,64.61801099184785,-32.31082060581986
1.2472,-0.16630320082217934,-0.21200813938069055,-11.390382210539808,0.012721619498342301,0.006256758083399875,-36.96832843840745,0.012721014940514424,0.006257703013066297,-36.968405283173034,-0.17017579861206283,-0.2279934861193567,-10.91832334975262,65.99692525384638,-30.174571450352378,64.66362226815754,-32.082558298066616
1.248,-0.16656801672876492,-0.21035693355908988,-11.426980036130654,0.012650435145128832,0.006236709749652482,-37.012995910456524,0.012649849825437848,0.006237696285719722,-37.0130505398802,-0.17046684049477173,-0.2263769322497341,-10.952549303899461,66.04402517609742,-29.941256292793852,64.71075238880428,-31.856276097972575
1.2488000000000001,-0.16681346779529463,-0.2087143802904993,-11.463721959984472,0.012580062644533024,0.006217180880734423,-37.05729329201502,0.012579495743233735,0.006218207666032085,-37.05732625410616,-0.17073830765251505,-0.22476871566987383,-10.986913085061161,66.09262788769442,-29.7099072449877,64.75938489106714,-31.631966849004147
1.2496,-0.16703975582607175,-0.20708061146628487,-11.500608516576659,0.012510495941185374,0.006198159567603499,-37.10122006271049,0.012509946632313381,0.006199225289442054,-37.10123191070582,-0.17099040076404287,-0.22316897343375475,-11.021414867095924,66.14271751643437,-29.480517147953073,64.80950349643894,-31.40962358310435
1.2504,-0.16724708234437935,-0.20545575623119686,-11.537640226946808,0.012441728967150312,0.006179634108381507,-37.1447757680394,0.012441196419896635,0.006180737498012631,-37.144767059580246,-0.1712233202855516,-0.22157783985677662,-11.056054804341924,66.1942783672688,-29.253079026477355,64.86109210481953,-31.189239517625783
1.2512,-0.1674356485715105,-0.20383994101051717,-11.574817598346566,0.012373755643988293,0.006161593005184551,-37.18796001963403,0.012373239024034035,0.0061627328372344204,-37.18793131595007,-0.1714372664304607,-0.21999544654179223,-11.0908330311757,66.24729491684936,-29.027586086200316,64.91413478883318,-30.970808052294757
1.252,-0.1676056554062648,-0.20223328953706934,-11.612141123872977,0.012306569884746725,0.006144024960989249,-37.23077249548923,0.012306068355558024,0.006145200052866315,-37.23072436058966,-0.17163243914961102,-0.21842192240498515,-11.125749661554721,66.30175180818811,-28.804031710727788,64.96861578826692,-30.754322766204538
1.2528000000000001,-0.1677573034049032,-0.20063592287808665,-11.649611282086966,0.01224016559588146,0.006126918876534942,-37.27321294014842,0.01223967831996487,0.006128128087813705,-37.273145940021706,-0.17180903811187814,-0.21685739370159127,-11.160804788543746,66.35763384542996,-28.582409458773945,65.02451950462694,-30.53977741483683
1.2536,-0.16789079276155286,-0.19904795946194512,-11.687228536616274,0.012174536679111125,0.006110263847262131,-37.315281164848464,0.012174062819229711,0.006111506079044357,-37.31519586667135,-0.17196726268519166,-0.2153019840514732,-11.195998483824415,66.41492598873351,-28.362713061332467,65.08183049580946,-30.327165927111754
1.2544,-0.16800632328905474,-0.19746951510474897,-11.724993335742717,0.01210967703320559,0.006094049160287051,-37.356977047623104,0.012109215753555936,0.006095323354541868,-37.35687401898009,-0.17210731191795384,-0.21375581446453337,-11.231330797187935,66.47361334925831,-28.14493641887423,65.14053347088385,-30.11648240246389
1.2552,-0.1681040944002455,-0.19590070303677606,-11.762906111972942,0.012045580555710717,0.006078264291412579,-37.398300533364655,0.01204513102306118,0.006079569430296823,-37.39818034147866,-0.1722293845208508,-0.21221900336597868,-11.266801756010217,66.53368118425539,-27.929073598572174,65.2006132849843,-29.90772110794517
1.256,-0.1681843050896673,-0.19434163392877848,-11.800967281592401,0.01198224114461099,0.006062898902175433,-37.43925163384362,0.011981802529401526,0.0060642340073356,-37.439114844818924,-0.1723336788490476,-0.21069166662142927,-11.302411364709199,66.59511489225821,-27.715118831551923,65.262054934308,-29.700876475352853
1.2568000000000001,-0.1682471539156973,-0.19279241591813215,-11.839177244202073,0.011919652699931532,0.006047942836929632,-37.479830427686466,0.011919224177335363,0.006049306968786718,-37.479677605764586,-0.1724203928847625,-0.2091739175618693,-11.338159604183975,66.65790000837234,-27.503066510166885,65.32484355121683,-29.49594309838161
1.2576,-0.1682928389830899,-0.1912531546348446,-11.877536382237224,0.011857809125281572,0.006033386119966307,-37.52003706031093,0.011857389876229097,0.006034778376984823,-37.519868767140444,-0.17248972422021164,-0.20766586700844902,-11.37404643123511,66.72202219966044,-27.29291118529845,65.38896439943986,-29.292915729800068
1.2584,-0.16832155792592426,-0.18972395322740776,-11.916045060467903,0.011796704329340449,0.006019218952669671,-37.5598717438193,0.011796293541505803,0.006020638470612057,-37.559688537740385,-0.17254187004091828,-0.20616762329712554,-11.410071777965996,66.78746726062096,-27.084647563678843,65.45440286937466,-29.09178927864955
1.2591999999999999,-0.16833350789095103,-0.18820491238850473,-11.954703625480443,0.011736332227288225,0.006005431710709235,-37.599334756849395,0.011735929096038777,0.006006877661876866,-37.59913719219385,-0.17257702710938036,-0.20467929230315407,-11.446235551164538,66.8542211087577,-26.87827050523743,65.5211444734845,-28.892558807465576
1.26,-0.16832888552132944,-0.18669613038056304,-11.99351240513954,0.011676686742182071,0.005992014941268083,-37.638426444383526,0.011676290471491407,0.005993486533730004,-37.63821507079106,-0.17259539174908936,-0.20320097746542104,-11.482537631664936,66.92226978023852,-26.67377502046875,65.5891748417895,-28.695219529520433
1.2608000000000001,-0.1683078869407508,-0.1851977030611572,-12.032471708030258,0.011617761806280198,0.0059789593603071746,-37.67714721751551,0.01161737160960492,0.005980455837117717,-37.676922579266986,-0.17259715982889426,-0.2017327798106253,-11.518977873688947,66.99159942564056,-26.471156267821964,65.65847971744931,-28.499766806086765
1.2616,-0.16827070773793878,-0.1837097239082566,-12.071581822879418,0.011559551362314582,0.005966255849865502,-37.71549755317596,0.011559166463435402,0.005967776488271837,-37.715260188544406,-0.1725825267477052,-0.20027479797730252,-11.555556104166358,67.06219630578045,-26.270409551110944,65.72904495243516,-28.30619614372076
1.2624,-0.16821754295152194,-0.18223228404531902,-12.110843017955817,0.011502049364714034,0.005953895455396004,-37.75347799381625,0.01150166899854162,0.005955439566036697,-37.75322843443616,-0.17255168741952973,-0.19882712823969553,-11.59227212203405,67.13404678762714,-26.07153031694406,65.80085650328952,-28.11450319156467
1.2631999999999999,-0.16814858705527114,-0.1807654722662315,-12.150255540448507,0.011445249780779048,0.0059418693831371,-37.79108914705132,0.0114448731941251,0.005943436309232689,-37.79082791730695,-0.17250483625883642,-0.19738986453147242,-11.629125697513249,67.20713734029567,-25.874514152173578,65.87390042697095,-27.924683738668016
1.264,-0.16806403394369587,-0.179309375060094,-12.189819615822671,0.01138914659180972,0.005930168997519652,-37.82833168526189,0.011388773044123716,0.005931758114056201,-37.82805930169512,-0.17244216716624025,-0.1959630984692888,-11.666116571364482,67.28145453111965,-25.679356781363282,65.94816287678233,-27.736733711326433
1.2648000000000001,-0.16796407691799295,-0.1778640766358488,-12.22953544715234,0.011333733794188113,0.005918785818609197,-37.86520634515638,0.011333362558260304,0.005920396531515823,-37.864923315894785,-0.17236387351450333,-0.19454691937619908,-11.703244454119766,67.35698502180128,-25.486054064274363,66.02363009838088,-27.550649170437808
1.2656,-0.1678489086723416,-0.17642965894675133,-12.269403214429369,0.011279005400416342,0.005907711519583245,-37.901713927293315,0.011278635763047396,0.0059093432649044925,-37.901420751498776,-0.17227014813484584,-0.1931414143049123,-11.740509025291567,67.43371556463673,-25.294601993368147,66.10028842586787,-27.36642630887478
1.2664,-0.1677187212805389,-0.1750062017146844,-12.309423073847945,0.011224955440111633,0.00589693792424346,-37.93785529556452,0.011224586702749513,0.005898590167307435,-37.93755246290304,-0.17216118330356212,-0.19174666806089533,-11.777909932558039,67.5116329988152,-25.104996691325557,66.17812427795658,-27.184061448872857
1.2671999999999999,-0.16757370618297002,-0.17359378245431625,-12.34959515706392,0.011171577960959727,0.0058864570045625035,-37.9736313766399,0.01117120944030428,0.005888129239145605,-37.97331936677304,-0.17203717072893612,-0.1903627632253258,-11.815446790923964,67.59072424679049,-24.917234408582633,66.25712415421637,-27.00355103943403
1.268,-0.16741405417390623,-0.17219247649709943,-12.389919570428328,0.011118867029627671,0.00587626087826531,-38.00904315937446,0.011118498058203507,0.005877952625754412,-38.008722441472656,-0.17189830153845095,-0.18898978017789164,-11.853119181857048,67.67097631072305,-24.73131152088132,66.33727463139189,-26.82489165374467
1.2688000000000001,-0.16723995538912687,-0.17080235701511326,-12.430396394194233,0.011066816732637343,0.005866341806444586,-38.04409169417824,0.011066446659335444,0.005868052614997428,-38.04376272645661,-0.1717447662662878,-0.18762779711944044,-11.890926652398928,67.75237626899124,-24.54722452683508,66.41856235979549,-26.648079986607424
1.2696,-0.16705159929385752,-0.1694234950447458,-12.471025681696359,0.011015421177200682,0.005856692191210249,-38.07877809235012,0.01101504936778939,0.005858421634914833,-38.078441321626855,-0.1715767548411089,-0.18627689009447684,-11.928868714250523,67.83491127277044,-24.364970045508457,66.50097405977128,-26.473112851886256
1.2704,-0.16684917467102064,-0.1680559595102177,-12.511807458502586,0.010964674492017878,0.005847304573372581,-38.11310352537613,0.010964300329623713,0.005849052251406305,-38.112759386653906,-0.1713944565741195,-0.1849371330135092,-11.966944842831177,67.91856854267854,-24.18454481401019,66.58449651823005,-26.299987179964113
1.2711999999999999,-0.16663286960979226,-0.16669981724694866,-12.55274172153656,0.010914570828039661,0.005838171630158857,-38.14706922419329,0.010914193713598561,0.005839937165948075,-38.14671814026393,-0.17119806014740505,-0.1836085976752486,-12.00515447631102,68.00333536548642,-24.005945685099473,66.6691165852526,-26.128700015212836
1.272,-0.16640287149445898,-0.16535513302476362,-12.59382843817071,0.010865104359194582,0.005829286172963119,-38.180676478419834,0.010864723711874113,0.00583106921334386,-38.18031885949235,-0.17098775360253718,-0.1822913537886569,-12.043497014616147,68.08919909089249,-23.8291696248045,66.75482117076128,-25.959248513474456
1.2728,-0.16615936699357256,-0.1640219695709419,-12.63506754528872,0.010816269283082583,0.005820641145128894,-38.213926635552816,0.01081588454067565,0.005822441359509341,-38.213562878905115,-0.17076372432944564,-0.18098546899484796,-12.081971818406068,68.17614712835906,-23.654213710052883,66.84159724125779,-25.791629939553566
1.2736,-0.16590254204939223,-0.16270038759310362,-12.676458948316887,0.010768059821635543,0.005812229619764513,-38.246821100134184,0.010767670440926164,0.005814046699289913,-38.24645158978846,-0.1705261590555505,-0.17969100888883757,-12.120578208022994,68.26416694401127,-23.481075126313215,66.92943181662625,-25.62584166471966
1.2744,-0.165632581867615,-0.16139044580194253,-12.718002520223157,0.010720470221746171,0.005804044797590795,-38.27936133288611,0.0107200756788479,0.0058058784543113945,-38.27898643930813,-0.1702752438351506,-0.17840803704115107,-12.159315462412295,68.35324605759497,-23.309751165247743,67.01831196700024,-25.461881164219925
1.2752,-0.16534967090738514,-0.1600922009337946,-12.759698100483398,0.010673494755865884,0.005796080004820745,-38.31154884981708,0.010673094546533392,0.00579792997086332,-38.311168929639265,-0.17001116403906383,-0.1771366150192789,-12.19818281801391,68.44337203949478,-23.140239222374863,67.1082248096932,-25.29974601480079
1.276,-0.16505399287157924,-0.1588057077730512,-12.801545494013716,0.010627127722572833,0.005788328691071034,-38.34338522129939,0.01062672136248722,0.005790194717814602,-38.343000617067894,-0.16973410434451525,-0.17587680240898995,-12.237179467623951,68.53453250780964,-22.97253679474164,67.19915750619018,-25.139433892238536
1.2768,-0.16474573069736298,-0.15753101917441442,-12.843544470068021,0.010581363447110949,0.005780784427304912,-38.3748720711195,0.01058095047213934,0.005782666284561131,-38.37448311106512,-0.16944424872526903,-0.17462865683549927,-12.27630455922614,68.62671512548557,-22.8066414786057,67.29109725920084,-24.980942568878422
1.2776,-0.1644250665470125,-0.15626818608498913,-12.885694761100181,0.010536196281900735,0.005773440903806241,-38.406011075502406,0.010535776248330773,0.005775338379005032,-38.40561807333529,-0.1691417804419985,-0.1733922339844878,-12.315557194792753,68.71990759750489,-22.64255096712536,67.38403130977231,-24.824269911180984
1.2784,-0.16409218179899887,-0.15501725756622314,-12.92799606158937,0.010491620607023033,0.005766291928184399,-38.43680396211098,0.010491193091772705,0.005768204825565256,-38.43640721683911,-0.16882688203289392,-0.17216758762298354,-12.354936429054227,68.8140976681299,-22.48026304805868,67.47794693446085,-24.66941387727657
1.2792,-0.16374725703932771,-0.15377828081568354,-12.970448026828247,0.010447630830676178,0.005759331423409653,-38.46725250902183,0.010447195431479659,0.005761259563219136,-38.466852304793036,-0.16849973530449902,-0.17095476962009348,-12.3944412682375,68.90927311820191,-22.319775601469843,67.57283144256176,-24.516372514525813
1.28,-0.1633904720531324,-0.15255130118867893,-13.013050271672563,0.010404221389607773,0.005752553425878755,-38.49735854367862,0.010403777725177726,0.005754496643574592,-38.496955149646105,-0.1681605213227777,-0.16975382996759764,-12.434070668772135,69.00542176249265,-22.161086597443152,67.66867217339633,-24.365143957087266
1.2808,-0.16302200581651483,-0.15133636221972402,-13.055802369251495,0.010361386749521669,0.0057459520835104125,-38.527123941824264,0.010360934459688637,0.005747910228972645,-38.52671761203527,-0.1678094204044035,-0.16856481680040006,-12.473823535964142,69.10253144710899,-22.004194093804102,67.76545649365521,-24.215726423490874
1.2816,-0.16264203648862938,-0.15013350564384376,-13.098703849637763,0.010319121405460891,0.0057395216538702895,-38.55655062641329,0.01031866015129027,0.005741494590619873,-38.55614159972081,-0.16744661210826914,-0.16738777641683633,-12.513698722637026,69.20059004694936,-21.84909623384652,67.86317179479751,-24.068118214216646
1.2824,-0.16225074140400714,-0.14894277141772536,-13.141754198476377,0.010277419882167526,0.005733256502325273,-38.58564056650546,0.01027694934605471,0.005735244106750521,-38.58522906650266,-0.1670722752272139,-0.1662227532988449,-12.553695027739531,69.29958546321126,-21.695791244066395,67.96180549050455,-23.922317709279167
1.2832,-0.16184829706511422,-0.14776419774070976,-13.184952855571265,0.010236276734420026,0.0057271511002266046,-38.614395776142196,0.01023579662016421,0.005729153260817821,-38.6139820111193,-0.1666865877799626,-0.1650697901319945,-12.593811194919958,69.39950562094904,-21.54427743190086,68.06134501418798,-23.77832336581626
1.284,-0.16143487913514187,-0.14659782107562896,-13.22829921342864,0.010195686547348861,0.005721200023121607,-38.642818313206845,0.010195196580206081,0.005723216639714289,-38.64240247613009,-0.16628972700327552,-0.1639289278253756,-12.63404591106648,69.5003384666818,-21.39455318347286,68.16177781655118,-23.63613371568251
1.2848,-0.16101066243102397,-0.145443676169489,-13.27179261575612,0.010155643936731193,0.005715397948993657,-38.67091027827027,0.010155143863447135,0.005717428932020583,-38.67049254678265,-0.16588186934430468,-0.16280020553135371,-12.674397804813255,69.60207196604972,-21.246616961340795,68.26309136320351,-23.495747363046764
1.2856,-0.16057582091667622,-0.14430179607399352,-13.315432355916796,0.010116143549265096,0.005709739656530043,-38.698673813423014,0.010115633138088182,0.005711784926282573,-38.698254349866374,-0.1654631904531517,-0.16168366066518225,-12.714865445012142,69.70469410151951,-21.100467302252277,68.36527313232696,-23.35716298199306
1.2864,-0.16013052769645605,-0.14317221216591797,-13.359217675336945,0.010077180062824308,0.005704220023417464,-38.72611110109523,0.010076659103499575,0.0057062795093163286,-38.725690052553404,-0.16503386517562726,-0.16057932892448343,-12.755447339169487,69.80819287013726,-20.956102814902835,68.46831061239423,-23.2203793141254
1.2872,-0.1596749550088366,-0.14205495416732442,-13.403147761866707,0.010038748186693786,0.005698834024664708,-38.753224362865865,0.010038216490438148,0.005700907664540586,-38.75280186122824,-0.16459406754620554,-0.15948724430858854,-12.79614193184814,69.91255628132895,-20.8135221776978,68.57219129993804,-23.085395166175076
1.288,-0.15920927422029316,-0.14095005016562584,-13.447221748092513,0.010000842661787052,0.005693576730952304,-38.78001585826223,0.010000300061246373,0.005695664470336465,-38.779592020307504,-0.1641439707811732,-0.15840743913774646,-12.836947603034147,70.0177723547473,-20.672724136518188,68.67690269737099,-22.952209407611097
1.2888,-0.15873365581939722,-0.13985752663349724,-13.491438709600308,0.009963458260845763,0.00568844330700876,-38.806487883551235,0.009962904610034287,0.00569054509843398,-38.80606281105069,-0.16368374727196827,-0.15733994407219712,-12.87786266646825,70.12382911816528,-20.53370750248992,68.7824323108553,-22.820820968253006
1.2896,-0.15824826941111433,-0.13877740844863065,-13.535797663188745,0.009926589788622025,0.00568342901001301,-38.83264277052372,0.009926024962844707,0.005685544812325056,-38.8322165503637,-0.16321356857870575,-0.15628478813110944,-12.918885367941993,70.23071460541537,-20.39647114975548,68.88876764822278,-22.691228835885727
1.2904,-0.1577532837113036,-0.13770971891334252,-13.58029756503112,0.009890232082044334,0.005678529188022855,-38.85848288527292,0.009889655977802517,0.0056806589657027095,-38.858055589595835,-0.16273360542388943,-0.1552419987113893,-12.960013883558348,70.33841685437388,-20.261014013248847,68.99589621694301,-22.563432053876472
1.2912,-0.1572488665414129,-0.1366544797740254,-13.624937308785332,0.009854380010367361,0.005673739278428946,-38.8840106269685,0.009853792545248305,0.0056758830009259985,-38.88358231333192,-0.16224402768630275,-0.15421160160635303,-13.001246317957003,70.44692390499043,-20.12733508647237,69.10380552214144,-22.4374297187933
1.292,-0.15673518482336915,-0.13561171124045082,-13.669715723650722,0.00981902847530639,0.005669054806434066,-38.90922842662722,0.009818429587857187,0.005671212447510471,-38.90879913818053,-0.16174500439508027,-0.15319362102427012,-13.042580702504239,70.55622379736204,-19.995433419275976,69.21248306466495,-22.31322097802496
1.2928,-0.15621240457465857,-0.1345814320049222,-13.714631572370944,0.00978417241115689,0.005664471383557328,-38.93413874588163,0.009783562060743205,0.0056666429206437,-38.93370851155946,-0.1612367037239546,-0.15218807960677744,-13.084014993447553,70.66630456985092,-19.86530811563838,69.32191633919602,-22.190805027402355
1.2936,-0.15568069090359302,-0.13356365926127464,-13.759683549182068,0.00974980678489959,0.005659984706163,-38.958744075747724,0.009749184951549712,0.005662170119725619,-38.958312910480004,-0.16071929298567536,-0.15119499844715914,-13.12554707003538,70.77715425724666,-19.736958331449543,69.43209283241441,-22.070181108820396
1.2944,-0.15514020800476158,-0.13255840872373,-13.804870277704735,0.009715926596291852,0.005655590554013613,-38.98304693539299,0.009715293280526558,0.005657789826933295,-38.982614840330555,-0.16019293862660072,-0.15021439710850285,-13.167174732601854,70.88876088897115,-19.610383272295053,69.54300002120611,-21.951348507861393
1.2952,-0.1545911191546611,-0.13156569464559867,-13.850190308779904,0.009682526877945546,0.005651284788847,-39.00704987090587,0.0096818821005942,0.00565349790580977,-39.00661683366133,-0.15965780622145442,-0.1492462936417222,-13.208895700617358,71.00111248732739,-19.485582191241264,69.65462537091986,-21.834306551418475
1.296,-0.1540335867075049,-0.1305855298378366,-13.89564211824702,0.009649602695392105,0.005647063352977019,-39.03075545406765,0.009648946497395516,0.005649290299876725,-39.03032144897087,-0.15911406046824983,-0.14829070460345545,-13.250707610704913,71.11419706579055,-19.362554386621763,69.76695633366991,-21.719054605319876
1.2968,-0.15346777209120616,-0.12961792568745464,-13.941224104664009,0.009617149147135209,0.005642922267917542,-39.0541662811281,0.009616481589335627,0.005645163031270542,-39.05373126949548,-0.1585618651833766,-0.14734764507383658,-13.29260801462311,71.22800262734172,-19.24129919982467,69.87998034668583,-21.605592071953645
1.2976,-0.15289383580353078,-0.12866289217577823,-13.986934586968417,0.00958516136469136,0.0056388576330294714,-39.07728497158571,0.00958448252761014,0.005641112199401469,-39.07684890200293,-0.15800138329684602,-0.14641712867413748,-13.334594377216273,71.3425171628444,-19.12181601308026,69.99368483070856,-21.49391838789215
1.2984,-0.15231193740842097,-0.1277204378965654,-14.032771802078761,0.009553634512619152,0.005634865624190416,-39.10011416697374,0.009552944496222446,0.005637133979635581,-39.099676975591066,-0.1574327768476968,-0.14549916758428916,-13.376664074332265,71.45772864946237,-19.004104247249625,70.10805718843253,-21.384033021517276
1.2992,-0.15172223553248101,-0.12679057007397512,-14.078733902435838,0.009522563788537225,0.005630942492486717,-39.12265652965294,0.009521862711990247,0.005633224621999172,-39.12221814049265,-0.1568562069795535,-0.14459377256027375,-13.418814390709095,71.5736250491201,-18.888163359613188,70.22308480299398,-21.275935470645162
1.3,-0.15112488786162762,-0.12587329458039415,-14.124818953483057,0.009491944423131756,0.00562708456292755,-39.14491474161196,0.009491232424541921,0.005629380449905271,-39.144475066887104,-0.15627183393634014,-0.14370095295139532,-13.46104251783098,71.69019430700443,-18.77399284165984,70.33875503650475,-21.169625260151133
1.3008,-0.15052005113789957,-0.12496861595411829,-14.171024931085523,0.00946177168015357,0.005623288233180729,-39.16689150327647,0.009461048916303057,0.005625597858901981,-39.166450443720464,-0.15567981705814435,-0.14282071671742738,-13.503345551754997,71.80742435010782,-18.66159221687605,70.45505522863209,-21.065101939594648
1.3016,-0.14990788115642234,-0.1240765374168898,-14.21734971888747,0.009432040856405378,0.005619549972329947,-39.188589532327796,0.009431307502473448,0.005621873315442271,-39.18814697753409,-0.15508031477722836,-0.14195307044563485,-13.545720490909641,71.92530308581301,-18.550961038534886,70.57197269522378,-20.9623650808436
1.3024,-0.14928853276252865,-0.12319706089129422,-14.263791105607545,0.00940274728171965,0.005615866319653136,-39.21001156253202,0.009402003530995167,0.0056182033556749665,-39.20956739130321,-0.15447348461418917,-0.14109801936767855,-13.588164233866245,72.04381840051882,-18.442098887485333,70.6894947269786,-20.861414275699065
1.3032,-0.14866215984902859,-0.12233018701801227,-14.310346782271937,0.0093738863189272,0.005612233883421619,-39.2311603425803,0.009373132382511773,0.005614584584256575,-39.230714423286166,-0.15385948317425963,-0.14025556737639405,-13.630673577085153,72.16295815830702,-18.33500536994096,70.80760858816231,-20.762249133519248
1.304,-0.14802891535362933,-0.12147591517293273,-14.357014339384985,0.00934545336381717,0.005608649339719802,-39.25203863494137,0.009344689470319295,0.005611013673183659,-39.25159082588501,-0.15323846614375408,-0.13942571704245293,-13.673245212637843,72.28271019965005,-18.22968011526878,70.92630151536875,-20.664869278843614
1.3048,-0.14738895125650073,-0.12063424348412498,-14.403791264037409,0.009317443845088563,0.0056051094312850455,-39.27264921472679,0.00931667024030918,0.005607487360645448,-39.27219936451839,-0.1526105882866533,-0.13860846963090384,-13.715875725906955,72.40306234015968,-18.1261227737779,71.04556071632564,-20.569274349016734
1.3056,-0.14674241857798276,-0.11980516884866889,-14.450674936952275,0.009289853224293695,0.005601610966367458,-39.29299486856988,0.009289070170903496,0.0056040024498963835,-39.29254281650739,-0.15197600344132586,-0.137803825117592,-13.75856159326621,72.52400236937639,-18.024333014507476,71.16537336874639,-20.475463991811743
1.3064,-0.14608946737643644,-0.11898868694934943,-14.497662629468733,0.009262676995773982,0.0055981508176093054,-39.313078393518865,0.009261884772982948,0.005600555808148277,-39.31262396997499,-0.15133486451738748,-0.13701178220546426,-13.801299179742045,72.64551804959916,-17.92431052301491,71.2857266192258,-20.38343786305417
1.3072,-0.14543024674622998,-0.11818479227120944,-14.544751500464212,0.00923591068658824,0.005594725920943741,-39.33290259594512,0.009235109589807697,0.005597144365481816,-39.332445622760005,-0.15068732349269195,-0.1362323383407515,-13.844084736659639,72.76759711475644,-17.826054999163304,71.40660758218166,-20.293195624245094
1.308,-0.14476490481586313,-0.1173934781179666,-14.591938593215328,0.00920954985643399,0.005591333274512572,-39.35247029046684,0.009208740196931572,0.005593765113777089,-39.35201058134583,-0.15003353141045564,-0.13546548972903802,-13.886914399275357,72.89022726931704,-17.72956615490891,71.52800333884076,-20.204736940184905
1.3088,-0.1440935887462246,-0.1166147366282939,-14.639220832198308,0.009183590097561914,0.005587969937602782,-39.37178429888902,0.009182772202109836,0.005590415105662857,-39.37132165980494,-0.14937363837651157,-0.13471123135121263,-13.929784184398633,73.01339618724168,-17.634843712088266,71.64990093626982,-20.11806147659695
1.3096,-0.1434164447289787,-0.11584855879196142,-14.686595019829962,0.009158027034683797,0.005584633029601492,-39.390847449160134,0.009157201245200771,0.005587091453484269,-39.39038167875942,-0.14870779355669023,-0.13396955697930243,-13.972689988006074,73.13709151097544,-17.541887400204974,71.77228738645177,-20.033168897751256
1.3104,-0.1427336179850838,-0.11509493446584583,-14.734057833149956,0.009132856324874377,0.005581319728969132,-39.409662574346086,0.00913202299806147,0.005583791328288744,-39.40919346435826,-0.14803614517432861,-0.13324045919219482,-14.015627582850751,73.26130085048003,-17.450696954216582,71.89514966540641,-19.950058864089108
1.3112,-0.14204525276343438,-0.11435385238980213,-14.78160582044605,0.00910807365746709,0.005578027272230503,-39.42823251162194,0.009107233164437992,0.005580511958829722,-39.427759847271815,-0.1473588405079012,-0.13252392939124077,-14.058592616070293,73.38601178230688,-17.361272112321014,72.01847471235638,-19.86873102984756
1.312,-0.14135149233962893,-0.11362530020240326,-14.829235397823485,0.009083674753944306,0.005574752952983467,-39.44656010128183,0.009082827479850219,0.005577250630588031,-39.4460836617039,-0.14667602588877568,-0.13181995781574718,-14.10158060679706,73.51121184871066,-17.27361261374329,72.14224942893789,-19.78918504068512
1.3128,-0.14065247901486017,-0.11290926445654663,-14.876942845720421,0.009059655367822094,0.005571494120925004,-39.46464818576752,0.009058801711471666,0.005574004684810537,-39.464167744421964,-0.1459878466990882,-0.13112853355835505,-14.144586943774422,73.63688855680293,-17.187718196522294,72.26646067845648,-19.711420531308157
1.3136,-0.13994835411492304,-0.11220573063492575,-14.924724305371546,0.00903601128452983,0.005568248180894343,-39.482499608715976,0.009035151658004413,0.00557077151756588,-39.48201493380577,-0.14529444736973726,-0.13044964458030334,-14.187606882983182,73.76302937774678,-17.103588595297488,72.39109528518786,-19.635437123098185
1.3144,-0.13923925798934317,-0.11151468316537336,-14.97257577522179,0.009012738321284961,0.00556501259193292,-39.50011721402625,0.009011873149549524,0.005567548578816958,-39.49962806891488,-0.14459597137849636,-0.12978327772658357,-14.230635545282407,73.8896217459913,-17.021223539096322,72.51614003372346,-19.56123442174082
1.3152,-0.13852533001061806,-0.1108361054360702,-15.020493107293156,0.008989832326963003,0.0055617848663609025,-39.517503844946134,0.008988962047473048,0.005564333371509912,-39.517009988575325,-0.1438925612482404,-0.12912941874097933,-14.273667914069488,74.01665305854718,-16.940622749121715,72.64158166836162,-19.48881201485577
1.316,-0.13780670857357397,-0.11016997981062583,-15.068472003507143,0.008967289181963215,0.005558562568869991,-39.53466234317867,0.008966414244267952,0.00556112345067936,-39.53416353048573,-0.1431843585452871,-0.12848805228099766,-14.316698832964104,74.14411067430244,-16.861785936540475,72.76740689254356,-19.418169469629024
1.3168,-0.13708353109483398,-0.10951628764302945,-15.116508011966161,0.008945104798070019,0.00555534331563228,-39.55159554800895,0.008944225663412152,0.005557916422569618,-39.55109153034313,-0.14247150387785126,-0.12785916193268917,-14.359723003521445,74.27198191337872,-16.784712800272413,72.89360236833436,-19.349306330446847
1.3176,-0.13635593401239351,-0.1088750092924701,-15.164596523197599,0.008923275118310361,0.005552124773424887,-39.5683062954513,0.008922392259222757,0.005554709943771601,-39.56779682098886,-0.1417541368946075,-0.12724273022535712,-14.40273498298028,74.40025405652874,-16.709403024780286,73.02015471594977,-19.282222116532036
1.3184,-0.1356240527853065,-0.10824612413803143,-15.212732766364104,0.008901796116807413,0.005548904658770129,-39.5847974174171,0.008900910016706974,0.005551501720375237,-39.584282231574456,-0.14103239628336492,-0.12663873864615943,-14.445729182051457,74.52891434457352,-16.635856277861148,73.14705051332776,-19.21691631958299
1.3192,-0.134888021893474,-0.10762961059325664,-15.260911805444833,0.008880663798630591,0.005545680737090973,-39.60107174090335,0.00887977495140956,0.0055482895071370456,-39.60055058674803,-0.1403064197698466,-0.12604716765459983,-14.48869986275325,74.65794997788139,-16.56407220843888,73.27427629574584,-19.15338840141542
1.32,-0.13414797483753862,-0.10702544612058837,-15.309128535391991,0.00885987419964222,0.005542450821881523,-39.61713208720224,0.0088589831092573,0.005545071106662696,-39.61660470586102,-0.13957634411657668,-0.1254679966969123,-14.531641136299855,74.78734811588694,-16.494050444358486,73.40181855548357,-19.091637791607546
1.3208,-0.1334040441388801,-0.10643360724568247,-15.357377678268001,0.008839423386341057,0.005539212773892321,-39.63298127113156,0.008838530566400507,0.00554184436860429,-39.63244740219564,-0.13884230512187226,-0.12490120422033783,-14.57454696104983,74.91709587665122,-16.42579059018221,73.5296637415307,-19.03166388514874
1.3216,-0.13265636133970973,-0.10585406957159525,-15.405653779368969,0.008819307455702707,0.005535964500330182,-39.648622100286374,0.008818413429051793,0.005538607188872091,-39.6480814822129,-0.138104437618936,-0.12434676768729308,-14.61741114052182,75.04718033646293,-16.35929222498766,73.65779825934099,-18.973466040092173
1.3224,-0.131905057003265,-0.10528680779284864,-15.453951203340244,0.008799522535017335,0.0055327039540723705,-39.66405737431165,0.008798627833322296,0.005535357508860496,-39.66350974482151,-0.1373628754750534,-0.12380466358943419,-14.660227321484774,75.17758852948033,-16.29455490016856,73.78620847063124,-18.9170435752118
1.3232,-0.13115026071409797,-0.10473179570936911,-15.50226413029099,0.008780064781724587,0.005529429132894833,-39.67928988419618,0.008779169945055499,0.0055320933146880006,-39.67873498066743,-0.13661775159088654,-0.12327486746161301,-14.702988992130768,75.30830744741448,-16.231578137237886,73.91488069322679,-18.862395767664054
1.324,-0.13039210107845997,-0.10418900624030536,-15.550586551914567,0.00876093038324614,0.0055261380787143275,-39.69432241158758,0.008760035959658824,0.0055288126364509286,-39.69375997144433,-0.13586919789986954,-0.12275735389572894,-14.745689480338395,75.43932403925355,-16.170361425634216,74.04380120095203,-18.809521850654644
1.3248,-0.1296307057247795,-0.10365841143772364,-15.59891226762244,0.008742115556815888,0.005522828876844148,-39.709157728128325,0.008741222101933179,0.005525513547490675,-39.70858748922474,-0.13511734536769987,-0.12225209655447604,-14.788321952035368,75.5706252110281,-16.110904220531324,74.17295622356714,-18.758421011111047
1.3256000000000001,-0.12886620130422835,-0.10313998250018022,-15.647234880700003,0.008723616549307927,0.005519499655263253,-39.72379859481303,0.008722724625900503,0.005522194163674262,-39.72322029581204,-0.13436232399192463,-0.12175906818498437,-14.830879409669306,75.702197825618,-16.053205940651246,74.30233194675084,-18.70909238736079
1.3264,-0.12809871349138116,-0.10263368978617508,-15.695547794492686,0.008705429637062598,0.0055161485838986024,-39.73824776136654,0.008704539814629677,0.005518852642687974,-39.73766114211301,-0.13360426280162319,-0.1212782406323598,-14.873354690795683,75.83402870260053,-15.997265966081597,74.4319145121287,-18.661535066816498
1.3272,-0.12732836698495892,-0.1021395028274833,-15.743844208632247,0.0086875511257106,0.0055127738739204225,-39.752507965642984,0.008686663980060653,0.0055154871833438335,-39.75191276753114,-0.13284328985718089,-0.12080958485311771,-14.915740466792899,75.96610461813988,-15.943083636096883,74.56169001734798,-18.61574808366753
1.328,-0.12655528550866088,-0.10165739034236913,-15.792117115312811,0.008669977349995405,0.005509373777050242,-39.76658193304564,0.008669093462827219,0.00551209602489872,-39.76597789938028,-0.1320795322501555,-0.12035307092851599,-14.958029241714046,76.09841230491827,-15.890658246984815,74.69164451619824,-18.571730416579324
1.3288,-0.1257795918120812,-0.10118732024868055,-15.840359295627572,0.008652704673594108,0.005505946584881452,-39.78047237596736,0.008651824632078317,0.005508677446385923,-39.77985925231883,-0.131313116103235,-0.11990866807778515,-15.00021335128583,76.23093845210826,-15.839989049877556,74.82176401877791,-18.529480986400618
1.3296000000000001,-0.12500140767170587,-0.10072925967682532,-15.888563315977553,0.00863572948893679,0.005502490628212169,-39.79418199325155,0.008634853885298178,0.005505229765958872,-39.79355952780402,-0.13054416657028192,-0.11947634467125555,-15.042284962065292,76.36366970538742,-15.791075248588434,74.95203449170761,-18.488998653878955
1.3304,-0.12422085389199491,-0.10028317498263128,-15.936721524564192,0.008619048217024586,0.005499004276390259,-39.807713469673395,0.008618177648125343,0.005501751340246898,-39.80708141356643,-0.12977280783646822,-0.11905606824338506,-15.084236070765007,76.49659266699382,-15.74391599745468,75.08244185838892,-18.450282217385475
1.3312,-0.12343805030654048,-0.09984903176008894,-15.984826047978826,0.008602657307246542,0.005495485936670221,-39.82106947544129,0.008601792374170678,0.005498240563722759,-39.820427583104305,-0.12899916311849474,-0.11864780550568399,-15.126058503758266,76.629693895824,-15.698510399186398,75.21297199931016,-18.41333041064896
1.332,-0.1226531157793061,-0.09942679485397865,-16.032868787902235,0.008586553237195385,0.005491934053581807,-39.834252665718125,0.008585694544834549,0.005494695868081765,-39.833600695197646,-0.12822335466489676,-0.1182515223595407,-15.167743916775516,76.76295990757227,-15.654857502722303,75.34361075239786,-18.378141900500147
1.3328,-0.12186616820594212,-0.09901642837238359,-16.080841417928575,0.008570732512482375,0.005488347108310155,-39.84726568016227,0.00856988066912324,0.0054911157216323,-39.84660339344178,-0.1274455037564345,-0.1178671839089474,-15.209283794803847,76.89637717491208,-15.612956301092831,75.47434391341466,-18.344715284626712
1.3336000000000001,-0.12107732451517503,-0.09861789569908676,-16.128735380528735,0.008555191666551245,0.005484723618087207,-39.86011114248812,0.00855434728346467,0.005487498628697499,-39.8594383058003,-0.12666573070656406,-0.1174947544731254,-15.250669452201763,77.02993212771936,-15.572805729290724,75.60515723640363,-18.31304908933946
1.3344,-0.1202867006702735,-0.09823115950585624,-16.176541884168497,0.008539927260491461,0.005481062135594273,-39.87279166004572,0.008539090951523649,0.005483843129027956,-39.87210804417698,-0.12588415486199317,-0.1171341975990528,-15.29189203304107,77.16361115333758,-15.534404662150054,75.73603643417866,-18.283141767350504
1.3352,-0.1194944116705839,-0.09785618176461577,-16.22425190059835,0.008524935882850821,0.005477361248375517,-39.88530982341944,0.008524108264016604,0.005480147797225204,-39.88461520400659,-0.12510089460331414,-0.1167854760738921,-15.332942511688772,77.29740059688496,-15.497751912233644,75.86696717886139,-18.254991695563785
1.336,-0.11870057155313911,-0.09749292375950414,-16.271856162331822,0.008510214149447491,0.005473619578262168,-39.897668206045374,0.008509395838526022,0.005476411242175812,-39.8969623638642,-0.12431606734571836,-0.11644855193732075,-15.373811693641144,77.43128676160372,-15.462846227729905,75.99793510246421,-18.22859717287892
1.3368,-0.117905293394337,-0.0971413460988233,-16.319345160330382,0.0084957587031817,0.005469835780807305,-39.90986936384703,0.008494950319314614,0.0054726321064959265,-39.90915208509279,-0.12352978953978877,-0.11612338649376412,-15.414490216622896,77.56525590925115,-15.429686290359301,76.1289257975193,-18.203956418008733
1.3376000000000001,-0.11710868931168533,-0.09680140872687441,-16.366709141913837,0.008481566213846964,0.0054660085447309995,-39.921915834889276,0.008480768377139306,0.0054688090659859995,-39.92118691144896,-0.12274217667236732,-0.11580994032453015,-15.454968551964328,77.69929426053314,-15.398270713290982,76.25992481775445,-18.18106756731116
1.3384,-0.11631087046561679,-0.0964730709356852,-16.413938108915275,0.008467633377941163,0.00546213659137566,-39.93381013905004,0.008466846709065173,0.005464940829095642,-39.93306936876625,-0.12195334326750142,-0.1155081732998487,-15.495237006268976,77.83338799557914,-15.368598039070296,76.39091767881419,-18.15992867263644
1.3392,-0.1155119470613666,-0.09615629137662658,-16.461021816101173,0.008453956918477428,0.005458218674171371,-39.94555477770948,0.008453182038279354,0.00546102613639829,-39.94480196463595,-0.12116340288746157,-0.11521804459081313,-15.535285723385023,77.96752325445998,-15.340666737557601,76.5218898590279,-18.140537699189945
1.34,-0.11471202835091678,-0.09585102807192133,-16.507949769877147,0.00844053358479491,0.005454253578111095,-39.957152233456476,0.008439771113905094,0.005457063760075616,-39.95638718810505,-0.12037246813383529,-0.11493951268122707,-15.575104686692885,78.10168613774694,-15.314475203878931,76.65282680022302,-18.122892523411565
1.3408,-0.11391122263500364,-0.0955572384260449,-16.554711227301123,0.008427360152369626,0.005450240119235519,-39.96860496981188,0.008426610710815925,0.005453052503411456,-39.96782750939094,-0.11958065064869314,-0.11467253537935547,-15.614683721721809,78.23586270711336,-15.290021756389322,76.78371390858486,-18.10699093087235
1.3416000000000001,-0.11310963726518483,-0.09527487923701752,-16.60129519542618,0.008414433422625303,0.00544617714412741,-39.97991543096839,0.008413697629450056,0.005448991200295074,-39.979125379612725,-0.11878806111582413,-0.11441706982957989,-15.654012499108136,78.3700389859782,-15.267304634648962,76.91453655556181,-18.092830614188948
1.3424,-0.11230737864597055,-0.09500390670759119,-16.64769043099553,0.008401750222744468,0.005442063529415281,-39.99108604154663,0.008401028695625165,0.005444878714733644,-39.99028323053858,-0.11799480926204468,-0.11417307252396021,-15.693080537907186,78.50420096019126,-15.246321997413242,77.04528007881628,-18.08040917095677
1.3432,-0.11150455223701106,-0.09474427645632956,-16.693885440513398,0.008389307405479688,0.00543789818128625,-40.00211920636707,0.008388600760353455,0.005440713940373727,-40.00130347434907,-0.1172010038585737,-0.1139404993137014,-15.731877209271087,78.63833457876069,-15.227071920637004,77.17592978322148,-18.069724101702548
1.344,-0.11070126255534421,-0.09449594352858275,-16.739868480715288,0.008377101848965162,0.005433680035007853,-40.013017310237515,0.00837641069965726,0.005436495800031628,-40.012188503415885,-0.11640675272247794,-0.1137193054205266,-15.770391740503978,78.7724257546222,-15.209552395493718,77.30647094190323,-18.06077280785696
1.3448,-0.10989761317770051,-0.09425886240735766,-16.78562755946207,0.00836513045652868,0.005429408054458749,-40.02378271775584,0.008364455414385104,0.005432223245232425,-40.0229406900959,-0.11561216271818474,-0.11350944544795744,-15.808613219505785,78.90646036544986,-15.19376132641019,77.4368887973271,-18.053552589748215
1.3456000000000001,-0.10909370674286172,-0.09403298702408383,-16.83115043708254,0.008353390156503982,0.005425081231668054,-40.03441777312747,0.008352731830028331,0.005427895255757565,-40.03356238653987,-0.11481733975905846,-0.11331087339250014,-15.846530599615411,79.04042425450902,-15.179696529117527,77.56716856243098,-18.048060644617237
1.3464,-0.10828964495407736,-0.0938182707692765,-16.876424628189163,0.00834187790204364,0.005420698586363246,-40.04492479999742,0.008341236896538401,0.005423510839200802,-40.04405592451587,-0.11402238880904562,-0.11312354265474041,-15.884132704863136,79.17430323155034,-15.167355728718887,77.69729542180175,-18.044294064655315
1.3472,-0.10748552858153211,-0.09361466650309619,-16.92143740399231,0.008330590670932492,0.0054162591655264065,-40.05530610129648,0.008329967588144844,0.005419069030532402,-40.05442361524664,-0.113227413884381,-0.1129474060503451,-15.921408235641916,79.30808307374578,-15.15673655777473,77.8272545328976,-18.042249835064958
1.348,-0.10668145746486714,-0.09342212656580694,-16.966175795137964,0.008319525465401673,0.005411762042958709,-40.0655639591012,0.008318920903173944,0.00541456889167139,-40.064667749261005,-0.11243251805535855,-0.11278241582097279,-15.958345774805958,79.44174952666576,-15.147836554406336,77.95703102731385,-18.04192483214473
1.3488,-0.10587753051575341,-0.09324060278813294,-17.010626595094053,0.00830867931194336,0.005407206318852963,-40.07570063450723,0.00830809386386827,0.005410009511065759,-40.07479059625852,-0.11163780344816496,-0.11262852364509263,-15.994933794204451,79.57528830529725,-15.140653160418074,78.08661001209359,-18.04331582139897
1.3496000000000001,-0.10507384572051313,-0.09307004650151397,-17.05477636411051,0.008298049261126142,0.00540259111937409,-40.08571836751594,0.008297483516206969,0.005405390003280398,-40.084794404987434,-0.11084337124677225,-0.11248568064871216,-16.03116066165731,79.70868509510365,-15.135183719439246,78.21597657108197,-18.04641945567296
1.3504,-0.10427050014279332,-0.09291040854826157,-17.098611433777485,0.008287632387411294,0.005397915596247383,-40.09561937693356,0.00828708692972704,0.005400709508592731,-40.09468140313528,-0.1100493216948935,-0.11235383741601503,-16.06701464837848,79.84192555312485,-15.131425475086228,78.34511576632406,-18.0512322733147
1.3512,-0.10346758992628473,-0.09276163929161484,-17.142117912206242,0.00827742578896975,0.0053931789263543944,-40.10540586028285,0.008276901197345433,0.005395967192595775,-40.10445379723202,-0.1092557540979948,-0.1122329439999077,-16.102483936851748,79.97499530911867,-15.129375569145447,78.47401263950638,-18.057750696363726
1.352,-0.10266521029748996,-0.09262368862569823,-17.18528168985618,0.008267426587500022,0.005388380311336348,-40.11507999372675,0.008266923435182245,0.005391162245808593,-40.11411377256519,-0.10846276682536793,-0.11212294993247691,-16.137556629162102,80.10787996674239,-15.129031039778107,78.6026522134411,-18.065971028768114
1.3528,-0.10186345556853774,-0.09249650598538067,-17.22808844603091,0.008257631928046991,0.005383518977204881,-40.12464393200372,0.008257150782384842,0.005386293883293943,-40.12366349310685,-0.10767045731225984,-0.11202380423535803,-16.17222075578486,80.24056510477476,-15.130388819747173,78.73101949359294,-18.075889454630314
1.3536000000000001,-0.10106241914004012,-0.0923800403560372,-17.270523656065617,0.008248038978821677,0.0053785941739600265,-40.13409980837443,0.00824758040095308,0.005381361344282994,-40.133105101451875,-0.10687892206205715,-0.11193545543001314,-16.20646428483325,80.37303627837836,-15.133445734667532,78.85909946964871,-18.087502036482622
1.3544,-0.10026219350399704,-0.09227424028321407,-17.312572599226165,0.008238644931021982,0.0053736051752153,-40.14344973457944,0.008238209475565634,0.005376363891807009,-40.142440718767375,-0.10608825664852868,-0.11185785154792184,-16.24027513176332,80.50527902040145,-15.138198501279879,78.98687711712839,-18.100804713593295
1.3552,-0.09946287024674104,-0.09217905388219697,-17.354220367339916,0.008229446998654478,0.005368551277829713,-40.15269580080755,0.008229035213407405,0.005371300812335808,-40.15167244475282,-0.10529855571812015,-0.11179094014068278,-16.27364116953384,80.63727884271967,-15.144643725749182,79.11433739903798,-18.115793300303913
1.356,-0.09866454005192599,-0.0920944288474843,-17.39545187417608,0.008220442418357272,0.0053634318015466555,-40.161840075674434,0.008220054843998166,0.005366171415422925,-40.16080235761055,-0.1045099129923041,-0.11173466829002772,-16.306550239216882,80.76902123761725,-15.152777901988445,79.24146526756347,-18.132463484399054
1.3568,-0.09786729270355726,-0.09202031246216479,-17.436251865592002,0.00821162844922398,0.00535824608863946,-40.17088460621126,0.008211265619022357,0.005360975033357325,-40.169832514026325,-0.10372242126998303,-0.11168898261774804,-16.338990161053,80.90049167920667,-15.16259741000835,79.36824566580525,-18.15081082550888
1.3576000000000001,-0.09707121708906007,-0.09195665160720111,-17.476604930459963,0.008203002372628809,0.005352993503563528,-40.17983141786304,0.00820266481216011,0.005355711020821515,-40.17876494915968,-0.10293617242994234,-0.11165382929553373,-16.370948745943334,81.03167562488795,-15.17409851429386,79.49466352955302,-18.170830753545697
1.3584,-0.09627640120239031,-0.09190339277061968,-17.516495512386456,0.00819456149205287,0.005347673432614956,-40.18868251449614,0.008194249718919567,0.005350378754555998,-40.187601676643645,-0.10215125743335714,-0.11162915405472608,-16.402413807368454,81.16255851684534,-15.187277362208086,79.62070378910018,-18.192518567175146
1.3592,-0.09548293214718058,-0.09186048205660709,-17.55590792223422,0.008186303132911637,0.005342285283595438,-40.19743987841494,0.008186017656470439,0.005344977633029868,-40.19634468859352,-0.10136776632634688,-0.11161490219598352,-16.433373173722494,81.29312578358312,-15.202129982424582,79.74635137109759,-18.215869432322986
1.36,-0.09469089613992618,-0.09182786519451429,-17.594826351453968,0.008178224642383677,0.005336828485483417,-40.206105470387115,0.008177965963478919,0.005339507076117489,-40.20499595562455,-0.10058578824258048,-0.11161101859886156,-16.463814701048328,81.42336284149833,-15.218652283388566,79.87159120044602,-18.240878380718215
1.3608,-0.0939003785132073,-0.09180548754776846,-17.633234886230518,0.008170323389240628,0.005331302488111321,-40.21468122967725,0.00817009199994389,0.00533396652478111,-40.21355742687788,-0.09980541140593076,-0.11161744773130709,-16.493726286157923,81.55325509649103,-15.236840051807787,79.99640820222638,-18.267540308473404
1.3616000000000001,-0.09311146371894544,-0.09179329412269406,-17.671117522444636,0.008162596763678451,0.00532570676184877,-40.22316907408854,0.008162393147034538,0.005328355440759281,-40.22203103005487,-0.09902672313317393,-0.1116341336590672,-16.523095880119698,81.68278794561174,-15.256688951174109,80.12078730366811,-18.295849974703092
1.3624,-0.09232423533169754,-0.09179122957724264,-17.708458181448645,0.008155042177150022,0.005320040797291645,-40.23157090001227,0.008154866806929308,0.005322673306261026,-40.23041867145907,-0.09824980983673928,-0.11166102005501313,-16.551911502092302,81.81194677874498,-15.278194520316086,80.2447134361539,-18.32580200018096
1.3632,-0.09153877605198099,-0.0917992382296328,-17.745240726650646,0.008147657062199026,0.005314304104956908,-40.23988858248469,0.00814751040265628,0.005316919623665555,-40.23872223604593,-0.0974747570275015,-0.11169805020837954,-16.580161253482526,81.94071698032933,-15.301352171983737,80.3681715372613,-18.357390866036813
1.3639999999999999,-0.09075516770963454,-0.09181726406690068,-17.781448980897952,0.008140438872295251,0.0053084962149830784,-40.24812397525102,0.008140321377934976,0.005311093915227514,-40.24694358747959,-0.09670164931762067,-0.11174516703391958,-16.60783333240219,82.06908393111267,-15.326157191465958,80.49114655283957,-18.39061091249392
1.3648,-0.08997349126721003,-0.09184525075336131,-17.817066744647015,0.008133385081671184,0.0053026166768362065,-40.256278910836414,0.00813329719701956,0.005305195722787573,-40.25508456819682,-0.09593057042342527,-0.11180231308097603,-16.63491604839731,82.19703300994283,-15.35260473524147,80.61362343912177,-18.42545633764774
1.3656000000000001,-0.08919382682339684,-0.09188314163898184,-17.852077814902554,0.008126493185160117,0.005296665059021296,-40.26435520062341,0.00812643534454358,0.005299224607488308,-40.263146999477485,-0.0951616031683397,-0.11186943054246905,-16.66139783742009,82.3245495955926,-15.380689829663973,80.73558716487113,-18.461921196286717
1.3664,-0.0884162536164762,-0.09193087976766681,-17.886466004904676,0.008119760698035538,0.005290640948799034,-40.27235463493574,0.008119733325366082,0.0052931801494952345,-40.2711326815216,-0.09439482948585347,-0.11194646126380038,-16.687267277012616,82.45161906861922,-15.41040736968233,80.85702271356112,-18.499999398755975
1.3672,-0.08764085002780518,-0.0919884078854565,-17.92021516453821,0.008113185155852071,0.005284543951907722,-40.280278983128085,0.008113188664419289,0.005287061947722896,-40.27904339353231,-0.0936303304225325,-0.11203334675167523,-16.712513101668748,82.57822681325716,-15.441752117596476,80.97791508558832,-18.53968470986474
1.3679999999999999,-0.08686769358533136,-0.09205566844863859,-17.95330920143376,0.008106764114287788,0.005278373692290337,-40.288129993681714,0.008106798906557727,0.005280869619565918,-40.286880893804984,-0.0928681861410724,-0.11213002818284137,-16.737124218338707,82.70435821934396,-15.474718701849746,81.09824930051755,-18.580970747838208
1.3688,-0.08609686096713451,-0.09213260363177381,-17.98573210272587,0.008100495148988009,0.00527212981182659,-40.295909394305475,0.00810056161640889,0.005274602800634923,-40.29464691982171,-0.09210847592339123,-0.11223644641274629,-16.76108972203912,82.82999868427873,-15.509301615858462,81.21801039935809,-18.623850983314593
1.3696000000000002,-0.08532842800499713,-0.09221915533563611,-18.017467957428252,0.008094375855410606,0.005265811970069893,-40.303618892042095,0.008094474378225431,0.0052682611444971805,-40.302343188351266,-0.09135127817376273,-0.11235254198411224,-16.78439891152928,82.95513361501204,-15.545495216879342,81.33718344687072,-18.668318738388237
1.3704,-0.08456246968800084,-0.09231526519506829,-18.04850097938202,0.00808840384867274,0.005259419843989139,-40.31126017337952,0.008088534795738855,0.005261844322421942,-40.30997139555416,-0.09059667042198759,-0.11247825513543053,-16.80704130501276,83.07974843006738,-15.583293724915665,81.45575353390424,-18.714367185699412
1.3712,-0.08379906016614905,-0.09242087458675302,-18.078815530727503,0.008082576763399144,0.005252953127715198,-40.31883490436685,0.008082740492014786,0.005255352023130312,-40.317533217092524,-0.08984472932660245,-0.11261352580937425,-16.829006655821978,83.20382856159333,-15.622691221662732,81.57370577976123,-18.761989347571692
1.3719999999999999,-0.08303827275401579,-0.09253592463690054,-18.108396145845763,0.008076892253571916,0.005246411532292038,-40.32634473073492,0.00807708910930977,0.005248783952549613,-40.32503030824466,-0.0890955306781276,-0.11275829366113062,-16.850284968041763,83.32735945744524,-15.663681649493423,81.69102533459136,-18.811178095197395
1.3728,-0.08228017993441869,-0.09266035622885282,-18.137227555711256,0.008071347992381796,0.00523979478543236,-40.33379127802103,0.008071578308929619,0.005242139833572106,-40.332464304023944,-0.08834914940234982,-0.11291249806665264,-16.87086651202703,83.45032658329646,-15.706258810484432,81.80769738181213,-18.861926147871998
1.3736000000000002,-0.08152485336211655,-0.09279411001060545,-18.165294712592377,0.008065941672081044,0.005233102631277691,-40.34117615169784,0.008066205771089368,0.005235419405818007,-40.33983681930185,-0.08760565956364248,-0.1130760781308312,-16.890741839768246,83.57271542477788,-15.750416365484039,81.92370714055558,-18.914226072278147
1.3744,-0.08077236386752942,-0.09293712640224752,-18.192582815032374,0.00806067100383777,0.005226334830162801,-40.34850093730596,0.008060969194774737,0.005228622425402699,-40.34714944893502,-0.08686513436831939,-0.11324897269558727,-16.90990180005797,83.69451148964554,-15.796147833222001,82.03903986814034,-18.968070281819934
1.3752,-0.0800227814604813,-0.09308934560332019,-18.219077333038733,0.008055533717591884,0.005219491158384393,-40.355767200590165,0.008055866297605194,0.005221748664708027,-40.35440376789594,-0.08612764616802299,-0.11343112034788501,-16.928337553410703,83.81570030997533,-15.843446589462275,82.15368086256821,-19.023451036008193
1.376,-0.07927617533396562,-0.09325070760009396,-18.244764033405183,0.008050527561912553,0.005212571407973944,-40.36297648763912,0.008050894815698623,0.005214797912157647,-40.3616013314072,-0.0853932664631475,-0.11362245942766579,-16.946040586688177,83.93626744438365,-15.892305866199093,82.26761546504356,-19.080360439897255
1.3768,-0.07853261386793119,-0.09342115217276616,-18.269629005086806,0.00804565030385725,0.0052055753864746444,-40.3701303250281,0.008046052503537512,0.005207769971996265,-40.36874367507905,-0.08466206590629372,-0.11382292803570375,-16.96300272738197,84.05619848027413,-15.942718750897296,82.38082906251546,-19.13879044357407
1.3776,-0.07779216463308969,-0.09360061890257805,-18.293658684545285,0.008040899728832332,0.005198502916722348,-40.37723021996481,0.008041337133836786,0.005200664664072778,-40.375832315049976,-0.08393411430575715,-0.11403246404138304,-16.979216157505373,84.17547903610857,-15.99467818577728,82.49330709024082,-19.198732841700018
1.3784,-0.07705489439474117,-0.0937890471788538,-18.316839880978332,0.008036273640455208,0.005191353836630394,-40.38427766043799,0.008036746497413165,0.00519348182362712,-40.38286874813031,-0.08320948062904569,-0.11425100509039739,-16.99467342704698,84.29409476370232,-16.048176967145515,82.60503503436792,-19.260179273106274
1.3792,-0.07632086911662152,-0.09398637620595923,-18.339159801344643,0.00803176986041806,0.005184127998978323,-40.39127411536857,0.00803227840305615,0.005186221301080843,-40.38985445194846,-0.0824882330064309,-0.11447848861237185,-17.009367466938766,84.41203135054221,-16.103207744770792,82.7159984345391,-19.323121220443113
1.38,-0.07559015396476579,-0.09419254501018409,-18.36060607509377,0.008027386228353159,0.005176825271204279,-40.39822103476332,0.00802793067740056,0.005178882961831256,-40.39679088509976,-0.08177043873452648,-0.1147148518284079,-17.023291601492716,84.52927452212744,-16.159763021307356,82.82618288651152,-19.387550009883803
1.3808,-0.07486281331139162,-0.0944074924465455,-18.381166778508323,0.008023120601699723,0.005169445535201145,-40.40511984987063,0.008023701164800676,0.005171466686049141,-40.403679487297566,-0.08105616427989812,-0.11496003175855113,-17.03643956026085,84.64581004433101,-16.21783515176495,82.93557404479486,-19.45345681088352
1.3816,-0.07413891073879969,-0.09463115720551497,-18.400830458565036,0.008018970855572377,0.005161988687116242,-40.411971973338495,0.00801958772720595,0.0051639723684798735,-40.410521679526674,-0.08034547528270203,-0.11521396522918285,-17.04880548927513,84.76162372578196,-16.277416343026736,83.04415762530496,-19.52083263599394
1.3824,-0.07341850904328945,-0.09486347781966906,-18.41958615622054,0.008014934882631167,0.005154454637154548,-40.41877879937428,0.008015588244038297,0.005156399918247912,-40.41731886419864,-0.07963843656034975,-0.1154765888803356,-17.060383961625455,84.87670142026757,-16.33849865341557,83.1519194080321,-19.58966834073386
1.3832,-0.07270167023909348,-0.09510439267026329,-18.43742342902762,0.008011010592953163,0.0051468433093853775,-40.4255417039063,0.008011700612070977,0.005148749258664635,-40.42407242530899,-0.07893511211120306,-0.11574783917293263,-17.07116998733564,84.99102902915332,-16.401073992308863,83.25884523972293,-19.659954623516374
1.384,-0.0719884555623251,-0.09535383999373176,-18.454332372988503,0.008007195913905628,0.005139154641552405,-40.432262044746956,0.008007922745309008,0.00514102032703933,-40.4307837285962,-0.07823556511829279,-0.11602765239595236,-17.08115902249989,85.10459250382132,-16.465134119803125,83.36492103657481,-19.731682025633088
1.3848,-0.07127892547494216,-0.09561175788811101,-18.470303643552676,0.008003488790020758,0.005131388584887004,-40.4389411617573,0.008004252574871194,0.0051332130744933795,-40.437454121702096,-0.07753985795306562,-0.11631596467351768,-17.09034697764424,85.21737784812491,-16.53067064642813,83.47013278694125,-19.804840931295725
1.3856,-0.0705731396687261,-0.09587808431938961,-18.48532847566893,0.007999887182872003,0.0051235451039248125,-40.4455803770129,0.008000688048873704,0.0051253274657775145,-40.44408493433372,-0.07684805217915643,-0.11661271197191005,-17.09873022528061,85.32937112085911,-16.597675032911393,83.57446655404728,-19.879421567735378
1.3864,-0.0698711570692722,-0.09615275712778457,-18.49939870280352,0.007996389070951923,0.005115624176325426,-40.452180994970846,0.00799722713231519,0.005117363479092066,-40.450677478426485,-0.07616020855618315,-0.1169178301065104,-17.106305606623614,85.44055843824609,-16.666138589993707,83.67790847871383,-19.955414005360215
1.3872,-0.06917303583999637,-0.09643571403394338,-18.51250677483965,0.00799299244955165,0.00510762579269521,-40.458744302637754,0.007993867806963456,0.0051093211059101635,-40.45723304830838,-0.07547638704356892,-0.11723125474866464,-17.113070437443533,85.55092597643365,-16.73605247829555,83.78044478208949,-20.032808157971413
1.388,-0.06847883338615181,-0.09672689264507439,-18.5246457747772,0.00798969533064188,0.005099549956413093,-40.46527156973867,0.007990608071243742,0.0051012003508038055,-40.463752920865204,-0.07479664680438491,-0.11755292143247682,-17.1190225130322,85.66045997400715,-16.807407708235534,83.88206176838841,-20.111593783038053
1.3888,-0.06778860635885947,-0.0970262304610041,-18.535809434155894,0.007986495742755416,0.005091396683459332,-40.4717640488867,0.00798744594012842,0.005093001231272718,-40.47023835570662,-0.07412104620921754,-0.11788276556152823,-17.124160112261745,85.7691467345125,-16.88019514000066,83.98274582763348,-20.191760482031075
1.3896,-0.06710241065915047,-0.09733366488016273,-18.545992147130313,0.007983391730871295,0.005083166002247156,-40.478222975753255,0.007984379445028363,0.005084723777575993,-40.476690595332954,-0.07344964284005827,-0.11822072241552369,-17.128482000719938,85.87697262898976,-16.954405483569065,84.08248343840287,-20.273297700816517
1.3904,-0.06642030144201762,-0.09764913320549935,-18.555188983130414,0.007980381356300414,0.005074857953457207,-40.484649569238854,0.007981406633685724,0.005076368032566341,-40.48311086530268,-0.07278249349421292,-0.1185667271568658,-17.13198743290949,85.98392409851651,-17.030029298785774,84.18126117057955,-20.356194730108495
1.3912,-0.06574233312048011,-0.09797257265032502,-18.563395698047394,0.007977462696572738,0.005066472589874764,-40.49104503164429,0.007978525570068304,0.005067934051527016,-40.489500374400265,-0.07211965418823497,-0.11892071483715587,-17.134676153502266,86.08998765675929,-17.10705699549131,84.27906568810127,-20.440440705981686
1.392,-0.06506855936965593,-0.09830392034408698,-18.57060874389139,0.007974633845325995,0.005058009976229627,-40.49741054884208,0.007975734334265388,0.005059421902011236,-40.495860314804546,-0.07146118016187634,-0.11928262040362464,-17.136548397643484,86.19514989253236,-17.185478833704003,84.37588375171077,-20.526024610444086
1.3928,-0.06439903313084518,-0.09864311333807234,-18.57682527687424,0.007971892912195942,0.005049470189038647,-40.503747290448075,0.007973031022385115,0.00505083166368414,-40.502191862257234,-0.0708071258820597,-0.11965237870548993,-17.1376048903046,86.29939747236276,-17.265284923855983,84.47170222170452,-20.612935272069574
1.3936,-0.06373380661562268,-0.09899008861104233,-18.58204316387808,0.007969238022708118,0.005040853316450828,-40.510056409993204,0.00797041374645328,0.005042163428167132,-40.50849617623178,-0.07015754504687016,-0.1200299245002438,-17.137846844687555,86.40271714306026,-17.34646522708306,84.56650806067819,-20.70116136669071
1.3944,-0.06307293130993749,-0.09934478307479913,-18.58626098727821,0.007966667318171108,0.005032159458094903,-40.51633904509519,0.007967880634313688,0.005033417298884607,-40.51477440010216,-0.06951249058956371,-0.12041519245986945,-17.137275959686857,86.50509573429112,-17.42900955556914,84.6602883362685,-20.790691418151948
1.3952,-0.06241645797822264,-0.09970713357968268,-18.58947804809652,0.007964178955571338,0.005023388724929406,-40.52259631763007,0.00796542982952991,0.005024593390913015,-40.52102766131175,-0.06887201468259622,-0.12080811717698647,-17.135894416419923,86.60652016115469,-17.51290757294479,84.75303022388887,-20.881513799122864
1.396,-0.06176443666751035,-0.10007707692000155,-18.591694367470048,0.007961771107469312,0.005014541239095089,-40.52882933390367,0.00796305949128854,0.0050156918308321245,-40.52725707154203,-0.0682361687416673,-0.12120863317092748,-17.133704873839545,86.70697742676161,-17.598148794740823,84.84472100945892,-20.97361673197204
1.3968,-0.061116916711555634,-0.10045454983939535,-18.59291068642739,0.007959441961897396,0.005005617133769696,-40.53503918482264,0.007960767794303877,0.005006712756578532,-40.53346372688115,-0.06760500342978275,-0.12161667489374389,-17.130710463446384,86.80645462481218,-17.684722588896392,84.93534809212495,-21.066988289700898
1.3976,-0.06047394673496688,-0.10083948903613071,-18.593128463974146,0.007957189722259011,0.004996616553025023,-40.54122694606522,0.00795855292872405,0.004997656317301296,-40.539648707992214,-0.06697856866133323,-0.12203217673614268,-17.126914783122544,86.90493894217414,-17.772618176322233,85.02489898697131,-21.161616396937927
1.3984,-0.05983557465734056,-0.10123183116833179,-18.592349873496826,0.007955012607229374,0.004987539651686165,-40.547393678251524,0.007956413100038567,0.004988522673219645,-40.54581308028118,-0.06635691360618706,-0.12245507303335479,-17.12232189011082,87.00241766145835,-17.861824631519035,85.11336132772057,-21.257488830993122
1.3992,-0.05920184769740444,-0.10163151285914365,-18.590577797502956,0.007952908850657584,0.004978386595192973,-40.55354042711333,0.007954346528987263,0.004979311995482757,-40.5519578940643,-0.06574008669380044,-0.1228852980709336,-17.11693629316754,87.09887816359114,-17.952330883250745,85.20072286942126,-21.35459322297217
1.4,-0.05857281237716337,-0.10203847070183188,-18.587815820723165,0.00795087670147027,0.0049691575594635945,-40.55966822366323,0.007952351451470663,0.004970024466031475,-40.55808418473525,-0.06512813561734007,-0.12332278609048683,-17.110762943919596,87.19430793038265,-18.04412571527339,85.28697149112203,-21.45291705895087
1.4008,-0.057948514526051494,-0.10245264126481646,-18.584068221608984,0.007948914423576581,0.004959852730760087,-40.56577808436319,0.007950426118461725,0.004960660277461998,-40.56419297293141,-0.06452110733782117,-0.1237674712953391,-17.103807227459466,87.28869454708911,-18.13719776711895,85.3720951985305,-21.552447681208935
1.4016,-0.05732899928508906,-0.10287396109664128,-18.57933996226762,0.007947020295774666,0.004950472305556055,-40.5718710112923,0.007948568795918931,0.004951219632891441,-40.570285264699706,-0.06391904808825924,-0.12421928785612726,-17.096074952214327,87.38202570496846,-18.231535534934427,85.45608212665556,-21.65317228952321
1.4024,-0.05671431111104118,-0.10330236673088097,-18.57363667688237,0.007945192611659503,0.004941016490406227,-40.57794799231385,0.007946777764700796,0.004941702745825197,-40.5763620516617,-0.06332200337783288,-0.12467816991632971,-17.087572339127853,87.47428920382802,-18.32712737237645,85.5389205424321,-21.75507794252045
1.4032,-0.05610449378058287,-0.1037377946909828,-18.566964658673946,0.0079434296795322,0.004931485501817958,-40.58401000124145,0.007945051320481643,0.0049321098400261455,-40.58242431117787,-0.06273001799606172,-0.12514405159772676,-17.07830601019544,87.56547295456257,-18.423961491560547,85.620598847326,-21.858151559088444
1.404,-0.05549959039446451,-0.10418018149504736,-18.559330845464743,0.007941729822310607,0.004921879566124595,-40.590057998004305,0.00794338777366877,0.004922441149385527,-40.58847300651117,-0.062143136016993575,-0.12561686700579683,-17.068282976395256,87.65556498168243,-18.522025964066025,85.70110557991892,-21.962379919846217
1.4048,-0.05489964338168166,-0.10462946366054568,-18.550742803913685,0.007940091377441385,0.004912198919360632,-40.59609292881155,0.007941785449320914,0.004912696917795562,-40.59450908698967,-0.061561400803404706,-0.12609655023504512,-17.057510625059415,87.74455342582907,-18.621308721995412,85.78042941847079,-22.067749668672132
1.4056,-0.054304694503647236,-0.1050855777089746,-18.541208712494836,0.007938512696813357,0.00490244380713869,-40.60211572631556,0.007940242687068002,0.004902877399023694,-40.60053348816818,-0.060984855011010884,-0.12658303537426666,-17.045996706730584,87.8324265462783,-18.72179755908875,85.8585591834589,-22.17424731428975
1.4064,-0.05371478485836372,-0.10554846017045177,-18.530737343297755,0.007936992146672279,0.004892614484528152,-40.60812730977422,0.00793875784103222,0.004892982856588424,-40.60654713198911,-0.060413540592687165,-0.12707625651174503,-17.033749321550626,87.91917272342897,-18.823480131892783,85.93548384009269,-22.281859231911422
1.4072,-0.05312995488459942,-0.10601804758824794,-18.51933804273173,0.007935528107536904,0.004882711215935517,-40.61412858521205,0.007937329279750322,0.004883013563636722,-40.612550926942134,-0.059847498802699926,-0.12757614774038428,-17.02077690522859,88.00478046127623,-18.92634396098419,86.01119250080167,-22.39057166493818
1.408,-0.052550244366063384,-0.10649427652326059,-18.507020711219624,0.007934118974116394,0.0048727342749863775,-40.620120445580305,0.007935955386097211,0.004872969802822917,-40.61854576822286,-0.05928677020094559,-0.1280826431627786,-17.007088214635736,88.08923838986817,-19.03037643224733,86.08567442769686,-22.50037072671675
1.4088,-0.05197569243558247,-0.10697708355842622,-18.493795781970178,0.007932763155229023,0.004862683944408966,-40.62610377091577,0.007934634557210761,0.004862851866189097,-40.62453253789044,-0.05873139465720009,-0.12859567689621582,-16.992692313075867,88.17253526774458,-19.135564798205717,86.15891903500264,-22.611242402351852
1.4096,-0.051406337579278885,-0.10746640530307323,-18.47967419891966,0.007931459073722216,0.00485256051591929,-40.63207942849842,0.007933365204417862,0.004852660055046913,-40.63051210502394,-0.058181411355376404,-0.12911518307761727,-16.97759855527896,88.25465998435602,-19.24189617940701,86.23091589145889,-22.72317255057392
1.4104,-0.05084221764074594,-0.10796217839721665,-18.464667393935695,0.007930205166393802,0.004842364290107708,-40.638048273007826,0.007932145753161682,0.0048423946798607665,-40.63648532587763,-0.05763685879778833,-0.1296410958684156,-16.961816572165887,88.33560156246334,-19.34935756586163,86.3016547226918,-22.836146905661774
1.4112,-0.05028336982522577,-0.10846433951579287,-18.448787263377024,0.00792899988391463,0.004832095576327032,-40.64401114667825,0.007930974642930105,0.004832056060132374,-40.64245304403502,-0.057097774809424046,-0.13017334945936726,-16.945356255431733,88.41534916051481,-19.45793581853389,86.37112541355162,-22.950151079418898
1.412,-0.04972983070378395,-0.10897282537283742,-18.432046144103428,0.00792784169075234,0.004821754692582005,-40.64996887945242,0.007929850327185357,0.004821644524286593,-40.648416090561675,-0.05656419654222418,-0.1307118780753044,-16.928227741994217,88.49389207500099,-19.567617670886015,86.43931801041698,-23.06517056320356
1.4128,-0.049181636217484545,-0.10948757272560414,-18.41445678902987,0.007926729065096455,0.004811341965420172,-40.65592228913401,0.007928771273294792,0.0048111604095585625,-40.65437528415673,-0.0560361604793677,-0.1312566159798226,-16.910441398353143,88.57121974278495,-19.678389730473988,86.50622272346322,-23.18119073001114
1.4136,-0.048638821681563395,-0.11000851837862699,-18.396032342318172,0.007925660498784647,0.004800857729824116,-40.661872181538705,0.007927735962462813,0.004800604061882064,-40.66033143130312,-0.05551370243956381,-0.13180749747990736,-16.892007804905322,88.64732174340791,-19.790238480595164,86.57182992889477,-23.298196836608625
1.4144,-0.04810142178959832,-0.11053559918772642,-18.376786314298204,0.007924634497230245,0.004790302329104949,-40.667819350643896,0.00792674288966395,0.004789975835779045,-40.6662853264165,-0.05499685758134763,-0.13236445693049925,-16.87293774025845,88.7221878013678,-19.903150281987195,86.63613017113947,-23.416174025720256
1.4152,-0.047569470617679334,-0.11106875206395696,-18.356732556208925,0.00792364957935091,0.004779676114797131,-40.67376457873695,0.00792579056357699,0.004779276094250374,-40.67223775199281,-0.05448566040738341,-0.13292742873899677,-16.853242165585762,88.79580778837057,-20.01711137457724,86.69911416500392,-23.535107328263308
1.416,-0.04704300162857383,-0.11160791397750146,-18.335885234846995,0.007922704277498523,0.004768979446554461,-40.679708636562054,0.00792487750652026,0.0047685052086676285,-40.67818947875444,-0.05398014476876953,-0.1334963473696995,-16.832932209061724,88.86817172555241,-20.13210787928175,86.76077279778879,-23.65498166563365
1.4168,-0.04652204767589072,-0.11215302196150802,-18.314258807208375,0.0079217971373902,0.004758212692047295,-40.68565228346558,0.00792400225438795,0.004757663558666055,-40.68414126579506,-0.05348034386934963,-0.13407114734818995,-16.812019150417278,88.9392697856724,-20.248125799855494,86.82109713136234,-23.77578185203966
1.4176,-0.04600664100824114,-0.112704013115872,-18.29186799520491,0.007920926718040483,0.0047473762268609165,-40.69159626754,0.007923163356587493,0.004746751532038545,-40.690093860722996,-0.0529862902700269,-0.13465176326565464,-16.790514405651358,89.00909229527326,-20.365151024789437,86.88007840419176,-23.8974925968839
1.4184,-0.04549681327339428,-0.11326082461096489,-18.268727760534325,0.007920091591694654,0.004736470434395017,-40.697541325766295,0.007922359375978011,0.0047357695246306175,-40.6960479998032,-0.052498015893080334,-0.13523812978314736,-16.768429511933235,89.07762973681064,-20.48316932925733,86.93770803333061,-24.02009850719177
1.4192,-0.04499259552243156,-0.11382339369130677,-18.244853279778727,0.007919290343763168,0.004725495705764284,-40.70348818415486,0.00792158888880975,0.004724717940236456,-40.70200440809775,-0.052015552026485806,-0.13583018163579053,-16.745776112728546,89.14487275074828,-20.602166377109423,86.99397761636133,-24.143584090085625
1.42,-0.04449401821389437,-0.11439165767918716,-18.220259919802025,0.007918521572757178,0.004714452439700019,-40.70943755788488,0.007920850484664548,0.004713597190495818,-40.70796379960495,-0.05153892932823743,-0.13642785363691975,-16.722565943179312,89.21081213761909,-20.722127722913548,87.04887893329195,-24.26793375530411
1.4208,-0.04400111121792902,-0.1149655539782313,-18.194963213512906,0.007917783890225162,0.004703341042452806,-40.71539015144224,0.00792014276639727,0.004702407694791946,-40.713926877396894,-0.05106817783067197,-0.13703108068216818,-16.698810815766564,89.27543886005044,-20.843038814042263,87.1024039484057,-24.39313181776496
1.4216,-0.0435139038204267,-0.1155450200769132,-18.16897883605528,0.0079170759206906,0.0046921619276961545,-40.721346658755806,0.007919464350078221,0.0046911498801503505,-40.71989433375565,-0.050603326944795086,-0.1376397977534926,-16.67452260628166,89.3387440447524,-20.964884992805214,87.15454481206238,-24.51916250017054
1.4224,-0.04303242472715711,-0.11612999355201799,-18.142322581483466,0.007916396301590703,0.0046809155164311,-40.72730776333219,0.007918813864936505,0.004679824181138435,-40.72586685030781,-0.050144405464606905,-0.1382539399231432,-16.649713240130204,89.40071898446868,-21.08765149862674,87.20529386245106,-24.64600993565544
1.4232,-0.04255670206789879,-0.11672041207205,-18.1150103399749,0.00791574368321621,0.0046696022368917425,-40.73327413838898,0.007918189953304325,0.004668431039766015,-40.73184509815769,-0.04969144157143045,-0.13887344235757326,-16.624394678990583,89.46135513988833,-21.2113234702668,87.25464362729186,-24.773658170473944
1.424,-0.042086763400561764,-0.11731621340059133,-18.08705807562821,0.007915116728652137,0.004658222524451667,-40.739246446986435,0.00791759127056218,0.0046569709053865885,-40.73782973801896,-0.049244462838238266,-0.13949824032129426,-16.59857890784641,89.52064414151764,-21.335885948085373,87.30258682548745,-24.902091166727594
1.4248,-0.04162263571530561,-0.1179173353996079,-18.058481804889773,0.007914514113719602,0.0046467768215312484,-40.7452253421575,0.007917016485084966,0.004645444234599435,-40.743821420344695,-0.04880349623398018,-0.14012826918067245,-16.57227792241051,89.57857779151117,-21.461323876348825,87.34911636872198,-25.03129280513055
1.4256,-0.04116434543865134,-0.1185237160327046,-18.029297575647238,0.007913934526918586,0.004635265577505803,-40.75121146703636,0.007916464278188979,0.0046338514911524655,-40.749820785456095,-0.048368568127910364,-0.14076346440766876,-16.545503716955583,89.63514806546075,-21.587622105577502,87.39422536300728,-25.161246887812023
1.4264000000000001,-0.040711918437585475,-0.1191352933683318,-17.99952144702353,0.007913376669371674,0.00462368924861451,-40.757205454985396,0.007915933344079716,0.004622193145845758,-40.755828463669495,-0.04793970429391247,-0.14140376158352488,-16.518268272564622,89.69034711414179,-21.714765394934112,87.437907110175,-25.291937141154882
1.4272,-0.04026538002365932,-0.11975200558293948,-17.96916946990063,0.00791283925476874,0.004612048297870171,-40.76320792972051,0.007915422389800586,0.004610469676435877,-40.76184507542196,-0.04751692991482492,-0.14204909640239052,-16.490583545812388,89.74416726521534,-21.842738414650963,87.48015510931417,-25.42334721866838
1.428,-0.039824754957079364,-0.12037379096408424,-17.938257668197465,0.007912321009312601,0.004600343194969689,-40.76921950543494,0.007914930135182388,0.004598681567540793,-40.767871231395354,-0.04710026958676283,-0.14269940467489847,-16.46246145788679,89.79660102488587,-21.971525748496287,87.52096305815306,-25.55546070389471
1.4288,-0.03939006745079156,-0.12100058791348577,-17.906802020922274,0.007911820671665513,0.004588574416205282,-40.77524078692149,0.007914455312793623,0.004586829310545507,-40.773907532638844,-0.046689747323439036,-0.14335462233168253,-16.433913884157604,89.84764107951297,-22.101111896277633,87.56032485438507,-25.68826111334734
1.4296,-0.03896134117455818,-0.12163233495003441,-17.874818445015357,0.007911336992896655,0.004576742444376432,-40.78127236969311,0.007913996667891573,0.004574913403508301,-40.7799545706899,-0.0462853865604825,-0.1440146854268412,-16.404952644197735,89.8972802971767,-22.231481276381853,87.59823459693686,-25.821731899480046
1.4304000000000001,-0.03853859925902558,-0.12226897071275229,-17.84232277899405,0.007910868736430418,0.004564847768702458,-40.78731484010201,0.007913552958374159,0.004562934351067572,-40.78601292769381,-0.0458872101597527,-0.1446795301413489,-16.375589492260602,89.94551172919533,-22.362618228350744,87.63468658717923,-25.9558564536857
1.4312,-0.038121864299785854,-0.1229104339637041,-17.809330767408188,0.007910414677995612,0.004552890884735804,-40.79336877545711,0.007913122954732536,0.004550892664349291,-40.79208317652161,-0.04549524041365269,-0.14534909278641064,-16.345836108215725,89.99232861159493,-22.49450701549069,87.66967533007914,-26.09061810932279
1.432,-0.03771115836142828,-0.1235566635908627,-17.775858046110248,0.00790997360557548,0.004540872294275905,-40.79943474414001,0.007912705440004416,0.004538788860874981,-40.79816588088655,-0.04510949904943666,-0.14602330980676598,-16.315704088942603,90.03772436652984,-22.627131827516052,87.70319553529261,-26.22600014476902
1.4328,-0.037306502981583556,-0.12420759861092634,-17.74192012834133,0.00790954431935856,0.00452879250528369,-40.80551330571926,0.0079122992097281,0.0045266234644702795,-40.804261595459046,-0.04473000723351475,-0.14670211778393838,-16.285204940181977,90.08169260365331,-22.760476783224437,87.73524211819772,-26.361985786500068
1.4336,-0.03690791917495915,-0.1248631781720891,-17.707532391630657,0.007909125631690366,0.0045166520317966845,-40.811605011063286,0.007911903071897222,0.004514397005174012,-40.81037086598008,-0.04435678557575358,-0.14738545343943135,-16.254350068841838,90.12422712143736,-22.894525933203102,87.76581020086738,-26.498558212192208
1.4344000000000001,-0.03651542743736466,-0.12552334155676645,-17.672710065503264,0.007908716367025842,0.0045044513938446145,-40.817710402451496,0.007911515846916111,0.004502110019147737,-40.81649422937314,-0.043989854133771045,-0.14807325363787474,-16.223150775754146,90.16532190844148,-23.02926326256556,87.79489511298073,-26.635700553847904
1.4352,-0.03612904774972961,-0.12618802818427324,-17.637468219988044,0.007908315361882598,0.00449219111736562,-40.82383001368409,0.007911136367555862,0.004489763048585835,-40.82263221385465,-0.04362923241722768,-0.14876545539011604,-16.19161824887764,90.2049711445292,-23.164672693716586,87.82249239267357,-26.77339590094204
1.436,-0.035748799582109955,-0.12685717761345783,-17.601821754915406,0.007907921464794918,0.004479871734122943,-40.829964370190154,0.007910763478911027,0.004477356641625992,-40.828785339042895,-0.04327493939211115,-0.14946199585626288,-16.159763556940067,90.2431692020318,-23.30073808914517,87.84859778732618,-26.911627303588272
1.4368,-0.03537470189768642,-0.12753072954529013,-17.565785389991795,0.007907533536268486,0.004467493781622123,-40.836113989134326,0.007910396038356889,0.004464891352260188,-40.8349541160655,-0.042926993485016225,-0.15016281234867251,-16.12759764351313,90.27991064685891,-23.437443254243725,87.87320725428934,-27.0503777757234
1.4376,-0.03500677315675248,-0.12820862382540468,-17.529373655636117,0.007907150448735849,0.004455057803028694,-40.84227937952183,0.007910032915507363,0.004452367740246079,-40.841139047665386,-0.04258541258741849,-0.15086784233489106,-16.095131321511726,90.31519023955501,-23.574771940152353,87.89631696154696,-27.189630298308536
1.4384000000000001,-0.03464503132069158,-0.1288908004466014,-17.49260088456104,0.007906771086512594,0.00444256434708629,-40.84846104230215,0.007909672992173484,0.004439786371018796,-40.84734062830529,-0.042250214059940984,-0.15157702344054325,-16.062375268108728,90.3490029363012,-23.71270784662752,87.91792328831583,-27.32936782254583
1.4392,-0.034289493855945444,-0.1295771995512997,-17.455481204081007,0.007906394345754172,0.004430013968035252,-40.85465947047102,0.007909315162322414,0.004427147815603151,-40.853559344270806,-0.04192141473661571,-0.15229029345216993,-16.02934002005567,90.38134388986212,-23.85123462493292,87.93802282558164,-27.469573273108598
1.44,-0.033940177737970326,-0.13026776143395163,-17.418028529126726,0.007906019134413451,0.004417407225531595,-40.86087514917108,0.007908958332037025,0.004414452650526206,-40.85979567377198,-0.041599030929136464,-0.15300759032001912,-15.996035969398887,90.41220845047714,-23.990335880752284,87.95661237657139,-27.610229551384467
1.4408,-0.03359709945518366,-0.13096242654341045,-17.380256555945074,0.007905644372198858,0.004404744684566426,-40.86710855579091,0.007908601419475999,0.004401701457730204,-40.86605008704347,-0.04128307843110561,-0.15372885216078477,-15.962473359580438,90.4415921666953,-24.12999517712209,87.97368895716131,-27.751319538728783
1.4416,-0.03326027501289966,-0.1316611354852562,-17.342178756462236,0.007905268990533199,0.004392026915385724,-40.87336016006263,0.0079082433548344,0.00438889482448587,-40.872323046443306,-0.040973572522273294,-0.15445401726029767,-15.928662281912334,90.46949078615393,-24.27019603738322,87.98924979622099,-27.89282609972758
1.4424000000000001,-0.03292971993725311,-0.13236382902408114,-17.303808373286735,0.00790489193251308,0.00437925449341048,-40.87963042415816,0.007907883080304785,0.004376033343306008,-40.878615006550135,-0.04067052797276761,-0.15518302407616935,-15.894612672412249,90.49590025629993,-24.410921948150555,88.00329233589241,-28.034732085468793
1.4432,-0.03260544927911293,-0.1330704480857296,-17.265158415328845,0.007904512152868927,0.004366427999157218,-40.88591980278375,0.007907519550038714,0.004363117611859457,-40.88492641425916,-0.04037395904731828,-0.15591581124038467,-15.860334308988833,90.52081672505412,-24.55215636229834,88.01581423180492,-28.177020336819137
1.444,-0.032287477617983215,-0.13378093375950031,-17.226241654011623,0.007904128617925573,0.0043535480181588196,-40.892228743273336,0.007907151730108784,0.00435014823288531,-40.89125770887662,-0.04008387950947034,-0.15665231756185016,-15.825836808963938,90.54423654141736,-24.693882701961243,88.02681335322508,-28.3196736877066
1.4448,-0.031975819065893286,-0.13449522730030466,-17.187070620049145,0.00790374030556344,0.004340615140885686,-40.89855768568032,0.007906778598471019,0.004337125814107464,-40.89760932221288,-0.039800302625789936,-0.15739248202889256,-15.79112962691946,90.5661562560188,-24.83608436154849,88.03628778314182,-28.462674968405768
1.4456,-0.03167048727127606,-0.1352132701307843,-17.147657600766788,0.007903346205180222,0.004327629962667215,-40.90490706286798,0.007906399144927728,0.004324050968149434,-40.90398167867419,-0.03952324117006125,-0.15813624381171024,-15.756222052855959,90.58657262160597,-24.97874471077063,88.04423581828692,-28.6060070088251
1.4464000000000001,-0.03137149542283341,-0.13593500384339052,-17.10801463793828,0.00790294531765314,0.004314593083613534,-40.911277300598414,0.00790601237109071,0.004310924312449415,-40.910375195353055,-0.03925270742747305,-0.15888354226478055,-15.721123210650148,90.60548259347594,-25.121847097677545,88.05065596909054,-28.749652641794853
1.4472,-0.031078856253390692,-0.13666037020242058,-17.068153526114674,0.007902536655301674,0.004301505108537557,-40.91766881762017,0.007905617290344892,0.004297746469175652,-40.916790282117205,-0.03898871319879715,-0.15963431692921703,-15.685842056798657,90.62288332984777,-25.26537485170563,88.05554695957197,-28.89359470635328
1.448,-0.030792582043737693,-0.13738931114601674,-17.02808581141994,0.007902119241850792,0.004288366646877256,-40.92408202575445,0.007905212927812254,0.004284518065141988,-40.923227341697306,-0.038731269804555386,-0.16038850753508466,-15.650387379434953,90.63877219217594,-25.409311286733843,88.05890772716599,-29.037816051030827
1.4488,-0.030512684626457717,-0.13812176878812457,-16.987822790788492,0.007901692112394686,0.004275178312618212,-40.93051732997993,0.007904798320316146,0.004271239731723703,-40.92968676977332,-0.03848038808917784,-0.16114605400366666,-15.614767797606905,90.65314674540456,-25.55363970414641,88.06073742248435,-29.182299537129655
1.4496,-0.030239175389744175,-0.13885768542041224,-16.947375511620148,0.007901254313360903,0.004261940724216416,-40.936975128516224,0.007904372516345903,0.004257912104773557,-40.936168955059486,-0.03823607842515006,-0.1619068964496869,-15.578991760802197,90.66600475816234,-25.6983433959012,88.06103540901327,-29.327028041997615
1.4504000000000001,-0.02997206528120344,-0.13959700351415255,-16.90675477182818,0.007900804902474983,0.004248654504521244,-40.94345581290607,0.007903934576021777,0.004244535824538038,-40.94267427938811,-0.03799835071714923,-0.16267097518348908,-15.543067548709018,90.67734420289818,-25.843405647602687,88.05980126274652,-29.471984462295453
1.4512,-0.02971136481164586,-0.14033966572206438,-16.86597112025706,0.00790034294872547,0.0042353202806987116,-40.94995976809611,0.007903483571060133,0.004231111535573838,-40.94920311779198,-0.037767214406170466,-0.16343823071316863,-15.507003271199885,90.6871632559571,-25.98880974157728,88.05703477175486,-29.617151717254803
1.452,-0.02945708405886247,-0.141085614880119,-16.82503485744635,0.007899867532329342,0.004221938684154864,-40.95648737251639,0.00790301858473895,0.004217639886664505,-40.95575583858553,-0.03754267847364081,-0.16420860374666352,-15.470806868526154,90.69546029759711,-26.13453895995092,88.05273593569169,-29.762512751926728
1.4528,-0.029209232671389206,-0.14183479400930676,-16.78395603671841,0.007899377744697858,0.00420851035045941,-40.963038998158524,0.007902538711863525,0.004204121530737297,-40.962332803444774,-0.037324751445522594,-0.1649820351937993,-15.434486111711589,90.70223391194628,-26.28057658772637,88.04690496523556,-29.908050540418287
1.4536,-0.02896781987225761,-0.14258714631736655,-16.7427444655678,0.007898872688402713,0.004195035919269521,-40.969615010652646,0.007902043058732464,0.00419055712478023,-40.968934367485936,-0.03711344139640507,-0.16575846616829132,-15.398048603133143,90.70748288690068,-26.426905915859468,88.03954228146972,-30.053748089116244
1.4544000000000001,-0.028732854462731206,-0.14334261520048064,-16.701409707330853,0.007898351477142608,0.0041815160342537775,-40.976215769343,0.007901530743103838,0.004176947329759258,-40.975560879342936,-0.03690875595358354,-0.1665378379897052,-15.361501777277567,90.7112062139628,-26.573510244333256,88.0306485151992,-30.199588439896644
1.4552,-0.028504344826029267,-0.1441011442449297,-16.65996108311507,0.007897813235710135,0.004167951343016322,-40.98284162736231,0.007901000894161578,0.004163292810535684,-40.982212681243546,-0.036710702301127274,-0.16732009218537225,-15.324852901662918,90.71340308802102,-26.720372885227718,88.02022450620575,-30.345554673317974
1.456,-0.02828229893103559,-0.1448626772287152,-16.618407673967972,0.007897257099958949,0.004154342497021119,-40.98949293170497,0.007900452652482046,0.004149594235783663,-40.988890109084394,-0.036519287183934254,-0.1681051704922661,-15.288109077913889,90.71407290706992,-26.867477165785022,88.00827130244127,-30.49162991179792
1.4568,-0.02806672433599403,-0.1456271581231433,-16.57675832326649,0.007896682216771311,0.004140690151516386,-40.99617002329882,0.007899885170000748,0.004135852277907914,-40.995593492504845,-0.0363345169117738,-0.16889301485883437,-15.251277242980791,90.71321527187185,-27.014806431467708,87.99479015915998,-30.63779732277075
1.4576,-0.027857628192189753,-0.1463945310943739,-16.53502163930821,0.007896087744025846,0.004126994965459166,-41.002873237075946,0.007899297609979225,0.004122067612961566,-41.002323154959576,-0.03615639736331643,-0.16968356744678978,-15.214364170491885,90.71082998555958,-27.162344049009214,87.97978253799025,-30.784040121824965
1.4584000000000001,-0.02765501724761577,-0.1471647405049363,-16.493205998086708,0.007895472850565612,0.004113257601439994,-41.00960290204209,0.007898689146972069,0.004108240920564126,-41.00907941379006,-0.035984933990150174,-0.17047677063286196,-15.177376472229195,90.70691705318134,-27.310073409455697,87.96325010594632,-30.930341575819995
1.4592,-0.027458897850625823,-0.14793773091520726,-16.45131954623413,0.007894836716166415,0.00409947872560773,-41.01635934134493,0.007898058966794045,0.004094372883819629,-41.015862580294936,-0.0358201318207844,-0.1712725670105053,-15.14032059971861,90.70147668118672,-27.45797793119661,87.9451947343805,-31.076685005979474
1.46,-0.02726927595357197,-0.14871344708485743,-16.40937020411457,0.007894178531505355,0.004085659007594462,-41.02314287234127,0.007897406266487337,0.004080464189234877,-41.02267295979914,-0.035661995464639454,-0.17207089939156964,-15.103202845924837,90.6945092768559,-27.606041062984403,87.92561849787707,-31.223053790961245
1.4608,-0.02708615711642812,-0.14949183397426183,-16.367365669052933,0.007893497498129592,0.004071799120440541,-41.0299538066629,0.007896730254288853,0.004066515526637849,-41.029510851722016,-0.03551052911602316,-0.1728717108079289,-15.066029347042713,90.68601544767066,-27.754246286940596,87.90452367308755,-31.369431369901637
1.4616,-0.02690954651039867,-0.15027283674587658,-16.325313418684566,0.00789279282842532,0.004057899740519731,-41.0367924502815,0.007896030149597614,0.0040525275890962295,-41.0363765496443,-0.035365736558093386,-0.17367494451307003,-15.0288060843764,90.67599600062893,-27.902577121547658,87.88191273750904,-31.515801245433135
1.4624000000000001,-0.026739448921511963,-0.15105640076558435,-16.283220714411424,0.00789206374558692,0.004043961547464397,-41.04365910357228,0.007895305182942201,0.004038501072836025,-41.04327034137397,-0.03522762116680613,-0.17448054398364454,-14.991538886298253,90.66445194150239,-28.051017124625695,87.85778836820573,-31.662146986674603
1.4632,-0.026575868754199344,-0.1518424716040033,-16.241094604951897,0.007891309483586302,0.0040299852240908655,-41.05055406137656,0.007894554595948235,0.004024436677160375,-41.05019250901102,-0.035096185914849996,-0.17528845292097858,-14.954233430279961,90.65138447403821,-28.199549896291717,87.8321534404747,-31.80845223219204
1.464,-0.02641881003485845,-0.15263099503776692,-16.198941929971358,0.00789052928714238,0.004015971456324785,-41.05747761306326,0.00789377764130587,0.004010335104368405,-41.05714332901129,-0.03497143337556562,-0.17609861525254678,-14.916895244988304,90.63679499910486,-28.34815908190146,87.80501102645647,-31.954700692929347
1.4648,-0.026268276415401876,-0.15342191705076863,-16.156769323781933,0.007889722411690702,0.0040019209331266315,-41.06443004258928,0.007892973582737313,0.003996197059674255,-41.06412307224903,-0.034853365726850924,-0.1769109751334064,-14.8795297124387,90.620685113783,-28.49682837497148,87.77636439369147,-32.10087615510751
1.4656,-0.026124271176790385,-0.15421518383537539,-16.11458321910012,0.007888888123353213,0.00398783434641726,-41.071411628558785,0.007892141694964322,0.003982023251126202,-41.07113200407869,-0.03474198475505126,-0.17772547694759339,-14.84214207019986,90.60305661040157,-28.64554152008094,87.74621700362309,-32.246962483091025
1.4664000000000001,-0.02598679723255043,-0.15501074179361027,-16.072389850851803,0.0078880256989081,0.003973712391003523,-41.07842264428154,0.007891281263675692,0.003967814389525884,-41.07817038439545,-0.03463729185883463,-0.1785420653094832,-14.804737413643013,90.58391147551998,-28.79428231575185,87.71457251004807,-32.39294362222107
1.4672,-0.02585585713227666,-0.15580853753830154,-16.03019526001496,0.007887134425759751,0.003959555764503989,-41.085463357830065,0.007890391585494703,0.003953571188347674,-41.08523846769487,-0.03453928805305188,-0.17936068506511094,-14.76732069823001,90.56325188885675,-28.943034617306143,87.68143475751567,-32.53880360161314
1.468,-0.025731453065118433,-0.15660851789420355,-15.98800529749055,0.007886213601908797,0.003945365167274681,-41.092534032095855,0.007889471967946517,0.003939294363658124,-41.09233650313162,-0.03444797397258125,-0.1801812812934583,-14.729896741834247,90.54108022216532,-29.09178233969924,87.64680777967561,-32.6845265369193
1.4688,-0.025613586863250822,-0.1574106298990841,-15.94582562799333,0.007885262535922193,0.003931141302334914,-41.09963492484457,0.0078885217294255,0.003924984634035553,-41.09946473457701,-0.034363349876157606,-0.1810037993077021,-14.692470227089254,90.51739903805775,-29.240509460328013,87.61069579757684,-32.83009663305328
1.4696,-0.02550226000533,-0.15821482080478205,-15.903661733954277,0.007884280546903386,0.003916884875293191,-41.106766288770196,0.007887540199162497,0.003910642720489757,-41.106623400675765,-0.03428541565018612,-0.18182818465642578,-14.655045703759836,90.49221108877683,-29.389200021812623,87.57310321791728,-32.975498186877225
1.4704000000000002,-0.025397473619932352,-0.1590210380782367,-15.8615189194272,0.00788326696446247,0.0039025965942731146,-41.113928371548255,0.007886526717191977,0.003896269346381773,-41.11381273490178,-0.03421417081253962,-0.18265438312479862,-14.617627591130752,90.46551931491757,-29.53783813475145,87.53403463124586,-33.12071558985016
1.4712,-0.025299228488978132,-0.15982922940248387,-15.819402313992764,0.0078822211286864,0.0038882771698394293,-41.12112141588802,0.007885480634319098,0.003881865237343848,-41.12103296561288,-0.03414961451634058,-0.18348234073571548,-14.580220180408768,90.43732684409838,-29.68640798044685,87.49349481011785,-33.265733330635555
1.472,-0.025207525051138685,-0.16063934267762586,-15.777316876653234,0.007881142390109204,0.003873927314924038,-41.12834565958381,0.007884401312086634,0.003867431121199438,-41.12828431610478,-0.03409174555372632,-0.18431200375090498,-14.542827637133444,90.40763698958314,-29.834893813602193,87.45148870720469,-33.41053599766889
1.4727999999999999,-0.025122363405227822,-0.16145132602176998,-15.735267399712214,0.007880030109682154,0.0038595477447521294,-41.13560133556529,0.00788328812274182,0.003852967727883376,-41.13556700466401,-0.034040562359598354,-0.18514331867200068,-14.505454003593016,90.37645324885465,-29.98327996498797,87.40802145335893,-33.55510828168268
1.4736,-0.02504374331357686,-0.16226512777193888,-15.693258512633854,0.007878883658743969,0.0038451391767683352,-41.142888671946885,0.007882140449202962,0.003838475789362138,-41.142881244620035,-0.033996063015355134,-0.1859762322415793,-14.468103201241425,90.34377930214033,-30.131550844076497,87.36309835563591,-33.69943497818923
1.4744000000000002,-0.0249716642053936,-0.16308069648495205,-15.651294685876437,0.00787770241899093,0.003830702330562949,-41.15020789207628,0.007880957685025983,0.003823956039554243,-41.15022724439645,-0.03395824525260805,-0.1868106914441637,-14.430779033113135,90.3096190108912,-30.27969094164417,87.3167248952729,-33.84350098991955
1.4752,-0.0249061251801047,-0.16389798093827912,-15.609380234695855,0.007876485782446978,0.0038162379277981917,-41.15755921458199,0.007879739234370749,0.0038094092142507644,-41.15760520756132,-0.033927106456880844,-0.1876466435071932,-14.393485186232438,90.27397641621461,-30.427684832340276,87.26890672562705,-33.987291329218145
1.476,-0.024847125010681818,-0.16471693013086627,-15.567519322914622,0.007875233151433724,0.003801746692134518,-41.16494285342,0.007878484511967222,0.0037948360510359548,-41.16501533287667,-0.0339026436712922,-0.18848403590196128,-14.356225234014184,90.2368557372617,-30.57551717722155,87.21964967007294,-34.130791120392665
1.4768,-0.0247946621469513,-0.1655374932839326,-15.525715966652857,0.007873943938540408,0.0037872293491570015,-41.17235901791972,0.007877192943081427,0.003780237289208031,-41.17245781434715,-0.033884853600221025,-0.18932281634451825,-14.31900263865331,90.19826136957104,-30.723172726251203,87.16895971986143,-34.27398560201742
1.4776,-0.024748734718887236,-0.16635961984174139,-15.483974038017529,0.007872617566593744,0.0037726866263017556,-41.17980791282882,0.007875863963481207,0.003765613669700061,-41.1799328412678,-0.0338737326129549,-0.19016293279654325,-14.281820753500352,90.15819788336823,-30.87063632076199,87.11684303194048,-34.41686012919055
1.4784000000000002,-0.02470934053988801,-0.16718325947234225,-15.442297268747055,0.00787125346862768,0.003758119252782421,-41.1872897383574,0.007874497019401766,0.0037509659350010113,-41.18744059827109,-0.033869276747321105,-0.1910043334661825,-14.24468282542077,90.11667002182368,-31.017892895882095,87.06330592673945,-34.55940017574377
1.4792,-0.02467647711003614,-0.16800836206828804,-15.40068925380832,0.007869851087853019,0.003743527959516703,-41.19480469022126,0.00787309156751099,0.0037362948290769076,-41.19498126537312,-0.033871481713300206,-0.19184696680885646,-14.207591997135678,90.07368269926832,-31.164927482923282,87.00835488591767,-34.70159133640407
1.48,-0.024650141619341332,-0.1688348777473254,-15.359153454943675,0.007868409877626933,0.003728913479052952,-41.20235295968438,0.007871647074874515,0.0037216010972921433,-41.202555018018984,-0.03388034289662224,-0.1926907815280363,-14.170551309542049,90.02924099936924,-31.31172521173048,86.95199655007895,-34.84341932890728
1.4808,-0.0246303309509669,-0.16966275685305723,-15.317693204165836,0.007866929301422337,0.003714276545496835,-41.20993473360055,0.00787016301892056,0.0037068854863309478,-41.21016202712745,-0.03389585536234514,-0.1935357265759868,-14.13356370401061,89.98335017326542,-31.458271312991673,86.89423771645306,-34.984869996061974
1.4816,-0.02461704168443928,-0.17049194995558142,-15.276311707198547,0.007865408832797089,0.0036996178944380437,-41.21755019445418,0.00786863888740449,0.003692148744118991,-41.21780245913484,-0.033918013858415516,-0.1943817511544807,-14.09663202465963,89.93601563766505,-31.604551120507786,86.83508533654516,-35.125929307764025
1.4824,-0.024610270098840616,-0.1713224078521016,-15.235012046861527,0.007863847955363051,0.003684938262877096,-41.225199520400466,0.007867074178373115,0.0036773916197451635,-41.22547647603803,-0.033946812819211414,-0.19522880471547976,-14.059759020603142,89.88724297290531,-31.750550073421525,86.77454651375486,-35.26658336296061
1.4832,-0.024610012175984467,-0.17215408156751558,-15.193797186398054,0.007862246162754945,0.003670238389152155,-41.23288288530461,0.007865468400128722,0.0036626148633834717,-41.23318423543701,-0.03398224636906731,-0.19607683696178943,-14.0229473481721,89.83703792097552,-31.89625371840493,86.71262850096565,-35.40681839156404
1.484,-0.024616263603574558,-0.17298692235497543,-15.15266997274421,0.007860602958599049,0.0036555190128659855,-41.24060045878042,0.007863821071192793,0.003647819226215165,-41.24092589057633,-0.034024308325780836,-0.19692579784767905,-13.986199573107436,89.78540638350479,-32.04164771180416,86.64933869810655,-35.54662075631389
1.4848,-0.024629019778346393,-0.1738208816964255,-15.111633139738494,0.007858917856481677,0.003640780874812915,-41.24835240622805,0.007862131720269424,0.0036330054603509617,-41.24870159038619,-0.03407299220410144,-0.1977756375794767,-13.94951817272365,89.73235441971536,-32.18671782174189,86.58468464968638,-35.6859769545879
1.4856,-0.024648275809191926,-0.17465591130311472,-15.070689311271186,0.007857190379917452,0.003626024716905922,-41.25613888887111,0.007860399886208479,0.003618174318753505,-41.25651147952258,-0.034128291219200725,-0.19862630661613212,-13.912905538042127,89.67788824434247,-32.33144993017593,86.51867404230285,-35.82487362016093
1.4864,-0.024674026520267005,-0.1754919631160834,-15.029841004372788,0.007855420062317355,0.003611251282103804,-41.26396006379298,0.007858625117968386,0.0036033265551599844,-41.26435569840681,-0.034190198290124374,-0.1994777556697503,-13.8763639758933,89.6220142255218,-32.47583003491358,86.4513147021271,-35.96329752491118
1.4872,-0.024706266454081704,-0.1763289893066296,-14.989090632240835,0.007853606446956561,0.0035964613143383783,-41.27181608397244,0.007856806974578601,0.0035884629240049205,-41.27223438326443,-0.03425870604322567,-0.20032993570609994,-13.83989571098667,89.56473888264581,-32.61984425158185,86.3826145923651,-36.101235580474594
1.488,-0.024744989874573468,-0.17716694227674773,-14.948440507205119,0.00785174908694199,0.00358165555844185,-41.27970709831864,0.00785494502510178,0.0035735841803431916,-41.280147666163344,-0.034333806815580445,-0.20118279794508864,-13.803502887948436,89.50606888419014,-32.76347881555205,86.31258181069713,-36.23867483984539
1.4888,-0.02479019077016302,-0.1780057746595471,-14.907892843630732,0.007849847545179657,0.003566834760074203,-41.28763325170529,0.007853038848595572,0.003558691079773206,-41.28809567505135,-0.03441549265838332,-0.20203629386121494,-13.767187573325675,89.4460110455103,-32.90672008381895,86.24122458669679,-36.3756024989244
1.4896,-0.02484186285679301,-0.17884543931964564,-14.867449760759177,0.007847901394341727,0.003551999665650729,-41.29559468500426,0.007851088034074085,0.0035437843783603165,-41.29607853379304,-0.03450375534032537,-0.20289037518398936,-13.730951757557078,89.38457232661129,-33.049554536833874,86.16855127923066,-36.5120058980133
1.4904,-0.024899999580949267,-0.1796858893535402,-14.827113285487464,0.007845910216833297,0.0035371510222696675,-41.303591535118535,0.00784909218046899,0.0035288648325604573,-41.304096362205996,-0.03459858635095268,-0.203744993898329,-13.694797356909518,89.32175982988964,-33.191968780290935,86.09457037383982,-36.64787252325559
1.4912,-0.024964594122664913,-0.18052707808995672,-14.7868853550853,0.007843873604758933,0.003522289577639907,-41.31162393501434,0.007847050896590251,0.0035139331991439395,-41.31214927609647,-0.03469997690400643,-0.2046001022449267,-13.658726215380268,89.25758079785031,-33.3339495468669,86.01929048010444,-36.78319000802398
1.492,-0.025035639398506917,-0.1813689590901752,-14.746767819850808,0.007841791159888851,0.003507416080008863,-41.319692013752885,0.007844963801086471,0.0034989902351195636,-41.320237387294334,-0.034807917940743525,-0.20545565272059044,-13.622740106564706,89.19204261079848,-33.47548369791304,85.94272032899313,-36.9179461342536
1.4928,-0.025113128064545402,-0.18221148614833496,-14.706762445704944,0.007839662493624866,0.0034925312780904163,-41.32779589652131,0.007842830522404927,0.0034840366976588784,-41.32836080368746,-0.03492240013323869,-0.20631159807855973,-13.586840735489183,89.12515278450843,-33.61655822510001,85.86486877019748,-37.052128833721696
1.4936,-0.025197052519305506,-0.18305461329171696,-14.666870916725198,0.00783748722696599,0.003477635920993013,-41.33593570466299,0.007840650698751131,0.0034690733440207347,-41.33651962925559,-0.03504341388766713,-0.20716789132879376,-13.551029740409108,89.05691896786952,-33.757160252014216,85.78574476945393,-37.18572618927308
1.4944,-0.02528740490670166,-0.18389829478100378,-14.627094837619062,0.00783526499047373,0.003462730758147902,-41.34411155570735,0.00783842397804806,0.0034541009314760828,-41.34471396410349,-0.03517094934756794,-0.20802448573823346,-13.515308694572186,88.98734894051155,-33.89727703570608,85.70535740585375,-37.318726435991564
1.4952,-0.025384177118954753,-0.18474248511052122,-14.58743573613771,0.007832995424237052,0.0034478165392374605,-41.35232356339901,0.007836150017894965,0.003439120217232991,-41.35294390449366,-0.03530499639708872,-0.20888133483104074,-13.47967910794668,88.91645061040938,-34.0368959681901,85.62371586914205,-37.45111796231767
1.496,-0.025487360799491352,-0.18558713900845514,-14.54789506543081,0.00783067817783702,0.003432894014123733,-41.36057183772635,0.007833828485525798,0.003424131958361983,-41.36120954287829,-0.03544554466421034,-0.20973839238880898,-13.444142428915058,88.8442320114693,-34.17600457789561,85.54082945700783,-37.5828893111119
1.4968,-0.02559694734582589,-0.18643221143705102,-14.50847420634286,0.00782831291031109,0.003417963932777052,-41.36885648494945,0.007831459057767191,0.003409136911721583,-41.36951096793098,-0.03559258352395277,-0.21059561245075242,-13.408700045932791,88.77070130109708,-34.31459053106918,85.45670757236562,-37.714029180664824
1.4976,-0.025712927912425073,-0.18727765759279086,-14.469174469652055,0.007825899290117047,0.0034030270452048562,-41.37717760762758,0.007829041420996087,0.0033941358338841925,-41.377848264577544,-0.03574610210156132,-0.21145294931386815,-13.373353289152794,88.69586675774944,-34.45264163312746,85.37135972063024,-37.84452642565264
1.4984,-0.02583529341355464,-0.18812343290654981,-14.429997098252352,0.00782343699509661,0.00338808410138068,-41.38553530464604,0.007826575271096885,0.0033791294810622424,-41.386221514026566,-0.03590608927567325,-0.21231035753307448,-13.338103432015533,88.61973677847035,-34.590145829960974,85.2847955069857,-37.97437005803931
1.4992,-0.025964034526109046,-0.18896949304373495,-14.390943269279514,0.007820925712438646,0.003373135851173261,-41.39392967124242,0.007824060313418198,0.0033641186090346002,-41.3946307937993,-0.03607253368146532,-0.2131677919213272,-13.302951692804992,88.54231987641222,-34.72709120918862,85.19702463364966,-38.10354924792557
1.5,-0.026099141692422993,-0.1898157939044014,-14.352014096182192,0.007818365138642027,0.003358183044275895,-41.40236079903246,0.007821496262729202,0.0033491039730733554,-41.40307617775906,-0.036245423713781165,-0.2140252075497095,-13.267899236170987,88.46362467834452,-34.86346600136256,85.10805689713439,-38.2320533243439
1.5008,-0.026240605123065988,-0.19066229162335166,-14.313210630738684,0.007815754979478118,0.003343226430135909,-41.410828776035224,0.007818882843175513,0.0033340863278708377,-41.41155773614014,-0.03642474753023962,-0.21488255974750095,-13.232947174617882,88.3836599221496,-34.99925858112384,85.01790218550539,-38.35987177600095
1.5016,-0.02638841479961886,-0.19150894257021386,-14.274533865020544,0.007813094949952868,0.003328266757884368,-41.419333686697854,0.007816219788234643,0.003319066427467008,-41.42007553557623,-0.036610493054323096,-0.21573980410222213,-13.19809656996025,88.30243445430781,-35.1344574683082,84.92657047563917,-38.48699425196676
1.5024000000000002,-0.0265425604774329,-0.1923557033495017,-14.235984733303786,0.007810384774268522,0.0033133047762659803,-41.427875611919774,0.007813506840671067,0.00330404502517717,-41.4286296391283,-0.03680264797844609,-0.2165968964596562,-13.163348434745716,88.21995722737266,-35.26905132900264,84.83407183048085,-38.61341056231136
1.5032,-0.02670303168837138,-0.19320253080065528,-14.19756411392877,0.007807624185784943,0.0032983412335691837,-41.43645462907643,0.007810743752490756,0.0032890228735200032,-41.43722010631208,-0.037001199767004334,-0.21745379292384945,-13.128703733645379,88.13623729743676,-35.40302897655222,84.74041639630306,-38.739110678689144
1.504,-0.026869817743533628,-0.19404938199806485,-14.159272831109611,0.007804812926980512,0.003283376877556464,-41.44507081204247,0.007807930284895359,0.003274000724145938,-41.445846993124995,-0.037206135659404053,-0.2183104498570889,-13.094163384812239,88.05128382159052,-35.536379372517715,84.64561439996707,-38.86408473487119
1.5048,-0.02704290773596126,-0.19489621425107434,-14.121111656694257,0.007801950749412654,0.003268412455394895,-41.45372423121447,0.007805066208235877,0.0032589793277659164,-41.45451035207266,-0.03741744267307123,-0.21916682387985773,-13.059728261208075,87.9651060553736,-35.669091627583704,84.54967614618718,-38.98832302722579
1.5056,-0.027222290543326994,-0.19574298510396793,-14.08308131187611,0.007799037413677925,0.0032534487135869017,-41.46241495353328,0.007802151301965927,0.0032439594340804823,-41.46321023219495,-0.037635107606441266,-0.22002287187077005,-13.025399191899126,87.87771335022133,-35.80115500241744,84.45261201479987,-39.11181601514775
1.5064000000000002,-0.027407954830605718,-0.19658965233593825,-14.045182468858224,0.007796072689371714,0.0032384863979012875,-41.4711430425057,0.00779918535459452,0.0032289417917092693,-41.47194667909162,-0.037859117041928465,-0.22087855096648296,-12.991176963321147,87.78911515090616,-35.93255890847846,84.35443245803815,-39.23455432143665
1.5072,-0.027599889052728126,-0.19743617396103794,-14.007415752471047,0.0077930563550475005,0.0032235262533044685,-41.47990855822587,0.007796168163638432,0.003213927148120853,-41.48071973494741,-0.03808945734887591,-0.22173381856158894,-12.957062320514176,87.6993209929758,-36.06329290877952,84.25514799781274,-39.35652873262461
1.508,-0.027798081457216815,-0.19828250822811347,-13.969781741744749,0.007789988198175689,0.003208569023891979,-41.488711557396186,0.007793099535574066,0.003198916249562989,-41.4895294385568,-0.03832611468648557,-0.2225886323084878,-12.923055968327546,87.60834050018899,-36.19334671859854,84.15476922300054,-39.47773019925414
1.5088,-0.028002520086804556,-0.19912861362072146,-13.932280971437143,0.0077868680151020435,0.0031936154528202573,-41.49755209334768,0.007789979285788919,0.003183909840993268,-41.498375825348354,-0.03856907500672789,-0.22344295011723672,-12.889158572595644,87.51618338194973,-36.32271020614194,84.05330678674196,-39.59814983610603
1.5096,-0.02821319278203519,-0.19997444885702845,-13.894913933518156,0.0077836956110056595,0.003178666282238678,-41.506430216060075,0.007786807238532534,0.003168908666010159,-41.50725892740857,-0.03881832405723193,-0.22429673015538146,-12.855370761284908,87.42285943074135,-36.45137339315966,83.95077140374774,-39.71777892237829
1.5104000000000002,-0.028430087183846757,-0.20081997288969397,-13.857681078611861,0.007780470799856517,0.003163722253221891,-41.515345972181336,0.007783583226867049,0.0031539134667844925,-41.51617877350536,-0.039073847384155196,-0.22514993084776624,-12.821693125612509,87.32837851956104,-36.57932645551198,83.84717384761655,-39.83660890181627
1.5112,-0.02865319073613728,-0.20166514490573714,-13.82058281739705,0.007777193404372601,0.0031487841057024225,-41.52429940504683,0.007780307092617246,0.0031389249839913424,-41.52513538911116,-0.03933563033503365,-0.22600251087632595,-12.788126221137246,87.23275059935627,-36.706559723688656,83.74252494816368,-39.954631382794794
1.512,-0.02888249068831304,-0.20250992432638804,-13.783619521967296,0.007773863255976565,0.0031338525784035793,-41.53329055469815,0.007776978686320175,0.003123943956742347,-41.534128796425634,-0.0396036580616119,-0.226854429179858,-12.754670568823162,87.13598569646346,-36.83306368328047,83.63683558876257,-40.07183813835259
1.5128,-0.029117974097818973,-0.20335427080692162,-13.74679152715158,0.007770480194751966,0.0031189284087726745,-41.54231945790133,0.00777359786717429,0.0031089711225184896,-41.543159014397915,-0.03987791552265288,-0.22770564495377496,-12.72132665607642,87.03809391005083,-36.9588289754034,83.53011670369972,-40.1882211061796
1.5136,-0.029359627832651947,-0.20419814423647675,-13.710099131796285,0.0077670440693990445,0.003104012332914552,-41.55138614816491,0.007770164502988164,0.003094007217103313,-41.55222605874858,-0.04015838748672801,-0.22855611764983888,-12.688094937755878,86.93908540956532,-37.08384639707609,83.42237927554358,-40.3037723885579
1.5144000000000002,-0.029607438573856015,-0.2050415047378591,-13.673542600009686,0.007763554737190063,0.00308910508552545,-41.56049065575749,0.007766678470128711,0.003079052974516614,-41.56132994199118,-0.04044505853498665,-0.2294058069758763,-12.65497583715798,86.83897043218552,-37.20810690155055,83.31363433252905,-40.41848425225657
1.5152,-0.02986139281800073,-0.20588431266732987,-13.637122162369643,0.0077600120639241986,0.0030742073998271825,-41.569633007724825,0.007763139653468987,0.0030641091269485872,-41.57047067345343,-0.04073791306390626,-0.2302546728954762,-12.621969746976324,86.73775928028056,-37.331601598597054,83.20389294595768,-40.532349128381426
1.516,-0.03012147687964175,-0.20672652861437865,-13.600838017095667,0.007756415923881968,0.0030593200075016576,-41.578813227906736,0.007759547946335501,0.003049176404694446,-41.57964825929802,-0.0410369352880223,-0.23110267562766962,-12.589077030236552,86.63546231887669,-37.4543217547429,83.09316622761465,-40.64535961218
1.5168,-0.03038767689376386,-0.2075681134014814,-13.56469033118607,0.00775276619977922,0.0030444436386257664,-41.5880313369535,0.007755903250455113,0.003034255536089555,-41.588862702543096,-0.04134210924263765,-0.23194977564659114,-12.55629802120701,86.53208997313237,-37.576258793466174,82.98146532720375,-40.7575084628025
1.5176,-0.030659978818206694,-0.20840902808384412,-13.528679241521235,0.007749062782720661,0.0030295790216066107,-41.597287352341894,0.007752205475901435,0.003019347247445032,-41.598114003082394,-0.04165341878651255,-0.23279593368112322,-12.52363302628569,86.42765272582189,-37.69740429534432,82.86880142980058,-40.86878860301933
1.5184,-0.030938368436072776,-0.20924923394913084,-13.492804855933853,0.007745305572152934,0.003014726883117129,-41.606581288390984,0.007748454541040839,0.003004452262983883,-41.60740215770498,-0.041970847604533845,-0.23364111071452257,-12.491082324864,86.32216111482973,-37.81774999815834,82.75518575332518,-40.97919311889585
1.5192,-0.031222831358118753,-0.21008869251718046,-13.457067254246823,0.007741494475817229,0.002999887948032044,-41.61591315627746,0.007744650372477952,0.00298957130477761,-41.61672716011474,-0.04229437921036518,-0.23448526798403194,-12.458646170167697,86.21562573065529,-37.93728779695331,82.64062954603428,-41.0887152594253
1.52,-0.03151335302512833,-0.2109273655397051,-13.42146648928005,0.007737629409701463,0.0029850629393642675,-41.625282964050676,0.007740792905000772,0.0029747050926833937,-41.62608900094946,-0.04262399694907589,-0.23532836698047196,-12.426324790075771,86.10805721392981,-38.056009744054805,82.52514408403484,-41.19734843612008
1.5208,-0.03180991871026895,-0.21176521499997902,-13.386002587826509,0.0077337102979919805,0.0029702525782016277,-41.63469071664732,0.007736882081525283,0.002959854344281749,-41.63548766779967,-0.042959683999751176,-0.23617036944781933,-12.394118387917448,85.99946625294537,-38.17390804904298,82.40874066881838,-41.30508622256254
1.5216,-0.03211251352143022,-0.21260220311251132,-13.350675551598794,0.00772973707302481,0.0029554575836440566,-41.644136415905834,0.00773291785303967,0.0029450197748147632,-41.64492314522703,-0.04330142337808124,-0.23701123738276805,-12.362027143248017,85.88986358119753,-38.2909750786838,82.29143062481789,-41.41192235391596
1.5224,-0.03242112240354514,-0.21343829232270503,-13.315485358146748,0.007725709675236458,0.002940678672741174,-41.653620060580394,0.007728900178548095,0.002930202097124881,-41.65439541478258,-0.043649197938930656,-0.23785093303427285,-12.33005121260393,85.7792599749422,-38.40720335681828,82.17322529698747,-41.51785072639584
1.5232,-0.03273573014089483,-0.2142734453065055,-13.280431961746935,0.007721628053114266,0.002925916560430264,-41.663141646354674,0.0077248290250140055,0.0029154020215942022,-41.66390445502454,-0.04400299037888846,-0.23868941890308065,-12.298190730237495,85.66766625076708,-38.52258556421072,82.05413604840494,-41.622865396703254
1.524,-0.0330563213593949,-0.21510762497003216,-13.245515294264942,0.007717492163146296,0.002911171959474734,-41.672701165855244,0.007720704367303057,0.0029006202560844076,-41.67345024153591,-0.0443627832387969,-0.2395266577412429,-12.266445808831879,85.55509326317907,-38.63711453835564,81.93417425789917,-41.7269605814201
1.5248,-0.03338288052886549,-0.21594079444920147,-13.210735265990955,0.007713301969770761,0.0028964455804029636,-41.682298608664674,0.00771652618812559,0.002885857505877197,-41.68303274694166,-0.04472855890626176,-0.24036261255161578,-12.234816540196627,85.44155190220786,-38.750783273244906,81.81335131770139,-41.830130656367494
1.5256,-0.03371539196528368,-0.216772917109334,-13.176091766449646,0.007709057445325034,0.0028817381314476323,-41.69193396133431,0.007712294477978668,0.0028711144736153476,-41.69265194092576,-0.04510029961814167,-0.24119724658734354,-12.203302995944345,85.32705309102657,-38.86358491909486,81.69167863112214,-41.93237015592797
1.5264,-0.034053839833018455,-0.21760395654475012,-13.141584665184938,0.007704758569994172,0.0028670503184855057,-41.70160720739683,0.0077080092350877375,0.0028563918592443625,-41.70230779024779,-0.04547798746301752,-0.2420305233513269,-12.171905228148951,85.21160778359057,-38.975512782034585,81.56916761025391,-42.03367377233187
1.5272000000000001,-0.03439820814704953,-0.2184338765783549,-13.107213812520298,0.007700405331759007,0.002852382844977655,-41.711318327378436,0.007703670465347839,0.0028416903599546724,-41.71200025875941,-0.04586160438364295,-0.24286240659568029,-12.14062326998577,85.09522696229398,-39.086560323755556,81.44582967369966,-42.134036354909696
1.528,-0.03474848077516763,-0.21926264126120826,-13.072979040295465,0.0076959977263438145,0.0028377364119102043,-41.72106729881076,0.007699278182264432,0.002827010670124511,-41.72172930742042,-0.04625113217937349,-0.2436928603211693,-12.109457136354244,84.9779216356462,-39.196721161123676,81.32167624432888,-42.23345290930969
1.5288,-0.035104641440159255,-0.22009021487208624,-13.038880162580039,0.007691535757163488,0.002823111717735501,-41.73085409624254,0.0076948324068937994,0.002812353481263334,-41.7314948943146,-0.046646552508577424,-0.24452184877664035,-12.078406824483288,84.85970283596733,-39.30598906575394,81.19671874706013,-42.33191859668307
1.5296,-0.035466673721973256,-0.22091656191702846,-13.004916976364756,0.007687019435270322,0.0028085094583138242,-41.740678691251006,0.007690333167783058,0.002797719481955903,-41.74129697466536,-0.04704784689102557,-0.24534933645843218,-12.047472314520032,84.74058161710437,-39.414357963548646,81.07096860667187,-42.429428732836385
1.5304,-0.03583456105987045,-0.22174164712887434,-12.971089262231072,0.0076824487793003314,0.0027939303268555904,-41.750541052452945,0.007685780500909799,0.002783109357806998,-41.75113550085094,-0.0474549967102616,-0.2461752881097751,-12.016653570102227,84.62056905216855,-39.52182193419954,80.94443724564131,-42.52597878735241
1.5312000000000001,-0.03620828675455746,-0.22256543546678983,-12.937396784999564,0.0076778238154191535,0.002779375013864025,-41.76044114551557,0.007681174449621294,0.002768523791386725,-41.76101042241959,-0.047867983215953355,-0.24699966872017853,-11.98595053891465,84.49967623129355,-39.62837521065499,80.81713608201167,-42.621564382680496
1.532,-0.03658783397030197,-0.22338789211578028,-12.903839294357955,0.007673144577267491,0.0027648442070784215,-41.77037893316705,0.007676515064573372,0.0027539634621765257,-41.7709216861042,-0.04828678752622299,-0.24782244352480243,-11.955363153230113,84.37791425941637,-39.73401217855227,80.68907652728895,-42.71618129319656
1.5328,-0.03697318573703236,-0.22420898248619556,-12.870416525469125,0.0076684111059061606,0.002750338591417851,-41.78035437520692,0.007671802403668868,0.002739429046515777,-41.78086923583703,-0.04871139062995891,-0.24864357800381975,-11.924891330435177,84.25529425408047,-39.83872737561628,80.56026998436724,-42.80982544423431
1.5336,-0.03736432495241998,-0.22502867221322145,-12.83712819955995,0.0076636234497606875,0.0027358588489254675,-41.79036742851602,0.00766703653199574,0.002724921217549089,-41.79085301276389,-0.0491417733891072,-0.24946303788176302,-11.894534973541253,84.13182734326213,-39.9425154910247,80.43072784548474,-42.902492911087776
1.5344,-0.0377612343839443,-0.22584692715636198,-12.803974024491325,0.007658781664565506,0.002721405658713335,-41.80041804706643,0.007662217521764809,0.002710440645174271,-41.80087295525822,-0.049577916540942936,-0.25028078912685986,-11.864293971681285,84.00752466322064,-40.045371364740795,80.30046149020912,-42.99417991798634
1.5352000000000001,-0.03816389667094225,-0.22666371339891245,-12.770953695309966,0.007653885813307724,0.002706979696907779,-41.81050618193097,0.007657345452247136,0.002695987995990918,-41.8109289989349,-0.05001980070032359,-0.2510967979503572,-11.83416820059236,83.88239735637192,-40.14728998681448,80.16948228345336,-43.08488283704306
1.536,-0.03857229432663952,-0.22747899724741932,-12.738066894782676,0.007648935966170483,0.0026925816365953523,-41.82063178129255,0.007652420409711054,0.0026815639332497497,-41.821021076663826,-0.05046740636192069,-0.2519110308058319,-11.80415752308477,83.75645656918768,-40.24826649665189,80.03780157352281,-43.174598187177054
1.5368,-0.03898640974016646,-0.22829274523113335,-12.705313293913346,0.007643932200475912,0.0026782121477693086,-41.83079479045329,0.007647442487358852,0.00266716911680256,-41.83114911858329,-0.05092071390243406,-0.2527234543884911,-11.774261789497672,83.62971345011849,-40.34829618225493,79.90543069019236,-43.263322633010446
1.5376,-0.039406225178556624,-0.2291049241014508,-12.672692552443438,0.0076388746006276756,0.002663871897276688,-41.840995151843366,0.007642411785263118,0.0026528042030529077,-41.84131305211304,-0.05137970358278504,-0.2535340356344611,-11.744480838141843,83.50217914754313,-40.44737447943085,79.77238094281533,-43.35105298374141
1.5384,-0.03983172278872833,-0.2299155008313452,-12.64020431933632,0.007633763258053132,0.002649561548765995,-41.85123280502964,0.007637328410302778,0.002638469844907498,-41.85151280196717,-0.051844355550290655,-0.25434274172006277,-11.714814495729875,83.37386480774325,-40.545496970972664,79.63866361846391,-43.43778619199301
1.5392000000000001,-0.04026288459945099,-0.23072444261479103,-12.607848233245907,0.007628598271145083,0.0026352817626354103,-41.86150768672411,0.007632192476098759,0.002624166691728233,-41.86174829016686,-0.052314649840819294,-0.2551495400610799,-11.685262577793914,83.24478157290433,-40.64265938581175,79.50428998010057,-43.5235193526399
1.54,-0.040699692523293224,-0.23153171686617546,-12.575623922970236,0.007623379745203154,0.0026210331959816754,-41.87181973079202,0.007627004102949392,0.0026098953892850266,-41.87201943605271,-0.052790566380925316,-0.2559543983120125,-11.65582488909164,83.11494057914328,-40.73885759814213,79.3692712647821,-43.60824970161251
1.5408,-0.04114212835855624,-0.23233729121970442,-12.543531007890191,0.007618107792374779,0.0026068165025495194,-41.88216886825995,0.00762176341776547,0.002595656579709278,-41.88232615629708,-0.05327208498996619,-0.25675728436532264,-11.626501224000418,82.98435295456262,-40.83408762651863,79.23361868189495,-43.69197461468041
1.5416,-0.04159017379118935,-0.2331411335287967,-12.511569098394071,0.0076127825315958145,0.002592632332681729,-41.89255502732352,0.007616470554005025,0.002581450901448101,-41.89266836491602,-0.05375918538219921,-0.2575581663506687,-11.5972913669002,82.85302981733231,-40.928345632928355,79.09734341142314,-43.77469160621504
1.5424,-0.04204381039668952,-0.23394321186546976,-12.479737796288282,0.0076074040885307885,0.0025784813332698545,-41.90297813335488,0.0076111256516078005,0.00256727898921929,-41.903045973281095,-0.05425184716885878,-0.2583570126341284,-11.568195092545393,82.7209822737988,-41.0216279218368,78.96045660224848,-43.85639832793289
1.5432000000000001,-0.04250301964198566,-0.23474349451971935,-12.448036695194531,0.00760197259551277,0.002564364147705486,-41.91343810891017,0.007605728856929443,0.0025531414739669647,-41.913458890131025,-0.054750049860216136,-0.25915379181741444,-11.539212166425887,82.58822141662164,-41.11393093920955,78.82296937048275,-43.93709256761986
1.544,-0.042967782887304594,-0.2355419499988862,-12.416465380934167,0.007596488191482906,0.0025502814158322386,-41.9239348737366,0.0076002803226754255,0.0025390389828180253,-41.92390702158302,-0.05525377286761758,-0.2599484727370772,-11.510342345117746,82.4547583229389,-41.20525127150949,78.68489279783287,-44.01677224783736
1.5448,-0.04343808138802283,-0.23633854702701934,-12.385023431899718,0.007590951021929576,0.0025362337738983054,-41.934468344779354,0.007594780207834681,0.0025249721390392774,-41.93439027114401,-0.055762995505506174,-0.2607410244637006,-11.48158537662361,82.32060405255997,-41.29558564467122,78.54623792999833,-44.09543542461146
1.5455999999999999,-0.043913896296500846,-0.23713325454422735,-12.353710419414337,0.007585361238827224,0.002522221854509714,-41.945038436188426,0.0075892286776129995,0.0025109415619953552,-41.944908539721595,-0.05627769699342245,-0.2615314163010873,-11.452941000703223,82.18576964618762,-41.38493092305259,78.4070157751014,-44.17308028610515
1.5464,-0.04439520866390187,-0.2379260417060237,-12.322525908079305,0.007579719000574841,0.002508246286584203,-41.955645059325064,0.0075836259033661675,0.002496947867107371,-41.95546172563488,-0.05679785645798717,-0.26231961778543433,-11.424408949194376,82.05026612366838,-41.4732841083645,78.26723730214994,-44.249705151274924
1.5472000000000001,-0.04488199944199396,-0.23871687788266274,-12.291469456110102,0.0075740244719341284,0.0024943076953057876,-41.96628812276822,0.0075779720625328475,0.0024829916658123427,-41.96604972462504,-0.05732345293486466,-0.2631055986845002,-11.395988946324389,81.91410448227214,-41.56064233857948,78.12691343953311,-44.32530846851237
1.548,-0.0453742494849367,-0.23950573265846978,-12.26054061566127,0.007568277823967322,0.002480406702079964,-41.97696753232063,0.007572267338567254,0.0024690735655233543,-41.97667242986573,-0.05785446537070775,-0.2638893289967637,-11.367680709012511,81.77729569500069,-41.64700288681999,77.98605507354944,-44.39988881427144
1.5488,-0.04587193955105201,-0.24029257583116245,-12.229738933140498,0.007562479233974705,0.002466543924489594,-41.98768319101487,0.00756651192087157,0.002455194169590492,-41.987329731973304,-0.05839087262508397,-0.2646707789505737,-11.339483947163417,81.63985070892558,-41.73236316022704,77.84467304696787,-44.47344489168218
1.5495999999999999,-0.04637505030457827,-0.24107737741116486,-12.19906394951224,0.007556628885431812,0.0024527199762514854,-41.998434999119084,0.007560706004728169,0.0024413540772625602,-41.99802151901683,-0.05893265347238241,-0.26544991900329024,-11.311398363952105,81.50178044355542,-41.8167206988096,77.70277815762141,-44.54597552915155
1.5504,-0.04688356231740929,-0.24186010762091456,-12.168515200591203,0.007550726967926336,0.002438935467173634,-42.009222854142685,0.007554849791231633,0.002427553883649551,-42.00874767652796,-0.05947978660370267,-0.26622671984041757,-11.283423656100343,81.36309578923267,-41.900073174275875,77.56038115703359,-44.617479678952215
1.5512000000000001,-0.04739745607081669,-0.2426407368941619,-12.138092217325983,0.0075447736770947295,0.0024251910031131856,-42.020046650841685,0.007548943487220556,0.0024137941796859184,-42.01950808751054,-0.06003225062872412,-0.2670011523747293,-11.255559514145006,81.22380760556045,-41.98241838884699,77.41749274907727,-44.68795641580001
1.552,-0.04791671195715735,-0.2434192358752635,-12.107794526073171,0.007538769214558529,0.002411487185935062,-42.03090628122404,0.007542987305209168,0.0024000755520945994,-42.0303026324501,-0.06059002407755777,-0.26777318774538533,-11.227805622698439,81.08392671985854,-42.06375427405371,77.2741235886662,-44.757404935420425
1.5528,-0.04844131028156506,-0.2441955754184686,-12.077621648862191,0.00753271378786039,0.0023978246134712987,-42.04180163455472,0.00753698146331878,0.0023863985833518274,-42.04113118932316,-0.061153085402579355,-0.26854279731704245,-11.200161660701031,80.9434639256495,-42.14407888951705,77.13028428047879,-44.825824553105626
1.5535999999999999,-0.04897123126362595,-0.24496972658719804,-12.047573103651272,0.007526607610399861,0.0023842038794811065,-42.0527325973606,0.007530926185209049,0.0023727638516527483,-42.05199363360634,-0.06172141298024347,-0.2693099526789548,-11.172627301666411,80.80242998117474,-42.223390421713304,76.98598537771456,-44.89321470226147
1.5544,-0.04950645503903865,-0.24574166065331748,-12.017648404574672,0.007520450901368893,0.0023706255736116173,-42.06369905343523,0.007524821700009091,0.002359171930877802,-42.06288983828529,-0.062294985112879904,-0.27007462564407064,-11.145202213919184,80.66083560794053,-42.30168718272428,76.84123738088252,-44.95957493294675
1.5552000000000001,-0.05004696166125869,-0.24651134909640354,-11.987847062181565,0.007514243885687092,0.0023570902813593794,-42.074700883843406,0.007518668242248456,0.002345623390559922,-42.073819673863426,-0.06287378003047077,-0.27083678824811763,-11.117886060825718,80.51869148929393,-42.378967608973305,76.69605073662213,-45.0249049104036
1.556,-0.05059273110312786,-0.24727876360300458,-11.958168583666723,0.007507986793936718,0.0023435985840325464,-42.08573796692559,0.0075124660517879305,0.002332118795852507,-42.08478300837058,-0.06345777589241075,-0.2715964127486852,-11.09067850101788,80.3760082690287,-42.45523025994783,76.55043583655556,-45.089204413581264
1.5568,-0.05114374325848808,-0.24804387606589537,-11.928612473093343,0.007501679862297471,0.0023301510587137907,-42.09681017830217,0.007506215373750219,0.002318658707498183,-42.09577970737139,-0.06404695078924841,-0.27235347162429835,-11.063579188610138,80.23279655002115,-42.53047381690932,76.40440301617248,-45.15247333365309
1.5575999999999999,-0.05169997794377936,-0.24880665858332446,-11.89917823160828,0.0074953233324810105,0.002316748278223972,-42.10791739087753,0.0074999164584505255,0.0023052436817983927,-42.10680963397351,-0.06464128274440928,-0.2731079375734843,-11.03658777341012,80.08906689289617,-42.60469708159066,76.25796255374614,-45.21471167252725
1.5584,-0.05226141489962319,-0.24956708345825807,-11.869865357649774,0.007488917451665293,0.0023033908110865206,-42.11905947484401,0.00749356956132699,0.0022918742705837626,-42.11787264883575,-0.06524074971590112,-0.2738597835138341,-11.009703901122815,79.94482981472306,-42.677898974882496,76.11112466928101,-45.27591954135249
1.5592000000000001,-0.0528280337923896,-0.2503251231976153,-11.840673347148147,0.007482462472428678,0.0022900792214925725,-42.13023629768567,0.007487174942871049,0.002278551021185283,-42.128968610175946,-0.06584532959800081,-0.2746089825810563,-10.982927213548637,79.80009578774147,-42.75007853550827,75.96389952349209,-45.336097159018806
1.56,-0.05339981421575019,-0.25108075051150064,-11.811601693719435,0.007475958652683829,0.0022768140692668343,-42.1414477241819,0.007480732868557677,0.0022652744764062875,-42.140097373778715,-0.06645500022292415,-0.2753555081280263,-10.956257348775441,79.65487523811697,-42.82123491868942,75.81629721681482,-45.39524485065422
1.5608,-0.05397673569221579,-0.2518339383124299,-11.782649888852346,0.007469406255611434,0.0022635959098341917,-42.152693616410915,0.007474243608775569,0.0022520451744952276,-42.15125879300306,-0.0670697393624774,-0.2760993337238292,-10.92969394136472,79.50917854472651,-42.89136739480073,75.66832778844615,-45.453363046118014
1.5615999999999999,-0.05455877767465839,-0.25258465971455046,-11.753817422088703,0.007462805549593727,0.0022504252941870856,-42.163973833753076,0.007467707438757241,0.002238863649119279,-42.16245271878975,-0.06768952472969071,-0.27684043315279583,-10.9032366225322,79.3630160379738,-42.96047534801697,75.52000121541664,-45.510452278490874
1.5624,-0.05514591954781865,-0.2533328880328573,-11.725103781197582,0.007456156808147848,0.0022373027688536253,-42.17528823289399,0.007461124638509051,0.0022257304293387217,-42.1736789996686,-0.0683143339804343,-0.2775787804135349,-10.876885020322831,79.21639799863406,-43.02855827495089,75.37132741169248,-45.56651318256285
1.5632000000000001,-0.055738140629797955,-0.25407859678240297,-11.69650845234332,0.007449460309859034,0.002224228875866473,-42.18663666782764,0.007454495492741201,0.002212646039582174,-42.184937481765566,-0.06894414471501661,-0.278314349717958,-10.85063875978053,79.06933465672861,-43.09561578328372,75.22231622730827,-45.62154649331943
1.564,-0.056335420173536,-0.25482175967750337,-11.668030920247643,0.007442716338313648,0.0022112041527324717,-42.198018989859165,0.007447820290797673,0.0021996109996225885,-42.19622800880966,-0.06957893447976526,-0.2790471154903005,-10.824497463112639,78.92183619042858,-43.161647590388405,75.07297744752951,-45.67555304442635
1.5648,-0.05693773736827396,-0.25556235063093924,-11.639670668345998,0.0074359251820320625,0.00219822913240303,-42.20943504760761,0.007441099326586119,0.0021866258245540732,-42.20755042213975,-0.07021868076859092,-0.27977705236613776,-10.79846074984934,78.77391272498811,-43.226653521946375,74.92332079204492,-45.728533766714044
1.5655999999999999,-0.057545071341001584,-0.25630034375315214,-11.611427178938385,0.0074290871344014076,0.0021853043432452993,-42.220884687008564,0.0074343328985077665,0.00217369102476954,-42.21890456071117,-0.07086336102453246,-0.28050413519139467,-10.772528236998236,78.6255743317067,-43.29063351055843,74.77335591418824,-45.780489686661426
1.5664,-0.05815740115789104,-0.2570357133514363,-11.58329993333481,0.007422202493608193,0.0021724303090140886,-42.23236775131652,0.007427521309387273,0.002160807105939133,-42.23029026110217,-0.07151295264128621,-0.28122833902135236,-10.746699539194031,78.47683102692054,-43.35358759434991,74.62309240018935,-45.831421924880594
1.5672000000000001,-0.05877470582571455,-0.25776843392912585,-11.555288411995521,0.00741527156257081,0.0021596075488245704,-42.243884081107225,0.0074206648664026,0.002147974568989505,-42.24170735752023,-0.07216743296471671,-0.28194963911964777,-10.720974268843744,78.32769277102281,-43.415515915571504,74.47253976845433,-45.88133169460198
1.568,-0.05939696429324877,-0.25849848018477783,-11.527392094666224,0.007408294648871925,0.0021468365771257487,-42.25543351427983,0.007413763881014902,0.0021351939100838608,-42.253155681808224,-0.07282677929435094,-0.2826680109572719,-10.695352036267229,78.17816946751266,-43.47641871919542,74.32170746887402,-45.930220300161274
1.5688,-0.06002415545266464,-0.25922582701135227,-11.499610460508372,0.007401272064690765,0.002134117903674682,-42.26701588605893,0.007406818668898383,0.0021224656206028274,-42.2646350634504,-0.07349096888485611,-0.28338343021156115,-10.669832449833454,78.02827096207245,-43.53629635150814,74.17060488216104,-45.978089135487984
1.5695999999999999,-0.06065625814090154,-0.25995044949538665,-11.471942988224761,0.007394204126735332,0.002121452033511514,-42.27863102899644,0.007399829549870249,0.0021097901871261395,-42.27614532957821,-0.07415997894749879,-0.2840958727651861,-10.644415116092464,77.87800704167365,-43.59514925869979,74.01924131921497,-46.02493968259665
1.5704,-0.06129325114102831,-0.2606723229161667,-11.444389156180591,0.0073870911561745205,0.002108839466935257,-42.29027877297333,0.00739279684782065,0.0020971680914151224,-42.28768630497604,-0.0748337866515885,-0.28480531470513504,-10.619099639903242,77.72738743371093,-43.652977985450946,73.86762602051512,-46.07077351008052
1.5712000000000002,-0.06193511318358891,-0.2613914227448944,-11.416948442520027,0.007379933478570179,0.002096280699480367,-42.30195894520126,0.007385720890642682,0.002084599810395988,-42.299257812086715,-0.07551236912590324,-0.28551173232169363,-10.593885624557553,77.5764218051639,-43.70978317351736,73.71576815554101,-46.11559227160884
1.572,-0.06258182294793456,-0.26210772464385124,-11.38962032527851,0.007372731423809108,0.002083776221894088,-42.31367137022404,0.007378602010162458,0.0020720858161439285,-42.310859671016885,-0.07619570346009907,-0.28621510210742246,-10.568772671899856,77.42511976178683,-43.76556556031302,73.56367682221972,-46.159397704427924
1.5728,-0.063233359063542,-0.2628212044655593,-11.362404282490903,0.007365485326034984,0.0020713265201145656,-42.32541586991908,0.007371440542069224,0.002059626575868005,-42.32249169954228,-0.07688376670610325,-0.2869154007561293,-10.543760382443459,77.2734908473256,-43.82032597749221,73.41136104640005,-46.20219162786616
1.5735999999999999,-0.06388970011131626,-0.2635318382519372,-11.335299792295633,0.0073581955235802925,0.002058932075249769,-42.33719226349845,0.007364236825845566,0.002047222551896863,-42.3341537131128,-0.07757653587948951,-0.2876126051618383,-10.518848355482994,77.12154454276232,-43.87406534953071,73.25882978135338,-46.24397594184384
1.5744,-0.06455082462488074,-0.2642396022334544,-11.308306333034926,0.0073508623588981895,0.0020465933635571655,-42.349000367510115,0.007356991204697708,0.0020348742016652196,-42.34584552485742,-0.07827398796083777,-0.2883066924177565,-10.494036189203293,76.96929026558664,-43.926784692307315,73.1060919073006,-46.28475262538802
1.5752000000000002,-0.06521671109185183,-0.2649444728282806,-11.281423383351301,0.007343486178494354,0.0020343108564242003,-42.360839995838816,0.007349704025485898,0.0020225819777011786,-42.357566945589014,-0.0789760998970765,-0.28899763981523596,-10.469323480784832,76.81673736909414,-43.97848511168512,72.95315623096465,-46.324523735152646
1.576,-0.06588733795510114,-0.2656464266414334,-11.254650422280413,0.007336067332858847,0.002022085020349538,-42.37271095970692,0.0073423756386549075,0.002010346327614309,-42.36931778380897,-0.07968284860280939,-0.28968542484273363,-10.444709826505774,76.6638951417112,-44.02916780209404,72.80003148514902,-46.36329140394468
1.5768,-0.06656268361400326,-0.26634544046392294,-11.227986929340306,0.007328606176397928,0.002009916316925086,-42.3846130676752,0.007335006398164632,0.001998167694084535,-42.38109784571169,-0.08039421096162605,-0.29037002518476934,-10.420194821840706,76.5107728063458,-44.0788340451145,72.64672632834046,-46.40105783925642
1.5776,-0.06724272642566895,-0.2670414912718931,-11.201432384617352,0.007321103067365943,0.0019978052028188148,-42.39654612564329,0.007327596661420837,0.0019860465148518127,-42.392906935188975,-0.08111016382739493,-0.29105141872087864,-10.395778061556273,76.35737951976508,-44.12748520806276,72.49324934433761,-46.43782532180424
1.5784,-0.06792744470616574,-0.26773455622576003,-11.174986268848812,0.007313558367797171,0.001985752129758341,-42.408509936850265,0.007320146789206034,0.0019739832227066,-42.404744853834146,-0.08183068402554168,-0.2917295835245649,-10.371459139803648,76.20372437199794,-44.175122742578424,72.33960904190317,-46.47359620407452
1.5792000000000002,-0.06861681673172372,-0.2684246126693479,-11.14864806350224,0.007305972443437739,0.001973757544515308,-42.42050430187493,0.0073126571456104995,0.0019619782454811095,-42.41661140094614,-0.08255574835430984,-0.2924044978622481,-10.347237650208047,76.04981638576369,-44.22174818321438,72.18581385444055,-46.508372908876595
1.58,-0.06931082073992846,-0.26911163812902233,-11.122417250851775,0.007298345663677568,0.001961821888890534,-42.432529018635975,0.0073051280979634535,0.0019500320060413365,-42.42850637353342,-0.08328533358600691,-0.2930761401922106,-10.323113185955329,75.89566451592567,-44.267363146029915,72.03187213969409,-46.54215792790339
1.5808,-0.07000943493090075,-0.26979561031282245,-11.09629331405139,0.00729067840148235,0.0019499455996999269,-42.44458388239218,0.007297560016764378,0.0019381449222798674,-42.440429566317746,-0.0840194164682342,-0.2937444891635436,-10.299085339875685,75.74127764896956,-44.311969327187136,71.87779217947255,-46.57495382030029
1.5816,-0.0707126374684616,-0.2704765071095883,-11.070275737205343,0.007282971033325613,0.001938129108761205,-42.45666868574233,0.007289953275614565,0.0019263174071094736,-42.45238077173775,-0.08475797372509997,-0.2944095236150872,-10.275153704524708,75.58666460250693,-44.35556850155116,71.72358217939585,-46.60676321124183
1.5824,-0.07142040648128496,-0.2711543065880884,-11.044364005435716,0.007275223939120827,0.0019263728428813673,-42.46878321862503,0.0072823082511487836,0.001914549868457469,-42.464359779952446,-0.08550098205841783,-0.2950712225743713,-10.251317872261708,75.43183412480244,-44.39816252129437,71.56925026866406,-46.637588790517114
1.5832000000000002,-0.07213272006403604,-0.27182898699614266,-11.018557604947341,0.0072674375021536215,0.0019146772238449632,-42.48092726831849,0.007274625322967187,0.001902842709260841,-42.476366378844546,-0.08624841814888824,-0.2957295652565544,-10.227577435325436,75.27679489432572,-44.43975331450521,71.41480449984903,-46.667433311124405
1.584,-0.07284955627849718,-0.2725005267597455,-10.992856023090027,0.007259612109014058,0.0019030426684031089,-42.49310061944011,0.0072669048735674,0.0018911963274621457,-42.48840035402361,-0.08700025865726559,-0.2963845310633591,-10.203931985907344,75.12155551932666,-44.48034288380214,71.2602528487075,-46.69629958787426
1.5848,-0.07357089315468075,-0.273168904482187,-10.967258748418228,0.007251748149529012,0.0018914695882632838,-42.505303053946015,0.00725914728827682,0.0018796111160061483,-42.500461488829146,-0.08775648022550965,-0.29703609958200844,-10.180381116222318,74.96612453743394,-44.51993330495255,71.10560321401591,-46.72419049600264
1.5856,-0.07429670869192775,-0.2738340989431698,-10.941765270748341,0.007243846016694685,0.0018799583900799065,-42.51753435113039,0.007251352955185139,0.0018680874628372447,-42.512549564333455,-0.08851705947792061,-0.2976842505841582,-10.156924418577127,74.81051041527725,-44.558526725497295,70.9508634174265,-46.75110896979344
1.5864,-0.0750269808599943,-0.2744960890979272,-10.916375081213534,0.007235906106609194,0.0018685094754456613,-42.52979428762476,0.007243522265077098,0.0018566257508976195,-42.52466435934443,-0.08928197302225975,-0.2983289640248293,-10.133561485436509,74.65472154813165,-44.5961253633813,70.79604120334373,-46.777058001210804
1.5872000000000002,-0.07576168760012421,-0.2751548540763373,-10.891087672316367,0.007227928818405332,0.0018571232408836076,-42.542082637397144,0.007235655611365485,0.0018452263581261626,-42.536805650408084,-0.09005119745085362,-0.2989702200413386,-10.110291909487039,74.49876625958517,-44.632731505590286,70.64114423882168,-46.80204063854209
1.588,-0.07650080682610941,-0.2758103731820369,-10.865902537979078,0.007219914554183436,0.0018458000778400331,-42.55439917175111,0.00722775339002436,0.0018338896574581177,-42.54897321181112,-0.09082470934168448,-0.29960799895222817,-10.087115283698832,74.34265280122797,-44.668347506794184,70.48618011348097,-46.826059985050684
1.5888,-0.07724431642533769,-0.27646262589153436,-10.84081917359178,0.0072118637189444,0.0018345403726780665,-42.56674365932465,0.007219815999522557,0.0018226160168254664,-42.561166815583206,-0.09160248525946513,-0.30024228125619457,-10.06403120138511,74.18638935236352,-44.70297578799734,70.33115633944551,-46.849119197639915
1.5896,-0.0779921942598265,-0.27711159185331946,-10.815837076058585,0.007203776720522868,0.0018233445066720626,-42.57911586608905,0.007211843840757431,0.0018114057991580653,-42.573386231499136,-0.09238450175669792,-0.3008730476310157,-10.041039256259744,74.02998401974149,-44.736618835195905,70.1760803512985,-46.871221485527485
1.5904,-0.07874441816724499,-0.27775725088697345,-10.790955743841671,0.007195653969520572,0.001812212856002724,-42.591515555347534,0.0072038373169889015,0.00180025936238549,-42.585631227080896,-0.09317073537471984,-0.3015002789324781,-10.018139042492805,73.87344483731161,-44.76927919804269,70.02095950605741,-46.892370108931225
1.5912000000000002,-0.07950096596192249,-0.2783995829822767,-10.766174677003447,0.007187495879239858,0.0018011457917529857,-42.60394248773392,0.0071957968337737575,0.0017891770594396243,-42.59790156759959,-0.09396116264473171,-0.3021239561933027,-9.995330154764211,73.71677976599875,-44.800959488519766,69.86580108316743,-46.912568377765794
1.592,-0.08026181543584501,-0.2790385682983167,-10.741493377246778,0.00717930286561739,0.0017901436799046405,-42.61639642121103,0.007187722798900257,0.0017781592382579484,-42.61019701607715,-0.09475576008881334,-0.30274406062207,-9.972612188315434,73.55999669349814,-44.83166237961919,69.7106122845131,-46.93181965035113
1.5928,-0.08102694435963985,-0.2796741871625941,-10.716911347953435,0.007171075347158034,0.0017792068813356926,-42.628877111069094,0.007179615622323027,0.0017672062417875406,-42.62251733328797,-0.09555450422092449,-0.30336057360214647,-9.949984738999436,73.40310343409085,-44.86139060403165,69.55540023444748,-46.95012733213233
1.5936,-0.08179633048354586,-0.28030642007012785,-10.69242809422077,0.007162813744868977,0.0017683357518184781,-42.64138430992404,0.007171475716098264,0.001756318407989802,-42.63486227776043,-0.09635737154788979,-0.3039734766906075,-9.927447403328856,73.24610772847963,-44.890146952844056,69.40017197983913,-46.96749487441128
1.5944,-0.08256995153837311,-0.2809352476825599,-10.668043122896657,0.007154518482194026,0.0017575306420185022,-42.653917767715626,0.007163303494319259,0.0017454960698458652,-42.647231605778174,-0.09716433857037013,-0.3045827516171629,-9.904999778522427,73.08901724364358,-44.91793427424561,69.24493449013593,-46.983925773090384
1.5952000000000002,-0.08334778523644853,-0.2815606508272589,-10.643755942612847,0.007146189984948154,0.001746791897494018,-42.66647723170547,0.007155099373052238,0.0017347395553627186,-42.659625071381306,-0.09797538178381886,-0.3051883802830802,-9.882641462549808,72.93183957271282,-44.944755472242946,69.08969465744556,-46.99942356742822
1.596,-0.08412980927255076,-0.2821826104964227,-10.619566063816684,0.0071378286812522505,0.0017361198586963258,-42.679062446475044,0.007146863770272525,0.0017240491875800006,-42.672042426367476,-0.0987904776794244,-0.30579034476010897,-9.860372054174727,72.77458223486141,-44.97061350538447,68.9344592966325,-47.01399183880749
1.5968,-0.08491600132483249,-0.28280110784618256,-10.595472998801254,0.0071294350014681285,0.0017255148609707886,-42.69167315392345,0.007138597105801048,0.001713425284577479,-42.684483420292835,-0.09960960274503863,-0.30638862728940575,-9.838191152996576,72.6172526752189,-44.99551138549419,68.77923514543048,-47.027634209515455
1.5976,-0.08570633905572979,-0.2834161241957035,-10.571476261734125,0.007121009378133775,0.0017149772345585867,-42.70430909326529,0.007130299801241197,0.0017028681594832245,-42.69694780047273,-0.10043273346609012,-0.30698321028045733,-9.816098359490528,72.45985826480053,-45.01945217641508,68.6240288645711,-47.040354341536556
1.5984,-0.08650080011286028,-0.28402764102628697,-10.547575368684587,0.0071125522458988484,0.0017045073045991654,-42.71697000102813,0.0071219722799160225,0.001692378120482438,-42.709435311982375,-0.10125984632648423,-0.30757407631000566,-9.794093275046135,72.30240630045478,-45.04243899276238,68.46884703792739,-47.05215593535803
1.5992000000000002,-0.08729936212990831,-0.2846356399804716,-10.523769837649532,0.007104064041460466,0.001694105391133414,-42.72965561105018,0.007113614966805802,0.0016819554708269616,-42.72194569765741,-0.10209091780948798,-0.3081612081209722,-9.77217550200452,72.14490400482896,-45.064474998686784,68.31369617267237,-47.06304272878786
1.6,-0.08810200272749921,-0.28524010286113455,-10.500059188577964,0.007095545203499225,0.0016837718091075274,-42.74236565447765,0.007105228288485965,0.0016716005088454277,-42.73447869809418,-0.10292592439860224,-0.3087445886213837,-9.750344643694156,71.98735852635151,-45.08556340664799,68.15858269945188,-47.07301849578593
1.6008,-0.08890869951406168,-0.2858410116305928,-10.476442943394222,0.007086996172615539,0.0016735068683775718,-42.755099859762126,0.0070968126730653995,0.001661313527954065,-42.74703405165002,-0.10376484257842003,-0.30932420088329793,-9.728600304465303,71.82977693923145,-45.10570747619852,68.00351297257184,-47.08208704530773
1.6016,-0.08971943008667724,-0.2864383484097033,-10.452920626019955,0.007078417391266254,0.0016633108737147584,-42.76785795265779,0.007088368550125133,0.0016510948166681618,-42.759611494443305,-0.10460764883546982,-0.30990002814172946,-9.706942089723166,71.67216624347438,-45.12491051277806,67.84849327019916,-47.090252220161275
1.6024,-0.09053417203191924,-0.2870320954769649,-10.42949176239487,0.007069809303701543,0.0016531841248113913,-42.780639656218604,0.0070798963506574,0.001640944658614156,-42.772210760353424,-0.10545431965904638,-0.3104720537935779,-9.685369605959721,71.5145333649145,-45.14317586651863,67.6935297945762,-47.09751789587713
1.6032000000000002,-0.09135290292667865,-0.28762223526761777,-10.406155880496335,0.007061172355902152,0.0016431269162875115,-42.79344469079528,0.007071396507005115,0.0016308633325423651,-42.7848315810206,-0.10630483154202675,-0.311040261396554,-9.663882460784407,71.35688515526292,-45.16050693106043,67.53862867224835,-47.10388797959136
1.604,-0.09217560033897988,-0.28820875037274557,-10.382912510357825,0.007052506995516918,0.001633139537698209,-42.80627277403233,0.007062869452801736,0.001620851112340334,-42.797473685845546,-0.10715916098167388,-0.31160463466810984,-9.642480262953528,71.19922839217098,-45.17690714237875,67.38379595430452,-47.10936640894202
1.6048,-0.09300224182878458,-0.28879162353837673,-10.359761184086251,0.007043813671800613,0.001623222273541604,-42.819123620864836,0.007054315622911522,0.0016109082670467956,-42.81013680198902,-0.10801728448042702,-0.31216515748436835,-9.62116262239852,71.04156977930907,-45.19237997762209,67.2290376166295,-47.11395715097859
1.6056,-0.09383280494878324,-0.2893708376645858,-10.336701435878295,0.007035092835552144,0.0016133754032675095,-42.83199694351529,0.0070457354533702415,0.0016010350608662567,-42.82282065437122,-0.10887917854667706,-0.312721813879054,-9.599929150253132,70.88391594646032,-45.20692895396133,67.07435956016914,-47.11766420108505
1.6064,-0.09466726724517621,-0.2899463758045954,-10.313732802035677,0.007026344939053064,0.0016035992012867425,-42.844892451490225,0.007037129381326254,0.0015912317531841754,-42.8355249656711,-0.10974481969553046,-0.31327458804242436,-9.57877945887949,70.72627344962882,-45.22055762745046,66.919767611207,-47.12049158191596
1.6072000000000002,-0.09550560625844248,-0.29051822116387827,-10.290854820979478,0.007017570436006446,0.0015938939369811007,-42.857809851576846,0.007028497844982061,0.001581498598582745,-42.84824945632543,-0.1106141844495582,-0.31382346432020375,-9.557713161893103,70.56864877116227,-45.233269591898555,66.76526752165236,-47.122443342346344
1.608,-0.09634779952409804,-0.2910863570992609,-10.268067033263444,0.007008769781476103,0.0015842598747139777,-42.870748847839465,0.007019841283536251,0.0015718358468572548,-42.86099384452787,-0.11148724933953323,-0.3143684272125175,-9.536729874186843,70.41104831988812,-45.24506847775367,66.61086496933953,-47.12352355643478
1.6088,-0.09719382457344337,-0.2916507671180268,-10.245368981586447,0.006999943431826149,0.0015746972738416188,-42.883709141615974,0.0070111601371259,0.0015622437430330327,-42.87375784622781,-0.11236399090515453,-0.31490946137282855,-9.515829211953905,70.25347843126352,-45.25595795099801,66.45656555833753,-47.12373632239994
1.6096,-0.09804365893429841,-0.29221143487702045,-10.222760210803997,0.006991091844660965,0.0015652063887250248,-42.89669043151417,0.007002454846769414,0.0015527225273829729,-42.88654117512909,-0.11324438569575736,-0.31544655160687424,-9.49501079270987,70.09594536753875,-45.26594171205521,66.30237481927095,-47.12308576161079
1.6104,-0.09889728013172773,-0.29276834418175285,-10.200240267938959,0.006982215478765498,0.0015557874687424777,-42.90969241340798,0.006993725854309814,0.0015432724354456173,-42.89934354268867,-0.1141284102710117,-0.3159796828716055,-9.474274235313752,69.93845531793326,-45.27502349470929,66.14829820965029,-47.12157601759006
1.6112000000000002,-0.09975466568875338,-0.29332147898550576,-10.177808702191397,0.00697331479404598,0.0015464407583026959,-42.9227147804336,0.006984973602358483,0.0015338936980438104,-42.91216465811502,-0.1150160412016066,-0.3165088402741277,-9.453619159988202,69.78101439882471,-45.283207065035505,65.99434111421256,-47.119211255031466
1.612,-0.1006157931270582,-0.2938708233884399,-10.155465064947634,0.006964390251471007,0.0015371664968585966,-42.935757222985615,0.0069761985342393605,0.0015245865413038887,-42.9250042283665,-0.11590725506992335,-0.3170340090706427,-9.433045188338788,69.62362865394992,-45.29049622034335,65.84050884527129,-47.11599565883029
1.6128,-0.10148063996767806,-0.2944163616367015,-10.133208909788555,0.006955442313013006,0.0015279649189216698,-42.94881942871299,0.0069674010939335985,0.0015153511866754135,-42.93786195814959,-0.1168020284706956,-0.31755517466539385,-9.412551943372433,69.4663040546181,-45.296894788131496,65.68680664307563,-47.11193343312753
1.6136,-0.10234918373168221,-0.2949580781215314,-10.111039792497136,0.006946471441590138,0.0015188362540769623,-42.961901082515006,0.0069585817260247014,0.0015061878509514562,-42.950737549916944,-0.1177003380116562,-0.3180723226096113,-9.392139049515036,69.3090464999358,-45.30240662505494,65.53323967617855,-47.1070288003675
1.6144,-0.10322140194084407,-0.2954959573783738,-10.088957271065306,0.0069374781010085726,0.001509780726998653,-42.97500186653707,0.00694974087564412,0.0014970967462893917,-42.96363070386539,-0.11860216031417256,-0.318585438600461,-9.37180613262827,69.15186181704317,-45.30703561590418,65.37981304181363,-47.10128600036899
1.6152000000000002,-0.10409727211830014,-0.2960299840859872,-10.066960905700096,0.006928462755905201,0.0015007985574662195,-42.988121460166546,0.006940878988417349,0.0014880780802322285,-42.976541117933664,-0.11950747201386837,-0.3190945084799938,-9.351552820025645,68.99475576136146,-45.310785672596836,65.22653176628029,-47.09470928940988
1.616,-0.10497677178919951,-0.2965601430655566,-10.045050258829093,0.006919425871690752,0.0014918899603811853,-43.00125954002841,0.0069319965104104675,0.0014791320557304356,-42.9894684878002,-0.12041624976123443,-0.3195995182340983,-9.33137874048777,68.8377340168511,-45.31366073318137,65.07340080533683,-47.08730293932518
1.6168,-0.10585987848134286,-0.29708641927980634,-10.023224895105303,0.006910367914493335,0.0014830551457844347,-43.014415779980894,0.006923093888077202,0.0014702588711642758,-43.002412506880674,-0.12132847022222726,-0.320100453991456,-9.311283524276876,68.6808021962804,-45.31566476085305,64.92042504460133,-47.07907123661858
1.6176,-0.10674656972580969,-0.29760879783211464,-10.001484381411343,0.006901289351102431,0.0014742943188741093,-43.027589851111046,0.006914171568206459,0.0014614587203666406,-43.015372866325414,-0.12224411007885423,-0.3205973020224971,-9.291266803150684,68.52396584150456,-45.31680174298255,64.76760929996009,-47.07001848158725
1.6184,-0.10763682305757655,-0.2981272639656291,-9.979828286863098,0.006892190648913295,0.0014656076800240523,-43.04078142173027,0.006905229997870359,0.0014527317926463679,-43.028349255016806,-0.12316314602974811,-0.32109004873835983,-9.271328210375563,68.36723042375448,-45.317075690156386,64.6149583179833,-47.060148987460074
1.6192000000000002,-0.10853061601612332,-0.2986418030623841,-9.958256182812757,0.00688307227587183,0.0014569954248028192,-43.053990157369725,0.006896269624372771,0.0014440782728120454,-43.04134135956638,-0.1240855547907281,-0.32157868068985224,-9.251467380738992,68.21060134393534,-45.316490635230316,64.46247677634756,-47.04946707954934
1.62,-0.10942792614603108,-0.2991524006424194,-9.936767642851311,0.006873934700419885,0.001448457743993218,-43.067215720775636,0.006887290895198353,0.0014354983411962775,-43.05434886431199,-0.12501131309535068,-0.32206318456641575,-9.231683950561436,68.05408393293432,-45.3150506323946,64.3101692842651,-47.03797709441539
1.6208,-0.11032873099756904,-0.2996590423629007,-9.915362242810499,0.0068647783914410196,0.0014399948236123964,-43.08045777190472,0.006878294257962062,0.001426992173680411,-43.067371451314706,-0.1259403976954483,-0.32254354719509265,-9.21197755770751,67.89768345193751,-45.31275975625202,64.15804038291924,-47.025683379044885
1.6216,-0.11123300812727072,-0.30016171401724157,-9.89403956076427,0.006855603818206721,0.0014316068449324554,-43.093715967919366,0.006869280160359236,0.0014185599417197293,-43.080408800355684,-0.12687278536165522,-0.32301975553949436,-9.19234784159664,67.74140509275563,-45.30962210090811,64.00609454590618,-47.0125902900419
1.6224,-0.1121407350985008,-0.30066040153422646,-9.872799177029744,0.006846411450323087,0.0014232939845015928,-43.106989963182855,0.0068602490501161306,0.001410201812369084,-43.09346058893284,-0.12780845288392317,-0.32349179669877376,-9.172794443213053,67.58525397815825,-45.30564177907371,63.85433617968261,-46.998702192832276
1.6232,-0.1130518894820108,-0.30115509097713616,-9.851640674167694,0.006837201757677998,0.001415056414165756,-43.120279409254465,0.006851201374941008,0.0014019179483089736,-43.10652649225752,-0.1287473770720237,-0.3239596579065991,-9.153317005115284,67.42923516221637,-45.3008229211802,63.7027696240191,-46.98402346088115
1.624,-0.11396644885648753,-0.30164576854287545,-9.830563636982532,0.006827975210388707,0.0014068943010907956,-43.13358395488464,0.0068421375824757194,0.0013937085078720324,-43.119606183250916,-0.12968953475604175,-0.3244233265301329,-9.133915171445008,67.27335363065254,-45.29516967450677,63.55139915245831,-46.96855847492333
1.6248,-0.11488439080908765,-0.30213242056110096,-9.80956765252194,0.006818732278749988,0.0013988078077851371,-43.14690324600995,0.006833058120247831,0.0013855736450699735,-43.13269933254042,-0.13063490278685475,-0.32488279006901083,-9.114588587935481,67.11761430119944,-45.28868620232034,63.400228972779075,-46.952311622206615
1.6256,-0.11580569293596653,-0.30261503349335306,-9.788652310075976,0.006809473433182681,0.0013907970921229196,-43.16023692574816,0.006823963435623251,0.0013775135096209072,-43.14580560845596,-0.13158345803660298,-0.32533803615432577,-9.095336901919355,66.96202202396508,-45.28137668302761,63.249263227464795,-46.93528729574802
1.6264,-0.1167303328427945,-0.30309359393218815,-9.767817201175845,0.006800199144182803,0.001382862307367635,-43.17358463439312,0.006814853975759396,0.0013695282469770975,-43.15892467702608,-0.13253517739914775,-0.3257890525476142,-9.076159762336042,66.80658158180577,-45.273245309339565,63.09850599417669,-46.917489893602834
1.6272,-0.11765828814526356,-0.3035680886003129,-9.747061919592268,0.006790909882271094,0.0013750036021962456,-43.18694600940976,0.006805730187558898,0.001361617998353103,-43.17205620197395,-0.1334900377905169,-0.32623582713984506,-9.057056819738609,66.65129769070595,-45.26429628744819,62.9479612862317,-46.89892381814632
1.6280000000000001,-0.11858953646958732,-0.3040385043497222,-9.72638606133341,0.0067816061179430814,0.00136722112072375,-43.20032068542887,0.006796592517623814,0.0013537829007542967,-43.18519984471335,-0.13444801614934287,-0.32667834795041256,-9.038027726300156,66.49617500016434,-45.25453383621552,62.797633053084,-46.879593475368054
1.6288,-0.11952405545298686,-0.3045048281608368,-9.705789224642563,0.006772288321619649,0.001359515002528232,-43.213708294242046,0.0067874414122103925,0.001346023087005789,-43.19835526434443,-0.1354090894372854,-0.3271166031261317,-9.019072135819783,66.3412180935872,-45.24396218637493,62.64752518081117,-46.85950327417886
1.6296,-0.12046182274417166,-0.3049670471416452,-9.685271009995361,0.006762956963598088,0.0013518853826763404,-43.22710846479643,0.006778277317184366,0.0013383386857817,-43.21152211764942,-0.13637323463944717,-0.32755058094023787,-9.000189703728092,66.18643148868695,-45.23258557974443,62.49764149260354,-46.83865762573033
1.6304,-0.12140281600380806,-0.3054251485268473,-9.664831020096713,0.00675361251400368,0.0013443323917492244,-43.2405208231895,0.006769100677976771,0.0013307298216348083,-43.22470005908828,-0.13734042876477695,-0.32798026979138845,-8.981380087092262,66.03181963788734,-45.22040826845246,62.34798574925727,-46.8170609427464
1.6312,-0.12234701290497853,-0.30587911967699855,-9.644468859877465,0.006744255442741778,0.0013368561558689093,-43.25394499266386,0.006759911939540347,0.0013231966150265607,-43.23788874079412,-0.1383106488464603,-0.3284056582026681,-8.962642944620773,65.87738692873447,-45.207434514175375,62.198561649671085,-46.79471763886759
1.6320000000000001,-0.12329439113363422,-0.3063289480776592,-9.624184136490642,0.00673488621945039,0.001329456796725078,-43.26738059360196,0.006750711546306408,0.0013157391823574091,-43.25108781256866,-0.13928387194230393,-0.3288267348205995,-8.943977936667615,65.72313768431253,-45.19366858738737,62.04937283134533,-46.77163212800733
1.6328,-0.12424492838903425,-0.3067746213385439,-9.6039764593075,0.006725505313453303,0.001322134431602297,-43.28082724352082,0.006741499942142329,0.0013083576359975142,-43.26429692187751,-0.14026007513510436,-0.3292434884141538,-8.925384725236237,65.56907616366568,-45.17911476662214,61.90042287088489,-46.747808823720284
1.6336,-0.1251986023841802,-0.3072161271926743,-9.583845439913222,0.006716113193713708,0.001314889173407635,-43.29428455706669,0.006732277570309523,0.0013010520843177542,-43.277515713845354,-0.14123923553301074,-0.32965590787376836,-8.906862973983039,65.41520656222427,-45.1637773377466,61.751715284503916,-46.72325213858287
1.6344,-0.12615539084623806,-0.3076534534955345,-9.563790692102387,0.0067067103287883545,0.001307721130698689,-43.307752146009804,0.006723044873421982,0.001293822631721071,-43.29074383125109,-0.1422213302698743,-0.3300639822103657,-8.88841234822053,65.26153301223631,-45.14766059324648,61.60325352853372,-46.697966483585624
1.6352,-0.12711527151695193,-0.3080865882242283,-9.543811831874162,0.006697297186782235,0.0013006304077120168,-43.32122961923902,0.006713802293405378,0.0012866693786741349,-43.30398091452278,-0.1432063365055873,-0.33046770055437724,-8.870032514920156,65.1080595832035,-45.13076883152383,61.45504099993268,-46.67195626753743
1.6360000000000001,-0.12807822215305065,-0.30851551947663924,-9.523908477427241,0.006687874235303792,0.0012936171043919306,-43.33471658275649,0.006704550271456675,0.0012795924217393004,-43.31722660173269,-0.14419423142641458,-0.33086705215476964,-8.851723142714775,64.9547902823212,-45.11310635620605,61.30708103679836,-46.64522589648138
1.6368,-0.12904422052664274,-0.3089402354705943,-9.504080249154537,0.006678441941420661,0.0012866813164196973,-43.34821263967237,0.006695289248004329,0.0012725918536068753,-43.33048052859197,-0.14518499224531098,-0.3312620263780763,-8.833483901900797,64.80172905492319,-45.09467747546705,61.15937691888158,-46.61777977312248
1.6376,-0.1300132444256046,-0.3093607245430276,-9.484326769637685,0.006669000771615928,0.0012798231352430854,-43.361717390199466,0.006686019662668994,0.0012656677631276692,-43.34374232844553,-0.14617859620223278,-0.33165261270743174,-8.815314464440014,64.64887978492989,-45.07548650135947,61.01193186810207,-46.58962229626655
1.6384,-0.13098527165395912,-0.3097769751491503,-9.464647663641268,0.0066595511917449555,0.001273042648106282,-43.375230431647935,0.006676741954224821,0.0012588202353458337,-43.357011632266634,-0.14717502056443546,-0.33203880074161085,-8.797214503961136,64.49624629530064,-45.05553774915904,60.864749049066035,-46.56075786027098
1.6392,-0.13196028003224433,-0.31018897586162,-9.4450425581069,0.00665009366699273,0.0012663399380801767,-43.38875135841996,0.006667456560561271,0.0012520493515319703,-43.37028806865152,-0.14817424262676304,-0.3324205801940692,-8.779183695761057,64.34383234848943,-45.03483553672006,60.7178315695851,-46.531190854506335
1.6400000000000001,-0.13293824739787635,-0.31059671536971534,-9.42551108214703,0.006640628661831721,0.0012597150840929577,-43.40227976200451,0.006658163918645491,0.0012453551892165058,-43.383571263813856,-0.1491762397119288,-0.33279794089199205,-8.761221716805753,64.19164164690389,-45.01338418384241,60.571182481196,-46.50092566282951
1.6408,-0.13391915160550047,-0.3110001824785116,-9.40605286703865,0.006631156639980342,0.0012531681609610843,-43.415815230972,0.006648864464485242,0.00123873782222333,-43.39686084157922,-0.15018098917078318,-0.3331708727753424,-8.743328245731023,64.03967783336765,-44.99118801164987,60.42480477968218,-46.46996666306779
1.6416,-0.13490297052733619,-0.31139936610806046,-9.386667546216728,0.006621678064361898,0.001246699239420554,-43.42935735096909,0.006639558633092369,0.0012321973207036743,-43.410156423379405,-0.15118846838257521,-0.33353936589591715,-8.725502962842846,63.88794449158551,-44.96825134197979,60.27870140559556,-46.43831822651409
1.6424,-0.13588968205351284,-0.3117942552925722,-9.367354755267524,0.006612193397064096,0.0012403083861585095,-43.442905704713496,0.006630246858446821,0.001225733751170246,-43.423457628246766,-0.15219865475520203,-0.33390341041640437,-8.707745550117588,63.736445146611324,-44.94457849678368,60.132875244779605,-46.40598471743279
1.6432,-0.13687926409239498,-0.31218483917960066,-9.348114131921747,0.006602703099299132,0.0012339956638451578,-43.456459871988706,0.0066209295734612405,0.001219347176531589,-43.43676407280831,-0.15321152572544897,-0.33426299660944647,-8.690055691201895,63.585183265319,-44.920173797539434,59.987329128892696,-46.37297049257658
1.6440000000000001,-0.13787169457090379,-0.3125711070292312,-9.328945316047504,0.006593207631364269,0.0012277611311659767,-43.470019429638924,0.00661160720994605,0.0012130376561266644,-43.45007537128002,-0.15422705875922202,-0.33461811485670745,-8.672433071412357,63.434162256875176,-44.89504156467374,59.842065835932075,-46.33927990071387
1.6448,-0.13886695143482505,-0.31295304821327213,-9.30984794964315,0.006583707452603009,0.0012216048428542456,-43.48358395156395,0.006602280198575171,0.0012068052457596715,-43.46339113546077,-0.15524523135176804,-0.3349687556479433,-8.654877377734973,63.283385473214665,-44.86918611699621,59.69708809075821,-46.3049172821668
1.6456,-0.13986501264911308,-0.31333065221444906,-9.290821676829962,0.006574203021366792,0.0012155268497238275,-43.49715300871405,0.006592948968852191,0.001200649997735053,-43.47671097472646,-0.1562660210278883,-0.3353149095800774,-8.637388298824373,63.132856209517975,-44.8426117711439,59.55239856561911,-46.26988696835939
1.6464,-0.14086585619818445,-0.3137039086256015,-9.271866143844704,0.006564694794977257,0.001209527198702264,-43.510726169085046,0.006583613949077162,0.0011945719608927323,-43.49003449602395,-0.15728940534214142,-0.3356565673562817,-8.61996552500279,62.982577704690314,-44.81532284103651,59.4079998806748,-46.23419328137653
1.6472,-0.14186946008620255,-0.3140728071488843,-9.252980999032044,0.006555183229689048,0.0012036059328641262,-43.52430299771329,0.006574275566313901,0.0011885711806435164,-43.50336130386495,-0.1583153618790354,-0.3359937197850579,-8.602608748258952,62.83255314184304,-44.787323637342695,59.26389460452201,-46.19784053353258
1.6480000000000001,-0.1428758023373575,-0.3144373375949706,-9.234165892836844,0.006545668780653161,0.0011977630914646266,-43.53788305667084,0.006564934246357837,0.0011826476990047159,-43.51669100031995,-0.15934386825321514,-0.3363263577793292,-8.58531766224657,62.68278564877595,-44.75861846695635,59.12008525471785,-46.160833026950534
1.6488,-0.14388486099613423,-0.3147974898822588,-9.215420477796382,0.006536151901880883,0.001191998709973493,-43.55146590506056,0.006555590413704433,0.00117680155463593,-43.530023185011984,-0.16037490210963548,-0.33665447235553114,-8.568091962282853,62.533278298461624,-44.72921163248374,58.97657429830403,-46.1231750531508
1.6496,-0.14489661412757546,-0.3151532540360832,-9.196744408532382,0.0065266330462082165,0.0011863128201090914,-43.56505109901143,0.0065462444915181045,0.0011710327828750064,-43.54335745511044,-0.1614084411237297,-0.3369780546327098,-8.550931345346685,62.38403410953068,-44.69910743174092,58.83336415232995,-46.08487089264995
1.6503999999999999,-0.1459110398175353,-0.3155046201879267,-9.17813734174303,0.006517112665260926,0.0011807054498727727,-43.57863819167386,0.006536896901601732,0.0011653414157741686,-43.55669340532478,-0.1624444630015659,-0.3372970958316237,-8.533835510076695,62.23505604675816,-44.66831015726126,58.690457184375596,-46.045924814569325
1.6512,-0.1469281161729261,-0.3158515785746384,-9.159598936194818,0.006507591209420093,0.0011751766235834763,-43.59222673321515,0.006527548064366666,0.0011597274821362996,-43.570030627898234,-0.163482945479997,-0.3376115872738508,-8.516804156769116,62.08634702155118,-44.63682409581344,58.547855713073275,-46.00634107625293
1.6520000000000001,-0.14794782132195525,-0.3161941195376527,-9.141128852714372,0.00649806912778825,0.001169726361912536,-43.60581627081487,0.006518198398803307,0.0011541910075513965,-43.583368712601526,-0.16452386632679938,-0.33792152038089895,-8.499836987375543,61.93790989243721,-44.604653527929145,58.405562008629204,-45.966123922895235
1.6528,-0.14897013341435728,-0.316532233522214,-9.122726754180109,0.006488546868156044,0.0011643546819187088,-43.6194063486606,0.00650884832245221,0.001148732014433137,-43.59670724672644,-0.165567203340805,-0.33822688667332274,-8.482933705500454,61.78974746555296,-44.571802727441124,58.26357829334329,-45.92527758717795
1.6536,-0.14999503062161712,-0.31686591107660317,-9.104392305513876,0.006479024876969469,0.0011590615970834151,-43.63299650794354,0.006499498251375712,0.0011433505220556034,-43.61004581507949,-0.16661293435202465,-0.33852767776984294,-8.466094016398635,61.64186249513398,-44.53827596103079,58.121906742128616,-45.88380628891625
1.6543999999999999,-0.151022491137185,-0.31719514285136763,-9.086125173672494,0.0064695035992976425,0.001153847117346173,-43.646586286854365,0.006490148600130125,0.0011380465465901353,-43.6233839999755,-0.1676610372217613,-0.3388238853864731,-8.449317626972439,61.49425768400462,-44.50407748778572,57.98054948302927,-45.841714234714196
1.6552,-0.1520524931766848,-0.31751991959855597,-9.067925027639234,0.006459983478801141,0.0011487112491402253,-43.66017522057913,0.006480799781738422,0.0011328201011423006,-43.63672138123121,-0.16871148984271625,-0.3391155013356491,-8.432604245768884,61.346935684068384,-44.46921155876683,57.83950859773708,-45.79900561762899
1.6560000000000001,-0.15308501497811355,-0.31784023217095575,-9.049791538415207,0.006450464957700894,0.0011436539954283603,-43.6737628412953,0.006471452207663505,0.0011276711957889916,-43.65005753615878,-0.16976427013908552,-0.3394025175253637,-8.415953582976677,61.19989909679826,-44.433682416585306,57.698786122107194,-45.755684616844306
1.6568,-0.1541200348020356,-0.3181560715213329,-9.031724379010752,0.006440948476747588,0.0011386753557388967,-43.68734867816795,0.006462106287781946,0.0011225998376156148,-43.663392039559426,-0.1708193560666495,-0.3396849259583068,-8.399365350423043,61.05315047372736,-44.3974942949884,57.55838404667181,-45.71175539735228
1.6576,-0.15515753093176834,-0.318467428701679,-9.01372322443666,0.006431434475191689,0.0011337753262018406,-43.700932257346054,0.0064527624303582845,0.0011176060307534002,-43.676724463716965,-0.1718767256128535,-0.33996271873101025,-8.382839261570453,60.906692316939036,-44.36065141845539,57.41830431715257,-45.667222109644165
1.6583999999999999,-0.1561974816735604,-0.31877429486245745,-8.995787751695465,0.006421923390753931,0.0011289538995852234,-43.714513101958914,0.006443421042019853,0.0011126897764167922,-43.69005437839134,-0.17293635679688002,-0.34023588803299715,-8.366375031513245,60.76052707955722,-44.32315800180206,57.27854883497127,-45.62208888940964
1.6592,-0.15723986535676293,-0.31907666125185735,-8.977917639772594,0.006412415659596444,0.001124211065331553,-43.728090732112776,0.006434082527732116,0.0011078510729409456,-43.703381350812194,-0.173998227669713,-0.3405044261459367,-8.349972376974113,60.61465716623628,-44.28501824979485,57.13911945775892,-45.57635985724441
1.6600000000000001,-0.15828466033399308,-0.31937451921504734,-8.960112569627547,0.0064029117162943405,0.00111954680959446,-43.74166466488754,0.006424747290774525,0.0011030899158192818,-43.71670494567249,-0.17506231631419367,-0.34076832544280344,-8.333631016300503,60.469084933650485,-44.246236356773714,57.000017999862905,-45.53003911836623
1.6608,-0.15933184498129094,-0.3196678601934365,-8.942372224184986,0.006393411993807909,0.001114961115275453,-43.755234414333714,0.0064154157327169,0.001098406297741152,-43.73002472512205,-0.17612860084506854,-0.34102757838704223,-8.31735066946089,60.323812690983004,-44.20681650628421,56.861246232852274,-45.48313076233908
1.6616,-0.1603813976982712,-0.31995667572393766,-8.92469628832576,0.0063839169234553225,0.0011104539620608066,-43.76879949146941,0.006406088253396314,0.0010938002086295303,-43.74334024876119,-0.17719705940903072,-0.3412821775317374,-8.30113105804096,60.178842700413725,-44.166762870718024,56.72280588602096,-45.43563886280526
1.6623999999999999,-0.1614332969082634,-0.32024095743823316,-8.90708444887801,0.006374426934885905,0.0011060253264585898,-43.78235940427767,0.006396765250894493,0.0010892716356788162,-43.75665107363437,-0.1782676701847514,-0.3415321155187886,-8.28497190523968,60.034177177607305,-44.12607961096261,56.58469864688902,-45.38756747722577
1.6632,-0.16248752105844994,-0.3205206970620476,-8.889536394608095,0.006364942456053918,0.0011016751818358004,-43.79591365770387,0.0063874471215157585,0.0010848205633926457,-43.7699567542238,-0.17934041138290469,-0.3417773850780892,-8.26887293586531,59.889818292199344,-44.084770876059245,56.446926161701896,-45.3389206466282
1.6640000000000001,-0.16354404861999314,-0.320795886414421,-8.872051816211638,0.006355463913192909,0.0010974034984556147,-43.809461753653295,0.0063781342597653895,0.0010804469736217992,-43.783256842443265,-0.18041526124618384,-0.3420179790267128,-8.25283387633131,59.74576816828246,-44.04284080286964,56.309490035927226,-45.28970239536267
1.6648,-0.16460285808815842,-0.32106651740698855,-8.85463040630443,0.006345991730790598,0.0010932102435147449,-43.82300319098899,0.006368827058328603,0.0010761508456021173,-43.79655088763172,-0.18149219804931038,-0.3422538902681026,-8.236854454652146,59.60202888489071,-44.00029351575098,56.172391834749554,-45.23991673086503
1.6656,-0.16566392798243032,-0.3213325820432624,-8.837271859413379,0.006336526331564273,0.0010890953811808738,-43.836537465529815,0.0063595259080499395,0.0010719321559924827,-43.809838436547174,-0.1825712000990371,-0.3424851117912671,-8.220934400439038,59.45860247648309,-43.95713312623909,56.03563308356255,-45.18956764342782
1.6663999999999999,-0.16672723684661991,-0.3215940724179191,-8.819975871967419,0.006327068136436737,0.001085058872630207,-43.850064070048624,0.006350231197913208,0.0010677908789128083,-43.82311903336051,-0.18365224573414057,-0.34271163666998106,-8.20507344489562,59.315490933425906,-43.913363732740166,55.899215268459045,-45.13865910597853
1.6672,-0.1677927632489675,-0.3218509807160892,-8.802742142288416,0.006317617564512798,0.0010811006760850887,-43.86358249427075,0.0063409433150218636,0.0010637269859820793,-43.83639221964938,-0.18473531332540882,-0.34293345806199155,-8.189271320813535,59.17269620247369,-43.86898942023014,55.76313983671825,-45.087195073865054
1.6680000000000001,-0.16886048578223717,-0.3221032992126523,-8.785570370582063,0.00630817503305627,0.0010772207468516969,-43.87709222487268,0.00633166264457997,0.001059740446356402,-43.84965753439215,-0.18582038127561853,-0.3431505692082295,-8.173527762567957,59.030220187248815,-43.82401425996244,55.6274081972911,-45.035179484648616
1.6688,-0.1699303830638059,-0.32235102027153534,-8.768460258928757,0.00629874095746752,0.0010734190373578188,-43.89059274548099,0.006322389569873552,0.0010558312267670588,-43.86291451396193,-0.18690742801950874,-0.3433629634320252,-8.157842506113074,58.888064748719515,-43.77844230918326,55.49202172128232,-44.982616257903125
1.6696,-0.17100243373574672,-0.32259413634501566,-8.751411511274455,0.00628931575126151,0.0010696954971906667,-43.90408353667147,0.006313124472252472,0.0010519992915586011,-43.87616269212071,-0.1879964320237445,-0.3435706341383327,-8.142215288977425,58.74623170567637,-43.73227761085491,55.356981742430186,-44.92950929502227
1.6703999999999999,-0.17207661646490333,-0.32283263997302736,-8.73442383342156,0.006279899826046396,0.0010660500731347726,-43.91756407596863,0.00630386773111283,0.0010482446027269094,-43.88940160001348,-0.18908737178687537,-0.34377357481295534,-8.12664585025928,58.6047228352072,-43.68552419338659,55.22228955758356,-44.875862479032634
1.6712,-0.1731529099429604,-0.32306652378247197,-8.717496933019792,0.006270493591502614,0.0010624827092099206,-43.93103383784531,0.006294619723879754,0.0010445671199572882,-43.9026307661626,-0.19018022583928418,-0.3439717790217794,-8.111133930621907,58.4635398731702,-43.638186070372825,55.08794642717626,-44.821679674414106
1.6720000000000002,-0.1742312928865052,-0.3232957804865336,-8.700630519557063,0.006261097455362522,0.0010589933467091308,-43.94449229372269,0.006285380825990751,0.0010409668006625295,-43.915849716462034,-0.19127497274313,-0.344165240410013,-8.095679272288809,58.322684514665454,-43.59026724033939,54.953953575698684,-44.76696472692676
1.6728,-0.17531174403708563,-0.3235204028839984,-8.683824304350336,0.0062517118233905425,0.00105558192423666,-43.95793891197043,0.006276151410879472,0.0010374436000209785,-43.929057974171926,-0.19237159109228533,-0.34435395270142954,-8.080281619038878,58.18215841450425,-43.54177168649657,54.820312192166334,-44.71172146344399
1.6736,-0.1763942421612609,-0.323740383858577,-8.667078000536511,0.006242337099363776,0.0010522483777460592,-43.97137315790734,0.006266931849959975,0.0010339974710145635,-43.94225505991309,-0.19347005951226517,-0.344537909697617,-8.064940716201546,58.041963187676714,-43.49270337649942,54.687023430585725,-44.6559536917923
1.6743999999999999,-0.17747876605064514,-0.3239557163782333,-8.650391323063301,0.006232973685053195,0.0010489926405782384,-43.984794493802085,0.00625772251261143,0.0010306283644668352,-43.955440491661705,-0.19457035666014857,-0.34471710527723354,-8.049656310651855,57.9021004098174,-43.443066262215666,54.55408841041731,-44.59966520059725
1.6752,-0.17856529452194625,-0.3241663934945148,-8.633763988680146,0.006223621980205288,0.0010458146434995604,-43.998202378874396,0.006248523766163291,0.0010273362290809452,-43.96861378474418,-0.19567246122449553,-0.344891533395268,-8.0344281508055,57.76257161766885,-43.39286427950005,54.42150821703534,-44.54285975913568
1.6760000000000002,-0.1796538064169967,-0.3243724083418902,-8.61719571592911,0.006214282382524256,0.0010427143147399235,-44.01159626929641,0.00623933597588096,0.0010241210114776116,-43.98177445183194,-0.19677635192525297,-0.3450611880823054,-8.01925598661385,57.62337830954301,-43.342101347976154,54.289283902185176,-44.485541117193875
1.6768,-0.18074428060278114,-0.32457375413708783,-8.60068622513581,0.006204955287654637,0.0010396915800308941,-44.02497561819462,0.006230159504951824,0.0010209826562330429,-43.99492200293661,-0.19788200751365906,-0.3452260634437998,-8.004139569558909,57.48452194578055,-43.290781370824604,54.15741648443686,-44.42771300493185
1.6776,-0.18183669597145624,-0.32477042417844243,-8.58423523840033,0.006195641089164534,0.0010367463626437883,-44.03833987565173,0.006220994714471831,0.0010179211059168332,-44.008055945405154,-0.19898940677213897,-0.3453861536593519,-7.989078652648203,57.346003949207635,-43.23890823457833,54.02590694963607,-44.36937913275333
1.6784,-0.1829310314403645,-0.3249624118452426,-8.567842479588188,0.00618634017852922,0.0010338785834277842,-44.051688488709395,0.006211841963432424,0.0010149363011297632,-44.02117578391524,-0.20009852851419194,-0.34554145298199035,-7.974072990409768,57.20782570559088,-43.186485808924175,53.894756251352106,-44.31054319118149
1.6792,-0.18402726595204322,-0.32514971059708475,-8.551507674321307,0.006177052945115329,0.0010310881608480164,-44.06502090137079,0.006202701608708019,0.001012028180541621,-44.03428102047063,-0.20120935158427436,-0.3456919557374635,-7.959122338886947,57.06998856408959,-43.13351794651128,53.76396531132245,-44.25120885074072
1.6800000000000002,-0.18512537847422572,-0.32533231397323087,-8.53523054996901,0.006167779776165486,0.0010283750110236373,-44.078336554603894,0.0061935740050438,0.0010091966809289204,-44.04737115439701,-0.20232185485767612,-0.34583765632353164,-7.9442264556332685,56.93249383770597,-43.0800084827658,53.63353501989421,-44.19137976184332
1.6808,-0.1862253479998391,-0.32551021559196985,-8.51901083563903,0.006158521056783435,0.0010257390477658736,-44.09163488634502,0.006184459505044042,0.0010064417372125521,-44.060445682337686,-0.20343601724038857,-0.34597854920926885,-7.9293850997072655,56.79534280373257,-43.02596123571179,53.503466236462714,-44.13105955468237
1.6816,-0.18732715354699606,-0.32568340914998595,-8.502848262168515,0.006149277169919653,0.0010231801826160484,-44.10491533150272,0.006175358459160821,0.0010037632824954213,-44.0735040982496,-0.20455181766897043,-0.3461146289343689,-7.914598031667239,56.658536704197125,-42.97138000579858,53.373759789906224,-44.07025183912925
1.6824,-0.18843077415897896,-0.32585188842172735,-8.486742562115134,0.006140048496357413,0.0010206983248835736,-44.118177321962136,0.006166271215683147,0.0010011612480999436,-44.08654589339953,-0.20566923511040208,-0.34624589010845697,-7.899865013566078,56.52207674630555,-42.91626857573399,53.24441647901823,-44.00896020463695
1.6832,-0.18953618890422044,-0.32601564725878374,-8.47069346974813,0.0061308354146993775,0.0010182933816838891,-44.13142028658968,0.006157198120726539,0.000998635563605546,-44.09957055636049,-0.20678824856193811,-0.34637232741040785,-7.8851858089459785,56.38596410288165,-42.860630710323896,53.1154370729359,-43.947188220148334
1.6840000000000002,-0.19064337687627717,-0.32617467958926505,-8.454700721039444,0.006121638301354609,0.0010159652579763867,-44.14464365123821,0.006148139518222982,0.000996186156886028,-44.112577573008245,-0.20790883705095023,-0.3464939355876694,-7.870560182833205,56.250199912804476,-42.80447015631742,52.98682231156556,-43.88493943400951
1.6848,-0.19175231719379845,-0.3263289794171871,-8.438764053654847,0.0061124575305260866,0.0010137138566022545,-44.15784683875256,0.006139095749911352,0.0009938129541468821,-44.125566426518105,-0.20903097963476686,-0.3466107094555924,-7.85598790173281,56.11478528144323,-42.74779064225827,52.858572906004795,-43.82221737388817
1.6856,-0.19286298900049023,-0.32647854082185895,-8.422883206945121,0.0061032934741986275,0.0010115390783222798,-44.17102926897559,0.00613006715532818,0.0009915158799625014,-44.138536597361934,-0.21015465540050612,-0.3467226438967658,-7.8414687336233255,55.97972128108921,-42.69059587834134,52.73068953896112,-43.759025546696726
1.6864,-0.19397537146507324,-0.3266233579572784,-8.407057921937234,0.006094146502127356,0.001009440821854617,-44.18419035875453,0.006121054071798867,0.000989294857313324,-44.15148756330535,-0.21127984346490128,-0.34682973386035915,-7.827002447951466,55.84500895138494,-42.63288955627549,52.60317286516749,-43.695367438520464
1.6872,-0.1950894437812347,-0.32676342505152883,-8.391287941325599,0.006085016981826562,0.0010074189839124313,-44.197329521947985,0.006112056834429264,0.0009871498076228676,-44.16441879940521,-0.21240652297412269,-0.34693197436146833,-7.812588815626831,55.71064929975104,-42.57467534915148,52.47602351179438,-43.631246514550085
1.6880000000000002,-0.19620518516757532,-0.3268987364061827,-8.375573009463324,0.006075905278559013,0.001005473459241548,-44.21044616943321,0.0061030757760977125,0.000985080650794672,-44.17732977800721,-0.21353467310359087,-0.3470293604804704,-7.798227609016567,55.57664330180979,-42.51595691131569,52.34924207885873,-43.5666662190192
1.6888,-0.19732257486755198,-0.32702928639570905,-8.359912872353501,0.006066811755325773,0.0010036041406579707,-44.223539709114014,0.0060941112274474,0.0009830873052491483,-44.19021996874388,-0.2146642730577862,-0.3471218873623824,-7.783918601940057,55.44299190180617,-42.456737878248866,52.222829139629226,-43.50162997514604
1.6896,-0.19844159214941495,-0.32715506946688444,-8.34430727764056,0.006057736772856378,0.0010018109190853472,-44.236609545929014,0.006085163516879114,0.000981169687960322,-44.20308883853279,-0.21579530207005423,-0.3472095502162265,-7.769661569663554,55.30969601302594,-42.397021866450245,52.09678524102815,-43.4361411850796
1.6904,-0.19956221630613866,-0.32727608013821124,-8.328755974601604,0.00604868068959954,0.0010000936835923475,-44.249655081860496,0.006076232970544426,0.0009793277144924597,-44.215935851574926,-0.2169277394024006,-0.34729234431440265,-7.755456288894865,55.17675651821079,-42.33681247332712,51.97111090403031,-43.37020322985058
1.6912,-0.2006844266553488,-0.32739231299933813,-8.313258714137838,0.006039643861714204,0.0009984523214299676,-44.26267571594379,0.0060673199123392,0.0009775612990366056,-44.22876046935353,-0.21806156434528498,-0.34737026499206436,-7.741302537778008,55.044174269970746,-42.27611327708901,51.84580662405804,-43.30381946932581
1.6920000000000002,-0.2018082025392436,-0.32750376271048637,-8.297815248765989,0.006030626643061129,0.0009968867180687236,-44.275670844277,0.006058424663897518,0.0009758703544469971,-44.24156215063298,-0.2191967562174061,-0.3474433076465041,-7.727200095887859,54.91195009119358,-42.2149278366473,51.72087287137326,-43.23699324216762
1.6928,-0.20293352332450962,-0.3276104240018806,-8.282425332609812,0.006021629385194806,0.0009953967572357435,-44.2886398600315,0.006049547544585936,0.000974254792277346,-44.25434035145818,-0.22033329436548388,-0.3475114677365418,-7.713148744224831,54.78008477545128,-42.15325969151953,51.596310091465774,-43.169727865796766
1.6936,-0.20406036840223496,-0.3277122916731849,-8.267088721391563,0.006012652437355868,0.0009939823209517981,-44.30158215346278,0.006040688871498103,0.0009727145228170474,-44.26709452515415,-0.2214711581640358,-0.3475747407819212,-7.699148265209489,54.648579087403434,-42.091112361738524,51.47211870543819,-43.10202663635943
1.6944,-0.2051887171878153,-0.32780936059294125,-8.251805172423602,0.006003696146463855,0.0009926432895681905,-44.314497111922,0.006031848959449773,0.0009712494551272025,-44.27982412232592,-0.22261032701514522,-0.34763312236271143,-7.685198442677265,54.51743376319777,-42.02848934776613,51.34829911038783,-43.03389282869843
1.6952,-0.2063185491208548,-0.3279016256980178,-8.236574444599942,0.005994760857110493,0.0009913795418035473,-44.3273841198679,0.006023028120974169,0.0009698594970765686,-44.29252859085872,-0.22375078034822798,-0.3476866081187167,-7.671299061873073,54.38664951086768,-41.96539413041213,51.224851679784535,-42.96532969632801
1.6960000000000002,-0.20744984366506347,-0.32798908199305654,-8.22139629838791,0.0059858469115532855,0.0009901909547805165,-44.340242558879524,0.0060142266663176435,0.0009685445553773835,-44.30520737591864,-0.22489249761979146,-0.3477351937488884,-7.657449909446013,54.25622701072662,-41.901830170757144,51.10177676384571,-42.896340471412316
1.6968,-0.20858258030815027,-0.3280717245499274,-8.206270495819844,0.005976954649709551,0.0009890774040623126,-44.35307180766937,0.006005444903435751,0.0009673045356210015,-44.317859919953406,-0.22603545831318878,-0.3477788750107477,-7.643650773444026,54.1261669157597,-41.83780091008007,50.97907468990767,-42.82692836474786
1.6976,-0.20971673856171014,-0.32814954850718997,-8.191196800484757,0.0059680844091508775,0.0009880387636891955,-44.365871242097185,0.00599668313798962,0.0009661393423134705,-44.3304856626937,-0.22717964193836918,-0.34781764771981144,-7.6299014433085794,53.99646985201171,-41.77330976979029,50.8567457627933,-42.757096565749215
1.6984,-0.21085229796110674,-0.32822254906955606,-8.17617497752015,0.00595923652509796,0.0009870749062147735,-44.378640235184335,0.005987941673342667,0.0009650488789109187,-44.34308404115471,-0.22832502803162186,-0.3478515077490249,-7.6162017098693715,53.86713641897277,-41.70836015136384,50.73479026517683,-42.68684824243845
1.6992,-0.2119892380653509,-0.32829072150736055,-8.161204793603767,0.00595041133041583,0.0009861857027422029,-44.3913781571289,0.005979220810557667,0.0009640330478548363,-44.35565448963814,-0.22947159615531554,-0.34788045102820314,-7.602551365338982,53.738167189960244,-41.64295543628405,50.613208457944644,-42.61618654143809
1.7000000000000002,-0.21312753845697407,-0.32835406115603416,-8.146286016945481,0.005941609155609504,0.0009853710229602683,-44.4040843753212,0.005970520848394122,0.0009630917506072037,-44.368196439734504,-0.23061932589763184,-0.34790447354347365,-7.588950203307654,53.60956271249811,-41.5770989859861,50.492000580553324,-42.54511458796706
1.7008,-0.21426717874189738,-0.32841256341558195,-8.131418417279203,0.005932830328819943,0.0009846307351793252,-44.41675825436022,0.0059618420833059725,0.0009622248876854744,-44.38070932032582,-0.23176819687229558,-0.3479235713367308,-7.575398018737966,53.481323508692974,-41.5107941418057,50.37116685138362,-42.47363548584044
1.7016,-0.21540813854929777,-0.3284662237500696,-8.116601765854732,0.005924075175820505,0.000983964706367072,-44.429399156070424,0.0059531848094395955,0.0009614323586974206,-44.39319255758883,-0.23291818871829933,-0.34793774050509335,-7.561894607959559,53.353450075606624,-41.44404422493196,50.25070746809132,-42.40175231747193
1.7024,-0.21655039753146668,-0.32851503768711066,-8.10183583542981,0.005915344020013683,0.0009833728021842395,-44.442006439519446,0.0059445493186321575,0.0009607140623758416,-44.40564557499844,-0.23406928109962344,-0.3479469772003691,-7.548439768663896,53.22594288562619,-41.37685253636405,50.13062260795482,-42.32946814387989
1.7032,-0.21769393536366738,-0.32855900081736045,-8.087120400262112,0.005906637182428234,0.0009828548870201006,-44.45457946103632,0.00593593590041026,0.000960069896613094,-44.41806779333162,-0.23522145370495068,-0.3479512776285261,-7.535033299899016,53.09880238683057,-41.309222356871445,50.01091242821903,-42.25678600469614
1.7040000000000002,-0.2188387317439845,-0.3285981087940145,-8.072455236101346,0.005897954981716719,0.000982410824027816,-44.46711757423046,0.005927344841988866,0.0009594997584955019,-44.430458630671865,-0.23637468624737626,-0.3479506380491698,-7.521675002064318,52.972029003354294,-41.24115694695838,49.89157706643627,-42.18370891817786
1.7048,-0.21998476639317358,-0.3286323573323138,-8.057840120181334,0.00588929773415337,0.0009820404751597082,-44.47962013001125,0.005918776428270567,0.0009590035443375979,-44.44281750241393,-0.23752895846411431,-0.34794505477502713,-7.508364676905321,52.84562313574745,-41.17265954683169,49.77261664080336,-42.11023988122265
1.7056,-0.2211320190545036,-0.32866174220905203,-8.043274831212177,0.005880665753632299,0.0009817437012022811,-44.49208647660856,0.0059102309418451,0.000958581149716224,-44.455143821269054,-0.23868425011619857,-0.3479345241714371,-7.49510212750849,52.71958516133327,-41.10373337637229,49.654031250495656,-42.03638186938602
1.7064,-0.2222804694935961,-0.3286862592620911,-8.028759149372455,0.0058720593516661266,0.0009815203618111573,-44.50451595959364,0.005901708662989205,0.0009582324695044575,-44.467436997270696,-0.2398405409881795,-0.34791904265584767,-7.481887158296031,52.593915434562,-41.03438163511033,49.53582097599749,-41.962137836902116
1.7072,-0.22343009749825885,-0.3287059043898767,-8.014292856301537,0.005863478837384883,0.0009813703155458393,-44.51690792190105,0.005893209869666717,0.000957957397905381,-44.47969643778067,-0.24099781088781666,-0.3478986066973176,-7.46871957502075,52.46861428736215,-40.964607502203435,49.417985879429544,-41.887510716706736
1.7080000000000002,-0.22458088287831765,-0.3287206735509659,-7.999875735091807,0.0058549245175353055,0.0009812934199043078,-44.5292617038512,0.00588473483752898,0.0009577558284857238,-44.491921547495764,-0.2421560396457648,-0.3478732128160283,-7.455599184760901,52.34368202948808,-40.89441413641897,49.300526004872665,-41.812503420463585
1.7088,-0.22573280546544258,-0.3287305627635544,-7.985507570281047,0.005846396696480478,0.0009812895313574485,-44.541576643173585,0.005876283839915493,0.0009576276542093093,-44.50411172845492,-0.24331520711525925,-0.34784285758279837,-7.442525795915054,52.21911894886478,-40.823804676119124,49.183441378688414,-41.73711883859253
1.7096,-0.2268858451129718,-0.32873556810501003,-7.97118814784482,0.005837895676199783,0.0009813585053833319,-44.55385207503089,0.00586785714785491,0.0009575727674703523,-44.516266380046744,-0.24447529317179462,-0.3478075376186077,-7.4294992181969715,52.094925311929266,-40.75278223924917,49.06673200983617,-41.66135984030084
1.7104,-0.22803998169572906,-0.32873568571141276,-7.956917255188917,0.005829421756289173,0.0009815001965013102,-44.56608733204383,0.005859455030066189,0.0009575910601265843,-44.528384899017716,-0.24563627771279917,-0.3477672495941252,-7.416519262630555,51.97110136396908,-40.68134992332941,48.9503978901873,-41.585229273616534
1.7112,-0.2291951951098387,-0.3287309117770984,-7.942694681141846,0.005820975233961832,0.000981714458305957,-44.57828174431674,0.005851077752960088,0.0009576824235322423,-44.540466679480836,-0.24679814065730596,-0.3477219902292457,-7.4035857415447515,51.847647329457565,-40.60951080544971,48.8344389948356,-41.50872996542453
1.7120000000000002,-0.23035146527253736,-0.3287212425542081,-7.928520215947364,0.005812556404049107,0.0009820011435008314,-44.590434639463965,0.005842725580640939,0.0009578467485708455,-44.55251111292466,-0.24796086194561925,-0.34767175629263286,-7.390698468568501,51.72456341238588,-40.537267942267455,48.718855282404725,-41.431864721504894
1.7128,-0.2315087721219803,-0.3287066743522427,-7.91439365125706,0.005804165559001768,0.0009823601039320512,-44.60254534263708,0.005834398774908569,0.0009580839256878666,-44.56451758822318,-0.2491244215389765,-0.34761654460126723,-7.377857258625732,51.601849796591985,-40.46462437000821,48.60364669535237,-41.354636326573534
1.7136,-0.23266709561704566,-0.3286872035376223,-7.900314780122998,0.00579580298889159,0.000982791190621718,-44.614613176552936,0.005826097595260568,0.0009583938449231581,-44.57648549164597,-0.25028879941920784,-0.34755635202000235,-7.365061927930336,51.47950664608654,-40.39158310446943,48.48881316027097,-41.277047544324866
1.7144,-0.23382641573713406,-0.3286628265332517,-7.886283396990365,0.005787468981413234,0.0009832942538011563,-44.62663746152246,0.005817822298894776,0.0009587763959432916,-44.58841420686896,-0.25145397558839044,-0.34749117546112684,-7.3523122939812,51.357534105375535,-40.31814714102703,48.374354588185376,-41.19910111747691
1.7152,-0.23498671248196482,-0.3286335398180889,-7.872299297690231,0.005779163821886453,0.000983869142943946,-44.63861751548038,0.005809573140711978,0.0009592314680736613,-44.60030311498593,-0.2526199300684986,-0.3474210118839339,-7.3396081755572276,51.2359322997799,-40.2443194546446,48.26027087484727,-41.12079976781852
1.7160000000000002,-0.236147965871367,-0.3285993399267219,-7.858362279432316,0.005770887793258583,0.000984515706798818,-44.65055265401564,0.005801350373318861,0.0009597589503304543,-44.61215159452037,-0.25378664290104996,-0.3473458582942964,-7.32694939271243,51.11470133575215,-40.1701029998856,48.146561901026466,-41.042146196258585
1.7168,-0.23731015594507002,-0.3285602234489477,-7.84447214079781,0.005762641176107359,0.0009852337934223145,-44.66244219040286,0.005793154247031236,0.0009603587314524343,-44.62395902143804,-0.2549540941467498,-0.3472657117442497,-7.314335766770985,50.99384130118963,-40.09550071092785,48.03322753279872,-40.96314308287716
1.7176,-0.2384732627624886,-0.328516187029359,-7.830628681732232,0.00575442424864393,0.0009860232502113297,-44.674285435634545,0.005784985009877387,0.0009610306999325597,-44.63572476916016,-0.2561222638851295,-0.34718056933157987,-7.301767120322371,50.87335226574479,-40.020515501581,47.920267621830725,-40.88379308697867
1.7184,-0.23963726640250357,-0.3284672273669339,-7.816831703538378,0.005746237286716298,0.0009868839239353863,-44.68608169845418,0.0057768429076017385,0.0009617747440494289,-44.64744820857716,-0.2572911322141814,-0.34709042819942026,-7.289243277216492,50.75323428113254,-39.945150265306204,47.807682005661846,-40.80409884714708
1.7192,-0.2408021469632425,-0.32841334121463256,-7.803081008869266,0.005738080563812932,0.00098781566076879,-44.697830285390204,0.005768728183668705,0.0009625907518985543,-44.659128708062994,-0.2584606792499925,-0.34699528553585374,-7.276764062558826,50.63348738143415,-39.869407875238366,47.69547050798242,-40.72406298130266
1.7200000000000002,-0.24196788456185186,-0.32835452537899873,-7.789376401721158,0.005729954351066744,0.0009888183063225492,-44.70953050079082,0.005760641079266745,0.0009634786114234373,-44.67076563349024,-0.25963088512637056,-0.34689513857352217,-7.264329302705627,50.514111583398595,-39.79329118421114,47.583632938909574,-40.643688086760996
1.7208,-0.2431344593342707,-0.32829077671976564,-7.7757176874266385,0.005721858917259228,0.0009898917056761437,-44.72118164685986,0.005752581833312641,0.0009644382104465119,-44.68235834824564,-0.26080172999446927,-0.3467899845892414,-7.251938825259147,50.395106886740365,-39.716803024783665,47.472169095259424,-40.56297674029314
1.7216,-0.24430185143499833,-0.3282220921494692,-7.762104672647695,0.005713794528824996,0.0009910357034090508,-44.732783023693365,0.005744550682455947,0.0009654694366998889,-44.69390621324655,-0.2619731940224106,-0.346679820903626,-7.239592459062835,50.2764732744345,-39.63994620927022,47.361078760816234,-40.481931498188125
1.7224,-0.24547004103686001,-0.3281484686330631,-7.748537165368918,0.005705761449856477,0.0009922501436321247,-44.744333929317236,0.005736547861083672,0.0009665721778559283,-44.70540858695778,-0.2631452573949017,-0.3465646448807166,-7.227290034196634,50.15821071300854,-39.56272352977159,47.250361706598866,-40.40055489631645
1.7232,-0.24663900833076788,-0.3280699031875431,-7.735014974890685,0.005697759942108928,0.0009935348700187531,-44.755833659725724,0.005728573601325163,0.0009677463215576178,-44.71686482540933,-0.2643179003128495,-0.3464444539276185,-7.215031381972247,50.04031915283132,-39.485137758209014,47.1400176911237,-40.31884945019583
1.7240000000000002,-0.24780873352548088,-0.3279863928815745,-7.72153791182241,0.005689790265005734,0.0009948897258358306,-44.76728150892073,0.005720628133057162,0.0009689917554488346,-44.728274282214585,-0.26549110299297135,-0.3463192454941438,-7.202816334928474,49.92279852839902,-39.40719164636019,47.03004646066507,-40.23681765505801
1.7248,-0.24897919684735828,-0.3278979348351246,-7.708105788075894,0.005681852675643818,0.000996314553974529,-44.77867676895244,0.005712711683909022,0.0009703083672043428,-44.739636308589496,-0.26666484566740295,-0.34618901707246147,-7.190644726826535,49.805648758618055,-39.32888792589725,46.92044774951231,-40.15446198591735
1.7256,-0.25015037854011507,-0.32780452621910106,-7.694718416858633,0.005673947428799513,0.0009978091969808623,-44.79001872996033,0.005704824479268156,0.0009716960445597143,-44.750950253372146,-0.2678391085833038,-0.34605376619675526,-7.178516392645445,49.688869747084865,-39.25022930842664,46.81122128022385,-40.0717848976407
1.7264,-0.25132225886456927,-0.32770616425499866,-7.681375612667206,0.005666074776934468,0.0009993734970860763,-44.80130668021569,0.005696966742285625,0.0009731546753409885,-44.762215463043304,-0.26901387200245747,-0.3459134904428871,-7.1664311685774145,49.57246138236292,-39.171218485531675,46.70236676387859,-39.9887888250189
1.7272,-0.2524948180983899,-0.32760284621454366,-7.668077191280788,0.0056582349702019195,0.0010010072962368163,-44.81253990616469,0.005689138693881938,0.000974684147494209,-44.773431281747484,-0.27018911620087116,-0.34576818742806775,-7.154388892023265,49.45642353825673,-39.09185812881581,46.593883900324045,-39.905476182839365
1.728,-0.25366803653583847,-0.32749456941935273,-7.654822969754598,0.005650428256453199,0.0010027104361250976,-44.8237176924726,0.005681340552752969,0.0009762843491147693,-44.78459705131492,-0.2713648214683683,-0.3456178548105352,-7.142389401587906,49.340756074083046,-39.01215088994915,46.485772378421956,-39.82184936596043
1.7288000000000001,-0.25484189448751204,-0.32738133124059077,-7.64161276641345,0.005642654881244368,0.0010044827582180713,-44.834839322069,0.0056735725353760855,0.0009779551684765846,-44.7957121112841,-0.272540968108185,-0.3454624902892388,-7.130432537075774,49.225458834938685,-38.932099400715686,46.37803187629048,-39.73791074938646
1.7296,-0.2560163722800791,-0.3272631290986376,-7.6284464008453545,0.005634915087843183,0.001006324103787632,-44.84590407619382,0.0056658348560164095,0.0009796964940610685,-44.80677579892523,-0.27371753643655466,-0.34530209160353165,-7.118518139486383,49.110531651965985,-38.85170627306304,46.270662061544016,-39.65366268834466
1.7304,-0.2571914502560165,-0.32713996046275756,-7.6153236938951485,0.005627209117236239,0.0010082343139397373,-44.85691123444454,0.005658127726733241,0.0009815082145859817,-44.81778744926439,-0.2748945067822986,-0.34513665653286946,-7.106646051009808,48.99597434261499,-38.7709740991534,46.16366259152973,-39.5691075183629
1.7312,-0.25836710877334,-0.32701182285077696,-7.602244467658188,0.005619537208136334,0.0010102132296436138,-44.867860074824236,0.005650451357386646,0.0009833902190340758,-44.828746395108325,-0.2760718594864067,-0.34496618289651476,-7.0948161150223115,48.88178671090298,-38.68990545141657,46.057033113561715,-39.48424755534856
1.732,-0.2595433282053337,-0.32687871382876577,-7.589208545474083,0.005611899596990059,0.001012260691760682,-44.87874987379068,0.005642805955644193,0.0009853423966815287,-44.83965196707029,-0.27724957490161867,-0.3447906685532512,-7.083028176081896,48.76796854767107,-38.60850288260459,45.950773265151994,-39.39908509566885
1.7328000000000001,-0.2607200889402791,-0.32674063101072404,-7.576215751920468,0.005604296517985544,0.0010143765410733606,-44.88957990630645,0.005635191726987749,0.000987364637126307,-44.85050349359647,-0.27842763339200405,-0.34461011140110276,-7.0712820799239235,48.65451963083776,-38.526768925847456,45.84488267423868,-39.31362241623187
1.7336,-0.2618973713811753,-0.32659757205827583,-7.563265912806853,0.005596728203060504,0.0010165606183135858,-44.90034944588999,0.005627608874720603,0.000989456830316235,-44.86130030099326,-0.27960601533253365,-0.3444245093770605,-7.059577673456805,48.5414397256502,-38.44470609471132,45.73936095941191,-39.22786177456909
1.7344,-0.2630751559454657,-0.3264495346803671,-7.5503588551684455,0.005589194881910396,0.0010188127641911696,-44.91105776466769,0.0056200575999745175,0.0009916188665769921,-44.87204171345536,-0.2807847011086567,-0.3442338604568163,-7.047914804757626,48.42872858493177,-38.362316883257215,45.634207730136225,-39.141805408918366
1.7352,-0.26425342306475313,-0.3262965166329679,-7.537494407260141,0.005581696781996821,0.0010211328194219638,-44.92170413342704,0.005612538101717053,0.0009938506366398607,-44.88272705309469,-0.28196367111586823,-0.3440381626545044,-7.036293323067887,48.31638594932784,-38.27960376610174,45.529422586970846,-39.05545553830838
1.736,-0.26543215318451735,-0.32613851571878394,-7.524672398550447,0.00557423412855609,0.00102352062475577,-44.932287821670684,0.005605050576758932,0.0009961520316693747,-44.89335563997014,-0.28314290575927603,-0.34383741402244855,-7.024713078789256,48.20441154754809,-38.196569198479345,45.425005121787244,-38.96881436264387
1.7368000000000001,-0.26661132676383026,-0.3259755297869708,-7.511892659715484,0.005566807144608006,0.0010259760210041117,-44.94280809767154,0.0055975952197616,0.0009985229432907348,-44.90392679211809,-0.28432238545316924,-0.3436316126509186,-7.013173923479275,48.09280509660622,-38.11321561630564,45.32095491798337,-38.88188406279159
1.7376,-0.26779092427506584,-0.325807556732853,-7.49915502263309,0.005559416050964822,0.0010284988490677353,-44.95326422852894,0.005590172223244852,0.0010009632636170873,-44.91443982558386,-0.2855020906205764,-0.34342075666789096,-7.001675709847239,47.98156630205714,-38.02954543624206,45.2172715506963,-38.79466680066748
1.7384,-0.26897092620361157,-0.3256345944976507,-7.486459320376891,0.005552061066240337,0.0010310889499639754,-44.96365548022582,0.005582781777594583,0.001003472885276649,-44.924894054453965,-0.28668200169283026,-0.343204844238819,-6.990218291749949,47.87069485823109,-37.94556105576194,45.11395458701118,-38.707164719324254
1.7392,-0.27015131304757417,-0.32545664106821076,-7.4738053872104615,0.005544742406859241,0.0010337461648538303,-44.973981117686826,0.0055754240710706796,0.0010060517014395952,-44.93528879088916,-0.2878620991091231,-0.34298387356641075,-6.978801524187589,47.76019044846528,-37.861264853217854,45.01100358616815,-38.61937994304028
1.74,-0.2713320653174841,-0.3252736944767453,-7.461193058581506,0.0055374602870666015,0.0010364703350689182,-44.98424040483751,0.005568099289814972,0.0010086996058448938,-44.94562334515852,-0.2890423633160619,-0.34275784289041106,-6.967425263299641,47.650052745332886,-37.77665918791032,44.90841809976684,-38.53131457740896
1.7408000000000001,-0.27251316353599864,-0.32508575280057134,-7.448622171116145,0.005530214918937438,0.0010392613021381952,-44.994432604664574,0.005560807617859339,0.001011416492826843,-44.955897025674226,-0.2902227747672256,-0.3425267504873927,-6.956089366360753,47.540281410869234,-37.69174640015716,44.80619767196761,-38.44297070942858
1.7416,-0.2736945882376023,-0.32489281416186183,-7.436092562613145,0.005523006512386643,0.0010421189078144292,-45.004556979277,0.005553549237133885,0.001014202257341568,-44.96610913902727,-0.2914033139227122,-0.34229059467055634,-6.944793691776699,47.430876096795274,-37.60652881136462,44.70434183969098,-38.3543504075936
1.7424,-0.27487631996830414,-0.32469487672739766,-7.423604072038289,0.005515835275178855,0.0010450429941005466,-45.01461278996839,0.005546324327475179,0.0010170567949932604,-44.97625899002411,-0.2925839612486907,-0.34204937378953354,-6.933538099080368,47.321836444738786,-37.52100872409926,44.60285013281411,-38.26545572198584
1.7432,-0.2760583392853361,-0.3244919387083273,-7.4111565395187275,0.005508701412938627,0.0010480334032757189,-45.02459929728016,0.005539133066634656,0.0010199800020602968,-44.986345881724205,-0.2937646972169487,-0.3418030862302018,-6.9223224489277255,47.213162086452435,-37.43518842216081,44.50172207436481,-38.1762886843669
1.744,-0.2772406267568432,-0.3242839983599327,-7.3987498063374275,0.005501605129160726,0.0010510899779212664,-45.03451576106577,0.005531975630287094,0.001022971775521192,-44.99636911547828,-0.29494550230443456,-0.3415517304145028,-6.911146603093902,47.10485264402988,-37.34907017065658,44.400957180713505,-38.08685130827095
1.7448000000000001,-0.2784231629615794,-0.32407105398139824,-7.386383714927618,0.005494546625220525,0.0010542125609463596,-45.04436144055607,0.005524852192039099,0.0010260320130803884,-45.00632799096781,-0.29612635699280593,-0.34129530480027054,-6.900010424469187,46.99690773011865,-37.262656216076046,44.30055496176188,-37.99714558909789
1.7456,-0.2796059284885954,-0.32385310391558897,-7.374058108867288,0.0054875261003845795,0.0010574009956135309,-45.05413559442555,0.005517762923437747,0.0010291606131938955,-45.0162218062451,-0.2973072417679655,-0.34103380788106613,-6.888913777055175,46.88932694813096,-37.175948786367286,44.20051492113018,-37.90717350420779
1.7464,-0.2807889039369275,-0.3236301465488307,-7.361772832873776,0.005480543751821361,0.0010606551255639331,-45.063837480859625,0.005510707993979291,0.0010323574750947372,-45.02604985777449,-0.2984881371196057,-0.34076723818601884,-6.877856525960851,46.7821098924518,-37.08895009101363,44.100836556341186,-37.81693701301498
1.7472,-0.28197206991528395,-0.32340218031069917,-7.349527732798321,0.00547359977461208,0.0010639747948424808,-45.073466357622955,0.005503687571117895,0.0010356224988182971,-45.03581144047438,-0.2996690235407436,-0.3404955942796756,-6.8668385373987615,46.67525614864448,-37.00166232111168,44.001519359002366,-37.72643805708324
1.748,-0.28315540704172826,-0.3231692036738121,-7.337322655620748,0.0054666943617617,0.001067359847922727,-45.083021482128686,0.00549670182027453,0.0010389555852274679,-45.04550584776021,-0.30084988152725844,-0.34021887476185897,-6.855859678681155,46.56876529365386,-36.914087649449954,43.90256281498527,-37.63567856022142
1.7488000000000001,-0.28433889594336464,-0.322931215153629,-7.3251574494441,0.005459827704210027,0.0010708101297315562,-45.09250211150875,0.005489750904845812,0.0010423566360376437,-45.05513237158838,-0.3020306915774258,-0.33993707826752795,-6.844919818216254,46.46263689600677,-36.82622823058834,43.80396640460314,-37.54466042857916
1.7496,-0.28552251725601463,-0.32268821330825465,-7.31303196348943,0.005452999990842968,0.0010743254856736817,-45.101907502685165,0.005482834986213017,0.0010458255538415985,-45.064690302501056,-0.30321143419145014,-0.33965020346665314,-6.834018825504426,46.35687051601055,-36.73808620093858,43.70572960278557,-37.45338555074364
1.7504,-0.2867062516239002,-0.3224401967382509,-7.30094604809051,0.00544621140850385,0.0010779057616559721,-45.11123691244226,0.005475954223751049,0.0010493622421341678,-45.07417892967204,-0.30439208987099753,-0.3393582490640921,-6.823156571134494,46.25146570594851,-36.64966367884527,43.6078518792513,-37.36185579783605
1.7512,-0.2878900796993198,-0.32218716408645226,-7.288899554688654,0.005439462142004967,0.0010815508041115334,-45.12048959749984,0.00546910877483758,0.0010529666053368237,-45.08359754095337,-0.3055726391187244,-0.3390612137994773,-6.812332926780014,46.14642201027331,-36.560962764667764,43.51033269867859,-37.270073023608994
1.752,-0.28907398214232305,-0.32192911403778707,-7.276892335827606,0.005432752374139128,0.0010852604600236182,-45.12966481458748,0.00546229879486215,0.001056638548822041,-45.092945422923066,-0.30675306243780665,-0.33875909644711055,-6.801547765195584,46.04173896579814,-36.47198554086274,43.413171520873306,-37.178039064544194
1.7528000000000001,-0.29025793962038815,-0.321666045319106,-7.264924245148384,0.005426082285691374,0.0010890345769493525,-45.13876182051956,0.005455524437235304,0.0010603779789376167,-45.102221860933795,-0.3079333403314672,-0.3384518958158615,-6.790800960213225,45.93741610188499,-36.38273407206739,43.31636780093492,-37.08575573995002
1.7536,-0.29144193280809066,-0.3213979566990141,-7.252995137384275,0.005419452055450794,0.001092873003043244,-45.14777987227147,0.005448785853397892,0.00106418480303072,-45.11142613916228,-0.30911345330250045,-0.33813961074907717,-6.780092386738775,45.83345294063134,-36.29321040518339,43.219920989420345,-36.993224852060024
1.7544,-0.29262594238677914,-0.3211248469877114,-7.241104868355757,0.005412861860222475,0.0010967755870805167,-45.1567182270565,0.005442083192830252,0.0010680589294719026,-45.12055754065999,-0.3102933818527985,-0.33782224012449946,-6.76942192074825,45.72984899705354,-36.203416569461346,43.12383053250521,-36.90044818613145
1.7551999999999999,-0.2938099490442418,-0.320846715036836,-7.229253294965562,0.005406311874839466,0.0011007421784802556,-45.16557614240398,0.005435416603061538,0.0010720002676789127,-45.129615347404524,-0.3114731064828735,-0.33749978285418614,-6.7587894392843335,45.62660377926892,-36.11335457658596,43.02809587214347,-36.80742751054386
1.756,-0.29499393347437747,-0.32056355973931655,-7.2174402751937,0.0053998022721749505,0.0011047726273283407,-45.174352876238004,0.005428786229679079,0.0010760087281403985,-45.138598840352024,-0.3126526076913808,-0.33717223788444406,-6.7481948204528095,45.523716788674705,-36.02302642076176,42.93271644622456,-36.71416457689841
1.7568000000000001,-0.29617787637686105,-0.32027538002922656,-7.205665668092599,0.0053933332231544525,0.0011088667844001913,-45.18304768695731,0.005422192216337676,0.0010800842224394334,-45.14750729949064,-0.31383186597463875,-0.3368396041957656,-6.737637943419099,45.421187520125414,-35.93243407879927,42.837691688728675,-36.62066112011696
1.7576,-0.29736175845680957,-0.3199821748816492,-7.193929333782218,0.005386904896768125,0.001113024501183352,-45.19165983351595,0.005415634704769051,0.0010842266632769368,-45.15634000389478,-0.31501086182614946,-0.3365018808027771,-6.727118688404753,45.31901546210745,-35.841579510201946,42.743021029879685,-36.5269188585418
1.7584,-0.2985455604244482,-0.31968394331254196,-7.18223113344525,0.005380517460083165,0.0011172456298998749,-45.20018857550486,0.005409113834791213,0.001088435964494994,-45.165096231780495,-0.3161895757361198,-0.33615906675418994,-6.716636936684013,45.217200096911846,-35.750464657253154,42.6487038962961,-36.43293949403502
1.7591999999999999,-0.2997292629947733,-0.31938068437861333,-7.170570929322323,0.005374171078256256,0.0011215300235285033,-45.20863317323433,0.005402629744317901,0.0010927120410999319,-45.17377526056169,-0.31736798819097606,-0.3358111611327633,-6.706192570580423,45.11574090080447,-35.65909144510417,42.55473971114019,-36.33872471207871
1.76,-0.3009128468872144,-0.3190723971772008,-7.158948584707272,0.005367865914546197,0.0011258775358266874,-45.21699288781726,0.0053961825693680625,0.0010970548092853962,-45.182376366907306,-0.3185460796728848,-0.33545816305527276,-6.6957854734634035,45.0146373441943,-35.567461781862164,42.461127894264806,-36.24427618187482
1.7608000000000001,-0.3020962928252951,-0.31875908084615734,-7.147363963942444,0.005361602130326471,0.0011302880213524033,-45.22526698125334,0.005389772444075247,0.0011014641864552084,-45.19089882679956,-0.3197238306592669,-0.33510007167248623,-6.6854155297449225,44.91388889179955,-35.47557755867903,42.367867862358246,-36.14959555644537
1.7616,-0.3032795815362928,-0.31844073456374106,-7.135816932414069,0.00535537988509803,0.0011347613354857906,-45.233454716514,0.00538339950069715,0.0011059400912461236,-45.199341915592996,-0.32090122162231466,-0.33473688616914876,-6.675082624876142,44.81349500281162,-35.38344064984019,42.27495902908735,-36.054684472732845
1.7624,-0.30446269375090085,-0.31811735754851467,-7.124307356547554,0.005349199336502016,0.001139297334450643,-45.2415553576282,0.005377063869625037,0.001110482443550478,-45.20770490807459,-0.32207823302850697,-0.33436860576397304,-6.664786645344133,44.71345513105647,-35.2910529128541,42.18240080523834,-35.95954455170039
1.7631999999999999,-0.30564561020288294,-0.3177889490592466,-7.112835103802996,0.005343060640332653,0.0011438958753356913,-45.24956816976905,0.005370765679393242,0.0011150911645386981,-45.21598707852477,-0.3232548453381245,-0.3339952297096402,-6.654527478668568,44.61376872515476,-35.19841618854194,42.09019259885579,-35.8641773984325
1.764,-0.30682831162873314,-0.3174555083948205,-7.101400042670575,0.005336963950550185,0.0011485568161156653,-45.25749241934111,0.005364505056688658,0.0011197661766816918,-45.224187700779325,-0.3244310390047621,-0.3336167572928051,-6.644305013398517,44.51443522867916,-35.105532301127724,41.998333815380064,-35.76858460223541
1.7648000000000001,-0.30801077876733024,-0.31711703489414983,-7.090002042666098,0.005330909419293834,0.0011532800156722734,-45.265327374068534,0.005358282126360195,0.0011245074037731005,-45.23230604829236,-0.3256067944748429,-0.3332331878341126,-6.634119139109204,44.41545408031003,-35.012403058328694,41.90682385778231,-35.67276773673789
1.7656,-0.30919299235959435,-0.3167735279360993,-7.078640974326492,0.005324897196894846,0.0011580653338149533,-45.273072303083936,0.005352097011428273,0.0011293147709514665,-45.240341394200094,-0.3267820921871323,-0.33284452068821935,-6.623969746398802,44.316824713988794,-34.91903025144607,41.8156621266978,-35.5767283599918
1.7664,-0.3103749331481422,-0.3164249869394101,-7.067316709205397,0.005318927431889625,0.0011629126313014238,-45.28072647701794,0.005345949833094267,0.0011341882047222938,-45.248293011385655,-0.32795691257224957,-0.3324507552438235,-6.613856726885292,44.21854655906943,-34.82541565545587,41.7248480205576,-35.48046801457274
1.7671999999999999,-0.3115565818769401,-0.31607141136263334,-7.056029119868763,0.005313000271032856,0.001167821769858127,-45.288289168089555,0.0053398407107499764,0.0011391276329799302,-45.256160172544725,-0.3291312360521814,-0.33205189092370235,-6.603779973203312,44.12061904046798,-34.73156102910029,41.63438093571814,-35.383988227680774
1.768,-0.312737919290958,-0.3157128007040676,-7.0447780798905075,0.005307115859310742,0.0011727926122004641,-45.295759650197,0.0053337697619870285,0.0011441329850294178,-45.26394215025225,-0.3303050430397932,-0.3316479271847597,-6.593739379001036,44.02304157880996,-34.63746811497903,41.54426026658904,-35.287290511241196
1.7688000000000001,-0.31391892613582134,-0.3153491545017043,-7.033563463848193,0.00530127433995424,0.001177825022052864,-45.30313719900946,0.005327737102606338,0.0011492041916081788,-45.27163821702982,-0.3314783139383401,-0.3312388635180768,-6.583734838937124,43.92581359057601,-34.543138639641114,41.454485405759385,-35.190376362005054
1.7696,-0.3150995831574636,-0.31498047233317644,-7.022385147318751,0.005295475854452382,0.0011829188641686882,-45.31042109205928,0.005321742846627468,0.001154341184907624,-45.2792476454142,-0.33265102914098116,-0.3308246994489758,-6.573766248677617,43.82893448824535,-34.4485743136766,41.36505574412176,-35.09324726165
1.7704,-0.3162798711017786,-0.31460675381571634,-7.011243006874217,0.005289720542565618,0.0011880740043499834,-45.31761060883486,0.005315787106298018,0.001159543898594645,-45.28676970802665,-0.33382316903028925,-0.33040543453708676,-6.563833504892944,43.7324036804375,-34.35377683180881,41.27597067099502,-34.99590467688063
1.7711999999999999,-0.31745977071427084,-0.31422799860611617,-7.000136920077543,0.005284008542339193,0.0011932903094670532,-45.324705030874156,0.005309869992102971,0.0011648122678330109,-45.29420367764308,-0.33499471397776376,-0.32998106837642505,-6.553936505254904,43.63622057205195,-34.25874787298629,41.18722957424502,-34.89835005952913
1.772,-0.31863926273970566,-0.3138442064006967,-6.989066765478431,0.00527833999011657,0.0011985676474778818,-45.331703641858674,0.0053039916127739515,0.001170146229304675,-45.301548827265286,-0.3361656443433417,-0.32955160059547656,-6.5440751484336825,43.54038456440622,-34.16348910047543,41.09883184040374,-34.80058484665585
1.7728000000000002,-0.3198183279217601,-0.3134553769352818,-6.978032422609171,0.005272715020552925,0.0012039058874473722,-45.338605727708085,0.005298152075298623,0.001175545721230931,-45.30880443019274,-0.33733594047491017,-0.3291170308572899,-6.534249334094899,43.44489505537174,-34.068002161952826,41.01077685478672,-34.702610460649574
1.7736,-0.3209969470026715,-0.31306150998517707,-6.967033771980575,0.005267133766628576,0.0012093048995664938,-45.345410576675334,0.005292351484929789,0.0011810106833935682,-45.315969760095584,-0.33850558270781766,-0.3286773588595754,-6.524458962896711,43.34975143950819,-33.972288689597924,40.923064001608914,-34.60442830932781
1.7744,-0.3221751007228899,-0.31266260536515744,-6.956070695077855,0.0052615963596625666,0.001214764555171164,-45.35211747944224,0.005286589945194692,0.0011865410571558308,-45.323044091088235,-0.33967455136438796,-0.328232584334815,-6.514703936486863,43.25495310819548,-33.87635030018565,40.8356926640986,-34.50603978603699
1.7752,-0.3233527698207238,-0.3122586629294577,-6.9451430743566505,0.005256102929326181,0.001220284726761086,-45.35872572921548,0.005280867557904151,0.0011921367854833653,-45.33002669780394,-0.3408428267534311,-0.3277827070503777,-6.504984157499852,43.16049944976476,-33.78018859517927,40.74866222461009,-34.40744626975264
1.776,-0.32452993503199157,-0.3118496825717705,-6.934250793238999,0.0052506536036565025,0.0012258652880183785,-45.365234621823205,0.005275184423161645,0.0011977978129650518,-45.336916855470136,-0.342010389169758,-0.32732772680864236,-6.495299529554059,43.06638984962694,-33.683805160823134,40.661972064734385,-34.30864912517909
1.7768000000000002,-0.32570657708966927,-0.31143566422525126,-6.923393736109378,0.005245248509070058,0.0012315061138260467,-45.371643455811835,0.005269540639372423,0.0012035240858337284,-45.34371383998462,-0.34317721889369257,-0.3268676434471315,-6.485649957248933,42.972623690399686,-33.5872015682357,40.575621565408596,-34.209649702849525
1.7776,-0.32688267672353877,-0.3110166078625274,-6.91257178831079,0.0052398877703763716,0.0012372070802863387,-45.37795153254346,0.005263936303252481,0.0012093155519868693,-45.35041692799254,-0.3443432961905857,-0.32640245683864955,-6.476035346162202,42.879200352032846,-33.49037937350242,40.48961010702371,-34.11044933922558
1.7784,-0.32805821465983837,-0.3105925134957138,-6.901784836140841,0.005234571510791644,0.001242968064738924,-45.38415815629337,0.005258371509837555,0.0012151721610071467,-45.357025396964154,-0.34550860131033195,-0.32593216689143056,-6.466455602847073,42.78611921193181,-33.39334011776861,40.40393706953052,-34.01104935679666
1.7792,-0.32923317162090976,-0.3101633811764357,-6.891032766847902,0.005229299851952373,0.0012487889457789669,-45.390262634348055,0.005252846352491998,0.0012210938641829625,-45.36353852527338,-0.34667311448688254,-0.32545677354929553,-6.456910634829499,42.69337964507939,-33.29608532733249,40.31860183254436,-33.91145106417952
1.78,-0.3304075283248481,-0.30972921099585565,-6.8803154686272645,0.005224072913929004,0.0012546696032750078,-45.39626427710352,0.0052473609229176385,0.0012270806145288304,-45.369955592277115,-0.3478368159377626,-0.3249762767918138,-6.447400350605454,42.60098102415598,-33.19861651373812,40.23360377544827,-33.81165575621728
1.7808000000000002,-0.3315812654851487,-0.3092900030847086,-6.869632830617361,0.0052188908152396305,0.0012606099183867278,-45.40216239816368,0.005241915311162555,0.0012331323668057725,-45.376275878395305,-0.34899968586358654,-0.3244906766344758,-6.437924659638244,42.50892271965803,-33.100935173868386,40.148942277494584,-33.711664714078395
1.7816,-0.33275436381035717,-0.30884575761334115,-6.858984742895995,0.005213753672863632,0.0012666097735825972,-45.40795631443922,0.0052365096056297975,0.0012392490775415578,-45.38249866519169,-0.3501617044475764,-0.3239999731288732,-6.428483472355817,42.417204100014956,-33.003042790037895,40.06461671790499,-33.611479205355565
1.7824,-0.33392680400371944,-0.3083964747917576,-6.8483710964765985,0.005208661602255364,0.0012726690526573665,-45.41364534624642,0.005231143893086025,0.0012454307050509552,-45.388623235455356,-0.3513228518550815,-0.323504166362885,-6.4190767001481035,42.32582453170407,-32.90494083008575,39.9806264759692,-33.51110048416408
1.7832,-0.33509856676282945,-0.3079421548696724,-6.837791783304551,0.0052036147173578655,0.0012787876407493865,-45.419228817406335,0.005225818258670089,0.0012516772094558436,-45.3946488732829,-0.3524831082330961,-0.3230032564608743,-6.409704255364411,42.23478337936438,-32.806630747468475,39.896970931142214,-33.41052979124035
1.784,-0.33626963277927996,-0.30748279813656865,-6.827246696253491,0.0051986131306165015,0.0012849654243578825,-45.424706055344004,0.005220532785901534,0.0012579885527053225,-45.40057486416132,-0.3536424537097812,-0.32249724358389187,-6.4003660513107965,42.14408000590843,-32.7081139813527,39.81364946314005,-33.309768354040024
1.7848000000000002,-0.3374399827383107,-0.307018404921761,-6.81673572912172,0.0051936569529926705,0.0012912022913600084,-45.43007639118774,0.005215287556689011,0.0012643646985957108,-45.4064004950516,-0.3548008683939849,-0.3219861279298872,-6.391062002247515,42.053713772632875,-32.60939195670784,39.73066145203432,-33.208817386835854
1.7856,-0.3386095973184604,-0.30654897559446775,-6.806258776628557,0.005188746293977493,0.0012974981310278281,-45.435339159868526,0.005210082651338652,0.001270805612790519,-45.41212505447276,-0.3559583323747662,-0.3214699097339292,-6.381792023386433,41.96368403932717,-32.51046608439872,39.648006278345,-33.10767809081548
1.7864,-0.33977845719121663,-0.3060745105638858,-6.795815734410791,0.005183881261605445,0.0013038528340451672,-45.440493700219484,0.0052049181485622955,0.001277311262840365,-45.41774783258682,-0.35711482572091907,-0.32094858926843284,-6.372556030888513,41.873990164380885,-32.41133776127798,39.5656833231322,-33.00635165417872
1.7872,-0.3409465430206678,-0.305595010279274,-6.785406499019117,0.005179061962468057,0.0013102662925243182,-45.445539355075184,0.005199794125485688,0.001283881618202816,-45.42326812128412,-0.35827032848049833,-0.32042216684339625,-6.363353941861285,41.784631504889454,-32.31200837027845,39.483691968086326,-32.904839252234865
1.788,-0.34211383546315394,-0.305110475230041,-6.775030967914651,0.005174288501727553,0.0013167384000226262,-45.45047547137106,0.005194710657656572,0.0012905166502622007,-45.42868521426926,-0.35942482068034515,-0.3198906428066437,-6.354185674356377,41.695607416758556,-32.212479280505434,39.40203159561718,-32.8031420474996
1.7888000000000002,-0.3432803151669192,-0.3046209059458405,-6.764689039465428,0.005169560983130499,0.0013232690515589845,-45.45530140024266,0.005189667819052676,0.0012972163323493537,-45.43399840714778,-0.36057828232561634,-0.31935401754407833,-6.345051147367039,41.6069172548068,-32.112751847328816,39.320701588941496,-32.701261189791694
1.7896,-0.3444459627717643,-0.3041263029966716,-6.754380612942981,0.005164879509021413,0.0013298581436301839,-45.46001649712484,0.0051846656820896285,0.0013039806397613456,-45.439206997513125,-0.36173069339931385,-0.31881229147994267,-6.335950280825696,41.51856037286717,-32.01282741247506,39.239701332169155,-32.59919781632943
1.7904,-0.34561075890870224,-0.30362666699298607,-6.744105588518863,0.0051602441803564126,0.0013365055742271478,-45.464620121850665,0.005179704317628766,0.001310809549781128,-45.444310285034256,-0.36288203386181694,-0.31826546507708603,-6.326882995601526,41.43053612388657,-31.912707304118957,39.15903021038839,-32.49695305182669
1.7912,-0.34677468419961044,-0.3031219985858004,-6.7338638672613085,0.005155655096716763,0.0013432112428510817,-45.46911163875032,0.005174783794984842,0.001317703041697183,-45.449307571543784,-0.36403228365041485,-0.3177135388372411,-6.3178492134980715,41.34284386002458,-31.812392836975313,39.07868760974941,-32.39452800858875
1.792,-0.347937719256887,-0.3026122984668158,-6.723655351131845,0.005151112356322486,0.0013499750505294847,-45.473490416749634,0.0051699041819336395,0.0013246610968230962,-45.45419816112649,-0.3651814226788422,-0.31715651330130973,-6.308848857250835,41.25548293275022,-31.711885312390493,38.998672917546926,-32.29192378660809
1.7928000000000002,-0.349099844683106,-0.3020975673685428,-6.713479942981975,0.005146616056045889,0.0013567968998320567,-45.47775582946837,0.005165065544719475,0.0013316836985171304,-45.45898136020833,-0.36632943083681474,-0.31659438904965415,-6.299881850524963,41.16845269293773,-31.611186018433724,38.91898552230149,-32.189141473659426
1.7936,-0.3502610410706746,-0.301577806064433,-6.703337546549855,0.005142166291425116,0.0013636766948865095,-45.48190725531825,0.005160267948062597,0.001338770832201729,-45.46365647764582,-0.367476287989569,-0.3160271667023993,-6.290948117912868,41.08175249096066,-31.510296229988242,38.83962481383953,-32.08618214539493
1.7944,-0.351421289001492,-0.301053015369016,-6.693228066457015,0.0051377631566776145,0.0013706143413942764,-45.485944077600564,0.005155511455166474,0.00134592248538304,-45.46822282481588,-0.36862197397740376,-0.3154548469197409,-6.282047584931929,40.99538167678466,-31.40921720884217,38.760590183372,-31.983046865438695
1.7952,-0.3525805690466069,-0.3005231961380425,-6.683151408205137,0.005133406744713637,0.0013776097466461107,-45.48986568460347,0.005150796127724974,0.0013531386476703581,-45.47267971570597,-0.3697664686152216,-0.31487743040226324,-6.273180178022204,40.90933960005914,-31.30795020377928,38.68188102357227,-31.879736685481287
1.796,-0.3537388617658783,-0.2999883492686353,-6.673107478172798,0.005129097147149682,0.0013846628195375815,-45.49367146969879,0.005146122025929417,0.0013604193107955946,-45.477026467004606,-0.37090975169207463,-0.3142949178912642,-6.26434582454415,40.82362561020721,-31.206496450669597,38.603496728652445,-31.776252645373724
1.7968000000000002,-0.3548961477076356,-0.29944847569944416,-6.6630961836123035,0.00512483445432189,0.0013917734705844898,-45.49736083143837,0.005141489208475528,0.0013677644686326841,-45.48126239819219,-0.37205180297071083,-0.3137073101690899,-6.255544452776371,40.73823905651472,-31.10485717255967,38.52543669443881,-31.67259577322141
1.7976,-0.3560524074083415,-0.2989035764108076,-6.6531174326465194,0.005120618755299445,0.0013989416119381715,-45.500933173649955,0.005136897732570255,0.0013751741172169977,-45.48538683163209,-0.37319260218712463,-0.3131146080594761,-6.246775991913376,40.65317928821762,-31.003033579762636,38.44770031844585,-31.568767085477415
1.7984,-0.35720762139225565,-0.2983536524249214,-6.643171134265714,0.005116450137897903,0.0014061671574007297,-45.504387905532504,0.005132347653938478,0.001382648254764745,-45.489399092661955,-0.37433212905010843,-0.3125168124278976,-6.238040372063381,40.568445654588295,-30.90102686994814,38.370286999949386,-31.46476758703564
1.7992,-0.3583617701710991,-0.2977987048060124,-6.633257198324463,0.005112328688692509,0.001413450022440156,-45.50772444175088,0.005127839026829558,0.0013901868816923449,-45.493298509685374,-0.37547036324080707,-0.3119139241819274,-6.229337524246098,40.48403750502045,-30.79883822823187,38.293196140058505,-31.360598271323692
1.8,-0.35951483424372027,-0.297238734660519,-6.623375535538556,0.005108254493031465,0.0014207901242053816,-45.51094220252998,0.0051233719040238105,0.001397790000635801,-45.49708441426358,-0.3766072844122752,-0.31130594427160335,-6.220667380390564,40.39995418911286,-30.69646882726503,38.21642714178627,-31.256260120395282
