f_GHz,S11_dB,S21_dB,S31_dB,S21_phase_deg,S31_phase_deg,amp_imbalance_dB,phase_error_deg,CMR_dB,power_closure,transmitted_power,mismatch_normalized_eta,normalized_excess_loss_dB
1.0,-0.2715647320877196,-15.304302756382388,-15.303649878467208,50.48564396192475,-129.5099111379942,0.0006528779151800504,0.0044449000810402595,-85.35056219177716,0.9983549639491163,0.058970168014671406,0.9728609995422174,0.11949206436848407
1.0008,-0.2721329884803948,-15.295516313529983,-15.294865753209187,50.44881799989478,-129.54672599258282,0.0006505603207957575,0.004456007522406935,-85.35425754139607,0.998351468056145,0.05908957870138905,0.972858359828088,0.11950384832154674
1.0016,-0.2727021739011239,-15.286734377653644,-15.286086133450599,50.41197933069824,-129.58355354924444,0.0006482442030441569,0.004467120057313423,-85.35786029768138,0.9983479677098253,0.05920916975140601,0.9728557400321135,0.11951554338954791
1.0024,-0.27327228976911433,-15.277956941784419,-15.277311012259778,50.37512794284656,-129.62039381936128,0.0006459295246413598,0.004478237792170603,-85.361370420198,0.998344462891739,0.059328941376280295,0.972853139857862,0.11952715089508043
1.0032,-0.27384333750517625,-15.269183998974134,-15.268540382725613,50.338263824861414,-129.6572468143051,0.0006436162485214717,0.0044893608334746204,-85.36478786866495,0.9983409535835498,0.05944889378772855,0.9728505590123498,0.11953867214536369
1.004,-0.274415318531697,-15.260415542295355,-15.259774237957513,50.30138696527471,-129.6941125454373,0.000641304337842379,0.004500489288005838,-85.36811260269718,0.9983374397670092,0.0595690271976254,0.9728479972061038,0.1195501084319642
1.0048,-0.27498823427265956,-15.251651564841302,-15.25101257108534,50.26449735262854,-129.73099102410887,0.0006389937559626023,0.004511623262601461,-85.37134458217402,0.9983339214239528,0.05968934181800331,0.9728454541530815,0.11956146103115182
1.0056,-0.27556208615362776,-15.242892059725815,-15.24225537525936,50.22759497547519,-129.76788226166045,0.000636684466454799,0.00452276286435449,-85.37448376697117,0.9983303985363038,0.05980983786105209,0.9728429295706975,0.11957273120378241
1.0064,-0.27613687560176614,-15.234137020083306,-15.233502643650198,50.190679822377184,-129.80478626942227,0.0006343764331086548,0.00453390820055688,-85.37753011711192,0.9983268710860694,0.0599305155391184,0.9728404231797395,0.11958392019567068
1.0072,-0.2767126040458285,-15.225386439068707,-15.224754369448783,50.15375188190713,-129.8417030587142,0.0006320696199241334,0.004545059378699534,-85.38048359266655,0.9983233390553431,0.06005137506470557,0.9728379347043762,0.11959502923755591
1.008,-0.27728927291616134,-15.216640309857397,-15.216010545866293,50.116811142647826,-129.87863264084572,0.0006297639911027957,0.004556216506443889,-85.3833441539252,0.9983198024263047,0.060172416650473,0.9728354638721349,0.11960605954520025
1.0088,-0.27786688364470646,-15.207898625645173,-15.207271166134111,50.07985759319223,-129.91557502711606,0.0006274595110622673,0.004567379691707174,-85.38611176130665,0.9983162611812201,0.06029364050923593,0.9728330104138688,0.11961701231953599
1.0096,-0.27844543766499985,-15.1991613796482,-15.19853622350376,50.04289122214335,-129.95253022881406,0.0006251561444362356,0.004578549042605573,-85.38878637528143,0.9983127153024417,0.06041504685396491,0.9728305740637377,0.11962788874674937
1.0104,-0.279024936412175,-15.190428565102923,-15.189805711246876,50.0059120181144,-129.9894982572182,0.0006228538560464842,0.004589724667397377,-85.3913679566391,0.9983091647724083,0.0605366358977855,0.9728281545591824,0.11963868999839623
1.0112,-0.2796053813229662,-15.18170017526607,-15.181079622655131,49.968919969728645,-130.0264791235967,0.0006205526109366453,0.004600906674681937,-85.3938564662897,0.9983056095736446,0.06065840785397772,0.9728257516408876,0.11964941723156514
1.012,-0.280186773835701,-15.172976203414567,-15.17235795104021,49.93191506561942,-130.06347283920732,0.0006182523743586976,0.004612095173257558,-85.39625186523025,0.9983020496887629,0.060780362935975746,0.9728233650527871,0.11966007158885619
1.0128,-0.28076911539031607,-15.164256642845492,-15.163640689733732,49.89489729443019,-130.10047941529777,0.0006159531117604304,0.004623290272036229,-85.39855411484476,0.9982984851004605,0.06090250135736751,0.9728209945419948,0.11967065419868747
1.0136,-0.28135240742833795,-15.155541486876022,-15.154927832087221,49.85786664481446,-130.13749886310515,0.0006136547887989424,0.004634492080384689,-85.40076317662766,0.9982949157915242,0.06102482333189428,0.9728186398588502,0.11968116617509092
1.0144,-0.281936651392905,-15.146830728843401,-15.146219371472062,49.8208231054358,-130.17453119385647,0.0006113573713387154,0.004645700707726519,-85.40287901230596,0.9982913417448251,0.06114732907345003,0.9728163007568145,0.11969160861817746
1.0152,-0.28252184872875874,-15.138124362104865,-15.137515301279421,49.78376666496782,-130.21157641876832,0.0006090608254467894,0.004656916263854782,-85.40490158386024,0.9982877629433226,0.06127001879608143,0.9728139769924989,0.11970198261400819
1.016,-0.28310800088223625,-15.12942238003762,-15.128815614920228,49.7466973120942,-130.24863454904704,0.0006067651173917997,0.004668138858761495,-85.40683085355182,0.9982841793700639,0.061392892713986943,0.9728116683256486,0.1197122892346685
1.0168,-0.28369510930128755,-15.120724776038765,-15.120120305825111,49.7096150355086,-130.28570559588866,0.0006044702136536198,0.00467936860275131,-85.40866678383335,0.9982805910081827,0.061515951041516755,0.9728093745190832,0.11972252953852985
1.0176,-0.28428317543547543,-15.112031543525251,-15.111429367444355,49.67251982391476,-130.32278957047893,0.0006021760808944292,0.004690605606299414,-85.41040933757314,0.9982769978408987,0.061639193993172296,0.9728070953386699,0.11973270457037286
1.0184,-0.2848722007359605,-15.103342675933852,-15.102742793247847,49.63541166602644,-130.3598864839933,0.0005998826860069334,0.004701849980250472,-85.41205847777924,0.9982733998515212,0.06176262178360553,0.9728048305533539,0.11974281536124923
1.0192,-0.28546218665551787,-15.094658166721093,-15.094060576725033,49.59829055056735,-130.39699634759697,0.0005975899960603567,0.004713101835676525,-85.41361416790643,0.9982697970234462,0.06188623462761887,0.9728025799350902,0.11975286292878523
1.02,-0.2860531346485325,-15.08597800936321,-15.085382711384872,49.56115646627128,-130.43411917244467,0.000595297978338054,0.004724361284047518,-85.41507637159226,0.9982661893401568,0.062010032740164464,0.9728003432588277,0.1197628482772553
1.0208,-0.28664504617100106,-15.0773021973561,-15.076709190755777,49.52400940188201,-130.47125496968098,0.0005930066003249729,0.004735628437003925,-85.41644505290206,0.9982625767852243,0.062134016336343946,0.9727981203025003,0.11977277239761785
1.0216,-0.28723792268053594,-15.068630724215273,-15.06804000838558,49.486849346153235,-130.5084037504403,0.0005907158296941523,0.004746903406470437,-85.41772017626465,0.9982589593423074,0.06225818563140794,0.9727959108469852,0.11978263626770438
1.0224,-0.28783176563635804,-15.059963583475808,-15.05937515784148,49.44967628784878,-130.54556552584643,0.0005884256343289028,0.004758186304798073,-85.41890170638574,0.9982553369951533,0.06238254084075542,0.9727937146761102,0.11979244085218445
1.0232,-0.28842657649930814,-15.051300768692302,-15.05071463270999,49.41249021574233,-130.5827403070131,0.0005861359823131628,0.004769477244565223,-85.41998960835764,0.9982517097275965,0.0625070821799336,0.972791531576595,0.11980218710282763
1.024,-0.2890223567318465,-15.042642273438826,-15.042058426596903,49.375291118617675,-130.6199281050436,0.0005838468419237826,0.004780776338719761,-85.42098384772346,0.9982480775235587,0.06263180986463712,0.9727893613380422,0.11981187595854528
1.0248,-0.28961910779804434,-15.033988091308876,-15.033406533127238,49.338078985268496,-130.65712893103097,0.0005815581816392045,0.004792083700522198,-85.42188439032358,0.9982444403670513,0.06275672411070779,0.9727872037529394,0.11982150834537802
1.0256,-0.2902168311635964,-15.025338215915314,-15.024758945945187,49.300853804498495,-130.694342796058,0.0005792699701278887,0.004803399443488843,-85.4226912025773,0.9982407982421728,0.06288182513413423,0.9727850586166056,0.11983108517673724
1.0264,-0.29081552829581814,-15.01669264089035,-15.016115658714073,49.2636155651214,-130.73156971119695,0.0005769821762772458,0.0048147236816475925,-85.42340425107632,0.9982371511331098,0.06300711315105112,0.9727829257271782,0.11984060735346186
1.0272000000000001,-0.29141520066364396,-15.008051359885465,-15.00747666511632,49.22636425596083,-130.76880968751,0.0005746947691463808,0.004826056529168454,-85.42402350312994,0.9982334990241376,0.06313258837773887,0.972780804885603,0.11985007576386221
1.028,-0.2920158497376369,-14.999414366571393,-14.99884195885338,49.1890998658505,-130.80606273604872,0.0005724077180123835,0.004837398100789869,-85.42454892625251,0.9982298418996186,0.06325825103062319,0.9727786958955846,0.1198594912839428
1.0288,-0.29261747698997675,-14.990781654638045,-14.990211533645706,49.15182238363401,-130.84332886785455,0.0005701209923404325,0.00484874851144923,-85.42498048857911,0.9982261797440051,0.06338410132627453,0.972776598563611,0.11986885477729065
1.0296,-0.2932200838944764,-14.982153217794483,-14.981585383232696,49.11453179816501,-130.8806080939585,0.0005678345617866879,0.004860107876481834,-85.42531815867646,0.9982225125418362,0.06351013948140777,0.9727745126988779,0.11987816709541291
1.0304,-0.2938236719265675,-14.973529049768876,-14.972963501372655,49.07722809830717,-130.91790042538116,0.0005655483962214364,0.004871476311677725,-85.42556190556394,0.9982188402777413,0.06363636571288148,0.9727724381133215,0.11988742907759255
1.0312,-0.2944282425633176,-14.964909144308454,-14.964345881842753,49.03991127293403,-130.9552058731328,0.0005632624657011237,0.004882853933168008,-85.42571169874391,0.9982151629364362,0.06376278023769753,0.9727703746215429,0.11989664155122218
1.032,-0.2950337972834225,-14.956293495179434,-14.95573251843896,49.002581310929266,-130.9925244482133,0.000560976740475105,0.004894240857453269,-85.4257675084024,0.9982114805027256,0.06388938327300084,0.9727683220408202,0.11990580533175318
1.0328,-0.2956403375672057,-14.94768209616703,-14.94712340497603,48.96523820118649,-131.02985616161206,0.0005586911910001105,0.004905637201460422,-85.42572930500245,0.9982077929615032,0.06401617503607843,0.9727662801910872,0.11991492122278778
1.0336,-0.29624786489662425,-14.939074941075352,-14.938518535287438,48.927881932609345,-131.0672010243082,0.0005564057879132424,0.00491704308245744,-85.42559705981239,0.9982041002977512,0.06414315574435936,0.9727642488949061,0.11992399001620321
1.0344,-0.29685638075527,-14.930472023727406,-14.929917903225336,48.89051249411149,-131.1045590472702,0.0005541205020705502,0.004928458618337572,-85.42537074441135,0.99820040249654,0.0642703256154139,0.9727622279774387,0.11993301249227739
1.0352,-0.29746588662837337,-14.92187333796502,-14.92132150266051,48.85312987461662,-131.14193024145627,0.0005518353045084546,0.004939883927107758,-85.42505033105877,0.9981966995430276,0.06439768486695335,0.9727602172664245,0.1199419894197893
1.036,-0.298076384002787,-14.913278877648807,-14.912729327482342,48.815734063058386,-131.1793146178141,0.0005495501664659283,0.004951319127513898,-85.42463579258404,0.9981929914224638,0.06452523371682928,0.9727582165922087,0.11995092155589103
1.0368,-0.298687874367022,-14.904688636658143,-14.904141371598769,48.778325048380616,-131.2167121872809,0.0005472650593758165,0.004962764338472425,-85.42412710242323,0.9981892781201822,0.06465297238303294,0.97275622578762,0.11995980964665615
1.0376,-0.29930035921121695,-14.89610260889108,-14.89555762893622,48.7409028195371,-131.25412296078338,0.0005449799548609788,0.004974219679525049,-85.4235242346324,0.9981855596216079,0.06478090108369527,0.9727542446880458,0.11996865442674054
1.0384,-0.29991384002714916,-14.887520788264357,-14.886978093439593,48.70346736549171,-131.2915469492376,0.0005426948247641851,0.0049856852706682275,-85.42282716376035,0.9981818359122545,0.06490902003708567,0.9727522731313806,0.11997745661961566
1.0392,-0.3005283183082425,-14.878943168713308,-14.878402759072205,48.66601867521838,-131.32898416354936,0.0005404096411018247,0.004997161232267899,-85.42203586511533,0.9981781069777236,0.065037329461612,0.9727503109579915,0.11998621693771952
1.04,-0.3011437955495668,-14.870369744191835,-14.869831619815736,48.628556737701174,-131.36643461461367,0.0005381243760986238,0.0050086476851447514,-85.4211503146409,0.9981743728037045,0.06516582957581998,0.9727483580106978,0.11999493608254971
1.0408,-0.3017602732478297,-14.861800508672392,-14.861264669670216,48.59108154193424,-131.40389831331495,0.000535839002176073,0.005020144750801592,-85.4201704888291,0.9981706333759767,0.06529452059839239,0.9727464141347821,0.12000361474461317
1.0416,-0.302377752901395,-14.8532354561459,-14.852701902653946,48.55359307692178,-131.44137527052715,0.0005335534919533911,0.0050316525510822885,-85.41909636488813,0.9981668886804062,0.06542340274814891,0.9727444791779198,0.12001225360374024
1.0424,-0.30299623601026554,-14.844674580621732,-14.844143312803489,48.51609133167825,-131.47886549711353,0.0005312678182417387,0.005043171208228614,-85.41792792078456,0.9981631387029491,0.06555247624404525,0.9727425529902164,0.1200208533289184
1.0432,-0.3036157240761025,-14.83611787612766,-14.835588894173593,48.47857629522815,-131.51636900392663,0.0005289819540683273,0.005054700845221305,-85.41666513499973,0.9981593834296485,0.06568174130517296,0.9727406354241276,0.12002941457864817
1.044,-0.30423621860221245,-14.827565336709823,-14.82703864083718,48.44104795660617,-131.55388580180843,0.0005266958726417016,0.0050662415853821585,-85.41530798687988,0.9981556228466368,0.06581119815075856,0.9727387263344907,0.12003793800080391
1.0448,-0.3048577210935545,-14.819016956432671,-14.818492546885299,48.403506304857245,-131.59141590159004,0.0005244095473748843,0.005077793552715093,-85.41385645641054,0.998151856940135,0.06594084700016323,0.9727368255784831,0.12004642423281778
1.0456,-0.3054802330567485,-14.810472729378938,-14.809950606427048,48.36595132903641,-131.628959314092,0.0005221229518911622,0.005089356871593509,-85.41231052424035,0.9981480856964506,0.0660706880728822,0.9727349330155827,0.12005487390185733
1.0464,-0.3061037560000599,-14.801932649649586,-14.801412813589593,48.32838301820904,-131.66651605012393,0.0005198360599922607,0.005100931667016084,-85.4106701719372,0.998144309101982,0.0662007215885441,0.972733048507599,0.12006328762468578
1.0472,-0.30672829143342545,-14.79339671136378,-14.79287916251807,48.29080136145065,-131.70408612048476,0.0005175488457104215,0.005112518064606775,-85.40893538156024,0.9981405271432129,0.06633094776691068,0.9727311719185839,0.1200716660080607
1.048,-0.30735384086843176,-14.784864908658825,-14.784349647375574,48.25320634784708,-131.74166953596253,0.0005152612832524666,0.00512411619038744,-85.40710613615836,0.9981367398067167,0.06646136682787593,0.9727293031148738,0.12008000964854561
1.0488,-0.30798040581832986,-14.776337235690162,-14.77582426234311,48.21559796649446,-131.77926630733444,0.0005129733470509116,0.005135726171090482,-85.40518241938244,0.9981329470791542,0.06659197899146568,0.9727274419650381,0.12008831913273928
1.0496,-0.30860798779803217,-14.767813686631278,-14.767303001619554,48.17797620649921,-131.8168764453668,0.0005106850117253895,0.0051473481339883165,-85.40316421575723,0.9981291489472746,0.06672278447783714,0.9727255883398698,0.12009659503731876
1.0504,-0.3092365883241167,-14.759294255673716,-14.758785859421607,48.140341056978144,-131.8544999608149,0.0005083962521067605,0.005158982206950213,-85.40105151057709,0.9981253453979145,0.0668537835072781,0.9727237421123632,0.1201048379291369
1.0512,-0.3098662089148264,-14.75077893702699,-14.750272829983759,48.10269250705838,-131.8921368644232,0.000506107043232289,0.005170628518413878,-85.39884428988762,0.9981215364179988,0.06698497630020661,0.9727219031576942,0.12011304836531284
1.052,-0.310496851090075,-14.742267724918573,-14.741763907558237,48.065030545877484,-131.92978716692505,0.0005038173603379288,0.005182287197470714,-85.39654254066006,0.9981177219945394,0.06711636307717031,0.9727200713531967,0.12012122689333501
1.0528,-0.31112851637144145,-14.733760613593862,-14.733259086414987,48.027355162583426,-131.9674508790428,0.0005015271788766464,0.005193958373780561,-85.39414625056918,0.9981139021146364,0.06724794405884568,0.9727182465783537,0.12012937405110126
1.0536,-0.3117612062821851,-14.725257597316103,-14.724758360841602,47.98966634633464,-132.0051280114876,0.0004992364745029903,0.00520564217774222,-85.39165540815884,0.9981100767654756,0.06737971946603792,0.9727164287147523,0.12013749036712029
1.0544,-0.3123949223472268,-14.7167586703664,-14.716261725143314,47.951964086300066,-132.04281857495968,0.000496945223084663,0.005217338740237665,-85.38907000286208,0.998106245934333,0.06751168951967981,0.9727146176461173,0.1201455763603605
1.0552,-0.3130296660931752,-14.708263827043622,-14.70776917364293,47.91424837165914,-132.08052258014789,0.0004946534006919131,0.005229048192973096,-85.38639002492287,0.9981024096085687,0.06764385444083153,0.9727128132582171,0.12015363254067156
1.056,-0.31366543904830463,-14.699773061664413,-14.699280700680799,47.87651919160188,-132.11824003773,0.0004923609836139293,0.005240770668109462,-85.38361546549636,0.9980985677756326,0.06777621445068008,0.9727110154389248,0.12016165940850979
1.0568,-0.31430224274258006,-14.691286368563128,-14.690796300614775,47.83877653532889,-132.15597095837242,0.0004900679483520893,0.005252506298688786,-85.3807463165559,0.9980947204230589,0.06790876977053831,0.972709224078121,0.12016965745537275
1.0576,-0.3149400787076354,-14.682803742091792,-14.682315967820172,47.80102039205139,-132.1937153527303,0.0004877742716209244,0.005264255218321523,-85.37778257096397,0.9980908675384714,0.06804152062184482,0.9727074390677518,0.1201776271635403
1.0584,-0.3155789484768004,-14.674325176620076,-14.673839696689727,47.763250750991304,-132.2314732314474,0.00048547993034715417,0.00527601756130025,-85.37472422252628,0.9980870091095777,0.068174467226163,0.9727056603017316,0.1201855690065087
1.0592,-0.3162188535850785,-14.66585066653524,-14.665367481633563,47.72546760138126,-132.26924460515613,0.0004831849016783663,0.005287793462599666,-85.37157126597353,0.9980831451241743,0.06830760980518069,0.9727038876759972,0.12019348344874725
1.06,-0.3168597955691694,-14.657380206242108,-14.65689931707913,47.6876709324646,-132.30702948447737,0.00048088916297722955,0.005299583058047119,-85.36832369688295,0.998079275570142,0.06844094858070943,0.9727021210884282,0.12020137094605696
1.0608,-0.3175017759674548,-14.648913790163032,-14.648435197471203,47.64986073349551,-132.34482788002057,0.00047859269182824434,0.005311386483924707,-85.36498151181904,0.9980754004354492,0.06857448377468382,0.9727003604388755,0.1202092319454395
1.0616,-0.3181447963200143,-14.640451412737841,-14.6399751172718,47.61203699373898,-132.38263980238347,0.0004762954660387068,0.005323203877537708,-85.36154470825464,0.9980715197081492,0.06870821560916118,0.9726986056291013,0.12021706688536749
1.0624,-0.31878885816861596,-14.631993068423817,-14.63151907096017,47.574199702470914,-132.42046526215233,0.0004739974636454593,0.0053350353767598335,-85.35801328458327,0.9980676333763817,0.06884214430632055,0.9726968565627935,0.1202248761957182
1.0632,-0.3194339630567241,-14.623538751695639,-14.62306705303275,47.53634884897812,-132.45830426990162,0.00047169866288788737,0.005346881120260605,-85.35438724026223,0.9980637414283724,0.06897627008846252,0.9726951131455374,0.12023266029790197
1.064,-0.32008011252950636,-14.615088457045363,-14.614619058003107,47.49848442255845,-132.4961568361942,0.0004693990422580672,0.005358741247363241,-85.35066657568444,0.9980598438524306,0.06911059317800833,0.9726933752847701,0.12024041960506393
1.0648,-0.3207273081338227,-14.606642178982387,-14.606175080401925,47.46060641252068,-132.53402297158095,0.00046709858046122595,0.0053706158983573005,-85.34685129209163,0.9980559406369527,0.06924511379749922,0.9726916428898108,0.12024815452194934
1.0656,-0.32137555141824037,-14.598199912033387,-14.597735114776945,47.42271480818477,-132.57190268660102,0.00046479725644177946,0.005382505214214461,-85.34294139191121,0.9980520317704191,0.0693798321695961,0.9726899158718016,0.12025586544516792
1.0664,-0.3220248439330264,-14.589761650742314,-14.589299155692938,47.38480959888182,-132.60979599178162,0.0004624950493775458,0.005394409336560102,-85.33893687846628,0.9980481172413957,0.06951474851707866,0.9726881941437142,0.12026355276316396
1.0672,-0.3226751872301633,-14.581327389670328,-14.58086719773166,47.34689077395407,-132.6477028976379,0.00046019193867010127,0.00540632840801436,-85.33483775611319,0.9980441970385313,0.06964986306284489,0.9726864776202956,0.12027121685645753
1.068,-0.3233265828633333,-14.572897123395784,-14.572439235491805,47.30895832275502,-132.68562341467307,0.0004578879039756402,0.005418262571907917,-85.3306440302513,0.9980402711505609,0.06978517602991047,0.9726847662181068,0.1202788580974725
1.0688,-0.32397903238793485,-14.564470846514173,-14.56401526358899,47.271012234649525,-132.72355755337804,0.0004555829251818294,0.005430211972424104,-85.3263557072834,0.9980363395663023,0.06992068764140799,0.9726830598554496,0.12028647685086455
1.0696,-0.3246325373610823,-14.556048553638096,-14.555595276655689,47.23305249901378,-132.76150532423165,0.0004532769824068438,0.0054421767545704824,-85.32197279472328,0.9980324022746573,0.07005639812058662,0.972681358452373,0.12029407347348889
1.0704,-0.3252870993416019,-14.547630239397245,-14.547179269341209,47.19507910523543,-132.79946673770044,0.0004509700560379411,0.0054541570641220005,-85.31749530107976,0.9980284592646115,0.07019230769081113,0.9726796619306587,0.12030164831446949
1.0712,-0.32594271989004775,-14.539215898438325,-14.538767236311639,47.157092042713636,-132.83744180423855,0.00044866212668517093,0.005466153047819944,-85.3129232359727,0.9980245105252326,0.07032841657556163,0.9726779702137754,0.12030920171539893
1.072,-0.3265994005686812,-14.530805525425059,-14.530359172249824,47.119091300859104,-132.87543053428783,0.00044635317523345185,0.0054781648530592975,-85.30825661007998,0.9980205560456734,0.07046472499843262,0.972676283226917,0.12031673401017108
1.0728,-0.32725714294150215,-14.522399115038132,-14.521955071855325,47.081076869094204,-132.91343293827742,0.00044404318280592375,0.005490192628371915,-85.3034954351554,0.9980165958151673,0.0706012331831325,0.9726746008969105,0.12032424552538962
1.0735999999999999,-0.3279159485742284,-14.513996661975145,-14.513554929844366,47.04304873685298,-132.95144902662412,0.00044173213078034274,0.0055022365228865056,-85.29863972414107,0.9980126298230315,0.07073794135348302,0.9726729231522603,0.12033173658017156
1.0744,-0.32857581903431293,-14.505598160950594,-14.505158740949803,47.00500689358128,-132.9894788097319,0.00043942000079390204,0.005514296686811804,-85.29368949103022,0.9980086580586641,0.0708748497334186,0.9726712499230856,0.12033920748642632
1.0752,-0.32923675589093643,-14.497203606695843,-14.496766499921083,46.96695132873683,-133.02752229799208,0.00043710677475866205,0.005526373271095508,-85.28864475096988,0.9980046805115459,0.07101195854698553,0.9726695811411363,0.12034665854878521
1.076,-0.3298987607150184,-14.488812993959055,-14.488378201524219,46.92888203178924,-133.06557950178313,0.0004347924348345475,0.005538466427623234,-85.28350552026063,0.9980006971712386,0.07114926801834154,0.9726679167397492,0.12035409006479621
1.0768,-0.33056183507921566,-14.480426317505188,-14.47999384054173,46.89079899222018,-133.10365043147047,0.0004324769634582784,0.005550576309360622,-85.27827181632746,0.9979967080273849,0.0712867783717551,0.9726662566538391,0.12036150232496302
1.0776,-0.3312259805579207,-14.472043572115949,-14.471613411772603,46.85270219952342,-133.14173509740678,0.000430160343345298,0.005562703069813324,-85.2729436578617,0.9979927130697095,0.07142448983160476,0.9726646008198985,0.1203688956127485
1.0784,-0.33189119872727607,-14.463664752589736,-14.463236910032261,46.81459164320483,-133.17983350993146,0.0004278425574733789,0.005574846863709126,-85.26752106462374,0.9979887122880162,0.0715624026223787,0.972662949175945,0.12037627020480701
1.0792,-0.3325574911651705,-14.455289853741643,-14.454864330152535,46.77646731278264,-133.21794567937073,0.00042552358910865994,0.005587007846628467,-85.26200405768357,0.9979847056721889,0.07170051696867366,0.9726613016615177,0.1203836263710023
1.08,-0.3332248594512378,-14.446918870403385,-14.446495666981594,46.738329197787365,-133.2560716160376,0.00042320342179118096,0.005599186175061277,-85.25639265920506,0.9979806932121923,0.07183883309519482,0.9726596582176801,0.12039096437439298
1.0808,-0.3338933051668707,-14.438551797423294,-14.438130915383933,46.70017728776203,-133.2942113302316,0.0004208820393618846,0.005611382006350141,-85.2506868927563,0.9979766748980691,0.07197735122675475,0.9726580187869633,0.12039828447148723
1.0816,-0.33456282989520647,-14.430188629666256,-14.42977007024032,46.66201157226212,-133.33236483223894,0.00041855942593754206,0.005623595498946088,-85.24488678300656,0.9979726507199432,0.07211607158827305,0.9726563833134014,0.1204055869120847
1.0824,-0.3352334352211605,-14.421829362013687,-14.421413126447751,46.6238320408558,-133.37053213233213,0.0004162355659367912,0.005635826812067535,-85.23899235600523,0.9979686206680134,0.07225499440477569,0.9726547517424273,0.12041287193974035
1.0832,-0.3359051227313884,-14.413473989363503,-14.413060078919425,46.58563868312395,-133.40871324077003,0.0004139104440772426,0.0056480761060129225,-85.23300363900488,0.9979645847325612,0.07239411990139413,0.9726531240209724,0.12042013979132077
1.084,-0.33657789401432964,-14.405122506630072,-14.404710922584695,46.54743148866031,-133.4469081677977,0.0004115840453774084,0.005660343541990187,-85.22692066061167,0.997960542903942,0.07253344830336497,0.9726515000973293,0.12042739069761577
1.0848,-0.33725175066017876,-14.396774908744192,-14.39636565238902,46.50921044707146,-133.48511692364627,0.00040925635517213165,0.0056726292822588675,-85.22074345067489,0.9979564951725913,0.07267297983602919,0.9726498799212294,0.12043462488299289
1.0856,-0.33792669426091204,-14.38843119065303,-14.388024263293941,46.47097554797714,-133.523339518533,0.00040692735909040527,0.005684933489874311,-85.21447204054681,0.99795244152902,0.07281271472483153,0.9726482634437594,0.12044184256577053
1.0864,-0.33860272641027156,-14.380091347320116,-14.37968675027702,46.432726781010146,-133.56157596266095,0.0004045970430949111,0.005697256328915046,-85.20810646281761,0.9979483819638173,0.0729526531953199,0.9726466506173977,0.12044904395805389
1.0872,-0.3392798487037913,-14.371755373725293,-14.371353108331826,46.3944641358166,-133.5998262662189,0.00040226539346466044,0.005709597964482782,-85.20164675146077,0.9979443164676456,0.07309279547314468,0.9726450413959286,0.12045622926611949
1.088,-0.3399580627387768,-14.363423264864661,-14.363023332467854,46.356187602055904,-133.6380904393814,0.00039993239680656686,0.005721958562702412,-85.19509294190571,0.9979402450312461,0.07323314178405829,0.9726434357345014,0.12046339869014905
1.0888,-0.34063737011432416,-14.355095015750583,-14.354697417710533,46.317897169401064,-133.6763684923084,0.0003975980400496585,0.005734338290551477,-85.18844507102509,0.9979361676454335,0.07337369235391411,0.9726418335895568,0.1204705524245614
1.0896,-0.3413177724313193,-14.346770621411615,-14.34637535910114,46.27959282753859,-133.71466043514545,0.0003952623104759386,0.00574673731597386,-85.18170317709655,0.9979320843010975,0.07351444740866646,0.9726402349188339,0.12047769065797834
1.0904,-0.34199927129243923,-14.338450076892471,-14.338057151696777,46.24127456616875,-133.75296627802322,0.00039292519569434617,0.005759155808021887,-85.17486729991356,0.9979279949892031,0.07365540717436965,0.972638639681355,0.12048481357329352
1.0912,-0.3426818683021602,-14.330133377254008,-14.329742790570336,46.202942375005705,-133.7912860310577,0.00039058668367258036,0.005771593936600539,-85.16793748077507,0.9979238997007882,0.07379657187717731,0.972637047837391,0.12049192134782688
1.092,-0.34336556506676225,-14.321820517573165,-14.321432270810439,46.16459624377753,-133.82961970434982,0.00038824676272649163,0.005784051872637974,-85.16091376247374,0.9979197984269637,0.07393794174334195,0.9726354593484499,0.12049901415337635
1.0928,-0.34405036319432347,-14.313511492942943,-14.313125587521416,46.126236162226476,-133.8679673079855,0.0003859054215287608,0.0057965297880286926,-85.15379618943666,0.9979156911589148,0.0740795169992142,0.9726338741772813,0.1205060921561959
1.0936,-0.3447362642947391,-14.305206298472354,-14.30482273582323,46.087862120108994,-133.90632885203533,0.00038356264912529274,0.005809027855661952,-85.14658480757448,0.9979115778878975,0.07422129787124246,0.9726322922878206,0.12051315551724778
1.0944,-0.34542326997971007,-14.296904929286391,-14.296523710851474,46.04947410719593,-133.94470434655474,0.0003812184349178573,0.005821546249336507,-85.13927966456932,0.9979074586052417,0.07436328458597202,0.9726307136452127,0.12052020439209297
1.0952,-0.3461113818627607,-14.288607380525999,-14.288228507757292,46.01107211327265,-133.98309380158352,0.0003788727687065212,0.005834085143817447,-85.13188080959378,0.9979033333023462,0.07450547737004458,0.9726291382157548,0.12052723893114992
1.096,-0.34680060155923187,-14.280313647348006,-14.279937121707354,45.972656128139185,-134.02149722714591,0.0003765256406510726,0.005846644714893046,-85.1243882936614,0.9978992019706828,0.07464787645019777,0.9726275659669158,0.12053425927960564
1.0968,-0.34749093068629194,-14.272023724925129,-14.271649547883808,45.9342261416104,-134.05991463325046,0.00037417704132020334,0.005859225139147384,-85.11680216943957,0.9978950646017929,0.07479048205326433,0.9726259968672967,0.12054126557759334
1.0976,-0.348182370862939,-14.263737608445894,-14.263365781484227,45.895782143516065,-134.0983460298896,0.00037182696166739954,0.005871826594329832,-85.10912249129373,0.9978909211872876,0.0749332944061718,0.97262443088662,0.1205482579602393
1.0984,-0.34887492371000867,-14.255455293114622,-14.255085817721572,45.85732412370113,-134.13679142703992,0.0003694753930492638,0.005884449258928726,-85.10134931557644,0.997886771718847,0.07507631373594181,0.9726228679957059,0.12055523655776994
1.0992,-0.34956859085016717,-14.247176774151388,-14.246809651824153,45.81885207202577,-134.17525083466177,0.00036712232723708715,0.005897093312455581,-85.09348270024381,0.997882616188221,0.07521954026968941,0.9726213081664794,0.12056220149547864
1.1,-0.35026337390793144,-14.23890204679197,-14.238537279035553,45.78036597836556,-134.21372426269915,0.00036476775641877733,0.005909758935302989,-85.08552270527042,0.9978784545872272,0.07536297423462288,0.9726197513719232,0.12056915289393777
1.1008,-0.35095927450966435,-14.230631106287817,-14.230268694614626,45.74186583261176,-134.25221172107956,0.0003624116731921076,0.005922446308687768,-85.07746939260042,0.9978742869077502,0.07550661585804264,0.9726181975860736,0.12057609086901608
1.1016,-0.35165629428358036,-14.22236394790601,-14.222003893835392,45.70335162467128,-134.29071321971384,0.00036005407061679204,0.00593515561487834,-85.06932282600874,0.9978701131417426,0.07565046536734137,0.9726166467840137,0.12058301553190785
1.1024,-0.35235443485975004,-14.214100566929208,-14.213742871987057,45.664823344467024,-134.32922876849617,0.0003576949421527654,0.00594788703682525,-85.06108307143799,0.9978659332812237,0.07579452299000287,0.9726150989418477,0.1205899269892499
1.1032,-0.3530536978701099,-14.205840958655642,-14.20548562437391,45.62628098193795,-134.36775837730355,0.00035533428173154587,0.0059606407585022225,-85.05275019675719,0.9978617473182777,0.07593878895360187,0.9726135540366726,0.12059682534324641
1.104,-0.3537540849484595,-14.197585118399019,-14.197232146315294,45.58772452703932,-134.40630205599606,0.00035297208372633875,0.005973416964621947,-85.04432427205322,0.9978575552450557,0.07608326348580358,0.9726120120465928,0.12060371069160397
1.1048,-0.35445559773047275,-14.189333041488531,-14.188982433145556,45.54915396974283,-134.44485981441645,0.00035060834297614556,0.005986215840721343,-85.03580536952535,0.9978533570537724,0.07622794681436287,0.9726104729506737,0.12061058312773831
1.1056,-0.35515823785370165,-14.181084723268796,-14.180736480214005,45.51056930003685,-134.48343166239005,0.00034824305479154904,0.005999037573104715,-85.02719356368132,0.9978491527367073,0.07637283916712415,0.9726089367289364,0.12061744274079947
1.1064,-0.3558620069575768,-14.172840159099788,-14.172494282884836,45.4719705079265,-134.5220176097245,0.00034587621495278404,0.006011882349014286,-85.01848893119944,0.9978449422862038,0.07651794077202063,0.9726074033623523,0.12062428961569464
1.1072,-0.3565669066834192,-14.164599344356837,-14.164255836537112,45.43335758343395,-134.56061766620982,0.00034350781972420264,0.006024750356232289,-85.0096915512238,0.9978407256946682,0.07666325185707401,0.9726058728328139,0.12063112383321792
1.108,-0.35727293867444265,-14.156362274430558,-14.15602113656468,45.394730516598585,-134.59923184161804,0.00034113786587741766,0.00603764178339361,-85.00080150520117,0.9978365029545695,0.07680877265039394,0.9726043451231219,0.12063794547010889
1.1088,-0.35798010457575863,-14.14812894472682,-14.147790178376148,45.35608929747722,-134.63786014570306,0.00033876635067201525,0.006050556819729991,-84.99181887714464,0.9978322740584381,0.07695450338017759,0.9726028202169688,0.12064475459912634
1.1096,-0.35868840603437974,-14.139899350666676,-14.139562957394798,45.31743391614418,-134.67650258820055,0.00033639327187676995,0.00606349565526898,-84.98274375353544,0.997828038998867,0.07710044427470933,0.9726012980989376,0.12065155128905228
1.1104,-0.35939784469923264,-14.13167348768635,-14.131339469058556,45.27876436269165,-134.71515917882775,0.00033401862779182444,0.006076458480606561,-84.97357622352304,0.9978237977685089,0.07724659556236027,0.9725997787544635,0.1206583356048649
1.1112,-0.36010842222115713,-14.123451351237177,-14.123119708819944,45.240080627229844,-134.75382992728322,0.00033164241723229455,0.006089445486935574,-84.96431637892157,0.9978195503600771,0.0773929574715877,0.972598262169831,0.12066510760774943
1.112,-0.36082014025291187,-14.115232936785542,-14.114903672145985,45.20138269988716,-134.79251484324683,0.0003292646395581641,0.006102456866017292,-84.95496431430351,0.9978152967663445,0.07753953023093502,0.9725967483321646,0.1206718673551422
1.1128,-0.3615330004491847,-14.10701823981286,-14.10669135451819,45.16267057081048,-134.83121393637938,0.0003268852946675333,0.006115492810124579,-84.94552012708166,0.9978110369801431,0.07768631406903112,0.9725952372293994,0.12067861490085861
1.1136,-0.36224700446659663,-14.098807255815489,-14.098482751432474,45.12394423016529,-134.86992721632262,0.0003245043830130124,0.006128553512098733,-84.93598391766838,0.9978067709943628,0.0778333092145902,0.972593728850277,0.12068535029511532
1.1144,-0.3629621539637015,-14.090599980304727,-14.090277858399096,45.085203668135954,-134.90865469269892,0.00032212190563161606,0.006141639165122115,-84.92635578931657,0.9978024988019529,0.07798051589641143,0.9725922231843405,0.12069207358454812
1.1152,-0.3636784506010067,-14.082396408806721,-14.082076670942625,45.046448874926014,-134.94739637511114,0.0003197378640955802,0.006154749962831829,-84.91663584860426,0.9977982203959181,0.0781279343433785,0.9725907202218854,0.1206987848124349
1.116,-0.36439589604096373,-14.074196536862434,-14.073879184601845,45.00767984075817,-134.98615227314247,0.0003173522605875813,0.006167886099376574,-84.90682420501301,0.9977939357693211,0.07827556478445964,0.9725892199539854,0.12070548401857928
1.1168,-0.365114491947984,-14.066000360027594,-14.065685394929723,44.968896555874906,-135.02492239635626,0.000314965097871805,0.006181047768848202,-84.89692097166801,0.9977896449152803,0.07842340744870696,0.9725877223724576,0.1207121712394646
1.1176,-0.3658342399884418,-14.057807873872637,-14.057495297493322,44.93009901053829,-135.06370675429585,0.000312576379315161,0.006194235165850159,-84.88692626475746,0.99778534782697,0.07857146256525656,0.9725862274698498,0.12071884650831248
1.1184,-0.36655514183068677,-14.049619073982637,-14.049308887873755,44.891287195030536,-135.10250535648424,0.0003101861088824604,0.006207448485213263,-84.87684020413445,0.9977810444976183,0.07871973036332824,0.9725847352394217,0.1207255098551656
1.1192,-0.36727719914503365,-14.041433955957297,-14.041126161666115,44.8524610996541,-135.14131821242415,0.0003077942911817403,0.006220687921739909,-84.86666291320017,0.9977767349205101,0.07886821107222505,0.9725832456751634,0.12073216130680532
1.12,-0.3680004136037953,-14.03325251541083,-14.032947114479404,44.81362071473193,-135.18014533159757,0.0003054009314266522,0.00623395367048829,-84.85639451903053,0.9977724190889816,0.07901690492133352,0.9725817587717278,0.12073880088705406
1.1208,-0.3687247868812632,-14.025074747971951,-14.02477174193647,44.77476603060774,-135.2189867234659,0.00030300603548178654,0.0062472459263744895,-84.84603515255418,0.9977680969964247,0.07916581214012326,0.9725802745244727,0.12074542861658648
1.1216,-0.36945032065373334,-14.016900649283794,-14.016600039673936,44.735897037646254,-135.25784239746937,0.00030060960985688555,0.0062605648843714334,-84.83558494860605,0.9977637686362822,0.07931493295814694,0.9725787929294075,0.12075204451316782
1.1224,-0.37017701659950214,-14.008730215003858,-14.008432003342143,44.697013726233436,-135.29671236302724,0.0002982116617135928,0.00627391073930994,-84.82504404607835,0.997759434002051,0.07946426760504018,0.9725773139832079,0.1207586485915885
1.1232,-0.37090487639888303,-14.00056344080394,-14.000267628605057,44.65811608677681,-135.33559662953743,0.00029581219888377507,0.006287283685765033,-84.81441258806265,0.9977550930872776,0.0796138163105215,0.9725758376831745,0.12076524086384849
1.124,-0.3716339017342004,-13.992400322370093,-13.99210691114021,44.61920410970558,-135.3744952063763,0.00029341122988591585,0.006300683918112782,-84.80369072189174,0.9977507458855625,0.07976357930439233,0.9725743640272625,0.12077182133902442
1.1248,-0.37236409428981343,-13.98424085540254,-13.983949846638632,44.58027778547103,-135.4134081028986,0.0002910087639067911,0.006314111630388197,-84.79287859938367,0.9977463923905541,0.07991355681653688,0.9725728930140212,0.12077839002354127
1.1256,-0.3730954557521048,-13.976085035615597,-13.97579643080477,44.541337104546756,-135.4523353284372,0.00028860481082847075,0.006327567016057856,-84.78197637697461,0.9977420325959541,0.08006374907692243,0.9725714246426349,0.12078494692098736
1.1264,-0.37382798780951276,-13.967932858737651,-13.967646659356399,44.502382057428825,-135.49127689230292,0.00028619938125146215,0.0063410502682472725,-84.77098421571682,0.9977376664955111,0.08021415631559925,0.9725699589128504,0.12079149203244066
1.1272,-0.3745616921525068,-13.959784320511051,-13.959500528024574,44.46341263463617,-135.5302328037844,0.00028379248647831493,0.006354561579428264,-84.75990228153016,0.9977332940830262,0.08036477876270057,0.9725684958250388,0.12079802535619001
1.1280000000000001,-0.3752965704736285,-13.951639416692053,-13.951358032553518,44.424428826710795,-135.569203072148,0.00028138413853676477,0.006368101141191573,-84.74873074543348,0.997728915352347,0.08051561664844309,0.9725670353801122,0.12080454688810949
1.1288,-0.37603262446747454,-13.943498143050753,-13.943219168700569,44.38543062421802,-135.60818770663735,0.0002789743501835898,0.006381669144616353,-84.73746978349097,0.997724530297371,0.08066667020312673,0.9725655775795691,0.12081105662145514
1.1296,-0.37676985583072153,-13.935360495371,-13.93508393223608,44.34641801774679,-135.64718671647358,0.00027656313492003886,0.006395265779616466,-84.72611957718053,0.9977201389120427,0.08081793965713523,0.9725641224254427,0.12081755454709393
1.1304,-0.3775082662621199,-13.927226469450332,-13.926952318943348,44.30739099790995,-135.68620011085483,0.0002741505069812234,0.006408891235224701,-84.71468031341954,0.997715741190356,0.08096942524093624,0.9725626699203344,0.12082404065335656
1.1312,-0.3782478574625137,-13.919096061099896,-13.918824324618518,44.26834955534447,-135.72522789895618,0.00027173648137854734,0.006422545699365401,-84.70315218469963,0.997711337126351,0.08112112718508149,0.9725612200673623,0.12083051492626593
1.1320000000000001,-0.3789886311348428,-13.910969266144363,-13.910699945070498,44.22929368071174,-135.76427008992965,0.00026932107386884674,0.006436229358598666,-84.69153538949163,0.9977069267141154,0.08127304572020749,0.9725597728701812,0.12083697734944944
1.1328,-0.3797305889841535,-13.902846080421874,-13.90257917612088,44.190223364697836,-135.80332669290394,0.00026690430099103466,0.006449942398234043,-84.67983013211719,0.9977025099477834,0.08142518107703542,0.9725583283329587,0.12084342790424352
1.1336,-0.3804737327176056,-13.894726499783907,-13.894462013603842,44.1511385980138,-135.84239771698404,0.00026448618006417085,0.006463685002159991,-84.66803662306643,0.9976980868215364,0.08157753348637214,0.972556886460379,0.12084986656967826
1.1344,-0.38121806404448355,-13.886610520095246,-13.886348453366056,44.11203937139591,-135.88148317125155,0.0002620667291893898,0.006477457352559668,-84.656155079243,0.997693657329601,0.08173010317911018,0.97255544725762,0.12085629332257808
1.1352,-0.38196358467620306,-13.878498137233862,-13.8782384912666,44.072925675605916,-135.92058306476426,0.00025964596725954283,0.006491259629825663,-84.64418572411478,0.9976892214662506,0.08188289038622847,0.9725540107303599,0.12086270813753489
1.1360000000000001,-0.3827102963263202,-13.870389347090828,-13.870132123176855,44.033797501431316,-135.95969740655605,0.0002572239139726981,0.006505092012645264,-84.63212878775235,0.9976847792258045,0.08203589533879299,0.9725525768847649,0.1208691109869596
1.1368,-0.38345820071054576,-13.862284145570246,-13.862029344980414,43.99465483968568,-135.9988262056368,0.0002548005898340681,0.006518954677517286,-84.61998450730152,0.997680330602626,0.08218911826795719,0.972551145727468,0.1208755018411804
1.1376,-0.3842072995467425,-13.854182528589137,-13.853930152572984,43.95549768120881,-136.03796947099218,0.00025237601615408,0.006532847799007868,-84.60775312693258,0.997675875591126,0.08234255940496284,0.9725497172655989,0.12088188066830625
1.1384,-0.3849575945549468,-13.846084492077331,-13.845834541862276,43.91632601686706,-136.07712721158381,0.00024995021505416017,0.0065467715491251965,-84.59543489819075,0.9976714141857597,0.08249621898114079,0.9725482915067417,0.1208882474344169
1.1392,-0.3857090874573715,-13.837990031977416,-13.837742508767919,43.877139837553614,-136.1162994363488,0.000247523209497593,0.006560726097575298,-84.58303008013132,0.9976669463810275,0.08265009722791145,0.9725468684589493,0.12089460210349876
1.1400000000000001,-0.38646177997841974,-13.829899144244589,-13.829654049221336,43.83793913418865,-136.15548615419993,0.00024509502325287366,0.00657471161142098,-84.57053893956683,0.9976624721714746,0.08280419437678603,0.9725454481307226,0.12090094463753774
1.1408,-0.38721567384468736,-13.821811824846584,-13.821569159165659,43.79872389771972,-136.1946873740254,0.00024266568092456652,0.006588728254882881,-84.55796175128941,0.9976579915516928,0.08295851065936716,0.9725440305310337,0.12090727499641553
1.1416,-0.3879707707849816,-13.813728069763552,-13.813487834555595,43.75949411912184,-136.2339031046888,0.0002402352079561971,0.006602776189367887,-84.54529879825299,0.9976535045163171,0.08311304630734995,0.972542615669288,0.12091359313807767
1.1424,-0.3887270725303224,-13.805647874987958,-13.805410071357347,43.72024978939785,-136.2731333550292,0.0002378036306109636,0.006616855572957547,-84.53255037184859,0.9976490110600298,0.083267801552523,0.9725412035553535,0.12091989901840569
1.1432,-0.3894845808139635,-13.79757123652447,-13.797335865548476,43.680990899578575,-136.3123781338608,0.00023537097599488026,0.006630966560635443,-84.51971677206372,0.9976445111775565,0.08342277662676942,0.9725397941995205,0.12092619259139299
1.1440000000000001,-0.3902432973713931,-13.789498150389845,-13.789265213117794,43.64171744072306,-136.3516374499732,0.00023293727205099006,0.0066451093037471765,-84.50679830775971,0.9976400048636691,0.08357797176206813,0.9725383876125316,0.12093247380901499
1.1448,-0.39100322394033776,-13.781428612612821,-13.781198110065262,43.60242940391887,-136.39091131213107,0.00023050254755647057,0.006659283950057215,-84.4937952969048,0.9976354921131869,0.08373338719049468,0.9725369838055853,0.12093874262121032
1.1456,-0.39176436226080297,-13.773362619233975,-13.773134552401856,43.563126780282126,-136.43019972907433,0.0002280668321216681,0.00667349064354994,-84.48070806673398,0.9976309729209707,0.08388902314422303,0.97253558279027,0.12094499897617572
1.1464,-0.39252671407504014,-13.765300166305634,-13.76507453614944,43.52380956095783,-136.46950270951822,0.00022563015619395417,0.006687729523946473,-84.46753695409919,0.9976264472819327,0.08404487985552658,0.9725341845786669,0.12095124281990748
1.1472,-0.39329028112759723,-13.757241249891734,-13.757018057340677,43.4844777371201,-136.50882026215297,0.0002231925510548311,0.006702000726932056,-84.45428230565659,0.997621915191027,0.08420095755677946,0.9725327891832442,0.12095747409667432
1.1480000000000001,-0.3940550651653046,-13.74918586606768,-13.748965112018878,43.44513129997221,-136.54815239564422,0.00022075404880257256,0.006716304383559191,-84.4409444781061,0.9976173766432569,0.08435725648045825,0.9725313966169318,0.12096369274868143
1.1488,-0.3948210679372954,-13.741134010920238,-13.74091569623788,43.40577024074681,-136.58749911863282,0.00021831468235800847,0.006730640620361328,-84.42752383833992,0.997612831633672,0.08451377685914344,0.9725300068930862,0.12096989871622987
1.1496,-0.39558829119501226,-13.733085680547392,-13.732869806061919,43.36639455070618,-136.6268604397349,0.00021587448547609608,0.0067450095588981185,-84.41402076393055,0.9976082801573704,0.0846705189255209,0.9725286200255098,0.12097609193762944
1.1504,-0.39635673669222937,-13.725040871058207,-13.724827437565505,43.32700422114216,-136.66623636754207,0.00021343349270252273,0.0067594113157838365,-84.4004356430334,0.9976037222094962,0.08482748291238383,0.9725272360284225,0.12098227234932404
1.1512,-0.39712640618504574,-13.716999578572688,-13.716788586833303,43.28759924337655,-136.7056269106214,0.00021099173938431292,0.0067738460020621005,-84.38676887506139,0.9975991577852448,0.08498466905263413,0.9725258549165098,0.1209884398856795
1.152,-0.39789730143191504,-13.708961799221646,-13.708753249959972,43.24817960876096,-136.7450320775155,0.00020854926167368425,0.006788313723546935,-84.37302087042374,0.9975945868798584,0.08514207757928453,0.9725244767048775,0.12099459447918341
1.1528,-0.3986694241936427,-13.70092752914654,-13.700721423050041,43.20874530867705,-136.78445187674288,0.000206106096499116,0.006802814580055383,-84.35919205120575,0.997590009488631,0.08529970872546046,0.9725231014090964,0.12100073606024762
1.1536,-0.399442776233409,-13.692896764499343,-13.692693102217795,43.16929633453663,-136.82388631679777,0.00020366228154798945,0.00681734866560646,-84.34528285119552,0.9975854256069053,0.08545756272440172,0.9725217290451682,0.12100686455735817
1.1544,-0.4002173593167695,-13.684869501442364,-13.684668283587092,43.12983267778161,-136.86333540615055,0.00020121785527333748,0.006831916067824295,-84.3312937161792,0.9975808352300775,0.08561563980946502,0.9725203596295706,0.12101297989687627
1.1552,-0.4009931752116814,-13.676845736148145,-13.67664696329127,43.0903543298841,-136.90279915324783,0.00019877285687262757,0.0068465168680802435,-84.31722510411129,0.997576238353593,0.08577394021412543,0.9725189931792133,0.12101908200323333
1.156,-0.4017702256885006,-13.668825464799223,-13.66862913747297,43.050861282346496,-136.94227756651273,0.00019632732625400866,0.00686115114078234,-84.3030774855422,0.9975716349729525,0.08593246417197933,0.97251762971149,0.12102517079869873
1.1568,-0.4025485125200002,-13.660808683588053,-13.660614802284009,43.011353526701306,-136.98177065434498,0.0001938813040449892,0.006875818953716362,-84.28885134357982,0.9975670250837109,0.08609121191674615,0.9725162692442691,0.12103124620342207
1.1576,-0.4033280374813918,-13.652795388716786,-13.652603953885231,42.9718310545113,-137.02127842512147,0.00019143483155482636,0.0068905203672215976,-84.27454717437568,0.9975624086814747,0.08625018368227069,0.9725149117958661,0.12103730813555605
1.1584,-0.4041088023503206,-13.644785576397119,-13.644596588446367,42.93229385736932,-137.06080088719622,0.0001889879507504167,0.006905255434446644,-84.26016548719886,0.9975577857619098,0.08640937970252599,0.9725135573851099,0.12104335651096007
1.1592,-0.40489080890689133,-13.636779242850135,-13.636592702145878,42.89274192689831,-137.10033804890088,0.0001865407042543662,0.006920024200809394,-84.24570680467632,0.9975531563207368,0.08656880021161525,0.9725122060313048,0.12104939124337014
1.16,-0.4056740589336758,-13.628776384306107,-13.628592291170813,42.853175254751136,-137.13988991854518,0.000184093135293879,0.006934826703684394,-84.2311716631035,0.9975485203537351,0.08672844544377484,0.9725108577542553,0.12105541224428888
1.1608,-0.40645855421572724,-13.620776997004345,-13.620595351716648,42.81359383261046,-137.17945650441698,0.0001816452876959348,0.006949662972573378,-84.21656061249367,0.9975438778567429,0.08688831563337676,0.9725095125742746,0.12106141942294536
1.1616,-0.40724429654059374,-13.612781077192997,-13.612601879987151,42.773997652188605,-137.219037814783,0.00017919720584485665,0.006964533028394726,-84.20187421695721,0.9975392288256588,0.08704841101493127,0.9725081705121851,0.12106741268629653
1.1624,-0.4080312876983244,-13.604788621128874,-13.604611872194221,42.73438670522733,-137.25863385788927,0.0001767489346524155,0.0069794368833981935,-84.18711305479738,0.997534573256444,0.0872087318230898,0.9725068315893509,0.12107339193887755
1.1632,-0.40881952948149447,-13.596799625077274,-13.59662532455774,42.69476098349764,-137.29824464196113,0.0001743005195327564,0.0069943745412217595,-84.17227771864509,0.9975299111451214,0.08736927829264762,0.9725054958276533,0.12107935708291516
1.164,-0.4096090236852097,-13.588814085311771,-13.588642233305407,42.65512047879942,-137.33787017520442,0.0001718520063628594,0.0070093459961526605,-84.15736881577872,0.997525242487779,0.08753005065854703,0.9725041632495276,0.12108530801816127
1.1648,-0.4103997721071229,-13.580831998114043,-13.580662594672596,42.61546518296124,-137.37751046580556,0.0001694034414449297,0.007024351233212656,-84.14238696821207,0.9975205672805704,0.08769104915588025,0.9725028338779621,0.12109124464189729
1.1656,-0.41119177654744865,-13.57285335977367,-13.572686404902203,42.575795087839914,-137.41716552193213,0.00016695487146975164,0.007039390227959075,-84.12733281273505,0.9975158855197162,0.08785227401989215,0.9725015077365086,0.12109716684888853
1.1664,-0.4119850388089733,-13.56487816658795,-13.564713660244479,42.536110185320226,-137.45683535173384,0.00016450634347136404,0.007054462945916384,-84.11220700137491,0.9975111972015062,0.08801372548598388,0.9725001848493036,0.12110307453128802
1.1672,-0.412779560697075,-13.55690641486168,-13.556744356956889,42.496410467314405,-137.49651996334276,0.00016205790479137882,0.007069569342831983,-84.09701020112168,0.9975065023222994,0.08817540378971554,0.9724988652410587,0.12110896757868057
1.168,-0.4135753440197218,-13.548938100906982,-13.548778491303953,42.4566959257617,-137.53621936487423,0.00015960960302979907,0.007084709364079345,-84.08174309435408,0.9975018008785297,0.08833730916680979,0.972497548937119,0.12111484587782108
1.1688,-0.41437239058751746,-13.540973221043062,-13.540816059557084,42.41696655262787,-137.5759335644276,0.00015716148597847882,0.0070998829445443334,-84.06640637884983,0.9974970928666995,0.08849944185315499,0.972496235963393,0.1211207093129492
1.1696,-0.41517070221367497,-13.53301177159606,-13.532857057994448,42.37722233990457,-137.6156625700869,0.0001547136016134082,0.007115090008539937,-84.05100076771753,0.9974923782833915,0.08866180208480834,0.9724949263464635,0.1211265577652907
1.1703999999999999,-0.41597028071406494,-13.525053748898797,-13.524901482900793,42.337463279608826,-137.65540638992167,0.00015226599800406443,0.00713033046952205,-84.03552698973411,0.9974876571252619,0.08882439009799958,0.9724936201135199,0.12113239111336375
1.1712,-0.4167711279072135,-13.517099149290587,-13.516949330567321,42.29768936378228,-137.69516503198787,0.0001498187232671237,0.00714560422983368,-84.01998578913648,0.9974829293890459,0.08898720612913416,0.9724923172924079,0.12113820923275438
1.172,-0.4175732456143125,-13.509147969117041,-13.509000597291514,42.25790058449057,-137.73493850432877,0.00014737182552692252,0.007160911180676521,-84.0043779258699,0.9974781950715608,0.08915025041479677,0.9724910179116512,0.1211440119960207
1.1728,-0.41837663565924965,-13.501200204729823,-13.501055279377,42.21809693382246,-137.7747268149757,0.0001449253528238455,0.007176251201826744,-83.98870417535241,0.997473454169704,0.0893135231917549,0.9724897220004336,0.1211497992727713
1.1736,-0.41918129986860864,-13.493255852486497,-13.4931133731334,42.17827840388911,-137.81452997194936,0.00014247935309600273,0.007191624161521304,-83.9729653287032,0.9974687066804576,0.08947702469696203,0.972488429588634,0.12115557092951146
1.1743999999999999,-0.4199872400716951,-13.485314908750253,-13.485174874876185,42.1384449868231,-137.85434798326057,0.0001400338740673662,0.007207029916344254,-83.95716219251356,0.9974639526008884,0.08964075516756168,0.9724871407068257,0.12116132682964421
1.1752,-0.4207944581005373,-13.477377369889735,-13.47723978092652,42.09859667477758,-137.89418085691145,0.00013758896321498248,0.007222468310970953,-83.94129558890941,0.9974591919281526,0.0898047148408905,0.9724858553863154,0.12116706683329717
1.176,-0.42160295578992457,-13.469443232278834,-13.469308087611152,42.05873345992522,-137.93402860089648,0.00013514466768411112,0.007237939178310171,-83.92536635541032,0.9974544246594916,0.08996890395448201,0.9724845736590966,0.12117279079752943
1.1768,-0.42241273497739035,-13.461512492296473,-13.461379791262235,42.01885533445714,-137.97389122320382,0.00013270103423518602,0.007253442339049343,-83.90937534477968,0.997449650792242,0.09013332274607008,0.9724832955579434,0.1211784985759139
1.1776,-0.4232237975032557,-13.453585146326379,-13.453454888217234,41.978962290581784,-138.0137687318163,0.00013025810914641775,0.007268977601910365,-83.89332342491048,0.9974448703238299,0.09029797145359258,0.9724820211163518,0.12118419001879972
1.1784,-0.42403614521062905,-13.445661190756915,-13.445533374818766,41.939054320523745,-138.0536611347128,0.00012781593815014753,0.00728454476345064,-83.87721147872055,0.997440083251777,0.0904628503151947,0.9724807503685865,0.1211898649731019
1.1792,-0.42484977994542494,-13.437740621980836,-13.437615247414472,41.899131416522486,-138.09356843986956,0.00012537456636245125,0.007300143607949394,-83.86104040384782,0.9974352895737009,0.09062795956923286,0.9724794833496874,0.12119552328227265
1.18,-0.4256647035563831,-13.429823436395125,-13.42970050235693,41.85919357083102,-138.13349065526157,0.0001229340381944209,0.007315773907407674,-83.8448111124603,0.9974304892873155,0.09079329945427753,0.9724782200954598,0.12120116478634543
1.1808,-0.42648091789508064,-13.421909630400764,-13.421789136003483,41.819240775714476,-138.17342778886385,0.00012049439727887575,0.007331435421690458,-83.82852453101185,0.9974256823904348,0.09095887020911743,0.9724769606425094,0.12120678932177928
1.1816,-0.4272984248159415,-13.41399920040256,-13.413881144716182,41.779273023448724,-138.21337984865292,0.00011805568637682242,0.007347127898356121,-83.81218159987432,0.9974208688809737,0.09112467207276209,0.9724757050282424,0.12121239672145727
1.1824,-0.42811722617626585,-13.406092142808932,-13.405976524861634,41.73929030631873,-138.25334684260844,0.00011561794729838024,0.00736285107282697,-83.79578327311543,0.9974160487569482,0.09129070528444597,0.9724744532908639,0.12121798681469396
1.1832,-0.4289373238362292,-13.398188454031743,-13.398075272810914,41.69929261661695,-138.29332877871465,0.00011318122082852852,0.007378604668389244,-83.7793305180329,0.9974112220164791,0.0914569700836311,0.9724732054694024,0.12122355942712583
1.184,-0.42975871965891893,-13.390288130486109,-13.390177384939486,41.659279946641725,-138.3333256649619,0.00011074554662488789,0.007394388396363638,-83.76282431476892,0.9974063886577895,0.09162346671001052,0.9724719616036813,0.1212291143808391
1.1848,-0.4305814155103246,-13.382391168590217,-13.38228285762709,41.61925228869543,-138.37333750934852,0.00010831096312707416,0.007410201956048468,-83.74626565593604,0.9974015486792109,0.0917901954035113,0.9724707217343748,0.12123465149411995
1.1856,-0.4314054132593754,-13.374497564765164,-13.374391687257681,41.57920963508273,-138.41336431988213,0.00010587750748341021,0.0074260450351459895,-83.7296555460393,0.9973967020791803,0.09195715640429739,0.9724694859029649,0.12124017058164524
1.1864,-0.4322307147779417,-13.366607315434782,-13.366503870219335,41.5391519781085,-138.45340610458186,0.00010344521544774356,0.007441917309648716,-83.71299500106252,0.9973918488562432,0.0921243499527725,0.97246825415177,0.1212456714543572
1.1872,-0.4330573219408642,-13.358720417025484,-13.35861940290419,41.499079310076084,-138.49346287147958,0.00010101412129747963,0.007457818444322584,-83.69628504779364,0.9973869890090526,0.0922917762895831,0.9724670265239257,0.12125115391954658
1.188,-0.4338852366259522,-13.350836865966123,-13.350738281708399,41.45899162328502,-138.53353462862225,9.858425772557801e-05,0.007473748092735377,-83.67952672337275,0.9973821225363726,0.09245943565562034,0.9724658030634081,0.12125661778075066
1.1888,-0.434714460714017,-13.34295665868784,-13.34286050303206,41.41888891002901,-138.57362138407342,9.615565577594389e-05,0.007489705897569365,-83.6627210745659,0.9973772494370756,0.09262732829202308,0.9724645838150064,0.1212620628378745
1.1896,-0.43554499608888125,-13.335079791623937,-13.33498606327921,41.3787711625937,-138.61372314591532,9.37283447267457e-05,0.007505691490990785,-83.64586915707673,0.9973723697101436,0.09279545444017949,0.9724633688243236,0.12126748888718808
1.1904,-0.4363768446373853,-13.327206261209756,-13.32711495885774,41.33863837325436,-138.65383992225065,9.130235201423487e-05,0.0075217044949908995,-83.62897203491386,0.9973674833546712,0.09296381434172978,0.9724621581377935,0.12127289572125001
1.1912,-0.43721000824942,-13.319336063882563,-13.319247186179426,41.29849053427357,-138.69397172120475,8.887770313727908e-05,0.007537744521698642,-83.61203077955435,0.9973625903698609,0.09313240823856742,0.9724609518026357,0.12127828312910863
1.192,-0.4380444888179331,-13.311469196081465,-13.311382741659902,41.25832763789873,-138.7341185509275,8.645442156382428e-05,0.007553811173778513,-83.59504646921339,0.9973576907550255,0.0933012363728409,0.972459749866864,0.12128365089626537
1.1928,-0.4388802882389471,-13.303605654247301,-13.303521621718644,41.21814967635969,-138.77428041959536,8.403252865760796e-05,0.007569904044942177,-83.5780201879756,0.9973527845095869,0.09347029898695525,0.9724585523792707,0.12128899880474381
1.1936,-0.43971740841156803,-13.295745434822576,-13.295663822779016,41.17795664186604,-138.81445733541358,8.16120435595488e-05,0.007586022720374785,-83.5609530249476,0.9973478716330768,0.09363959632357294,0.9724573593894211,0.12129432663311418
1.1944,-0.4405558512380231,-13.287888534251419,-13.287809341268272,41.13774852660457,-138.8546493066182,7.919298314917624e-05,0.007602166777246566,-83.54384607332342,0.9973429521251317,0.09380912862561475,0.9724561709475963,0.12129963415674999
1.1952,-0.4413956186236433,-13.280034948979502,-13.279958173617585,41.097525322736516,-138.89485634147823,7.67753619154127e-05,0.007618335785252839,-83.52670042942606,0.9973380259854976,0.09397889613626055,0.9724549871048385,0.12130492114762394
1.196,-0.442236712476915,-13.272184675454042,-13.27211031626214,41.05728702239488,-138.93507844829773,7.435919190257418e-05,0.007634529307381399,-83.50951719171881,0.9973330932140216,0.09414889909894902,0.9724538079128513,0.12131018737475441
1.1968,-0.4430791347094687,-13.264337710123762,-13.264265765641136,41.017033617681534,-138.97531563541827,7.194448262647637e-05,0.0076507469001967365,-83.4922974598758,0.9973281538106558,0.09431913775737825,0.9724526334240319,0.121315432604062
1.1976,-0.4439228872361104,-13.25649404943892,-13.256424518197921,40.97676510066447,-139.01556791122084,6.95312410011488e-05,0.0076669881146926855,-83.47504233363024,0.9973232077754509,0.09448961235550465,0.9724514636914063,0.12132065659865718
1.1984,-0.4447679719748288,-13.248653689851297,-13.248586570380043,40.93648146337473,-139.0558352841281,6.711947125301265e-05,0.007683252497145077,-83.45775291162184,0.9973182551085565,0.09466032313754269,0.9724502987686177,0.12132585911889476
1.1992,-0.44561439084682136,-13.240816627814265,-13.240751918639383,40.896182697803546,-139.0961177626069,6.470917488134677e-05,0.007699539589566484,-83.440430290421,0.9973132958102154,0.09483127034796346,0.9724491387098635,0.12133103992265162
1.2,-0.4464621457764966,-13.23298285978282,-13.232920559432248,40.855868795899354,-139.13641535517013,6.230035057246567e-05,0.007715848930502034,-83.42307556332904,0.9973083298807632,0.09500245423149328,0.972447983569888,0.12133619876536281
1.2008,-0.4473112386915024,-13.22515238221368,-13.225092489219533,40.815539749564635,-139.17672807037928,5.989299414764942e-05,0.007732180056081006,-83.4056898191089,0.9973033573206224,0.09517387503311181,0.9724468334039117,0.121341335400336
1.2016,-0.448161671522731,-13.21732519156537,-13.21726770446685,40.77519555065299,-139.21705591684645,5.748709851878825e-05,0.007748532500556848,-83.3882741408972,0.9972983781302995,0.09534553299804946,0.9724456882676039,0.12134644957887236
1.2024,-0.44901344620435074,-13.209501284298335,-13.209446201644718,40.734836190965936,-139.25739890323663,5.508265361702588e-05,0.007764905797444044,-83.37082960486256,0.9972933923103784,0.0955174283717849,0.9724445482170013,0.12135154105063264
1.2032,-0.4498665646737966,-13.201680656875103,-13.20162797722871,40.6944616622498,-139.2977570382702,5.2679646391799286e-05,0.00778129948000128,-83.35335727909475,0.9972883998615198,0.09568956140004176,0.9724434133085048,0.12135660956364987
1.204,-0.4507210288718145,-13.193863305760425,-13.193813027699706,40.65407195619263,-139.33813033072468,5.027806071923119e-05,0.007797713082680957,-83.33585822217954,0.9972834007844503,0.09586193232878462,0.9724422835987581,0.1213616548648719
1.2048,-0.45157684074245164,-13.186049227421467,-13.18600134954403,40.613667064421016,-139.37851878943727,4.787787743685026e-05,0.007814146141726042,-83.31833348201042,0.9972783950799612,0.09603454140421545,0.97244115914464,0.12136667670019514
1.2056,-0.4524340022330935,-13.17823841832803,-13.178192939253773,40.573246978497,-139.41892242330684,4.547907425873398e-05,0.007830598196164829,-83.30078409446985,0.9972733827488982,0.09620738887276825,0.9724400400031518,0.12137167481496978
1.2064,-0.4532925152944589,-13.170430874952777,-13.170387793326965,40.53281168991485,-139.45934124129616,4.308162581119329e-05,0.00784706878897623,-83.28321108213983,0.9972683637921587,0.09638047498110433,0.9724389262313884,0.12137664895412528
1.2072,-0.45415238188063034,-13.162626593771478,-13.162585908267872,40.49236119009804,-139.49977525243398,4.068550360577544e-05,0.007863557467999271,-83.26561545297523,0.9972633382106812,0.09655379997610666,0.9724378178864334,0.12138159886264237
1.208,-0.45501360394906376,-13.154825571263313,-13.15478728058729,40.45189547039609,-139.54022446581692,3.82906760228747e-05,0.007880063786984692,-83.24799819893391,0.997258306005439,0.09672736410487323,0.9724367150252863,0.12138652428587532
1.2088,-0.45587618346060443,-13.147027803911172,-13.146991906802818,40.41141452208155,-139.58068889061184,3.589710835416711e-05,0.00789658730661813,-83.23036029481464,0.9972532671774307,0.09690116761471068,0.9724356177047788,0.12139142496992793
1.2096,-0.4567401223794956,-13.139233288201979,-13.139199783439183,40.37091833634696,-139.62116853605735,3.3504762794900096e-05,0.00791312759568541,-83.21270269686687,0.9972482217276744,0.09707521075312692,0.972434525981505,0.12139630066196433
1.2104,-0.4576054226734071,-13.131442020627063,-13.131410907028577,40.330406904301924,-139.66166341146607,3.1113598485362924e-05,0.007929684232010459,-83.19502634151361,0.9972431696571937,0.09724949376782327,0.9724334399116946,0.12140115111077522
1.2112,-0.45847208631343445,-13.123653997682537,-13.123625274110992,40.28988021697004,-139.7021735262263,2.8723571542713716e-05,0.007946256803677443,-83.17733214403476,0.9972381109670125,0.09742401690668599,0.9724323595511475,0.12140597606707006
1.212,-0.45934011527412577,-13.115869215869708,-13.115842881234608,40.24933826528629,-139.74269888980368,2.633463510148547e-05,0.007962844910025524,-83.15962099742518,0.9972330456581409,0.09759878041777731,0.9724312849551134,0.12141077528401445
1.2128,-0.46020951153348566,-13.108087671695515,-13.108063724956143,40.20878104009413,-139.78323951174315,2.3946739370485556e-05,0.007979448162728886,-83.14189377110368,0.9972279737315672,0.09777378454932607,0.9724302161782046,0.1214155485176214
1.2136,-0.4610802770729985,-13.100309361672979,-13.100287801841276,40.16820853214282,-139.82379540167025,2.1559831704160113e-05,0.007996066186933604,-83.12415130973882,0.9972228951882444,0.09794902954971743,0.9724291532742685,0.1214202955273177
1.2144,-0.4619524138776381,-13.092534282321713,-13.092515108465046,40.12762073208493,-139.8643665692929,1.9173856667207957e-05,0.008012698622167136,-83.10639443207344,0.9972178100290789,0.0981245156674822,0.9724280962962867,0.12142501607639751
1.2152,-0.46282592393588085,-13.0847624301684,-13.084745641412272,40.08701763047374,-139.90495302440254,1.6788756127160005e-05,0.00802934512370257,-83.08862392980983,0.9972127182549188,0.09830024315128597,0.972427045296255,0.1214297099325565
1.216,-0.46370080923972296,-13.076993801747356,-13.076979397278022,40.04639921776106,-139.94555477687564,1.4404469334422212e-05,0.008046005363297581,-83.07084056657152,0.9972076198665389,0.09847621224991665,0.9724260003250583,0.12143437686845163
1.2168,-0.4645770717846853,-13.069228393601072,-13.069216372668027,40.0057654842949,-139.98617183667486,1.2020933045713197e-05,0.008062679030246045,-83.05304507689783,0.9972025148646307,0.09865242321227288,0.9724249614323653,0.12143901666217079
1.2176,-0.46545471356983953,-13.06146620228082,-13.061456564199187,39.965116420317365,-140.02680421385003,9.63808163400106e-06,0.00807936583260016,-83.0352381651231,0.9971974032497842,0.0988288762873505,0.9724239286664691,0.12144362909794532
1.2184,-0.46633373659781124,-13.053707224347216,-13.053699968500037,39.92445201596285,-140.06745191853923,7.25584717626048e-06,0.008096065497909422,-83.01742050468833,0.9971922850224763,0.09900557172422961,0.9724229020741807,0.12144821396662464
1.2192,-0.467214142874795,-13.045951456370888,-13.04594658221123,39.88377226125615,-140.10811496096971,4.874159657913334e-06,0.008112777774130109,-82.9995927371691,0.997187160183055,0.09918250977206033,0.9724218817006904,0.12145277106629651
1.22,-0.46809593441057146,-13.038198894933107,-13.03819640198607,39.84307714611095,-140.14879335145835,2.4929470345485127e-06,0.008129502430705315,-82.98175547150325,0.9971820287317235,0.09935969068004841,0.9724208675894185,0.12145730020295403
1.2208,-0.46897911321851055,-13.030449536626445,-13.030449424491,39.802366660328346,-140.18948710041255,1.1213544504101992e-07,0.00814623925910496,-82.96390928334677,0.9971768906685258,0.09953711469744041,0.9724198597818937,0.12146180119103667
1.2216,-0.4698636813155965,-13.022703378055486,-13.022705646406136,39.76164079359568,-140.23019621833026,2.268350651511101e-06,0.008162988074047917,-82.94605471441312,0.9971717459933278,0.09971478207350806,0.9724188583175877,0.12146627385417207
1.2224,-0.4707496407224222,-13.014960415837491,-13.014965064425809,39.720899535485415,-140.27092071580077,4.648588319563535e-06,0.00817974871381466,-82.92819227191808,0.9971665947058047,0.09989269305753254,0.9724178632338015,0.12147071802568082
1.2232,-0.4716369934632233,-13.007220646603152,-13.007227675259099,39.680142875454386,-140.31166060350444,7.028655947508005e-06,0.008196521041185179,-82.91032242818036,0.9971614368054187,0.10007084789878817,0.9724168745654769,0.12147513354942158
1.224,-0.4725257415658691,-12.999484066997312,-12.999493475630384,39.63937080284327,-140.35241589221286,9.408633071198749e-06,0.008213304943865296,-82.89244562026556,0.997156272291406,0.10024924684652545,0.9724158923450833,0.12147952028029325
1.2248,-0.47341588706188104,-12.991750673679697,-12.991762462279882,39.598583306875945,-140.39318659278862,1.1788600184943023e-05,0.008230100335424595,-82.87456224956514,0.997151101162758,0.10042789014995449,0.9724149166024595,0.12148387808494474
1.2256,-0.47430743198644815,-12.984020463325699,-12.984034631964242,39.55778037665963,-140.43397271618508,1.4168638544777316e-05,0.008246907155296412,-82.85667268181575,0.9971459234182019,0.10060677805822679,0.9724139473646485,0.12148820684251074
1.2264,-0.4752003783784295,-12.976293432627115,-12.976309981457074,39.516962001184815,-140.47477427344572,1.6548829960171967e-05,0.008263725369459962,-82.83877724695353,0.997140739056184,0.10078591082041827,0.9724129846557631,0.12149250644521284
1.2272,-0.47609472828037436,-12.96856957829295,-12.968588507549514,39.476128169325555,-140.51559127570354,1.8929256564520966e-05,0.008280554970895082,-82.82087623908063,0.9971355480748499,0.10096528868551068,0.9724120284968143,0.12149677679912618
1.228,-0.47699048373851965,-12.96084889705016,-12.960870207050823,39.43527886984018,-140.5564237341802,2.1310000662778098e-05,0.008297395979610656,-82.80296991662757,0.9971303504720275,0.1011449119023734,0.9724110789055799,0.12150101782476605
1.2288000000000001,-0.4778876468028096,-12.953131385644465,-12.953155076788894,39.39441409137201,-140.59727166018513,2.3691144430587384e-05,0.008314248442843564,-82.78505850260328,0.9971251462452069,0.10132478071974524,0.9724101358964399,0.12150522945782277
1.2296,-0.47878621952689887,-12.945417040841125,-12.945443113610875,39.353533822450544,-140.63813506511406,2.6072769748419336e-05,0.008331112435399746,-82.76714218500297,0.997119935391522,0.10150489538621507,0.9724091994802273,0.12150941164982887
1.2304,-0.47968620396816514,-12.937705859425705,-12.937734314383674,39.312638051492684,-140.679013960448,2.8454957966276237e-05,0.008347988059313138,-82.74922111703702,0.9971147179077319,0.10168525615020385,0.9724082696640817,0.12151356436881294
1.2312,-0.4805876021877167,-12.929997838204887,-12.930028675994556,39.271726766804434,-140.71990835775136,3.0837789670326385e-05,0.008364875444215158,-82.7312954178408,0.9971094937902008,0.10186586325994494,0.9724073464512905,0.12151768760000797
1.232,-0.48149041625039746,-12.922292974007215,-12.922326195351667,39.2307999565828,-140.76081826867053,3.322134445339602e-05,0.008381774746681003,-82.71336517315227,0.9971042630348806,0.10204671696346558,0.9724064298411591,0.12152178134643198
1.2328000000000001,-0.48239464822479877,-12.914591263683883,-12.914626869384584,39.18985760891782,-140.8017437049319,3.5605700700890806e-05,0.008398686150258072,-82.69543043595922,0.9970990256372914,0.10222781750856766,0.9724055198288521,0.12152584562959767
1.2336,-0.4833003001832661,-12.906892704109483,-12.906930695044846,39.148899711795096,-140.84268467833962,3.7990935363217145e-05,0.008415609865267015,-82.6774912274021,0.9970937815925018,0.10240916514280897,0.9724046164052575,0.12152988049011845
1.2344,-0.484207374201909,-12.899197292182752,-12.899237669306478,39.107926253098405,-140.88364120077364,4.037712372627517e-05,0.008432546127949081,-82.6595475377936,0.9970885308951111,0.10259076011348411,0.9724037195568385,0.12153388598837049
1.2352,-0.4851158723605936,-12.8915050248273,-12.891547789166498,39.06693722061259,-140.92461328418716,4.276433919931e-05,0.008449495200238744,-82.64159932759506,0.9970832735392327,0.10277260266760604,0.9724028292655299,0.1215378622049544
1.236,-0.48602579674296886,-12.883815898992339,-12.883861051645422,39.02593260202678,-140.96560094060402,4.5152653085405455e-05,0.008466457369195268,-82.62364652856327,0.9970780095184725,0.10295469305188719,0.9724019455085655,0.12154180924146886
1.2368000000000001,-0.48693714943645816,-12.876129911653356,-12.87617745378774,38.984912384937815,-141.00660418211612,4.7542134384765136e-05,0.008483432946064795,-82.60568904505001,0.9970727388259141,0.10313703151272144,0.9724010682583842,0.12154572722092775
1.2376,-0.4878499325322721,-12.86844705981281,-12.868496992662394,38.943876556854015,-141.0476230208804,4.993284958256471e-05,0.008500422265598218,-82.58772675536429,0.9970674614540993,0.10331961829616582,0.972400197482489,0.12154961628839141
1.2384,-0.4887641481254065,-12.86076734050077,-12.860819665363223,38.90282510519891,-141.08865746911576,5.2324862452233595e-05,0.00851742568534064,-82.56975951308569,0.9970621773950136,0.10350245364792277,0.9723993331433491,0.12155347661140162
1.2392,-0.48967979831465613,-12.85309075077553,-12.853145469009387,38.86175801731555,-141.1297075391001,5.4718233856808484e-05,0.00853444358432398,-82.55178714866241,0.9970568866400665,0.10368553781332314,0.9723984751982719,0.12155730838055734
1.24,-0.49059688520261074,-12.845417287724242,-12.845474400745818,38.82067528047087,-141.17077324316668,5.711302157728804e-05,0.00855147636244169,-82.53380947086364,0.9970515891800777,0.10386887103730849,0.9723976235993067,0.12156111180994127
1.2408000000000001,-0.4915154108956648,-12.83774694846343,-12.837806457743557,38.77957688186019,-141.21185459370082,5.9509280127487425e-05,0.008568524438999248,-82.51582626854677,0.9970462850052612,0.10405245356441548,0.9723967782931503,0.12156488713754286
1.2416,-0.49243537750401123,-12.830079730139577,-12.830141637200176,38.738462808612056,-141.25295160313618,6.190706059975148e-05,0.008585588251776244,-82.49783731223765,0.99704097410521,0.10423628563875892,0.9723959392210556,0.12156863462566705
1.2424,-0.4933567871416583,-12.8224156299296,-12.822479936340095,38.6973330477933,-141.29406428395117,6.43064104933103e-05,0.00860266825552003,-82.47984235594063,0.997035656468882,0.10442036750401712,0.9723951063187384,0.12157235456135028
1.2432,-0.49427964192641805,-12.814754645041315,-12.81482135241492,38.656187586414035,-141.33519264866501,6.670737360242298e-05,0.008619764920950956,-82.46184113891297,0.9970303320845872,0.1046046994034165,0.9723942795163156,0.12157604725663584
1.244,-0.4952039439799213,-12.807096772713887,-12.807165882703737,38.61502641143318,-141.37633670983365,6.910998985051964e-05,0.00863687873317076,-82.44383338751794,0.9970250009399723,0.10478928157971744,0.9723934587382146,0.12157971304898055
1.2448000000000001,-0.4961296954276001,-12.799442010218185,-12.799513524513396,38.573849509763804,-141.417496480046,7.151429520920393e-05,0.008654010190184636,-82.42581881708958,0.9970196630220135,0.10497411427520084,0.9723926439031524,0.12158335230134558
1.2456,-0.4970568983987094,-12.791790354857174,-12.791864275178737,38.53265686827882,-141.45867197191944,7.392032156325364e-05,0.00867115980173594,-82.40779713377026,0.9970143183170002,0.10515919773165497,0.9723918349240378,0.12158696540263536
1.2464,-0.4979855550263213,-12.784141803966191,-12.78421813206284,38.491448473816725,-141.49986319809582,7.632809664698126e-05,0.008688328087458785,-82.38976803653053,0.997008966810526,0.10534453219036355,0.9723910317079428,0.12159055276782461
1.2472,-0.4989156674473091,-12.776496354913235,-12.776575092557167,38.4502243131874,-141.54107017123707,7.873764393237873e-05,0.008705515575542222,-82.37173121895451,0.9970036084874824,0.10553011789209428,0.9723902341560952,0.12159411483799216
1.248,-0.49984723780236906,-12.768854005099183,-12.768935154081792,38.40898437317817,-141.58229290402076,8.114898260983698e-05,0.00872272280105335,-82.35368637127903,0.9969982433320452,0.10571595507708795,0.9723894421638094,0.12159765208062794
1.2488000000000001,-0.5007802682360027,-12.761214751957953,-12.761298314085469,38.36772864055972,-141.62353140913575,8.356212751872073e-05,0.008739950304516242,-82.33563318222446,0.9969928713276713,0.10590204398504921,0.9723886556205057,0.12160116498955023
1.2496,-0.5017147608965313,-12.753578592956675,-12.753664570045778,38.32645710209228,-141.6647856992777,8.597708910108749e-05,0.008757198630007679,-82.31757134093941,0.9969874924570872,0.10608838485513711,0.9723878744096622,0.12160465408511754
1.2504,-0.502650717936073,-12.745945525595753,-12.746033919469175,38.28516974453168,-141.70605578714452,8.839387342290844e-05,0.008774468323792917,-82.29950053885116,0.9969821067022879,0.10627497792595733,0.9723870984088625,0.1216081199140179
1.2512,-0.5035881415105539,-12.738315547408913,-12.73840635989104,38.2438665546355,-141.74734168543188,9.081248212778737e-05,0.00879175993262038,-82.28142047149578,0.9969767140445301,0.10646182343555496,0.9723863274897753,0.1216115630493582
1.252,-0.5045270337797046,-12.730688655963222,-12.730781888875708,38.202547519169336,-141.7886434068286,9.323291248711128e-05,0.008809074002044781,-82.26333084037296,0.996971314464327,0.10664892162140785,0.9723855615181747,0.12161498409057453
1.2528000000000001,-0.5054673969070493,-12.723064848859007,-12.723160504016413,38.16121262491279,-141.8299609640122,9.5655157407771e-05,0.008826411075006035,-82.24523135463697,0.9969659079414482,0.10683627272042186,0.9723848003539859,0.1216183836632284
1.2536,-0.506409233059909,-12.715444123729803,-12.715542202935277,38.1198618586658,-141.87129436964423,9.807920547459724e-05,0.008843771689953428,-82.22712173287232,0.996960494454916,0.10702387696892574,0.9723840438513036,0.12162176241892407
1.2544,-0.5073525444093882,-12.707826478242186,-12.707926983283201,38.078495207254555,-141.91264363636586,0.00010050504101594017,0.008861156379595059,-82.20900170473618,0.9969550739830056,0.10721173460266795,0.972383291858457,0.12162512103501905
1.2552,-0.5082973331303716,-12.7002119100956,-12.700314842739783,38.03711265753758,-141.95400877679333,0.0001029326441808206,0.008878565669078853,-82.19087101245705,0.9969496465032467,0.10739984585681416,0.9723825442180626,0.12162846021438656
1.256,-0.5092436014015289,-12.692600417022152,-12.69270577901315,37.99571419641172,-141.9953898035135,0.00010536199099679485,0.008896000074798849,-82.17272941246517,0.9969442119924208,0.10758821096594484,0.972381800767067,0.12163178068522677
1.2568000000000001,-0.5101913514052915,-12.684991996786316,-12.685099789839814,37.95429981081795,-142.03678672907935,0.00010779305349532158,0.008913460102689896,-82.15457667667651,0.9969387704265688,0.10777683016405548,0.9723810613368586,0.121635083200567
1.2576,-0.5111405853278527,-12.677386647184644,-12.677496872984461,37.91286948774721,-142.07819956600582,0.00011022579981784213,0.0089309462469771,-82.13641259405803,0.996933321780991,0.10796570368455577,0.9723803257533237,0.12163836853801084
1.2584,-0.5120913053591628,-12.669784366045402,-12.66989702623973,37.871423214245894,-142.11962832676545,0.0001126601943276465,0.00894845898864105,-82.11823697164863,0.9969278660302527,0.10815483176027134,0.9723795938369458,0.121641637499294
1.2591999999999999,-0.513043513692915,-12.6621851512282,-12.662300247425957,37.82996097742148,-142.161073023784,0.00011509619775838318,0.008965998794508323,-82.10004963590805,0.9969224031481901,0.1083442146234451,0.9723788654029074,0.12164489090983262
1.26,-0.5139972125265407,-12.654589000623544,-12.654706534390893,37.78848276444781,-142.20253366943666,0.0001175337673490684,0.008983566115546182,-82.08185043375363,0.9969169331079156,0.10853385250574044,0.9723781402611936,0.12164812961825715
1.2608000000000001,-0.5149524040611977,-12.646995912152398,-12.647115885009402,37.74698856257031,-142.24401027604372,0.00011997285700223854,0.009001161385981504,-82.06363923347295,0.9969114558818261,0.10872374563824458,0.9723774182167066,0.12165135449590324
1.2616,-0.515909090501756,-12.639405883765669,-12.639528297183126,37.70547835911092,-142.28550285586678,0.00012241341745753144,0.00901878502230602,-82.04541592564559,0.9969059714416119,0.10891389425147303,0.9723766990694007,0.12165456643620834
1.2624,-0.5168672740567953,-12.631818913443677,-12.631943768840138,37.66395214147303,-142.32701142110503,0.0001248553964594815,0.00903643742194049,-82.02718042398064,0.9969004797582648,0.10910429857537501,0.9723759826143947,0.12165776635420884
1.2631999999999999,-0.5178269569385884,-12.624234999195604,-12.624362297934535,37.62240989714598,-142.3685359838914,0.00012729873892917173,0.009054118962609436,-82.00893266586112,0.996894980802089,0.10929495883933943,0.9723752686421179,0.12166095518588971
1.264,-0.51878814136309,-12.616654139058891,-12.616783882446075,37.58085161370956,-142.41007655628917,0.0001297433871821725,0.009071830001261105,-81.99067261305919,0.9968894745427122,0.1094858752722015,0.9723745569384515,0.1216641338875507
1.2648000000000001,-0.5197508295499239,-12.609076331098644,-12.609208520379728,37.53927727883819,-142.45163315028825,0.0001321892810828355,0.009089570873555886,-81.97240025201742,0.9968839609490969,0.10967704810225024,0.9723738472848783,0.12166730343514104
1.2656,-0.520715023722367,-12.601501573406964,-12.60163620976524,37.497686880304904,-142.49320577780227,0.00013463635827766073,0.009107341892814702,-81.95411559440687,0.9968784399895547,0.10986847755723678,0.9723731394586413,0.12167046482354735
1.2664,-0.5216807261073416,-12.593929864102297,-12.594066948656684,37.456080405985055,-142.53479445066515,0.00013708455438816227,0.009125143349791642,-81.93581867720029,0.9968729116317581,0.11006016386438315,0.9723724332328959,0.12167361906591746
1.2671999999999999,-0.5226479389353993,-12.586361201328751,-12.586500735131953,37.4144578438599,-142.57639918062821,0.00013953380320373357,0.009142975511878149,-81.91750956296366,0.9968673758427544,0.11025210725039153,0.9723717283768728,0.12167676719292987
1.268,-0.5236166644407008,-12.578795583255385,-12.578937567292297,37.37281918201981,-142.6180199793574,0.00014198403691308495,0.00916083862279038,-81.89918833980724,0.9968618325889831,0.11044430794145448,0.9723710246560621,0.12167991025197382
1.2688000000000001,-0.524586904861005,-12.571233008075495,-12.571377443261795,37.33116440866731,-142.65965685843037,0.00014443518630096543,0.009178732902313413,-81.88085512132741,0.9968562818362892,0.1106367661632652,0.9723703218323748,0.12168304930642622
1.2696,-0.5255586624376513,-12.563673474005876,-12.563820361186846,37.28949351211994,-142.70130982933415,0.0001468871809680277,0.009196658545903347,-81.86251004662253,0.9968507235499401,0.11082948214102871,0.9723696196643244,0.12168618543484253
1.2704,-0.5265319394155472,-12.556116979286083,-12.556266319235617,37.24780648081264,-142.74297890346284,0.00014933994953333533,0.009214615724516761,-81.84415327979652,0.9968451576946418,0.11102245609947328,0.9723689179071984,0.12168931973018973
1.2711999999999999,-0.5275067380431385,-12.548563522177648,-12.548715315597514,37.20610330330015,-142.7846640921152,0.00015179341986386994,0.009232604584639148,-81.82578500980519,0.9968395842345583,0.1112156882628624,0.972368216313264,0.12169245329892643
1.272,-0.5284830605724117,-12.541013100963372,-12.541167348482618,37.16438396825898,-142.82636540649284,0.00015424751924617962,0.009250625248171218,-81.80740545003587,0.9968340031333254,0.11140917885500681,0.9723675146319196,0.12169558726032861
1.2728,-0.529460909258849,-12.533465713946498,-12.533622416121135,37.12264846448925,-142.86808285769817,0.00015670217463517185,0.009268677812571013,-81.78901483767814,0.996828414354074,0.11160292809927722,0.9723668126099246,0.12169872274546223
1.2736,-0.5304402863614394,-12.525921359449972,-12.526080516762805,37.08089678091612,-142.90981645673284,0.00015915731283347564,0.009286762351052857,-81.7706134333222,0.9968228178594433,0.11179693621861722,0.9723661099915432,0.12170186089654109
1.2744,-0.5314211941426316,-12.518380035815674,-12.518541648676354,37.0391289065912,-142.9515662144962,0.00016161286067851776,0.009304878912587355,-81.75220152014526,0.9968172136116041,0.11199120343555613,0.9723654065187732,0.12170500286590348
1.2752,-0.5324036348683296,-12.510841741403627,-12.511005810148891,36.9973448306935,-142.99333214178392,0.0001640687452662426,0.009323027522583516,-81.73377940331035,0.9968116015722763,0.11218572997222273,0.9723647019315191,0.12170814981524256
1.276,-0.5333876108078696,-12.503306474591225,-12.50347299948535,36.95554454253025,-143.03511424928692,0.0001665248941246873,0.009341208182831906,-81.71534740909885,0.9968059817027481,0.11238051605035845,0.9723639959677854,0.12171130291473965
1.2768,-0.5343731242339963,-12.495774233772508,-12.495943215007896,36.91372803153756,-143.07691254759015,0.00016898123538755693,0.00935942087227204,-81.69690588417949,0.9968003539638959,0.11257556189133075,0.9723632883638645,0.12171446334222681
1.2776,-0.5353601774228367,-12.488245017357356,-12.488416455055338,36.8718952872806,-143.118727047172,0.00017143769798129915,0.00937766554739028,-81.67845519456648,0.9967947183162063,0.11277086771614742,0.9723625788545505,0.12171763228223176
1.2784,-0.5363487726538889,-12.480718823770772,-12.480892717982567,36.830046299453905,-143.16055775840337,0.00017389421179482182,0.009395942142731428,-81.65999572479622,0.9967890747197927,0.11296643374546961,0.972361867173297,0.12172081092527183
1.2792,-0.5373389122099911,-12.47319565145212,-12.47337200215995,36.788181057881104,-143.20240469154737,0.00017635070782992329,0.009414250571524008,-81.64152787688563,0.9967834231344187,0.11316226019962618,0.9723611530524314,0.12172400046689905
1.28,-0.5383305983772961,-12.46567549885441,-12.465854305972787,36.74629955251475,-143.2442678567589,0.00017880711837679484,0.009432590726333956,-81.62305206939955,0.9967777635195167,0.11335834729862698,0.9723604362233371,0.12172720210688537
1.2808,-0.5393238334452565,-12.458158364443593,-12.458339627820722,36.70440177343571,-143.2861472640843,0.00018126337713166463,0.009450962480002545,-81.60456873622259,0.9967720958342084,0.1135546952621764,0.9723597164166348,0.12173041704841252
1.2816,-0.5403186197065902,-12.45064424669782,-12.45082796611717,36.66248771085257,-143.3280429234615,0.0001837194193510845,0.009469365685930597,-81.58607832570233,0.9967664200373263,0.11375130430968759,0.9723589933623785,0.1217336464971963
1.2824,-0.5413149594572583,-12.443133144106802,-12.44331931928879,36.62055735510064,-143.36995484472004,0.00018617518198885968,0.009487800179329042,-81.567581299374,0.9967607360874333,0.113948174660295,0.9723582667902353,0.12173689166068585
1.2832,-0.5423128549964478,-12.435625055171105,-12.4358136857749,36.57861069664092,-143.41188303758125,0.0001886306037924765,0.00950626577781577,-81.54907813092385,0.9967550439428414,0.11414530653286828,0.9723575364296507,0.1217401537473224
1.284,-0.5433123086265333,-12.428119978401517,-12.428311064026953,36.536647726058895,-143.4538275116588,0.0001910856254361747,0.009524762282296706,-81.53056930508652,0.9967493435616352,0.11434270014602513,0.972356802010053,0.12174343396562876
1.2848,-0.5443133226530521,-12.42061791231841,-12.420811452508023,36.49466843406318,-143.49578827645894,0.00019354018961158898,0.009543289477875305,-81.51205531647227,0.9967436349016903,0.11454035571814386,0.9723560632610171,0.12174673352347662
1.2856,-0.5453158993846866,-12.413118855451113,-12.413314849692236,36.452672811483794,-143.53776534138143,0.0001959942411222483,0.009561847134762047,-81.49353666843156,0.9967379179206919,0.1147382734673767,0.9723553199124263,0.12175005362736355
1.2864,-0.5463200411332323,-12.405622806337346,-12.405821254064314,36.4106608492707,-143.57975871572006,0.00019844772696843172,0.009580435009240773,-81.47501387193252,0.9967321925761559,0.11493645361166124,0.9723545716946481,0.12175339548162908
1.2872,-0.5473257502135629,-12.39812976352261,-12.398330664119024,36.36863253849186,-143.6217684086638,0.00020090059641466655,0.009599052844350808,-81.45648744451918,0.9967264588254492,0.11513489636873349,0.9723538183387125,0.12175676028765792
1.288,-0.5483330289436116,-12.390639725559655,-12.390843078360733,36.326587870331224,-143.6637944292975,0.00020335280107844128,0.009617700371279625,-81.4379579089973,0.9967207166258072,0.11533360195613873,0.972353059576452,0.12176014924325364
1.2888,-0.5493418796443349,-12.383152691007965,-12.383358495302918,36.2845268360869,-143.70583678660321,0.0002058042949533454,0.009636377309902855,-81.41942579261878,0.9967149659343548,0.11553257059124343,0.9723522951406786,0.12176356354185036
1.2896,-0.5503523046396881,-12.375668658433206,-12.375876913467698,36.242449427168744,-143.7478954894614,0.0002082550344919963,0.009655083369864315,-81.40089162576828,0.9967092067081238,0.11573180249124623,0.9723515247653264,0.12176700437187311
1.2904,-0.5513643062565942,-12.368187626406781,-12.3683983313854,36.20035563509628,-143.789970546652,0.00021070497861760742,0.009673818251712873,-81.38235594101629,0.9967034389040715,0.11593129787318866,0.9723507481856034,0.12177047291606248
1.2912,-0.5523778868249147,-12.360709593505355,-12.360922747594119,36.15824545149626,-143.83206196685617,0.00021315408876255667,0.009692581647556153,-81.3638192720955,0.9966976624790997,0.11613105695396539,0.9723499651381402,0.1217739703508092
1.292,-0.553393048677415,-12.353234558310394,-12.353450160639298,36.11611886810031,-143.87416975865747,0.0002156023289069553,0.009711373242225818,-81.34528215286666,0.9966918773900726,0.11633107995033448,0.9723491753611357,0.12177749784550315
1.2928,-0.5544097941497412,-12.345762519407783,-12.345980569073355,36.073975876742374,-143.9162939305436,0.0002180496655709296,0.00973019271404496,-81.32674511633654,0.9966860835938329,0.1165313670789264,0.9723483785944794,0.1217810565619884
1.2936,-0.5554281255803832,-12.338293475387408,-12.338513971455235,36.0318164693562,-143.9584344909079,0.00022049606782811775,0.009749039735879705,-81.30820869375214,0.9966802810472208,0.11673191855625388,0.9723475745799023,0.12178464765388788
1.2944,-0.5564480453106392,-12.330827424842784,-12.331050366350114,35.98964063797282,-144.00059144805113,0.00022294150732880922,0.009767913976048703,-81.28967341371467,0.9966744697070913,0.11693273459871999,0.972346763061104,0.12178827226603621
1.2952,-0.5574695556845987,-12.323364366370715,-12.32358975232897,35.94744837471775,-144.0427648101832,0.00022538595825558335,0.009786815099062096,-81.27113980118125,0.9966686495303275,0.11713381542262714,0.9723459437838585,0.1217919315340081
1.296,-0.5584926590490908,-12.31590429857097,-12.316132127968302,35.90523967180846,-144.08495458542504,0.0002278293973310201,0.00980574276650259,-81.25260837687645,0.9966628204738615,0.11733516124418439,0.9723451164961633,0.12179562658345144
1.2968,-0.5595173577536752,-12.308447220045963,-12.30867749184977,35.86301452155158,-144.12716078181032,0.00023027180380419632,0.009824696638105479,-81.2340796562168,0.9966569824946846,0.11753677227951528,0.9723442809483198,0.12179935852972792
1.2976,-0.5605436541505798,-12.30099312940049,-12.301225842559889,35.82077291634022,-144.1693834072875,0.0002327131593966812,0.009843676372270238,-81.21555414880669,0.9966511355498694,0.11773864874466489,0.9723434368930904,0.12180312847721282
1.2984,-0.5615715505946977,-12.29354202524146,-12.29377717868976,35.778514848651184,-144.2116224697218,0.00023515344830060415,0.009862681627026859,-81.1970323575519,0.9966452795965786,0.11794079085560615,0.9723425840857588,0.12180693751902484
1.2992,-0.5626010494435287,-12.28609390617764,-12.286331498834766,35.73624031104233,-144.25387797689686,0.00023759265712657913,0.009881712060803238,-81.17851477810555,0.9966394145920845,0.11814319882824659,0.9723417222842728,0.12181078673638747
1.3,-0.5636321530571702,-12.278648770819462,-12.278888801594324,35.69394929614968,-144.29614993651728,0.0002400307748593433,0.009900767333022031,-81.16000189818618,0.9966335404937787,0.11834587287843362,0.9723408512493048,0.1218146771983612
1.3008,-0.5646648637982575,-12.271206617778818,-12.271449085571632,35.651641796684814,-144.33843835621013,0.00024246779281532457,0.00991984710503857,-81.14149419699254,0.9966276572591914,0.11854881322196005,0.9723399707443848,0.12181860996124659
1.3016,-0.5656991840319554,-12.263767445668856,-12.26401234937345,35.609317805432006,-144.38074324352738,0.0002449037045944232,0.009938951040624033,-81.12299214466724,0.9966217648459988,0.11875202007456923,0.9723390805359519,0.1218225860683572
1.3024,-0.5667351161259014,-12.25633125310386,-12.256578591609873,35.56697731524571,-144.42306460594773,0.00024733850601250766,0.009958078806562298,-81.1044962018334,0.9966158632120423,0.11895549365195915,0.9723381803934771,0.12182660654946816
1.3032,-0.5677726624501871,-12.248898038699075,-12.249147810894133,35.524620319047635,-144.4654024508788,0.00024977219505898225,0.00997723007355944,-81.08600681906836,0.9966099523153369,0.11915923416978705,0.9723372700895189,0.1218306724205708
1.304,-0.5688118253773142,-12.241467801070593,-12.241720005842412,35.48224680982424,-144.5077567856592,0.00025220477181578296,0.009996404516556368,-81.06752443658736,0.9966040321140861,0.11936324184367292,0.9723363493998173,0.12183478468345067
1.3048,-0.5698526072821718,-12.23404053883527,-12.234295175073683,35.43985678062409,-144.55012761756063,0.0002546362384130167,0.010015601815268838,-81.04904948373239,0.996598102566691,0.1195675168892024,0.9723354181033435,0.12183894432546695
1.3056,-0.5708950105419855,-12.226616250610585,-12.226873317209536,35.39745022455518,-144.59251495378984,0.0002570665989518147,0.010034821654983261,-81.03058237873253,0.996592163631766,0.11977205952193068,0.972334475982406,0.12184315231907739
1.3064,-0.5719390375362959,-12.219194935014619,-12.219454430874045,35.35502713478247,-144.63491880149076,0.00025949585942332845,0.01005406372678408,-81.01212352840606,0.9965862152681464,0.11997686995738405,0.9723335228226866,0.12184740962167867
1.3072,-0.5729846906469173,-12.211776590665975,-12.212038514693626,35.31258750452528,-144.67733916774677,0.00026192402765086925,0.010073327727951664,-80.99367332786768,0.9965802574349018,0.12018194841106268,0.9723325584133166,0.1218517171752658
1.308,-0.5740319722579055,-12.204361216183718,-12.204625567296938,35.270131327054926,-144.71977605958244,0.0002643511132185476,0.010092613362644443,-80.97523216033393,0.9965742900913449,0.12038729509844251,0.9723315825469329,0.12185607590618071
1.3088,-0.5750808847555194,-12.19694881018738,-12.197215587314771,35.227658595692176,-144.76222948396568,0.0002667771273902699,0.010111920342126268,-80.95680039686616,0.996568313197043,0.12059291023497602,0.9723305950197331,0.12186048672486735
1.3096,-0.5761314305281872,-12.189539371296917,-12.189808573379938,35.18516930380496,-144.80469944780987,0.0002692020830229489,0.010131248385164326,-80.9383783963227,0.9965623267118279,0.12079879403609439,0.9723295956315343,0.12186495052560829
1.3104,-0.5771836119664768,-12.182132898132718,-12.182404524127236,35.142663444806054,-144.84718595797568,0.00027162599451828706,0.010150597218256507,-80.9199665051994,0.9965563305958033,0.12100494671720731,0.9723285841858034,0.12186946818639058
1.3112,-0.5782374314630502,-12.174729389315607,-12.175003438193324,35.100141012150786,-144.88968902127314,0.00027404887771863013,0.010169966576086154,-80.90156505751928,0.9965503248093572,0.12121136849370422,0.9723275604897259,0.1218740405685961
1.312,-0.5792928914126401,-12.167328843466871,-12.167605314216711,35.05760199933477,-144.9322086444636,0.0002764707498394644,0.010189356201635746,-80.88317437478109,0.9965443093131682,0.1214180595809541,0.9723265243542278,0.12187866851690651
1.3128,-0.5803499942120026,-12.159931259208292,-12.160210150837688,35.01504639989197,-144.97474483426154,0.00027889162939612834,0.010208765846471124,-80.86479476600694,0.9965382840682158,0.12162502019430538,0.9723254755940325,0.12188335285904787
1.3136,-0.5814087422598968,-12.152536635162168,-12.152817946698294,34.97247420739229,-145.0172975973366,0.0002813115361247385,0.010228195271110962,-80.84642652763705,0.9965322490357869,0.12183225054908584,0.9723244140276797,0.12188809440570535
1.3144,-0.5824691379570304,-12.145144969951398,-12.145428700442302,34.92988541543987,-145.05986694031526,0.0002837304909050439,0.010247644244884668,-80.82806994365666,0.9965262041774865,0.12203975086060126,0.9723233394775799,0.12189289395028124
1.3152,-0.5835311837060487,-12.137756262199513,-12.138042410715181,34.88728001767093,-145.10245286978272,0.00028614851566785256,0.010267112546330281,-80.80972528558405,0.9965201494552416,0.12224752134413526,0.9723222517700153,0.12189775226889049
1.316,-0.5845948819114787,-12.130370510530753,-12.130659076164111,34.84465800775184,-145.14505539228486,0.000288565633360315,0.010286599963308163,-80.79139281257808,0.9965140848313123,0.12245556221494763,0.972321150735201,0.12190267012008754
1.3168,-0.5856602349797059,-12.12298771357015,-12.123278695437975,34.802019379377434,-145.1876745143296,0.00029098186782635055,0.010306106292972572,-80.77307277153224,0.9965080102682966,0.12266387368827293,0.9723200362072871,0.12190764824485587
1.3176,-0.5867272453189365,-12.115607869943608,-12.115901267187354,34.75936412626907,-145.23031024238892,0.0002933972437468595,0.010325631341999042,-80.75476539721475,0.9965019257291384,0.12287245597931899,0.9723189080243926,0.12191268736645873
1.3184,-0.5877959153391668,-12.108230978277984,-12.108526790064587,34.71669224217308,-145.27296258290048,0.00029581178660500774,0.010345174926442269,-80.7364709123922,0.9964958311771328,0.12308130930326475,0.972317766028615,0.1219177881903935
1.3192,-0.588866247452142,-12.100857037201191,-12.101155262723735,34.67400372085897,-145.3156315422691,0.0002982255225454384,0.010364736871935065,-80.71818952802008,0.9964897265759339,0.12329043387525854,0.9723166100660644,0.12192295140424152
1.32,-0.589938244071329,-12.093486045342303,-12.093786683820671,34.631298556117834,-145.3583171268684,0.00030063847836655675,0.010384317013773625,-80.6999214433428,0.9964836118895603,0.12349982991041543,0.9723154399868655,0.12192817767765857
1.3208,-0.5910119076118782,-12.086118001331656,-12.086421052013081,34.588576741760974,-145.40101934304238,0.00030305068142602847,0.010403915196661728,-80.68166684616432,0.9964774870824007,0.12370949762381492,0.9723142556451806,0.12193346766227225
1.3216,-0.5920872404905928,-12.078752903800957,-12.079058365960524,34.54583827161825,-145.4437381971069,0.0003054621595655641,0.010423531274852849,-80.6634259130334,0.9964713521192201,0.12391943723049828,0.9723130568992158,0.12193882199165319
1.3224,-0.5931642451258952,-12.071390751383415,-12.071698624324485,34.50308313953684,-145.48647369535107,0.0003078729410684893,0.010443165112093311,-80.64519880946742,0.9964652069651642,0.12412964894546552,0.9723118436112285,0.12194424128128284
1.3232,-0.59424292393779,-12.064031542713831,-12.064341825768421,34.460311339379736,-145.52922584403873,0.00031028305459031524,0.010462816581537027,-80.62698569014981,0.9964590515857662,0.12434013298367277,0.9723106156475485,0.12194972612845867
1.324,-0.5953232793478411,-12.056675276428745,-12.056987968957829,34.41752286502457,-145.5719946494098,0.00031269252908352335,0.010482485565631805,-80.60878669921314,0.9964528859469497,0.12455088956002891,0.9723093728785627,0.12195527711236309
1.3248,-0.5964053137791305,-12.049321951166563,-12.049637052560316,34.37471771036239,-145.6147801176814,0.0003151013937512789,0.01050217195620462,-80.59060197044579,0.9964467100150347,0.1247619188893922,0.9723081151787344,0.12196089479397573
1.3256000000000001,-0.5974890296562247,-12.041971565567657,-12.042289075245654,34.331895869296375,-145.65758225504956,0.00031750967799535864,0.010521875654063706,-80.5724316276129,0.9964405237567431,0.12497322118656726,0.9723068424266103,0.12196657971604406
1.3264,-0.5985744294051538,-12.034624118274525,-12.034944035685882,34.289057335740885,-145.70040106769002,0.00031991741135636484,0.010541596569083822,-80.55427578464636,0.9964343271392003,0.125184796666301,0.9723055545048002,0.12197233240317211
1.3272,-0.5996615154533678,-12.02727960793191,-12.027601932555356,34.24620210362026,-145.7432365617596,0.00032232462344622436,0.01056133462014941,-80.53613454598916,0.9964281201299425,0.12539664554327962,0.9723042512999994,0.12197815336172187
1.328,-0.6007502902297144,-12.019938033186925,-12.020262764530843,34.2033301668679,-145.78608874339739,0.0003247313439192601,0.010581089734728266,-80.51800800680708,0.9964219026969188,0.12560876803212445,0.972302932702972,0.12198404307988797
1.3288,-0.6018407561644078,-12.012599392689205,-12.012926530291617,34.160441519425305,-145.82895761872567,0.00032713760241047596,0.010600861849013654,-80.49989625331067,0.9964156748084939,0.1258211643473881,0.9723015986085445,0.12199000202772405
1.3296000000000001,-0.6029329156889873,-12.005263685091021,-12.005593228519524,34.117536155241176,-145.8718431938511,0.0003295434285027713,0.010620650907725349,-80.48179936303667,0.9964094364334561,0.12603383470355087,0.9723002489156222,0.12199603065707222
1.3304,-0.6040267712363074,-11.997930909047431,-11.998262857899093,34.07461406827055,-145.9147454748658,0.00033194885166136934,0.01064045686365489,-80.4637174051068,0.9964031875410152,0.12624677931501657,0.9722988835271498,0.12200212940173712
1.3312,-0.6051223252404865,-11.99060106321642,-11.990935417117615,34.031675252474,-145.95766446784816,0.00033435390119717403,0.010660279677836115,-80.44565044056353,0.9963969281008105,0.12645999839610828,0.9722975023501369,0.12200829867737269
1.332,-0.6062195801368955,-11.983274146259003,-11.983610904865252,33.98871970181692,-146.0006001788638,0.00033675860624748455,0.010680119319260939,-80.42759852259073,0.996390658082911,0.12667349216106474,0.9722961052956235,0.12201453888163652
1.3328,-0.6073185383621242,-11.975950156839406,-11.976289319835109,33.94574741026877,-146.0435526139665,0.0003391629957046381,0.010699975764708824,-80.40956169683768,0.9963843774578187,0.1268872608240355,0.9722946922786749,0.1220208503942114
1.3336000000000001,-0.6084192023539444,-11.968629093625154,-11.968970660723361,33.902758371802506,-146.08652177919916,0.00034156709820636766,0.01071984899834888,-80.39154000174591,0.9963780861964737,0.12710130459907742,0.9722932632183868,0.1220272335767841
1.3344,-0.609521574551291,-11.961310955287257,-11.961654926229343,33.859752580393874,-146.12950768059432,0.00034397094208758744,0.0107397390117967,-80.3735334687569,0.9963717842702544,0.12731562370014937,0.9722918180378538,0.12203368877318457
1.3352,-0.61062565739424,-11.953995740500286,-11.954342115055631,33.8167300300209,-146.1725103241752,0.0003463745553476076,0.010759645803915419,-80.35554212269433,0.9963654716509803,0.12753021834110922,0.972290356664157,0.12204021630944187
1.336,-0.6117314533239684,-11.946683447942545,-11.94703222590817,33.773690714663296,-146.21552971595634,0.0003487779656250637,0.010779569380360954,-80.33756598192035,0.9963591483109161,0.12774508873570845,0.9722888790283616,0.12204681649379455
1.3368,-0.6128389647827392,-11.939374076296199,-11.939725257496361,33.73063462830208,-146.25856586194428,0.000351181200163202,0.010799509753638858,-80.31960505875112,0.9963528142227719,0.1279602350975881,0.9722873850654873,0.12205348961682352
1.3376000000000001,-0.6139481942138705,-11.932067624247377,-11.932421208533171,33.68756176491895,-146.30161876813813,0.0003535842857925232,0.010819466942933786,-80.30165935956987,0.9963464693597066,0.12817565764027444,0.9722858747145007,0.12206023595148512
1.3384,-0.615059144061709,-11.924764090486333,-11.925120077735228,33.64447211849611,-146.34468844053043,0.00035598724889414064,0.010839440973455794,-80.28372888532681,0.9963401136953302,0.12839135657717446,0.9722843479182953,0.12206705575320026
1.3392,-0.6161718167716168,-11.917463473707544,-11.91782186382293,33.60136568301563,-146.38777488510755,0.0003583901153882084,0.010859431876838244,-80.26581363156714,0.996333747203703,0.12860733212157144,0.9722828046236642,0.12207394925997742
1.34,-0.6172862147899341,-11.910165772609853,-11.910526565520545,33.558242452459325,-146.43087810785022,0.0003607929106934227,0.010879439690455683,-80.24791358889411,0.9963273698593409,0.1288235844866205,0.9722812447812905,0.1220809166924541
1.3408,-0.6184023405639575,-11.902870985896586,-11.90323418155631,33.51510242080827,-146.47399811473423,0.00036319565972509364,0.010899464457509112,-80.23002874306181,0.9963209816372154,0.12904011388534425,0.9722796683457338,0.12208795825395785
1.3416000000000001,-0.6195201965419294,-11.895579112275668,-11.895944710662539,33.471945582042615,-146.5171349117308,0.0003655983868720033,0.01091950622657123,-80.21215907534499,0.9963145825127541,0.12925692053062812,0.9722780752753843,0.12209507413070982
1.3424,-0.6206397851730026,-11.88829015045976,-11.888658151575733,33.428771930141345,-146.560288504807,0.000368001115973263,0.010939565051643285,-80.19430456276653,0.9963081724618431,0.12947400463521574,0.9722764655324619,0.1221022644918317
1.3432,-0.6217611089072296,-11.88100409916634,-11.881374503036648,33.38558145908201,-146.60345889992627,0.00037040387031060066,0.010959640991728747,-80.17646517831326,0.9963017514608277,0.1296913664117053,0.9722748390829806,0.1221095294895014
1.344,-0.6228841701955256,-11.87372095711785,-11.874093763790441,33.34237416284048,-146.6466461030488,0.00037280667259100356,0.010979734110719619,-80.15864089117841,0.9962953194865155,0.12990900607254416,0.9722731958967451,0.12211686925896957
1.3448,-0.6240089714896672,-11.866440723041801,-11.866815932586736,33.299150035390944,-146.68985012013178,0.0003752095449332198,0.01099984447728275,-80.14083166699109,0.996288876516174,0.13012692383002478,0.9722715359472979,0.12212428391879576
1.3456000000000001,-0.6251355152422675,-11.859163395670873,-11.859541008179729,33.25590907070564,-146.73307095713,0.0003776125088542585,0.011019972164376668,-80.12303746814581,0.9962824225275327,0.1303451198962805,0.9722698592119041,0.12213177357091559
1.3464,-0.6262638039067467,-11.85188897374303,-11.852268989328302,33.212651262754726,-146.77630861999594,0.00038001558526939126,0.011040117249336845,-80.10525825377188,0.9962759574987857,0.13056359448328067,0.9722681656715406,0.12213933830069036
1.3472,-0.6273938399373225,-11.844617456001625,-11.84499987479609,33.16937660550631,-146.8195631146801,0.0003824187944651526,0.011060279813591478,-80.08749398029657,0.9962694814085906,0.13078234780282677,0.9722664553108558,0.1221469781770853
1.348,-0.6285256257889954,-11.837348841195487,-11.837733663351614,33.12608509292617,-146.86283444713143,0.00038482215612441217,0.011080459942405696,-80.06974460130117,0.9962629942360683,0.13100138006654768,0.9722647281181371,0.12215469325281433
1.3488,-0.6296591639175233,-11.83008312807906,-11.830470353768334,33.08277671897794,-146.9061226232973,0.00038722568927430467,0.011100657724739449,-80.05201006800638,0.9962564959608053,0.13122069148589527,0.9722629840852963,0.12216248356440794
1.3496000000000001,-0.6307944567794167,-11.822820315412452,-11.823209944824773,33.03945147762292,-146.94942764912392,0.0003896294123228731,0.011120873253162245,-80.03429032926061,0.996249986562852,0.1314402822721406,0.9722612232078254,0.12217034913240726
1.3504,-0.6319315068319092,-11.815560401961571,-11.815952435304599,32.99610936282012,-146.99274953055652,0.0003920333430282126,0.011141106623369978,-80.01658533189075,0.9962434660227242,0.13166015263636877,0.9722594454847833,0.12217828996142462
1.3512,-0.6330703165329471,-11.808303386498194,-11.808697823996702,32.95275036852624,-147.03608827353943,0.0003944374985100431,0.011161357934327043,-79.99889502077407,0.996236934321404,0.13188030278947538,0.9722576509187639,0.12218630604028607
1.352,-0.6342108883411869,-11.801049267800064,-11.801446109695299,32.909374488695704,-147.0794438840163,0.00039684189523620975,0.01118162728798211,-79.98121933906988,0.9962303914403365,0.13210073294216207,0.9722558395158459,0.12219439734225604
1.3528,-0.6353532247159672,-11.793798044650982,-11.79419729120002,32.86598171728072,-147.12281636793034,0.0003992465490381127,0.011201914788955492,-79.96355822833252,0.9962238373614323,0.13232144330493195,0.9722540112855811,0.12220256382508814
1.3536000000000001,-0.6364973281172968,-11.786549715840884,-11.786951367315972,32.8225720482313,-147.16620573122412,0.0004016514750894935,0.011222220544567563,-79.94591162879304,0.9962172720670673,0.13254243408808597,0.9722521662409656,0.12221080543115402
1.3544,-0.6376432010058537,-11.779304280165936,-11.779708336853856,32.779145475495355,-147.20961197984008,0.00040405668791993626,0.011242544664582965,-79.92827947938342,0.9962106955400805,0.1327637055017183,0.9722503043983861,0.12221912208768322
1.3552,-0.6387908458429598,-11.772061736428604,-11.772468198630019,32.73570199301872,-147.25303511972018,0.0004064622014129396,0.011262887261096921,-79.91066171794967,0.9962041077637751,0.1329852577557124,0.972248425777612,0.12222751370679974
1.356,-0.639940265090581,-11.764822083437732,-11.765230951466545,32.69224159474535,-147.2964751568065,0.0004088680288117037,0.011283248448137329,-79.89305828145069,0.9961975087219173,0.1332070910597371,0.9722465304017421,0.12223598018575638
1.3568,-0.6410914612113123,-11.757585320008632,-11.757996594191342,32.648764274617335,-147.33993209704067,0.00041127418270948783,0.0113036283419774,-79.8754691059533,0.9961908983987346,0.133429205623242,0.972244618297178,0.1222445214070582
1.3576000000000001,-0.6422444366683676,-11.750351444963139,-11.750765125638203,32.60527002657502,-147.38340594636435,0.00041368067506311157,0.011324027060624076,-79.85789412694069,0.9961842767789169,0.13365160165545414,0.9722426894935936,0.12225313723859411
1.3584,-0.6433991939255672,-11.743120457129697,-11.74353654464689,32.561758844557225,-147.42689671071912,0.00041608751719488413,0.011344444723647484,-79.84033327931124,0.996177643847615,0.13387427936537322,0.9722407440239013,0.12226182753379058
1.3592,-0.6445557354473447,-11.73589235534341,-11.736310850063216,32.51823072250123,-147.4704043960464,0.0004184947198061051,0.011364881452379905,-79.82278649753202,0.9961709995904373,0.13409723896176845,0.9722387819241991,0.12227059213184595
1.36,-0.6457140636987264,-11.728667138446134,-11.72908804073909,32.47468565434307,-147.5139290082876,0.00042090229295585143,0.011385337369347326,-79.8052537158195,0.9961643439934513,0.13432048065317406,0.9722368032337512,0.12227943085781909
1.3608,-0.6468741811453187,-11.721444805286518,-11.721868115532612,32.431123634017624,-147.5574705533839,0.0004233102460918346,0.011405812598468401,-79.78773486816404,0.9961576770431828,0.13454400464788552,0.9722348079949582,0.12228834352275963
1.3616000000000001,-0.6480360902533231,-11.714225354720078,-11.714651073308126,32.38754465545874,-147.60102903727645,0.0004257185880504025,0.011426307264798652,-79.77022988849365,0.9961509987266111,0.134767811153956,0.9722327962532947,0.12229732992398898
1.3624,-0.64919979348951,-11.707008785609258,-11.70743691293631,32.34394871259949,-147.6446044659061,0.0004281273270507534,0.011446821494416781,-79.75273871074302,0.9961443090311713,0.13499190037919184,0.9722307680572982,0.12230638984514831
1.3632,-0.6503652933212299,-11.699795096823477,-11.700225633294195,32.300335799372256,-147.6881968452135,0.00043053647071615206,0.011467355414254143,-79.73526126898714,0.9961376079447499,0.1352162725311497,0.9722287234585102,0.12231552305646211
1.3639999999999999,-0.6515325922164016,-11.692584287239198,-11.69301723326527,32.256705909708984,-147.73180618113895,0.00043294602607200114,0.011487909152066322,-79.71779749745271,0.9961308954556846,0.13544092781713205,0.9722266625114492,0.12232472931485766
1.3648,-0.6527016926435025,-11.685376355739965,-11.685811711739532,32.21305903754131,-147.77543247962237,0.00043535599956705674,0.011508482836319445,-79.70034733073224,0.9961241715527633,0.13566586644418382,0.9722245852735804,0.1223340083641016
1.3656000000000001,-0.6538725970715866,-11.678171301216471,-11.678609067613523,32.16939517680083,-147.81907574660326,0.0004377663970522148,0.011529076595905963,-79.68291070373819,0.996117436225219,0.13589108861908883,0.9722224918052488,0.12234335993509739
1.3664,-0.6550453079702541,-11.67096912256661,-11.671409299790431,32.12571432141925,-147.86273598802035,0.00044017722382101173,0.01154969056040045,-79.66548755186079,0.9961106894627325,0.13611659454836533,0.9722203821696761,0.1223527837459
1.3672,-0.6562198278096804,-11.663769818695505,-11.664212407180099,32.08201646532857,-147.90641320981192,0.0004425884845941965,0.011570324859519587,-79.6480778110096,0.9961039312554255,0.13634238443826363,0.9722182564328848,0.12236227950205392
1.3679999999999999,-0.6573961590605895,-11.65657338851556,-11.657018388699106,32.03830160246132,-147.95010741791535,0.00044500018354673144,0.01159097962334954,-79.63068141769403,0.9960971615938625,0.13656845849476174,0.9722161146636891,0.1223718468966347
1.3688,-0.6585743041942755,-11.649379830946513,-11.649827243270812,31.99456972675076,-147.9938186182671,0.0004474123242981503,0.01161165498211858,-79.61329830907613,0.9960903804690451,0.1367948169235619,0.9722139569336273,0.12238148561054824
1.3696000000000002,-0.6597542656825823,-11.642189144915482,-11.642638969825418,31.9508208321311,-148.0375468168027,0.0004498249099357015,0.01163235106622551,-79.59592842302702,0.9960835878724132,0.13702145993008713,0.9722117833169487,0.12239119531259308
1.3704,-0.6609360459979261,-11.635001329356985,-11.635453567300004,31.907054912537753,-148.08129201945638,0.0004522379430182059,0.011653068005870182,-79.57857169820208,0.9960767837958386,0.13724838771947784,0.9722095938905425,0.12240097565977381
1.3712,-0.6621196476132813,-11.627816383212991,-11.628271034638571,31.863271961907433,-148.1250542321612,0.00045465142557798635,0.011673805931366132,-79.56122807407895,0.9960699682316259,0.1374756004965883,0.9722073887339212,0.12241082629737803
1.3719999999999999,-0.6633050730021939,-11.620634305432961,-11.621091370792108,31.819471974178505,-148.16883346084873,0.00045706535914401085,0.011694564972771104,-79.54389749101881,0.996063141172507,0.13770309846598328,0.9722051679291612,0.12242074685923963
1.3728,-0.6644923246387733,-11.613455094973865,-11.613914574718612,31.775654943291126,-148.21262971144898,0.0004594797447457504,0.011715345259887044,-79.52657989028023,0.9960563026116421,0.13793088183193467,0.9722029315608794,0.12243073696784428
1.3736000000000002,-0.6656814049977087,-11.606278750800245,-11.606740645383155,31.731820863187547,-148.25644298989022,0.0004618945829112513,0.011736146922231683,-79.50927521412622,0.9960494525426125,0.138158950798418,0.9722006797161699,0.12244079623461178
1.3744,-0.6668723165542694,-11.599105271884216,-11.599569581757905,31.68796972781224,-148.3002733020988,0.0004643098736902782,0.011756970088981689,-79.49198340577392,0.9960425909594197,0.13838730556910922,0.972198412484569,0.12245092426005079
1.3752,-0.668065061784307,-11.59193465720551,-11.592401382822178,31.644101531112206,-148.34412065399906,0.0004667256166678149,0.011777814888745297,-79.47470440952034,0.9960357178564827,0.13861594634738156,0.9721961299580166,0.1224611206339331
1.376,-0.6692596431642592,-11.584766905751515,-11.585236047562468,31.60021626703712,-148.3879850515131,0.0004691418109524932,0.011798681449761261,-79.45743817069271,0.9960288332286358,0.1388448733363019,0.9721938322308163,0.12247138493547145
1.3768,-0.6704560631711667,-11.577602016517277,-11.578073574972489,31.55631392953965,-148.43186650056072,0.0004715584552113084,0.011819569899643056,-79.44018463573906,0.9960219370711223,0.13907408673862812,0.9721915193995768,0.12248171673357985
1.3776,-0.6716543242826671,-11.570439988505557,-11.570913964053208,31.512394512575643,-148.475765007059,0.0004739755476541904,0.011840480365350459,-79.42294375223176,0.9960150293795946,0.13930358675680504,0.9721891915631833,0.12249211558700179
1.3784,-0.6728544289770116,-11.563280820726822,-11.563757213812893,31.46845801010429,-148.51968057692258,0.00047639308607064766,0.011861412973132701,-79.40571546889399,0.9960081101501086,0.1395333735929622,0.9721868488227449,0.12250258104454503
1.3792,-0.6740563797330736,-11.556124512199302,-11.556603323267113,31.42450441608848,-148.56361321606283,0.0004788110678104816,0.011882367848670583,-79.38849973561155,0.9960011793791204,0.13976344744890987,0.9721844912815479,0.1225131126452899
1.38,-0.6752601790303491,-11.548971061948981,-11.549452291438808,31.380533724494928,-148.60756293038838,0.00048122948982814464,0.011903345116678565,-79.37129650346446,0.9959942370634847,0.1399938085261366,0.9721821190450257,0.12252370991872484
1.3808,-0.6764658293489729,-11.541820469009634,-11.54230411735828,31.336545929294395,-148.6515297258044,0.00048364834864802596,0.011924344901188988,-79.35410572472611,0.9959872832004492,0.14022445702580597,0.9721797322207,0.12253437238500668
1.3816,-0.6776733331697226,-11.534672732422857,-11.535158800063268,31.29254102446205,-148.69551360821268,0.00048606764041073797,0.011945367325267853,-79.33692735294133,0.9959803177876521,0.14045539314875272,0.9721773309181448,0.12254509955512215
1.3824,-0.6788826929740431,-11.527527851238053,-11.528016338598926,31.248519003977474,-148.7395145835114,0.0004884873608731165,0.01196641251112851,-79.31976134283296,0.9959733408231162,0.1406866170954812,0.9721749152489285,0.12255589093114799
1.3832,-0.680093911244034,-11.520385824512482,-11.520876732017891,31.204479861825092,-148.78353265759486,0.0004909075054062927,0.011987480580046395,-79.30260765036508,0.9959663523052491,0.14091812906616089,0.9721724853265917,0.1225667460063471
1.384,-0.6813069904624789,-11.513246651311256,-11.513739979380276,31.16042359199427,-148.82756783635352,0.0004933280690207652,0.012008571652216915,-79.28546623281866,0.9959593522328358,0.14114992926062447,0.9721700412665847,0.12257766426544994
1.3848,-0.6825219331128549,-11.506110330707362,-11.506606079753718,31.116350188479554,-148.87162012567345,0.0004957490463548286,0.012029685847011251,-79.26833704864106,0.9959523406050357,0.1413820178783642,0.972167583186223,0.12258864518485135
1.3856,-0.683738741679337,-11.498976861781674,-11.49947503221339,31.072259645281,-148.9156895314365,0.0004981704317131453,0.012050823282493184,-79.25122005763903,0.995945317421379,0.1416143951185292,0.9721651112046524,0.12259968823276751
1.3864,-0.6849574186468219,-11.491846243622966,-11.49234683584201,31.028151956404194,-148.95977605951987,0.0005005922190455323,0.012071984075930686,-79.23411522080548,0.9959382826817618,0.1418470611799226,0.9721626254427902,0.12261079286949875
1.3872,-0.6861779665009283,-11.48471847532792,-11.485221489729899,30.984027115860673,-149.00387971579605,0.0005030144019778174,0.012093168343284333,-79.2170225004658,0.9959312363864433,0.14208001626099842,0.9721601260232959,0.12262195854755811
1.388,-0.6874003877280205,-11.477593556001153,-11.478098992974957,30.93988511766799,-149.0480005061326,0.0005054369738021983,0.012114376199406252,-79.19994186015279,0.9959241785360404,0.14231326055985877,0.9721576130705125,0.12263318471193628
1.3888,-0.6886246848152209,-11.47047148475519,-11.470979344682705,30.895725955850004,-149.0921384363919,0.0005078599275158126,0.012135607758096967,-79.18287326471659,0.9959171091315231,0.14254679427425127,0.9721550867104256,0.12264447080028174
1.3896,-0.6898508602504189,-11.463352260710524,-11.463862543966307,30.851549624437105,-149.13629351243102,0.0005102832557821681,0.012156863131878026,-79.16581668024052,0.9959100281742119,0.14278061760156563,0.9721525470706235,0.12265581624308021
1.3904,-0.6910789165222936,-11.456235882995575,-11.456748589946566,30.807356117466334,-149.18046574010154,0.0005127069509889995,0.01217814243213411,-79.14877207406958,0.9959029356657714,0.14301473073883136,0.9721499942802421,0.12266722046390002
1.3912,-0.6923088561203246,-11.449122350746734,-11.44963748175196,30.763145428981733,-149.22465512524926,0.0005151310052251262,0.01219944576899934,-79.13173941480723,0.9958958316082065,0.14324913388271449,0.9721474284699253,0.12267868287956898
1.392,-0.6935406815348045,-11.44201166310834,-11.442529218518647,30.71891755303442,-149.26886167371418,0.0005175554103074518,0.012220773251385708,-79.11471867231649,0.9958887160038592,0.14348382722951525,0.9721448497717846,0.12269020290035526
1.3928,-0.6947743952568665,-11.434903819232705,-11.435423799390465,30.674672483682862,-149.31308539133016,0.0005199801577597517,0.012242124986983072,-79.09770981769188,0.9958815888554013,0.1437188109751651,0.9721422583193402,0.12270177993022949
1.3936,-0.6960099997784835,-11.42779881828012,-11.428321223518987,30.63041021499308,-149.3573262839248,0.0005224052388685999,0.012263501082117045,-79.080712823232,0.9958744501658332,0.14395408531522363,0.9721396542474947,0.12271341336698233
1.3944,-0.6972474975925059,-11.420696659418848,-11.421221490063477,30.586130741038836,-149.4015843573192,0.0005248306446312994,0.012284901641976376,-79.0637276625165,0.995867299938475,0.14418965044487633,0.9721370376924642,0.12272510260253269
1.3952,-0.6984868911926613,-11.413597341825124,-11.414124598190952,30.541834055901813,-149.44585961732778,0.0005272563658291671,0.012306326770413989,-79.04675431026189,0.9958601381769658,0.14442550655893166,0.9721344087917555,0.12273684702302826
1.396,-0.6997281830735785,-11.406500864683174,-11.407030547076154,30.497520153671864,-149.4901520697582,0.0005296823929793207,0.01232777656991857,-79.02979274244393,0.995852964885257,0.14466165385181823,0.9721317676841112,0.12274864600909188
1.3968,-0.7009713757308033,-11.399407227185204,-11.399939335901571,30.45318902844713,-149.53446172041112,0.0005321087163693923,0.012349251141756667,-79.0128429362006,0.9958457800676084,0.1448980925175824,0.9721291145094724,0.1227604989359881
1.3976,-0.7022164716608247,-11.392316428531409,-11.392850963857473,30.40884067433435,-149.57878857507987,0.000534535326065243,0.012370750585773749,-78.99590486985547,0.9958385837285808,0.14513482274988504,0.9721264494089144,0.12277240517390811
1.3984,-0.7034634733610865,-11.385228467929963,-11.385765430141872,30.364475085448912,-149.62313263955045,0.000536962211910964,0.012392275000649988,-78.97897852287296,0.9958313758730338,0.14537184474199963,0.9721237725246209,0.12278436408808721
1.3992,-0.7047123833299953,-11.378143344597039,-11.378682733960568,30.320092255915174,-149.6674939196012,0.0005393893635288757,0.012413824483616054,-78.96206387590924,0.9958241565061221,0.14560915868680868,0.9721210839998483,0.12279637503896387
1.4,-0.7059632040669671,-11.371061057756775,-11.37160287452713,30.27569217986657,-149.71187242100282,0.0005418167703542424,0.012435399130595215,-78.94516091069933,0.9958169256332854,0.14584676477680225,0.9721183839788489,0.12280843738252181
1.4008,-0.7072159380724191,-11.363981606641314,-11.364525851062918,30.231274851445768,-149.75626814951798,0.0005442444216063444,0.012456999036260186,-78.92826961013557,0.9958096832602484,0.1460846632040741,0.9721156726068575,0.1228205504703494
1.4016,-0.7084705878478055,-11.356904990490769,-11.357451662797093,30.186840264804964,-149.80068111090122,0.0005466723063251204,0.012478624293805751,-78.91138995817032,0.9958024293930134,0.14632285416031976,0.9721129500300328,0.12283271364990286
1.4024,-0.7097271558956297,-11.349831208553239,-11.350380308966592,30.142388414105973,-149.84511131089883,0.000549100413353811,0.012500274995204563,-78.89452193990586,0.995795164037856,0.14656133783683395,0.9721102163954201,0.12284492626467233
1.4032,-0.7109856447194683,-11.342760260084797,-11.343311788816163,30.09791929352046,-149.88955875524854,0.0005515287313640298,0.012521951231008188,-78.87766554147986,0.9957878872013195,0.14680011442450774,0.9721074718509034,0.12285718765439353
1.404,-0.7122460568239888,-11.335692144349501,-11.336246101598352,30.053432897230053,-149.93402344967944,0.0005539572488538352,0.012543653090517637,-78.86082075007002,0.9957805988902098,0.14703918411382583,0.9721047165451636,0.12286949715523801
1.4048,-0.7135083947149692,-11.328626860619364,-11.329183246573518,30.00892921942653,-149.97850539991185,0.0005563859541535161,0.012565380661612835,-78.84398755388821,0.9957732991115914,0.14727854709486454,0.9721019506276427,0.12288185409997043
1.4056,-0.7147726608993243,-11.321564408174382,-11.322123223009816,29.9644082543121,-150.02300461165703,0.0005588148354333069,0.01258713403086631,-78.82716594220915,0.9957659878727806,0.14751820355728862,0.9720991742484875,0.12289425781820067
1.4064,-0.716038857885118,-11.314504786302509,-11.315066030183216,29.919869996099415,-150.067521090617,0.0005612438807091718,0.012608913283600032,-78.81035590525653,0.9957586651813416,0.14775815369034895,0.9720963875585209,0.12290670763651143
1.4072,-0.7173069881815914,-11.307447994299654,-11.308011667377496,29.875314439011866,-150.11205484248455,0.0005636730778447356,0.01263071850357278,-78.79355743428454,0.9957513310450804,0.14799839768288,0.9720935907091902,0.12291920287869054
1.408,-0.7185770542991804,-11.300394031469683,-11.300960133884244,29.830741577283664,-150.1566058729428,0.0005661024145609249,0.01265254977352015,-78.77677052148185,0.9957439854720403,0.1482389357232974,0.9720907838525326,0.12293174286588376
1.4088,-0.7198490587495363,-11.2933428971244,-11.293911429002856,29.786151405159977,-150.20117418766534,0.0005685318784552543,0.012674407174671387,-78.75999515997866,0.9957366284704967,0.14847976799959522,0.9720879671411288,0.12294432691680146
1.4096,-0.7211230040455464,-11.286294590583573,-11.286865552040544,29.741543916897278,-150.24575979231577,0.0005709614569709702,0.012696290786948339,-78.74323134385831,0.9957292600489516,0.1487208946993433,0.9720851407280683,0.12295695434787518
1.4104,-0.7223988927013671,-11.279249111174876,-11.27982250231232,29.696919106763254,-150.2903626925478,0.0005733911374433352,0.012718200688937031,-78.72647906809921,0.9957218802161266,0.14896231600968513,0.972082304766891,0.12296962447351754
1.4112,-0.7236767272324178,-11.27220645823394,-11.272782279141007,29.65227696903717,-150.33498289400478,0.0005758209070668437,0.012740136958058201,-78.70973832858402,0.9957144889809635,0.14920403211733507,0.9720794594115835,0.122982336606138
1.412,-0.7249565101554378,-11.265166631104295,-11.265744881857234,29.60761749800988,-150.37962040231986,0.0005782507529395783,0.012762099670254656,-78.69300912204444,0.9957070863526107,0.14944604320857585,0.9720766048164933,0.12299509005652762
1.4128,-0.7262382439884824,-11.258129629137395,-11.258710309799433,29.56294068798405,-150.42427522311561,0.0005806806620400672,0.012784088900332335,-78.6762914460955,0.9956996723404248,0.1496883494692562,0.9720737411363214,0.12300788413389077
1.4136,-0.7275219312509523,-11.251095451692601,-11.251678562313835,29.518246533274336,-150.468947362004,0.0005831106212311417,0.012806104721676093,-78.65958529916819,0.9956922469539623,0.14993095108478818,0.9720708685260749,0.12302071814605728
1.4144,-0.7288075744636178,-11.244064098137176,-11.244649638754463,29.47353502820743,-150.51363682458614,0.0005855406172850071,0.012828147206420226,-78.64289068051062,0.9956848102029746,0.15017384824014482,0.9720679871410222,0.1230335913996833
1.4152,-0.730095176148642,-11.237035567846272,-11.237623538483144,29.428806167122353,-150.55834361645208,0.0005879706368697433,0.012850216425562166,-78.62620759018331,0.9956773620974027,0.1504170411198575,0.9720650971366561,0.12304650320041341
1.416,-0.7313847388295908,-11.230009860202914,-11.230600260869483,29.384059944370453,-150.6030677431809,0.0005904006665685899,0.012872312448649836,-78.60953602901026,0.9956699026473742,0.15066052990801382,0.9720621986686712,0.12305945285298561
1.4168,-0.732676265031475,-11.222986974598015,-11.223579805290878,29.339296354315632,-150.64780921034028,0.0005928306928625899,0.01289443534409429,-78.59287599858546,0.9956624318631935,0.15090431478825456,0.9720592918928952,0.12307243966153397
1.4176,-0.7339697572807531,-11.215966910430346,-11.216562171132507,29.294515391334507,-150.6925680234865,0.0005952607021595175,0.012916585178999185,-78.5762275012525,0.9956549497553411,0.15114839594377166,0.972056376965281,0.12308546292962715
1.4184,-0.7352652181053664,-11.208949667106534,-11.209547357787319,29.249717049816475,-150.73734418816426,0.0005976906807861643,0.012938762019274463,-78.55959054006298,0.9956474563344657,0.15139277355730557,0.9720534540418526,0.12309852196050838
1.4192,-0.7365626500347565,-11.201935244041055,-11.202535364656041,29.204901324163913,-150.78213770990652,0.0006001206149864106,0.012960965929551094,-78.54296511876396,0.9956399516113795,0.15163744781114288,0.9720505232786739,0.12311161605723493
1.42,-0.7378620555998766,-11.19492364065622,-11.195526191147154,29.160068208792303,-150.82694859423432,0.0006025504909327971,0.012983196973380018,-78.52635124184853,0.9956324355970557,0.15188241888711373,0.9720475848318239,0.12312474452278949
1.4208,-0.7391634373332385,-11.187914856382172,-11.18851983667691,29.115217698130305,-150.87177684665681,0.0006049802947400238,0.013005455212891093,-78.50974891440208,0.9956249083026176,0.1521276869665894,0.9720446388573319,0.12313790666036789
1.4216,-0.7404667977689078,-11.180908890656863,-11.18151630066931,29.070349786620003,-150.9166224726708,0.0006074100124475945,0.013027740709190994,-78.49315814219798,0.9956173697393397,0.15237325223047996,0.9720416855111769,0.1231511017733855
1.4224,-0.74177213944255,-11.173905742926058,-11.174515582556095,29.025464468716923,-150.961485477761,0.0006098396300371726,0.013050053522078997,-78.47657893164427,0.9956098199186367,0.15261911485923169,0.9720387249492187,0.12316432916577974
1.4232,-0.7430794648914295,-11.166905412643324,-11.167517681776753,28.980561738890277,-151.0063658673994,0.0006122691334287252,0.013072393710302777,-78.46001128976957,0.9956022588520643,0.15286527503282465,0.9720357573271974,0.12317758814201747
1.424,-0.7443887766544492,-11.15990789927001,-11.160522597778504,28.935641591622964,-151.05126364704566,0.0006146985084940215,0.013094761331387872,-78.44345522418637,0.9955946865513089,0.1531117329307703,0.9720327828006714,0.12319087800736783
1.4248,-0.7457000772721633,-11.152913202275238,-11.153530330016292,28.890704021411768,-151.0961788221466,0.0006171277410547054,0.013117156441609268,-78.42691074307942,0.9955871030281858,0.15335848873210906,0.9720298015250021,0.12320419806797353
1.4256,-0.7470133692868042,-11.145921321135901,-11.146540877952782,28.845749022767514,-151.14111139813622,0.0006195568168822952,0.013139579096275611,-78.41037785521388,0.9955795082946323,0.1536055426154077,0.9720268136553081,0.1232175476310533
1.4264000000000001,-0.7483286552422973,-11.13893225533664,-11.139554241058345,28.80077659021512,-151.1860613804355,0.000621985721703969,0.013162029349388149,-78.39385656990659,0.9955719023627041,0.15385289475875719,0.9720238193464453,0.12323092600499201
1.4272,-0.7496459376842872,-11.131946004369853,-11.13257041881106,28.755786718293763,-151.23102877445226,0.0006244144412083507,0.013184507253981792,-78.3773468969772,0.9955642852445694,0.15410054533976975,0.972020818752966,0.12324433249952388
1.428,-0.7509652191601612,-11.124962567735658,-11.125589410696692,28.710779401556973,-151.2760135855812,0.000626842961037796,0.013207012861812473,-78.3608488467849,0.9955566569525044,0.15434849453557728,0.9720178120290908,0.12325776642585576
1.4288,-0.7522865022190685,-11.117981944941892,-11.118611216208706,28.665754634572746,-151.32101581920347,0.0006292712668134625,0.013229546223783473,-78.34436243015926,0.995549017498887,0.154596742522828,0.972014799328673,0.12327122709682842
1.4296,-0.7536097894119409,-11.111004135504121,-11.111635834848233,28.620712411923744,-151.36603548068683,0.0006316993441121687,0.013252107389433831,-78.32788765842423,0.9955413668961933,0.15484528947768447,0.9720117808051719,0.12328471382703461
1.4304000000000001,-0.7549350832915147,-11.104029138945586,-11.10466326612408,28.575652728207253,-151.41107257538542,0.0006341271784933916,0.01327469640733625,-78.3114245433633,0.9955337051569927,0.15509413557582127,0.9720087566116248,0.12329822593294557
1.4312,-0.7562623864123509,-11.097056954797234,-11.097693509552705,28.53057557803547,-151.45612710863944,0.0006365547554741981,0.013297313325097093,-78.2949730972105,0.9955260322939419,0.15534328099242217,0.972005726900612,0.12331176273306463
1.432,-0.7575917013308547,-11.090087582597675,-11.090726564658235,28.485480956035474,-151.5011990857754,0.0006389820605600993,0.01331995818912901,-78.27853333262651,0.995518348319782,0.155592725902178,0.9720026918242358,0.12332532354802464
1.4328,-0.7589230306053064,-11.083121021893184,-11.083762430972424,28.440368856849414,-151.5462885121057,0.0006414090792373383,0.013342631044906739,-78.26210526268694,0.9955106532473306,0.15584247047928418,0.9719996515340763,0.12333890770078222
1.4336,-0.7602563767958674,-11.076157272237701,-11.076801108034658,28.39523927513465,-151.5913953929286,0.0006438357969555316,0.013365331936739722,-78.24568890088523,0.99550294708948,0.15609251489743825,0.9719966061811819,0.12335251451666208
1.4344000000000001,-0.7615917424646075,-11.069196333192782,-11.069842595391952,28.350092205563723,-151.63651973352822,0.0006462621991720266,0.013388060908056332,-78.22928426107205,0.9954952298591915,0.15634285932983732,0.9719935559160319,0.12336614332352361
1.4352,-0.7629291301755328,-11.062238204327631,-11.062886892598938,28.304927642824627,-151.68166153917412,0.0006486882713094739,0.01341081800126176,-78.21289135748046,0.9954875015694896,0.15659350394917582,0.9719905008885047,0.12337979345190271
1.436,-0.7642685424945911,-11.055282885219057,-11.055933999217846,28.259745581620802,-151.7268208151216,0.0006511139987886113,0.013433603257595905,-78.1965102047248,0.995479762233459,0.15684444892764293,0.9719874412478632,0.12339346423507792
1.4368,-0.7656099819897035,-11.048330375451478,-11.0489839148185,28.21454601667127,-151.7719975666112,0.0006535393670205507,0.013456416717531283,-78.18014081771628,0.9954720118642388,0.15709569443692023,0.9719843771427186,0.123407155009231
1.4376,-0.7669534512307802,-11.0413806746169,-11.042036638978308,28.16932894271079,-151.81719179886872,0.000655964361408706,0.013479258420488804,-78.16378321171543,0.9954642504750185,0.15734724064817926,0.9719813087210103,0.12342086511353734
1.4384000000000001,-0.7682989527897395,-11.034433782314903,-11.035092171282248,28.124094354489845,-151.86240351710526,0.0006583889673449363,0.01350212840489462,-78.147437402312,0.9954564780790335,0.1575990877320792,0.9719782361299797,0.12343459389028347
1.4392,-0.7696464892405336,-11.027489698152646,-11.028150511322874,28.078842246774894,-151.9076327265169,0.0006608131702269027,0.013525026708208543,-78.13110340538631,0.9954486946895589,0.15785123585876376,0.9719751595161363,0.12344834068501745
1.44,-0.7709960631591563,-11.02054842174483,-11.021211658700278,28.03357261434831,-151.95287943228465,0.0006632369554464968,0.013547953367037735,-78.11478123707755,0.9954409003199083,0.15810368519785983,0.971972079025252,0.1234621048465761
1.4408,-0.7723476771236731,-11.013609952713708,-11.0142756130221,27.988285452008583,-151.99814363957444,0.0006656603083917694,0.013570908416966176,-78.09847091384147,0.995433094983427,0.15835643591847437,0.9719689948023245,0.12347588572724585
1.4416,-0.7737013337142361,-11.006674290689048,-11.007342373903517,27.942980754570446,-152.0434253535368,0.0006680832144681444,0.013593891892753618,-78.08217245236963,0.9954252786934874,0.15860948818919185,0.9719659069915523,0.12348968268287729
1.4424000000000001,-0.7750570355131047,-10.999741435308149,-11.000411940967211,27.897658516864848,-152.08872457930698,0.0006705056590637051,0.01361690382816505,-78.06588586960402,0.9954174514634855,0.15886284217807228,0.9719628157363174,0.1235034950729611
1.4432,-0.7764147851046566,-10.992811386215804,-10.993484313843396,27.852318733739143,-152.13404132200475,0.0006729276275916218,0.013639944256112813,-78.04961118272001,0.995409613306838,0.15911649805264844,0.9719597211791695,0.1235173222606986
1.444,-0.7777745850754214,-10.985884143064304,-10.986559492169764,27.80696140005719,-152.17937558673418,0.0006753491054612235,0.013663013208628172,-78.03334840913098,0.9954017642369739,0.15937045597992333,0.9719566234617844,0.12353116361318868
1.4448,-0.7791364380140822,-10.978959705513411,-10.979637475591508,27.76158651069936,-152.2247273785838,0.0006777700780953558,0.0136861107168329,-78.01709756645056,0.9953939042673354,0.15962471612636842,0.971953522724967,0.12354501850141213
1.4456,-0.7805003465115068,-10.972038073230364,-10.972718263761298,27.71619406056274,-152.27009670262618,0.0006801905309342363,0.013709236811081382,-78.0008586724761,0.9953860334113696,0.15987927865792,0.9719504191086099,0.12355888630042054
1.4464000000000001,-0.7818663131607586,-10.965119245889841,-10.965801856339258,27.670784044561128,-152.3154835639181,0.0006826104494200271,0.013732391520790088,-77.9846317452226,0.9953781516825266,0.1601341437399782,0.9719473127516866,0.12357276638936272
1.4472,-0.7832343405571142,-10.958203223173971,-10.958888252992981,27.625356457625184,-152.3608879675003,0.0006850298190103349,0.013755574874522836,-77.96841680285706,0.9953702590942551,0.1603893115374031,0.9719442037922265,0.12358665815159832
1.448,-0.7846044312980835,-10.951290004772307,-10.951977453397493,27.579911294702498,-152.40630991839743,0.0006874486251859248,0.013778786900076057,-77.95221386372066,0.9953623556599976,0.16064478221451328,0.9719410923672959,0.12360056097478324
1.4488,-0.7859765879834302,-10.944379590381812,-10.945069457235254,27.534448550757656,-152.45174942161793,0.0006898668534430052,0.013802027624421953,-77.93602294630551,0.9953544413931867,0.16090055593508307,0.9719379786129773,0.12361447425096139
1.4496,-0.7873508132151781,-10.937471979706865,-10.93816426419615,27.488968220772424,-152.49720648215393,0.000692284489285515,0.013825297073651655,-77.91984406925712,0.9953465163072424,0.16115663286233978,0.9719348626643581,0.12362839737661495
1.4504000000000001,-0.7887271095976379,-10.930567172459213,-10.931261873977466,27.443470299745663,-152.5426811049812,0.0006947015182521221,0.013848595273145747,-77.9036772513507,0.9953385804155664,0.16141301315896192,0.9719317446555062,0.12364232975277493
1.4512,-0.7901054797374245,-10.923665168358006,-10.924362286283895,27.397954782693596,-152.58817329505897,0.0006971179258911528,0.013871922247432167,-77.8875225114632,0.995330633731538,0.16166969698707567,0.9719286247194459,0.12365627078512754
1.452,-0.7914859262434599,-10.916765967129729,-10.917465500827511,27.35242166464976,-152.6336830573299,0.0006995336977818055,0.013895278020328306,-77.87137986860698,0.9953226762685137,0.16192668450825382,0.9719255029881653,0.12367021988398037
1.4528,-0.7928684517270093,-10.909869568508231,-10.910571517327751,27.30687094066513,-152.67921039672007,0.0007019488195206508,0.013918662614798905,-77.85524934189013,0.9953147080398189,0.1621839758835122,0.9719223795925694,0.12368417646447442
1.4536,-0.794253058801677,-10.902975972234703,-10.903680335511432,27.261302605808286,-152.7247553181386,0.0007043632767293456,0.013942076053126584,-77.83913095052526,0.9953067290587482,0.16244157127330752,0.971919254662491,0.12369813994653492
1.4544000000000001,-0.7956397500834393,-10.896085178057648,-10.896791955112713,27.215716655165345,-152.77031782647785,0.0007067770550642757,0.013965518356798157,-77.82302471377447,0.9952987393385582,0.16269947083753505,0.9719161283266518,0.12371210975504267
1.4552,-0.7970285281906481,-10.8891971857329,-10.889906375873096,27.17011308384015,-152.81589792661322,0.0007091901401953425,0.013988989546646735,-77.8069306509955,0.9952907388924663,0.1629576747355259,0.9719130007126647,0.12372608531982657
1.456,-0.79841939574405,-10.882311995023567,-10.883023597541397,27.12449188695433,-152.86149562340304,0.0007116025178310326,0.01401248964262436,-77.79084878162395,0.995282727733647,0.1632161831260449,0.9719098719470133,0.12374006607575558
1.4568,-0.7998123553668046,-10.87542960570006,-10.876143619873758,27.078853059647347,-152.90711092168857,0.0007140141737010618,0.014036018664086214,-77.77477912515265,0.995274705875227,0.1634749961672879,0.9719067421550343,0.1237540514628146
1.4576,-0.8012074096844891,-10.868550017540057,-10.869266442633636,27.033196597076618,-152.95274382629373,0.0007164250935775891,0.014059576629648518,-77.7587217010698,0.9952666733302838,0.16373411401687887,0.9719036114609131,0.1237680409261264
1.4584000000000001,-0.802604561325132,-10.861673230328497,-10.862392065591749,26.987522494417547,-152.9983943420252,0.0007188352632540017,0.01408316355724537,-77.74267652896833,0.9952586301118391,0.1639935368318685,0.9719004799876539,0.1237820339160852
1.4592,-0.8040038129192028,-10.854799243857567,-10.85552048852611,26.941830746863687,-153.04406247367217,0.0007212446685449165,0.014106779464157171,-77.72664362844219,0.9952505762328596,0.16425326476873053,0.9718973478570883,0.12379602988831846
1.46,-0.8054051670996466,-10.847928057926685,-10.848651711222015,26.89612134962671,-153.08974822600655,0.0007236532953286059,0.014130424366726402,-77.71062301911398,0.9952425117062496,0.16451329798335995,0.9718942151898432,0.12381002830382792
1.4608,-0.8068086265018876,-10.84105967234249,-10.84178573347198,26.85039429793651,-153.13545160378243,0.0007260611294910716,0.014154098281068173,-77.69461472060519,0.9952344365448504,0.16477363663107053,0.9718910821053423,0.12382402862898724
1.4616,-0.8082141937638438,-10.834194086918828,-10.834922555075792,26.804649587041386,-153.18117261173632,0.0007284681569646149,0.014177801222302833,-77.6786187525588,0.9952263507614372,0.16503428086659186,0.9718879487217897,0.1238380303356109
1.4624000000000001,-0.8096218715259387,-10.827331301476748,-10.828062175840458,26.75888721220796,-153.22691125458715,0.0007308743637104801,0.014201533204897032,-77.66263513464057,0.995218254368714,0.1652952308440671,0.9718848151561598,0.12385203290100405
1.4632,-0.8110316624311233,-10.820471315844472,-10.821204595580209,26.713107168721386,-153.27266753703572,0.0007332797357400667,0.014225294242891096,-77.64666388645128,0.9952101473793116,0.16555648671705075,0.9718816815241816,0.1238660358080275
1.464,-0.8124435691248768,-10.813614129857394,-10.814349814116476,26.6673094518853,-153.31844146376517,0.0007356842590821469,0.01424908434952954,-77.63070502763307,0.9952020298057853,0.1658180486385057,0.9718785479403383,0.12388003854510482
1.4648,-0.813857594255232,-10.806759743358063,-10.807497831277884,26.621494057021987,-153.36423303944056,0.0007380879198195052,0.014272903537460024,-77.61475857777245,0.9951939016606095,0.16607991676080108,0.9718754145178428,0.12389404060632847
1.4656,-0.8152737404727722,-10.799908156196183,-10.800648646900248,26.57566097947248,-153.41004226870882,0.0007404907040657973,0.014296751818704934,-77.59882455645209,0.9951857629561778,0.16634209123570926,0.9718722813686462,0.1239080414914219
1.4664000000000001,-0.8166920104306588,-10.793059368228569,-10.79380226082655,26.529810214596456,-153.45586915619887,0.0007428925979790494,0.014320629204661373,-77.58290298320017,0.9951776137047976,0.16660457221440408,0.9718691486034147,0.12392204070584606
1.4672,-0.8181124067846307,-10.786213379319165,-10.786958672906922,26.48394175777254,-153.5017137065212,0.0007452935877558725,0.014344535706243278,-77.56699387750592,0.995169453918689,0.16686735984745765,0.9718660163315276,0.1239360377608042
1.468,-0.8195349321930223,-10.779370189339016,-10.780117882998653,26.4380556043982,-153.54757592426813,0.0007476936596372475,0.014368471333682464,-77.55109725880992,0.9951612836099814,0.16713045428483822,0.9718628846610697,0.123950032173279
1.4688,-0.8209595893167837,-10.772529798166268,-10.773279890966155,26.392151749889923,-153.59345581401362,0.0007500927998873126,0.014392436096443362,-77.53521314653723,0.9951531027907077,0.16739385567590737,0.9718597536988077,0.1239640234661374
1.4696,-0.8223863808194664,-10.76569220568613,-10.766444696680974,26.346230189683208,-153.63935338031297,0.0007524909948435029,0.014416430003819869,-77.51934155996105,0.9951449114728079,0.16765756416941774,0.9718566235502132,0.12397801116802704
1.4704000000000002,-0.8238153093672616,-10.758857411790894,-10.759612300021754,26.30029091923271,-153.6852686277031,0.0007548882308606251,0.01444045306419639,-77.50348251841633,0.995136709668121,0.16792157991351037,0.971853494319426,0.12399199481354055
1.4712,-0.8252463776289914,-10.752025416379889,-10.752782700874235,26.25433393401222,-153.73120156070226,0.0007572844943474983,0.014464505285531004,-77.48763604104857,0.9951284973883849,0.16818590305571246,0.9718503661092686,0.12400597394315263
1.472,-0.8266795882761362,-10.745196219359492,-10.745955899131253,26.208359229514862,-153.77715218380996,0.0007596797717611676,0.014488586675184933,-77.47180214699783,0.9951202746452321,0.16845053374293406,0.9718472390212184,0.12401994810334124
1.4727999999999999,-0.8281149439828295,-10.738369820643115,-10.739131894692704,26.162366801253004,-153.82312050150696,0.0007620740495895499,0.014512697240036232,-77.45598085529514,0.9951120414501888,0.16871547212146637,0.9718441131554215,0.12403391684652912
1.4736,-0.8295524474258746,-10.73154622015117,-10.732310687465542,26.11635664475842,-153.8691065182552,0.0007644673143745729,0.014536836986394519,-77.44017218488877,0.9951037978146723,0.16898071833697903,0.9718409886106789,0.12404787973114394
1.4744000000000002,-0.8309921012847544,-10.724725417811076,-10.725492277363788,26.07032875558242,-153.9151102384976,0.0007668595527121771,0.01456100592000098,-77.42437615463805,0.9950955437499871,0.16924627253451702,0.9718378654844394,0.12406183632165015
1.4752,-0.8324339082416421,-10.717907413557255,-10.718676664308477,26.024283129295764,-153.96113166665816,0.0007692507512233875,0.01458520404608521,-77.4085927833009,0.995087279267324,0.16951213485849853,0.9718347438727957,0.12407578618856693
1.476,-0.8338778709814104,-10.71109220733108,-10.711863848227681,25.978219761488823,-154.00717080714176,0.0007716408966005975,0.014609431369422055,-77.39282208953372,0.9950790043777559,0.16977830545271277,0.9718316238704773,0.12408972890849965
1.4768,-0.8353239921916334,-10.704279799080913,-10.705053829056473,25.932138647771648,-154.05322766433417,0.0007740299755574275,0.014633687894189507,-77.3770640919077,0.9950707190922385,0.17004478446031654,0.971828505570856,0.12410366406411598
1.4776,-0.8367722745626059,-10.697470188762047,-10.698246606736923,25.886039783773956,-154.09930224260188,0.0007764179748769385,0.014657973624167653,-77.3613188088287,0.9950624234216052,0.17031157202383262,0.97182538906593,0.1241175912442166
1.4784000000000002,-0.8382227207873474,-10.690663376336722,-10.691442181218102,25.83992316514533,-154.14539454629215,0.0007788048813807743,0.014682288562511303,-77.34558625864216,0.9950541173765656,0.17057866828514634,0.9718222744463229,0.12413151004373969
1.4792,-0.8396753335616061,-10.683859361774108,-10.684640552456043,25.793788787555194,-154.1915045797328,0.0007811906819349484,0.014706632712005785,-77.32986645956237,0.9950458009677043,0.1708460733855035,0.971819161801287,0.12414542006374622
1.48,-0.8411301155838758,-10.677058145050278,-10.677841720413747,25.747636646692833,-154.23763234723228,0.0007835753634710565,0.014731006074896413,-77.314159429639,0.9950374742054775,0.17111378746550784,0.9718160512186904,0.12415932091147901
1.4808,-0.8425870695553977,-10.670259726148208,-10.671045685061156,25.701466738267563,-154.28377785307947,0.0007859589129457789,0.014755408652973756,-77.2984651868526,0.9950291371002118,0.17138181066511826,0.9718129427850228,0.1241732122003346
1.4816,-0.8440461981801712,-10.663464105057765,-10.664252446375151,25.655279058008745,-154.32994110154374,0.0007883413173852341,0.01477984044751679,-77.28278374901463,0.9950207896621011,0.17165014312364635,0.9718098365853839,0.1241870935499175
1.4824,-0.8455075041649565,-10.656671281775685,-10.657462004339546,25.60907360166582,-154.37612209687472,0.0007907225638618388,0.014804301459463431,-77.26711513380513,0.9950124319012061,0.17191878497975382,0.9718067327034926,0.124200964585997
1.4832,-0.8469709902192912,-10.649881256305571,-10.650674358945057,25.56285036500845,-154.42232084330243,0.0007931026394865924,0.01482879168912632,-77.25145935877588,0.9950040638274507,0.17218773637144968,0.9718036312216707,0.12421482494058231
1.484,-0.8484366590554855,-10.643094028657883,-10.64388951018932,25.516609343826534,-154.468537345037,0.0007954815314380053,0.014853311136477032,-77.23581644134077,0.9949956854506211,0.17245699743608778,0.9718005322208555,0.12422867425186458
1.4848,-0.8499045133886379,-10.636309598849893,-10.637107458076828,25.470350533930198,-154.51477160626877,0.0007978592269350988,0.0148778598010324,-77.22018639873926,0.9949872967803639,0.17272656831036476,0.9717974357805897,0.12424251216426312
1.4856,-0.8513745559366421,-10.629527966905725,-10.630328202618976,25.42407393115001,-154.56102363116815,0.0008002357132528339,0.014902437681826086,-77.20456924809459,0.9949788978261832,0.17299644913031653,0.9717943419790191,0.12425633832843597
1.4864,-0.8528467894201854,-10.622749132856296,-10.62355174383401,25.377779531336913,-154.60729342388552,0.0008026109777143971,0.014927044777550691,-77.1889650063519,0.9949704885974403,0.17326664003131642,0.9717912508929002,0.12427015240124525
1.4872,-0.8543212165627627,-10.615973096739332,-10.616778081747027,25.331467330362347,-154.6535809885512,0.0008049850076969854,0.014951681086444069,-77.17337369032813,0.9949620691033507,0.173537141148072,0.9717881625975899,0.12428395404580297
1.488,-0.8557978400906835,-10.609199858599343,-10.610007216389976,25.285137324118313,-154.69988632927542,0.000807357790633735,0.014976346606260904,-77.1577953166401,0.9949536393529819,0.17380795261462284,0.9717850771670465,0.12429774293146859
1.4888,-0.8572766627330659,-10.602429418487606,-10.603239147801624,25.2387895085174,-154.74620945014823,0.0008097293140156492,0.015001041334357978,-77.14222990177323,0.9949451993552548,0.174079074564338,0.9717819946738422,0.12431151873379157
1.4896,-0.8587576872218585,-10.595661776462176,-10.596473876027538,25.192423879492864,-154.79255035523934,0.0008120995653646002,0.015025765267807856,-77.1266774620639,0.9949367491189376,0.1743505071299131,0.9717789151891426,0.12432528113460282
1.4904,-0.8602409162918356,-10.588896932587843,-10.589711401120123,25.146040432998706,-154.83890904859817,0.0008144685322796127,0.015050518403114665,-77.1111380136413,0.9949282886526472,0.17462225044336765,0.9717758387827211,0.12433902982195233
1.4912,-0.861726352680602,-10.582134886936137,-10.582951723138532,25.099639165009673,-154.8852855342538,0.0008168362023963647,0.015075300736526742,-77.0956115724972,0.9949198179648471,0.17489430463604316,0.9717727655229591,0.12435276449010665
1.492,-0.863213999128603,-10.575375639585314,-10.576194842148736,25.05322007152143,-154.9316798162148,0.0008192025634219006,0.01510011226378083,-77.08009815442422,0.9949113370638452,0.1751666698385993,0.9717696954768401,0.12436648483957596
1.4928,-0.8647038583791321,-10.568619190620336,-10.56944075822344,25.006783148550472,-154.9780918984692,0.0008215676031037761,0.015124952980329454,-77.06459777506039,0.9949028459577915,0.1754393461810126,0.9717666287099493,0.12438019057711605
1.4936,-0.8661959331783209,-10.561865540132873,-10.562689471442123,24.96032839213429,-155.02452178498447,0.0008239313092512704,0.015149822881227237,-77.04911044985651,0.9948943446546797,0.17571233379257278,0.9717635652864901,0.12439388141565502
1.4944,-0.8676902262751616,-10.555114688221286,-10.555940981890997,24.913855798331454,-155.07096947970746,0.0008262936697122448,0.015174721961102478,-77.0336361941167,0.9948858331623422,0.17598563280188045,0.9717605052692655,0.12440755707437529
1.4952,-0.8691867404214988,-10.54836663499059,-10.54919528966301,24.867365363221516,-155.11743498656423,0.0008286546724194261,0.01519965021424241,-77.01817502290551,0.9948773114884508,0.17625924333684495,0.9717574487196944,0.12442121727864225
1.496,-0.8706854783720391,-10.541621380552478,-10.542452394857815,24.820857082905253,-155.16391830946017,0.0008310143053364086,0.01522460763456479,-77.00272695113887,0.9948687796405147,0.17653316552468098,0.9717543956978054,0.1244348617600311
1.4968,-0.8721864428843575,-10.534878925025295,-10.535712297581785,24.774330953504602,-155.21041945227967,0.0008333725564904392,0.015249594215731577,-76.98729199355827,0.9948602376258783,0.17680739949190627,0.9717513462622392,0.12444849025631712
1.4976,-0.8736896367188917,-10.528139268534014,-10.528974997947977,24.72778697116276,-155.25693841888634,0.0008357294139647024,0.015274609950893137,-76.97187016468169,0.994851685451722,0.17708194536433916,0.971748300470258,0.12446210251143355
1.4984,-0.8751950626389575,-10.521402411210234,-10.52224049607613,24.681225132044286,-155.3034752131228,0.0008380848658944636,0.015299654832915621,-76.95646147889727,0.9948431231250585,0.17735680326709566,0.9717452583777375,0.12447569827550548
1.4992,-0.8767027234107438,-10.514668353192171,-10.515508792092653,24.63464543233503,-155.3500298388106,0.0008404389004824968,0.015324728854380965,-76.94106595032372,0.9948345506527332,0.17763197332458674,0.9717422200391772,0.12448927730480769
1.5,-0.8782126218033164,-10.507937094624648,-10.508779886130617,24.588047868242366,-155.39660229975019,0.0008427915059682293,0.015349832007444775,-76.92568359294341,0.9948259680414225,0.1779074556605159,0.9717391855077003,0.12450283936176185
1.5008,-0.8797247605886291,-10.501208635659061,-10.502053778329724,24.541432435995098,-155.4431925997209,0.0008451426706624535,0.015374964284006865,-76.91031442054907,0.9948173752976319,0.17818325039787658,0.9717361548350546,0.12451638421493468
1.5016,-0.8812391425415131,-10.494482976453392,-10.495330468836329,24.49479913184359,-155.48980074248084,0.000847492382935756,0.015400125675569143,-76.8949584466975,0.9948087724276965,0.17845935765894894,0.9717331280716219,0.12452991163899427
1.5024000000000002,-0.8827557704396933,-10.487760117172183,-10.48860995780338,24.4481479520598,-155.53642673176685,0.0008498406311992333,0.015425316173349302,-76.87961568477559,0.994800159437778,0.17873577756529818,0.971730105266414,0.1245434214147302
1.5032,-0.8842746470637843,-10.481040057986526,-10.481892245390465,24.401478892937387,-155.58307057129434,0.0008521874039372754,0.015450535768280815,-76.86428614796819,0.9947915363338641,0.17901251023777076,0.9717270864670775,0.12455691332903009
1.504,-0.8857957751972899,-10.474322799074063,-10.475177331763742,24.3547919507917,-155.62973226475745,0.0008545326896805671,0.015475784450842411,-76.84896984926128,0.9947829031217688,0.17928955579649247,0.9717240717199034,0.12457038717483826
1.5048,-0.8873191576266166,-10.46760834061895,-10.468465217095977,24.308087121959826,-155.67641181582874,0.0008568764770273012,0.015501062211427552,-76.833666801417,0.9947742598071286,0.17956691436086544,0.9717210610698177,0.12458384275119688
1.5056,-0.8888447971410602,-10.460896682811864,-10.461755901566484,24.261364402800737,-155.72310922815936,0.0008592187546200365,0.015526369039889687,-76.81837701704995,0.9947656063954049,0.17984458604956588,0.9717180545604038,0.12459727986314686
1.5064000000000002,-0.8903726965328206,-10.454187825849981,-10.455049385361155,24.214623789695274,-155.76982450537872,0.000861559511174625,0.015551704925997,-76.80310050850801,0.99475694289188,0.18012257098054074,0.9717150522338897,0.12461069832178506
1.5072,-0.8919028585969948,-10.44748176993698,-10.448345668672426,24.16786527904623,-155.81655765109477,0.0008638987354454993,0.015577069859006087,-76.7878372879922,0.994748269301658,0.1804008692710053,0.9717120541311619,0.12462409794420029
1.508,-0.893435286131587,-10.440778515283,-10.441644751699268,24.121088867278353,-155.86330866889355,0.000866236416268099,0.015602463828088275,-76.77258736744265,0.9947395856296629,0.18067948103744091,0.9717090602917644,0.12463747855348144
1.5088,-0.8949699819375047,-10.434078062104655,-10.43494663464717,24.07429455083848,-155.91007756233955,0.0008685725425164436,0.015627886821960146,-76.75735075863815,0.9947308918806377,0.18095840639559185,0.9717060707539049,0.12465083997868676
1.5096,-0.8965069488185613,-10.427380410625013,-10.428251317728153,24.027482326195535,-155.95686433497528,0.0008709071031378458,0.015653338829196173,-76.74212747311967,0.9947221880591438,0.18123764546046253,0.9717030855544585,0.1246641820548291
1.5104000000000002,-0.8980461895814755,-10.420685561073581,-10.421558801160716,23.98065218984063,-156.00366899032144,0.000873240087133626,0.01567881983791608,-76.72691752222961,0.9947134741695609,0.1815171983463152,0.9717001047289776,0.12467750462283085
1.5112,-0.8995877070358755,-10.413993513686313,-10.414869085169862,23.93380413828711,-156.05049153187673,0.0008755714835475418,0.01570432983615433,-76.71172091713339,0.994704750216084,0.18179706516666666,0.9716971283116859,0.12469080752955183
1.512,-0.901131503994297,-10.407304268705559,-10.408182169987064,23.88693816807054,-156.0973319631179,0.0008779012815043566,0.015729868811547476,-76.6965376687354,0.9946960162027252,0.18207724603428627,0.9716941563354949,0.12470409062771394
1.5128,-0.9026775832721912,-10.400617826380078,-10.401498055850261,23.84005427574884,-156.14419028749964,0.0008802294701847707,0.015755436751533125,-76.68136778774802,0.9946872721333101,0.1823577410611931,0.9716911888319978,0.12471735377593152
1.5136,-0.9042259476879124,-10.393934186965035,-10.39481674300385,23.793152457902327,-156.19106650845447,0.0008825560388157776,0.01578103364320782,-76.66621128469568,0.9946785180114803,0.1826385503586525,0.9716882258314863,0.12473059683863265
1.5144000000000002,-0.9057766000627331,-10.387253350721963,-10.388138231698651,23.746232711133736,-156.23796062939283,0.0008848809766880205,0.015806659473440732,-76.65106816987796,0.9946697538406892,0.18291967403717446,0.9716852673629431,0.12474381968609531
1.5152,-0.9073295432208346,-10.380575317918774,-10.381462522191944,23.69929503206831,-156.28487265370273,0.0008872042731692917,0.01583231422895892,-76.63593845334351,0.9946609796242036,0.18320111220650975,0.9716823134540562,0.12475702219438356
1.516,-0.908884779989307,-10.373900088829737,-10.3747896147474,23.652339417353847,-156.33180258475014,0.0008895259176640347,0.015857997896006282,-76.62082214499097,0.9946521953651029,0.18348286497564828,0.9716793641312255,0.12477020424531637
1.5168,-0.9104423131981564,-10.367227663735463,-10.368119509635104,23.60536586366071,-156.37875042587848,0.0008918458996403423,0.015883710460798284,-76.60571925447444,0.994643401066277,0.18376493245281572,0.971676419419559,0.12478336572648609
1.5176,-0.9120021456803074,-10.360558042922893,-10.361452207131528,23.55837436768194,-156.42571618040887,0.0008941642086338135,0.015909451909180916,-76.59062979123789,0.9946345967304258,0.18404731474547115,0.9716734793428807,0.12479650653122268
1.5184,-0.9135642802715843,-10.3538912266853,-10.354787707519545,23.511364926133293,-156.4726998516399,0.0008964808342436969,0.015935222226801216,-76.57555376449102,0.9946257823600604,0.18433001196030369,0.9716705439237467,0.12480962655852307
1.5192,-0.9151287198107333,-10.347227215322262,-10.348126011088372,23.46433753575327,-156.51970144284766,0.0008987957661116768,0.015961021399078845,-76.56049118327553,0.994616957957501,0.18461302420323072,0.9716676131834387,0.12482272571307834
1.52,-0.9166954671394077,-10.34056600913965,-10.341467118133608,23.41729219330322,-156.56672095728564,0.0009011089939585144,0.01598684941114925,-76.54544205637612,0.994608123524876,0.18489635157939427,0.9716646871419748,0.12483580390522675
1.5208,-0.9182645251021773,-10.333907608449627,-10.33481102895718,23.370228895567344,-156.61375839818473,0.0009034205075551208,0.016012706247920505,-76.53040639239067,0.9945992790641216,0.18517999419315884,0.971661765818112,0.12484886105094245
1.5216,-0.9198358965465185,-10.327252013570629,-10.328157743867356,23.323147639352744,-156.66081376875312,0.0009057302967264136,0.01603859189413015,-76.51538419969152,0.9945904245769827,0.1854639521481084,0.9716588492293592,0.12486189707177744
1.5224,-0.9214095843228155,-10.32059922482735,-10.32150726317873,23.276048421489545,-156.70788707217616,0.0009080383513821722,0.016064506334288353,-76.50037548641473,0.994581560065011,0.1857482255470439,0.971655937391981,0.12487491189484437
1.5232,-0.9229855912843761,-10.313949242550741,-10.3148595872122,23.22893123883088,-156.7549783116165,0.0009103446614611121,0.016090449552621067,-76.48538026053016,0.9945726855295625,0.18603281449198,0.9716530303209868,0.12488790545286564
1.524,-0.9245639202874013,-10.307302067077984,-10.308214716294973,23.181796088252963,-156.80208749021386,0.0009126492169887393,0.01611642153318371,-76.47039852974483,0.9945638009718016,0.18631771908414305,0.9716501280301687,0.12490087768400487
1.5248,-0.9261445741910133,-10.300657698752492,-10.301572650760525,23.134642966655143,-156.84921461108505,0.0009149520080329952,0.016142422259804334,-76.45543030158066,0.9945549063926963,0.18660293942396777,0.9716472305320769,0.12491382853197519
1.5256,-0.9277275558572284,-10.294016137923883,-10.294933390948627,23.087471870959977,-156.8963596773239,0.0009172530247447536,0.016168451716140453,-76.44047558330745,0.9945460017930213,0.1868884756110947,0.9716443378380518,0.12492675794589722
1.5264,-0.9293128681509831,-10.287377384947995,-10.288296937205297,23.04028279811326,-156.9435226920012,0.0009195522573018965,0.016194509885536945,-76.4255343820473,0.9945370871733537,0.18717432774436746,0.9716414499582051,0.12493966588038323
1.5272000000000001,-0.9309005139401036,-10.28074144018684,-10.281663289882825,22.993075745084074,-156.99070365816468,0.0009218496959845228,0.016220596751253424,-76.4106067046292,0.9945281625340763,0.1874604959218299,0.971638566901451,0.12495255229539766
1.528,-0.9324904960953349,-10.274108304008625,-10.27503244933972,22.945850708864878,-157.0379025788389,0.0009241453310958822,0.016246712296236865,-76.39569255772312,0.9945192278753734,0.1877469802407234,0.9716356886754877,0.1249654171563401
1.5288,-0.934082817490315,-10.267477976787704,-10.268404415940731,22.8986076864715,-157.08511945702514,0.0009264391530260131,0.016272856503348976,-76.3807919477559,0.9945102831972339,0.18803378079748417,0.971632815286824,0.12497826043392579
1.5296,-0.9356774810015851,-10.260850458904597,-10.261779190056817,22.85134667494323,-157.1323542957016,0.0009287311522189607,0.01629902935519567,-76.3659048809479,0.9945013284994486,0.18832089768774057,0.9716299467407779,0.12499108210419366
1.5304,-0.9372744895085858,-10.254225750745976,-10.255156772065153,22.804067671342885,-157.17960709782292,0.0009310213191766312,0.016325230834183913,-76.35103136329575,0.9944923637816108,0.18860833100630978,0.9716270830414796,0.12500388214849043
1.5312000000000001,-0.9388738458936556,-10.247603852704621,-10.248537162349095,22.75677067275681,-157.22687786632062,0.0009333096444742217,0.016351460922578553,-76.33617140059062,0.9944833890431151,0.18889608084719584,0.9716242241918838,0.1250166605534187
1.532,-0.9404755530420249,-10.240984765179457,-10.241920361298186,22.709455676295033,-157.27416660410262,0.0009355961187293634,0.01637771960236023,-76.32132499841394,0.9944744042831584,0.18918414730358618,0.9716213701937761,0.12502941731080525
1.5328,-0.9420796138418239,-10.2343684885755,-10.235306369308141,22.662122679091144,-157.3214733140534,0.000937880732640691,0.016404006855452735,-76.30649216211145,0.9944654095007375,0.1894725304678493,0.9716185210477727,0.12504215241770603
1.5336,-0.9436860311840728,-10.227755023303866,-10.228695186780822,22.614771678302535,-157.368797999034,0.0009401634769569878,0.016430322663467223,-76.29167289685303,0.9944564046946507,0.18976123043153195,0.9716156767533346,0.12505486587633874
1.5344,-0.9452948079626808,-10.221144369781761,-10.222086814124257,22.56740267111034,-157.41614066188166,0.0009424443424945407,0.016456667008014847,-76.27686720754919,0.994447389863496,0.19005024728535572,0.9716128373087691,0.12506755769407948
1.5352000000000001,-0.9469059470744459,-10.214536528432452,-10.215481251752585,22.5200156547195,-157.46350130541018,0.0009447233201332842,0.016483039870308858,-76.26207509891876,0.9944383650056723,0.19033958111921545,0.9716100027112429,0.1250802278834033
1.536,-0.9485194514190515,-10.20793149968528,-10.208878500086087,22.472610626358858,-157.51087993240952,0.0009470004008052284,0.01650944123161935,-76.24729657547547,0.9944293301193772,0.19062923202217513,0.9716071729567806,0.12509287646188966
1.5368,-0.9501353238990657,-10.201329283975625,-10.20227855955115,22.42518758328116,-157.55827654564598,0.0009492755755253157,0.01653587107284693,-76.23253164150037,0.9944202852026081,0.19091920008246607,0.9716043480402755,0.12510550345217583
1.5376,-0.9517535674199384,-10.194729881744905,-10.195681430580253,22.377746522763143,-157.605691147862,0.0009515488353451365,0.016562329374863793,-76.21778030108344,0.994411230253161,0.19120948538748372,0.9716015279554973,0.12511810888192287
1.5384,-0.9533741848899948,-10.188133293440572,-10.189087113611974,22.33028744210558,-157.65312374177608,0.0009538201714030693,0.016588816118343175,-76.20304255808337,0.994402165268632,0.19150008802378482,0.9715987126951005,0.1251306927837759
1.5392000000000001,-0.9549971792204393,-10.181539519516075,-10.182495609090957,22.282810338633304,-157.700574330083,0.0009560895748799267,0.016615331283702517,-76.18831841616242,0.9943930902464144,0.19179100807708488,0.9715959022506246,0.12514325519536507
1.54,-0.9566225533253518,-10.174948560430888,-10.17590691746792,22.23531520969532,-157.7480429154533,0.000958357037031738,0.016641874851359262,-76.1736078787583,0.9943840051837,0.19208224563225484,0.971593096612504,0.12515579615926214
1.5408,-0.9582503101216805,-10.16836041665045,-10.169321039199634,22.18780205266477,-157.79552950053372,0.0009606225491839644,0.016668446801503478,-76.15891094909296,0.9943749100774787,0.192373800773319,0.9715902957700788,0.12516831572292986
1.5416,-0.9598804525292453,-10.161775088646197,-10.162737974748893,22.14027086493907,-157.84303408794682,0.0009628861026967869,0.016695047114126282,-76.14422763021696,0.9943658049245381,0.192665673583452,0.9715874997115957,0.12518081393871952
1.5424,-0.961512983470731,-10.155192576895523,-10.156157724584551,22.092721643939935,-157.89055668029096,0.0009651476890287446,0.016721675769105104,-76.1295579249188,0.9943566897214627,0.19295786414497496,0.9715847084242158,0.12519329086383632
1.5432000000000001,-0.9631479058716857,-10.148612881881773,-10.149580289181454,22.045154387113357,-157.9380972801404,0.0009674072996827385,0.01674833274626053,-76.11490183580153,0.9943475644646351,0.1932503725393548,0.9715819218940266,0.12520574656028532
1.544,-0.9647852226605157,-10.142036004094248,-10.143005669020466,21.997569091929808,-157.98565589004514,0.0009696649262195296,0.016775018025043664,-76.10025936527589,0.9943384291502351,0.19354319884719934,0.9715791401060456,0.12521818109485464
1.5448,-0.9664249367684903,-10.135461944028172,-10.13643386458845,21.94996575588414,-158.03323251253084,0.0009719205602789533,0.016801731585019297,-76.08563051550655,0.9943292837742376,0.1938363431482555,0.9715763630442197,0.12523059453912047
1.5455999999999999,-0.9680670511297269,-10.128890702184686,-10.129864876378242,21.902344376495726,-158.0808271500988,0.000974174193556776,0.016828473405468003,-76.07101528847551,0.9943201283324161,0.19412980552140663,0.9715735906914478,0.12524298696934352
1.5464,-0.969711568681201,-10.122322279070843,-10.123298704888652,21.854704951308467,-158.12843980522595,0.0009764258178104823,0.01685524346558509,-76.05641368595369,0.9943109628203388,0.19442358604466908,0.9715708230295711,0.1252553584665141
1.5472000000000001,-0.9713584923627294,-10.115756675199592,-10.116735350624458,21.807047477890887,-158.17607048036479,0.0009786754248650585,0.016882041744338494,-76.04182570950482,0.9943017872333715,0.19471768479518997,0.9715680600393946,0.1252677091162559
1.548,-0.9730078251169795,-10.109193891089774,-10.11017481409638,21.759371953836173,-158.22371917794317,0.0009809230066072086,0.016908868220667728,-76.02725136048156,0.9942926015666751,0.1950121018492435,0.9715653017006808,0.1252800390088531
1.5488,-0.9746595698894617,-10.102633927266087,-10.103617095821072,21.71167837676216,-158.2713859003645,0.0009831685549853532,0.016935722873341774,-76.01269064003928,0.9942834058152059,0.19530683728222953,0.9715625479921636,0.12529234823918997
1.5495999999999999,-0.9763137296285231,-10.096076784259093,-10.09706219632112,21.663966744311466,-158.31907065000746,0.0009854120620269857,0.016962605681072773,-75.9981435491056,0.9942741999737168,0.1956018911686695,0.9715597988915555,0.12530463690671712
1.5504,-0.9779703072853435,-10.089522462605222,-10.090510116125017,21.616237054151515,-158.36677342922619,0.000987653519794318,0.016989516622288647,-75.98361008845224,0.9942649840367561,0.195897263582204,0.9715570543755556,0.12531690511541754
1.5512000000000001,-0.9796293058139407,-10.082970962846725,-10.083960855767168,21.568489303974584,-158.41449424034997,0.000989892920444063,0.01701645567544574,-75.96909025858541,0.9942557579986664,0.19619295459558997,0.9715543144198472,0.12532915297381558
1.552,-0.9812907281711591,-10.07642228553168,-10.077414415787855,21.520723491497858,-158.46223308568332,0.0009921302561772926,0.017043422818829868,-75.95458405985354,0.9942465218535865,0.19648896428069831,0.9715515789991164,0.1253413805948948
1.5528,-0.9829545773166665,-10.069876431213983,-10.070870796733253,21.47293961446347,-158.509989967506,0.0009943655192722243,0.01707041803052789,-75.94009149238312,0.9942372755954496,0.1967852927085099,0.9715488480870506,0.1253535880961049
1.5535999999999999,-0.9846208562129561,-10.063333400453327,-10.064329999155392,21.425137670638552,-158.55776488807274,0.000996598702066862,0.017097441288711934,-75.92561255609213,0.994228019217984,0.19708193994911416,0.9715461216563499,0.12536577559931006
1.5544,-0.9862895678253369,-10.056793193815208,-10.057792023612164,21.377317657815315,-158.6055578496135,0.0009988297969570703,0.017124492571184646,-75.91114725072751,0.9942187527147126,0.1973789060717051,0.971543399678732,0.1253779432307683
1.5552000000000001,-0.9879607151219348,-10.050255811870887,-10.051256870667304,21.329479573811067,-158.65336885433305,0.0010010587964158566,0.01715157185589078,-75.89669557580233,0.9942094760789526,0.19767619114457916,0.9715406821249378,0.12539009112110572
1.556,-0.9896343010736841,-10.043721255197411,-10.04472454089038,21.281623416468296,-158.70119790441132,0.0010032856929683026,0.017178679120377183,-75.8822575306493,0.9942001893038164,0.19797379523513187,0.9715379689647413,0.12540221940527171
1.5568,-0.9913103286543302,-10.037189524377563,-10.038195034856784,21.23374918365468,-158.74904500200287,0.0010055104792204897,0.0172058143424465,-75.86783311438563,0.9941908923822094,0.19827171840985533,0.9715352601669511,0.1254143282225333
1.5575999999999999,-0.9929888008404218,-10.03066061999988,-10.031668353147708,21.18585687326316,-158.79691014923736,0.0010077331478286454,0.017232977499475055,-75.85342232595463,0.9941815853068323,0.1985699607343356,0.9715325556994238,0.1254264177164154
1.5584,-0.9946697206113054,-10.024134542658631,-10.025144496350151,21.13794648321198,-158.84479334821913,0.0010099536915184261,0.017260168568896006,-75.8390251640768,0.9941722680701794,0.1988685222732493,0.9715298555290657,0.12543848803469174
1.5592000000000001,-0.9963530909491214,-10.01761129295381,-10.018623465056894,21.090018011444783,-158.89269460102724,0.0010121721030849178,0.017287387527971987,-75.824641627292,0.99416294066454,0.19916740309036085,0.9715271596218445,0.12545053932933448
1.56,-0.99803891483881,-10.01109087149111,-10.012105259866502,21.042071455930614,-158.9406139097154,0.001014388375390707,0.01731463435396563,-75.81027171393163,0.9941536030819953,0.1994666032485199,0.9715244679427855,0.1254625717565313
1.5608,-0.999727195268098,-10.00457327888193,-10.005589881383282,20.994106814663958,-158.98855127631205,0.001016602501350454,0.01734190902399746,-75.79591542213686,0.9941442553144209,0.19976612280965855,0.9715217804559879,0.1254745854766095
1.5615999999999999,-1.0014179352274895,-9.998058515743358,-9.999077330217316,20.946124085664852,-159.03650670282013,0.0010188144739578897,0.01736921151501747,-75.78157274986272,0.9941348973534871,0.20006596183478792,0.9715190971246334,0.1254865806540023
1.5624,-1.0031111377102806,-9.99154658269814,-9.992567606984409,20.898123266978835,-159.08448019121718,0.0010210242862703893,0.01739654180397565,-75.76724369484677,0.9941255291906566,0.2003661203839962,0.9715164179109805,0.12549855745726973
1.5632000000000001,-1.0048068057125346,-9.985037480374704,-9.986060712306102,20.850104356677154,-159.1324717434551,0.001023231931399329,0.017423899867736736,-75.75292825466624,0.994116150817186,0.20066659851644475,0.9715137427763845,0.1255105160590138
1.564,-1.0065049422330943,-9.978531209407118,-9.979556646809653,20.802067352856664,-159.18048136146035,0.0010254374025351564,0.01745128568299492,-75.7386264266832,0.9941067622241248,0.20096739629036608,0.9715110716812939,0.12552245663589
1.5648,-1.0082055502735656,-9.97202777043509,-9.973055411128026,20.754012253639964,-159.22850904713363,0.0010276406929358186,0.017478699226415984,-75.72433820806808,0.9940973634023164,0.20126851376306043,0.9715084045852646,0.1255343793685482
1.5655999999999999,-1.0099086328383247,-9.965527164103964,-9.966557005899878,20.705939057175392,-159.27655480234998,0.0010298417959132642,0.017506140474637277,-75.7100635958022,0.9940879543423964,0.20156995099089337,0.9715057414469582,0.12554628444163626
1.5664,-1.011614192934501,-9.959029391064682,-9.96006143176954,20.65784776163711,-159.3246186289588,0.0010320407048585128,0.017533609404097206,-75.69580258668312,0.9940785350347949,0.20187170802929272,0.9715030822241604,0.12555817204372216
1.5672000000000001,-1.0133222335719896,-9.952534451973808,-9.95356868938703,20.60973836522517,-159.37270052878358,0.0010342374132223696,0.017561105991262593,-75.68155517729785,0.9940691054697333,0.20217378493274546,0.9715004268737704,0.12557004236733715
1.568,-1.015032757763429,-9.946042347493496,-9.947078779408008,20.56161086616556,-159.420800503622,0.001036431914511569,0.017588630212458156,-75.66732136409053,0.9940596656372271,0.2024761817547952,0.9714977753518252,0.12558189560886968
1.5688,-1.0167457685242092,-9.939553078291471,-9.940591702493792,20.5134652627102,-159.4689185552459,0.0010386242023196304,0.017616182043923345,-75.65310114327747,0.9940502155270845,0.20277889854803927,0.9714951276134951,0.12559373196858614
1.5695999999999999,-1.0184612688724681,-9.933066645041036,-9.934107459311338,20.465301553137035,-159.51705468540106,0.001040814270301786,0.01764376146189761,-75.63889451088477,0.9940407551289049,0.2030819353641257,0.9714924836130875,0.12560555165061132
1.5704,-1.020179261829072,-9.926583048421048,-9.927626050533211,20.41711973575007,-159.56520889580742,0.0010430021121653418,0.01767136844250672,-75.62470146277889,0.9940312844320836,0.20338529225375065,0.971489843304071,0.12561735486282294
1.5712000000000002,-1.021899750417634,-9.920102289115908,-9.921147476837605,20.36891980887948,-159.61338118815868,0.0010451877216966722,0.01769900296184801,-75.61052199463231,0.9940218034258049,0.203688969266655,0.9714872066390552,0.12562914181694068
1.572,-1.0236227376644895,-9.91362436781556,-9.91467173890831,20.32070177088158,-159.6615715641226,0.0010473710927515806,0.017726664995819874,-75.59635610191212,0.9940123120990482,0.2039929664516218,0.9714845735698202,0.1256409127283957
1.5728,-1.0253482265987115,-9.907149285215455,-9.908198837434709,20.272465620138895,-159.70978002534065,0.001049552219253369,0.01775435452046281,-75.58220377991819,0.9940028104405829,0.20429728385647375,0.9714819440473043,0.12565266781638473
1.5735999999999999,-1.0270762202520771,-9.900677042016577,-9.901728773111751,20.22421135506025,-159.75800657342825,0.0010517310951735537,0.017782071511504682,-75.568065023782,0.993993298438974,0.20460192152806955,0.9714793180216322,0.12566440730374318
1.5744,-1.0288067216590981,-9.894207638925385,-9.895261546639961,20.175938974080744,-159.80625120997436,0.0010539077145762213,0.01780981594490072,-75.55393982842753,0.993983776082576,0.20490687951230188,0.9714766954420978,0.12567613141702483
1.5752000000000002,-1.030539733856997,-9.887741076653844,-9.888797158725415,20.127648475661893,-159.85451393654182,0.0010560820715717427,0.01783758779629352,-75.53982818861425,0.9939742433595358,0.2052121578540938,0.9714740762571796,0.12568784038642966
1.576,-1.03227525988569,-9.881277355919382,-9.882335610079746,20.07933985829164,-159.9027947546669,0.0010582541603630586,0.017865387041467784,-75.52573009888897,0.9939647002577953,0.20551775659739613,0.9714714604145618,0.12569953444571252
1.5768,-1.0340133027878144,-9.874816477444902,-9.875876901420098,20.031013120484367,-159.95109366585964,0.001060423975195538,0.017893213655980844,-75.51164555366569,0.9939551467650851,0.2058236757851847,0.9714688478611121,0.12571121383227982
1.5776,-1.0357538656087022,-9.868358441958753,-9.869421033469143,19.98266826078099,-159.99941067160356,0.0010625915103897625,0.017921067615446873,-75.49757454715322,0.9939455828689294,0.20612991545945747,0.9714662385429071,0.12572287878707805
1.5784,-1.0374969513963763,-9.861903250194718,-9.862968006955068,19.934305277748983,-160.0477457733556,0.0010647567603511681,0.0179489488954232,-75.48351707337119,0.9939360085566448,0.20643647566123147,0.9714636324052375,0.1257345295545704
1.5792000000000002,-1.0392425632015594,-9.855450902892025,-9.85651782261155,19.885924169982477,-160.09609897254612,0.0010669197195256916,0.017976857471410312,-75.46947312618995,0.9939264238153378,0.20674335643053993,0.9714610293926006,0.12574616638276812
1.58,-1.0409907040776487,-9.84900140079531,-9.850070481177752,19.837524936102263,-160.14447027057895,0.0010690803824421947,0.01800479331879501,-75.45544269928952,0.9939168286319097,0.20705055780642956,0.9714584294487276,0.1257577895231114
1.5808,-1.0427413770807339,-9.842554744654613,-9.843625983398313,19.78910757475584,-160.19285966883115,0.0010712387436989665,0.018032756413020934,-75.44142578616305,0.9939072229930507,0.20735807982695753,0.971455832516567,0.12576939923054242
1.5816,-1.0444945852695748,-9.836110935225376,-9.83718433002333,19.740672084617476,-160.24126716865314,0.0010733947979560086,0.01806074672938962,-75.42742238015485,0.9938976068852443,0.20766592252918864,0.9714532385383067,0.1257809957634055
1.5824,-1.046250331705604,-9.829669973268405,-9.830745521808357,19.69221846438825,-160.28969277136846,0.0010755485399504628,0.01808876424328787,-75.41343247439981,0.9938879802947661,0.20797408594919273,0.9714506474553757,0.12579257938344146
1.5832000000000002,-1.048008619452923,-9.823231859549894,-9.824309559514381,19.64374671279615,-160.3381364782739,0.0010776999644869687,0.01811680892996037,-75.39945606188257,0.9938783432076819,0.20828257012204093,0.9714480592084442,0.12580415035578577
1.584,-1.0497694515783,-9.816796594841401,-9.817876443907824,19.59525682859609,-160.38659829063928,0.001079849066422237,0.018144880764623394,-75.38549313541873,0.993868695609849,0.20859137508180342,0.9714454737374314,0.12581570894893518
1.5848,-1.0515328311511558,-9.810364179919812,-9.811446175760512,19.54674881056991,-160.43507820970757,0.0010819958406997592,0.01817297972252163,-75.37154368764925,0.9938590374869172,0.20890050086154693,0.97144289098152,0.1258272554346806
1.5856,-1.0532987612435676,-9.803934615567352,-9.805018755849686,19.498222657526487,-160.4835762366947,0.0010841402823324538,0.018201105778814508,-75.35760771102235,0.9938493688243274,0.2092099474933312,0.9714403108791522,0.12583879008812798
1.5864,-1.0550672449302605,-9.797507902571578,-9.798594184957967,19.449678368301758,-160.53209237278963,0.001086282386389166,0.018229258908604606,-75.34368519784348,0.9938396896073114,0.20951971500820615,0.9714377333680386,0.12585031318765522
1.5872000000000002,-1.0568382852886036,-9.791084041725354,-9.792172463873367,19.401115941758807,-160.58062661915415,0.0010884221480139521,0.018257439087051353,-75.32977614024236,0.9938299998208926,0.20982980343620905,0.971435158385163,0.1258618250148943
1.588,-1.0586118853986044,-9.78466303382685,-9.785753593389273,19.352535376787916,-160.62917897692287,0.0010905595624222226,0.018285646289200486,-75.31588053018214,0.9938202994498856,0.21014021280636155,0.9714325858667908,0.12587332585469102
1.5888,-1.0603880483429093,-9.77824487967951,-9.779337574304414,19.30393667230649,-160.67774944720335,0.0010926946249026704,0.018313880490154588,-75.30199835942989,0.9938105884788958,0.21045094314666765,0.9714300157484695,0.12588481599510387
1.5896,-1.0621667772067884,-9.771829580092074,-9.772924407422876,19.255319827259292,-160.7263380310758,0.0010948273308018436,0.018342141664902556,-75.2881296196304,0.99380086689232,0.2107619944841092,0.9714274479650394,0.12589629572735644
1.5904,-1.0639480750781412,-9.76541713587852,-9.766514093554068,19.20668484061833,-160.77494472959316,0.0010969576755472863,0.01837042978851855,-75.27427430221758,0.9937911346743458,0.21107336684464473,0.9714248824506372,0.12590776534582102
1.5912000000000002,-1.065731945047488,-9.75900754785811,-9.760106633512732,19.158031711383046,-160.82356954378105,0.0010990856546243969,0.0183987448359062,-75.26043239850814,0.9937813918089515,0.21138506025320508,0.9714223191386977,0.12591922514801035
1.592,-1.0675183902079581,-9.752600816855324,-9.753702028118923,19.109360438580286,-160.8722124746376,0.0011012112635995705,0.018427086782111246,-75.24660389961366,0.9937716382799072,0.21169707473369137,0.9714197579619687,0.1259306754345129
1.5928,-1.0693074136552974,-9.746196943699879,-9.747300278197985,19.060671021264334,-160.9208735231336,0.0011033344981047698,0.01845545560206574,-75.23278879650354,0.9937618740707728,0.21200941030897208,0.9714171988525049,0.12594211650901796
1.5936,-1.0710990184878553,-9.739795929226712,-9.740901384580553,19.011963458517,-160.96955269021228,0.0011054553538394542,0.018483851270730156,-75.21898707997826,0.9937520991648993,0.21232206700087974,0.9714146417416811,0.12595354867825845
1.5944,-1.0728932078065825,-9.733397774275968,-9.734505348102541,18.963237749447668,-161.01824997678935,0.001107573826574437,0.018512273762979703,-75.20519874067813,0.993742313545428,0.21263504483020837,0.9714120865601941,0.12596497225200207
1.5952000000000002,-1.074689984715023,-9.727002479692974,-9.728112169605122,18.91449389319335,-161.06696538375283,0.0011096899121499561,0.018540723053831698,-75.1914237690826,0.9937325171952917,0.21294834381671057,0.9714095332380716,0.12597638754301005
1.596,-1.0764893523193162,-9.72061004632825,-9.721721849934733,18.865731888918692,-161.1156989119632,0.0011118036064833878,0.018569199118104507,-75.17766215550205,0.9937227100972126,0.21326196397909433,0.9714069817046713,0.12598779486704287
1.5968,-1.0782913137281818,-9.714220475037486,-9.715334389943042,18.816951735816087,-161.16445056225317,0.0011139149055557473,0.018597701930758603,-75.16391389009914,0.993712892233704,0.2135759053350204,0.971404431888692,0.12599919454281125
1.5976,-1.0800958720529237,-9.707833766681523,-9.708949790486942,18.76815343310565,-161.21322033542768,0.0011160238054194038,0.018626231466669196,-75.15017896286321,0.9937030635870696,0.21389016790109963,0.9714018837181777,0.12601058689195488
1.5984,-1.081903030407421,-9.701449922126349,-9.702568052428546,18.71933698003534,-161.2620082322639,0.0011181303021961504,0.018654787700768338,-75.13645736365467,0.9936932241394036,0.21420475169288977,0.9713993371205203,0.12602197223903394
1.5992000000000002,-1.0837127919081229,-9.6950689422431,-9.696189176635183,18.670502375880965,-161.31081425351113,0.0011202343920829899,0.018683370607902816,-75.12274908214434,0.9936833738725899,0.21451965672489212,0.971396792022465,0.1260333509115024
1.6,-1.0855251596740498,-9.688690827908026,-9.689813163979371,18.621649619946265,-161.3596383998907,0.0011223360713463492,0.018711980163033104,-75.10905410785962,0.9936735127683018,0.21483488301054934,0.9713942483501145,0.12604472323969054
1.6008,-1.0873401368267728,-9.68231558000248,-9.683440015338805,18.57277871156292,-161.40848067209612,0.0011244353363240084,0.018740616340949146,-75.09537243017218,0.9936636408080052,0.21515043056224267,0.9713917060289433,0.12605608955674016
1.6016,-1.089157726490432,-9.675943199412933,-9.677069731596347,18.523889650090613,-161.45734107079272,0.0011265321834154573,0.018769279116668258,-75.08170403830724,0.9936537579729526,0.21546629939128836,0.971389164983785,0.12606745019866308
1.6024,-1.0909779317917092,-9.66957368703092,-9.670702313640033,18.474982434917077,-161.50621959661788,0.0011286266091127513,0.01879796846503723,-75.06804892131973,0.993643864244189,0.21578248950793533,0.9713866251388551,0.12607880550423736
1.6032000000000002,-1.0928007558598298,-9.663207043753076,-9.664337762363031,18.426057065458192,-161.55511625018082,0.0011307186099561567,0.01882668436098811,-75.05440706812057,0.9936339596025495,0.21609900092136192,0.9713840864177515,0.1260901558150055
1.604,-1.0946262018265687,-9.656843270481085,-9.657976078663655,18.377113541157986,-161.60403103206258,0.0011328081825707913,0.018855426779424533,-75.04077846747221,0.9936240440286566,0.21641583363967287,0.9713815487434454,0.1261015014753165
1.6048,-1.0964542728262323,-9.65048236812169,-9.651617263445333,18.32815186148867,-161.65296394281603,0.0011348953236454107,0.01888419569530697,-75.02716310798482,0.9936141175029239,0.21673298766989724,0.9713790120383045,0.12611284283222035
1.6056,-1.0982849719956558,-9.644124337586657,-9.645261317616617,18.279172025950697,-161.70191498296572,0.0011369800299594077,0.018912991083595898,-75.01356097808882,0.9936041800055553,0.21705046301798475,0.9713764762240915,0.12612418023547536
1.6064,-1.1001183024742072,-9.637769179792803,-9.63890824209114,18.230174034072856,-161.75088415300797,0.0011390622983365284,0.018941812919166523,-74.9999720661176,0.9935942315165422,0.21736825968880316,0.9713739412219609,0.1261355140375641
1.6072000000000002,-1.101954267403764,-9.631416895661955,-9.632558037787641,18.181157885412276,-161.79987145341062,0.0011411421256872984,0.018970661177093007,-74.98639636021844,0.9935842720156678,0.21768637768613508,0.9713714069524797,0.12614684459359765
1.608,-1.1037928699287276,-9.625067486120933,-9.626210705629934,18.1321235795545,-161.84887688461313,0.00114321950899938,0.018999535832364245,-74.97283384838343,0.9935743014825027,0.21800481701267543,0.9713688733356161,0.12615817226136986
1.6088,-1.1056341131960092,-9.618720952101562,-9.619866246546879,18.083071116113498,-161.89790044702653,0.0011452944453182886,0.019028436859969133,-74.9592845184915,0.9935643198964074,0.21832357767002883,0.9713663402907536,0.1261694974012906
1.6096,-1.1074780003550182,-9.61237729454064,-9.613524661472413,18.034000494731764,-161.9469421410333,0.0011473669317743902,0.01905736423492499,-74.94574835824767,0.9935543272365321,0.21864265965870572,0.9713638077366957,0.12618082037636863
1.6104,-1.1093245345576717,-9.606036514379927,-9.607185951345498,17.984911715080283,-161.99600196698734,0.0011494369655713297,0.01908631793239124,-74.93222535520756,0.9935443234818158,0.2189620629781207,0.9713612755916663,0.12619214155220662
1.6112000000000002,-1.1111737189583777,-9.599698612566161,-9.600850117110129,17.935804776858713,-162.04507992521394,0.0011515045439667488,0.019115297927356778,-74.91871549680572,0.9935343086109859,0.21928178762658845,0.9713587437733149,0.1262034612969793
1.612,-1.113025556714034,-9.593363590051009,-9.59451715971532,17.886679679795336,-162.0941760160097,0.0011535696643089237,0.019144304194981032,-74.90521877031537,0.9935242826025593,0.2196018336013217,0.9713562121987243,0.12621477998139935
1.6128,-1.1148800509840247,-9.58703144779107,-9.588187080115095,17.837536423647094,-162.14329023964254,0.001155632324023268,0.019173336710366584,-74.89173516285851,0.9935142454348413,0.2199222008984278,0.9713536807844116,0.12622609797871176
1.6136,-1.1167372049302127,-9.580702186747867,-9.581859879268453,17.78837500819969,-162.19242259635152,0.0011576925205853325,0.019202395448786547,-74.87826466143274,0.9935041970859264,0.2202428895129066,0.9713511494463367,0.12623741566465835
1.6144,-1.1185970217169316,-9.574375807887831,-9.575535558139398,17.739195433267614,-162.24157308634702,0.0011597502515670898,0.019231480385371924,-74.86480725287736,0.9934941375336974,0.2205638994386465,0.9713486180999038,0.12624873341746776
1.6152000000000002,-1.1204595045109873,-9.568052312182289,-9.569214117696891,17.68999769869421,-162.2907417098104,0.0011618055146002918,0.01926059149539583,-74.85136292390149,0.9934840667558256,0.2208852306684224,0.971346086659966,0.1262600516178371
1.616,-1.1223246564816487,-9.561731700607458,-9.562895558914848,17.64078180435171,-162.33992846689418,0.0011638583073918984,0.019289728754102953,-74.83793166106666,0.9934739847297708,0.22120688319389234,0.9713435550408305,0.12627137064890875
1.6168,-1.1241924808006414,-9.555413974144422,-9.556579882772144,17.591547750141277,-162.38913335772182,0.001165908627722149,0.019318892136908516,-74.82451345079622,0.9934638914327808,0.22152885700559474,0.9713410231562618,0.1262826908962544
1.6176,-1.126062980642148,-9.549099133779123,-9.550267090252571,17.542295535993034,-162.43835638238792,0.0011679564734503464,0.01934808161905721,-74.81110827937114,0.993453786841892,0.22185115209294598,0.9713384909194882,0.12629401274784835
1.6184,-1.1279361591827928,-9.542787180502351,-9.54395718234486,17.49302516186616,-162.48759754095784,0.0011700018425071445,0.01937729717599268,-74.79771613292633,0.9934436709339289,0.2221737684442367,0.9713359582432056,0.1263053365940486
1.6192000000000002,-1.1298120196016486,-9.536478115309748,-9.537650160042638,17.44373662774893,-162.53685683346788,0.001172044732890691,0.01940653878318699,-74.78433699748463,0.9934335436855039,0.2224967060466294,0.9713334250395796,0.12631666282758858
1.62,-1.131690565080221,-9.530171939201761,-9.531346024344444,17.394429933658735,-162.58613425992516,0.0011740851426820535,0.0194358064161122,-74.77097085889854,0.9934234050730171,0.22281996488615546,0.9713308912202514,0.1263279918435507
1.6208,-1.1335717988024518,-9.523868653183662,-9.52504477625369,17.34510507964214,-162.63542982030756,0.0011761230700278657,0.019465100050297224,-74.75761770291312,0.9934132550726563,0.22314354494771238,0.9713283566963415,0.12633932403934864
1.6216,-1.1354557239547056,-9.517568258265515,-9.518746416778672,17.29576206577494,-162.68474351456373,0.0011781585131576814,0.01949441966132781,-74.74427751511027,0.9934030936603977,0.2234674462150607,0.9713258213784561,0.12635065981470106
1.6224,-1.1373423437257677,-9.511270755462176,-9.512450946932539,17.246400892162193,-162.73407534261298,0.0011801914703608335,0.019523765224818135,-74.73095028096378,0.993392920812005,0.22379166867082137,0.9713232851766902,0.1263619995716157
1.6232,-1.1392316613068443,-9.504976145793282,-9.506158367733303,17.197021558938317,-162.78342530434514,0.001182221940019218,0.019553136716524477,-74.71763598579012,0.9933827365030284,0.22411621229647238,0.9713207480006264,0.1263733437143954
1.624,-1.1411236798915483,-9.49868443028322,-9.499868680203804,17.147624066267042,-162.83279339962078,0.0011842499205841526,0.0195825341121747,-74.70433461477371,0.9933725407088065,0.22444107707234667,0.971318209759348,0.12638469264958008
1.6248,-1.1430184026758998,-9.492395609961147,-9.493581885371716,17.098208414341592,-162.88217962827088,0.0011862754105686616,0.01961195738752508,-74.69104615298745,0.9933623334044643,0.22476626297762842,0.9713156703614358,0.12639604678596056
1.6256,-1.1449158328583167,-9.486109685860946,-9.48729798426952,17.048774603384597,-162.93158399009695,0.0011882984085764042,0.019641406518445592,-74.67777058534784,0.9933521145649146,0.22509176999035063,0.9713131297149769,0.12640740653454008
1.6264,-1.146815973639611,-9.479826659021231,-9.481016977934507,16.999322633648223,-162.98100648487087,0.001190318913274675,0.019670881480891467,-74.66450789665633,0.9933418841648576,0.22541759808739253,0.9713105877275685,0.12641877230851473
1.6272,-1.1487188282229903,-9.473546530485343,-9.474738867408753,16.949852505414217,-163.03044711233497,0.001192336923409832,0.019700382250817938,-74.6512580715689,0.9933316421787783,0.22574374724447568,0.9713080443063125,0.12643014452330198
1.6280000000000001,-1.1506243998140375,-9.467269301301302,-9.468463653739109,16.900364218993893,-163.07990587220186,0.0011943524378072955,0.019729908804237084,-74.63802109461929,0.9933213885809518,0.22607021743616268,0.9713054993578385,0.12644152359643335
1.6288,-1.1525326916207221,-9.460994972521842,-9.462191337977204,16.850857774728276,-163.12938276415443,0.0011963654553638365,0.01975946111730309,-74.62479695020691,0.9933111233454364,0.2263970086358525,0.9713029527882845,0.12645290994764444
1.6296,-1.1544437068533728,-9.454723545204368,-9.455921921179417,16.801333172988073,-163.17887778784575,0.001198375975047574,0.01978903916617014,-74.6115856226127,0.9933008464460805,0.22672412081577897,0.9713004045033261,0.12646430399874178
1.6304,-1.1563574487247072,-9.448455020410949,-9.44965540440686,16.751790414173723,-163.22839094289918,0.0012003839959114752,0.01981864292710611,-74.59838709596775,0.993290557856515,0.22705155394700743,0.971297854408151,0.12647570617371862
1.6312,-1.1582739204497827,-9.442189399208313,-9.443391788725386,16.702229498715536,-163.27792222890807,0.0012023895170721432,0.019848272376407294,-74.58520135431061,0.993280257550161,0.22737930799943173,0.9712953024074946,0.12648711689859407
1.6320000000000001,-1.1601931252460274,-9.435926682667825,-9.43713107520556,16.652650427073574,-163.327471645436,0.0012043925377348854,0.019877927490426828,-74.57202838150599,0.9932699455002233,0.22770738294177187,0.9712927484056182,0.126498536601513
1.6328,-1.1621150663332207,-9.42966687186549,-9.430873264922662,16.603053199737897,-163.3770391920164,0.0012063930571725012,0.01990760824568838,-74.55886816133233,0.9932596216796927,0.22803577874157016,0.9712901923063216,0.12650996571268686
1.6336,-1.1640397469334745,-9.423409967881916,-9.424618358956652,16.553437817228456,-163.42662486815283,0.0012083910747349238,0.019937314618715618,-74.54572067742174,0.9932492860613482,0.2283644953651896,0.9712876340129586,0.12652140466432735
1.6344,-1.1659671702712564,-9.417155971802334,-9.418366358392182,16.50380428009517,-163.47622867331873,0.0012103865898472925,0.019967046586089054,-74.5325859132842,0.9932389386177523,0.22869353277781018,0.9712850734284181,0.12653285389072833
1.6352,-1.1678973395733592,-9.410904884716553,-9.41211726431857,16.454152588918078,-163.52585060695736,0.001212379602017665,0.01999680412455973,-74.519463852306,0.9932285793212545,0.22902289094342626,0.9712825104551475,0.12654431382816297
1.6360000000000001,-1.1698302580689097,-9.404656707718974,-9.40587107782979,16.40448274430722,-163.57549066848193,0.0012143701108138774,0.020026587210850266,-74.50635447775969,0.9932182081439892,0.22935256982484375,0.9712799449951436,0.1265557849149237
1.6368,-1.171765928989357,-9.398411441908564,-9.399627800024469,16.35479474690285,-163.62514885727532,0.0012163581159040403,0.02005639582182539,-74.49325777277149,0.9932078250578762,0.22968256938367693,0.9712773769499632,0.12656726759127537
1.6376,-1.173704355568464,-9.392169088388847,-9.393387432005856,16.305088597375367,-163.67482517269016,0.0012183436170102567,0.020086229934463518,-74.48017372037192,0.9931974300346217,0.23001288958034624,0.9712748062207278,0.12657876229943366
1.6384,-1.1756455410423114,-9.385929648267886,-9.38714997488183,16.255364296425377,-163.72451961404883,0.0012203266139433338,0.020116089525799907,-74.46710230344915,0.993187023045716,0.230343530374075,0.9712722327081209,0.1265902694835779
1.6392,-1.177589488649289,-9.37969312265828,-9.380915429764876,16.205621844783796,-163.77423218064328,0.001222307106596997,0.02014597457292666,-74.45404350476447,0.9931766040624345,0.23067449172288668,0.9712696563123927,0.12660178958982923
1.6400000000000001,-1.1795362016300794,-9.373459512677151,-9.374683797772065,16.155861243211863,-163.82396287173506,0.0012242850949131798,0.02017588505307799,-74.44099730699492,0.9931661730558385,0.23100577358360191,0.9712670769333736,0.1266133230661912
1.6408,-1.1814856832276672,-9.367228819446126,-9.368455080025074,16.106082492501194,-163.87371168655525,0.0012262605789495153,0.02020582094354495,-74.4279636926595,0.9931557299967734,0.23133737591183556,0.9712644944704625,0.12662487036260076
1.6416,-1.1834379366873273,-9.361001044091324,-9.362229277650133,16.056285593473806,-163.92347862430444,0.0012282335588079888,0.0202357822217607,-74.41494264417483,0.9931452748558687,0.23166929866199443,0.9712619088226399,0.12663643193087196
1.6424,-1.1853929652566184,-9.354776187743353,-9.35600639177804,16.006470546982175,-163.97326368415267,0.001230204034687001,0.020265768865158407,-74.40193414383143,0.9931348076035397,0.23200154178727392,0.9712593198884709,0.12664800822467984
1.6432,-1.187350772185374,-9.348554251537282,-9.349786423544144,15.956637353909327,-164.0230668652393,0.0012321720068620861,0.020295780851398604,-74.38893817380163,0.9931243282099858,0.23233410523965528,0.9712567275661086,0.1266595996995482
1.6440000000000001,-1.1893113607257098,-9.342335236612646,-9.343569374088318,15.906786015168823,-164.07288816667307,0.0012341374756724127,0.020325818158113407,-74.37595471615975,0.9931138366451895,0.2326669889699028,0.9712541317532889,0.12667120681287
1.6448,-1.1912747341320036,-9.336119144113422,-9.33735524455497,15.856916531704824,-164.122727587532,0.001236100441549709,0.020355880763162304,-74.36298375281754,0.9931033328789185,0.2330001929275611,0.9712515323473466,0.12668283002383737
1.6456,-1.1932408956608898,-9.329905975188025,-9.331144036093013,15.80702890449217,-164.17258512686342,0.0012380609049893372,0.020385968644404784,-74.35002526562288,0.9930928168807254,0.23333371706095213,0.9712489292452166,0.12669446979343613
1.6464,-1.1952098485712706,-9.323695730989277,-9.324935749855852,15.757123134536366,-164.22246078368377,0.0012400188665734335,0.020416081779870865,-74.33707923627372,0.9930822886199451,0.23366756131717276,0.9712463223434267,0.12670612658447625
1.6472,-1.1971815961242933,-9.317488412674427,-9.318730387001397,15.707199222873717,-164.27235455697866,0.0012419743269670525,0.020446220147618988,-74.32414564635994,0.9930717480656963,0.2340017256420908,0.9712437115381093,0.12671780086154213
1.6480000000000001,-1.1991561415833467,-9.311284021405111,-9.312527948692006,15.657257170571263,-164.3222664457028,0.0012439272868950252,0.020476383725934966,-74.31122447737012,0.9930611951868829,0.23433620998034382,0.9712410967250092,0.126729493090956
1.6488,-1.201133488214069,-9.305082558347344,-9.306328436094521,15.607296978726941,-164.37219644877993,0.0012458777471785994,0.020506572493133035,-74.29831571065768,0.9930506299521897,0.23467101427533493,0.9712384777994721,0.12674120374083048
1.6496,-1.203113639284317,-9.298884024671516,-9.300131850380225,15.557318648469533,-164.42214456510285,0.0012478257087084404,0.020536786427612697,-74.28541932747102,0.9930400523300883,0.23500613846923102,0.9712358546564688,0.1267529332809595
1.6503999999999999,-1.2050965980641888,-9.292688421552374,-9.293938192724836,15.50732218095877,-164.4721107935332,0.0012497711724600603,0.020567025508029246,-74.27253530894131,0.9930294622888303,0.23534158250295895,0.9712332271905756,0.12676468218290565
1.6512,-1.207082367826002,-9.286495750169015,-9.28774746430849,15.457307577385352,-164.52209513290168,0.0012517141394726044,0.020597289712952715,-74.25966363610483,0.9930188597964513,0.23567734631620357,0.9712305952959924,0.12677645091992085
1.6520000000000001,-1.2090709518442848,-9.280306011704868,-9.281559666315749,15.407274838971038,-164.57209758200767,0.0012536546108797043,0.020627579021294196,-74.24680428986663,0.9930082448207709,0.23601342984740453,0.9712279588665449,0.1267882399669359
1.6528,-1.2110623533957772,-9.27411920734768,-9.275374799935568,15.357223966968647,-164.6221181396195,0.0012555925878882687,0.02065789341185109,-74.23395725102793,0.9929976173293908,0.23634983303375323,0.9712253177956841,0.12680004980056162
1.6536,-1.2130565757594285,-9.267935338289501,-9.269192866361283,15.307154962662096,-164.67215680447416,0.001257528071782336,0.020688232863733447,-74.22112250027004,0.9929869772896953,0.23668655581119086,0.9712226719764878,0.12681188089908382
1.6543999999999999,-1.2150536222163841,-9.261754405726698,-9.263013866790615,15.257067827366495,-164.72221357527735,0.0012594610639172932,0.02071859735616499,-74.20830001818273,0.9929763246688506,0.23702359811440424,0.9712200213016664,0.12682373374243663
1.6552,-1.2170534960499848,-9.25557641085989,-9.256837802425636,15.206962562428123,-164.7722884507036,0.0012613915657449409,0.02074898686828419,-74.19548978522852,0.9929656594338063,0.23736095987682496,0.9712173656635688,0.12683560881217612
1.6560000000000001,-1.2190562005457521,-9.249401354893992,-9.250664674472782,15.15683916922457,-164.82238142939582,0.0012633195787903554,0.020779401379598994,-74.1826917817568,0.9929549815512941,0.23769864103062424,0.9712147049541816,0.12684750659148347
1.6568,-1.2210617389913967,-9.243229239038168,-9.244494484142816,15.106697649164726,-164.87249250996564,0.001265245104646103,0.020809840869645768,-74.1699059880275,0.9929442909878273,0.23803664150671197,0.9712120390651316,0.1268594275651555
1.6576,-1.2230701146767984,-9.23706006450583,-9.238327232650827,15.05653800368879,-164.92262169099308,0.001267168144997307,0.020840305318131414,-74.15713238418012,0.9929335877097016,0.23837496123473317,0.9712093678876939,0.12687137221956743
1.6583999999999999,-1.2250813308940154,-9.230893832514614,-9.23216292121621,15.0063602342684,-164.9727689710268,0.0012690887015946533,0.020870794704819673,-74.14437095025602,0.9929228716829939,0.23871360014306559,0.9712066913127854,0.12688334104270038
1.6592,-1.2270953909372575,-9.224730544286384,-9.226001551062675,14.956164342406588,-165.02293434858376,0.0012710067762910268,0.02090130900964482,-74.13162166617073,0.9929121428735639,0.23905255815881615,0.9712040092309828,0.12689533452406385
1.6600000000000001,-1.2291122981029046,-9.218570201047207,-9.219843123418206,14.905950329637918,-165.0731178221493,0.001272922370999089,0.020931848212796922,-74.11888451174329,0.9929014012470514,0.23939183520781915,0.9712013215325085,0.12690735315475782
1.6608,-1.2311320556894758,-9.212412804027357,-9.213687639515072,14.855718197528486,-165.12331939017713,0.0012748354877144166,0.020962412294380783,-74.10615946669179,0.9928906467688794,0.23973143121463242,0.9711986281072484,0.12691939742739156
1.6616,-1.233154666997651,-9.206258354461278,-9.207535100589793,14.805467947675952,-165.17353905108922,0.001276746128513575,0.020993001234813846,-74.09344651062798,0.9928798794042498,0.24007134610253564,0.9711959288447413,0.126931467836134
1.6623999999999999,-1.235180135330237,-9.20010685358758,-9.201385507883144,14.755199581709586,-165.2237768032758,0.0012786542955637585,0.02102361501462724,-74.08074562304385,0.9928690991181484,0.2404115797935271,0.9711932236341974,0.12694356487662772
1.6632,-1.2372084639921819,-9.193958302649039,-9.195238862640133,14.70491310129033,-165.27403264509522,0.001280559991095794,0.02105425361446578,-74.06805678334351,0.9928583058753397,0.24075213220832054,0.9711905123644858,0.1269556890460474
1.6640000000000001,-1.2392396562905605,-9.187812702892572,-9.18909516611,14.654608508110888,-165.32430657487404,0.001282463217429209,0.021084917015059546,-74.05537997082135,0.9928474996403703,0.24109300326634295,0.971187794924148,0.12696784084303986
1.6648,-1.2412737155345661,-9.181670055569231,-9.182954419546194,14.6042858038957,-165.3745985909068,0.0012843639769625898,0.021115605197508103,-74.04271516466225,0.9928366803775672,0.24143419288573126,0.9711850712013964,0.12698002076772752
1.6656,-1.2433106450355127,-9.17553036193418,-9.17681662420636,14.553944990400987,-165.4249086914562,0.0012862622721793674,0.021146318142797327,-74.03006234394944,0.9928258480510381,0.2417757009833303,0.9711823410841174,0.12699222932169862
1.6663999999999999,-1.2453504481068254,-9.16939362324669,-9.170681781352322,14.503586069414856,-165.47523687475294,0.0012881581056323897,0.02117705583219731,-74.01742148768179,0.9928150026246704,0.24211752747468973,0.9711796044598741,0.12700446700799234
1.6672,-1.2473931280640242,-9.163259840770127,-9.164549892250095,14.453209042757264,-165.52558313899556,0.001290051479967062,0.0212078182471771,-74.00479257472205,0.9928041440621334,0.24245967227406087,0.9711768612159143,0.12701673433106406
1.6680000000000001,-1.2494386882247401,-9.15712901577194,-9.158420958169838,14.40281391228017,-165.57594748235059,0.0012919423978982052,0.021238605369234165,-73.99217558386536,0.9927932723268746,0.24280213529439448,0.9711741112391616,0.12702903179682565
1.6688,-1.2514871319086822,-9.151001149523639,-9.152294980385872,14.3524006798675,-165.62632990295236,0.0012938308622331997,0.021269417180121764,-73.97957049377402,0.9927823873821235,0.2431449164473377,0.9711713544162337,0.12704135991256366
1.6696,-1.2535384624376578,-9.144876243300791,-9.146171960176643,14.3019693474352,-165.67673039890306,0.0012957168758526972,0.02130025366173527,-73.9669772830353,0.9927714891908878,0.2434880156432316,0.971168590633429,0.1270537191869979
1.6703999999999999,-1.2555926831355435,-9.138754298383011,-9.140051898824728,14.251519916931287,-165.7271489682726,0.001297600441716409,0.02133111479611216,-73.9543959301162,0.992760577715956,0.24383143279110814,0.9711658197767441,0.12706611013020455
1.6712,-1.2576497973282954,-9.13263531605393,-9.133934797616806,14.201052390335915,-165.77758560909857,0.001299481562876603,0.021362000565517292,-73.94182641340278,0.9927496529198965,0.24417516779868784,0.9711630417318671,0.12707853325364654
1.6720000000000002,-1.2597098083439375,-9.12651929760121,-9.127820657843657,14.150566769661403,-165.82804031938636,0.0013013602424472505,0.021392910952243938,-73.9292687111714,0.9927387147650556,0.2445192205723764,0.9711602563841808,0.12709098907015767
1.6728,-1.2617727195125497,-9.120406244316502,-9.121709480800147,14.100063056952298,-165.87851309710882,0.001303236483644521,0.02142384593886959,-73.91672280159527,0.9927277632135607,0.24486359101726268,0.9711574636187723,0.1271034780939015
1.6736,-1.2638385341662726,-9.11429615749546,-9.115601267785214,14.049541254285371,-165.92900394020648,0.0013051102897540003,0.02145480550814227,-73.90418866275462,0.9927167982273175,0.24520827903711534,0.9711546633204271,0.12711600084039665
1.6743999999999999,-1.2659072556392859,-9.108189038437706,-9.109496020101847,13.999001363769707,-165.97951284658734,0.0013069816641422607,0.021485789642952113,-73.89166627263019,0.992705819768012,0.24555328453438097,0.9711518553736426,0.12712855782645693
1.6752,-1.267978887267829,-9.102084888446825,-9.103393739057093,13.948443387546723,-166.03003981412695,0.0013088506102684313,0.021516798326331354,-73.87915560910352,0.9926948277971068,0.2458986074101805,0.9711490396626131,0.1271411495702578
1.6760000000000002,-1.2700534323901589,-9.095983708830365,-9.097294425962021,13.897867327790259,-166.08058484066817,0.0013107171316572002,0.02154783154156803,-73.8666566499653,0.9926838222758458,0.2462442475643068,0.9711462160712544,0.1271537765912282
1.6768,-1.2721308943465715,-9.089885500899804,-9.091198082131735,13.847273186706577,-166.13114792402138,0.0013125812319296688,0.02157888927203544,-73.85416937289556,0.9926728031652509,0.24659020489522188,0.97114338448319,0.12716643941010985
1.6776,-1.2742112764793891,-9.083790265970546,-9.085104708885325,13.796660966534402,-166.1817290619642,0.001314442914778283,0.0216099715013911,-73.8416937554967,0.9926617704261214,0.24693647930005475,0.9711405447817584,0.12717913854892723
1.6784,-1.2762945821329474,-9.077698005361912,-9.079014307545892,13.746030669544982,-166.23232825224164,0.0013163021839803306,0.021641078213377796,-73.82922977525848,0.9926507240190361,0.24728307067459812,0.971137696850019,0.12719187453095818
1.6792,-1.27838081465359,-9.071608720397112,-9.072926879440512,13.695382298042126,-166.2829454925659,0.001318159043399872,0.0216722093919941,-73.81677740958443,0.9926396639043529,0.2476299789133059,0.971134840570754,0.12720464788072927
1.6800000000000002,-1.2804699773896733,-9.065522412403256,-9.066842425900239,13.64471585436229,-166.33358078061636,0.001320013496981952,0.021703365021352283,-73.80433663577386,0.992628590042206,0.24797720390929018,0.971131975826464,0.12721745912403234
1.6808,-1.2825620736915466,-9.059439082711323,-9.060760948260066,13.594031340874565,-166.3842341140396,0.0013218655487429601,0.021734545085848822,-73.79190743105292,0.9926175023925092,0.24832474555431933,0.9711291024993797,0.12723030878787384
1.6816,-1.2846571069115476,-9.053358732656147,-9.054682447858951,13.543328759980724,-166.43490549044935,0.001323715202803412,0.02176574956990862,-73.77948977251818,0.9926064009149542,0.2486726037388144,0.971126220471463,0.1272431974004686
1.6824,-1.2867550804040138,-9.047281363576413,-9.048606926039751,13.492608114115294,-166.48559490742628,0.0013255624633378112,0.021796978458439753,-73.76708363720816,0.9925952855690088,0.2490207783518475,0.9711233296243987,0.12725612549127943
1.6832,-1.2888559975252432,-9.041206976814642,-9.042534384149276,13.44186940574557,-166.53630236251823,0.001327407334632502,0.02182823173620818,-73.75468900203845,0.9925841563139214,0.2493692692811379,0.971120429839617,0.12726909359091454
1.6840000000000002,-1.2909598616335203,-9.035135573717177,-9.036464823538209,13.391112637371714,-166.58702785323993,0.0013292498210316721,0.021859509388349352,-73.74230584385913,0.9925730131087156,0.2497180764130503,0.971117520998276,0.12728210223120592
1.6848,-1.293066676089091,-9.029067155634165,-9.030398245561148,13.340337811526746,-166.63777137707297,0.001331089926981708,0.021890811400282928,-73.72993413939889,0.9925618559121931,0.25006719963259166,0.9711146029812752,0.12729515194515006
1.6856,-1.29517644425416,-9.023001723919554,-9.024334651576552,13.289544930776591,-166.68853293146594,0.0013329276569984108,0.021922137757456994,-73.71757386531515,0.9925506846829337,0.2504166388234089,0.971111675669258,0.12730824326689583
1.6864,-1.297289169492889,-9.016939279931066,-9.018274042946748,13.23873399772013,-166.7393125138343,0.001334763015684352,0.02195348844557543,-73.70522499817136,0.9925394993792938,0.2507663938677863,0.9711087389426096,0.12732137673175564
1.6872,-1.2994048551713835,-9.010879825030196,-9.012216421037923,13.18790501498925,-166.7901101215602,0.0013365960077288735,0.021984863450569492,-73.6928875144248,0.9925282999594066,0.25111646464664217,0.9711057926814614,0.12733455287618364
1.6880000000000002,-1.3015235046576907,-9.004823360582192,-9.006161787220092,13.137057985248893,-166.84092575199256,0.0013384266379023024,0.02201626275854096,-73.68056139045157,0.9925170863811834,0.25146685103952704,0.9711028367656966,0.1273477722377509
1.6888,-1.3036451213217903,-8.998769887956053,-9.000110142867108,13.08619291119711,-166.89175940244698,0.001340254911054022,0.02204768635590426,-73.66824660254503,0.9925058586023112,0.25181755292462027,0.9710998710749466,0.12736103535516494
1.6896,-1.305769708535591,-8.9927194085245,-8.99406148935662,13.035309795565041,-166.9426110702058,0.0013420808321201868,0.02207913422915908,-73.65594312689288,0.9924946165802546,0.2521685701787281,0.9710968954885991,0.12737434276822798
1.6904,-1.307897269672921,-8.986671923663968,-8.988015828070091,12.984408641117025,-166.99348075251788,0.0013439044061237197,0.022110606365089325,-73.64365093959883,0.9924833602722546,0.25251990267728075,0.9710939098857971,0.12738769501784702
1.6912,-1.3100278081095198,-8.980627434754597,-8.981973160392764,12.9334894506506,-167.04436844659875,0.0013457256381666013,0.02214210275064943,-73.63137001668194,0.9924720896353293,0.2528715502943297,0.9710909141454456,0.12740109264600066
1.6920000000000002,-1.3121613272230408,-8.974585943180223,-8.975933487713654,12.88255222699659,-167.09527414963037,0.0013475445334317966,0.022173623373049622,-73.61910033406542,0.992460804626272,0.2532235129025451,0.9710879081462047,0.12741453619576987
1.6928,-1.314297830393033,-8.968547450328348,-8.969896811425539,12.83159697301913,-167.1461978587612,0.0013493610971909683,0.022205168219670668,-73.60684186758695,0.9924495052016532,0.253575790373213,0.9710848917665025,0.12742802621128307
1.6936,-1.3164373210009392,-8.962511957590143,-8.963863132924942,12.78062369161566,-167.19713957110613,0.0013511753347986927,0.022236737278205965,-73.59459459299072,0.9924381913178203,0.2539283825762334,0.9710818648845345,0.1274415632377156
1.6944,-1.3185798024300934,-8.95647946636043,-8.957832453612122,12.729632385717037,-167.2480992837465,0.001352987251692459,0.0222683305364626,-73.58235848593635,0.9924268629308953,0.2542812893801166,0.9710788273782599,0.12745514782130923
1.6952,-1.3207252780657066,-8.950449978037655,-8.951804774891047,12.678623058287524,-167.29907699372995,0.0013547968533907401,0.022299947982531876,-73.57013352199714,0.9924155199967779,0.2546345106519821,0.9710757791254143,0.12746878050931307
1.6960000000000002,-1.322873751294868,-8.944423494023907,-8.94578009816941,12.627595712324892,-167.35007269807036,0.001356604145502636,0.02233158960473247,-73.5579196766585,0.992404162471142,0.2549880462575541,0.9710727200035,0.1274824618500289
1.6968,-1.3250252255065251,-8.93840001572487,-8.939758424858583,12.57655035086042,-167.40108639374796,0.0013584091337143739,0.022363255391610437,-73.54571692531339,0.9923927903094395,0.2553418960611604,0.971069649889803,0.12749619239273335
1.6976,-1.3271797040914957,-8.932379544549827,-8.933739756373631,12.525486976958923,-167.45211807770914,0.0013602118238028066,0.022394945331939198,-73.5335252432703,0.992381403466896,0.2556960599257293,0.9710665686613797,0.12750997268773984
1.6984,-1.3293371904424458,-8.92636208191165,-8.927724094133273,12.474405593718826,-167.5031677468665,0.001362012221623844,0.02242665941469113,-73.52134460575638,0.9923700018985137,0.25605053771278685,0.9710634761950703,0.1275238032863368
1.6992,-1.3314976879538873,-8.92034762922677,-8.921711439559887,12.423306204272178,-167.5542353980987,0.0013638103331182353,0.022458397629122828,-73.5091749879092,0.992358585559071,0.25640532928245496,0.9710603723674994,0.12753768474078472
1.7000000000000002,-1.3336612000221748,-8.914336187915186,-8.915701794079498,12.372188811784744,-167.60532102825056,0.001365606164309643,0.022490159964689838,-73.49701636477518,0.9923471544031206,0.25676043449344765,0.9710572570550727,0.12755161760433348
1.7008,-1.3358277300454984,-8.908327759400432,-8.909695159121746,12.321053419456012,-167.65642463413283,0.0013673997213123552,0.022521946411160343,-73.48486871132705,0.9923357083849907,0.25711585320306984,0.971054130133983,0.12756560243119328
1.7016,-1.337997281423865,-8.902322345109576,-8.9036915361199,12.269900030519205,-167.70754621252235,0.001369191010323572,0.022553756958444637,-73.47273200243555,0.9923242474587861,0.2574715852672137,0.9710509914802172,0.12757963977650394
1.7024,-1.3401698575591072,-8.896319946473191,-8.89769092651081,12.218728648241367,-167.75868576016185,0.0013709800376195493,0.022585591596794075,-73.4606062129025,0.992312771578386,0.2578276305403572,0.971047840969552,0.12759373019635517
1.7032,-1.3423454618548711,-8.89032056492537,-8.89169333173493,12.167539275923396,-167.80984327375998,0.001372766809559455,0.02261745031663054,-73.44849131744132,0.9923012806974443,0.25818398887556,0.9710446784775549,0.12760787424778047
1.7040000000000002,-1.3445240977166042,-8.884324201903679,-8.885698753236282,12.11633191690007,-167.8610187499913,0.0013745513326046525,0.02264933310863171,-73.43638729066778,0.9922897747693902,0.2585406601244624,0.9710415038795929,0.12762207248872065
1.7048,-1.3467057685515522,-8.878330858849168,-8.879707192462446,12.065106574540142,-167.91221218549612,0.001376333613276277,0.02268123996373106,-73.42429410713991,0.9922782537474287,0.2588976441372822,0.9710383170508324,0.12763632547802123
1.7056,-1.3488904777687527,-8.872340537206348,-8.873718650864554,12.013863252246285,-167.96342357688053,0.0013781136582053722,0.022713170873174704,-73.4122117413024,0.9922667175845392,0.25925494076281214,0.9710351178662394,0.1276506337754353
1.7064,-1.3510782287790324,-8.866353238423176,-8.867733129897262,11.962601953455188,-168.0146529207164,0.0013798914740846824,0.02274512582840771,-73.4001401675368,0.9922551662334751,0.2596125498484176,0.9710319062005808,0.1276649979416148
1.7072,-1.3532690249949861,-8.860368963951043,-8.861750631018753,11.91132268163762,-168.06590021354123,0.0013816670677091467,0.022777104821159355,-73.38807936013795,0.992243599646766,0.2599704712400338,0.9710286819284335,0.1276794185380707
1.7080000000000002,-1.3554628698309836,-8.854387715244762,-8.855771155690709,11.860025440298433,-168.11716545185823,0.0013834404459469743,0.022809107843329457,-73.37602929331767,0.9922320177767159,0.2603287047821637,0.9710254449241806,0.1276938961271912
1.7088,-1.3576597667031591,-8.84840949376256,-8.849794705378324,11.808710232976638,-168.16844863213612,0.001385211615764713,0.022841134887244152,-73.36398994119479,0.9922204205754022,0.26068725031787454,0.9710221950620104,0.12770843127224565
1.7096,-1.3598597190293997,-8.842434300966048,-8.84382128155025,11.75737706324539,-168.21974975080929,0.0013869805842021796,0.022873185945314845,-73.35196127782028,0.9922088079946781,0.2610461076887969,0.971018932215929,0.12772302453732653
1.7104,-1.36206273022934,-8.836462138320222,-8.837850885678613,11.706025934712077,-168.27106880427758,0.0013887473583898172,0.02290526101035084,-73.33994327715895,0.9921971799861714,0.2614052767351208,0.9710156562597553,0.12773767648737594
1.7112,-1.3642688037243618,-8.830493007293445,-8.831883519238987,11.654656851018327,-168.3224057889063,0.0013905119455429073,0.022937360075360402,-73.32793591309245,0.9921855365012835,0.26176475729559445,0.9710123670671229,0.12775238768817224
1.7120000000000002,-1.3664779429375717,-8.824526909357434,-8.82591918371039,11.603269815840095,-168.37376070102624,0.001392274352955787,0.022969483133664426,-73.31593915942554,0.9921738774911909,0.26212454920752015,0.971009064511486,0.12776715870630767
1.7128,-1.3686901512938079,-8.818563845987246,-8.819957880575267,11.551864832887668,-168.42513353693354,0.0013940345880211304,0.02300163017878276,-73.30395298986747,0.9921622029068448,0.26248465230675333,0.971005748466121,0.12778199010918032
1.7136,-1.370905432219633,-8.812603818661259,-8.813999611319463,11.500441905905705,-168.4765242928897,0.0013957926582048824,0.02303380120457632,-73.29197737807053,0.9921505126989693,0.26284506642769967,0.9710024188041223,0.12779688246501075
1.7144,-1.3731237891433181,-8.806646828861165,-8.808044377432235,11.449001038673263,-168.5279329651215,0.001397548571071325,0.023065996205247075,-73.28001229758027,0.9921388068180631,0.26320579140331213,0.970999075398411,0.12781183634280655
1.7152,-1.375345225494833,-8.800692878071954,-8.802092180406213,11.397542235003872,-168.57935954982108,0.0013993023342580093,0.023098215175053838,-73.26805772188715,0.9921270852144011,0.2635668270650892,0.9709957181217422,0.12782685231232757
1.7160000000000002,-1.3775697447058552,-8.794741967781905,-8.7961430217374,11.346065498745578,-168.63080404314564,0.0014010539554969686,0.023130458108767016,-73.2561136243827,0.9921153478380299,0.26392817324307205,0.9709923468466921,0.12784193094414473
1.7168,-1.3797973502097491,-8.788794099482562,-8.790196902925162,11.29457083378096,-168.68226644121768,0.0014028034425992892,0.023162725001355966,-73.24417997838496,0.9921035946387708,0.264289829765842,0.9709889614456707,0.12785707280958233
1.7176,-1.3820280454415559,-8.782849274668736,-8.784253825472197,11.243058244027154,-168.73374674012484,0.0014045508034608973,0.023195015847988998,-73.23225675715015,0.9920918255662206,0.2646517964605183,0.9709855617909265,0.12787227848069802
1.7184,-1.384261833838003,-8.776907494838465,-8.778313790884543,11.19152773343592,-168.7852449359198,0.0014062960460760566,0.023227330644289168,-73.22034393381986,0.992080040569748,0.26501407315275594,0.9709821477545373,0.12788754853032433
1.7192,-1.386498718837477,-8.77096876149303,-8.77237680067154,11.139979305993663,-168.8367610246203,0.0014080391785084429,0.023259669386050064,-73.20844148149247,0.9920682395984973,0.26537665966674284,0.9709787192084236,0.127902883532007
1.7200000000000002,-1.3887387038800303,-8.76503307613692,-8.766442856345845,11.088412965721504,-168.8882950022092,0.0014097802089258551,0.023292032069292645,-73.19654937315705,0.9920564226013863,0.2657395558251977,0.9709752760243443,0.1279182840600266
1.7208,-1.390981792407365,-8.759100440277834,-8.760511959423397,11.036828716675316,-168.93984686463412,0.0014115191455616467,0.023324418690549464,-73.18466758175279,0.9920445895271062,0.2661027614493669,0.9709718180739,0.12793375068938254
1.7216,-1.3932279878628293,-8.75317085542665,-8.754584111423409,10.985226562945693,-168.9914166078078,0.0014132559967590793,0.023356829246523603,-73.1727960801173,0.9920327403241233,0.2664662763590232,0.9709683452285381,0.12794928399577019
1.7224,-1.3954772936914142,-8.747244323097425,-8.748659313868346,10.933606508658062,-169.0430042276078,0.0014149907709231125,0.023389263734117094,-73.16093484102475,0.9920208749406763,0.2668301003724631,0.970964857359549,0.1279648845555998
1.7232,-1.3977297133397315,-8.74132084480737,-8.742737568283928,10.88196855797271,-169.09460971987656,0.001416723476558972,0.023421722150743562,-73.14908383717456,0.9920089933247795,0.26719423330650377,0.9709613543380775,0.1279805529459421
1.7240000000000002,-1.3999852502560244,-8.735400422076859,-8.73681887619912,10.830312715084803,-169.1462330804213,0.001418454122260579,0.023454204493901898,-73.13724304116839,0.9919970954242197,0.26755867497648067,0.9709578360351118,0.12799628974458194
1.7248,-1.4022439078901474,-8.729483056429379,-8.730903239146073,10.77863898422446,-169.19787430501395,0.0014201827166970512,0.02348671076157416,-73.12541242556021,0.991985181186558,0.26792342519624657,0.9709543023214984,0.12801209552994794
1.7256,-1.4045056896935626,-8.723568749391541,-8.72499065866018,10.72694736965673,-169.24953338939127,0.0014219092686396995,0.0235192409519982,-73.11359196279763,0.9919732505591295,0.2682884837781676,0.9709507530679369,0.12802797088113832
1.7264,-1.4067705991193344,-8.717657502493068,-8.719081136279993,10.675237875681676,-169.3012103292547,0.001423633786923463,0.023551795063610825,-73.1017816252752,0.9919613034890428,0.26865385053312174,0.9709471881449824,0.12804391637790924
1.7272,-1.4090386396221146,-8.711749317266769,-8.713174673547263,10.623510506634394,-169.35290512027026,0.0014253562804951144,0.023584373095332012,-73.0899813852973,0.991949339923181,0.26901952527049633,0.9709436074230533,0.12805993260063997
1.728,-1.4113098146581433,-8.705844195248522,-8.707271272006894,10.571765266885114,-169.4046177580686,0.0014270767583727671,0.023616975046280686,-73.07819121510224,0.9919373598082002,0.2693855077981854,0.9709400107724243,0.12807602013036493
1.7288000000000001,-1.4135841276852363,-8.699942137977281,-8.701370933206944,10.520002160839104,-169.45634823824497,0.0014287952296613013,0.023649600915916835,-73.06641108684134,0.9919253630905307,0.26975179792258785,0.9709363980632357,0.12809217954873148
1.7296,-1.4158615821627738,-8.694043146995039,-8.6954736586986,10.468221192936852,-169.50809655635908,0.0014305117035620055,0.02368225070406993,-73.0546409725968,0.9919133497163771,0.27011839544860483,0.9709327691654943,0.1281084114379966
1.7304,-1.4181421815517028,-8.688147223846832,-8.689579450036177,10.416422367654018,-169.5598627079352,0.0014322261893455791,0.02371492441079681,-73.0428808443842,0.9919013196317172,0.2704853001796374,0.9709291239490717,0.1281247163810339
1.7312,-1.420425929314525,-8.682254370080699,-8.683688308777093,10.36460568950146,-169.611646688462,0.0014339386963926285,0.023747622036523808,-73.03113067412365,0.9918892727823023,0.27085251191758464,0.9709254622837082,0.12814109496131698
1.732,-1.4227128289152762,-8.676364587247708,-8.677800236481858,10.312771163025365,-169.66344849339256,0.0014356492341531715,0.023780343582075147,-73.01939043367645,0.9918772091136593,0.2712200304628406,0.9709217840390209,0.12815754776288363
1.7328000000000001,-1.4250028838195419,-8.6704778769019,-8.671915234714065,10.26091879280717,-169.71526811814434,0.0014373578121639917,0.023813089048502434,-73.00766009482446,0.9918651285710869,0.2715878556142928,0.9709180890844933,0.12817407537038022
1.7336,-1.4272960974944249,-8.66459424060031,-8.666033305040377,10.209048583463714,-169.76710555809913,0.001439064440065994,0.023845858437141487,-72.99593962927622,0.9918530310996596,0.27195598716931907,0.9709143772894908,0.12819067836899564
1.7344,-1.4295924734085625,-8.65871367990293,-8.660154449030491,10.157160539647156,-169.818960808603,0.0014407691275617825,0.02387865174983972,-72.98422900866558,0.9918409166442239,0.2723244249237863,0.97091064852325,0.12820735734450733
1.7352,-1.4318920150320964,-8.652836196372693,-8.654278668257156,10.105254666045097,-169.87083386496627,0.0014424718844638653,0.02391146898864349,-72.97252820455311,0.9918287851494015,0.2726931686720475,0.9709069026548907,0.1282241128832286
1.736,-1.4341947258366707,-8.646961791575485,-8.64840596429614,10.0533309673806,-169.92272472246344,0.0014441727206560915,0.02394431015596865,-72.96083718841447,0.991816636559589,0.27306221820693966,0.970903139553417,0.12824094557200172
1.7368000000000001,-1.4365006092954367,-8.641090467080094,-8.642536338726218,10.001389448412194,-169.9746333763333,0.001445871646122574,0.02397717525451526,-72.94915593167065,0.9918044708189548,0.27343157331978163,0.9708993590877103,0.128257855998233
1.7376,-1.4388096688830276,-8.63522222445824,-8.636669793129158,9.949430113933978,-170.0265598217786,0.0014475686709187648,0.024010064287438126,-72.93748440566411,0.9917922878714429,0.2738012338003715,0.9708955611265413,0.12827484474983608
1.7384,-1.4411219080755582,-8.629357065284513,-8.630806329089713,9.897452968775575,-170.07850405396624,0.0014492638052023086,0.02404297725817628,-72.92582258165318,0.9917800876607712,0.274171199436985,0.9708917455385677,0.12829191241524368
1.7392,-1.443437330350617,-8.623494991136392,-8.624945948195599,9.845458017802198,-170.13046606802732,0.0014509570592060464,0.024075914170481383,-72.9141704308359,0.9917678701304318,0.2745414700163729,0.970887912192338,0.12830905958339062
1.74,-1.4457559391872574,-8.617636003594223,-8.619088652037481,9.793445265914745,-170.1824458590567,0.0014526484432572974,0.02410887502853143,-72.90252792432864,0.9917556352236905,0.27491204532375846,0.9708840609562893,0.128326286843724
1.7408000000000001,-1.4480777380659904,-8.611780104241197,-8.613234442208968,9.741414718049723,-170.23444342211351,0.0014543379677701466,0.024141859836760204,-72.89089503318078,0.9917433828835878,0.27528292514283603,0.9708801916987544,0.12834359478617052
1.7416,-1.4504027304687692,-8.605927294663346,-8.607383320306594,9.689366379179408,-170.28645875222054,0.0014560256432493022,0.024174868600056243,-72.87927172835998,0.9917311130529386,0.27565410925576783,0.9708763042879617,0.12836098400113807
1.7424,-1.4527309198789933,-8.600077576449522,-8.601535287929792,9.637300254311786,-170.33849184436468,0.0014577114802708107,0.024207901323535452,-72.86765798078545,0.9917188256743321,0.2760255974431831,0.9708723985920367,0.12837845507950893
1.7432,-1.4550623097814916,-8.594230951191378,-8.595690346680891,9.5852163484906,-170.3905426934966,0.00145939548951291,0.02424095801279691,-72.8560537612768,0.991706520690132,0.2763973894841746,0.9708684744790046,0.12839600861262793
1.744,-1.4573969036625112,-8.588387420483372,-8.589848498165114,9.533114666795461,-170.4426112945308,0.0014610776817425334,0.02427403867375233,-72.84445904059771,0.9916941980424767,0.276769485156297,0.9708645318167933,0.1284136451922896
1.7448000000000001,-1.459734705009723,-8.58254698592273,-8.584009743990535,9.480995214341771,-170.49469764234559,0.001462758067803737,0.02430714331265449,-72.83287378943405,0.9916818576732789,0.27714188423556496,0.9708605704732318,0.12843136541074546
1.7456,-1.4620757173122003,-8.576709649109457,-8.578174085768094,9.428857996280874,-170.546801731783,0.001464436658636983,0.024340271936125646,-72.82129797840236,0.9916694995242251,0.2775145864964502,0.9708565903160534,0.12844916986068897
1.7464,-1.4644199440604058,-8.570875411646288,-8.572341525111554,9.376703017799985,-170.59892355764882,0.0014661134652656442,0.024373424551185963,-72.80973157804762,0.9916571235367793,0.27788759171188043,0.970852591212907,0.1284670591352062
1.7472,-1.466767388746206,-8.56504427513871,-8.56651206363751,9.324530284122288,-170.65106311471254,0.0014677884987979283,0.02440660116516824,-72.79817455884869,0.9916447296521773,0.2782608996532362,0.9708485730313408,0.1284850338278484
1.748,-1.4691180548628415,-8.559216241194928,-8.56068570296536,9.272339800506977,-170.70322039770716,0.001469461770432666,0.024439801785860027,-72.78662689121091,0.9916323178114314,0.2786345100903497,0.9708445356388196,0.12850309453255404
1.7488000000000001,-1.4714719459049206,-8.553391311425848,-8.55486244471731,9.22013157224923,-170.75539540132942,0.0014711332914631664,0.02447302642133309,-72.77508854545954,0.9916198879553286,0.2790084227915012,0.9708404789027214,0.12852124184366553
1.7496,-1.4738290653684212,-8.54756948744507,-8.549042290518328,9.167905604680328,-170.8075881202395,0.0014728030732560045,0.02450627508017078,-72.76355949186254,0.9916074400244317,0.2793826375234191,0.9708364026903401,0.12853947635591675
1.7504,-1.4761894167506793,-8.541750770868884,-8.54322524199616,9.115661903167613,-170.85979854906128,0.0014744711272760905,0.02453954777109857,-72.75203970061287,0.9915949739590766,0.2797571540512753,0.9708323068688813,0.12855779866445116
1.7512,-1.4785530035503656,-8.535935163316221,-8.537411300781294,9.063400473114541,-170.912026682382,0.0014761374650731716,0.024572844503467195,-72.74052914183179,0.9915824896993779,0.2801319721386858,0.9708281913054805,0.12857620936474196
1.752,-1.4809198292674997,-8.530122666408685,-8.531600468506966,9.011121319960782,-170.9642725147524,0.0014778020982818315,0.024606165286826354,-72.7290277855696,0.9915699871852226,0.2805070915477058,0.9708240558671841,0.12859470905267503
1.7528000000000001,-1.4832898974034283,-8.524313281770501,-8.525792746809124,8.958824449182142,-171.0165360406866,0.0014794650386234175,0.02463951013126575,-72.71753560181774,0.9915574663562743,0.28088251203882986,0.9708199004209653,0.12861329832448076
1.7536,-1.4856632114608126,-8.518507011028515,-8.519988137326429,8.906509866290696,-171.06881725466212,0.0014811262979156849,0.024672879047187735,-72.7060525604802,0.9915449271519732,0.28125823337098893,0.9708157248337256,0.1286319777767255
1.7544,-1.4880397749436345,-8.512703855812177,-8.514186641700231,8.854177576834767,-171.1211161511199,0.0014827858880554394,0.02470627204533571,-72.69457863140849,0.9915323695115335,0.2816342553015483,0.9708115289722877,0.12865074800634316
1.7551999999999999,-1.4904195913571692,-8.506903817753539,-8.508388261574565,8.801827586398963,-171.17343272446413,0.0014844438210243225,0.024739689136907828,-72.68311378437657,0.9915197933739467,0.2820105775863052,0.9708073127034075,0.12866960961058405
1.756,-1.4928026642079955,-8.501106898487212,-8.50259299859612,8.74945990060421,-171.22576696906225,0.0014861001089080967,0.02477313033352857,-72.6716579890822,0.9915071986779798,0.28238719997948813,0.9708030758937699,0.12868856318703048
1.7568000000000001,-1.4951889970039653,-8.495313099650382,-8.496800854414245,8.697074525107835,-171.27811887924503,0.001487754763861932,0.024806595647135055,-72.66021121517133,0.9914945853621767,0.2827641222337529,0.9707988184099959,0.12870760933356812
1.7576,-1.4975785932542183,-8.489522422882782,-8.491011830680918,8.644671465603551,-171.3304884493063,0.0014894077981354782,0.024840085090147568,-72.64877343220985,0.9914819533648562,0.28314134410018194,0.9707945401186353,0.1287267486484173
1.7584,-1.4999714564691553,-8.48373486982667,-8.48522592905074,8.592250727821476,-171.3828756735032,0.0014910592240709327,0.024873598675327457,-72.63734460969867,0.9914693026241147,0.28351886532828197,0.9707902408861796,0.12874598173007515
1.7591999999999999,-1.5023675901604392,-8.477950442126826,-8.479443151180913,8.539812317528195,-171.435280546056,0.0014927090540876164,0.024907136415805553,-72.62592471706843,0.9914566330778244,0.28389668566598203,0.9707859205790556,0.1287653091773455
1.76,-1.5047669978409803,-8.47216914143053,-8.473663498731229,8.487356240526774,-171.48770306114795,0.0014943573006973995,0.02494069832528112,-72.61451372368407,0.9914439446636348,0.2842748048596315,0.9707815790636327,0.12878473158930476
1.7608000000000001,-1.5071696830249215,-8.466390969387556,-8.467886973364067,8.434882502656833,-171.54014321292553,0.001496003976512414,0.02497428441762395,-72.60311159883658,0.9914312373189732,0.2846532226539976,0.9707772162062253,0.12880424956529404
1.7616,-1.5095756492276529,-8.46061592765015,-8.46211357674436,8.382391109794556,-171.5926009954981,0.0014976490942103448,0.025007894707357536,-72.59171831175667,0.9914185109810414,0.2850319387922641,0.9707728318730844,0.12882386370495316
1.7624,-1.511984899965774,-8.454844017873013,-8.456343310539584,8.329882067852681,-171.64507640293803,0.0014992926665710676,0.025041529209289592,-72.58033383160239,0.9914057655868207,0.28541095301602903,0.9707684259304143,0.12884357460814921
1.7631999999999999,-1.514397438757097,-8.449075241713297,-8.45057617641975,8.277355382780582,-171.69756942928083,0.0015009347064515802,0.02507518793859731,-72.568958127475,0.9913930010730698,0.28579026506530303,0.970763998244368,0.1288633828749965
1.764,-1.5168132691206502,-8.443309600830576,-8.44481217605739,8.224811060564273,-171.7500800685247,0.001502575226812999,0.025108870911026315,-72.55759116838507,0.991380217376323,0.2861698746785071,0.9707595486810413,0.1288832891058812
1.7648000000000001,-1.5192323945766417,-8.437547096886846,-8.439051311127535,8.172249107226484,-171.8026083146309,0.0015042142406897067,0.025142578142606453,-72.54623292329993,0.9913674144328942,0.28654978159247046,0.9707550771064892,0.12890329390139083
1.7656,-1.5216548186464727,-8.4317877315465,-8.43329358330771,8.119669528826655,-171.8551541615235,0.0015058517612105628,0.025176309649850737,-72.53488336110291,0.9913545921788746,0.286929985542429,0.9707505833867176,0.1289233978623501
1.7664,-1.52408054485272,-8.426031506476317,-8.427538994277901,8.067072331460956,-171.9077176030893,0.0015074878015834765,0.025210065449726926,-72.52354245062538,0.9913417505501332,0.2873104862620236,0.970746067387688,0.12894360158979992
1.7671999999999999,-1.526509576719125,-8.420278423345444,-8.421787545720559,8.014457521262342,-171.9602986331781,0.0015091223751146916,0.025243845559572264,-72.51221016062088,0.9913288894823181,0.28769128348329764,0.970741528975322,0.1289639056849779
1.768,-1.5289419177705863,-8.41452848382538,-8.416039239320583,7.961825104400561,-172.0128972456023,0.001510755495201072,0.02527764999715032,-72.50088645977402,0.9913160089108556,0.28807237693669563,0.9707369680154994,0.12898431074932665
1.7688000000000001,-1.5313775715331563,-8.408781689589981,-8.410294076765288,7.909175087082242,-172.06551343413705,0.0015123871753069612,0.02531147878070783,-72.48957131671528,0.9913031087709494,0.28845376635106057,0.9707323843740581,0.1290048173844948
1.7696,-1.5338165415340104,-8.403038042315412,-8.404552059744413,7.856507475550879,-172.11814719252018,0.0015140174290027503,0.02534533192894628,-72.47826470000226,0.9912901889975853,0.288835451453633,0.9707277779168091,0.12902542619226962
1.7704,-1.5362588313014771,-8.397297543680155,-8.398813189950102,7.803822276086835,-172.17079851445223,0.0015156462699475219,0.025379209460936636,-72.46696657811472,0.9912772495255234,0.28921743197004823,0.9707231485095142,0.1290461377746771
1.7711999999999999,-1.5387044443649773,-8.391560195364992,-8.393077469076864,7.751119495007428,-172.22346739359637,0.0015172737118736234,0.025413111396204613,-72.45567691948978,0.9912642902893087,0.28959970762433573,0.9707184960179194,0.12906695273383337
1.772,-1.5411533842550673,-8.385825999052974,-8.387344898821583,7.698399138666917,-172.2761538235783,0.001518899768609807,0.025447037754759094,-72.44439569247928,0.9912513112232612,0.2899822781389163,0.9707138203077254,0.12908787167207472
1.7728000000000002,-1.543605654503387,-8.380094956429435,-8.381615480883507,7.645661213456594,-172.3288577979864,0.0015205244540715895,0.025480988557006867,-72.4331228653806,0.9912383122614828,0.29036514323460005,0.9707091212446115,0.12910889519185276
1.7736,-1.5460612586426694,-8.374367069181954,-8.375889216964218,7.5929057258047585,-172.3815793103714,0.0015221477822631774,0.02551496382383789,-72.42185840641618,0.9912252933378553,0.29074830263058493,0.9707043986942283,0.12913002389576742
1.7744,-1.5485202002067322,-8.36864233900034,-8.370166108767613,7.540132682176749,-172.43431835424664,0.001523769767273613,0.02554896357659686,-72.4106022837548,0.9912122543860407,0.29113175604445585,0.9706996525222028,0.12915125838654282
1.7752,-1.5509824827304675,-8.362920767576627,-8.364446157999915,7.4873420890749856,-172.487074923088,0.0015253904232883433,0.025582987837026394,-72.39935446548087,0.9911991953394803,0.29151550319218117,0.9706948825941335,0.12917259926705016
1.776,-1.553448109749822,-8.357202356605058,-8.35872936636962,7.434533953038995,-172.53984901033363,0.0015270097645622232,0.025617036627380685,-72.38811491963594,0.991186116131398,0.2918995437881125,0.9706900887756041,0.1291940471402464
1.7768000000000002,-1.5559170848017976,-8.351487107782065,-8.353015735587517,7.381708280645473,-172.59264060938415,0.0015286278054522972,0.02565110997036868,-72.3768836141827,0.9911730166947974,0.2922838775449817,0.9706852709321755,0.129215602609211
1.7776,-1.558389411424438,-8.345775022806258,-8.347305267366663,7.328865078508286,-172.64544971360257,0.0015302445604043007,0.02568520788915407,-72.36566051702015,0.991159896962464,0.2926685041738994,0.9706804289293908,0.1292372662771219
1.7784,-1.560865093156819,-8.340066103378414,-8.341597963422352,7.276004353278462,-172.69827631631426,0.0015318600439372344,0.025719330407270036,-72.35444559598635,0.9911467568669641,0.29305342338435386,0.970675562632778,0.1292590387472451
1.7792,-1.563344133539042,-8.334360351201441,-8.335893825472116,7.223126111644282,-172.7511204108068,0.001533474270674216,0.025753477548903447,-72.34323881885027,0.991133596340646,0.293438634884209,0.9706706719078506,0.12928092062293198
1.78,-1.565826536112217,-8.328657767980388,-8.330192855235708,7.170230360331256,-172.80398199033016,0.0015350872553193413,0.02578764933858224,-72.3320401533162,0.9911204153156403,0.2938241383797022,0.9706657566201111,0.12930291250760342
1.7808000000000002,-1.5683123044184542,-8.322958355422424,-8.32449505443508,7.117317106102223,-172.85686104809648,0.0015366990126557554,0.0258218458012891,-72.32084956703251,0.9911072137238603,0.2942099335754429,0.9706608166350533,0.1293250150047396
1.7816,-1.570801442000866,-8.317262115236812,-8.318800424794379,7.064386355757319,-172.9097575772801,0.001538309557566864,0.025856066962603563,-72.30966702756885,0.9910939914970004,0.2945960201744108,0.9706558518181579,0.12934722871790005
1.7824,-1.573293952403538,-8.311569049134901,-8.313108968039916,7.011438116134005,-172.96267157101767,0.0015399189050151227,0.025890312848332542,-72.29849250244507,0.991080748566539,0.2949823978779542,0.970650862034904,0.12936955425067248
1.7832,-1.575789839171531,-8.305879158830118,-8.307420685900173,6.9584723941071145,-173.01560302240782,0.0015415270700536055,0.025924583485078756,-72.28732595910779,0.9910674848637379,0.29536906638578864,0.9706458471507653,0.12939199220668957
1.784,-1.5782891058508737,-8.300192446037936,-8.301735580105758,6.905489196588871,-173.06855192451144,0.0015431340678202206,0.02595887889970072,-72.27616736494402,0.9910542003196406,0.29575602539599466,0.9706408070312094,0.12941454318963239
1.7848000000000002,-1.5807917559885376,-8.294508912475877,-8.296053652389421,6.852488530528943,-173.12151827035143,0.0015447399135454245,0.025993199119625388,-72.2650166872725,0.9910408948650768,0.29614327460501666,0.9706357415417093,0.12943720780317902
1.7856,-1.583297793132442,-8.288828559863479,-8.29037490448602,6.799470402914454,-173.17450205291283,0.0015463446225406495,0.02602754417270603,-72.2538738933498,0.9910275684306586,0.29653081370766055,0.9706306505477348,0.1294599866510439
1.7864,-1.5858072208314369,-8.283151389922303,-8.28469933813251,6.746434820769982,-173.22750326514262,0.0015479482102079478,0.02606191408739278,-72.24273895037184,0.9910142209467826,0.29691864239709276,0.970625533914759,0.12948288033694777
1.7872,-1.5883200426352975,-8.277477404375892,-8.279026955067922,6.693381791157617,-173.28052189994986,0.0015495506920303486,0.02609630889253367,-72.23161182547196,0.99100085234363,0.29730676036483855,0.97062039150826,0.12950588946461167
1.788,-1.5908362620946994,-8.271806604949768,-8.273357757033363,6.64031132117697,-173.3335579502056,0.0015511520835930696,0.026130728617431487,-72.2204924857101,0.9909874625511688,0.2976951673007804,0.9706152231937283,0.12952901463772157
1.7888000000000002,-1.5933558827612369,-8.266138993371433,-8.267691745771987,6.587223417965241,-173.3866114087427,0.0015527524005545927,0.02616517329204271,-72.20938089809641,0.9909740514991486,0.2980838628931556,0.9706100288366512,0.12955225646000137
1.7896,-1.5958789081873754,-8.260474571370326,-8.262028923028987,6.534118088697212,-173.4396822683561,0.0015543516586640177,0.026199642946693302,-72.19827702956499,0.9909606191171083,0.2984728468285556,0.9706048083025378,0.12957561553509847
1.7904,-1.5984053419264743,-8.25481334067782,-8.256369290551575,6.480995340585252,-173.49277052180256,0.0015559498737533505,0.0262341376121924,-72.18718084699968,0.9909471653343709,0.2988621187919243,0.970599561456904,0.1295990924666538
1.7912,-1.6009351875327573,-8.249155303027207,-8.250712850088963,6.427855180879379,-173.54587616180063,0.0015575470617567853,0.02626865731997441,-72.1760923172087,0.9909336900800464,0.29925167846655654,0.9705942881652821,0.1296226878582554
1.792,-1.6034684485613102,-8.243500460153685,-8.245059603392356,6.374697616867262,-173.59899918103088,0.0015591432386702093,0.026303202101871648,-72.16501140695145,0.9909201932830305,0.29964152553409573,0.9705889882932177,0.129646402313457
1.7928000000000002,-1.6060051285680625,-8.237848813794336,-8.23940955221494,6.321522655874289,-173.65213957213544,0.0015607384206032687,0.026337771990284864,-72.15393808290764,0.9909066748720073,0.30003165967453316,0.9705836617062784,0.12967023643573483
1.7936,-1.6085452311097832,-8.232200365688122,-8.233762698311855,6.26833030526356,-173.70529732771843,0.0015623326237330878,0.02637236701801271,-72.14287231171181,0.9908931347754479,0.3004220805662062,0.9705783082700499,0.12969419082850825
1.7944,-1.6110887597440748,-8.226555117575854,-8.228119043440184,6.2151205724358904,-173.75847244034557,0.0015639258643312657,0.02640698721853596,-72.13181405992314,0.9908795729216098,0.3008127878857967,0.9705729278501367,0.1297182660951349
1.7952,-1.6136357180293535,-8.22091307120019,-8.222478589358948,6.161893464829876,-173.81166490254438,0.001565518158758092,0.02644163262573329,-72.12076329404519,0.9908659892385394,0.30120378130832925,0.9705675203121684,0.1297424628388846
1.796,-1.6161861095248362,-8.215274228305605,-8.21684133782906,6.108648989921883,-173.86487470680404,0.0015671095234548326,0.026476303274080237,-72.1097199805134,0.990852383654073,0.3015950605071711,0.9705620855218047,0.1297667816629156
1.7968000000000002,-1.6187399377905383,-8.209638590638399,-8.211207290613348,6.0553871552261285,-173.91810184557542,0.0015686999749495137,0.026510999198450236,-72.09868408571313,0.9908387560958344,0.3019866251540283,0.9705566233447281,0.12979122317030706
1.7976,-1.6212972063872655,-8.204006159946656,-8.20557644947652,6.002107968294668,-173.97134631127093,0.0015702895298646382,0.026545720434398845,-72.08765557595144,0.9908251064912361,0.30237847491894604,0.970551133646649,0.12981578796403884
1.7984,-1.6238579188765887,-8.198376937980246,-8.199948816185147,5.948811436717395,-174.02460809626476,0.0015718782048998266,0.026580467017851106,-72.07663441748623,0.9908114347674817,0.30277060947030665,0.9705456162933133,0.12984047664695494
1.7992,-1.6264220788208525,-8.192750926490808,-8.194324392507653,5.895497568122099,-174.0778871928925,0.001573466016847248,0.02661523898541418,-72.06562057650493,0.9907977408515625,0.3031630284748277,0.9705400711504919,0.12986528982181134
1.8,-1.6289896897831384,-8.187128127231711,-8.188703180214294,5.842166370174476,-174.13118359345145,0.0015750529825839022,0.02665003637406471,-72.05461401914033,0.9907840246702638,0.303555731597562,0.9705344980840023,0.12989022809118125
