f_GHz,delta_S11_dB,delta_Zin_real_ohm,delta_Zin_imag_ohm,delta_amp_imbalance_dB,delta_phase_error_deg,delta_CMR_dB,delta_normalized_excess_loss_dB
1.0,0.0379573212142037,-0.16497197003923247,2.1875250466876537,0.00929316071800029,0.05613975606308941,8.37288570996838,0.002000635447616292
1.0008,0.03788665297895921,-0.16520978402900255,2.1894982910989143,0.009307101590093793,0.05632842490905432,8.382974747020825,0.002006651148344321
1.0016,0.03781589065884061,-0.16544982566182398,2.1914630162430058,0.009321052110572972,0.0565174002532558,8.3930755153675,0.002012671928151806
1.0024,0.03774503424637565,-0.1656921163446725,2.1934191290075944,0.009335012291266365,0.05670668218647279,8.403188106002418,0.0020186978203364306
1.0032,0.03767408373506287,-0.1659366777140292,2.195366535533509,0.009348982144086922,0.05689627079857473,8.413312610326699,0.0020247288579706355
1.004,0.037603039119344484,-0.16618353163892152,2.197305141206897,0.009362961681039702,0.05708616617863527,8.423449120141754,0.0020307650739165156
1.0048,0.037531900394615736,-0.1664327002218613,2.199234850654051,0.009376950914218973,0.057276368414989065,8.433597727648191,0.002036806500818944
1.0056,0.03746066755724309,-0.166684205802909,2.2011555677345314,0.00939094985579091,0.05746687759511815,8.443758525462613,0.002042853171086205
1.0064,0.03738934060455401,-0.16693807096012847,2.203067195535425,0.009404958518034976,0.0576576938055382,8.453931606611974,0.002048905116894484
1.0072,0.03731791953481789,-0.1671943185131397,2.204969636363444,0.009418976913306416,0.0578488171319691,8.464117064547864,0.002054962370201613
1.008,0.03724640434727533,-0.1674529715253925,2.2068627917392973,0.009433005054044843,0.05804024765950544,8.474314993126214,0.0020610249627252206
1.0088,0.037174795042137276,-0.16771405330595712,2.208746562391525,0.009447042952789746,0.05823198547210495,8.484525486641303,0.002067092925932046
1.0096,0.03710309162056058,-0.1679775874124232,2.2106208482486522,0.009461090622172721,0.05842403065310009,8.494748639810751,0.0020731662910717374
1.0104,0.03703129408467598,-0.1682435976535146,2.2124855484329657,0.00947514807491174,0.05861638328480012,8.504984547785398,0.0020792450891203504
1.0112,0.03695940243758056,-0.16851210809088002,2.2143405612540334,0.0094892153238111,0.058809043448775356,8.515233306145376,0.002085329350818947
1.012,0.03688741668332751,-0.16878314304224773,2.2161857842010875,0.009503292381774955,0.0590020112256866,8.525495010911918,0.002091419106656646
1.0128,0.03681533682694438,-0.16905672708372776,2.218021113936828,0.009517379261802496,0.05919528669545571,8.53576975855917,0.002097514386860941
1.0136,0.0367431628744197,-0.16933288505222777,2.219846446289665,0.009531475976983134,0.05938886993698134,8.546057645995688,0.002103615221404627
1.0144,0.036670894832715906,-0.16961164204832357,2.2216616762472086,0.009545582540483946,0.05958276102836635,8.55635877057913,0.0021097216399985977
1.0152,0.0365985327097591,-0.16989302343839086,2.2234666979491635,0.009559698965595997,0.05977696004686095,8.566673230137091,0.002115833672081617
1.016,0.03652607651444395,-0.17017705485795886,2.2252614046790598,0.009573825265690897,0.059971467069033224,8.577001122945319,0.002121951346827314
1.0168,0.036453526256642554,-0.17046376221364312,2.2270456888585386,0.009587961454229545,0.0601662821702007,8.587342547737308,0.0021280746931296307
1.0176,0.03638088194719824,-0.17075317168649917,2.228819442039196,0.009602107544770774,0.060361405425055636,8.59769760372398,0.002134203739603324
1.0184,0.036308143597914455,-0.17104530973398369,2.2305825548944824,0.009616263550980978,0.06055683690749447,8.608066390581882,0.0021403385146007634
1.0192,0.036235311221581856,-0.17134020309339348,2.2323349172138194,0.009630429486610057,0.060752576690333626,8.618449008461262,0.002146479046163635
1.02,0.036162384831964545,-0.1716378787845656,2.234076417893732,0.009644605365512593,0.060948624845650556,8.628845557993607,0.002152625362057667
1.0208,0.03608936444379651,-0.1719383641122647,2.235806944930431,0.009658791201642078,0.061144981444499535,8.639256140292702,0.0021587774897532455
1.0216,0.03601625007279319,-0.17224168666939477,2.237526385412849,0.009672987009042249,0.061341646557252716,8.649680856959712,0.0021649354564201376
1.0224,0.035943041735635894,-0.1725478743396991,2.239234625513376,0.009687192801870192,0.06153862025331591,8.660119810086591,0.002171099288946106
1.0232,0.035869739450005156,-0.17285695530063094,2.240931550482202,0.009701408594361723,0.0617359026011286,8.670573102262978,0.0021772690138861933
1.024,0.035796343234539396,-0.17316895802704835,2.2426170446367166,0.009715634400880434,0.06193349366833445,8.681040836578944,0.002183444657506854
1.0248,0.035722853108876684,-0.17348391129243623,2.2442909913565927,0.009729870235861889,0.062131393521553946,8.69152311662286,0.0021896262457517454
1.0256,0.0356492690936161,-0.1738018441739939,2.2459532730719616,0.00974411611386081,0.0623296022267823,8.702020046500678,0.0021958138042619674
1.0264,0.03557559121035814,-0.17412278605399933,2.247603771259236,0.00975837204953469,0.062528119848821,8.7125317308317,0.00220200735833892
1.0272000000000001,0.03550181948167941,-0.174446766624186,2.2492423664302237,0.009772638057637065,0.06272694645190313,8.723058274743167,0.0022082069329664583
1.028,0.03542795393113796,-0.17477381588770413,2.2508689381240004,0.009786914153012707,0.06292608209878381,8.733599783892032,0.0022144125528074654
1.0288,0.035353994583279924,-0.17510396416307117,2.252483364899973,0.009801200350641932,0.06312552685204764,8.744156364465866,0.002220624242184055
1.0296,0.035279941463637776,-0.1754372420868151,2.2540855243279907,0.009815496665578932,0.06332528077274446,8.75472812317598,0.002226842025082436
1.0304,0.035205794598735185,-0.1757736806171124,2.25567529298047,0.009829803112995153,0.06352534392146936,8.765315167270202,0.00223306592514521
1.0312,0.035131554016079924,-0.176113311036886,2.2572525464233877,0.009844119708162926,0.06372571635756685,8.775917604543679,0.002239295965670511
1.032,0.035057219744173196,-0.17645616495661898,2.258817159208263,0.009858446466477579,0.06392639813969936,8.786535543335916,0.0022455321696032704
1.0328,0.034982791812506964,-0.1768022743187032,2.2603690048627527,0.009872783403414156,0.06412738932544926,8.797169092530396,0.0022517745595392533
1.0336,0.03490827025156085,-0.1771516713995709,2.26190795588127,0.009887130534573612,0.06432868997154628,8.807818361573212,0.0022580231577109186
1.0344,0.034833655092815885,-0.1775043888140999,2.2634338837173686,0.00990148787565295,0.06453030013392436,8.818483460459888,0.0022642779859856077
1.0352,0.034758946368731,-0.17786045951828555,2.264946658773283,0.009915855442468384,0.06473221986732369,8.829164499765099,0.0022705390658700267
1.036,0.03468414411278431,-0.17821991681333316,2.2664461503922553,0.009930233250942777,0.0649344492256887,8.839861590624345,0.002276806418483393
1.0368,0.03460924835943047,-0.17858279434864244,2.2679322268478472,0.00994462131709797,0.0651369882622248,8.850574844749183,0.002283080064583033
1.0376,0.03453425914413266,-0.17894912612544545,2.269404755335472,0.009959019657079793,0.06533983702877322,8.861304374430837,0.0022893600245355653
1.0384,0.03445917650335284,-0.17931894650095614,2.2708636019630717,0.009973428287140764,0.0655429955766067,8.87205029255228,0.0022956463183101614
1.0392,0.034384000474542376,-0.1796922901909852,2.2723086317404864,0.009987847223639122,0.06574646395591799,8.882812712574456,0.002301938965512354
1.04,0.03430873109616561,-0.18006919227474327,2.273739708571611,0.010002276483047464,0.06595024221593349,8.893591748561946,0.0023082379853225643
1.0408,0.03423336840768432,-0.18044968819719998,2.2751566952433677,0.010016716081958558,0.0661543304049701,8.904387515178051,0.002314543396538679
1.0416,0.03415791244956301,-0.1808338137741714,2.2765594534163824,0.0100311660370661,0.06635872857032155,8.91520012768855,0.002320855217539483
1.0424,0.034082363263272075,-0.18122160519527597,2.277947843614868,0.010045626365189714,0.0665634367585426,8.92602970197791,0.002327173466300403
1.0432,0.03400672089129042,-0.18161309902802714,2.279321725217528,0.010060097083254754,0.06676845501493744,8.936876354537347,0.0023334981603764446
1.044,0.03393098537709438,-0.1820083322214998,2.280680956445849,0.010074578208312538,0.06697378338407134,8.94774020249126,0.0023398293169072312
1.0448,0.03385515676518125,-0.18240734211065046,2.282025394355628,0.010089069757509492,0.06717942190937265,8.958621363576341,0.0023461669525984413
1.0456,0.03377923510105241,-0.18281016641984138,2.283354894825834,0.010103571748136338,0.06738537063364447,8.969519956180086,0.0023525110837214133
1.0464,0.0337032204312151,-0.1832168432670187,2.2846693125481465,0.010118084197576985,0.06759162959815512,8.980436099308662,0.002358861726124019
1.0472,0.033627112803196635,-0.18362741116786196,2.2859685010171233,0.010132607123347109,0.06779819884377503,8.99136991263154,0.00236521889519746
1.048,0.0335509122655302,-0.18404190903962103,2.2872523125185467,0.010147140543078694,0.06800507841001036,9.002321516454998,0.002371582605901326
1.0488,0.03347461886777037,-0.18446037620546463,2.2885205981203285,0.010161684474517183,0.06821226833557148,9.013291031744323,0.0023779528727220778
1.0496,0.0333982326604807,-0.18488285239860147,2.289773207660005,0.010176238935535924,0.06841976865814559,9.024278580126548,0.002384329709711225
1.0504,0.03332175369524748,-0.1853093777664867,2.2910099897354144,0.010190803944125562,0.06862757941456721,9.035284283897816,0.0023907131304331947
1.0512,0.03324518202466731,-0.18573999287514198,2.2922307916919635,0.010205379518394056,0.0688357006402498,9.046308266022393,0.0023971031480064173
1.052,0.033168517702370615,-0.18617473871356083,2.293435459613818,0.010219965676579177,0.0690441323702089,9.057350650145757,0.002403499775050562
1.0528,0.033091760782983926,-0.18661365669751717,2.2946238383100876,0.010234562437030258,0.06925287463809582,9.068411560597838,0.0024099030237346025
1.0536,0.03301491132218759,-0.1870567886750507,2.2957957713063593,0.010249169818227417,0.06946192747653868,9.079491122401514,0.0024163129057112875
1.0544,0.03293796937665494,-0.18750417692973542,2.296951100829972,0.010263787838778682,0.06967129091731294,9.090589461275641,0.0024227294321652187
1.0552,0.03286093500411447,-0.18795586418670496,2.2980896678018325,0.010278416517414214,0.0698809649912846,9.101706703642755,0.002429152613755134
1.056,0.03278380826328764,-0.18841189361512534,2.2992113118219777,0.010293055872981498,0.07009094972801222,9.11284297663066,0.002435582460676683
1.0568,0.03270658921394887,-0.18887230883487405,2.3003158711596257,0.010307705924464613,0.07030124515631542,9.123998408090628,0.0024420189825821864
1.0576,0.03262927791688641,-0.18933715392020645,2.3014031827402164,0.01032236669096688,0.0705118513038201,9.135173126588086,0.0024484621886276953
1.0584,0.0325518744339246,-0.1898064734045306,2.3024730821340995,0.010337038191727262,0.07072276819735634,9.146367261422455,0.002454912087445707
1.0592,0.03247437882792692,-0.19028031228538111,2.3035254035445405,0.010351720446108782,0.07093399586239002,9.157580942632222,0.002461368687120713
1.06,0.03239679116277294,-0.19075871602913708,2.304559979794135,0.010366413473598533,0.07114553432370485,9.168814300980799,0.002467831995239686
1.0608,0.03231911150338762,-0.19124173057616645,2.305576642313895,0.010381117293822148,0.07135738360489086,9.180067467999692,0.0024743020188236625
1.0616,0.03224133991572664,-0.19172940234545877,2.306575221130174,0.010395831926530295,0.07156954372851487,9.191340575963203,0.002480778764357164
1.0624,0.03216347646678086,-0.1922217782399116,2.3075555448516525,0.010410557391609284,0.07178201471606371,9.202633757912352,0.0024872622377789116
1.0632,0.03208552122459052,-0.19271890565096328,2.3085174406583633,0.010425293709071427,0.07199479658817154,9.213947147652284,0.002493752444451658
1.064,0.03200747425822348,-0.1932208324644762,2.309460734285608,0.01044004089907432,0.0722078893642788,9.225280879771283,0.0025002493891900096
1.0648,0.03192933563779343,-0.19372760706505687,2.3103852500144058,0.010454798981892905,0.07242129306268907,9.2366350896311,0.002506753076229301
1.0656,0.03185110543445724,-0.1942392783420246,2.311290810655805,0.010469567977940642,0.07263500770102382,9.248009913385033,0.0025132635092333516
1.0664,0.03177278372041137,-0.1947558956941009,2.3121772375391174,0.010484347907784984,0.07284903329542658,9.259405487991913,0.0025197806912726356
1.0672,0.03169437056890034,-0.1952775090352361,2.3130443504978757,0.010499138792101058,0.07306336986118822,9.270821951201306,0.0025263046248433507
1.068,0.03161586605422073,-0.19580416880020834,2.3138919678561933,0.01051394065172086,0.07327801741269013,9.282259441580912,0.0025328353118194563
1.0688,0.031537270251709604,-0.19633592594917104,2.3147199064159736,0.010528753507604346,0.07349297596283577,9.29371809851822,0.002539372753484717
1.0696,0.03145858323775297,-0.1968728319745594,2.3155279814413916,0.010543577380852867,0.07370824552384647,9.305198062216249,0.0025459169505202967
1.0704,0.031379805089799095,-0.19741493890521156,2.316316006647412,0.010558412292703474,0.0739238261068067,9.316699473719261,0.0025524679029702707
1.0712,0.031300935886335424,-0.19796229931353082,2.3170837941829063,0.0105732582645385,0.07413971772155037,9.328222474912536,0.0025590256102684256
1.072,0.031221975706914762,-0.19851496631997634,2.317831154619057,0.01058811531788461,0.0743559203770019,9.339767208528158,0.002565590071201204
1.0728,0.031142924632132196,-0.19907299359988428,2.3185578969323615,0.010602983474398354,0.07457243408100567,9.351333818151701,0.002572161283937599
1.0735999999999999,0.031063782743660173,-0.19963643538883957,2.3192638284933196,0.010617862755885436,0.07478925884015553,9.362922448233043,0.002578739245969408
1.0744,0.03098455012420276,-0.20020534648821808,2.319948755048017,0.010632753184294933,0.07500639466007897,9.374533244095232,0.0025853239541770295
1.0752,0.030905226857557366,-0.2007797822724342,2.320612480707325,0.01064765478171931,0.07522384154538031,9.386166351940957,0.0025919154047264886
1.076,0.03082581302855303,-0.20135979869397147,2.3212548079276303,0.010662567570396318,0.07544159949947016,9.397821918858575,0.0025985135931548553
1.0768,0.030746308723095694,-0.20194545228949323,2.3218755374995794,0.010677491572707101,0.0756596685245654,9.409500092828594,0.0026051185143177585
1.0776,0.030666714028159348,-0.2025368001874881,2.3224744685304586,0.010692426811179073,0.07587804862203029,9.421201022741172,0.0026117301623684586
1.0784,0.030587029031775792,-0.20313390011236265,2.323051398429868,0.010707373308496523,0.07609673979192166,9.432924858397328,0.0026183485307896825
1.0792,0.03050725382305064,-0.20373681039291114,2.323606122893125,0.010722331087483267,0.07631574203327318,9.444671750518168,0.0026249736123505063
1.08,0.030427388492157537,-0.20434558996740293,2.3241384358870505,0.010737300171110353,0.0765350553439248,9.456441850747836,0.0026316053991182614
1.0808,0.030347433130339496,-0.20496029839097218,2.3246481296320667,0.010752280582502834,0.07675467972075012,9.468235311673382,0.0026382438824520543
1.0816,0.03026738782991778,-0.20558099584152956,2.325134994588325,0.010767272344938763,0.07697461515920168,9.480052286825938,0.0026448890529691266
1.0824,0.030187252684283017,-0.2062077431272087,2.3255988194374027,0.010782275481842487,0.07719486165399303,9.491892930689836,0.0026515409005771623
1.0832,0.030107027787904528,-0.2068406016923916,2.326039391067752,0.010797290016794272,0.07741541919841666,9.503757398713262,0.0026581994144321275
1.084,0.030026713236322333,-0.20747963362495625,2.326456494556112,0.010812315973532237,0.07763628778474185,9.515645847321679,0.0026648645829501494
1.0848,0.029946309126163584,-0.20812490166326825,2.3268499131525573,0.01082735337594364,0.07785746740410104,9.527558433913569,0.002671536393793736
1.0856,0.029865815555134567,-0.20877646920300208,2.3272194282633336,0.010842402248071712,0.07807895804648979,9.539495316882835,0.0026782148338488493
1.0864,0.029785232622030033,-0.20943440030438865,2.327564819432837,0.010857462614110736,0.07830075970065309,9.551456655614047,0.002684899889231665
1.0872,0.02970456042671632,-0.21009875969923542,2.3278858643267313,0.010872534498427342,0.07852287235425592,9.563442610515324,0.002691591545290667
1.088,0.029623799070152224,-0.2107696127984866,2.3281823387146687,0.010887617925532504,0.07874529599394009,9.575453342999715,0.0026982897865762273
1.0888,0.02954294865438767,-0.21144702569910123,2.328454016453122,0.010902712920096962,0.07896803060486945,9.587489015509547,0.0027049945968425776
1.0896,0.029462009282552604,-0.21213106519178382,2.3287006694663432,0.010917819506966669,0.07919107617129839,9.599549791532844,0.0027117059590384823
1.0904,0.029380981058874323,-0.21282179876899932,2.3289220677293088,0.010932937711121356,0.07941443267640125,9.61163583559108,0.002718423855296942
1.0912,0.029299864088677907,-0.21351929463159536,2.3291179792501,0.010948067557731336,0.07963810010176076,9.623747313270677,0.002725148266914737
1.092,0.02921865847837335,-0.21422362169707299,2.3292881700501766,0.0109632090721094,0.07986207842816384,9.63588439122124,0.0027318791743742854
1.0928,0.029137364335474203,-0.21493484960762999,2.3294324041463597,0.010978362279752185,0.08008636763514687,9.648047237174957,0.002738616557299678
1.0936,0.029055981768582928,-0.21565304873755053,2.329550443531673,0.010993527206296861,0.08031096770082513,9.660236019940065,0.002745360394477231
1.0944,0.028974510887407767,-0.21637829020124855,2.3296420481579503,0.011008703877558673,0.08053587860246125,9.672450909422693,0.0027521106638240117
1.0952,0.028892951802761413,-0.21711064586199313,2.3297069759149167,0.011023892319519422,0.08076110031595363,9.68469207663999,0.002758867342379137
1.096,0.028811304626557455,-0.21785018833955405,2.329744982611601,0.011039092558342834,0.0809866328158364,9.696959693730001,0.0027656304063090748
1.0968,0.028729569471809047,-0.2185969910181882,2.3297558219568373,0.01105430462032547,0.08121247607584792,9.709253933945917,0.0027723998309012315
1.0976,0.028647746452638234,-0.21935112805562085,2.3297392455388035,0.011069528531967989,0.08143863006807806,9.721574971687545,0.002779175590533617
1.0984,0.0285658356842875,-0.22011267439162907,2.329695002806659,0.0110847643199318,0.0816650947637072,9.73392298250807,0.0027859576586605206
1.0992,0.02848383728308912,-0.2208817057556871,2.3296228410483195,0.011100012011039074,0.08189187013260835,9.746298143107438,0.0027927460078473326
1.1,0.028401751366504246,-0.22165829867694242,2.329522505371415,0.011115271632301658,0.08211895614329023,9.758700631368527,0.0027995406097033743
1.1008,0.028319578053102035,-0.22244253049197482,2.3293937386828247,0.011130543210891169,0.08234635276323843,9.771130626349475,0.0028063414349219634
1.1016,0.028237317462564526,-0.22323447935409035,2.329236281666624,0.011145826774161184,0.0825740599586311,9.78358830829999,0.0028131484532270407
1.1024,0.028154969715696865,-0.22403422424270047,2.329049872764415,0.011161122349638586,0.082802077694339,9.79607385868487,0.0028199616333976357
1.1032,0.02807253493442019,-0.22484184497170645,2.328834248152873,0.011176429965033145,0.08303040593409605,9.808587460172589,0.0028267809432353658
1.104,0.027990013241786293,-0.2256574221997596,2.328589141723569,0.01119174964822119,0.08325904464038558,9.821129296664445,0.002833606349553666
1.1048,0.02790740476195097,-0.22648103743748038,2.328314285059946,0.011207081427271604,0.08348799377421301,9.833699553304761,0.0028404378182057266
1.1056,0.02782470962021577,-0.2273127730604756,2.328009407415891,0.011222425330418846,0.0837172532957311,9.846298416477396,0.0028472753140019458
1.1064,0.027741927942990685,-0.22815271231536371,2.3276742356939053,0.01123778138609956,0.083946823163501,9.858926073849183,0.0028541188007756707
1.1072,0.0276590598578359,-0.22900093933154153,2.3273084944222546,0.011253149622909256,0.08417670333489014,9.871582714341756,0.0028609682413090753
1.108,0.02757610549342715,-0.2298575391301938,2.326911905733027,0.011268530069635956,0.08440689376607224,9.884268528173322,0.0028678235973697425
1.1088,0.027493064979573933,-0.23072259763461034,2.3264841893376342,0.011283922755262178,0.0846373944118568,9.896983706868355,0.002874684829674526
1.1096,0.02740993844722306,-0.23159620168013362,2.3260250625052095,0.011299327708940876,0.08486820522585958,9.909728443248532,0.002881551897882917
1.1104,0.02732672602846309,-0.23247843902407794,2.3255342400389623,0.011314744960023292,0.08509932616033211,9.922502931475563,0.0028884247605803215
1.1112,0.027243427856517677,-0.23336939835670023,2.3250114342516213,0.011330174538034945,0.0853307571663322,9.935307367040522,0.002895303375277533
1.112,0.02716004406574557,-0.2342691693106076,2.3244563549428676,0.011345616472713194,0.08556249819338291,9.948141946797165,0.002902187698400255
1.1128,0.02707657479165748,-0.2351778424724955,2.3238687093739827,0.011361070793962874,0.08579454918992724,9.961006868943251,0.002909077685264591
1.1136,0.026993020170904103,-0.2360955093928112,2.3232482022445424,0.011376537531884293,0.08602691010315766,9.973902333069837,0.002915973290065571
1.1144,0.026909380341278766,-0.23702226259717918,2.322594535666667,0.011392016716790557,0.08625958087867502,9.986828540160218,0.0029228744658913036
1.1152,0.026825655441731655,-0.2379581955970309,2.3219074091405787,0.011407508379152621,0.08649256146100015,9.999785692588738,0.0029297811646747662
1.116,0.026741845612360482,-0.23890340290145673,2.3211865195297605,0.011423012549669658,0.08672585179328962,10.012773994159446,0.0029366933372040743
1.1168,0.02665795099441226,-0.23985798002715342,2.3204315610346384,0.011438529259218002,0.08695945181727893,10.02579365010763,0.0029436109330996246
1.1176,0.026573971730295742,-0.24082202351092974,2.3196422251680247,0.011454058538874221,0.08719336147339618,10.038844867107422,0.0029505339008078085
1.1184,0.026489907963567205,-0.2417956309206204,2.318818200727378,0.011469600419925782,0.08742758070076206,10.051927853307205,0.002957462187601151
1.1192,0.026405759838951326,-0.24277890086733578,2.3179591737700775,0.01148515493384111,0.08766210943724673,10.06504281831161,0.002964395739530293
1.12,0.026321527502327413,-0.24377193301617694,2.3170648275862504,0.011500722112296646,0.0878969476191287,10.07818997323163,0.0029713345014467235
1.1208,0.026237211100740065,-0.24477482809939488,2.316134842671488,0.011516301987170992,0.08813209518143594,10.091369530668068,0.002978278416971375
1.1216,0.02615281078240228,-0.24578768792775918,2.315168896700584,0.011531894590556516,0.08836755205800273,10.104581704757166,0.0029852274284678654
1.1224,0.02606832669668524,-0.2468106154030636,2.31416666449843,0.011547499954729479,0.0886033181810717,10.117826711155693,0.002992181477090003
1.1232,0.02598375899414096,-0.24784371453080212,2.313127818014152,0.011563118112189512,0.0888393934815781,10.131104767073076,0.0029991405026810053
1.124,0.025899107826482748,-0.2488870904318219,2.3120520262919513,0.011578749095636526,0.08907577788914978,10.14441609129068,0.003006104443833188
1.1248,0.025814373346602082,-0.24994084935630667,2.310938955442623,0.01159439293797069,0.0893124713318798,10.157760904157037,0.003013073237838698
1.1256,0.025729555708571272,-0.25100509869571397,2.3097882686154207,0.011610049672316523,0.08954947373661071,10.17113942763072,0.003020046820665298
1.1264,0.02564465506762703,-0.25207994699587744,2.3085996259684407,0.011625719331994949,0.08978678502876392,10.1845518852695,0.0030270251269974013
1.1272,0.02555967158020067,-0.2531655039708198,2.307372684640086,0.011641401950563774,0.09002440513228294,10.197998502276981,0.003034008090143578
1.1280000000000001,0.025474605403901673,-0.25426188051616805,2.306107098718485,0.01165709756175505,0.09026233396974703,10.211479505482117,0.0030409956420889006
1.1288,0.0253894566975168,-0.25536918872148817,2.304802519211819,0.011672806199552134,0.09050057146237123,10.224995123386364,0.0030479877134500094
1.1296,0.02530422562102519,-0.2564875418851784,2.3034585940181955,0.01168852789812904,0.09073911752977892,10.238545586164683,0.003054984233468172
1.1304,0.025218912335597254,-0.25761705452819683,2.3020749678954076,0.011704262691898552,0.09097797209039982,10.252131125695755,0.00306198512998572
1.1312,0.02513351700358979,-0.25875784240776056,2.300651282428589,0.011720010615466982,0.09121713506112883,10.265751975555006,0.003068990329440205
1.1320000000000001,0.02504803978855885,-0.2599100225322388,2.2991871760003733,0.01173577170368233,0.09145660635726927,10.279408371064285,0.003075999756842779
1.1328,0.02496248085524444,-0.26107371317428374,2.2976822837580926,0.011751545991610175,0.09169638589287388,10.29310054928024,0.0030830133357895306
1.1336,0.024876840369598252,-0.2622490338871444,2.296136237582857,0.011767333514526968,0.09193647358057433,10.306828749029762,0.0030900309883966776
1.1344,0.02479111849876725,-0.2634361055182808,2.2945486660559027,0.01178313430794987,0.09217686933135383,10.320593210925345,0.0030970526353239075
1.1352,0.024705315411090556,-0.26463505022479694,2.29291919442619,0.011798948407600155,0.09241757305483134,10.33439417737128,0.0031040781957629854
1.1360000000000001,0.024619431276132975,-0.2658459914886748,2.291247444578687,0.011814775849452331,0.09265858465926158,10.348231892602733,0.003111107587373832
1.1368,0.024533466264648807,-0.2670690541318095,2.2895330349988967,0.011830616669685972,0.09289990405119397,10.362106602686012,0.0031181407263316946
1.1376,0.024447420548607157,-0.26830436433203886,2.28777558073989,0.011846470904726188,0.0931415311358137,10.376018555547773,0.003125177527264239
1.1384,0.024361294301185277,-0.26955204963846313,2.2859746933879137,0.0118623385912099,0.09338346581694168,10.389968000986258,0.003132217903268106
1.1392,0.024275087696784103,-0.2708122389879577,2.2841299810285136,0.011878219766038818,0.09362570799652303,10.403955190703982,0.003139261765858853
1.1400000000000001,0.024188800911012276,-0.27208506272120303,2.2822410482100395,0.011894114466313936,0.09386825757559336,10.41798037831213,0.0031463090249854997
1.1408,0.02410243412069768,-0.27337065259851556,2.280307495909881,0.011910022729388505,0.09411111445302822,10.432043819354469,0.0031533595889981364
1.1416,0.024015987503898772,-0.27466914181704283,2.278328921497689,0.011925944592857477,0.09435427852662315,10.446145771342145,0.003160413364620196
1.1424,0.023929461239880823,-0.27598066502793017,2.2763049186988837,0.011941880094542029,0.09459774969246837,10.460286493749464,0.0031674702569716717
1.1432,0.02384285550914833,-0.27730535835240744,2.274235077558785,0.011957829272515598,0.09484152784534672,10.47446624805525,0.0031745301695032674
1.1440000000000001,0.023756170493429707,-0.27864335939958096,2.272118984405722,0.011973792165079813,0.0950856128780515,10.48868529774873,0.003181593004012981
1.1448,0.023669406375683932,-0.27999480728448134,2.2699562218124925,0.011989768810785657,0.09533000468229602,10.502943908361694,0.003188658660610133
1.1456,0.02358256334010167,-0.2813598426442354,2.2677463685594716,0.01200575924842772,0.09557470314791772,10.517242347484746,0.003195727037708193
1.1464,0.023495641572113257,-0.2827386076581888,2.2654889995966414,0.012021763517055719,0.09581970816350349,10.531580884792618,0.0032027980319905003
1.1472,0.023408641258382934,-0.28413124606385054,2.263183686003117,0.012037781655951381,0.0960650196158781,10.545959792056216,0.0032098715384314552
1.1480000000000001,0.023321562586814393,-0.285537903177044,2.2608299949499724,0.012053813704647762,0.09631063739016099,10.560379343177154,0.0032169474502277418
1.1488,0.02323440574656277,-0.2869587259096704,2.258427489659539,0.012069859702943617,0.09655656137016422,10.574839814207323,0.003224025658803864
1.1496,0.02314717092801688,-0.2883938627888085,2.2559757293652183,0.01208591969086779,0.09680279143805137,10.589341483358098,0.003231106053806776
1.1504,0.023059858322821203,-0.28984346397609784,2.2534742692718623,0.012101993708713909,0.0970493274742239,10.603884631040529,0.0032381885230714502
1.1512,0.022972468123866552,-0.2913076812870088,2.2509226605138224,0.01211808179705193,0.09729616935760532,10.618469539901483,0.00324527295259254
1.152,0.022885000525302512,-0.29278666821048205,2.248320450114079,0.012134183996661642,0.09754331696558438,10.63309649479541,0.003252359226519827
1.1528,0.022797455722524562,-0.29428057992856793,2.2456671809418367,0.012150300348621326,0.09779077017373083,10.647765782862109,0.003259447227143053
1.1536,0.022709833912199384,-0.2957895733374585,2.2429623916712558,0.012166430894249911,0.0980385288562502,10.662477693523556,0.0032665368348540474
1.1544,0.022622135292245105,-0.29731380706738264,2.240205616736546,0.012182575675137858,0.09828659288547215,10.677232518520427,0.003273627928136902
1.1552,0.022534360061834624,-0.2988534415025015,2.237396386290129,0.01219873473313843,0.09853496213230528,10.692030551928731,0.0032807203835773235
1.156,0.022446508421421152,-0.3004086388039582,2.234534226158246,0.012214908110352316,0.09878363646578237,10.706872090186437,0.003287814075773887
1.1568,0.022358580572732878,-0.3019795629297448,2.231618657798151,0.012231095849177684,0.09903261575334454,10.72175743212302,0.003294908877362321
1.1576,0.02227057671874144,-0.30356637965576283,2.2286491982488315,0.01224729799225337,0.09928189986101188,10.736686878981558,0.003302004659020183
1.1584,0.02218249706371811,-0.3051692565995836,2.2256253600911577,0.012263514582500301,0.09953148865281491,10.751660734446354,0.0033091012893788907
1.1592,0.022094341813196916,-0.30678836324037206,2.222546651397579,0.012279745663120494,0.09978138199130626,10.766679304674135,0.0033161986350623562
1.16,0.022006111173991982,-0.3084238709434999,2.2194125756879544,0.012295991277565314,0.10003157973710586,10.781742898308892,0.003323296560634792
1.1608,0.0219178053542064,-0.3100759529816628,2.216222631881749,0.012312251469584529,0.10028208174963993,10.796851826519017,0.003330394928585334
1.1616,0.021829424563215793,-0.3117447845585275,2.2129763142503975,0.012328526283196533,0.1005328878861178,10.81200640302876,0.003337493599311195
1.1624,0.021740969011691647,-0.3134305428319806,2.2096731123696145,0.01234481576269116,0.10078399800221405,10.827206944125528,0.003344592431089477
1.1632,0.021652438911595517,-0.3151334069383154,2.206312511070564,0.012361119952653814,0.10103541195189791,10.842453768723672,0.0033516912800430065
1.164,0.02156383447616661,-0.31685355801542414,2.2028939903889864,0.012377438897943231,0.10128712958754704,10.857747198350324,0.003358790000175707
1.1648,0.021475155919959965,-0.318591179227667,2.1994170255194376,0.012393772643702203,0.10153915075954956,10.873087557213836,0.0033658884432521824
1.1656,0.02138640345881271,-0.32034645579062726,2.195881086760039,0.012410121235349708,0.1017914753167588,10.88847517219623,0.003372986458869409
1.1664,0.02129757730987314,-0.32211957499532673,2.1922856394649557,0.01242648471862922,0.1020441031061523,10.903910372931158,0.0033800838943660594
1.1672,0.02120867769158452,-0.32391072623426,2.188630143991304,0.012442863139520935,0.10229703397305911,10.91939349177322,0.0033871805948423317
1.168,0.02111970482369574,-0.325720101027116,2.1849140556465727,0.01245925654434106,0.1025502677609893,10.934924863888824,0.00339427640311786
1.1688,0.02103065892727307,-0.3275478930459883,2.1811368246375764,0.012475664979677196,0.10280380431146341,10.950504827238255,0.003401371159703903
1.1696,0.02094154022468553,-0.3293942981431428,2.177297896014352,0.012492088492412512,0.1030576434645809,10.966133722640592,0.0034084647027887993
1.1703999999999999,0.02085234893961907,-0.33125951437571644,2.1733967096191122,0.012508527129737181,0.10331178505856542,10.981811893790862,0.0034155568682145143
1.1712,0.02076308529707993,-0.33314374203501984,2.1694327000291196,0.012524980939139833,0.10356622892959422,10.99753968729727,0.0034226474894329534
1.172,0.020673749523387297,-0.33504718367237274,2.1654052965020583,0.012541449968394921,0.1038209749121961,11.013317452703383,0.0034297363975164807
1.1728,0.020584341846188403,-0.3369700441276109,2.1613139229207263,0.012557934265600354,0.10407602283925144,11.029145542545379,0.0034368234210975096
1.1736,0.02049486249445609,-0.3389125305575931,2.157157997735567,0.01257443387914179,0.1043313725414805,11.045024312346698,0.0034439083863532782
1.1743999999999999,0.020405311698494355,-0.34087485246394067,2.152936933907199,0.012590948857726433,0.10458702384795515,11.060954120702675,0.0034509911169903207
1.1752,0.020315689689923477,-0.34285722172259625,2.1486501388491206,0.012607479250354992,0.10484297658587138,11.076935329265716,0.003458071434225149
1.176,0.020225996701720206,-0.344859852613439,2.1442970143686466,0.012624025106354509,0.10509923058066306,11.092968302820857,0.0034651491567135873
1.1768,0.02013623296818623,-0.3468829618497864,2.1398769566068836,0.012640586475349385,0.105355785655604,11.109053409287483,0.003472224100575752
1.1776,0.020046398724954617,-0.3489267686079529,2.1353893559787025,0.012657163407298057,0.10561264163249007,11.125191019782605,0.0034792960793617184
1.1784,0.01995649420902379,-0.35099149455953693,2.1308335971141332,0.012673755952456334,0.10586979833090027,11.141381508643462,0.003486364903974637
1.1792,0.01986651965871733,-0.3530773639008373,2.1262090587927673,0.012690364161408205,0.10612725556882197,11.157625253464921,0.003493430382721374
1.18,0.019776475313715958,-0.3551846033851689,2.121515113884641,0.012706988085059153,0.10638501316185511,11.173922635141793,0.0035004923212175187
1.1808,0.019686361415053977,-0.35731344235455254,2.116751129286058,0.012723627774639933,0.1066430709243491,11.190274037905922,0.0035075505223812614
1.1816,0.019596178205127268,-0.3594641127725424,2.111916465855643,0.012740283281709498,0.10690142866820906,11.206679849363766,0.0035146047864166446
1.1824,0.01950592592766287,-0.3616368492556319,2.107010478349025,0.012756954658126096,0.10716008620357798,11.223140460530622,0.003521654910808039
1.1832,0.019415604827781596,-0.3638318891088659,2.1020325153560293,0.012773641956125258,0.10741904333872299,11.23965626588462,0.0035287006902026824
1.184,0.019325215151952735,-0.36604947235750274,2.09698191923178,0.01279034522822636,0.10767829987986488,11.256227663382994,0.003535741916469118
1.1848,0.019234757148002934,-0.3682898417820297,2.091858026029797,0.01280706452732612,0.10793785563134861,11.272855054540805,0.0035427783786695644
1.1856,0.019144231065145956,-0.3705532429525249,2.08666016543674,0.012823799906618536,0.10819771039535908,11.289538844426062,0.00354980986293682
1.1864,0.01905363715396491,-0.37283992426503687,2.081387660701921,0.01284055141966333,0.10845786397243273,11.306279441740415,0.0035568361525416953
1.1872,0.018962975666410475,-0.3751501369756056,2.0760398285664223,0.012857319120343564,0.10871831616071859,11.323077258839291,0.0035638570278211656
1.188,0.01887224685581712,-0.3774841352371823,2.070615979196532,0.012874103062899317,0.10897906675677405,11.339932711787498,0.0035708722661609293
1.1888,0.018781450976907976,-0.37984217613689,2.065115416109677,0.01289090330191328,0.10924011555471225,11.356846220400982,0.0035778816419294868
1.1896,0.018690588285779963,-0.3822245197317784,2.0595374361031418,0.012907719892290424,0.10950146234699787,11.373818208278195,0.0035848849265064375
1.1904,0.018599659039926664,-0.3846314290883299,2.0538813291812517,0.012924552889322646,0.10976310692382185,11.390849102860798,0.0035918818881967296
1.1912,0.0185086634982341,-0.3870631703195784,2.0481463784824427,0.012941402348628952,0.1100250490734993,11.407939335481117,0.0035988722922195987
1.192,0.018417601920975635,-0.38952001262336466,2.042331860203035,0.012958268326200773,0.11028728858212844,11.42508934139429,0.0036058559006907354
1.1928,0.01832647456983083,-0.3920022283236335,2.036437043522483,0.012975150878354729,0.1105498252338748,11.442299559829394,0.0036128324725513278
1.1936,0.018235281707876805,-0.39451009290860384,2.0304611905270917,0.012992050061805854,0.11081265881074387,11.459570434059373,0.0036198017635776097
1.1944,0.018144023599591552,-0.3970438850718665,2.024403556131631,0.013008965933600118,0.11107578909275162,11.476902411408453,0.0036267635263229625
1.1952,0.01805270051086838,-0.3996038867537095,2.018263388001401,0.01302589855116362,0.11133921585758344,11.494295943343175,0.0036337175100844415
1.196,0.017961312709006583,-0.4021903831824716,2.0120399264739603,0.013042847972281283,0.11160293888121942,11.511751485493008,0.0036406634608701083
1.1968,0.017869860462723652,-0.4048036629166347,2.005732404476362,0.013059814255104643,0.11186695793713852,11.529269497712214,0.003647601121367944
1.1976,0.017778344042141292,-0.4074440178875989,1.99934004744523,0.013076797458170114,0.11213127279677337,11.54685044414041,0.0036545302309331923
1.1984,0.01768676371882516,-0.41011174344447454,1.9928620732449644,0.013093797640358479,0.1123958832296239,11.56449479322714,0.003661450525481405
1.1992,0.017595119765743572,-0.41280713839594796,1.986297692083042,0.013110814860964336,0.11266078900274579,11.582203017826956,0.003668361737547754
1.2,0.01750341245730036,-0.415530505056978,1.9796461064258892,0.013127849179631404,0.11292598988126201,11.599975595207518,0.0036752635961807
1.2008,0.01741164206933199,-0.4182821492929918,1.9729065109142425,0.013144900656391196,0.113191485627965,11.617813007137428,0.0036821558269285737
1.2016,0.017319808879106224,-0.4210623805666103,1.9660780922749268,0.013161969351666768,0.11345727600360078,11.635715739930902,0.0036890381518075444
1.2024,0.017227913165325237,-0.42387151198371953,1.9591600292349654,0.01317905532626117,0.11372336076647116,11.653684284496862,0.0036959102892668294
1.2032,0.017135955208135156,-0.42670986034133307,1.9521514924318808,0.013196158641369013,0.11398973967300208,11.671719136412754,0.003702771954130102
1.204,0.01704393528913517,-0.42957774617593714,1.9450516443243941,0.013213279358567767,0.11425641247711837,11.689820795960927,0.003709622857551484
1.2048,0.01695185369135177,-0.43247549381084127,1.9378596390997131,0.013230417539836073,0.11452337893069853,11.707989768203511,0.0037164627070524203
1.2056,0.016859710699276276,-0.4354034314071953,1.9305746225847429,0.013247573247549861,0.11479063878306306,11.726226563043056,0.003723291206380791
1.2064,0.01676750659884796,-0.43836189101384093,1.9231957321485993,0.013264746544481391,0.11505819178177035,11.744531695268293,0.0037301080555306315
1.2072,0.016675241677471142,-0.4413512086176752,1.9157220966125692,0.013281937493799217,0.11532603767170713,11.762905684629978,0.003736912950685428
1.208,0.016582916224000543,-0.4443717241957188,1.9081528361501796,0.01329914615909233,0.11559417619554324,11.781349055907853,0.003743705584191334
1.2088,0.016490530528769254,-0.4474237817676112,1.900487062194145,0.013316372604337282,0.11586260709378848,11.799862338947264,0.003750485644485782
1.2096,0.016398084883564534,-0.45050772944821915,1.8927238773356407,0.01333361689393293,0.11613133010439469,11.818446068751882,0.003757252816088588
1.2104,0.016305579581650687,-0.4536239195025189,1.884862375225623,0.01335087909269176,0.11640034496332419,11.837100785537174,0.003764006779562165
1.2112,0.016213014917770607,-0.4567727083999955,1.876901640475296,0.013368159265835965,0.11666965140398133,11.855827034799503,0.003770747211425299
1.212,0.016120391188140903,-0.4599544568699798,1.8688407485524294,0.013385457479002336,0.11693924915738307,11.874625367380112,0.0037774737841641953
1.2128,0.01602770869045922,-0.46316952995789507,1.8606787656796087,0.013402773798264288,0.11720913795244314,11.893496339537968,0.003784186166161607
1.2136,0.015934967723911342,-0.46641829708326554,1.8524147487294726,0.013420108290106909,0.11747931751534679,11.912440513015369,0.003790884021657323
1.2144,0.0158421685891752,-0.4697011320972706,1.8440477451188144,0.013437461021440384,0.11774978757011922,11.931458455108967,0.0037975670106953074
1.2152,0.015749311588413084,-0.4730184133417197,1.8355767927007491,0.013454832059613491,0.11802054783845506,11.950550738751453,0.0038042347891085737
1.216,0.015656397025292312,-0.47637052370933475,1.8270009196570527,0.013472221472396186,0.11829159803932043,11.969717942564202,0.003810887008428021
1.2168,0.015563425204975667,-0.47975785070360644,1.8183191443874875,0.013489629328013404,0.11856293788957828,11.988960650956827,0.003817523315886015
1.2176,0.015470396434131173,-0.4831807865010376,1.8095304754002086,0.01350705569510164,0.11883456710347673,12.008279454176616,0.00382414335433362
1.2184,0.015377311020930318,-0.48663972801355726,1.8006339111955754,0.013524500642767674,0.1191064853928765,12.027674948409746,0.00383074676222063
1.2192,0.015284169275054937,-0.49013507695187286,1.7916284401550797,0.013541964240549102,0.11937869246708033,12.047147735838237,0.003837333173540597
1.22,0.0151909715077152,-0.493667239890641,1.782513040424874,0.013559446558421052,0.11965118803294672,12.066698424724109,0.003843902217735992
1.2208,0.015097718031617191,-0.49723662833230264,1.7732866797967972,0.01357694766681931,0.11992397179506042,12.086327629500936,0.00385045351976622
1.2216,0.015004409161005539,-0.5008436587752954,1.7639483155926428,0.013594467636647983,0.12019704345499349,12.106035970849838,0.003856986699927234
1.2224,0.014911045211647433,-0.5044887527798494,1.7544968945414894,0.013612006539239014,0.12047040271227161,12.125824075765344,0.00386350137387724
1.2232,0.014817626500831294,-0.5081723370373936,1.7449313526578294,0.013629564446414801,0.12074404926369198,12.145692577667909,0.0038699971525874427
1.224,0.014724153347388524,-0.5118948434401034,1.7352506151203784,0.013647141430429466,0.12101798280343701,12.165642116467296,0.0038764736422636087
1.2248,0.014630626071684194,-0.5156567091502211,1.725453596145087,0.013664737564028463,0.12129220302313115,12.185673338657324,0.0038829304443011997
1.2256,0.014537044995622583,-0.5194583766732137,1.7155391988583233,0.013682352920413969,0.12156670961206828,12.205786897403755,0.003889367155246015
1.2264,0.014443410442645632,-0.5233002939282585,1.7055063151702257,0.013699987573278557,0.12184150225658641,12.225983452648258,0.003895783366767769
1.2272,0.014349722737762916,-0.5271829143251239,1.6953538256432807,0.01371764159676374,0.1221165806404656,12.246263671160477,0.0039021786655148577
1.228,0.014255982207516116,-0.5311066968356215,1.6850805993609015,0.0137353150655091,0.12239194444515533,12.266628226671557,0.003908552633179421
1.2288000000000001,0.014162189180008111,-0.5350721060717945,1.6746854937945272,0.013753008054634941,0.12266759334914923,12.287077799958354,0.003914904846375092
1.2296,0.014068343984912746,-0.5390796123631674,1.664167354668109,0.013770720639744168,0.12294352702838296,12.307613078915693,0.003921234876563429
1.2304,0.013974446953449293,-0.5431296918332293,1.6535250158204349,0.013788452896930963,0.1232197451561774,12.328234758682655,0.00392754229008653
1.2312,0.01388049841842709,-0.5472228264816295,1.6427572990685348,0.013806204902774028,0.12349624740301124,12.348943541725312,0.003933826647987637
1.232,0.013786498714196238,-0.5513595042619954,1.631863014063299,0.013823976734374119,0.12377303343680524,12.369740137951275,0.0039400875061147145
1.2328000000000001,0.013692448176714889,-0.5555402191669998,1.6208409581518026,0.013841768469304901,0.1240501029226948,12.390625264791659,0.003946324414892247
1.2336,0.013598347143493728,-0.5597654713090208,1.6096899162280351,0.013859580185649565,0.12432745552303004,12.411599647318653,0.0039525369193904175
1.2344,0.013504195953648157,-0.5640357670073115,1.5984086605912466,0.01387741196199594,0.12460509089754623,12.432664018348454,0.0039587245591984205
1.2352,0.013409994947859438,-0.5683516188701674,1.5869959507936073,0.013895263877470223,0.12488300870313651,12.453819118559487,0.003964886868424694
1.236,0.013315744468421764,-0.5727135458870123,1.5754505334934947,0.013913136011659895,0.12516120859373814,12.475065696565956,0.003971023375556992
1.2368000000000001,0.01322144485920873,-0.5771220735130669,1.5637711423008227,0.013931028444724493,0.12543969022073043,12.496404509089182,0.0039771336034824245
1.2376,0.013127096465704868,-0.581577733760696,1.5519564976242464,0.013948941257307883,0.12571845323259367,12.517836321002484,0.003983217069370687
1.2384,0.013032699634979439,-0.5860810652909834,1.5400053065131942,0.013966874530591283,0.12599749727485232,12.539361905496648,0.003989273284677519
1.2392,0.012938254715735065,-0.5906326135061306,1.5279162625026288,0.013984828346288353,0.126276821990416,12.56098204417652,0.003995301754978212
1.24,0.012843762058258434,-0.5952329306436752,1.5156880454483712,0.014002802786640442,0.12655642701901115,12.58269752718192,0.00400130198003637
1.2408000000000001,0.012749222014472927,-0.5998825758727833,1.5033193213677691,0.014020797934421318,0.12683631199774936,12.604509153307951,0.004007273453618926
1.2416,0.01265463493791641,-0.6045821153909401,1.4908087422745098,0.01403881387295354,0.12711647656072955,12.626417730130271,0.004013215663491693
1.2424,0.012560001183741676,-0.6093321225219199,1.478154946009056,0.014056850686097855,0.12739692033903793,12.648424074132343,0.0040191280913856875
1.2432,0.012465321108733107,-0.6141331778183314,1.4653565560711854,0.014074908458257023,0.1276776429609754,12.670529010822435,0.004025010212876379
1.244,0.012370595071320878,-0.618985869161321,1.4524121814494038,0.014092987274401787,0.1279586440518301,12.692733374877037,0.004030861497301114
1.2448000000000001,0.01227582343154654,-0.6238907918642838,1.4393204164439908,0.014111087220033309,0.1282399232339344,12.715038010265786,0.00403668140779001
1.2456,0.01218100655111698,-0.6288485487800131,1.4260798404943102,0.014129208381227413,0.12852148012638054,12.737443770374071,0.004042469401081078
1.2464,0.012086144793361786,-0.6338597504045822,1.4126890179960014,0.014147350844634617,0.1288033143457028,12.759951518168272,0.004048224927548999
1.2472,0.011991238523274772,-0.6389250149880752,1.399146498123514,0.014165514697453122,0.12908542550496804,12.782562126309486,0.004053947431057109
1.248,0.011896288107495323,-0.6440449686435841,1.3854508146445141,0.014183700027449942,0.12936781321440094,12.805276477298143,0.004059636348958673
1.2488000000000001,0.011801293914325939,-0.6492202454601284,1.3716004857344046,0.014201906922988842,0.12965047708121347,12.828095463629964,0.004065291111953362
1.2496,0.011706256313722019,-0.6544514876150913,1.357594013787093,0.014220135472995664,0.12993341670943437,12.85101998793084,0.004070911144099548
1.2504,0.011611175677312957,-0.6597393454917437,1.3434298852239408,0.014238385766968856,0.13021663169990916,12.874050963100942,0.004076495862656709
1.2512,0.011516052378394592,-0.6650844777941529,1.3291065703006666,0.014256657895033392,0.13050012165058433,12.897189312491115,0.004082044678070773
1.252,0.01142088679193698,-0.6704875516687991,1.3146225229093034,0.014274951947861783,0.1307838861559958,12.92043597003024,0.004087556993881775
1.2528000000000001,0.011325679294594604,-0.6759492428247995,1.2999761803811225,0.01429326801676362,0.1310679248076667,12.943791880397704,0.004093032206639063
1.2536,0.011230430264689728,-0.6814702356565192,1.2851659632807468,0.01431160619361424,0.13135223719393707,12.967257999170258,0.004098469705869162
1.2544,0.01113514008225347,-0.6870512233703607,1.270190275206744,0.014329966570903888,0.13163682289990675,12.990835292997147,0.004103868873911509
1.2552,0.011039809128991607,-0.6926929081101605,1.2550475025788614,0.014348349241746312,0.1319216815073787,13.014524739763836,0.004109229085945576
1.256,0.010944437788316108,-0.6983960010881276,1.2397360144307186,0.014366754299856574,0.13220681259508638,13.038327328757028,0.004114549709832271
1.2568000000000001,0.010849026445336696,-0.7041612227145038,1.224254162195507,0.014385181839569371,0.13249221573835257,13.0622440608374,0.004119830106079331
1.2576,0.010753575486865952,-0.709989302732339,1.2086002794885076,0.014403631955827383,0.13277789050926003,13.08627594860441,0.004125069627743533
1.2584,0.010658085301431752,-0.7158809803531199,1.1927726818897781,0.01442210474424004,0.13306383647665143,13.110424016600966,0.004130267620354677
1.2591999999999999,0.010562556279274382,-0.7218370043940752,1.1767696667196788,0.01444060030099491,0.13335005320584514,13.13468930146557,0.004135423421826961
1.26,0.010466988812348088,-0.7278581334178966,1.160589512813658,0.014459118722960646,0.1336365402589763,13.159072852138728,0.004140536362393588
1.2608000000000001,0.010371383294335068,-0.7339451358766098,1.1442304802949934,0.014477660107629247,0.13392329719488316,13.183575730038285,0.004145605764507482
1.2616,0.010275740120644805,-0.7400987902552743,1.1276908103409937,0.014496224553121738,0.1342103235687091,13.208199009241945,0.004150630942753808
1.2624,0.010180059688418286,-0.7463198852191226,1.1109687249482931,0.01451481215823637,0.13449761893252798,13.23294377671877,0.004155611203788184
1.2631999999999999,0.010084342396537993,-0.7526092197641958,1.0940624266954728,0.014533423022409026,0.13478518283483254,13.25781113247968,0.004160545846202096
1.264,0.009988588645616803,-0.7589676033671822,1.0769700984986343,0.014552057245738298,0.1350730148205912,13.282802189827215,0.004165434160513737
1.2648000000000001,0.009892798838028627,-0.7653958561430727,1.0596899033687919,0.014570714928997915,0.13536111443130494,13.307918075523261,0.004170275428974829
1.2656,0.009796973377883988,-0.7718948089990647,1.0422199841612496,0.014589396173608837,0.13564948120517784,13.33315993001844,0.004175068925600989
1.2664,0.009701112671059331,-0.778465303797077,1.0245584633244675,0.014608101081686356,0.13593811467666228,13.358528907661182,0.00417981391597419
1.2671999999999999,0.009605217125191245,-0.7851081935139348,1.006703442643584,0.014626829756017003,0.13622701437662954,13.384026176921658,0.004184509657196994
1.268,0.009509287149671364,-0.791824342407466,0.9886530029804703,0.014645582300061369,0.1365161798327108,13.409652920602504,0.004189155397825772
1.2688000000000001,0.009413323155670339,-0.798614626184559,0.9704052040111151,0.014664358817991652,0.13680561056855822,13.43541033608409,0.004193750377731231
1.2696,0.009317325556128742,-0.8054799321712096,0.9519580839577202,0.014683159414641505,0.13709530610447018,13.461299635521158,0.0041982938280273885
1.2704,0.009221294765772159,-0.8124211594863482,0.9333096593208552,0.014701984195578298,0.13738526595693656,13.487322046125911,0.004202784970955942
1.2711999999999999,0.009125231201097206,-0.8194392192181112,0.9144579246001285,0.014720833267051012,0.13767548963892295,13.513478810364404,0.0042072230198430816
1.272,0.009029135280408163,-0.8265350346032676,0.8954008520190655,0.01473970673603069,0.13796597665964327,13.539771186231363,0.004211607178901233
1.2728,0.008933007423781003,-0.8337095412091458,0.8761363912413458,0.014758604710187253,0.1382567265244461,13.56620044746743,0.004215936643256313
1.2736,0.00883684805311069,-0.8409636871202224,0.856662469084597,0.014777527297927067,0.13854773873532622,13.592767883851657,0.004220210598731622
1.2744,0.008740657592084089,-0.8482984331257057,0.836976989228674,0.014796474608368786,0.13883901279024258,13.61947480142058,0.004224428221807575
1.2752,0.008644436466194394,-0.8557147529112683,0.8170778319209262,0.01481544675138189,0.13913054818328874,13.646322522779933,0.004228588679534295
1.276,0.00854818510275468,-0.8632136332550715,0.7969628536778259,0.014834443837533592,0.13942234440509083,13.673312387311412,0.004232691129367444
1.2768,0.008451903930891458,-0.8707960742253249,0.7766298869802313,0.014853465978175568,0.1397144009420117,13.70044575150478,0.00423673471911612
1.2776,0.008355593381554671,-0.8784630893815688,0.7560767399653514,0.014872513285378378,0.1400067172769468,13.72772398920452,0.004240718586806552
1.2784,0.008259253887524576,-0.8862157059816695,0.7353011961160405,0.014891585871976677,0.14029929288858511,13.75514849189993,0.00424464186059062
1.2792,0.008162885883411741,-0.8940549651884453,0.7143010139416788,0.01491068385155864,0.14059212725203452,13.782720669029956,0.004248503658625891
1.28,0.008066489805665933,-0.9019819222830563,0.6930739266562682,0.014929807338479333,0.14088521983808278,13.810441948259715,0.0042523030889756175
1.2808,0.007970066092580552,-0.9099976468810382,0.6716176418556756,0.01494895644786844,0.14117857011382284,13.838313775801609,0.004256039249478899
1.2816,0.007873615184287308,-0.9181032231502115,0.6499298411799828,0.014968131295621466,0.14147217754236863,13.86633761670062,0.0042597112276967775
1.2824,0.007777137522789079,-0.926299750037856,0.6280081799854429,0.014987331998406551,0.14176604158268447,13.89451495516333,0.004263318100673069
1.2832,0.007680633551930827,-0.9345883414929688,0.6058502869968834,0.015006558673698036,0.14206016168975566,13.92284729489279,0.004266858934972972
1.284,0.0075841037174273485,-0.9429701267021073,0.5834537639644282,0.015025811439764905,0.1423545373143611,13.951336159383963,0.004270332786459025
1.2848,0.007487548466858396,-0.9514462503208279,0.5608161853133993,0.015045090415653417,0.142649167903528,13.979983092288776,0.004273738700217855
1.2856,0.007390968249681995,-0.9600178727152979,0.5379350977870558,0.015064395721230358,0.1429440528997361,14.008789657725828,0.004277075710408446
1.2864,0.007294363517229785,-0.968686170205757,0.5148080200833078,0.015083727477166634,0.14323919174159983,14.037757440646253,0.004280342840186385
1.2872,0.007197734722721449,-0.9774523353123925,0.49143244249250984,0.01510308580495652,0.1435345838634703,14.066888047193387,0.004283539101531841
1.288,0.007101082321261165,-0.9863175770093449,0.4678058265191112,0.015122470826916617,0.14383022869537854,14.096183105054664,0.0042866634951787275
1.2888,0.007004406769848481,-0.9952831209797921,0.443925604509559,0.015141882666181949,0.14412612566331973,14.125644263824555,0.004289715010450251
1.2896,0.006907708527384315,-1.004350209877316,0.41978917926519443,0.015161321446753116,0.14442227418879838,14.155273195399253,0.004292692625135791
1.2904,0.006810988054674283,-1.0135201035917873,0.3953939236536712,0.015180787293419188,0.1447186736892263,14.185071594322501,0.004295595305373129
1.2912,0.0067142458144275885,-1.0227940795184338,0.3707371802149737,0.015200280331871343,0.1450153235775815,14.21504117824405,0.004298422005539565
1.292,0.006617482271279895,-1.0321734328345542,0.34581626076078464,0.015219800688640123,0.1453122232625219,14.245183688261207,0.004301171668062653
1.2928,0.006520697891784,-1.0416594767778236,0.32062844596572404,0.015239348491093535,0.1456093721482148,14.275500889329933,0.004303843223322695
1.2936,0.006423893144401616,-1.0512535429307661,0.29517098495460914,0.015258923867498627,0.14590676963456417,14.305994570732217,0.004306435589584601
1.2944,0.006327068499555999,-1.0609569815123905,0.2694410948863606,0.015278526946978052,0.1462044151169266,14.33666654643823,0.004308947672699126
1.2952,0.006230224429584208,-1.0707711616718143,0.24343596052392513,0.015298157859541844,0.14650230798622488,14.367518655582515,0.004311378366128493
1.296,0.006133361408770188,-1.080697471788028,0.2171527338045962,0.015317816736088292,0.14680044762877742,14.398552762892557,0.0043137265507279254
1.2968,0.006036479913352544,-1.0907373197770198,0.1905885334021491,0.015337503708414487,0.14709883342652574,14.429770759145867,0.004315991094599181
1.2976,0.005939580421519652,-1.1008921334016577,0.16374044428005163,0.015357218909212426,0.14739746475669335,14.461174561621334,0.00431817085298003
1.2984,0.005842663413412552,-1.1111633605883071,0.13660551724063907,0.015376962472088224,0.14769634099195628,14.492766114591639,0.0043202646680908785
1.2992,0.005745729371144703,-1.121552469749929,0.10918076846468239,0.015396734531556214,0.14799546150038623,14.524547389768301,0.0043222713689759495
1.3,0.0056487787787926624,-1.132060950113157,0.0814631790489102,0.01541653522306307,0.14829482564528007,14.55652038684903,0.0043241897713803545
1.3008,0.005551812122418287,-1.1426903120535883,0.0534496945294336,0.015436364682978012,0.14859443278533035,14.588687133960768,0.004326018677551835
1.3016,0.005454829890049195,-1.1534420874340583,0.025137224402726588,0.015456223048608208,0.14889428227451162,14.621049688204714,0.004327756876165434
1.3024,0.005357832571711629,-1.1643178299527506,-0.0034773583604987834,0.015476110458209336,0.1491943734619099,14.653610136195518,0.004329403142097843
1.3032,0.005260820659419796,-1.1753191154941476,-0.03239721781130811,0.015496027050980608,0.14949470569195,14.686370594537081,0.004330956236315908
1.304,0.005163794647186304,-1.1864475424893897,-0.06162555552594995,0.015515972967096588,0.14979527830399775,14.71933321043798,0.004332414905706183
1.3048,0.005066755031026826,-1.197704732280414,-0.09116561111488863,0.015535948347686896,0.15009609063292828,14.75250016224065,0.004333777882914391
1.3056,0.004969702308966983,-1.2090923294927336,-0.12102066274110257,0.01555595333483701,0.15039714200833032,14.785873659949445,0.004335043886182582
1.3064,0.004872636981044121,-1.2206120024136737,-0.15119402764736378,0.01557598807164703,0.15069843175490405,14.819455945879213,0.004336211619211883
1.3072,0.004775559549318853,-1.2322654433796174,-0.18168906269085028,0.015596052702190225,0.15099995919274534,14.853249295228842,0.0043372797709715916
1.308,0.004678470517885724,-1.2440543691679693,-0.2125091648824764,0.015616147371535001,0.15130172363643624,14.887256016660672,0.0043382470155023944
1.3088,0.00458137039285389,-1.2559805213965376,-0.24365777194304883,0.015636272225767127,0.15160372439578396,14.921478452952606,0.004339112011860657
1.3096,0.004484259682386638,-1.2680456669330624,-0.2751383628593089,0.015656427411954894,0.1519059607754798,14.955918981608633,0.004339873403810063
1.3104,0.004387138896690068,-1.280251598309519,-0.30695445845282165,0.015676613078231864,0.15220843207509915,14.990580015524898,0.004340529819724798
1.3112,0.004290008548003987,-1.2926001341433278,-0.33910962196029004,0.015696829373712137,0.15251113758898782,15.025464003632372,0.004341079872448389
1.312,0.004192869150646095,-1.3050931195706994,-0.37160745961449493,0.015717076448584555,0.15281407660643254,15.060573431592637,0.004341522159011207
1.3128,0.004095721220981341,-1.3177324266830226,-0.40445162124467515,0.015737354454070332,0.15311724841126306,15.09591082247772,0.0043418552605523075
1.3136,0.003998565277443689,-1.3305199549752444,-0.4376458008802615,0.015757663542428742,0.1534206522822501,15.131478737459481,0.0043420777420970225
1.3144,0.003901401840551877,-1.3434576318006748,-0.47119373736228454,0.015778003867002247,0.15372428749276423,15.167279776553627,0.00434218815234147
1.3152,0.0038042314328921023,-1.35654741283372,-0.505099214972347,0.015798375582194366,0.1540281533108896,15.203316579351089,0.004342185023544554
1.316,0.0037070545791411114,-1.3697912825428489,-0.5393660640626194,0.01581877884347431,0.1543322489991965,15.239591825744363,0.004342066871281303
1.3168,0.0036098718060706414,-1.3831912546729654,-0.5739981617018657,0.01583921380742516,0.15463657381496887,15.276108236738494,0.004341832194260348
1.3176,0.0035126836425432018,-1.3967493727344333,-0.6089994323297105,0.01585968063169747,0.15494112700986307,15.312868575192262,0.00434147947416838
1.3184,0.003415490619527617,-1.410467710502104,-0.6443738484206847,0.01588017947506512,0.1552459078301922,15.34987564665768,0.004341007175441475
1.3192,0.003318293270112349,-1.4243483725270778,-0.680125431158217,0.015900710497403985,0.15555091551669875,15.38713230016213,0.004340413745049315
1.32,0.003221092129484182,-1.4383934946518764,-0.7162582511241453,0.015921273859714036,0.15585614930449765,15.424641429084247,0.0043396976123721565
1.3208,0.0031238877349790695,-1.4526052445426956,-0.7527764289902734,0.0159418697241414,0.15616160842296267,15.462405971977176,0.004338857188881745
1.3216,0.003026680626030398,-1.4669858222237337,-0.7896841362334044,0.015962498253930105,0.15646729209589694,15.500428913439663,0.004337890868094135
1.3224,0.002929471344234047,-1.481537460631074,-0.8269855958472476,0.015983159613520245,0.1567731995415329,15.538713285050356,0.004336797025194183
1.3232,0.0028322604333117507,-1.4962624261676183,-0.8646850830796211,0.016003853968488205,0.15707932997207763,15.57726216624232,0.004335574016969795
1.324,0.002735048439138188,-1.5111630192762675,-0.9027869261723254,0.01602458148556864,0.15738568259411068,15.616078685220977,0.0043342201814999815
1.3248,0.0026378359097425363,-1.5262415750192986,-0.9412955071158535,0.016045342332695903,0.15769225660841357,15.655166019983291,0.004332733837998537
1.3256000000000001,0.002540623395312247,-1.5415004636711842,-0.9802152624166638,0.016066136678952837,0.15792549448127602,15.694527399189802,0.004331113286573457
1.3264,0.0024434114482108082,-1.5569420913231795,-1.0195506838769006,0.01608696469468241,0.1581022000447092,15.734166103273807,0.004329356807990931
1.3272,0.002346200622960204,-1.572568900497032,-1.0593063193866783,0.016107826551360505,0.15827908273570301,15.774085465338572,0.004327462663524517
1.328,0.002248991476273554,-1.5883833707727035,-1.099486773727449,0.016128722421722006,0.15845614297046495,15.814288872293105,0.004325429094638206
1.3288,0.00215178456704912,-1.604388019429507,-1.1400967093916279,0.01614965247971155,0.15863338116838577,15.85477976584226,0.004323254322816411
1.3296000000000001,0.00205458045637652,-1.6205854020962533,-1.181140847412621,0.016170616900516188,0.15881079775101625,15.895561643610435,0.004320936549316479
1.3304,0.0019573797075445043,-1.636978113416177,-1.2226239682113373,0.016191615860555664,0.15898839314314728,15.936638060212395,0.004318473954945085
1.3312,0.0018601828860496106,-1.6535687877247085,-1.264550912452819,0.01621264953751312,0.1591661677717866,15.978012628421169,0.0043158646998007755
1.332,0.001762990559601052,-1.6703600997414583,-1.306926581920493,0.016233718110337872,0.15934412206689785,16.019689020267528,0.00431310692306075
1.3328,0.001665803298130264,-1.6873547652735112,-1.3497559404025878,0.01625482175926076,0.15952225646117313,16.061670968277625,0.0043101987427193456
1.3336000000000001,0.001568621673790016,-1.7045555419329617,-1.3930440145945795,0.016275960665772776,0.15970057139008986,16.10396226659588,0.004307138255353005
1.3344,0.0014714462609712875,-1.7219652298723531,-1.4367958950157345,0.01629713501268769,0.15987906729191081,16.146566772307473,0.004303923535873971
1.3352,0.0013742776363019349,-1.7395866725286169,-1.481016736938841,0.016318344984108987,0.16005774460774091,16.189488406577766,0.004300552637269778
1.336,0.0012771163786537976,-1.7574227573861947,-1.5257117613415403,0.016339590765474317,0.16023660378147042,16.232731156034802,0.004297023590370097
1.3368,0.001179963069159129,-1.7754764167552821,-1.5708862558658439,0.016360872543524335,0.16041564525994545,16.27629907398874,0.004293334403558502
1.3376000000000001,0.001082818291212817,-1.7937506285620088,-1.6165455757958398,0.01638219050636823,0.16059486949291113,16.320196281817815,0.004289483062499572
1.3384,0.0009856826304674993,-1.8122484171572353,-1.6626951450575689,0.01640354484344597,0.16077427693295476,16.364426970292826,0.004285467529951847
1.3392,0.0008885566748542129,-1.8309728541424022,-1.7093404572281088,0.016424935745567703,0.16095386803556266,16.408995400959796,0.004281285745441288
1.34,0.0007914410145835049,-1.8499270592081132,-1.7564870765638716,0.016446363404900168,0.16113364325940438,16.4539059075596,0.0042769356249927615
1.3408,0.0006943362421649724,-1.8691142009945452,-1.8041406390458405,0.01646782801501854,0.16131360306599163,16.499162897473838,0.004272415060845525
1.3416000000000001,0.0005972429523894984,-1.8885374979641085,-1.8523068534467484,0.016489329770876505,0.16149374791979199,16.54477085316318,0.0042677219212284845
1.3424,0.0005001617423627813,-1.9082002192963898,-1.9009915024078055,0.0165108688688369,0.1616740782885131,16.590734333681468,0.004262854050006787
1.3432,0.0004030932114875707,-1.9281056857959413,-1.950200443541462,0.01653244550668031,0.16185459464276164,16.637057976176393,0.004257809266487694
1.344,0.0003060379614976405,-1.9482572708258488,-1.9999396105486085,0.016554059883619347,0.1620352974563275,16.68374649746113,0.0042525853650393075
1.3448,0.00020899659644046942,-1.9686584012515027,-2.0502150143547624,0.01657571220031014,0.16221618720607012,16.73080469558029,0.0042471801148526445
1.3456000000000001,0.0001119697226990013,-1.9893125584107452,-2.1010327442678545,0.01659740265886365,0.162397264372089,16.77823745140268,0.004241591259642408
1.3464,1.495794899675218e-05,-2.010223279100927,-2.1523989691527277,0.016619131462854347,0.1625785294374964,16.82604973027494,0.004235816517331459
1.3472,-8.203811360396607e-05,-2.0313941565843265,-2.204319938628032,0.016640898817328605,0.1627599828888151,16.87424658363652,0.004229853579778897
1.348,-0.00017901785166851703,-2.0528288416197142,-2.256801984279832,0.01666270492883937,0.16294162521558064,16.92283315077904,0.0042237001123891504
1.3488,-0.00027598064942591094,-2.074531043506937,-2.3098515209048855,0.016684550005426645,0.16312345691085284,16.97181466048258,0.004217353753946995
1.3496000000000001,-0.0003729258887243958,-2.0965045311624806,-2.363475047761881,0.016706434256655002,0.1633054784708179,17.021196432803016,0.004210812116183765
1.3504,-0.00046985294902990304,-2.118753134209186,-2.4176791498537114,0.016728357893618203,0.16348769039484523,17.070983880827796,0.00420407278346388
1.3512,-0.000566761207438482,-2.141280744092626,-2.472470499231463,0.01675032112893811,0.16367009318594228,17.121182512450865,0.0041971333125605526
1.352,-0.0006636500386447697,-2.164091315221242,-2.5278558563152274,0.016772324176814603,0.16385268735029968,17.171797932200484,0.004189991232205259
1.3528,-0.0007605188149479858,-2.1871888661263483,-2.58384207124152,0.016794367252993714,0.16403547339751867,17.222835843083082,0.004182644042839301
1.3536000000000001,-0.0008573669062397204,-2.2105774806510112,-2.640436085235706,0.016816450574813624,0.16421845184061112,17.27430204842802,0.0041750892162480124
1.3544,-0.0009541936799961626,-2.2342613091608996,-2.6976449320026177,0.016838574361198788,0.16440162319622686,17.32620245376475,0.0041673241952341344
1.3552,-0.0010509985012774337,-2.258244569778981,-2.7554757391473004,0.016860738832694417,0.16458498798431265,17.378543068743497,0.004159346393274754
1.356,-0.0011477807327036071,-2.282531549652333,-2.8139357296159915,0.01688294421143844,0.1647685467284532,17.431330009028656,0.004151153194134366
1.3568,-0.0012445397344666986,-2.3071266062386826,-2.873032223164728,0.01690519072124026,0.16495229995564387,17.48456949823874,0.004142741951592088
1.3576000000000001,-0.0013412748643075734,-2.3320341686225845,-2.932772637850917,0.016927478587529608,0.16513624819663164,17.538267869889935,0.0041341099890012944
1.3584,-0.001437985477510173,-2.357258738863237,-2.9931644915556035,0.01694980803740933,0.16532039198574466,17.592431569367534,0.004125254598967787
1.3592,-0.0015346709269064007,-2.3828048933636126,-3.054215403526541,0.01697217929966772,0.16550473186083536,17.64706715586219,0.004116173043008264
1.36,-0.0016313305628432584,-2.408677284275768,-3.115933095952755,0.016994592604770667,0.16568926836362152,17.70218130432336,0.00410686255109835
1.3608,-0.0017279637332028308,-2.4348806409305723,-3.1783253955649116,0.017017048184890388,0.16587400203928837,17.75778080747662,0.004097320321405168
1.3616000000000001,-0.001824569783374308,-2.4614197713013084,-3.2414002352647913,0.01703954627392742,0.16605893343700018,17.813872577747915,0.004087543519809667
1.3624,-0.0019211480562548733,-2.4882995634980034,-3.3051656557821616,0.01706208710751039,0.1662440631095592,17.87046364920463,0.004077529279603476
1.3632,-0.002017697892237713,-2.5155249872923093,-3.36962980736007,0.0170846709230219,0.16642939161363302,17.927561179540085,0.004067274701018669
1.3639999999999999,-0.0021142186291998044,-2.543101095678878,-3.4348009514756086,0.017107297959611825,0.1666149195097546,17.98517245195336,0.004056776850884347
1.3648,-0.002210709602499472,-2.5710330264656704,-3.50068746258205,0.017129968458199977,0.16680064736220857,18.043304877059732,0.00404603276220189
1.3656000000000001,-0.002307170144979942,-2.5993260038990513,-3.5672978298925955,0.017152682661506796,0.1669865757394291,18.101965994746216,0.004035039433804427
1.3664,-0.0024035995869295945,-2.6279853403314632,-3.634640659184697,0.017175440814067564,0.16717270521348837,18.161163476005598,0.004023793829820543
1.3672,-0.0024999972560941774,-2.657016437915672,-3.7027246746451965,0.017198243162245743,0.1673590363608355,18.22090512470085,0.004012292879340157
1.3679999999999999,-0.0025963624776743632,-2.68642479034051,-3.7715587207466115,0.01722108995423082,0.16754556976144386,18.281198879260955,0.004000533476023915
1.3688,-0.00269269457429977,-2.7162159846054976,-3.841151764152073,0.017243981440085335,0.1677323059997775,18.34205281435137,0.00398851247759055
1.3696000000000002,-0.0027889928660258523,-2.746395702832558,-3.9115128956611898,0.017266917871744666,0.16791924566422267,18.403475142433976,0.003976226705431324
1.3704,-0.0028852566703345683,-2.7769697241159292,-3.982651332186265,0.017289899503035135,0.1681063893471446,18.465474215227353,0.0039636729441780705
1.3712,-0.0029814853021166154,-2.807943926417181,-4.05457641876751,0.017312926589679558,0.16829373764539923,18.52805852504528,0.003950847941250002
1.3719999999999999,-0.003077678073653667,-2.8393242885000802,-4.127297630619751,0.017335999389343326,0.16848129115976462,18.59123670609668,0.003937748406360769
1.3728,-0.003173834294629252,-2.871116891904933,-4.200824575222441,0.01735911816161008,0.16866905049545267,18.655017535539727,0.003924371011129607
1.3736000000000002,-0.0032699532721102154,-2.9033279229702487,-4.275166994441975,0.017382283168045045,0.16885701626165428,18.719409934411587,0.003910712388600857
1.3744,-0.0033660343105279544,-2.9359636749015294,-4.350334766696619,0.017405494672159242,0.16904518907233523,18.784422968421595,0.0038967691327237985
1.3752,-0.003462076711682638,-2.969030549880273,-4.4263379091567,0.017428752939484336,0.16923356954544033,18.850065848498488,0.0038825377979307407
1.376,-0.003558079774730216,-3.0025350612237673,-4.503186579989915,0.01745205823754066,0.16942215830346186,18.91634793111099,0.003868014898665173
1.3768,-0.0036540427961716526,-3.0364838355928043,-4.580891080643596,0.017475410835885136,0.16961095597338272,18.983278718340394,0.0038531969088504425
1.3776,-0.0037499650698362696,-3.0708836152489596,-4.659461858167447,0.017498811006128403,0.16979996318644908,19.050867857698847,0.0038380802613925125
1.3784,-0.0038458458868850798,-3.1057412603632883,-4.73890950758755,0.01752225902191244,0.16998918057868195,19.119125141554846,0.003822661347738038
1.3792,-0.003941684535799572,-3.1410637513730535,-4.8192447743117555,0.01754575515899116,0.1701786087904793,19.188060506287187,0.003806936517336712
1.38,-0.004037480302353402,-3.1768581914004415,-4.900478556588496,0.017569299695205265,0.17036824846707077,19.25768403100892,0.0037909020770751645
1.3808,-0.004133232469627712,-3.2131318087153034,-4.982621908006763,0.017592892910526185,0.17055810025794926,19.328005935822347,0.0037745542908424745
1.3816,-0.004228940317982266,-3.2498919592638913,-5.065686040043715,0.017616535087036637,0.1707481648177236,19.399036579622134,0.003757889378934093
1.3824,-0.0043246031250560035,-3.287146129247702,-5.149682324658897,0.017640226508998755,0.17093844280543635,19.470786457390574,0.003740903517550548
1.3832,-0.0044202201657522755,-3.3249019377661284,-5.234622296935413,0.01766396746282588,0.17112893488507552,19.543266196772116,0.0037235928382644556
1.384,-0.004515790712229517,-3.36316713951706,-5.320517657774303,0.01768775823716616,0.17131964172534708,19.616486554205473,0.003705953427428993
1.3848,-0.004611314033889147,-3.401949627561862,-5.407380276632239,0.017711599122835743,0.1715105639997887,19.690458410035802,0.0036879813256512073
1.3856,-0.004706789397367239,-3.441257436150522,-5.495222194316625,0.017735490412904325,0.17170170238705396,19.76519276308106,0.0036696725272258868
1.3864,-0.00480221606652087,-3.481098743617082,-5.584055625829592,0.017759432402701565,0.17189305757062812,19.840700724148817,0.0036510229795444493
1.3872,-0.004897593302422454,-3.5214818753369457,-5.673892963265644,0.017783425389831315,0.17208463023894183,19.916993508640374,0.003632028582540331
1.388,-0.004992920363345199,-3.562415306755554,-5.764746778765357,0.017807469674164564,0.17227642108542796,19.99408242801819,0.0036126851880813327
1.3888,-0.005088196504748677,-3.6039076664902723,-5.856629827520123,0.017831565557916193,0.17246843080903318,20.071978880090654,0.003592988599376401
1.3896,-0.005183420979277931,-3.645967739497337,-5.949555050840331,0.017855713345625527,0.17266066011325165,20.150694338063538,0.0035729345703821858
1.3904,-0.005278593036733281,-3.688604470322332,-6.043535579272657,0.017879913344186787,0.1728531097073187,20.230240337986068,0.0035525188051321877
1.3912,-0.005373711924084867,-3.7318269664175716,-6.138584735785571,0.017904165862871906,0.17304578030535822,20.310628464675943,0.0035317369572430424
1.392,-0.0054687768854392305,-3.775644501545486,-6.234716039008617,0.01792847121336596,0.17323867262695103,20.391870335940652,0.0035105846291399734
1.3928,-0.00556378716203787,-3.8200665192569545,-6.331943206534561,0.017952829709749433,0.17343178739702125,20.47397758471144,0.0034890573715071482
1.3936,-0.0056587419922427,-3.8651026364561574,-6.430280158285086,0.0179772416685606,0.17362512534577945,20.556961839236592,0.0034671506826191023
1.3944,-0.005753640611518396,-3.910762647046596,-6.529741019940275,0.018001707408806737,0.17381868720906368,20.640834700761864,0.0034448600076420477
1.3952,-0.005848482252436393,-3.9570565256647114,-6.630340126434248,0.018026227251964767,0.17401247372816897,20.725607718696594,0.003422180738041458
1.396,-0.0059432661446437995,-4.003994431505248,-6.732092025514362,0.01805080152203493,0.17420648564990415,20.811292363029047,0.0033991082108583426
1.3968,-0.006037991514861174,-4.051586712234268,-6.8350114813725895,0.018075430545551975,0.17440072372670556,20.897899993512468,0.0033756377080335076
1.3976,-0.006132657586872758,-4.099843907998206,-6.939113478345007,0.01810011465159353,0.17459518871669388,20.98544182548617,0.003351764455721551
1.3984,-0.00622726358149972,-4.148776755530378,-7.044413224679829,0.018124854171833682,0.17478988138378782,21.073928891979484,0.003327483623554922
1.3992,-0.00632180871660315,-4.198396192353982,-7.150926156382866,0.018149649440530168,0.17498480249753356,21.163372001649876,0.003302790323992083
1.4,-0.006416292207057861,-4.248713361088846,-7.258667941130511,0.018174500794572144,0.17517995283338905,21.253781692238874,0.003277679611520423
1.4008,-0.006510713264745394,-4.2997396138618456,-7.367654482266175,0.01819940857350686,0.1753753331728376,21.345168179110892,0.003252146481952517
1.4016,-0.006605071098547799,-4.351486516823968,-7.477901922868,0.018224373119547943,0.1755709443032174,21.43754129826909,0.003226185871741505
1.4024,-0.006699364914308781,-4.403965854781006,-7.5894266498956995,0.01824939477761167,0.17576678701777837,21.530910443541465,0.0031997926570678237
1.4032,-0.0067935939148491276,-4.457189635931513,-7.702245298420962,0.01827447389534452,0.17596286211608003,21.625284497160564,0.0031729616532527594
1.404,-0.006887757299938957,-4.51117009672663,-7.816374755940956,0.01829961082312474,0.17615917040365048,21.7206717532329,0.0031456876138722945
1.4048,-0.006981854266273624,-4.565919706847012,-7.931832166766526,0.018324805914116914,0.17635571269221373,21.81707983345838,0.003117965229978592
1.4056,-0.007075884007478939,-4.621451174302138,-8.048634936511348,0.01835005952428117,0.17655248979997396,21.914515594214897,0.003089789129331555
1.4064,-0.007169845714080081,-4.6777774506586525,-8.166800736653158,0.018375372012406525,0.17674950255121757,22.01298502437927,0.0030611538755686563
1.4072,-0.0072637385734984905,-4.734911736392405,-8.286347509197867,0.018400743740130773,0.176946751776768,22.11249313293716,0.0030320539673927005
1.408,-0.007357561770015009,-4.792867486383045,-8.40729347142053,0.018426175071974693,0.17714423831387194,22.21304382541227,0.003002483837659109
1.4088,-0.007451314484789862,-4.8516584155347005,-8.52965712071773,0.01845166637535615,0.17734196300619942,22.314639768228744,0.0029724378526985173
1.4096,-0.007544995895806372,-4.911298504547631,-8.653457239536579,0.018477218020628215,0.1775399267044122,22.417282239815947,0.0029419103112533485
1.4104,-0.007638605177881286,-4.971802005827442,-8.77871290041412,0.018502830381105725,0.17773813026519747,22.520970967326008,0.002910895443729522
1.4112,-0.007732141502646561,-5.033183449545277,-8.90544347111279,0.01852850383308317,0.177936574552632,22.625703947724404,0.0028793874113328677
1.412,-0.007825604038513734,-5.095457649854893,-9.033668619851142,0.018554238755882378,0.17813526043704542,22.731477251855004,0.0028473803050249047
1.4128,-0.007918991950673249,-5.158639711260207,-9.163408320648387,0.01858003553185703,0.17833418879615692,22.8382848102518,0.0028148681447535684
1.4136,-0.0080123044010727,-5.222745035148023,-9.294682858769193,0.01860589454642004,0.17853336051433644,22.946118178877512,0.0027818448784517336
1.4144,-0.008105540548401291,-5.287789326489758,-9.42751283627615,0.018631816188118277,0.1787327764829456,23.054966283588293,0.0027483043811444285
1.4152,-0.008198699548053745,-5.353788600710857,-9.56191917769388,0.018657800848592684,0.17893243760062205,23.16481514134213,0.002714240453892791
1.416,-0.008291780552152073,-5.42075919073244,-9.69792313579012,0.018683848922655767,0.1791323447731088,23.2756475566988,0.0026796468230289028
1.4168,-0.008384782709466743,-5.488717754207187,-9.835546297460837,0.018709960808310472,0.17933249891348169,23.38744279171589,0.0026445171388745914
1.4176,-0.008477705165452543,-5.5576812809241005,-9.974810589748927,0.01873613690677468,0.17953290094192198,23.50017620751963,0.0026088449750031883
1.4184,-0.00857054706219873,-5.627667100418591,-10.115738285970906,0.018762377622514523,0.17973355178645534,23.613818875803027,0.0025726238271110424
1.4192,-0.0086633075384136,-5.698692889772133,-10.258352011970942,0.01878868336327086,0.179934452382156,23.72833715853767,0.002535847111973244
1.42,-0.008755985729408833,-5.770776681618656,-10.402674752501298,0.018815054540097267,0.18013560367199943,23.84369225420302,0.0024985081664548048
1.4208,-0.008848580767065628,-5.843936872357119,-10.548729857730109,0.018841491567381772,0.1803370066065213,23.959839709162523,0.0024606002463665733
1.4216,-0.008941091779825716,-5.918192230581099,-10.696541049878078,0.01886799486290215,0.18053866214410164,24.07672889284443,0.002422116525463036
1.4224,-0.009033517892669263,-5.993561905724334,-10.846132429998192,0.01889456484780621,0.18074057125079435,24.19430243577439,0.0023830500943237687
1.4232,-0.009125858227072126,-6.07006543694348,-10.99752848487492,0.018921201946715264,0.1809427349007251,24.31249563008754,0.0023433939591804287
1.424,-0.009218111901006854,-6.147722762224021,-11.1507540940853,0.018947906587695715,0.18114515407614817,24.431235792231092,0.002303141040872203
1.4248,-0.009310278028898944,-6.2265542277365284,-11.305834537182363,0.018974679202332607,0.18134782976721908,24.5504415888509,0.0022622841736203436
1.4256,-0.009402355721616074,-6.306580597432514,-11.462795501040318,0.01900152022571669,0.181550762972563,24.670022327329775,0.002220816103906842
1.4264000000000001,-0.009494344086430795,-6.387823062905113,-11.621663087337879,0.01902843009653237,0.18175395469893374,24.789877213600512,0.002178729489262843
1.4272,-0.009586242227000552,-6.470303253506472,-11.782463820198814,0.01905540925706205,0.18195740596155474,24.909894581317445,0.002136016897058446
1.428,-0.00967804924333815,-6.554043246736285,-11.945224653990977,0.01908245815321829,0.18216111778428967,25.02995109777114,0.002092670803284069
1.4288,-0.009769764231783773,-6.639065578915279,-12.109972981276087,0.019109577234587515,0.18236509119947186,25.149910954112116,0.0020486835912935097
1.4296,-0.009861386284973683,-6.725393256138943,-12.276736640930494,0.01913676695445933,0.18256932724835906,25.269625049405157,0.002004047550523025
1.4304000000000001,-0.009952914491818898,-6.813049765532526,-12.445543926426126,0.019164027769870248,0.18277382698079236,25.388930180610025,0.001958754875237778
1.4312,-0.010044347937464004,-6.902059086808549,-12.61642359428572,0.01919136014163772,0.18297859145576467,25.507648253408377,0.0019127976631781451
1.432,-0.010135685703261621,-6.992445704140266,-12.789404872703358,0.019218764534375963,0.18318362174142067,25.62558553201079,0.001866167914233774
1.4328,-0.010226926866738872,-7.084234618359858,-12.964517470355645,0.01924624141657039,0.18338891891482945,25.74253194954995,0.001818857529109652
1.4336,-0.010318070501562748,-7.177451359485644,-13.141791585377177,0.019273791260565564,0.1835944840626098,25.858260504287273,0.001770858307894474
1.4344000000000001,-0.010409115677506686,-7.272121999600415,-13.32125791453393,0.019301414542646292,0.18380031828070287,25.972526770773413,0.0017221619487099993
1.4352,-0.010500061460411714,-7.368273166080428,-13.502947662578322,0.019329111743073647,0.1840064226745426,26.085068559030795,0.0016727600462204117
1.436,-0.010590906912162024,-7.4659320551864425,-13.686892551802202,0.019356883346076645,0.1842127983594537,26.195605758383266,0.001622644090274572
1.4368,-0.01068165109061936,-7.565126446041916,-13.873124831776181,0.019384729839947847,0.18441944646036745,26.30384040591006,0.0015718054642484547
1.4376,-0.010772293049620907,-7.665884714986191,-14.061677289309046,0.019412651717041735,0.1846263681122764,26.40945702207599,0.0015202354437529042
1.4384000000000001,-0.010862831838899467,-7.768235850343672,-14.252583258588857,0.019440649473827006,0.18483356446012067,26.51212325762556,0.001467925194874431
1.4392,-0.010953266504076797,-7.8722094675870835,-14.445876631556189,0.019468723610948535,0.1850410366594133,26.611490895731485,0.0014148657728207947
1.44,-0.011043596086597662,-7.977835824946567,-14.641591868478827,0.019496874633217923,0.18524878587578542,26.70719725146222,0.0013610481201729585
1.4408,-0.011133819623684538,-8.08514583944418,-14.839764008744623,0.019525103049697602,0.18545681328532737,26.798867006753568,0.0013064630652960263
1.4416,-0.011223936148309632,-8.194171103385543,-15.040428681889125,0.019553409373732834,0.18566512007504343,26.886114511355544,0.0012511013207574528
1.4424000000000001,-0.011313944689119615,-8.304943901323611,-15.243622118837152,0.01958179412296929,0.18587370744273812,26.96854657087212,0.0011949534814970075
1.4432,-0.011403844270408414,-8.417497227493811,-15.449381163393468,0.019610257819419722,0.1860825765972436,27.045765728679882,0.0011380100232560308
1.444,-0.011493633912049273,-8.531864803760982,-15.657743283954005,0.01963880098951522,0.18629172875847644,27.11737403234855,0.0010802613007106499
1.4448,-0.01158331262945611,-8.648081098064551,-15.868746585479016,0.019667424164087094,0.18650116515772197,27.182977254903903,0.0010216975457876254
1.4456,-0.01167287943350137,-8.766181343408277,-16.08242982169645,0.01969612787850578,0.18671088703803207,27.242189519130463,0.00096230886569032
1.4464000000000001,-0.011762333330486818,-8.886201557383117,-16.29883240757647,0.019724912672642453,0.18692089565399783,27.29463824892013,0.0009020852411810165
1.4472,-0.011851673322059941,-9.008178562266494,-16.517994432051182,0.019753779090938544,0.18713119227226116,27.33996934788447,0.0008410165246077739
1.448,-0.011940898405170097,-9.132150005691983,-16.739956671008827,0.01978272768247046,0.18734177817151476,27.37785248244211,0.000779092438010609
1.4488,-0.012030007571974144,-9.258154381937288,-16.964760600544764,0.019811759000951577,0.1875526546428432,27.407986327026194,0.0007163025710306137
1.4496,-0.012118999809801356,-9.386231053812082,-17.192448410509883,0.019840873604837415,0.18776382299000716,27.430103614787072,0.0006526363790416712
1.4504000000000001,-0.01220787410105173,-9.51642027520677,-17.42306301831536,0.019870072057330494,0.18797528452944334,27.44397582928697,0.0005880831809488285
1.4512,-0.012296629423132144,-9.648763214291137,-17.65664808304132,0.01989935492639014,0.1881870405906625,27.449417373664232,0.0005226321571243364
1.452,-0.012385264748397518,-9.78330197739939,-17.893248019838552,0.01992872278486831,0.18839909251653353,27.44628906323524,0.00045627234732914523
1.4528,-0.01247377904403213,-9.92007963362812,-18.132908014614713,0.01995817621051064,0.18861144166328359,27.43450080701239,0.0003889926483484074
1.4536,-0.012562171271990108,-10.059140240154875,-18.37567403904518,0.019987715785960394,0.18882408940112327,27.414013371195544,0.0003207818118289296
1.4544000000000001,-0.012650440388892625,-10.200528868320248,-18.621592865875414,0.020017342098896183,0.18903703711436037,27.384839152741307,0.00025162844192666567
1.4552,-0.012738585345949849,-10.344291630479063,-18.870712084562683,0.02004612198010301,0.1892502862016272,27.34704193110185,0.00018152099300566826
1.456,-0.01282660508884248,-10.49047570766686,-19.123080117218706,0.01997590874887663,0.189463838076108,27.30073560856126,0.00011044776709440152
1.4568,-0.012914498557642706,-10.63912937809016,-19.378746234904384,0.01990521840110215,0.18967769416622104,27.24608199056027,3.8396911543170376e-05
1.4576,-0.013002264686686082,-10.790302046482566,-19.63776057424377,0.019834048287691444,0.18989185591573232,27.183287695973405,-3.464358364352327e-05
1.4584000000000001,-0.01308990240446073,-10.944044274352052,-19.900174154390584,0.019762395740360022,0.19010632478386924,27.11260031848815,-0.00010868588841644877
1.4592,-0.01317741063351796,-11.100407811134517,-20.16603889434964,0.019690258071436796,0.19032110224611642,27.03430398418456,-0.00018374233518758665
1.46,-0.013264788290304086,-11.259445626318325,-20.43540763063777,0.019617632573754838,0.19053618979438625,26.948714465274506,-0.0002598254218257323
1.4608,-0.013352034285064152,-11.421211942534228,-20.70833413533012,0.019544516520376493,0.1907515889372462,26.856174014882484,-0.0003369478143211424
1.4616,-0.013439147521697503,-11.585762269669033,-20.984873134462077,0.019470907164522547,0.19096730120088523,26.757046084772035,-0.0004151223496995926
1.4624000000000001,-0.013526126897590474,-11.753153440036442,-21.265080326810335,0.019396801739276222,0.19118332812911376,26.651710076161557,-0.0004943620391364978
1.4632,-0.01361297130351291,-11.923443644621159,-21.54901240307163,0.019322197457500793,0.19139967128370472,26.540556257389838,-0.0005746800707684963
1.464,-0.013699679623414673,-12.096692470464973,-21.8367270654129,0.01924709151158019,0.19161633224558727,26.423980959988917,-0.0006560898130975046
1.4648,-0.013786250734283967,-12.272960939206769,-22.12828304743664,0.01917148107327313,0.1918333126145626,26.302382141814142,-0.0007386048180880733
1.4656,-0.01387268350595472,-12.452311546830174,-22.423740134542527,0.01909536329348253,0.1920506140104976,26.17615538112816,-0.0008222388245979206
1.4664000000000001,-0.013958976800933609,-12.63480830466375,-22.723159184706333,0.019018735302111664,0.19226823807360915,26.045690342613383,-0.000907005761771551
1.4672,-0.014045129474205331,-12.820516781659023,-23.026602149683413,0.018941594207823903,0.19248618646514615,25.91136773466394,-0.0009929197525669897
1.468,-0.014131140373004558,-13.009504148025485,-23.33413209662001,0.018863937097871954,0.19270446086824222,25.773556759320137,-0.0010799951175669564
1.4688,-0.014217008336643189,-13.201839220224997,-23.645813230134877,0.018785761037884624,0.19292306298831363,25.63261304040241,-0.0011682463784828956
1.4696,-0.014302732196205037,-13.397592507431625,-23.96171091478982,0.018707063071670946,0.19314199455419612,25.488877003949582,-0.0012576882625272012
1.4704000000000002,-0.014388310774388957,-13.596836259433985,-24.28189169807058,0.018627840221012798,0.19336125731859966,25.342672676367556,-0.001348335705932402
1.4712,-0.014473742885185992,-13.799644516116189,-24.606423333770636,0.018548089485440154,0.19358085305924533,25.194306859945947,-0.0014402038585408228
1.472,-0.014559027333633567,-14.006093158503688,-24.935374805862466,0.018467807842058395,0.19380078357983166,25.044068642382612,-0.0015333080879635919
1.4727999999999999,-0.014644162915526948,-14.216259961470541,-25.26881635283962,0.01838699224529083,0.19402105071077358,24.892229196076194,-0.001627663984109351
1.4736,-0.014729148417102711,-14.430224648157775,-25.606819492523073,0.01830563962670791,0.19424165631045298,24.739041823757283,-0.0017232873638770574
1.4744000000000002,-0.014813982614720556,-14.648068946157196,-25.94945704735221,0.018223746894735153,0.19446260226652612,24.584742208949763,-0.0018201942759745182
1.4752,-0.014898664274519136,-14.869876645537488,-26.296803170175394,0.018141310934520892,0.19468389049671941,24.429548833008347,-0.0019184010059504764
1.476,-0.014983192152048574,-15.095733658774293,-26.64893337052399,0.018058328607621073,0.1949055229505916,24.273663523518366,-0.0020179240814500177
1.4768,-0.015067564991884552,-15.325728082651437,-27.005924541388936,0.01797479675183625,0.19512750161084114,24.117272103222973,-0.002118780277619914
1.4776,-0.015151781527214636,-15.559950262212169,-27.36785498650852,0.017890712180929108,0.1953498284947841,23.96054511190053,-0.0022209866228379282
1.4784000000000002,-0.015235840479391305,-15.798492856838266,-27.734804448164482,0.01780607168440179,0.19557250565594586,23.80363857804192,-0.002324560404608822
1.4792,-0.015319740557482198,-16.04145090851989,-28.106854135494814,0.01772087202725772,0.19579553518622106,23.646694820210527,-0.0024295191757275902
1.48,-0.015403480457754637,-16.28892191242744,-28.484086753331667,0.01763510994972695,0.19601891921729475,23.489843261727202,-0.002535880760770548
1.4808,-0.015487058863158487,-16.54100588984079,-28.866586531564394,0.017548782167029965,0.19624265992337087,23.333201245056472,-0.002643663262816065
1.4816,-0.015570474442768156,-16.797805463548173,-29.254439255034185,0.017461885369116473,0.19646675952282067,23.176874835080824,-0.002752885070465616
1.4824,-0.015653725851144884,-17.059425935802267,-29.647732293945182,0.01737441622036377,0.19669122028130914,23.020959602831688,-0.0028635648654419255
1.4832,-0.015736811727743327,-17.32597536891916,-30.04655463485244,0.017286371359329027,0.19691604451384137,22.86554138310362,-0.0029757216301156686
1.484,-0.01581973069618925,-17.597564668643656,-30.45099691214193,0.0171977473984573,0.19714123458851418,22.71069700131129,-0.003089374655828203
1.4848,-0.015902481363560872,-17.8743076703704,-30.861151440079766,0.017108540923766437,0.19736679292901727,22.55649496618492,-0.0032045435514449494
1.4856,-0.015985062319601062,-18.15632122833773,-31.27711224539496,0.01701874849456468,0.197592722018328,22.40299612625121,-0.0033212482523661824
1.4864,-0.016067472135882,-18.44372530791202,-31.69897510040198,0.016928366643099053,0.19781902440297472,22.250254288948383,-0.003439509030064458
1.4872,-0.01614970936489979,-18.73664308108556,-32.12683755666171,0.01683739187425756,0.1980457026966178,22.098316802098473,-0.00355934650215628
1.488,-0.01623177253911423,-19.03520102530183,-32.56079897918687,0.01674582066519055,0.19827275958510882,21.947225097774876,-0.003680781643006892
1.4888,-0.016313660169931077,-19.339529025760214,-33.00096058118072,0.016653649464959036,0.1985001978313221,21.797015199609987,-0.0038038357948730894
1.4896,-0.016395370746578597,-19.649760481325927,-33.447425459303986,0.01656087469415612,0.1987280202807824,21.64771819453823,-0.003928530679904729
1.4904,-0.01647690273492386,-19.966032414196548,-33.90029862946528,0.01646749274446472,0.1989562298678038,21.499360670151255,-0.004054888412704627
1.4912,-0.016558254576201192,-20.28848558347022,-34.3596870631452,0.0163734999782597,0.1991848296221974,21.35196511957305,-0.00418293151368998
1.492,-0.016639424685648718,-20.61726460278129,-34.825699724217316,0.01627889272812139,0.19941382267666086,21.205550315286047,-0.004312682923263533
1.4928,-0.016720411451030093,-20.952518062173397,-35.298447606279524,0.016183667296356768,0.19964321227496384,21.060131653718976,-0.004444166016947804
1.4936,-0.01680121323104422,-21.294398654377346,-35.77804377047278,0.016087819954435863,0.1998730017812136,20.915721472348856,-0.004577404621557091
1.4944,-0.01688182835363694,-21.643063305681437,-36.264603383779445,0.01599134694244944,0.20010319468985927,20.772329341176388,-0.004712423032234236
1.4952,-0.016962255114149505,-21.99867331159578,-36.75824375778154,0.015894244468429783,0.2003337946366628,20.629962330079707,-0.004849246030891985
1.496,-0.017042491773357926,-22.361394477489114,-37.25908438787599,0.015796508707681154,0.2005648054113749,20.488625253971364,-0.004987898905727262
1.4968,-0.017122536555321033,-22.731397264457826,-37.7672469928948,0.015698135802015862,0.2007962309714344,20.34832089721811,-0.0051284074722758866
1.4976,-0.017202387645107953,-23.108856940590783,-38.28285555516311,0.015599121858911293,0.20102807545771384,20.209050218879646,-0.005270798095774243
1.4984,-0.017282043186299556,-23.49395373793152,-38.806036360910184,0.015499462950559028,0.2012603432110609,20.070812540203846,-0.00541509771535903
1.4992,-0.017361501278316704,-23.886873015341052,-39.3369180410466,0.015399155112808009,0.20149303879236413,19.933605715835036,-0.005561333869925356
1.5,-0.017440759973526565,-24.287805427547482,-39.875631612279335,0.01529819434400553,0.20172616700369872,19.797426289914192,-0.00570953472600938
1.5008,-0.017519817274141536,-24.69694710065886,-40.42231051851252,0.01519657660363014,0.20195973291254177,19.662269638310384,-0.005859729107628553
1.5016,-0.01759867112882385,-25.114499814433316,-40.97709067251219,0.015094297810797347,0.20219374187934136,19.528130098126276,-0.006011946528708789
1.5024000000000002,-0.017677319429048044,-25.54067119162704,-41.540110497802516,0.014991353842508999,0.20242819958826885,19.395001085391456,-0.006166217227940973
1.5032,-0.01775576000517609,-25.975674894736528,-42.11151097074924,0.01488774053169456,0.20266311208149546,19.26287520209644,-0.0063225722062486
1.504,-0.01783399062218871,-26.419730830514766,-42.69143566278808,0.014783453664884302,0.2028984857988121,19.13174433317338,-0.006481043267605513
1.5048,-0.017912008975091376,-26.873065362612692,-43.28003078276174,0.014678488979608814,0.20313432762191042,19.001599734471682,-0.0066416630629952955
1.5056,-0.017989812683946615,-27.33591153276501,-43.87744521931995,0.014572842161303272,0.20337064492508716,18.87243211228487,-0.006804465138057991
1.5064000000000002,-0.018067399288515862,-27.80850929094146,-44.483830583334566,0.014466508839722201,0.20360744563220123,18.744231695100176,-0.00696948398468894
1.5072,-0.01814476624243444,-28.291105734927726,-45.099341250274165,0.014359484584772196,0.20384473828295313,18.61698829823225,-0.007136755097306047
1.508,-0.01822191090701919,-28.7839553598061,-45.72413440254218,0.014251764901558455,0.20408253210649718,18.490691381751247,-0.007306315033275668
1.5088,-0.01829883054447845,-29.287320317909803,-46.3583700716631,0.014143345224579393,0.20432083710863935,18.365330102202705,-0.007478201479360347
1.5096,-0.018375522310689507,-29.80147068976055,-47.0022111803371,0.014034220910836382,0.20455966416869842,18.240893358471887,-0.007652453323356401
1.5104000000000002,-0.0184519832474066,-30.32668476664935,-47.655823584335394,0.013924387231625215,0.2047990251538181,18.117369832047565,-0.007829110732163747
1.5112,-0.018528210273895174,-30.86324934548361,-48.31937611416993,0.013813839362776342,0.20503893304857002,17.994748022007336,-0.008008215236788407
1.512,-0.018604200177995023,-31.41146003664022,-48.993040616594044,0.013702572372904244,0.205279402106612,17.873016274642993,-0.008189809824762029
1.5128,-0.01867994960660546,-31.971621585578646,-49.67699199592607,0.013590581209290393,0.20552044802502678,17.752162807921295,-0.00837393904053213
1.5136,-0.01875545505551679,-32.54404820907541,-50.37140825521192,0.013477860680913976,0.20576208814793517,17.632175730671563,-0.008560649095168515
1.5144000000000002,-0.01883071285875726,-33.12906394694602,-51.076470537396744,0.013364405437715174,0.20600434170279414,17.513043056008186,-0.008749987985087415
1.5152,-0.01890571917731565,-33.727003030315075,-51.792363166531686,0.013250209945489644,0.20624723007807688,17.39475270890039,-0.008942005621746019
1.516,-0.01898046998747671,-34.33821026742521,-52.5192736893116,0.013135268455136549,0.20649077714699615,17.27729252691605,-0.009136753972070588
1.5168,-0.019054961068715626,-34.96304144826115,-53.25739291713057,0.013019574964903587,0.20673500964903724,17.16065025343424,-0.009334287211589576
1.5176,-0.019129187991509533,-35.60186376915408,-54.00691496914442,0.012903123173834765,0.20697995763907784,17.04481352181181,-0.009534661889803064
1.5184,-0.019203146105079227,-36.25505627886753,-54.76803731673226,0.012785906424097063,0.20722565501915824,16.92976982889791,-0.009737937110281925
1.5192,-0.01927683052561746,-36.92301034757622,-55.540960830179756,0.012667917629143028,0.2074721401683064,16.81550649523691,-0.00994417472476028
1.52,-0.01935023612527087,-37.60613016043288,-56.325889828373874,0.01254914918390354,0.20771945669224579,16.702010608958524,-0.010153439543590381
1.5208,-0.01942335752262958,-38.30483323742669,-57.123032132788694,0.012429592851776802,0.20796765431765607,16.589268948649135,-0.010365799562440658
1.5216,-0.019496189075461468,-39.019550981424004,-57.93259912720532,0.012309239621728875,0.2082167899627052,16.477267879449116,-0.010581326206956287
1.5224,-0.01956872487685901,-39.75072925630559,-58.754805825195035,0.01218807952658353,0.20846692902205177,16.36599321421899,-0.01080009459613368
1.5232,-0.01964095875622185,-40.49882899724787,-59.589870947845384,0.012066101410509815,0.20871814691349755,16.255430028812803,-0.011022183826132514
1.524,-0.019712884286965826,-41.2643268551418,-60.43801701487405,0.011943292629637982,0.20897053094495277,16.14556241643799,-0.011247677276907841
1.5248,-0.019784494803527064,-42.04771587706239,-61.29947045322956,0.01181963866406749,0.20922418257282516,16.036373160521094,-0.011476662944626514
1.5256,-0.019855783430788088,-42.84950622452857,-62.174461728097185,0.011695122611431538,0.20947922013914422,15.927843297375851,-0.011709233806247554
1.5264,-0.019926743130199376,-43.6702259307591,-63.06322550270875,0.011569724521060495,0.20973578219241062,15.819951528703925,-0.011945488225287071
1.5272000000000001,-0.019997366767880664,-44.51042169753191,-63.96600083463636,0.011443420511754255,0.20999403151756724,15.712673427676151,-0.012185530415370627
1.528,-0.020067647211580497,-45.37065973099129,-64.88303141816641,0.011316181593306916,0.21025416001879194,15.605980358453863,-0.012429470988645663
1.5288,-0.02013757746511846,-46.25152661407844,-65.81456588432752,0.01118797207878591,0.2105163946143307,15.499837994442089,-0.012677427634782079
1.5296,-0.020207150851166977,-47.15363021066639,-66.76085817244302,0.011058747426229573,0.21078100430258928,15.394204269046725,-0.012929526006396075
1.5304,-0.020276361255834874,-48.07760059279349,-67.72216798958175,0.01092845127701254,0.21104830852192435,15.289026515799655,-0.013185900936056427
1.5312000000000001,-0.020345203451566096,-49.02409097722273,-68.6987613766812,0.010797011352190456,0.21131868682260802,15.184237438822478,-0.013446698189912398
1.532,-0.020413673518129505,-49.99377865040822,-69.69091140221235,0.010664333708714748,0.2115925896152362,15.079749377803168,-0.013712077093275044
1.5328,-0.020481769384956494,-50.98736585131803,-70.69889900541216,0.010530294616978362,0.21187054921335857,14.975446060024154,-0.013982214573299512
1.5336,-0.020549491521147933,-52.00558056889395,-71.72301401038635,0.010394728955489149,0.2121531892773305,14.87117061199934,-0.014257311502678283
1.5344,-0.020616843801366413,-53.04917719472496,-72.76355632838249,0.010257413461969133,0.21244122853283898,14.766707950367149,-0.014537602774802205
1.5352000000000001,-0.020683834575538795,-54.11893695154265,-73.82083735622359,0.010118042337141107,0.2127354702173534,14.6617586581744,-0.014823373414723173
1.536,-0.02075047796540941,-55.21566799491154,-74.89518156122585,0.009976191441131276,0.21303675996750826,14.55589989477243,-0.015114984424708044
1.5368,-0.020816795399149934,-56.3402050604833,-75.9869282133559,0.009831265521710672,0.2133458775587087,14.448526553443202,-0.015412914248782661
1.5376,-0.020882817372216644,-57.49340850615715,-77.09643317911082,0.009682420568052397,0.21366329358477287,14.338762599371279,-0.015717825079510916
1.5384,-0.020948585383807616,-58.676162584141935,-78.22407062425964,0.009528451066224294,0.21398865409162227,14.22532858639861,-0.016030668039873963
1.5392000000000001,-0.02101415393842021,-59.88937278351784,-79.3702343806392,0.009367632175115565,0.21431972228890572,14.106348882084959,-0.016352847326990383
1.54,-0.02107959241701962,-61.13396212603618,-80.53533861648202,0.009197518094234976,0.21465025013242212,13.979089051781429,-0.016686468221117745
1.5408,-0.021144986512243724,-62.41086639827472,-81.71981731965843,0.009014745125421237,0.2149657949067887,13.839654562988905,-0.01703468775525052
1.5416,-0.021210438795242648,-63.72102848589418,-82.9241219820467,0.00881503774798664,0.21523582016567389,13.682821942834579,-0.017402140340496808
1.5424,-0.021276067861498937,-65.06539225819665,-84.14871680550732,0.008594019829012941,0.21540000595848596,13.502557695014062,-0.0177952504271639
1.5432000000000001,-0.021342005432208433,-66.44489683106622,-85.39407080180081,0.00835031780191775,0.21534903190217847,13.29460780668989,-0.0182218440177756
1.544,-0.02140839083133539,-67.86047246834039,-86.6606464129452,0.008093619096163764,0.21491293012076085,13.063594187723332,-0.018688838879377
1.5448,-0.0214753624907017,-69.31303975878848,-87.94888480585564,0.00785910787143745,0.21390489819907543,12.836076050135738,-0.0191969176420832
1.5455999999999999,-0.021543046612710948,-70.8035138528852,-89.25918880885138,0.007718361226377922,0.21230237783191797,12.672826209068702,-0.019734603347550395
1.5464,-0.021611543833382263,-72.33281525008181,-90.59190545302931,0.007755238848819469,0.21054639566949618,12.659503949321788,-0.02027872328215241
1.5472000000000001,-0.02168091555181184,-73.90188773558896,-91.94731099316095,0.007984132761915183,0.20961479573037423,12.85512688888457,-0.020796859300484027
1.548,-0.021751172270941477,-75.51172259648433,-93.32560171876389,0.00827176843006129,0.2103931382312112,13.204880419755582,-0.0212359272592737
1.5488,-0.02182226650098268,-77.16338650476837,-94.72689344136052,0.008408482276460447,0.21265087356096046,13.507454314411191,-0.021536124760576758
1.5495999999999999,-0.021894092259232334,-78.85804900938228,-96.15123110772925,0.008314085590728645,0.21516724813028532,13.590280905161585,-0.021699055897612785
1.5504,-0.021966491953501033,-80.59700506295508,-97.5986078050978,0.008072772597967412,0.21705887974633242,13.479604399137365,-0.02179172832638021
1.5512000000000001,-0.022039269788175053,-82.38168879092575,-99.0689901662438,0.007788710801729062,0.21822957122782327,13.288283911942933,-0.021877380480311848
1.552,-0.022112209339620326,-84.21367664320553,-100.56234566420676,0.007514257240354585,0.21890981272798626,13.08847074091419,-0.02198586023737048
1.5528,-0.022185092139658857,-86.09468049652799,-102.07866705794095,0.007263494742409463,0.21931891656453217,12.905416200924485,-0.022124676979408675
1.5535999999999999,-0.0222577142186825,-88.02653335361322,-103.61799032069825,0.007035242673061073,0.21959349198675682,12.742845230935082,-0.02229262384463704
1.5544,-0.02232989844447808,-90.01117138373127,-105.18040424703668,0.0068245412500688475,0.2198071274292488,12.597873656199639,-0.022486369792265815
1.5552000000000001,-0.022401501734300888,-92.05061601315037,-106.76605187258383,0.00662656356868678,0.2199970495240109,12.466570734179555,-0.022702683026599835
1.556,-0.02247241736969885,-94.14695888486165,-108.37512527137801,0.006437525796955671,0.2201813801808612,12.345546293641362,-0.02293893042822881
1.5568,-0.022542573416097333,-96.30235125455079,-110.00785597264075,0.0062546662298347665,0.2203685536126727,12.232208903637186,-0.023193046715793808
1.5575999999999999,-0.022611928566320494,-98.51899821637289,-111.6645032327126,0.006076017180250972,0.2205621705639942,12.124658529675344,-0.02346339472276171
1.5584,-0.02268046667730611,-100.79915731434153,-113.34534195827405,0.005900182487343588,0.22076345626840066,12.021518983882181,-0.023748639670299276
1.5592000000000001,-0.02274819100704134,-103.14514065251217,-115.05065147263872,0.005726166317453861,0.22097250016435055,11.921792703613889,-0.024047660610457378
1.56,-0.022815118827276104,-105.55931950151046,-116.78070574436742,0.005553251362942668,0.22118888018508187,11.824751518795608,-0.024359493909942964
1.5608,-0.022881276783679683,-108.04413049180255,-118.53576525779522,0.005380914664345799,0.22141197508261712,11.729858587462388,-0.02468329866142205
1.5615999999999999,-0.02294669714305342,-110.60208267562757,-120.31607042105088,0.005208769916927907,0.22164111772900696,11.636713623810316,-0.02501833550221
1.5624,-0.023011414914898942,-113.23576495085456,-122.12183625718376,0.005036527867060889,0.2218756671062465,11.54501461461139,-0.025363953023956665
1.5632000000000001,-0.02307546575037378,-115.94785352716053,-123.95324807055749,0.004863968946446912,0.22211503884932426,11.454530968870898,-0.025719578217656247
1.564,-0.023138884485993105,-118.74111926094247,-125.81045778621069,0.004690924189203572,0.22235871496303616,11.36508455245255,-0.02608470896004289
1.5648,-0.02320170419516865,-121.61843478764138,-127.69358069581517,0.004517261785946429,0.22260624342567326,11.276536171464613,-0.026458907512355134
1.5655999999999999,-0.023263955622698618,-124.58278144689439,-129.60269239002832,0.004342877506703166,0.22285723323625461,11.188775844017414,-0.026841794560959142
1.5664,-0.023325666897278552,-127.63725603409534,-131.53782570337967,0.0041676878046676795,0.2231113477559461,11.101715727283434,-0.02723304361918133
1.5672000000000001,-0.02338686343792501,-130.7850774317401,-133.49896753746725,0.003991624796717979,0.2233682977675926,11.01528492255558,-0.027632375752185245
1.568,-0.023447567990012685,-134.02959318074022,-135.48605546054569,0.0038146325724867924,0.22362783492081917,10.929425622155954,-0.028039554638273012
1.5688,-0.02350780074283365,-137.3742860520664,-137.49897400514396,0.003636664453012979,0.22388974584498555,10.844090223800407,-0.02845438199575312
1.5695999999999999,-0.023567579494244262,-140.8227806747716,-139.53755060304047,0.0034576809356431926,0.22415384700275354,10.759239149648458,-0.028876693394754627
1.5704,-0.023626919837789362,-144.37885027111292,-141.6015511075268,0.003277648139833231,0.22441998026886267,10.674839183515097,-0.0293063544640092
1.5712000000000002,-0.02368583535569091,-148.0464235433119,-143.69067486053905,0.0030965366219513207,0.2246880091677781,10.590862192449194,-0.029743257486996577
1.572,-0.023744337806130722,-151.82959175125836,-145.80454926489688,0.002914320464683538,0.22495781569574547,10.50728413617096,-0.030187318375626382
1.5728,-0.023802437297230528,-155.73261601582158,-147.94272382312897,0.0027309765725594924,0.22522929764886612,10.424084293934072,-0.03063847400138231
1.5735999999999999,-0.023860142442300614,-159.75993487895823,-150.1046636026931,0.002546484123320968,0.22550236638977594,10.341244657017498,-0.03109667986370468
1.5744,-0.023917460492131892,-163.91617214966845,-152.28974208425007,0.0023608241378815977,0.22577694499057088,10.258749448541593,-0.031561908077299305
1.5752000000000002,-0.023974397440140738,-168.20614506423942,-154.49723334450505,0.002173979140485359,0.2260529667075275,10.176584741895866,-0.03203414566980001
1.576,-0.02403095809514305,-172.6348727900795,-156.72630351778048,0.001985932887084367,0.2263303737448723,10.094738156364137,-0.032513393196508145
1.5768,-0.024087146114020852,-177.20758530584283,-158.97600146999685,0.0017966701435333313,0.2266091162786097,10.013198613423228,-0.03299966370917018
1.5776,-0.024142963982117183,-181.9297326963956,-161.24524860353745,0.001606176497603272,0.2268891517122711,9.931956141035563,-0.03349298216444241
1.5784,-0.02419841292150704,-186.80699491103815,-163.53282768768804,0.001414438189432786,0.22717044413241183,9.851001715612547,-0.03399338544297559
1.5792000000000002,-0.02425349269420579,-191.84529204768967,-165.83737057103326,0.001221441945091913,0.22745296391730108,9.77032713281897,-0.03450092329666521
1.58,-0.024308201245849537,-197.05079524462815,-168.15734456788482,0.001027174798030165,0.227736687420645,9.689924898810148,-0.035015660785234326
1.5808,-0.024362534097740196,-202.429938281874,-170.4910371962676,0.000831623885521925,0.22802159660159305,9.609788133193817,-0.03553768318565276
1.5816,-0.024416483331597516,-207.989430001227,-172.83653873818844,0.0006347762146823675,0.22830767840503086,9.529910474289522,-0.036067105059938265
1.5824,-0.024470035903208842,-213.7362675988188,-175.19172170840784,0.0004366184091666222,0.22859492363011213,9.45028597707283,-0.036604086328964947
1.5832000000000002,-0.024523170846480313,-219.6777505774503,-177.55421560281184,0.00023713647600254358,0.22888332501406694,9.37090899642925,-0.0371488600235409
1.584,-0.024575854684504184,-225.82149423321425,-179.92137400353135,3.6315669913744575e-05,0.22917287437559253,9.291774054956711,-0.03770177887661097
1.5848,-0.024628034187417103,-232.17543876762807,-182.29022902585052,-0.00016585943479867186,0.2294635589939844,9.212875707633799,-0.038263389718110385
1.5856,-0.02467962628853637,-238.74784224207838,-184.65742597174517,-0.00036940455652477444,0.2297553579701912,9.134208433217289,-0.038834538198907254
1.5864,-0.024730509651081922,-245.54722564922668,-187.01913532752087,-0.0005743349675653882,0.23004823993193213,9.055766596136934,-0.039416461176683626
1.5872000000000002,-0.024780540840682763,-252.5822009083147,-189.37097853243813,-0.0007806645239968081,0.23034216369734395,8.977544519515028,-0.04001064505197127
1.588,-0.024829664848771416,-259.86111269399044,-191.70815526319348,-0.00098840476876463,0.23063708289890883,8.899536677652087,-0.04061777050576365
1.5888,-0.024878205057876523,-267.39177495528565,-194.0262000692701,-0.001197564505372676,0.23093295399115732,8.821737961305878,-0.04123489450537576
1.5896,-0.024927066602027925,-275.18250734586127,-196.32216412287926,-0.0014081501252656108,0.23122974522686945,8.744143920469888,-0.04185340146293581
1.5904,-0.024977061741050854,-283.24455529848456,-198.59370893096684,-0.0016201666628155795,0.23152744329519237,8.666750884338008,-0.04246545473368346
1.5912000000000002,-0.02502796606262686,-291.5917346242236,-200.83581621642088,-0.0018336192198146178,0.23182605517945376,8.58955590855048,-0.043073233386011656
1.592,-0.02507897342786569,-300.23724244822256,-203.040474777368,-0.002048514259580239,0.23212560493942647,8.512556576241074,-0.04368465693464041
1.5928,-0.025129538867956214,-309.19287936059845,-205.19893108883343,-0.0022648603910389066,0.23242612718621558,8.435750734402816,-0.04430518504646064
1.5936,-0.02517948518192442,-318.4701741077831,-207.30259162963057,-0.002482668534030707,0.2327276598536514,8.359136253508474,-0.04493671029069657
1.5944,-0.025228811557039488,-328.08111457562654,-209.34274406828195,-0.0027019515982904287,0.23303023836871262,8.282710865606617,-0.045579388183846214
1.5952000000000002,-0.02527756615449739,-338.03831593864015,-211.3101753390731,-0.0029227239158836297,0.23333389216907108,8.20647209292801,-0.04623287540333487
1.596,-0.025325798711652803,-348.35499766782937,-213.19494065289564,-0.0031450006449929412,0.23363864347953722,8.130417248656663,-0.04689679744589592
1.5968,-0.02537354873721087,-359.0449366391424,-214.98623068042025,-0.003368797279407523,0.2339445076996185,8.054543480306279,-0.047570869768366
1.5976,-0.025420845097094025,-370.1224325608332,-216.67227822026143,-0.003594129312322003,0.23425149465651884,7.978847829153985,-0.04825490645070318
1.5984,-0.025467708238008258,-381.6022854920659,-218.2402757918237,-0.00382101204645572,0.23455961013098658,7.903327288038604,-0.04894880172539884
1.5992000000000002,-0.025514152472443208,-393.4997798671361,-219.6762926638487,-0.004049460516276101,0.23486885729391815,7.82797884873397,-0.04965250982106273
1.6,-0.025560187759909314,-405.83067051193234,-220.9651869384668,-0.004279489484070642,0.23517923788404005,7.7527995363582605,-0.050366028940681984
1.6008,-0.025605820983445715,-418.6111676302776,-222.0905109761129,-0.0045111134775203485,0.2354907530847754,7.677786431801223,-0.051089389625183834
1.6016,-0.02565105683875074,-431.85791870308935,-223.03440939252278,-0.00474434684593812,0.23580340412900114,7.602936684637946,-0.05182264653588842
1.6024,-0.025695898449630827,-445.58798575586616,-223.7775091740832,-0.0049792038209047155,0.2361171926836505,7.528247519119297,-0.0525658726743401
1.6032000000000002,-0.025740347795692453,-459.8188166803873,-224.29880155254568,-0.0052156985733441494,0.23643212107225509,7.453716235567072,-0.05331915529012754
1.604,-0.025784406012244743,-474.5682093640198,-224.57551530583396,-0.005453845263499967,0.23674819238459577,7.3793402089464095,-0.05408259295137796
1.6048,-0.025828073603002766,-489.8542673522916,-224.5829811625208,-0.005693658082729503,0.23706541051262775,7.305116885834153,-0.05485629342106213
1.6056,-0.02587135059276363,-505.6953456844087,-224.2944870043957,-0.005935151287481569,0.23738378014081718,7.231043780663356,-0.05564037209886219
1.6064,-0.02591423663840503,-522.1099854160552,-223.68112359353108,-0.00617833922636629,0.23770330671004558,7.157118471731529,-0.05643495086460515
1.6072000000000002,-0.02595673111058905,-539.116835189184,-222.71162060036886,-0.006423236361503125,0.23802399636969085,7.083338597310828,-0.057240157211075116
1.608,-0.025998833154586343,-556.7345580299016,-221.35217278125083,-0.006669857285254346,0.23834585592396706,7.00970185201961,-0.05805612358881451
1.6088,-0.02604054173616227,-574.9817213553765,-219.56625625275,-0.006918216733387588,0.23866889277962855,6.936205983515208,-0.05888298690681759
1.6096,-0.0260818556764833,-593.8766679508287,-217.31443493663983,-0.007168329595378149,0.23899311489594766,6.8628487895602746,-0.05972088815133492
1.6104,-0.0261227736790004,-613.4373654392364,-214.55415741298157,-0.007420210922738701,0.2393185307398653,6.789628115405144,-0.060569972093374
1.6112000000000002,-0.02616329435036313,-633.6812315106242,-211.23954462143593,-0.0076738759356480574,0.23964514924654168,6.716541851527126,-0.06143038706423454
1.612,-0.026203416216810327,-654.6249319067201,-207.32116910134664,-0.007929340028500927,0.2399729797837722,6.64358793162571,-0.06230228478406574
1.6128,-0.026243137737149536,-676.2841478728133,-202.74582676716545,-0.008186618774580868,0.24030203212277002,6.570764330878212,-0.06318582023150332
1.6136,-0.026282457313116125,-698.6733094955439,-197.45630258483925,-0.008445727930139632,0.24063231641230232,6.4980690644189565,-0.06408115154581384
1.6144,-0.026321373297711892,-721.805291048576,-191.3911319579547,-0.008706683438021398,0.24096384315708974,6.4255001860005905,-0.06498843995477732
1.6152000000000002,-0.026359884001960043,-745.6910641742934,-184.4843601589546,-0.008969501431018864,0.24129662319967338,6.353055786818871,-0.06590784972323127
1.616,-0.026397987700405245,-770.3393044484712,-176.6653027633729,-0.009234198234997605,0.2416306677052944,6.280733994474069,-0.06683954811853687
1.6168,-0.026435682635643942,-795.755946618247,-167.8583107750569,-0.00950079037193333,0.2419659881496159,6.2085329720560765,-0.06778370538942846
1.6176,-0.026472967022065086,-821.943683587213,-157.98254498018332,-0.009769294562854112,0.2423025963079226,6.136450917326179,-0.06874049475608923
1.6184,-0.026509839048962203,-848.9014040646803,-146.95176505088511,-0.010039727730766725,0.2426405042474471,6.064486061987118,-0.06971009240944903
1.6192000000000002,-0.026546296883120213,-876.6235637229015,-134.67414004659804,-0.010312107003547717,0.2429797243200369,5.992636671032294,-0.0706926775183716
1.62,-0.026582338671017225,-905.0994847463785,-121.0520882443775,-0.010586449716893598,0.243320269157266,5.920901042163841,-0.0716884322430057
1.6208,-0.026617962540640083,-934.3125788461898,-105.9821556754091,-0.010862773417328202,0.24366215166651273,5.849277505250889,-0.07269754175414267
1.6216,-0.026653166603068434,-964.2394891931713,-89.35494436113322,-0.01114109586516708,0.24400538502760583,5.777764421861782,-0.0737201942568233
1.6224,-0.026687948953797336,-994.8491473451677,-71.05510302367293,-0.011421435037619955,0.24434998269117614,5.706360184831013,-0.07475658101831617
1.6232,-0.026722307673870682,-1026.101742164576,-50.96139498881848,-0.011703809131923298,0.24469595837706493,5.635063217854324,-0.07580689639965932
1.624,-0.02675624083086381,-1057.9475990076708,-28.946860082373405,-0.011988236568557048,0.24504332607415336,5.563871975143073,-0.07687133789023992
1.6248,-0.02678974647970761,-1090.3259691896405,-4.879089514182851,-0.01227473599449528,0.24539210004030565,5.492784941084842,-0.07795010614546705
1.6256,-0.02682282266344932,-1123.1637319700435,21.379365001268525,-0.012563326286560214,0.24574229480288068,5.421800629959101,-0.07904340502638052
1.6264,-0.026855467413831213,-1156.3740141438052,49.970424393182384,-0.0128540265548179,0.24609392516015305,5.350917585659765,-0.08015144164252286
1.6272,-0.02688767875187903,-1189.8547358521937,81.0397320107977,-0.013146856146117571,0.24644700618256365,5.280134381444768,-0.08127442639591875
1.6280000000000001,-0.026919454688351163,-1223.4870955251508,114.73569247111709,-0.013441834647603332,0.24680155321487973,5.209449619719393,-0.08241257302778093
1.6288,-0.026950793224177316,-1257.1340120070363,151.20827048629917,-0.013738981890388753,0.24715758187863912,5.138861931827741,-0.0835660986664366
1.6296,-0.026981692350791675,-1290.6385479550977,190.6075196291058,-0.014038317953276952,0.24751510807431032,5.0683699778706455,-0.08473522387769261
1.6304,-0.027012150050480854,-1323.8223455608827,233.0818108605513,-0.014339863166566491,0.24787414798504415,4.9979724465390944,-0.08592017271609542
1.6312,-0.02704216429664147,-1356.4841135120269,278.7757316100415,-0.014643638115881503,0.24823471807934538,4.927668054972628,-0.08712117277836162
1.6320000000000001,-0.027071733054031488,-1388.3982128110779,327.8276285770903,-0.014949663646245495,0.24859683511459707,4.857455548607923,-0.08833845525806194
1.6328,-0.027100854278998443,-1419.3133984469664,380.36677156612814,-0.015257960866002267,0.2489605161412669,4.7873337010874195,-0.08957225500165067
1.6336,-0.027129525919649566,-1448.9517837255994,436.51012194196414,-0.015568551151028525,0.2493257785066021,4.717301314142006,-0.09082281056641128
1.6344,-0.027157745916033926,-1477.0081039467218,496.35869806422465,-0.015881456148910938,0.24969263985883572,4.647357217500712,-0.09209036427928319
1.6352,-0.0271855122002837,-1503.149365565771,559.9935416706085,-0.0161966977832764,0.2500611181519048,4.577500268823421,-0.09337516229748188
1.6360000000000001,-0.027212822696749517,-1527.0149753627961,627.4713038945267,-0.016514298258125056,0.25043123164994086,4.507729353639505,-0.09467745467026667
1.6368,-0.027239675322104195,-1548.2174506604965,698.8194875861093,-0.01683428006237805,0.2508029989322722,4.438043385291223,-0.0959974954023437
1.6376,-0.027266067985465547,-1566.3438153598763,774.0314038420556,-0.017156665974368438,0.25117643889848296,4.368441304907087,-0.09733554251818721
1.6384,-0.02729199858846143,-1580.9577864419139,853.0609248997193,-0.017481479066587098,0.25155157077392687,4.298922081366889,-0.09869185812839687
1.6392,-0.027317465025315513,-1591.6028505047552,935.8171422801761,-0.017808742710354417,0.25192841411472955,4.2294847112934235,-0.10006670849689758
1.6400000000000001,-0.02734246518294281,-1597.8063187530952,1022.1590673934832,-0.018138480580723863,0.2523069888143823,4.160128219051096,-0.10146036410946446
1.6408,-0.027366996940956734,-1599.0844306214867,1111.8905404776783,-0.018470716661422856,0.2526873151084601,4.090851656743439,-0.10287309974446757
1.6416,-0.027391058171777338,-1594.9485501269019,1204.7555410559862,-0.018805475249850385,0.2530694135818976,4.021654104251063,-0.10430519454378784
1.6424,-0.02741464674064431,-1584.9124646919286,1300.4341170191965,-0.01914278096232349,0.2534533051747303,3.9525346692368757,-0.1057569320861953
1.6432,-0.027437760505660325,-1568.5007536958792,1398.539167610606,-0.019482658739230295,0.2538390111885178,3.883492487204329,-0.107228600461718
1.6440000000000001,-0.027460397317839225,-1545.258144175733,1498.614325488254,-0.019825133850453137,0.25422655329344934,3.814526721533568,-0.10872049234734882
1.6448,-0.027482555021124178,-1514.7597154900977,1600.133182153288,-0.02017023190081347,0.25461595353499433,3.745636563547521,-0.11023290508449057
1.6456,-0.027504231452414818,-1476.6217557794216,1702.5000871288164,-0.020517978835659877,0.25500723434095107,3.6768212325731326,-0.11176614075781788
1.6464,-0.027525424441590618,-1430.513013914424,1805.0527226603758,-0.020868400946554747,0.2554004185293479,3.6080799760238307,-0.11332050627553958
1.6472,-0.02754613181153065,-1376.166035213152,1907.066611547015,-0.02122152487709045,0.25579552931503713,3.5394120694791056,-0.1148963134512202
1.6480000000000001,-0.02756635137812169,-1313.3882218540457,2007.7616562666574,-0.021577377628815737,0.25619259031867614,3.4708168167813085,-0.11649387908736286
1.6488,-0.027586080950272096,-1242.0722240421073,2106.310734391479,-0.021935986567272206,0.25659162557354875,3.402293550140783,-0.11811352506031025
1.6496,-0.027605318329927853,-1162.205249692015,2201.850291342907,-0.022297379428192952,0.2569926595346601,3.3338416302477754,-0.11975557840681228
1.6503999999999999,-0.027624061312060244,-1073.8768819880997,2293.492781033299,-0.02266158432377839,0.2573957170866379,3.265460446385987,-0.12142037141250661
1.6512,-0.027642307684695666,-977.2850177414493,2380.340713172997,-0.023028629749149612,0.25780082355277045,3.197149416565587,-0.12310824170150214
1.6520000000000001,-0.027660055228898306,-872.7395854947854,2461.5019789048765,-0.023398544588896186,0.2582080047039881,3.1289079876621386,-0.12481953232826482
1.6528,-0.02767730171877264,-760.6637695541303,2536.10605001555,-0.023771358123781977,0.2586172867673895,3.0607356355499107,-0.12655459187090745
1.6536,-0.027694044921474814,-641.5925514958362,2603.3205868282967,-0.024147100037585918,0.2590286964365873,2.9926318652642365,-0.12831377452609583
1.6543999999999999,-0.02771028259719016,-516.1684795800184,2662.36795054953,-0.0245258004240717,0.2594422608806326,2.9245962111531796,-0.1300974402062396
1.6552,-0.027726012499147246,-385.1346831027804,2712.5411003303097,-0.024907489794155843,0.2598580077544739,2.8566282370479,-0.1319059546378949
1.6560000000000001,-0.027741232373606428,-249.32525661684758,2753.2183648366936,-0.025292199083135306,0.2602759652089617,2.788727536432347,-0.13373968946243187
1.6568,-0.02775593995984582,-109.65324172602595,2783.8766120080695,-0.025679959658155567,0.2606961619012509,2.720893732621107,-0.13559902233857657
1.6576,-0.027770132990163787,32.90347401358122,2804.1023964903566,-0.02607080332580381,0.2611186270056578,2.6531264789556346,-0.13748433704660923
1.6583999999999999,-0.02778380918986012,177.31794541865838,2813.600738098223,-0.026464762339820983,0.26154339022497197,2.5854254589878067,-0.13939602359488878
1.6592,-0.027796966277244317,322.53119244508525,2812.2012717888288,-0.026861869409073532,0.26197048180148386,2.517790386682151,-0.14133447832787338
1.6600000000000001,-0.02780960196359894,467.46996830457556,2799.8616047770756,-0.0272621577055825,0.2623999325288082,2.4502210066292633,-0.14330010403695148
1.6608,-0.027821713953191995,611.0647686563443,2776.6678144331527,-0.027665660872836926,0.26283177376376443,2.3827170942403555,-0.14529331007246804
1.6616,-0.027833299943251455,752.2675826055738,2742.8321167766417,-0.02807241303420118,0.26326603743922306,2.315278455985208,-0.14731451245859017
1.6623999999999999,-0.0278443576239652,890.0689095510479,2698.687825764383,-0.02848244880152559,0.26370275607587246,2.247904929600651,-0.14936413400977777
1.6632,-0.027854884678452818,1023.5136050650608,2644.681805047432,-0.028895803283989337,0.2641419627962023,2.180596384325135,-0.15144260445000435
1.6640000000000001,-0.02786487878276578,1151.7151711762735,2581.3646841770897,-0.02931251209705415,0.26458369133695214,2.1133527211294734,-0.15355036053374738
1.6648,-0.027874337605861887,1273.8681688249526,2509.379168822103,-0.029732611371704017,0.26502797606360673,2.0461738729591303,-0.1556878461696587
1.6656,-0.027883258809603184,1389.2585000911013,2429.4468184649554,-0.03015613776380507,0.26547485198398135,1.9790598049696086,-0.1578555125461718
1.6663999999999999,-0.02789164004873046,1497.2713824152752,2342.353694756516,-0.030583128463735926,0.26592435476300125,1.9120105147814073,-0.16005381825994291
1.6672,-0.027899478970849823,1597.3969138879029,2248.9352990581747,-0.031013621206184235,0.2663765207373672,1.8450260327252508,-0.16228322944643625
1.6680000000000001,-0.027906773216431147,1689.2332053049067,2150.0612188275295,-0.03144765428019229,0.26683138693107367,1.7781064221034626,-0.16454421991294077
1.6688,-0.02791352041876627,1772.4871286348834,2046.6198898599498,-0.03188526653940895,0.2672889910712115,1.7112517794373048,-0.1668372712745636
1.6696,-0.027919718203979593,1846.9728004288108,1939.503855815094,-0.032326497412571396,0.2677493716035997,1.644462234742953,-0.1691628730921908
1.6703999999999999,-0.027925364190993063,1912.6079802424497,1829.5958691787919,-0.03277138691422549,0.26821256771017943,1.5777379517798025,-0.17152152301365264
1.6712,-0.027930455991519165,1969.4086162612493,1717.7561305556148,-0.03321997565571034,0.26867861932521464,1.5110791283251643,-0.1739137269172364
1.6720000000000002,-0.02793499121004217,2017.4818112896378,1604.8109081122743,-0.03367230485632769,0.26914756715359545,1.4444859964473693,-0.1763399990581207
1.6728,-0.02793896744378993,2057.017510858167,1491.5427186414324,-0.034128416354834476,0.26961945268857335,1.3779588227652155,-0.1788008622177688
1.6736,-0.02794238228274676,2088.279230779029,1378.6821888793625,-0.03458835262116445,0.270094318230349,1.3114979087258405,-0.18129684785546352
1.6743999999999999,-0.02794523330959628,2111.594144100843,1266.901653257662,-0.03505215676840153,0.2705722069049443,1.2451035908762051,-0.18382849626410702
1.6752,-0.027947518099735863,2127.342837812459,1156.8104849534511,-0.03551987256507031,0.27105316268426805,1.1787762411338463,-0.186396356727613
1.6760000000000002,-0.02794923422124146,2135.949029201531,1048.9521033601268,-0.03599154444767434,0.2715372304060111,1.112516267061693,-0.18900098768233153
1.6768,-0.027950379234855938,2137.8695023688883,943.8025549102276,-0.036467217533543435,0.27202445579422374,1.0463241121377607,-0.19164295688119148
1.6776,-0.027950950693969495,2133.5844892752134,841.7705269236494,-0.03694693763393608,0.2725148854810868,0.9802002560297183,-0.1943228415611109
1.6784,-0.027950946144602,2123.5886792562346,743.198626582935,-0.03714796803518958,0.2730085670286826,0.9141452148625149,-0.19704122861369422
1.6792,-0.027950363125388455,2108.3829985726134,648.3657393695325,-0.03728685351185388,0.273450132786877,0.8481595414847618,-0.19979871475922972
1.6800000000000002,-0.02794919916755259,2088.4672594673984,557.4902728851457,-0.037427064234864346,0.2733568454583519,0.7822438257357618,-0.20259590672422645
1.6808,-0.02794745179489244,2064.3337382788172,470.7340920177644,-0.03756861926316048,0.27325750149339,0.7163986947053687,-0.20543342142229637
1.6816,-0.027945118523765883,2036.4617058997783,388.2069586426428,-0.03771153800574611,0.2731520064243682,0.6506248129978047,-0.20831188613858131
1.6824,-0.027942196863064928,2005.3129023472197,309.9713020245299,-0.03785584022956361,0.273040263986843,0.5849228829772812,-0.21123193871803836
1.6832,-0.02793868431420604,1971.3279210353635,236.04716328618088,-0.038001546067525004,0.272922176077941,0.5192936450237511,-0.2141942277570954
1.6840000000000002,-0.027934578371095087,1934.9234477673513,166.41717724765704,-0.03814867602679356,0.27279764271298745,0.4537378777713812,-0.21719941279965393
1.6848,-0.027929876520130903,1896.4902843628652,101.03147626645386,-0.03829725099725129,0.27266656198167993,0.38825639834898595,-0.22024816453625062
1.6856,-0.0279245762401657,1856.3920768557855,39.81242225075448,-0.03844729226022626,0.27252883000238626,0.32285006260721616,-0.22334116500798906
1.6864,-0.027918675002501392,1814.9646627651198,-17.34090616528465,-0.038598821497442475,0.2723843408753055,0.2575197653418684,-0.22647910781384772
1.6872,-0.027912170270858183,1772.515950393808,-70.54852492595319,-0.03875186080018935,0.272232986634549,0.19226644050574748,-0.2296626983227752
1.6880000000000002,-0.02790505950136629,1729.3262447219477,-119.94569054490421,-0.03890643267878264,0.2720746571989139,0.12709106141616644,-0.23289265388948288
1.6888,-0.02789734014254555,1685.6489385163768,-165.67940178621075,-0.039062560072241,0.27190924032043995,0.061994640941371415,-0.23616970407490112
1.6896,-0.027889009635274076,1641.7114931046017,-207.90526518680645,-0.03922026635824478,0.27173662153279565,-0.0030217683072208956,-0.23949459087129865
1.6904,-0.02788006541278029,1597.7166402554121,-246.7847220571357,-0.039379575363376024,0.2715566840971064,-0.06795707381414218,-0.2428680689315228
1.6912,-0.02787050490062376,1553.843744254261,-282.4826263035543,-0.03954051137362634,0.271369308946646,-0.13281014299693084,-0.24629090580310065
1.6920000000000002,-0.027860325516677914,1510.2502711356224,-315.16515615410617,-0.03970309914520441,0.2711743746301636,-0.19757980306326317,-0.24976388216714018
1.6928,-0.027849524671095388,1467.0733198039036,-344.9980384102423,-0.03986736391560862,0.27097175725259603,-0.26226484088091695,-0.2532877920823726
1.6936,-0.02783809976630508,1424.4311771906684,-372.1450609350436,-0.040033331415088746,0.2707613304154961,-0.32686400286940653,-0.2568634432337151
1.6944,-0.027826048196994996,1382.4248664863533,-396.7668474738048,-0.040201027878318835,0.2705429651547888,-0.39137599490086217,-0.2604916571861886
1.6952,-0.027813367350071866,1341.139663739769,-419.0198683365097,-0.040370480056520955,0.2703165298764816,-0.45579948221948996,-0.2641732696444996
1.6960000000000002,-0.02780005460466231,1300.6465636820199,-439.0556607301314,-0.040541715229797735,0.27008189029089635,-0.520133089390832,-0.2679091307172563
1.6968,-0.027786107332090915,1261.0036804863541,-457.02023341304357,-0.04071476121993723,0.2698389093454807,-0.5843754002541957,-0.27170010518722276
1.6976,-0.027771522895847195,1222.2575733373158,-473.0536316759135,-0.04088964640347623,0.26958744715432204,-0.6485249579109222,-0.27554707278728685
1.6984,-0.02775629865158144,1184.4444901878367,-487.28964029027566,-0.041066399725247095,0.2693273609265816,-0.7125802647301,-0.27945092848173747
1.6992,-0.027740431947075816,1147.5915259815654,-499.8556038855877,-0.04124505071219854,0.26905850489242766,-0.7765397823760409,-0.2834125827540981
1.7000000000000002,-0.027723920122231682,1111.7176939708247,-510.8723461220029,-0.041425629487678216,0.2687807302263536,-0.8404019318633473,-0.28743296190045986
1.7008,-0.02770676050904125,1076.8349106290898,-520.4541709445507,-0.04160816678616978,0.26849388496935944,-0.9041650936402235,-0.2915130083296176
1.7016,-0.027688950431582315,1042.948896105464,-528.7089310789224,-0.04179269396832504,0.26819781394692654,-0.9678276076952841,-0.29565368086909194
1.7024,-0.02767048720598514,1010.0599932567168,-535.7381507202276,-0.04197924303656725,0.26789235868625383,-1.0313877736964088,-0.2998559550781219
1.7032,-0.027651368140411303,978.16390907756,-541.6371910443804,-0.042167846651106636,0.2675773573296283,-1.094843851161194,-0.304120823567378
1.7040000000000002,-0.027631590535049377,947.2523828834787,-546.4954487228438,-0.0423585381463792,0.2672526445460903,-1.1581940596559832,-0.30844929632514195
1.7048,-0.027611151682092078,917.3137859279733,-550.3965790357038,-0.042551351548063256,0.26691805143951797,-1.2214365790313124,-0.3128424010509252
1.7056,-0.02759004886569552,888.3336572995102,-553.4187364514146,-0.04274632159050353,0.2665734054544373,-1.2845695496914544,-0.31730118349682224
1.7064,-0.027568279361986525,860.2951809764791,-555.6348266795299,-0.04294348373471875,0.26621853027830866,-1.3475910728987088,-0.32182670781527056
1.7072,-0.027545840439029606,833.1796088509058,-557.112765208155,-0.04314287418695919,0.2658532457417664,-1.4104992111230672,-0.3264200569154134
1.7080000000000002,-0.027522729356811715,806.9666343896795,-557.9157382198237,-0.04334452991773538,0.2654773677139701,-1.4732919884171594,-0.33108233282688615
1.7088,-0.027498943367214396,781.6347214051369,-558.1024625468408,-0.043548488681536046,0.265090707996535,-1.53596739085026,-0.33581465707198976
1.7096,-0.027474479714011346,757.1613921726566,-557.7274419896821,-0.04375478903704984,0.2646930742127438,-1.5985233669683652,-0.3406181710457139
1.7104,-0.027449335632834665,733.5234788748643,-556.8412178903991,-0.04396347036805388,0.2642842696932348,-1.660957828313343,-0.34549403640486664
1.7112,-0.027423508351150927,710.6973420811612,-555.4906123363653,-0.04417457290493275,0.2638640933593024,-1.7232686499776975,-0.35044343546584633
1.7120000000000002,-0.027396995088259435,688.659059696173,-553.7189627779389,-0.04438813774685156,0.26343233960039925,-1.7854536712123092,-0.35546757161100273
1.7128,-0.02736979305525969,667.3845895370562,-551.5663471867647,-0.04460420688461147,0.26298879814919474,-1.8475106960818266,-0.36056766970482457
1.7136,-0.02734189945503665,646.8499084338405,-549.0697991656075,-0.044822823224222375,0.2625332539519718,-1.9094374941732823,-0.3657449765194216
1.7144,-0.027313311482231345,627.031130490761,-546.2635126559167,-0.0450440306112209,0.26206548703476074,-1.9712318013572485,-0.37100076117010516
1.7152,-0.027284026323245947,607.9046069037688,-543.1790360807909,-0.045267873855705305,0.26158527236475493,-2.032891320601351,-0.37633631556029723
1.7160000000000002,-0.027254041156188902,589.447009500543,-539.8454559160305,-0.045494398758218,0.26109237970786126,-2.0944137228425035,-0.3817529548381762
1.7168,-0.027223353150890833,571.6353999563757,-536.2895698048364,-0.045723652136403156,0.26058657348045244,-2.155796647919857,-0.38725201786246766
1.7176,-0.0271919594688578,554.4472864410565,-532.5360494288911,-0.04595568185252044,0.2600676125971404,-2.2170377055620207,-0.39283486768071274
1.7184,-0.027159857263263643,537.8606692702223,-528.607593422199,-0.04619053684184701,0.2595352503124104,-2.2781344764423537,-0.3985028920178375
1.7192,-0.027127043678936424,521.854076967142,-524.5250706698694,-0.046428267141973276,0.258989234057708,-2.3390845132919793,-0.40425750377677616
1.7200000000000002,-0.027093515852325778,506.4065939886385,-520.3076543738644,-0.046668923923058506,0.25842930527232966,-2.3998853420846444,-0.41010014155142516
1.7208,-0.027059270911486466,491.4978812303559,-515.9729472944377,-0.04691255951903589,0.2578551992289704,-2.4605344632819737,-0.41603227015160416
1.7216,-0.027024305976067947,477.1081903009017,-511.53709859280934,-0.0471592274598793,0.257266644852848,-2.521029353154084,-0.4220553811409262
1.7224,-0.02698861815728576,463.21837244123776,-507.0149127084851,-0.0474089825048741,0.25666336453463146,-2.5813674651662453,-0.42817099338794096
1.7232,-0.02695220455790595,449.80988286344746,-502.419950705691,-0.04766188067699904,0.25604507393694576,-2.6415462314385465,-0.4343806536308432
1.7240000000000002,-0.02691506227221946,436.86478119171846,-497.76462451921225,-0.047917979298461505,0.25541148179411266,-2.7015630642827517,-0.440685937056307
1.7248,-0.026877188386032924,424.36572860604224,-493.060284521408,-0.048177337027368185,0.25476228970421744,-2.7614153578126235,-0.4470884478924977
1.7256,-0.02683857997664385,412.29598221597934,-488.3173008204549,-0.04844001389563886,0.25409719191475233,-2.8211004896264598,-0.45358982001737624
1.7264,-0.026799234112818343,400.6393871263381,-483.5451386858649,-0.04870607134821035,0.2534158751000746,-2.8806158225826053,-0.46019171758232913
1.7272,-0.02675914785477404,389.38036659857556,-478.75242848131984,-0.04897557228350785,0.2527180181305084,-2.939958706638727,-0.4668958356516395
1.728,-0.02671831825415935,378.50391065977163,-473.94703046814925,-0.049248581095310294,0.252003291833546,-2.999126480784234,-0.47370390085856684
1.7288000000000001,-0.02667674235404205,367.99556346538543,-469.13609482487664,-0.0495251637160471,0.2512713587466351,-3.0581164750518823,-0.48061767207807105
1.7296,-0.02663441718887788,357.84140968123256,-464.3261172104983,-0.04980538766155313,0.25052187286019034,-3.116926012616581,-0.48763894111764694
1.7304,-0.026591339784489382,348.0280601143466,-459.522990180895,-0.050089322077356974,0.24975447935145212,-3.175552411976973,-0.4947695334261253
1.7312,-0.026547507158071,338.54263679070266,-454.73205075004375,-0.050377037786566395,0.24896881430936446,-3.233992989227403,-0.5020113088205131
1.732,-0.026502916318133257,329.37275764966734,-449.9581243703162,-0.050668607339418734,0.24816450444745897,-3.2922450604178266,-0.5093661622337748
1.7328000000000001,-0.026457564264512345,320.5065210008564,-445.2055655888164,-0.05096410506454739,0.24734116680724583,-3.350305944003125,-0.5168360244811789
1.7336,-0.02641144798833983,311.93248986720135,-440.4782956207473,-0.05126360712202747,0.24649840845097515,-3.408172963382505,-0.524422863048216
1.7344,-0.026364564472021068,303.6396763192353,-435.77983706473265,-0.051567191558317405,0.24563582614092638,-3.465843449535562,-0.5321286829000123
1.7352,-0.026316910689218903,295.6175258890933,-431.11334597020027,-0.0518749383631146,0.24475300600818173,-3.5233147437438888,-0.5399555273127694
1.736,-0.026268483604829806,287.85590213825566,-426.48164145257306,-0.05218692952821455,0.24384952320781395,-3.580584200412254,-0.5479054787284858
1.7368000000000001,-0.0262192801749756,280.3450714403835,-421.88723303852635,-0.052503249108520264,0.24292494156117073,-3.6376491899816585,-0.5559806596331605
1.7376,-0.026169297346970155,273.0756880297005,-417.3323459108767,-0.05282398328519266,0.2419788131844598,-3.6945071019387754,-0.5641832334604593
1.7384,-0.026118532059308586,266.0387793558248,-412.81894421050924,-0.05314922043108698,0.24101067810209997,-3.7511553479189956,-0.5725154055203365
1.7392,-0.026066981241648246,259.22573177767083,-408.3487525416383,-0.05347905117858713,0.24002006384603192,-3.807591364910401,-0.580979423954572
1.74,-0.026014641814781414,252.62827662194996,-403.9232758160065,-0.0538135684898546,0.23900648503826005,-3.863812618543605,-0.5895775807200536
1.7408000000000001,-0.025961510690628464,246.2384766256119,-399.54381756174394,-0.05415286772970038,0.23796944295708045,-3.919816606492809,-0.598312212600177
1.7416,-0.02590758477220037,240.0487127762891,-395.2114968134856,-0.054497046741151786,0.23690842508665355,-3.9756008619664343,-0.6071857022466944
1.7424,-0.02585286095359854,234.05167156032434,-390.92726369152456,-0.05484620592370873,0.23582290464742073,-4.031162957286661,-0.6162004792514346
1.7432,-0.025797336119991188,228.24033262404862,-386.6919137699804,-0.055200448314649334,0.23471234010867192,-4.086500507583153,-0.6253590212505586
1.744,-0.025741007147576878,222.6079568507049,-382.50610132634074,-0.05555987967327533,0.23357617467985392,-4.141611174567473,-0.6346638550624486
1.7448000000000001,-0.02568387090358948,217.14807485274957,-378.3703515578127,-0.05592460856838632,0.23241383578312025,-4.1964926704150045,-0.6441175578590279
1.7456,-0.025625924246258647,211.8544758767561,-374.28507184361365,-0.05629474646900595,0.23122473450183634,-4.251142761734911,-0.6537227583739087
1.7464,-0.025567164024810962,206.7211971164403,-370.2505621261114,-0.056670407838569845,0.23000826500822313,-4.3055592736386075,-0.6634821381470877
1.7472,-0.025507587079423855,201.74251342744685,-366.2670244785045,-0.05705171023277032,0.22876380396587592,-4.359740093905742,-0.6733984328091633
1.748,-0.0254471902412389,196.91292743663817,-362.3345719212357,-0.05743877440106962,0.22749070990778364,-4.413683177239932,-0.6834744334046645
1.7488000000000001,-0.025385970332311547,192.2271600370324,-358.4532365449313,-0.05783172439216878,0.22618832258808652,-4.46738654961753,-0.6937129877587456
1.7496,-0.02532392416560847,187.68014125929477,-354.62297699299233,-0.058230687663605826,0.22485596230569627,-4.5208483127340955,-0.7041170018862775
1.7504,-0.025261048544992448,183.2670015095615,-350.84368535304156,-0.058635795195589126,0.22349292920034713,-4.574066648535734,-0.7146894414465796
1.7512,-0.02519734026518583,178.9830631631344,-347.115193502653,-0.05904718160930094,0.22209850251653052,-4.627039823841635,-0.7254333332460274
1.752,-0.025132796111766054,174.82383250327516,-343.4372789512313,-0.059464985289904744,0.22067193983673405,-4.679766195062321,-0.7363517667889594
1.7528000000000001,-0.025067412861148386,170.78499199391038,-339.8096702167968,-0.059889348514396895,0.21921247628142737,-4.732244212993592,-0.7474478958800668
1.7536,-0.02500118728054873,166.86239287508567,-336.23205177342834,-0.06032041758458854,0.21771932367244062,-4.784472427707591,-0.7587249402808594
1.7544,-0.02493411612798499,163.05204806999356,-332.70406860231515,-0.06075834296540468,0.21619166966161174,-4.836449493521648,-0.7701861874205291
1.7551999999999999,-0.024866196152241032,159.35012539228475,-329.225330376938,-0.06120327942880144,0.21462867681833586,-4.888174174057049,-0.7818349941659886
1.756,-0.024797424092862258,155.75294104259373,-325.79541531050063,-0.06165538620346271,0.21302948167755176,-4.939645347369215,-0.7936747886513063
1.7568000000000001,-0.024727796680129005,152.25695338333642,-322.4138736915627,-0.062114827130697645,0.211393193744982,-4.990862011171082,-0.8057090721709943
1.7576,-0.0246573106350311,148.85875698093426,-319.080231131893,-0.0625817708266557,0.20971889445587522,-5.041823288127425,-0.81794142113896
1.7584,-0.024585962669266492,145.55507690499377,-315.7939915486336,-0.06305639085127832,0.20800563608781886,-5.092528431224174,-0.8303754891155428
1.7591999999999999,-0.024513749485200825,142.34276327401105,-312.55463990129897,-0.0635388658842894,0.20625244062182446,-5.142976829223869,-0.8430150089070962
1.76,-0.024440667775867814,139.21878603766694,-309.36164470240146,-0.06402937990848684,0.20445829855185593,-5.193168012183072,-0.8558637947395997
1.7608000000000001,-0.024366714224935,136.18022998584334,-306.21446031920823,-0.06452812240079295,0.20262216763774177,-5.243101657053451,-0.8689257445111265
1.7616,-0.02429188550669742,133.22428997493995,-303.1125290826815,-0.06503528853134485,0.2007429716002207,-5.292777593348134,-0.8822048421252426
1.7624,-0.024216178286046774,130.34826636227615,-300.05528321850056,-0.06555107937103129,0.198819598754028,-5.3421958088769514,-0.8957051599105705
1.7631999999999999,-0.02413958921845577,127.54956063973643,-297.04214661387846,-0.06607570210797425,0.19685090057481602,-5.391356455560285,-0.9094308611290067
1.764,-0.024062114949971763,124.82567125808293,-294.0725364328623,-0.0666093702732477,0.19483569019831748,-5.440259855299168,-0.9233862025769053
1.7648000000000001,-0.023983752117176127,122.1741896336458,-291.14586459184375,-0.06715230397641822,0.19277274084646479,-5.488906505922138,-0.937575537284884
1.7656,-0.02390449734718353,119.59279632950052,-288.2615391060774,-0.06770473015127842,0.1906607841759751,-5.537297087192989,-0.9520033173184785
1.7664,-0.023824347257620393,117.07925740343376,-285.4189653172159,-0.06826688281244686,0.18849850854712713,-5.585432466890069,-0.9666740966861544
1.7671999999999999,-0.023743298456584933,114.63142091534726,-282.61754701111704,-0.0688390033231242,0.18628455720556758,-5.633313706944669,-0.9815925343596841
1.768,-0.023661347542661387,112.2472135871067,-279.8566874343992,-0.06942134067486522,0.18401752637379332,-5.680942069653689,-0.9967633974098229
1.7688000000000001,-0.02357849110488361,109.92463760797989,-277.1357902177058,-0.0700141517797208,0.1816959632473072,-5.728319023954526,-1.0121915642661485
1.7696,-0.02349472572271183,107.6617675792169,-274.4542602128886,-0.07061770177552448,0.17931836388805777,-5.775446251765871,-1.0278820281048646
1.7704,-0.023410047966014397,105.45674759154315,-271.8115042508887,-0.07123226434493504,0.17688317101107032,-5.822325654400558,-1.0438399003708891
1.7711999999999999,-0.02332445439507186,103.30778842965339,-269.20693182651166,-0.07185812204902589,0.1743887716574477,-5.868959359049107,-1.0600704144403572
1.772,-0.02323794156052783,101.21316489788913,-266.63995571586224,-0.07249556667602117,0.17183349474589704,-5.915349725330671,-1.076578929432375
1.7728000000000002,-0.023150506003383975,99.17121326178975,-264.1099925317312,-0.07314489960611223,0.1692156084970975,-5.961499351918754,-1.0933709341746605
1.7736,-0.023062144254984762,97.18032880020522,-261.616463221852,-0.07380643219314204,0.16653331772153024,-6.007411083251441,-1.1104520513318503
1.7744,-0.022972852836990604,95.23896346301248,-259.15879351456783,-0.07448048616406255,0.1637847609642904,-6.0530880163133745,-1.1278280417049658
1.7752,-0.022882628261369248,93.34562362968217,-256.73641431609667,-0.07516739403700465,0.16096800749630802,-6.098533507504413,-1.1455048087092385
1.776,-0.02279146703036347,91.49886796412912,-254.34876206327453,-0.07586749955918567,0.15808105414322426,-6.14375117960607,-1.1634884030406343
1.7768000000000002,-0.022699365636487168,89.69730536152301,-251.99527903534863,-0.07658115816541883,0.1551218219424868,-6.188744928827447,-1.181785027538997
1.7776,-0.022606320562490567,87.93959298286768,-249.6754136281504,-0.07730873745859965,0.15208815261604514,-6.233518931966529,-1.2004010422593407
1.7784,-0.022512328281365956,86.22443437345149,-247.38862059367443,-0.07805061771316504,0.14897780484881196,-6.278077653669065,-1.2193429697599583
1.7792,-0.022417385256301825,84.55057766131549,-245.13436124793634,-0.07880719240295672,0.14578845035907761,-6.322425853812341,-1.238617500620839
1.78,-0.022321487940682144,82.91681383218949,-242.91210364968265,-0.07957886875457731,0.14251766974791735,-6.366568594998185,-1.2582314992015649
1.7808000000000002,-0.022224632778059777,81.32197507743248,-240.72132275239392,-0.08036606832799087,0.13916294811360785,-6.410511250197686,-1.2781920096530897
1.7816,-0.02212681620214757,79.76493321168407,-238.56150053179044,-0.08116922762549356,0.13572167041490957,-6.454259510523315,-1.2985062621952448
1.7824,-0.02202803463678102,78.24459815710398,-236.4321260909319,-0.08198879873094123,0.13219111656627547,-6.49781939316437,-1.3191816796752311
1.7832,-0.021928284495929068,76.7599164912356,-234.33269574478095,-0.08282524998074975,0.12856845624861535,-6.5411972494890875,-1.340225884419576
1.784,-0.021827562183643817,75.30987005557414,-232.2627130860319,-0.08367906666859826,0.12485074341464042,-6.5843997733268935,-1.3616467053983312
1.7848000000000002,-0.021725864094065267,73.89347462222267,-230.2216890337936,-0.08455075178551742,0.12103491046900672,-6.627434009442879,-1.3834521857143312
1.7856,-0.021623186611399697,72.5097786159531,-228.20914186664663,-0.08544082679769087,0.11711776210074731,-6.67030736223348,-1.4056505904380607
1.7864,-0.02151952610988825,71.15786188924346,-226.2245972414678,-0.08634983246383068,0.11309596874332328,-6.713027604641987,-1.4282504148051416
1.7872,-0.0214148789537994,69.83683454793895,-224.26758819929387,-0.08727832969460987,0.10896605963779393,-6.755602887327129,-1.451260392795933
1.788,-0.02130924149742061,68.5458358252865,-222.33765515939467,-0.08822690045644777,0.10472441546892242,-6.7980417480997914,-1.4746895061182457
1.7888000000000002,-0.02120261008501137,67.28403300215743,-220.43434590269158,-0.08919614872233636,0.10036726054573819,-6.84035312165021,-1.498546993616455
1.7896,-0.021094981050813005,66.05062037149644,-218.557215545472,-0.09018670147234781,0.09589065449284817,-6.882546349586235,-1.5228423611275037
1.7904,-0.020986350719022023,64.84481824497185,-216.7058265043663,-0.09119920974683327,0.09129048341748103,-6.924631190816761,-1.5475853918116949
1.7912,-0.020876715403768203,63.66587200000802,-214.87974845344684,-0.0922343497553301,0.08656245051321321,-6.966617832293807,-1.5727861569827422
1.792,-0.02076607140908937,62.51305116541006,-213.07855827421736,-0.09329282404457048,0.08170206606001784,-7.00851690015763,-1.5984550274658496
1.7928000000000002,-0.020654415028943496,61.38564854392577,-211.3018399992343,-0.09437536272898643,0.07670463677430917,-7.050339471300354,-1.62460268551182
1.7936,-0.020541742547151826,60.28297937006377,-209.5491847500448,-0.09548272478757598,0.07156525446094975,-7.092097085396496,-1.6512401373024197
1.7944,-0.020428050237407486,59.20438050170904,-207.82019067002784,-0.09661569943100184,0.06627878391412878,-7.133801757423839,-1.678378726075758
1.7952,-0.020313334363253638,58.14920964401526,-206.11446285274792,-0.09777510754319194,0.060839850008562735,-7.175465990717349,-1.706030145910864
1.796,-0.020197591178054447,57.116844604188955,-204.4316132663157,-0.09896180320193293,0.05524282392036639,-7.217102790597785,-1.73420645620818
1.7968000000000002,-0.02008081692498942,56.10668257584007,-202.77126067425502,-0.1001766752832689,0.04948180840699479,-7.258725678615001,-1.7629200969052388
1.7976,-0.019963007837027036,55.1181394516171,-201.13303055331062,-0.10142064915474311,0.04355062207349647,-7.300348707455036,-1.7921839044721697
1.7984,-0.019844160136924527,54.15064916291722,-199.51655500860966,-0.10269468846292981,0.037442782544815145,-7.341986476555434,-1.822011128730491
1.7992,-0.01972427003717761,53.20366304548304,-197.9214726865605,-0.10399979702104752,0.03115148845370186,-7.383654148487267,-1.852415450546557
1.8,-0.019603333740039405,52.27664922984633,-196.34742868580793,-0.10533702080265428,0.024669600150900806,-7.425367466149311,-1.8834110004473326
