freq_ghz,s11_re,s11_im,s11_db,zactive_re_ohm,zactive_im_ohm
1.0,-0.09987289131443715,0.6660167386920322,-3.433720608141853,33.05192934576861,80.56822998305705
1.0008,-0.096341359421779,0.6656321791239536,-3.445274643308884,33.29130492449675,80.92642040063278
1.0016,-0.09282318239295005,0.6652318896094048,-3.456794135880874,33.53199777272398,81.28464387729946
1.0024,-0.08931837721211454,0.6648160219364361,-3.4682791075859716,33.77401554039417,81.64289771521058
1.0032,-0.08582695967659985,0.6643847268688038,-3.4797295829686163,34.01736592200896,82.0011791568425
1.004,-0.08234894441730732,0.6639381541450035,-3.4911455893528878,34.26205665669583,82.35948538421569
1.0048,-0.07888434491888956,0.6634764524775298,-3.502527156806008,34.508095528272555,82.71781351810814
1.0056,-0.0754331735397181,0.6629997695523617,-3.513874318101988,34.75549036530657,83.0761606172586
1.0064,-0.07199544153163238,0.662508252028664,-3.5251871086854236,35.00424904116977,83.43452367756043
1.0072,-0.06857115905946005,0.6620020455387023,-3.536465566635459,35.254379474088914,83.79289963124712
1.008,-0.06516033522033329,0.6614812946879653,-3.5477097326298868,35.50588962719021,84.15128534606667
1.0088,-0.061762978062772735,0.6609461430554882,-3.5589196499094395,35.75878750853975,84.50967762444816
1.0096,-0.05837909460556283,0.6603967331943718,-3.570095364242224,36.01308117117811,84.86807320265717
1.0104,-0.05500869085641016,0.6598332066324942,-3.5812369238883512,36.26877871314944,85.2264687499421
1.0112,-0.05165177183037537,0.6592557038734075,-3.5923443795647296,36.52588827752577,85.58486086767107
1.012,-0.04830834156810325,0.6586643643974147,-3.603417784410045,36.78441805242461,85.94324608845776
1.0128,-0.044978403153822885,0.6580593266628245,-3.6144571939499204,37.04437627102161,86.30162087527857
1.0136,-0.04166195873314281,0.6574407281073743,-3.625462666062287,37.305771211556696,86.65998162057892
1.0144,-0.03835900953063196,0.6568087051498229,-3.6364342609429023,37.56861119733392,87.01832464536899
1.0152,-0.035069555867177825,0.6561633931917018,-3.647372041071113,37.832904596715686,87.37664619831078
1.016,-0.031793597177146665,0.6555049266192252,-3.6582760711757816,38.09865982310934,87.7349424547928
1.0168,-0.02853113202531839,0.6548334388053506,-3.669146418201445,38.36588533494847,88.09320951599622
1.0176,-0.02528215812361992,0.6541490621119896,-3.67998315127465,38.634589635666124,88.45144340794937
1.0184,-0.022046672347649683,0.6534519278923602,-3.690786341670517,38.90478127366148,88.80964008057164
1.0192,-0.01882467075298399,0.6527421664934778,-3.701556062779519,39.1764688422598,89.16779540670797
1.02,-0.01561614859129068,0.6520199072587854,-3.7122923900744382,39.44966097966372,89.52590518115076
1.0208,-0.012421100326222088,0.651285278530908,-3.7229954010775987,39.72436636889856,89.88396511965288
1.0216,-0.009239519649113287,0.6505384076545384,-3.7336651753282757,40.00059373774858,90.24197085792835
1.0224,-0.006071399494475772,0.6497794209794457,-3.74430179435032,40.27835185868548,90.59991795064252
1.0232,-0.0029167320552800765,0.6490084438635981,-3.754905341620065,40.55764954878975,90.9578018703918
1.024,0.0002244912019491767,0.648225600676407,-3.7654759025343827,40.83849566966185,91.31561800667116
1.0248,0.0033522795222516067,0.6474310148020763,-3.7760135643790314,41.12089912732664,91.6733616648315
1.0256,0.0064666428475390544,0.6466248086430625,-3.786518416297206,41.40486887212782,92.03102806502534
1.0264,0.009567591802100222,0.6458071036236391,-3.79699054925831,41.690413898613336,92.38861234114061
1.0272000000000001,0.012655137678310368,0.644978020193557,-3.8074300560270053,41.9775432454128,92.74610953972433
1.028,0.015729292422521888,0.6441376778318076,-3.81783703113244,42.26626599510354,93.10351461889337
1.0288,0.018790068621160373,0.6432861950504729,-3.828211570837785,42.55659127406893,93.46082244723486
1.0296,0.021837479487004388,0.6424236893986711,-3.8385537731099335,42.84852825234526,93.8180278026945
1.0304,0.024871538845653834,0.6415502774665852,-3.848863737589503,43.142086143459174,94.17512537145247
1.0312,0.027892261122195172,0.6406660748895768,-3.8591415655610426,43.43727420425477,94.53210974678932
1.032,0.030899661328046064,0.6397711963523788,-3.8693873599235213,43.73410173470983,94.88897542793842
1.0328,0.033893755047983906,0.638865755593367,-3.8796012251610126,44.03257807774093,95.24571681892694
1.0336,0.03687455842736844,0.6379498654089044,-3.8897832673136747,44.33271261899828,95.60232822740596
1.0344,0.03984208815953206,0.6370236376577582,-3.8999335939489366,44.63451478664786,95.95880386346671
1.0352,0.042796361473364915,0.6360871832655824,-3.910052314132979,44.93799405114331,96.31513783844665
1.036,0.045737396121068724,0.6351406122294697,-3.9201395384024136,45.24315992498483,96.67132416372205
1.0368,0.04866521036608993,0.6341840336225639,-3.9301953787362383,45.55002196246598,97.02735674948897
1.0376,0.05157982297123539,0.6332175555987309,-3.9402199485280716,45.85858975940905,97.38322940353251
1.0384,0.054481253186950476,0.6322412853972913,-3.9502133625585722,46.16887295288596,97.73893582998237
1.0392,0.05736952073978164,0.6312553293478034,-3.9601757369681714,46.48088122092771,98.09446962805794
1.04,0.060244645821001704,0.6302597928749004,-3.970107189230042,46.79462428221963,98.44982429079964
1.0408,0.06310664907540448,0.6292547805031795,-3.980007838123285,47.11011189578279,98.80499320378816
1.0416,0.06595555159027477,0.628240395862133,-3.989877803706434,47.427353860642626,99.15996964385204
1.0424,0.06879137488451202,0.6272167416911307,-3.9997172072911495,47.746360015481606,99.5147467777614
1.0432,0.07161414089793046,0.6261839198444397,-4.009526171416223,48.0671402382792,99.86931766091065
1.044,0.07442387198071358,0.625142031296287,-4.0193048198218,48.389704445935585,100.22367523598759
1.0448,0.07722059088302938,0.6240911761459624,-4.029053277423861,48.714062593880406,100.57781233163001
1.0456,0.08000432074481299,0.6230314536229525,-4.038771670288973,49.04022467566692,100.9317216610707
1.0464,0.08277508508569449,0.6219629620921139,-4.048460125609287,49.36820072254885,101.28539582076826
1.0472,0.08553290779509465,0.6208857990588738,-4.058118771677786,49.69800080304237,101.63882728902675
1.048,0.08827781312246699,0.6198000611744638,-4.067747737863804,50.02963502247087,101.99200842460202
1.0488,0.09100982566769217,0.6187058442411822,-4.077347154588763,50.36311352249232,102.34493146529469
1.0496,0.09372897037163086,0.6176032432176769,-4.086917153302227,50.6984464806112,102.69758852653224
1.0504,0.09643527250681451,0.6164923522242615,-4.096457866458118,51.035644109670194,103.04997159993636
1.0512,0.09912875766829467,0.6153732645482438,-4.10596942749131,51.37471665732665,103.40207255187917
1.052,0.10180945176463085,0.6142460726492839,-4.115451970794344,51.71567440550862,103.75388312202622
1.0528,0.10447738100902228,0.6131108681647658,-4.124905631694485,52.05852766985302,104.10539492186619
1.0536,0.10713257191058986,0.6119677419151873,-4.13433054643101,52.403286799124935,104.45659943322929
1.0544,0.10977505126578765,0.6108167839095681,-4.143726852132729,52.74996217461667,104.8074880067915
1.0552,0.11240484614996502,0.609658083350868,-4.15309468679577,53.098564209527666,105.15805186056757
1.056,0.11502198390905816,0.6084917286414201,-4.1624341892616386,53.44910334832391,105.50828207839054
1.0568,0.11762649215141878,0.6073178073883764,-4.171745499195465,53.801590066075704,105.85816960837846
1.0576,0.12021839873978324,0.6061364064091579,-4.181028757064583,54.15603486777636,106.20770526138998
1.0584,0.12279773178336457,0.6049476117369198,-4.190284104117273,54.51244828763687,106.55687970946542
1.0592,0.12536451963008546,0.6037515086260162,-4.199511682361831,54.8708408883609,106.90568348425752
1.06,0.1279187908589343,0.6025481815574757,-4.208711634545827,55.23122326039586,107.25410697544817
1.0608,0.13046057427244873,0.6013377142444796,-4.217884104135624,55.59360602116132,107.60214042915325
1.0616,0.13298989888933307,0.6001201896378396,-4.227029235296178,55.957999814255345,107.949773946316
1.0624,0.1355067939371893,0.5988956899314845,-4.236147172871006,56.32441530863507,108.29699748108686
1.0632,0.13801128884538233,0.5976642965679371,-4.245238062362498,56.692863197775246,108.6438008391923
1.064,0.14050341323801968,0.5964260902437997,-4.254302049912379,57.0633541988005,108.9901736762911
1.0648,0.14298319692705136,0.5951811509152334,-4.263339282282454,57.435899051593005,109.33610549631865
1.0656,0.1454506699054951,0.5939295578034322,-4.272349906835616,57.810508517875185,109.68158564981958
1.0664,0.14790586234076866,0.5926713894000987,-4.281334071517032,58.18719338026488,110.02660333226854
1.0672,0.1503488045681474,0.5914067234729097,-4.290291924835614,58.56596444130548,110.37114758237975
1.068,0.15277952708432957,0.5901356370709763,-4.299223615845741,58.94683252246827,110.71520728040424
1.0688,0.15519806054111385,0.5888582065303009,-4.308129294129141,59.32980846312657,111.05877114641628
1.0696,0.15760443573919505,0.5875745074792197,-4.3170091097770955,59.71490311950336,111.40182773858878
1.0704,0.15999868362205866,0.586284614843843,-4.3258632133728145,60.10212736358842,111.74436545145664
1.0712,0.16238083526999442,0.5849886028534786,-4.334691755974083,60.491492082028245,112.0863725141706
1.072,0.1647509218942092,0.5836865450460508,-4.3434948890961085,60.883008174984674,112.42783698873899
1.0728,0.1671089748310456,0.5823785142735036,-4.352272764694617,61.27668655496419,112.76874676825916
1.0735999999999999,0.16945502553631006,0.5810645827071933,-4.36102553514917,61.672538145616514,113.10908957513949
1.0744,0.17178910557969768,0.5797448218432668,-4.369753353246707,62.070573880501584,113.44885295930989
1.0752,0.17411124663931785,0.5784193025080283,-4.378456372165307,62.470804701824505,113.78802429642253
1.076,0.17642148049632617,0.5770880948632868,-4.387134745458205,62.87324155913917,114.12659078604376
1.0768,0.17871983902964503,0.5757512684116947,-4.395788627037966,63.27789540801717,114.46453944983485
1.0776,0.1810063542107903,0.5744088920020627,-4.404418171160967,63.6847772086852,114.80185712972487
1.0784,0.18328105809878797,0.5730610338346646,-4.413023532412016,64.0938979246267,115.13853048607363
1.0792,0.18554398283518375,0.5717077614665217,-4.421604865689243,64.5052685211492,115.47454599582532
1.08,0.18779516063915358,0.5703491418166683,-4.430162326189181,64.91889996391735,115.80988995065522
1.0808,0.19003462380269462,0.5689852411714016,-4.438696069392068,65.33480321744834,116.14454845510598
1.0816,0.19226240468591704,0.5676161251895089,-4.447206251047379,65.75298924357254,116.47850742471765
1.0824,0.1944785357124181,0.5662418589074784,-4.45569302715953,66.17346899985579,116.81175258414916
1.0832,0.1966830493647439,0.5648625067446876,-4.464156553973844,66.59625343798443,117.1442694652921
1.084,0.19887597817994404,0.5634781325085721,-4.472596987962671,67.02135350211218,117.47604340537845
1.0848,0.20105735474520214,0.5620887993997725,-4.481014485811768,67.4487801271675,117.80705954508045
1.0856,0.20322721169355945,0.5606945700172598,-4.4894092044068366,67.87854423712193,118.13730282660522
1.0864,0.2053855816997152,0.5592955063634383,-4.497781300820309,68.31065674321798,118.46675799178261
1.0872,0.2075324974759083,0.5578916698492284,-4.506130932298289,68.74512854215536,118.79540958014714
1.088,0.20966799176788609,0.5564831212991215,-4.514458256247743,69.18197051423743,119.12324192701634
1.0888,0.2117920973509422,0.5550699209562171,-4.522763430223843,69.62119352147324,119.4502391615623
1.0896,0.21390484702604212,0.5536521284872312,-4.531046611917546,70.06280840563878,119.77638520488033
1.0904,0.21600627361601982,0.552229802987484,-4.539307959143344,70.50682598629324,120.10166376805324
1.0912,0.21809640996184904,0.5508030029858632,-4.54754762982722,70.95325705875135,120.42605835021179
1.092,0.22017528891899626,0.5493717864497574,-4.555765781994794,71.40211239201209,120.7495522365931
1.0928,0.2222429433538375,0.547936210789973,-4.563962573759651,71.85340272663953,121.07212849659548
1.0936,0.22429940614015653,0.5464963328656182,-4.572138163311866,72.30713877259969,121.39376998183273
1.0944,0.22634471015570823,0.5450522089889628,-4.580292708906737,72.76333120704956,121.71445932418573
1.0952,0.2283788882788527,0.5436038949302775,-4.588426368853643,73.2219906720776,122.03417893385367
1.096,0.2304019733852634,0.5421514459226383,-4.596539301505162,73.683127772398,122.35291099740567
1.0968,0.23241399834469537,0.5406949166667122,-4.604631665246317,74.14675307299368,122.67063747583144
1.0976,0.23441499601782875,0.5392343613355103,-4.612703618484018,74.61287709671168,122.98734010259429
1.0984,0.23640499925317257,0.5377698335791176,-4.6207553196367055,75.08151032180662,123.30300038168457
1.0992,0.2383840408840333,0.5363013865293961,-4.628786927124111,75.55266317943325,123.61759958567593
1.1,0.2403521537255534,0.5348290728046557,-4.636798599357282,76.0263460510884,123.93111875378452
1.1008,0.24230937057180396,0.533352944514305,-4.644790494728691,76.50256926599855,124.24353868993123
1.1016,0.24425572419294775,0.5318730532634671,-4.6527627716025775,76.98134309845585,124.55483996080906
1.1024,0.24619124733245795,0.5303894501575718,-4.66071558830544,77.46267776509934,124.8650028939552
1.1032,0.2481159727043968,0.5289021858069209,-4.668649103116682,77.94658342214105,125.1740075758281
1.104,0.25002993299075815,0.5274113103312204,-4.676563474259466,78.43307016253807,125.48183384989298
1.1048,0.2519331608388611,0.5259168733640897,-4.684458859891681,78.92214801310726,125.78846131471258
1.1056,0.2538256888588082,0.5244189240575395,-4.692335418097104,79.41382693158373,126.09386932204818
1.1064,0.2557075496209946,0.5229175110864211,-4.700193306876741,79.9081168036221,126.3980369749682
1.1072,0.2575787756536731,0.5214126826528508,-4.708032684140269,80.40502743973813,126.70094312596738
1.108,0.25943939944057826,0.5199044864905985,-4.715853707697714,80.9045685721939,127.00256637509708
1.1088,0.2612894534185969,0.5183929698694576,-4.723656535251202,81.40674985182005,127.30288506810687
1.1096,0.2631289699754991,0.5168781795995748,-4.731441324386951,81.91158084478117,127.60187729459932
1.1104,0.26495798144771526,0.5153601620357602,-4.739208232567357,82.41907102927752,127.89952088619829
1.1112,0.26677652011816544,0.5138389630817658,-4.746957417123222,82.9292297921853,128.19579341473198
1.112,0.2685846182141425,0.5123146281945311,-4.754689035246209,83.44206642563631,128.49067219043206
1.1128,0.2703823079052388,0.5107872023884061,-4.7624032439813595,83.95759012353197,128.7841342601493
1.1136,0.27216962130132727,0.5092567302393407,-4.770100200219806,84.47580997799537,129.0761564055875
1.1144,0.27394659045058717,0.5077232558890458,-4.777780060691623,84.996734975758,129.3667151415565
1.1152,0.2757132473375747,0.5061868230491291,-4.785442981958803,85.52037399448054,129.65578671424475
1.116,0.2774696238813467,0.5046474750051952,-4.793089120408398,86.04673579900984,129.9433470995146
1.1168,0.27921575193362147,0.503105254620924,-4.8007186322457915,86.5758290375669,130.22937200121865
1.1176,0.2809516632769921,0.5015602043421136,-4.808331673488099,87.10766223786966,130.51383684954183
1.1184,0.28267738962317807,0.5000123662006978,-4.815928399957733,87.64224380318687,130.79671679936675
1.1192,0.28439296261132113,0.4984617818187361,-4.823508967276059,88.17958200832324,131.07798672866673
1.12,0.2860984138063278,0.49690849241236873,-4.831073530857244,88.71968499553691,131.35762123692643
1.1208,0.2877937746972471,0.4953525387957503,-4.838622245902174,89.26256077038515,131.63559464359105
1.1216,0.28947907669569517,0.4937939613849477,-4.846155267392563,89.80821719750197,131.91188098654715
1.1224,0.2911543511343177,0.4922328002018135,-4.853672750085133,90.35666199630305,132.18645402063456
1.1232,0.2928196292652897,0.4906690948778308,-4.8611748485059705,90.90790273661945,132.45928721619183
1.124,0.2944749422588606,0.4891028846579245,-4.868661716944985,91.46194683426063,132.7303537576375
1.1248,0.2961203212019304,0.48753420840425093,-4.876133509450476,92.01880154650287,132.99962654208673
1.1256,0.2977557970966698,0.485963104599952,-4.88359037982387,92.57847396750624,133.2670781780071
1.1264,0.2993814008591735,0.48438961135288466,-4.891032481614543,93.14097102365713,133.53268098391305
1.1272,0.3009971633181494,0.48281376639932366,-4.898459968114743,93.70629946883585,133.79640698710236
1.1280000000000001,0.3026031152136486,0.4812356071076293,-4.905872992354699,94.27446587961187,134.05822792243583
1.1288,0.3041992871958237,0.47965517048189454,-4.913271707097773,94.8454766503613,134.3181152311606
1.1296,0.3057857098237274,0.4780724931655578,-4.9206562648357774,95.41933798831099,134.5760400597812
1.1304,0.30736241356414234,0.47648761144499047,-4.928026817784384,95.9960559085056,134.83197325897808
1.1312,0.3089294287904427,0.4749005612530578,-4.935383517878645,96.57563622869797,135.08588538257598
1.1320000000000001,0.31048678578149397,0.4733113781726471,-4.942726516768633,97.1580845641643,135.33774668656574
1.1328,0.3120345147205772,0.47172009744017385,-4.9500559658151815,97.74340632244052,135.5875271281775
1.1336,0.31357264569435367,0.47012675394905434,-4.957372016085742,98.33160669798295,135.8351963650122
1.1344,0.3151012086918528,0.4685313822531546,-4.964674818350344,98.92269066675003,136.08072375422867
1.1352,0.31662023360349395,0.4669340165702123,-4.971964523077658,99.51666298070626,136.32407835179194
1.1360000000000001,0.31812975022014034,0.46533469078522594,-4.979241280431154,100.11352816224945,136.56522891178264
1.1368,0.3196297882321771,0.4637334384538243,-4.986505240265379,100.7132904985573,136.80414388577032
1.1376,0.3211203772286237,0.4621302928056012,-4.9937565521223295,101.31595403585786,137.04079142225297
1.1384,0.3226015466962715,0.46052528674742826,-5.000995365227907,101.9215225736198,137.27513936616444
1.1392,0.3240733260188478,0.4589184528667401,-5.0082218284885,102.52999965866384,137.50715525845206
1.1400000000000001,0.32553574447621336,0.4573098234347888,-5.0154360904876345,103.14138857919743,137.73680633572775
1.1408,0.3269888312435785,0.4556994304098783,-5.022638299482736,103.75569235876739,137.96405952999237
1.1416,0.3284326153907535,0.45408730544056464,-5.029828603401984,104.37291375013743,138.18888146843912
1.1424,0.32986712588141903,0.45247347986883585,-5.037007149841245,104.99305522908388,138.4112384733346
1.1432,0.33129239157242407,0.4508579847332636,-5.044174086061119,105.61611898811427,138.6310965619832
1.1440000000000001,0.3327084412131108,0.44924085077212605,-5.051329558984059,106.24210693010798,138.8484214467751
1.1448,0.3341153034446594,0.4476221084265099,-5.058473715191575,106.87102066187681,139.063178535321
1.1456,0.33551300679946244,0.44600178784338035,-5.065606700921544,107.50286148765,139.27533293067677
1.1464,0.33690157970051826,0.4443799188786306,-5.07272866206559,108.13763040247927,139.48484943165897
1.1472,0.3382810504608485,0.4427565311001039,-5.07983974416655,108.7753280855676,139.69169253325552
1.1480000000000001,0.33965144728294133,0.44113165379058766,-5.086940092416033,109.41595489352147,139.89582642713316
1.1488,0.34101279825821246,0.43950531595078723,-5.094029851652044,110.05951085352534,140.0972150022442
1.1496,0.342365131366492,0.4378775463022691,-5.10110916635671,110.70599565644144,140.29582184553607
1.1504,0.34370847447553066,0.43624837329038235,-5.10817818065406,111.3554086498337,140.49161024276583
1.1512,0.34504285534052564,0.43461782508715685,-5.115237038307906,112.0077488309155,140.68454317942195
1.152,0.34636830160367194,0.43298592959417037,-5.122285882719789,112.6630148394264,140.8745833417573
1.1528,0.34768484079372886,0.4313527144453976,-5.129324856927008,113.32120495043256,141.06169311793522
1.1536,0.34899250032560875,0.42971820701003244,-5.1363541036006986,113.98231706705576,141.2458345992916
1.1544,0.35029130749998594,0.42808243439528426,-5.143373765044027,114.64634871313166,141.42696958171678
1.1552,0.3515812895029221,0.4264454234491531,-5.1503839831904275,115.3132970257955,141.60505956715824
1.156,0.3528624734055142,0.4248072007631777,-5.157384899601912,115.98315874800038,141.78006576524942
1.1568,0.35413488616355765,0.4231677926751624,-5.164376655467452,116.65593022096493,141.9519490950661
1.1576,0.3553985546172274,0.42152722527188047,-5.171359391601435,117.33160737655467,142.12067018701288
1.1584,0.35665350549078095,0.4198855243917494,-5.178333248442194,118.0101857295979,142.286189384845
1.1592,0.35789976539227203,0.4182427156274906,-5.185298366050571,118.69166037013474,142.4484667478257
1.16,0.3591373608132879,0.4165988243287578,-5.192254884108588,119.3760259556055,142.6074620530247
1.1608,0.36036631812869935,0.4149538756047473,-5.1992029419181565,120.06327670297527,142.76313479775914
1.1616,0.36158666359642644,0.4133078943267864,-5.206142678399848,120.75340638079817,142.91544420218088
1.1624,0.36279842335722473,0.4116609051308931,-5.21307423209175,121.44640830122505,143.06434921201355
1.1632,0.36400162343448167,0.4100129324203207,-5.219997741148346,122.14227531195137,143.20980850144124
1.164,0.36519628973403284,0.40836400036807335,-5.226913343339495,122.84099978811328,143.35178047615392
1.1648,0.36638244804399095,0.4067141329194035,-5.233821176049443,123.54257362412825,143.49022327655078
1.1656,0.3675601240345888,0.405063353794288,-5.240721376275893,124.24698822548496,143.62509478110604
1.1664,0.36872934325804047,0.4034116864898766,-5.247614080629153,124.95423450048636,143.75635260990015
1.1672,0.36989013114841157,0.4017591542829265,-5.254499425331306,125.66430285194342,143.8839541283189
1.168,0.37104251302150854,0.4001057802322079,-5.261377546215473,126.37718316882686,144.00785645092463
1.1688,0.37218651407477804,0.398451587180893,-5.268248578725094,127.09286481787571,144.12801644550234
1.1696,0.3733221593872194,0.39679659775892356,-5.2751126579132865,127.81133663516626,144.24439073728317
1.1703999999999999,0.37444947391931377,0.39514083438535336,-5.281969918442243,128.53258691764648,144.3569357133504
1.1712,0.37556848251296293,0.39348431927067334,-5.288820494582687,129.25660341463455,144.46560752722883
1.172,0.37667920989144,0.39182707441911657,-5.295664520213358,129.9833733192865,144.57036210366255
1.1728,0.3777816806593567,0.3901691216309379,-5.302502128820587,130.71288326003787,144.67115514358366
1.1736,0.37887591930263637,0.3885104825046793,-5.3093334534978665,131.44511929201752,144.76794212927453
1.1743999999999999,0.37996195018850565,0.386851178439409,-5.316158626945519,132.18006688844287,144.8606783297283
1.1752,0.38103979756549194,0.385191230636944,-5.3229777814703745,132.91771093199475,144.9493188062088
1.176,0.3821094855634346,0.38353066010405423,-5.329791048985493,133.6580357061771,145.03381841801507
1.1768,0.38317103819350795,0.38186948765463974,-5.336598561009975,134.40102488666813,145.11413182845192
1.1776,0.38422447934825305,0.3802077339118974,-5.343400448668754,135.14666153266054,145.19021351101048
1.1784,0.3852698328016219,0.3785454193104602,-5.350196842692474,135.89492807820056,145.26201775576192
1.1792,0.386307122209031,0.3768825640985217,-5.3569878734173955,136.64580632352616,145.32949867596653
1.18,0.3873363711074244,0.37521918833994145,-5.363773670785335,137.39927742640884,145.39261021490216
1.1808,0.388357602915349,0.3735553119163267,-5.370554364343652,138.15532189350645,145.45130615291438
1.1816,0.38937084093303564,0.3718909545291015,-5.37733008324529,138.91391957172567,145.50554011469072
1.1824,0.3903761083424948,0.3702261357015523,-5.38410095624881,139.67504963960462,145.55526557676396
1.1832,0.3913734282076173,0.36856087478085625,-5.390867111718508,140.43869059871625,145.60043587524416
1.184,0.3923628234742847,0.36689519094009354,-5.397628677624551,141.20482026509757,145.64100421378464
1.1848,0.3933443169704912,0.3652291031802363,-5.404385781543144,141.97341576071295,145.67692367178387
1.1856,0.3943179314064709,0.3635626303321256,-5.411138550656732,142.7444535049513,145.70814721282525
1.1864,0.3952836893748365,0.361895791058424,-5.417887111754247,143.5179092061675,145.73462769335836
1.1872,0.39624161335072344,0.36022860385555544,-5.42463159123138,144.29375785326894,145.756317871623
1.188,0.39719172569194366,0.35856108705562567,-5.431372115090883,145.07197370735543,145.77317041681937
1.1888,0.39813404863914864,0.35689325882832307,-5.438108808942905,145.85253029341794,145.78513791852663
1.1896,0.39906860431599606,0.3552251371828066,-5.444841798005361,146.635400392099,145.79217289637094
1.1904,0.3999954147293294,0.35355673996957143,-5.451571207104326,147.42055603152548,145.79422780994688
1.1912,0.4009145017693603,0.35188808488230033,-5.458297160674479,148.20796847921503,145.79125506899197
1.192,0.4018258872098597,0.35021918945969993,-5.465019782759528,148.99760823406388,145.783207043819
1.1928,0.40272959270835823,0.34855007108731434,-5.471739197012719,149.78944501842528,145.77003607600517
1.1936,0.4036256398063492,0.3468807469993293,-5.47845552669733,150.5834477702787,145.75169448934184
1.1944,0.4045140499295024,0.3452112342803532,-5.485168894687222,151.3795846355034,145.728134601045
1.1952,0.4053948443878819,0.34354154986718616,-5.491879423467388,152.17782296025715,145.69930873322892
1.196,0.4062680443761706,0.3418717105505727,-5.498587235134545,152.97812928346974,145.66516922464365
1.1968,0.4071336709739027,0.34020173297693385,-5.505292451397751,153.7804693294595,145.62566844267738
1.1976,0.40799174514569964,0.3385316336500907,-5.5119951935790255,154.58480800067537,145.58075879562585
1.1984,0.4088422877415144,0.3368614289329645,-5.518695582614022,155.3911093705772,145.53039274522754
1.1992,0.40968531949688036,0.3351911350492659,-5.525393739052707,156.19933667665754,145.47452281946772
1.2,0.4105208610331652,0.3335207680851692,-5.5320897830600515,157.0094523136132,145.41310162564992
1.2008,0.4113489328578331,0.33185034399096613,-5.538783834416763,157.8214178266769,145.34608186373666
1.2016,0.4121695553647078,0.3301798785827113,-5.545476012520019,158.63519390511166,145.27341633995857
1.2024,0.4129827488342459,0.3285093875438458,-5.552166436384244,159.45074037588145,145.1950579806921
1.2032,0.4137885334338116,0.3268388864268104,-5.558855224641884,160.26801619750114,145.11095984660625
1.204,0.4145869292179576,0.32516839065464426,-5.565542495544201,161.08697945407587,145.0210751470776
1.2048,0.41537795612871214,0.32349791552256335,-5.572228366962099,161.9075873495402,144.92535725487213
1.2056,0.41616163399586825,0.3218274761995325,-5.57891295638695,162.7297962020997,144.82375972109526
1.2064,0.41693798253728004,0.3201570877298151,-5.58559638093146,163.55356143888955,144.71623629040596
1.2072,0.4177070213591621,0.3184867650345139,-5.5922787573305275,164.3788375908544,144.6027409164969
1.208,0.41846876995639315,0.31681652291309687,-5.5989602019421225,165.20557828785869,144.48322777783753
1.2088,0.41922324771282565,0.31514637604490514,-5.605640830748192,166.0337362540389,144.35765129367755
1.2096,0.4199704739015966,0.31347633899065336,-5.612320759355573,166.86326330340137,144.2259661403111
1.2104,0.420710467685446,0.31180642619390997,-5.619000102996904,167.6941103356806,144.088127267598
1.2112,0.4214432481170362,0.3101366519825677,-5.625678976531595,168.52622733246105,143.94408991573917
1.212,0.42216883413927625,0.30846703057030156,-5.632357494446736,169.35956335357452,143.79380963230565
1.2128,0.4228872445856511,0.30679757605800767,-5.6390357708581,170.19406653378365,143.63724228951574
1.2136,0.42359849818055134,0.30512830243523664,-5.645713919511088,171.02968407975482,143.47434410175873
1.2144,0.4243026135396104,0.3034592235816064,-5.652392053781742,171.86636226733674,143.30507164336086
1.2152,0.42499960917004254,0.301790353268207,-5.6590702866777125,172.7040464391486,143.12938186659125
1.216,0.4256895034709837,0.3001217051589924,-5.665748730839284,173.5426810024877,142.94723211990106
1.2168,0.4263723147338386,0.29845329281215416,-5.672427498540391,174.3822094275696,142.75858016639378
1.2176,0.42704806114262706,0.29678512968149073,-5.679106701689625,175.2225742461036,142.56338420252203
1.2184,0.4277167607743373,0.2951172291177565,-5.685786451831284,176.06371705021922,142.3616028770036
1.2192,0.428378431599279,0.2934496043700026,-5.692466860146405,176.90557849174832,142.15319530995458
1.22,0.42903309148144053,0.2917822685869068,-5.699148037453811,177.74809828187267,141.93812111223195
1.2208,0.42968075817885,0.29011523481808504,-5.705830094211166,178.5912151911501,141.71634040497995
1.2216,0.43032144934393624,0.2884485160153989,-5.712513140516037,179.43486704992162,141.48781383937512
1.2224,0.4309551825238957,0.28678212503424383,-5.719197286106958,180.27899074911565,141.25250261656217
1.2232,0.43158197516105956,0.2851160746348303,-5.7258826403645005,181.1235222414526,141.01036850777461
1.224,0.4322018445932635,0.28345037748345286,-5.732569312312354,181.96839654306186,140.76137387463336
1.2248,0.43281480805422184,0.2817850461537436,-5.7392574106183964,182.8135477355212,140.50548168961413
1.2256,0.43342088267390044,0.2801200931279207,-5.745947043595793,183.65890896832232,140.242655556678
1.2264,0.4340200854788961,0.27845553079801805,-5.752638319204072,184.50441246177834,139.97285973205462
1.2272,0.4346124333928144,0.2767913714671097,-5.759331345050227,185.34998951037588,139.6960591451721
1.228,0.43519794323665123,0.2751276273505221,-5.766026228389789,186.19557048658194,139.41221941972225
1.2288000000000001,0.4357766317291776,0.27346431057703063,-5.772723076127945,187.04108484511795,139.12130689485366
1.2296,0.4363485154873229,0.2718014331900522,-5.779421994820626,187.8864611277012,138.82328864648196
1.2304,0.43691361102656406,0.270139007148821,-5.7861230906755985,188.7316269682708,138.51813250870825
1.2312,0.4374719347613139,0.268477044329557,-5.7928264695535745,189.5765090986985,138.20580709533456
1.232,0.4380235030053115,0.2668155565266237,-5.799532236969301,190.42103335499624,137.88628182146704
1.2328000000000001,0.43856833197201595,0.2651545554536723,-5.806240498092663,191.2651246840283,137.55952692519384
1.2336,0.43910643777499914,0.26349405274478055,-5.8129513577497764,192.10870715073125,137.22551348932862
1.2344,0.4396378364283424,0.2618340599555755,-5.819664920424098,192.951703945855,136.8842134632065
1.2352,0.44016254384703424,0.26017458856435033,-5.826381290257504,193.79403739422605,136.53559968452137
1.236,0.4406805758473671,0.25851564997317095,-5.833100571051396,194.63562896354202,136.17964590119186
1.2368000000000001,0.4411919481473393,0.2568572555089681,-5.839822866267798,195.47639927370602,135.81632679324252
1.2376,0.44169667636705606,0.2551994164246266,-5.846548279030415,196.31626810670193,135.44561799469002
1.2384,0.44219477602913165,0.25354214390005775,-5.853276912125755,197.15515441702135,135.06749611541653
1.2392,0.44268626255909393,0.251885449043266,-5.860008868004195,197.99297634264474,134.68193876302087
1.24,0.44317115128578904,0.25022934289140747,-5.866744248781056,198.82965121658148,134.2889245646322
1.2408000000000001,0.4436494574417884,0.24857383641183298,-5.87348315623768,199.66509557897842,133.88843318866975
1.2416,0.44412119616379503,0.246918940503129,-5.880225691822498,200.4992251897933,133.4804453665378
1.2424,0.444586382493053,0.24526466599614252,-5.886971956652109,201.3319550420464,133.0649429142377
1.2432,0.4450450313757562,0.24361102365500134,-5.893722051512312,202.16319937564649,132.641908753884
1.244,0.4454971576634587,0.24195802417812481,-5.900476076859178,202.9928716917981,132.21132693510881
1.2448000000000001,0.4459427761134863,0.24030567819922122,-5.9072341328200935,203.82088476799416,131.77318265633647
1.2456,0.4463819013893485,0.23865399628828304,-5.913996319194794,204.64715067359273,131.32746228591736
1.2464,0.4468145480611512,0.23700298895256647,-5.920762735456404,205.47158078598383,130.87415338309845
1.2472,0.44724073060601083,0.2353526666375666,-5.927533480752464,206.29408580734562,130.41324471881995
1.248,0.4476604634084682,0.2337030397279842,-5.93430865390593,207.1145757819907,129.94472629631778
1.2488000000000001,0.44807376076090444,0.232054118548679,-5.9410883534162116,207.93296011430752,129.46858937151526
1.2496,0.4484806368639555,0.2304059133656213,-5.947872677460153,208.74914758728983,128.98482647318923
1.2504,0.4488811058269301,0.2287584343868288,-5.954661723893022,209.56304638166208,128.49343142288993
1.2512,0.44927518166822544,0.22711169176329885,-5.961455590249521,210.37456409559366,127.99439935460003
1.252,0.44966287831574525,0.22546569558993315,-5.968254373744724,211.18360776500256,127.48772673411422
1.2528000000000001,0.4500442096073182,0.22382045590644928,-5.975058171275055,211.99008388445054,126.97341137811995
1.2536,0.4504191892911152,0.2221759826982912,-5.981867079419257,212.7938984286187,126.45145247296448
1.2544,0.45078783102606973,0.22053228589752444,-5.988681194439307,213.59495687437186,125.9218505930876
1.2552,0.4511501483822965,0.21888937538372902,-5.995500612281369,214.3931642233969,125.38460771910275
1.256,0.45150615484151096,0.2172472609848829,-6.002325428576695,215.18842502541986,124.83972725550977
1.2568000000000001,0.45185586379745024,0.21560595247823441,-6.009155738642552,215.98064340199235,124.28721404801739
1.2576,0.4521992885562924,0.21396545959117358,-6.0159916374831015,216.76972307084264,123.72707440046202
1.2584,0.4525364423370784,0.2123257920020882,-6.022833219790291,217.55556737078825,123.15931609129943
1.2591999999999999,0.45286733827213216,0.21068695934121856,-6.029680579944726,218.33807928719972,122.58394838965563
1.26,0.45319198940748195,0.2090489711915011,-6.036533812016528,219.117161478011,122.00098207091469
1.2608000000000001,0.45351040870328224,0.2074118370894072,-6.04339300976616,219.89271630026826,121.41042943182894
1.2616,0.45382260903423444,0.20577556652577245,-6.050258266645285,220.66464583720878,120.8123043051296
1.2624,0.4541286031900096,0.2041401689466191,-6.0571296757975635,221.43285192586063,120.20662207362223
1.2631999999999999,0.45442840387566963,0.20250565375397242,-6.064007330059459,222.19723618515408,119.59339968374857
1.264,0.45472202371209,0.20087203030666928,-6.070891321961019,222.95770004453414,118.9726556585965
1.2648000000000001,0.45500947523638047,0.19923930792116037,-6.077781743726662,223.71414477306286,118.34441011034028
1.2656,0.4552907709023089,0.1976074958723047,-6.0846786872759075,224.46647150900148,117.70868475209402
1.2664,0.45556592308072236,0.1959766033941561,-6.091582244224135,225.21458128985975,117.06550290915969
1.2671999999999999,0.45583494405996944,0.194346639680746,-6.098492505883309,225.95837508289722,116.41488952965516
1.268,0.4560978460463232,0.1927176138868564,-6.105409563262663,226.69775381606775,115.75687119450247
1.2688000000000001,0.45635464116440244,0.19108953512878926,-6.112333507069411,227.43261840938771,115.091476126762
1.2696,0.4566053414575942,0.18946241248512632,-6.119264427709407,228.16286980671848,114.41873420029447
1.2704,0.4568499588884761,0.18783625499748327,-6.126202415287803,228.88840900794457,113.73867694773547
1.2711999999999999,0.4570885053392382,0.18621107167125842,-6.133147559609694,229.60913710153218,113.05133756776762
1.272,0.4573209926121047,0.1845868714763742,-6.140099950180722,230.32495529745194,112.35675093167397
1.2728,0.45754743242975615,0.1829636633480139,-6.147059676207668,231.03576496044843,111.65495358915904
1.2736,0.457767836435751,0.18134145618734776,-6.154026826599065,231.74146764363985,110.94598377341993
1.2744,0.4579822161949469,0.17972025886225934,-6.16100148996572,232.44196512242715,110.22988140545918
1.2752,0.45819058319392264,0.17810008020805956,-6.167983754621283,233.13715942869624,109.5066880976189
1.276,0.45839294884139903,0.1764809290281982,-6.174973708582755,233.82695288529217,108.77644715632934
1.2768,0.4585893244686598,0.17486281409497031,-6.181971439570982,234.5112481407452,108.03920358405574
1.2776,0.4587797213299731,0.17324574415021168,-6.188977035011154,235.18994820423075,107.29500408043161
1.2784,0.4589641506030113,0.17162972790599537,-6.1959905820332395,235.86295648073695,106.54389704256977
1.2792,0.45914262338927225,0.17001477404531565,-6.203012167472442,236.53017680642492,105.78593256453628
1.28,0.45931515071449863,0.1684008912227704,-6.210041877869612,237.19151348415332,105.02116243598041
1.2808,0.4594817435290989,0.16678808806523862,-6.217079799471618,237.84687131914865,104.2496401399109
1.2816,0.4596424127085657,0.16517637317254644,-6.22412601823175,238.4961556547973,103.47142084960497
1.2824,0.4597971690538967,0.16356575511813584,-6.231180619810038,239.13927240853474,102.68656142465056
1.2832,0.45994602329201245,0.16195624244971976,-6.238243689573601,239.7761281078105,101.89512040610387
1.284,0.4600889860761764,0.16034784368993715,-6.2453153125969205,240.40662992610115,101.09715801076429
1.2848,0.46022606798641247,0.15874056733700226,-6.252395573662135,241.03068571895002,100.29273612455653
1.2856,0.4603572795299237,0.15713442186534396,-6.259484557259295,241.64820406000692,99.48191829501224
1.2864,0.46048263114151067,0.1555294157262465,-6.26658234758657,242.25909427704303,98.6647697228538
1.2872,0.46060213318398824,0.15392555734847915,-6.273689028550474,242.8632664879155,97.84135725266817
1.288,0.4607157959486033,0.15232285513892346,-6.28080468376603,243.4606316364556,97.0117493626735
1.2888,0.4608236296554517,0.15072131748319673,-6.2879293965569225,244.0511015282544,96.1760161535757
1.2896,0.46092564445389517,0.14912095274626574,-6.295063249955625,244.63458886632085,95.33422933650938
1.2904,0.4610218504229768,0.14752176927306168,-6.302206326703493,245.21100728658345,94.48646222006988
1.2912,0.461112257571838,0.14592377538908374,-6.309358709250839,245.78027139321165,93.6327896964289
1.292,0.46119687584013297,0.144326979401002,-6.316520479756984,246.34229679372842,92.77328822654113
1.2928,0.46127571509844445,0.1427313895972557,-6.323691720090265,246.89700013388688,91.90803582444201
1.2936,0.4613487851486988,0.1411370142486423,-6.330872511828028,247.44429913228717,91.03711204063703
1.2944,0.4614160957245799,0.13954386160890783,-6.338062936256579,247.98411261470176,90.16059794459154
1.2952,0.4614776564919435,0.13795193991532656,-6.345263074371134,248.5163605480877,89.27857610632049
1.296,0.46153347704923064,0.13636125738928026,-6.352473006875713,249.0409640742545,88.39113057708788
1.2968,0.4615835669278815,0.1347718222368323,-6.359692814182997,249.5578455431634,87.49834686922168
1.2976,0.46162793559274756,0.13318364264929347,-6.366922576414204,250.0669285458311,86.60031193504783
1.2984,0.46166659244250496,0.13159672680378945,-6.374162373398871,250.56813794681077,85.69711414495946
1.2992,0.46169954681006553,0.13001108286381724,-6.381412284674656,251.06139991622385,84.7888432646211
1.3,0.4617268079629898,0.12842671897980168,-6.388672389487084,251.5466419613189,83.87559043132693
1.3008,0.4617483851038974,0.12684364328964745,-6.395942766789258,252.0237929575264,82.95744812951885
1.3016,0.46176428737087816,0.12526186391928248,-6.4032234952415585,252.49278317899174,82.03451016547616
1.3024,0.4617745238379029,0.12368138898320324,-6.410514653211294,252.95354432855197,81.10687164119435
1.3032,0.4617791035152333,0.12210222658500973,-6.417816318772331,253.4060095671401,80.17462892746005
1.304,0.4617780353498318,0.12052438481794023,-6.425128569704674,253.8501135425862,79.2378796361431
1.3048,0.4617713282257709,0.11894787176540213,-6.4324514834940185,254.28579241779323,78.29672259171781
1.3056,0.46175899096464196,0.11737269550149383,-6.439785137331291,254.7129838982654,77.3512578020275
1.3064,0.46174103232596364,0.11579886409152992,-6.447129608112125,255.13162725896294,76.40158642831689
1.3072,0.46171746100759037,0.11422638559255466,-6.454484972436319,255.5416633704636,75.44781075454041
1.308,0.46168828564611997,0.11265526805385688,-6.461851306607245,255.94303472440632,74.4900341559737
1.3088,0.46165351481730044,0.11108551951747991,-6.469228686631247,256.33568545819554,73.52836106714315
1.3096,0.46161315703643774,0.10951714801872439,-6.47661718821698,256.71956137894836,72.56289694909344
1.3104,0.4615672207588017,0.10795016158665235,-6.484016886774711,257.0946099866593,71.59374825601802
1.3112,0.46151571438003214,0.10638456824458226,-6.49142785741561,257.46078049656717,70.62102240126825
1.312,0.46145864623654503,0.10482037601058362,-6.498850174950981,257.8180238607027,69.6448277227694
1.3128,0.4613960246059374,0.1032575928979681,-6.506283913891448,258.1662927885984,68.66527344786331
1.3136,0.4613278577073927,0.10169622691577303,-6.513729148446126,258.5055417671468,67.68246965760024
1.3144,0.46125415370208483,0.10013628606924685,-6.521185952521745,258.8357270795832,66.69652725050882
1.3152,0.4611749206935828,0.09857777836032525,-6.5286543997217255,259.15680682358476,65.70755790586274
1.316,0.46109016672825437,0.09702071178810732,-6.536134563345223,259.46874092846576,64.71567404647502
1.3168,0.4609998997956694,0.09546509434932868,-6.543626516386127,259.77149117145535,63.72098880104384
1.3176,0.46090412782900303,0.0939109340388263,-6.551130331532038,260.06502119304565,62.72361596607283
1.3184,0.4608028587054383,0.09235823885000664,-6.558646081163163,260.3492965113973,61.723669967400795
1.3192,0.46069610024656826,0.0908070167753034,-6.566173837351222,260.6242845357892,60.721265821358095
1.32,0.46058386021879855,0.08925727580663666,-6.573713671858265,260.88995457910323,59.716519095586364
1.3208,0.4604661463337481,0.08770902393586816,-6.581265656135478,261.1462778693328,58.709545869544634
1.3216,0.46034296624865145,0.08616226915524927,-6.588829861321925,261.3932275601085,57.70046269472997
1.3224,0.46021432756675834,0.08461701945787148,-6.596406358243277,261.6307787402279,56.68938655464511
1.3232,0.4600802378377358,0.083073282838108,-6.603995217410442,261.8589084421899,55.67643482453745
1.324,0.4599407045580666,0.0815310672920556,-6.611596509018232,262.0775956497185,54.661725230941634
1.3248,0.459795735171451,0.07999038081797355,-6.619210302943887,262.2868213042798,53.64537581105553
1.3256000000000001,0.45964533706920485,0.07845123141671517,-6.626836668745644,262.4865683105807,52.62750487197402
1.3264,0.4594895175906596,0.076913627092162,-6.634475675661196,262.6768215410506,51.60823094981832
1.3272,0.4593282840235609,0.0753775758516494,-6.642127392606144,262.85756783930225,50.587672768782134
1.328,0.4591616436044671,0.07384308570639249,-6.649791888172385,263.0287960225702,49.565949200130625
1.3288,0.4589896035191481,0.07231016467190907,-6.65746923062644,263.19049688312765,48.54317922117961
1.3296000000000001,0.45881217090298265,0.0707788207684356,-6.665159487907766,263.34266318868146,47.51948187428201
1.3304,0.458629352841357,0.06924906202134655,-6.672862727626979,263.4852896817476,46.494976225857975
1.3312,0.45844115637006083,0.06772089646156353,-6.680579017064083,263.6183730780094,45.46978132548905
1.332,0.4582475884756862,0.0661943321259668,-6.688308423166584,263.7419120636635,44.444016165114476
1.3328,0.458048656096023,0.06466937705780319,-6.696051012547594,263.85590729175436,43.41779963835399
1.3336000000000001,0.45784436612045637,0.06314603930708688,-6.703806851483889,263.9603613775094,42.39125049998475
1.3344,0.4576347253903626,0.061624326931003844,-6.711576005913883,264.0552788926742,41.36448732560742
1.3352,0.4574197406995054,0.06010424799430702,-6.719358541435581,264.1406663588606,40.33762847152153
1.336,0.457199418794432,0.0585858105697127,-6.727154523304465,264.2165322399128,39.3107920348452
1.3368,0.45697376637486836,0.05706902273829426,-6.734964016431312,264.282886933303,38.28409581390435
1.3376000000000001,0.45674279009411495,0.05555389258986904,-6.742787085380003,264.3397427605652,37.25765726891588
1.3384,0.4565064965594413,0.054040428223388275,-6.750623794365225,264.38711395677734,36.23159348299824
1.3392,0.4562648923324821,0.05252863774731847,-6.758474207250148,264.42501665910913,35.20602112352881
1.34,0.4560179839296302,0.05101852928002411,-6.766338387544052,264.45346889443863,34.18105640387928
1.3408,0.45576577782243355,0.04951011095014764,-6.774216398399853,264.47249056606194,33.15681504555372
1.3416000000000001,0.4555082804379871,0.04800339089698241,-6.782108302611646,264.48210343950103,32.13341224074953
1.3424,0.45524549815932863,0.046498377270849725,-6.790014162612107,264.48233112743225,31.110962615374557
1.3432,0.4549774373258322,0.04499507823346653,-6.79793404046991,264.4731990737452,30.089580192534417
1.344,0.45470410423360197,0.043493501958314855,-6.8058679978870344,264.4547345367532,29.06937835652088
1.3448,0.45442550513586605,0.041993656631008916,-6.81381609619603,264.42696657157006,28.050469817321254
1.3456000000000001,0.45414164624336995,0.04049555044965495,-6.821778396357235,264.3899260116715,27.03296657566715
1.3464,0.45385253372477036,0.03899919162521539,-6.829754958955897,264.3436454496612,26.01697988865195
1.3472,0.4535581737070274,0.03750458838186382,-6.837745844199288,264.28815921725766,25.002620235927974
1.348,0.4532585722757991,0.03601174895734189,-6.845751111913692,264.2235033645253,23.98999728651123
1.3488,0.4529537354758336,0.03452068160331353,-6.853770821541373,264.1497156383669,22.979219866209142
1.3496000000000001,0.4526436693113624,0.033031394585712755,-6.861805032137478,264.0668354603009,21.970395925687605
1.3504,0.4523283797464931,0.031543896185095295,-6.869853802366846,263.9749039035419,20.96363250920129
1.3512,0.45200787270560217,0.030058194696981243,-6.877917190500781,263.8739636694094,19.95903572399589
1.352,0.4516821540737278,0.028574298432200065,-6.885995254413748,263.76405906308497,18.956710710405506
1.3528,0.45135122969696256,0.027092215717232682,-6.894088051579995,263.6452359687398,17.956761612657054
1.3536000000000001,0.4510151053828456,0.02561195489454734,-6.902195639070121,263.5175418240586,16.95929155039376
1.3544,0.4506737869007557,0.024133524322939304,-6.91031807354756,263.3810255941799,15.964402590938064
1.3552,0.4503272799823035,0.022656932377862073,-6.918455411265017,263.2357377450781,14.972195722298391
1.356,0.4499755903217235,0.02118218745176048,-6.926607708060821,263.08173021641113,13.982770826938633
1.3568,0.4496187235762678,0.019709297954401232,-6.934775019355186,262.91905639385743,12.99622665631845
1.3576000000000001,0.44925668536659713,0.018238272313197534,-6.942957400146451,262.7477710809663,12.012660806212256
1.3584,0.4488894812771744,0.016769118973537167,-6.951154905007196,262.56793047054754,11.032169692822718
1.3592,0.4485171168566563,0.015301846399102642,-6.959367588080328,262.37959211562253,10.054848529689405
1.36,0.4481395976182862,0.013836463072192825,-6.967595503075058,262.18281489996497,9.08079130540689
1.3608,0.4477569290402873,0.012372977494042718,-6.975838703262812,261.9776590082527,8.110090762156641
1.3616000000000001,0.4473691165662536,0.010911398185136699,-6.984097241473103,261.76418589585734,7.142838375055729
1.3624,0.4469761656055445,0.009451733685525996,-6.9923711700892515,261.5424582582974,6.179124332334718
1.3632,0.4465780815336756,0.007993992555137622,-7.000660541044111,261.3125400003773,5.219037516340501
1.3639999999999999,0.446174869692713,0.006538183374085919,-7.008965405815655,261.07449620503996,4.262665485375104
1.3648,0.44576653539166505,0.0050843147429794015,-7.017285815422517,260.82839310195516,3.3100944563682853
1.3656000000000001,0.44535308390687595,0.0036323952832275075,-7.0256218204194365,260.57429803587144,2.3614092883889124
1.3664,0.444934520482419,0.0021824336373433948,-7.033973470892613,260.312279434753,1.4166934669936913
1.3672,0.4445108503304887,0.00073443846924447,-7.042340816455033,260.0424067777277,0.47602908941471006
1.3679999999999999,0.4440820786317951,-0.0007115815354469261,-7.050723906241628,259.76475056287086,-0.4605031494130382
1.3688,0.4436482105359567,-0.0021556176691070374,-7.059122788904427,259.4793822748476,-1.3928239699881937
1.3696000000000002,0.4432092511618943,-0.0035976612018142145,-7.067537512607577,259.18637435243915,-2.320855520542817
1.3704,0.442765205598225,-0.00503770338105631,-7.075968125022291,258.8858001559749,-3.2445213885105786
1.3712,0.44231607890365504,-0.00647573543144037,-7.084414673321736,258.5777339346949,-4.163746611165694
1.3719999999999999,0.4418618761073754,-0.007911748554401955,-7.092877204175774,258.2622507940655,-5.078457685434939
1.3728,0.4414026022094544,-0.009345733927918787,-7.101355763745685,257.9394266630705,-5.988582576890542
1.3736000000000002,0.4409382621812341,-0.010777682706224093,-7.109850397678733,257.6093382615013,-6.894050727926333
1.3744,0.44046886096572374,-0.012207586019524092,-7.118361151102695,257.27206306726583,-7.7947930651261
1.3752,0.43999440347799473,-0.013635434973717341,-7.126888068620277,256.9276792837407,-8.690742005829298
1.376,0.4395148946055762,-0.015061220650114027,-7.135431194303429,256.5762658071847,-9.581831463900217
1.3768,0.43903033920885015,-0.016484934105159204,-7.1439905716875876,256.21790219423866,-10.46799685471103
1.3776,0.43854074212144767,-0.01790656637015558,-7.152566243765798,255.85266862952776,-11.34917509934434
1.3784,0.4380461081506442,-0.01932610845099241,-7.161158252982767,255.48064589338833,-12.225304628028317
1.3792,0.4375464420777561,-0.020743551327870677,-7.169766641228802,255.10191532973928,-13.096325382807791
1.38,0.43704174865853723,-0.02215888595503572,-7.178391449833659,254.7165588141155,-13.962178819468338
1.3808,0.4365320326235753,-0.023572103260508067,-7.187032719560296,254.32465872188342,-14.822807908717987
1.3816,0.43601729867869016,-0.024983194145815957,-7.195690490598504,253.92629789665602,-15.678157136639737
1.3824,0.4354975515053294,-0.026392149485733808,-7.204364802558483,253.5215596189238,-16.52817250442888
1.3832,0.43497279576096864,-0.027798960128016473,-7.213055694464247,253.1105275749215,-17.372801527420723
1.384,0.4344430360795069,-0.029203616893141403,-7.221763204747015,252.69328582574403,-18.21199323342825
1.3848,0.4339082770716674,-0.030606110574048606,-7.230487371238405,252.26991877673007,-19.04569816039631
1.3856,0.4333685233253952,-0.03200643193588249,-7.239228231163597,251.84051114712753,-19.873868353387476
1.3864,0.4328237794062568,-0.0334045717157394,-7.247985821134341,251.40514794005495,-20.696457360915446
1.3872,0.43227404985784007,-0.03480052062241116,-7.2567601771418815,250.9639144127765,-21.51342023063351
1.388,0.4317193392021538,-0.03619426933613619,-7.26555133454977,250.51689604730012,-22.324713504398943
1.3888,0.43115965194002814,-0.03758580850834863,-7.274359328086566,250.06417852131523,-23.13029521272172
1.3896,0.4305949925515165,-0.03897512876142923,-7.28318419183841,249.6058476794817,-23.930124868614204
1.3904,0.43002536549629566,-0.040362220688461826,-7.292025959241516,249.14198950508188,-24.724163460858623
1.3912,0.42945077521406827,-0.0417470748529859,-7.300884663074529,248.67269009204767,-25.512373446701393
1.392,0.42887122612496476,-0.043129681788756695,-7.309760335450772,248.19803561737385,-26.29471874399628
1.3928,0.42828672262994616,-0.04451003199950314,-7.318653007810375,247.71811231392772,-27.071164722805555
1.3936,0.4276972691112078,-0.045888115958687706,-7.327562710912284,247.23300644366594,-27.84167819647694
1.3944,0.427102869932582,-0.04726392410927172,-7.336489474826174,246.74280427126567,-28.606227412213755
1.3952,0.4265035294399433,-0.048637446863476826,-7.345433328924202,246.24759203818255,-29.36478204114833
1.396,0.4258992519616126,-0.05000867460255377,-7.35439430187268,245.74745593713965,-30.11731316794084
1.3968,0.4252900418087622,-0.05137759767654929,-7.363372421623594,245.24248208705825,-30.863793279913608
1.3976,0.42467590327582255,-0.05274420640407464,-7.372367715406015,244.73275650843718,-31.604196255738902
1.3984,0.42405684064088767,-0.05410849107207964,-7.381380209717387,244.21836509918492,-32.33849735369796
1.3992,0.42343285816612247,-0.05547044193562298,-7.390409930314678,243.69939361091426,-33.066673199521595
1.4,0.4228039600981701,-0.05683004921764958,-7.399456902205407,243.17592762570257,-33.788701773834525
1.4008,0.42217015066855995,-0.05818730310876629,-7.40852114963856,242.64805253332338,-34.50456239921377
1.4016,0.42153143409411686,-0.059542193767019046,-7.417602696095329,242.11585350895555,-35.21423572687887
1.4024,0.4208878145773693,-0.060894711317675626,-7.426701564279783,241.57941549137024,-35.917703723031565
1.4032,0.4202392963069607,-0.06224484585300454,-7.435817776109344,241.03882316160485,-36.614949654855394
1.404,0.4195858834580588,-0.06359258743206117,-7.444951352705177,240.49416092212144,-37.305958076196546
1.4048,0.41892758019276677,-0.06493792608047196,-7.454102314382419,239.94551287645598,-37.99071481293635
1.4056,0.41826439066053656,-0.0662808517902203,-7.463270680640259,239.39296280936097,-38.6692069480729
1.4064,0.4175963189985792,-0.06762135451943785,-7.472456470151929,238.8365941674384,-39.34142280652814
1.4072,0.41692336933227997,-0.06895942419219207,-7.481659700754486,238.27649004027228,-40.00735193969147
1.408,0.4162455457756105,-0.07029505069828107,-7.490880389438513,237.7127331420529,-40.66698510971949
1.4088,0.41556285243154456,-0.07162822389302616,-7.5001185523376455,237.14540579370126,-41.32031427360252
1.4096,0.41487529339247303,-0.07295893359706654,-7.509374204717949,236.5745899054878,-41.96733256701367
1.4104,0.414182872740619,-0.07428716959615925,-7.518647360967181,236.00036696014766,-42.608034287957096
1.4112,0.4134855945484561,-0.07561292164097512,-7.527938034583867,235.4228179964939,-43.24241488022464
1.412,0.41278346287912443,-0.07693617944690229,-7.537246238166261,234.8420235935215,-43.87047091668025
1.4128,0.4120764817868489,-0.07825693269384755,-7.546571983401139,234.25806385500712,-44.492200082381345
1.4136,0.41136465531735983,-0.0795751710260394,-7.555915281052421,233.67101839460068,-45.107601157552686
1.4144,0.41064798750831005,-0.08089088405183675,-7.565276140949706,233.08096632140317,-45.716674000427325
1.4152,0.40992648238969787,-0.08220406134353339,-7.574654571976559,232.48798622603476,-46.31941952996343
1.416,0.40920014398428667,-0.08351469243717023,-7.5840505820587225,231.89215616718374,-46.91583970845521
1.4168,0.4084689763080275,-0.08482276683234521,-7.59346417815213,231.29355365863853,-47.505937524045876
1.4176,0.4077329833704828,-0.08612827399202508,-7.602895366230753,230.6922556567975,-48.08971697315684
1.4184,0.40699216917524883,-0.08743120334236255,-7.612344151274321,230.08833854864974,-48.66718304284666
1.4192,0.4062465377203815,-0.08873154427250983,-7.621810537255847,229.48187814023018,-49.23834169310758
1.42,0.4054960929988206,-0.09002928613443906,-7.631294527129006,228.87294964553644,-49.803199839116
1.4208,0.40474083899881685,-0.09132441824276123,-7.640796122815338,228.2616276759097,-50.361765333444
1.4216,0.4039807797043594,-0.0926169298745466,-7.6503153251912925,227.64798622987195,-50.914046948244724
1.4224,0.40321591909560267,-0.09390681026915061,-7.659852134075099,227.03209868341366,-51.46005435742376
1.4232,0.4024462611492966,-0.09519404862803592,-7.66940654821346,226.41403778073112,-51.99979811880294
1.424,0.40167180983921563,-0.09647863411460196,-7.678978565268092,225.7938756254016,-52.53328965629168
1.4248,0.4008925691365891,-0.09776055585401247,-7.6885681818020775,225.17168367199778,-53.060541242071665
1.4256,0.40010854301053483,-0.09903980293302451,-7.698175393266023,224.5475327181318,-53.581565978806026
1.4264000000000001,0.399319735428489,-0.10031636439982355,-7.707800193984099,223.92149289692216,-54.096377781884
1.4272,0.3985261503566421,-0.1015902292638542,-7.717442577139826,223.2936336698821,-54.60499136170635
1.428,0.3977277917603718,-0.10286138649565851,-7.727102534761741,222.664023820218,-55.10742220602435
1.4288,0.3969246636046789,-0.10412982502671252,-7.736780057708859,222.03273144653556,-55.6036865623381
1.4296,0.3961167698546244,-0.10539553374926439,-7.746475135655925,221.399823956946,-56.09380142036279
1.4304000000000001,0.3953041144757655,-0.10665850151617792,-7.756187757078551,220.76536806356367,-56.577784494572754
1.4312,0.39448670143459585,-0.10791871714077282,-7.765917909238071,220.12942977739374,-57.05565420682791
1.432,0.3936645346989828,-0.10917616939667167,-7.775665578166301,219.49207440359672,-57.52742966909311
1.4328,0.39283761823860947,-0.1104308470176456,-7.785430748650041,218.8533665371283,-57.993130666254956
1.4336,0.3920059560254156,-0.11168273869746154,-7.795213404215424,218.21337005874588,-58.45277763904404
1.4344000000000001,0.3911695520340397,-0.11293183308973483,-7.805013527112044,217.57214813137256,-58.90639166707028
1.4352,0.39032841024226295,-0.11417811880777849,-7.814831098296922,216.92976319681648,-59.35399445197453
1.436,0.3894825346314538,-0.11542158442445964,-7.824666097418234,216.28627697283315,-59.79560830070677
1.4368,0.38863192918701256,-0.11666221847205407,-7.83451850279889,215.64175045052764,-60.23125610893252
1.4376,0.3877765978988201,-0.11790000944210297,-7.844388291419856,214.99624389208864,-60.66096134457557
1.4384000000000001,0.38691654476168275,-0.11913494578527474,-7.85427543890334,214.34981682884398,-61.0847480315022
1.4392,0.38605177377578415,-0.12036701591122369,-7.8641799194956965,213.70252805963722,-61.50264073335002
1.44,0.3851822889471328,-0.12159620818845548,-7.874101706050207,213.05443564950974,-61.9146645375087
1.4408,0.38430809428801377,-0.12282251094419176,-7.884040770009603,212.40559692868834,-62.32084503925547
1.4416,0.383429193817442,-0.1240459124642356,-7.8939970813883775,211.75606849186798,-62.72120832604948
1.4424000000000001,0.38254559156161305,-0.12526640099284345,-7.903970608754939,211.10590619778029,-63.1157809619912
1.4432,0.3816572915543604,-0.12648396473259288,-7.913961319213476,210.45516516904738,-63.50458997244764
1.444,0.3807642978376084,-0.12769859184425814,-7.923969178385687,209.80389979230492,-63.88766282884991
1.4448,0.37986661446183023,-0.1289102704466836,-7.9339941503922375,209.15216371859492,-64.2650274336641
1.4456,0.37896424548650604,-0.13011898861666016,-7.944036197834031,208.50000986401818,-64.63671210554034
1.4464000000000001,0.37805719498058016,-0.13132473438880557,-7.954095281773261,207.84749041063657,-65.0027455646422
1.4472,0.37714546702292373,-0.13252749575544293,-7.964171361714218,207.19465680762477,-65.36315691815894
1.448,0.37622906570279385,-0.1337272606664856,-7.974264395583912,206.54155977265685,-65.71797564600433
1.4488,0.3753079951202965,-0.134924017029321,-7.9843743397124625,205.88824929352646,-66.06723158670265
1.4496,0.37438225938685166,-0.13611775270869636,-7.994501148813223,205.23477462999244,-66.41095492346524
1.4504000000000001,0.37345186262565605,-0.1373084555266095,-8.004644775962753,204.58118431583887,-66.7491761704596
1.4512,0.37251680897215134,-0.1384961132621973,-8.014805172580498,203.92752616115123,-67.08192615927156
1.452,0.3715771025744896,-0.13968071365163082,-8.024982288408282,203.27384725479192,-67.40923602556398
1.4528,0.3706327475940026,-0.14086224438800893,-8.035176071489559,202.62019396707652,-67.7311371959314
1.4536,0.36968374820567257,-0.14204069312125464,-8.045386468148397,201.96661195264159,-68.04766137495322
1.4544000000000001,0.36873010859860084,-0.14321604745801628,-8.055613422968321,201.31314615349416,-68.35884053244642
1.4552,0.36777183297648286,-0.14438829496156602,-8.065856878770793,200.65984080224322,-68.66470689091742
1.456,0.3668089255580795,-0.1455574231517055,-8.076116776593583,200.00673942550017,-68.96529291321596
1.4568,0.36584139057769216,-0.1467234195046701,-8.086393055668827,199.35388484744578,-69.26063129038936
1.4576,0.36486923228564067,-0.14788627145303587,-8.09668565340084,198.70131919355896,-69.55075492973927
1.4584000000000001,0.3638924549487376,-0.149045966385631,-8.106994505343762,198.0490838944943,-69.83569694308055
1.4592,0.36291106285076974,-0.15020249164744537,-8.117319545178873,197.39721969011197,-70.11549063520178
1.46,0.36192506029297555,-0.15135583453954699,-8.127660704691737,196.74576663364542,-70.3901694925296
1.4608,0.3609344515945274,-0.15250598231899676,-8.138017913749065,196.09476409600666,-70.65976717199361
1.4616,0.3599392410930146,-0.15365292219876653,-8.148391100275338,195.4442507702219,-70.92431749009437
1.4624000000000001,0.3589394331449258,-0.15479664134766177,-8.158780190229194,194.79426467598958,-71.18385441217322
1.4632,0.35793503212613526,-0.15593712689024164,-8.169185107579564,194.14484316435977,-71.43841204188219
1.464,0.35692604243238807,-0.15707436590674706,-8.179605774281551,193.49602292252467,-71.6880246108562
1.4648,0.35591246847978825,-0.15820834543302642,-8.19004211025209,192.8478399787187,-71.93272646858387
1.4656,0.3548943147052891,-0.15933905246046498,-8.200494033345297,192.2003297072218,-72.17255207247808
1.4664000000000001,0.3538715855671808,-0.16046647393591879,-8.210961459327642,191.55352683345833,-72.40753597814532
1.4672,0.3528442855455847,-0.16159059676164655,-8.221444301852816,190.90746543919167,-72.6377128298513
1.468,0.3518124191429448,-0.1627114077952488,-8.231942472436364,190.26217896780386,-72.86311735118423
1.4688,0.35077599088452216,-0.16382889384960536,-8.24245588043007,189.61770022965985,-73.08378433591203
1.4696,0.34973500531889185,-0.16494304169281665,-8.252984432996065,188.97406140755012,-73.29974863903414
1.4704000000000002,0.3486894670184379,-0.16605383804814888,-8.263528035080718,188.33129406220533,-73.51104516802592
1.4712,0.3476393805798541,-0.16716126959397823,-8.27408658938822,187.68942913788234,-73.71770887427381
1.472,0.3465847506246419,-0.1682653229637417,-8.284659996353964,187.04849696801276,-73.9197747447013
1.4727999999999999,0.34552558179961207,-0.16936598474588654,-8.29524815411763,186.4085272809132,-74.11727779358179
1.4736,0.3444618787773872,-0.17046324148382475,-8.305850958496032,185.76954920555104,-74.31025305453926
1.4744000000000002,0.3433936462569065,-0.1715570796758877,-8.31646830295569,185.1315912773635,-74.4987355727333
1.4752,0.34232088896393004,-0.17264748577528613,-8.32710007858515,184.49468144412262,-74.68276039722798
1.476,0.34124361165154476,-0.1737344461900706,-8.337746174067084,183.85884707184553,-74.86236257354189
1.4768,0.34016181910067406,-0.17481794728309502,-8.348406475650046,183.22411495074545,-75.03757713637823
1.4776,0.3390755161205856,-0.1758979753719828,-8.359080867120058,182.5905113012182,-75.20843910253257
1.4784000000000002,0.3379847075494038,-0.17697451672909492,-8.369769229771867,181.95806177986285,-75.37498346397687
1.4792,0.33688939825462105,-0.17804755758150156,-8.380471442379987,181.32679148553063,-75.53724518111758
1.48,0.33578959313361045,-0.17911708411095648,-8.391187381169477,180.69672496539994,-75.69525917622552
1.4808,0.33468529711414247,-0.18018308245387307,-8.401916919786416,180.06788622107516,-75.84906032703674
1.4816,0.3335765151548995,-0.18124553870130336,-8.412659929268195,179.44029871470298,-75.99868346052004
1.4824,0.3324632522459957,-0.1823044388989193,-8.423416278013464,178.81398537510756,-76.14416334681191
1.4832,0.3313455134094941,-0.1833597690469988,-8.434185831751895,178.18896860393573,-76.28553469331452
1.484,0.3302233036999285,-0.18441151510041068,-8.444968453513644,177.56527028181554,-76.42283213895558
1.4848,0.3290966282048248,-0.18545966296860686,-8.455764003598564,176.9429117745195,-76.55609024860827
1.4856,0.32796549204522407,-0.18650419851561395,-8.466572339545175,176.32191393913396,-76.685343507668
1.4864,0.3268299003762085,-0.18754510756002787,-8.477393316099352,175.70229713023056,-76.81062631678482
1.4872,0.32568985838742603,-0.18858237587501392,-8.488226785182786,175.08408120603534,-76.93197298674897
1.488,0.3245453713036194,-0.18961598918830588,-8.499072595861174,174.46728553459644,-77.04941773352685
1.4888,0.32339644438515375,-0.19064593318221154,-8.50993059431216,173.85192899994448,-77.16299467344622
1.4896,0.32224308292854753,-0.1916721934936188,-8.520800623793022,173.23803000824563,-77.27273781852728
1.4904,0.3210852922670053,-0.19269475571400432,-8.531682524608113,172.62560649394516,-77.37868107195808
1.4912,0.3199230777709484,-0.1937136053894482,-8.54257613407606,172.01467592589574,-77.48085822371206
1.492,0.3187564448485529,-0.19472872802064695,-8.553481286496682,171.40525531347464,-77.57930294630485
1.4928,0.3175853989462823,-0.1957401090629338,-8.56439781311771,170.79736121268064,-77.67404879068863
1.4936,0.3164099455494267,-0.19674773392629955,-8.57532554210123,170.19100973221475,-77.76512918228198
1.4944,0.3152300901826419,-0.19775158797541567,-8.586264298489896,169.58621653953946,-77.85257741713176
1.4952,0.31404583841048794,-0.19875165652966412,-8.5972139041729,168.98299686691453,-77.93642665820676
1.496,0.3128571958379728,-0.19974792486316514,-8.608174177851698,168.38136551741087,-78.0167099318188
1.4968,0.3116641681110931,-0.20074037820481275,-8.619144935005526,167.78133687089564,-78.09346012417032
1.4976,0.3104667609173796,-0.20172900173831065,-8.630125987856655,167.18292488999214,-78.16670997802613
1.4984,0.30926497998644414,-0.2027137806022109,-8.641117145335414,166.58614312601003,-78.23649208950638
1.4992,0.3080588310905239,-0.20369469988995853,-8.652118213045036,165.9910047248438,-78.30283890499928
1.5,0.3068483200450329,-0.204671744649936,-8.66312899322619,165.39752243284133,-78.36578271819121
1.5008,0.3056334527091095,-0.20564489988551352,-8.674149284721404,164.80570860263674,-78.42535566721148
1.5016,0.3044142349861688,-0.2066141505551006,-8.685178882939173,164.21557519895072,-78.48158973189024
1.5024000000000002,0.3031906728244554,-0.207579481572202,-8.696217579817901,163.62713380435397,-78.53451673112724
1.5032,0.3019627722175976,-0.20854087780547614,-8.707265163789625,163.04039562499372,-78.58416832036879
1.504,0.3007305392051613,-0.20949832407879843,-8.71832141974355,162.4553714962815,-78.63057598919134
1.5048,0.2994939798732078,-0.2104518051713255,-8.72938612898934,161.87207188854256,-78.67377105898916
1.5056,0.29825310035485186,-0.21140130581756497,-8.740459069220258,161.29050691262495,-78.71378468076472
1.5064000000000002,0.2970079068308214,-0.2123468107074466,-8.751540014476065,160.71068632546707,-78.75064783301839
1.5072,0.2957584055300177,-0.21328830448639816,-8.762628735105796,160.1326195356231,-78.78439131973661
1.508,0.29450460273007684,-0.21422577175542556,-8.773724997730287,159.55631560874488,-78.81504576847604
1.5088,0.2932465047579346,-0.21515919707119358,-8.784828565204556,158.98178327302176,-78.84264162854146
1.5096,0.29198411799038987,-0.21608856494611345,-8.795939196580017,158.40903092457359,-78.86720916925566
1.5104000000000002,0.2907174488546718,-0.21701385984843014,-8.807056647066508,157.83806663280097,-78.88877847831914
1.5112,0.2894465038290068,-0.2179350662023169,-8.818180667994174,157.26889814568742,-78.90737946025796
1.512,0.2881712894431864,-0.21885216838797153,-8.829311006775178,156.70153289505575,-78.92304183495735
1.5128,0.28689181227913757,-0.21976515074171593,-8.840447406865307,156.13597800177763,-78.93579513627944
1.5136,0.2856080789714946,-0.2206739975561003,-8.851589607725357,155.57224028093552,-78.9456687107634
1.5144000000000002,0.28432009620817145,-0.22157869308000933,-8.862737344782463,155.01032624693605,-78.95269171640537
1.5152,0.28302787073093527,-0.2224792215187739,-8.87389034939125,154.4502421185751,-78.95689312151714
1.516,0.28173140933598073,-0.22337556703428627,-8.885048348794895,153.89199382405295,-78.95830170366145
1.5168,0.28043071887450743,-0.22426771374511742,-8.896211066086053,153.3355870059416,-78.95694604866169
1.5176,0.2791258062532963,-0.22515564572663974,-8.907378220167702,152.7810270261009,-78.95285454968496
1.5184,0.27781667843529034,-0.22603934701115172,-8.91854952571385,152.22831897054604,-78.94605540639608
1.5192,0.2765033424401718,-0.2269188015880096,-8.92972469313021,151.67746765426253,-78.9365766241811
1.52,0.2751858053449462,-0.2277939934037585,-8.94090342851474,151.1284776259732,-78.92444601343871
1.5208,0.2738640742845221,-0.22866490636227205,-8.952085433618176,150.58135317285178,-78.90969118893743
1.5216,0.27253815645229607,-0.229531524324892,-8.963270405804431,150.0360983251876,-78.89233956923736
1.5224,0.27120805910073825,-0.2303938311105735,-8.974458038010999,149.4927168609985,-78.87241837617479
1.5232,0.2698737895419755,-0.23125181049603516,-8.985648018709307,148.95121231059116,-78.84995463440742
1.524,0.2685353551483821,-0.23210544621591078,-8.996840031865,148.4115879610725,-78.82497517101996
1.5248,0.2671927633531646,-0.23295472196290745,-9.008033756898271,147.873846860807,-78.79750661518656
1.5256,0.2658460216509525,-0.23379962138796634,-9.019228868644124,147.3379918238246,-78.76757539789082
1.5264,0.26449513759839,-0.23464012810042706,-9.030425037312664,146.80402543417642,-78.7352077516999
1.5272000000000001,0.26314011881472466,-0.23547622566819837,-9.041621928449416,146.27195005023793,-78.70042971059225
1.528,0.2617809729824029,-0.23630789761792984,-9.05281920289563,145.74176780896272,-78.66326710983729
1.5288,0.26041770784766144,-0.23713512743519058,-9.06401651674868,145.21348063008253,-78.62374558592573
1.5296,0.2590503312211231,-0.23795789856465105,-9.075213521322448,144.68709022025772,-78.58189057654869
1.5304,0.2576788509783929,-0.23877619441026748,-9.086409863107846,144.16259807717577,-78.53772732062463
1.5312000000000001,0.25630327506065337,-0.23958999833547373,-9.097605183733366,143.64000549359812,-78.4912808583724
1.532,0.25492361147526493,-0.2403992936633741,-9.108799119925719,143.1193135613573,-78.4425760314298
1.5328,0.25353986829636155,-0.2412040636769437,-9.119991303470634,142.60052317530125,-78.39163748301495
1.5336,0.25215205366545224,-0.24200429161923034,-9.13118136117373,142.08363503718866,-78.33848965813056
1.5344,0.25076017579202287,-0.24279996069356188,-9.142368914821517,141.56864965953335,-78.28315680380919
1.5352000000000001,0.24936424295413454,-0.24359105406375908,-9.153553581142624,141.05556736939698,-78.22566296939816
1.536,0.2479642634990304,-0.2443775548543502,-9.164734971769082,140.54438831213417,-78.16603200688307
1.5368,0.24656024584373512,-0.24515944615079333,-9.17591269319791,140.0351124550846,-78.10428757124883
1.5376,0.24515219847566141,-0.2459367109997008,-9.187086346752817,139.52773959121808,-78.0404531208767
1.5384,0.24374012995321595,-0.24670933240906834,-9.198255528546149,139.02226934272915,-77.97455191797663
1.5392000000000001,0.2423240489064028,-0.24747729334851062,-9.209419829441105,138.51870116458167,-77.90660702905309
1.54,0.24090396403743367,-0.2482405767494984,-9.22057883501415,138.01703434800663,-77.83664132540412
1.5408,0.23947988412133261,-0.24899916550560383,-9.23173212551775,137.51726802394907,-77.76467748365192
1.5416,0.23805181800654565,-0.24975304247274702,-9.242879275843395,137.0194011664681,-77.69073798630379
1.5424,0.23661977461555178,-0.25050219046944927,-9.254019855484875,136.52343259608926,-77.61484512234334
1.5432000000000001,0.2351837629454694,-0.251246592277091,-9.265153428501996,136.0293609831073,-77.53702098784933
1.544,0.23374379206867082,-0.2519862306401729,-9.276279553484535,135.53718485084445,-77.45728748664308
1.5448,0.2322998711333908,-0.25272108826658407,-9.287397783516653,135.0469025788589,-77.37566633096161
1.5455999999999999,0.23085200936433994,-0.25345114782787315,-9.298507666141658,134.5585124061085,-77.29217904215685
1.5464,0.2294002160633168,-0.2541763919595253,-9.309608743327207,134.07201243406737,-77.20684695141945
1.5472000000000001,0.2279445006098228,-0.2548968032612426,-9.320700551430923,133.5874006297975,-77.11969120052625
1.548,0.22648487246167484,-0.25561236429723166,-9.331782621166502,133.10467482897326,-77.03073274261081
1.5488,0.2250213411556193,-0.25632305759649443,-9.342854477570297,132.62383273886192,-76.93999234295553
1.5495999999999999,0.22355391630794866,-0.25702886565312477,-9.353915639968392,132.1448719412591,-76.84749057980544
1.5504,0.22208260761511556,-0.25772977092660926,-9.36496562194424,131.66778989537949,-76.75324784520163
1.5512000000000001,0.22060742485435098,-0.25842575584213334,-9.376003931306832,131.1925839407045,-76.65728434583478
1.552,0.21912837788427944,-0.25911680279089283,-9.387030070059462,130.71925129978501,-76.5596201039168
1.5528,0.2176454766455358,-0.2598028941304111,-9.39804353436911,130.24778908100163,-76.4602749580707
1.5535999999999999,0.2161587311613831,-0.26048401218485967,-9.40904381453645,129.77819428128188,-76.3592685642373
1.5544,0.21466815153833055,-0.2611601392453852,-9.420030394966513,129.31046378877562,-76.25662039659846
1.5552000000000001,0.21317374796675229,-0.2618312575704417,-9.43100275414005,128.84459438548754,-76.15234974851595
1.556,0.21167553072150563,-0.2624973493861263,-9.441960364585624,128.3805827498691,-76.04647573348507
1.5568,0.21017351016254857,-0.263158396886524,-9.452902692852424,127.91842545936773,-75.93901728610255
1.5575999999999999,0.20866769673556065,-0.26381438223405296,-9.463829199483872,127.45811899293737,-75.82999316304802
1.5584,0.20715810097256113,-0.2644652875598193,-9.474739338992018,126.99965973350686,-75.71942194407838
1.5592000000000001,0.20564473349253012,-0.26511109496397356,-9.48563255983279,126.54304397041004,-75.60732203303424
1.56,0.20412760500202723,-0.2657517865160758,-9.496508304382083,126.088267901775,-75.4937116588582
1.5608,0.20260672629581092,-0.26638734425546423,-9.507366008912776,125.63532763687476,-75.37860887662369
1.5615999999999999,0.20108210825745956,-0.26701775019163004,-9.51820510357263,125.18421919843995,-75.26203156857478
1.5624,0.19955376185999088,-0.2676429863045966,-9.529025012363201,124.73493852493243,-75.14399744517507
1.5632000000000001,0.1980216981664832,-0.2682630345453058,-9.53982515311968,124.287481472782,-75.02452404616663
1.564,0.1964859283306951,-0.2688778768360081,-9.55060493749181,123.8418438185853,-74.9036287416368
1.5648,0.19494646359768417,-0.2694874950706606,-9.56136377092584,123.3980212612673,-74.78132873309359
1.5655999999999999,0.19340331530442897,-0.2700918711153282,-9.572101052647554,122.95600942420766,-74.65764105454876
1.5664,0.191856494880448,-0.2706909868085913,-9.582816175646455,122.51580385732997,-74.5325825736075
1.5672000000000001,0.1903060138484205,-0.27128482396196024,-9.593508526661065,122.07740003915606,-74.40616999256535
1.568,0.18875188382480587,-0.2718733643602933,-9.604177486165472,121.6407933788249,-74.27841984951075
1.5688,0.18719411652046192,-0.272456589762223,-9.61482242835707,121.20597921807608,-74.14934851943332
1.5695999999999999,0.18563272374126577,-0.2730344819005854,-9.625442721145575,120.77295283320053,-74.01897221533746
1.5704,0.18406771738873176,-0.27360702248285784,-9.636037726143341,120.34170943695582,-73.8873069893606
1.5712000000000002,0.18249910946063128,-0.27417419319160025,-9.646606798657023,119.91224418044918,-73.75436873389587
1.572,0.1809269120516107,-0.2747359756849034,-9.657149287680605,119.48455215498673,-73.62017318271839
1.5728,0.17935113735380814,-0.27529235159684373,-9.667664535889847,119.05862839389017,-73.48473591211524
1.5735999999999999,0.1777717976574723,-0.27584330253794254,-9.678151879638191,118.63446787428163,-73.34807234201848
1.5744,0.17618890535157844,-0.27638881009563215,-9.688610648954155,118.21206551883643,-73.21019773714076
1.5752000000000002,0.17460247292444678,-0.27692885583472754,-9.699040167540218,117.79141619750513,-73.07112720811348
1.576,0.17301251296435674,-0.2774634212979042,-9.709439752773354,117.37251472920354,-72.93087571262659
1.5768,0.17141903816016218,-0.2779924880061825,-9.719808715707096,116.95535588347302,-72.78945805657014
1.5776,0.16982206130190683,-0.278516037459417,-9.730146361075292,116.53993438211036,-72.64688889517713
1.5784,0.16822159528143782,-0.27903405113679325,-9.740451987297515,116.12624490076804,-72.50318273416724
1.5792000000000002,0.16661765309301993,-0.279546510497329,-9.75072488648624,115.71428207052534,-72.35835393089106
1.58,0.16501024783394755,-0.280053396980383,-9.76096434445575,115.30404047943037,-72.21241669547499
1.5808,0.16339939270515516,-0.28055469200616984,-9.771169640732886,114.89551467401314,-72.06538509196538
1.5816,0.16178510101182944,-0.2810503769762804,-9.781340048569612,114.48869916077123,-71.91727303947324
1.5824,0.16016738616401857,-0.28154043327420847,-9.791474834957507,114.0835884076276,-71.76809431331765
1.5832000000000002,0.15854626167724223,-0.28202484226588426,-9.80157326064414,113.68017684536095,-71.61786254616882
1.584,0.1569217411730984,-0.2825035853002137,-9.811634580151479,113.27845886900904,-71.46659122918975
1.5848,0.15529383837986982,-0.2829766437096249,-9.821658041796267,112.87842883924532,-71.31429371317644
1.5856,0.15366256713313062,-0.28344399881061977,-9.831642887712473,112.48008108372989,-71.16098320969672
1.5864,0.15202794137634995,-0.2839056319043327,-9.84158835387585,112.08340989843417,-71.0066727922269
1.5872000000000002,0.15038997516149716,-0.2843615242770956,-9.851493670130592,111.68840954894088,-70.85137539728677
1.588,0.1487486826496423,-0.2848116572010089,-9.861358060218246,111.2950742717179,-70.69510382557172
1.5888,0.14710407811155646,-0.2852560119345204,-9.871180741808768,110.90339827536802,-70.53787074308258
1.5896,0.14545617592831248,-0.2856945697230087,-9.8809609265339,110.51337574185462,-70.37968868225285
1.5904,0.14380499059188173,-0.28612731179937484,-9.890697820022826,110.12500082770285,-70.22057004307266
1.5912000000000002,0.14215053670573224,-0.28655421938463893,-9.900390621940169,109.7382676651779,-70.06052709420996
1.592,0.14049282898542284,-0.28697527368854453,-9.910038526026412,109.3531703634393,-69.8995719741279
1.5928,0.1388318822591953,-0.28739045591016943,-9.919640720140713,108.96970300967257,-69.73771669219899
1.5936,0.1371677114685678,-0.2877997472385428,-9.929196386306208,108.58785967019854,-69.57497312981569
1.5944,0.13550033166892386,-0.28820312885326876,-9.938704700757825,108.20763439156025,-69.41135304149667
1.5952000000000002,0.1338297580301023,-0.2886005819251571,-9.948164833992617,107.82902120158836,-69.24686805598972
1.596,0.1321560058369826,-0.28899208761686035,-9.95757595082275,107.45201411044448,-69.0815296773699
1.5968,0.13047909049006862,-0.28937762708351833,-9.966937210431052,107.07660711164336,-68.91534928613346
1.5976,0.12879902750607303,-0.2897571814734075,-9.976247766429298,106.70279418305498,-68.74833814028757
1.5984,0.1271158325184968,-0.29013073192860017,-9.98550676691912,106.33056928788496,-68.58050737643529
1.5992000000000002,0.1254295212782095,-0.29049825958562725,-9.994713354555744,105.95992637563603,-68.4118680108559
1.6,0.12374010965402495,-0.29085974557614985,-10.003866666614446,105.59085938304854,-68.2424309405801
1.6008,0.12204761363327479,-0.29121517102763733,-10.012965835059886,105.22336223502177,-68.07220694446046
1.6016,0.12035204932238208,-0.2915645170640516,-10.022009986618237,104.85742884551611,-67.90120668423674
1.6024,0.11865343294743037,-0.2919077648065396,-10.030998242852236,104.49305311843608,-67.72944070559605
1.6032000000000002,0.11695178085473264,-0.2922448953741304,-10.039929720239162,104.13022894849519,-67.55691943922763
1.604,0.11524710951139573,-0.2925758898844417,-10.048803530251751,103.7689502220617,-67.3836532018723
1.6048,0.11353943550588205,-0.29290072945439205,-10.057618779442132,103.40921081798665,-67.20965219736613
1.6056,0.11182877554857121,-0.2932193952009199,-10.066374569528747,103.05100460841433,-67.03492651767893
1.6064,0.11011514647231666,-0.29353186824170996,-10.075069997486363,102.69432545957511,-66.85948614394681
1.6072000000000002,0.10839856523300218,-0.29383812969592676,-10.083704155639124,102.33916723256117,-66.68334094749913
1.608,0.10667904891009303,-0.29413816068495446,-10.092276131756751,101.98552378408526,-66.50650069087942
1.6088,0.1049566147071845,-0.2944319423331447,-10.100785009153878,101.63338896722264,-66.32897502886038
1.6096,0.10323127995254977,-0.2947194557685706,-10.109229866792514,101.28275663213707,-66.15077350945315
1.6104,0.1015030620996828,-0.295000682123789,-10.117609779387738,100.93362062679047,-65.97190557491037
1.6112000000000002,0.09977197872784013,-0.2952756025366075,-10.125923817516579,100.58597479763709,-65.79238056272304
1.612,0.0980380475425778,-0.29554419815086164,-10.134171047730158,100.2398129903018,-65.6122077066115
1.6128,0.09630128637628443,-0.29580645011719703,-10.142350532669045,99.89512905024293,-65.43139613750978
1.6136,0.09456171318871409,-0.2960623395938592,-10.150461331181939,99.55191682340067,-65.24995488454397
1.6144,0.09281934606751338,-0.29631184774749075,-10.158502498447602,99.21017015683047,-65.0678928760042
1.6152000000000002,0.09107420322874715,-0.2965549557539354,-10.16647308610011,98.86988289932185,-64.88521894031028
1.616,0.08932630301741887,-0.2967916447990498,-10.174372142357445,98.53104890200302,-64.70194180697095
1.6168,0.08757566390798735,-0.29702189607952156,-10.182198712153399,98.1936620189312,-64.51807010753639
1.6176,0.08582230450488218,-0.2972456908036955,-10.189951837272837,97.85771610766977,-64.33361237654464
1.6184,0.08406624354301319,-0.2974630101924062,-10.197630556490314,97.52320502985134,-64.14857705246136
1.6192000000000002,0.08230749988827878,-0.2976738354798184,-10.205233905712035,97.19012265172793,-63.9629724786131
1.62,0.08054609253806773,-0.29787814791427436,-10.212760918121205,96.85846284470789,-63.776806904113805
1.6208,0.07878204062175727,-0.29807592875914896,-10.220210624326727,96.52821948587948,-63.590088484784864
1.6216,0.0770153634012098,-0.2982671592937108,-10.22758205251531,96.19938645852297,-63.40282528406855
1.6224,0.07524608027126292,-0.29845182081399224,-10.234874228606863,95.87195765260925,-63.21502527393481
1.6232,0.07347421076021839,-0.29862989463366485,-10.242086176413359,95.54592696528736,-63.02669633578159
1.624,0.07169977453032153,-0.29880136208492464,-10.249216917800947,95.22128830135844,-62.837846261327876
1.6248,0.06992279137824357,-0.2989662045193813,-10.256265472855514,94.89803557374003,-62.648482753500936
1.6256,0.06814328123555281,-0.2991244033089576,-10.263230860051511,94.57616270391694,-62.458613427316074
1.6264,0.06636126416918543,-0.299275939846795,-10.270112096424143,94.25566362238182,-62.26824581075016
1.6272,0.06457676038191268,-0.29942079554816614,-10.276908197744838,93.93653226906471,-62.07738734560849
1.6280000000000001,0.06278979021279792,-0.29955895185139486,-10.283618178700063,93.61876259375086,-61.88604538838441
1.6288,0.061000374137656764,-0.29969039021878424,-10.290241053073323,93.30234855648874,-61.69422721111305
1.6296,0.059208532769505016,-0.2998150921375511,-10.2967758339305,92.9872841279867,-61.50194000221751
1.6304,0.05741428685900651,-0.29993303912076796,-10.303221533808332,92.6735632899998,-61.309190867348825
1.6312,0.055617657294916356,-0.3000442127083128,-10.309577164906125,92.36118003570684,-61.11598683021944
1.6320000000000001,0.05381866510451411,-0.3001485944678255,-10.315841739280625,92.05012837007604,-60.922334833429176
1.6328,0.052017331454039174,-0.3002461659956719,-10.322014269043978,91.74040231022288,-60.728241739285515
1.6336,0.0502136776491139,-0.30033690891791537,-10.328093766564814,91.43199588575646,-60.5337143306163
1.6344,0.04840772513516607,-0.30042080489129497,-10.33407924467237,91.12490313911776,-60.33875931157628
1.6352,0.04659949549784636,-0.30049783560421206,-10.339969716863564,90.81911812590842,-60.143383308447184
1.6360000000000001,0.044789010463435176,-0.30056798277772295,-10.345764197513104,90.51463491520941,-59.9475928704303
1.6368,0.04297629189925166,-0.30063122816653937,-10.351461702086436,90.21144758989267,-59.751394470433446
1.6376,0.041161361814049384,-0.3006875535600372,-10.357061247355563,89.909550246922,-59.55479450585061
1.6384,0.039344242358411746,-0.3007369407832702,-10.362561851617684,89.60893699764684,-59.357799299335134
1.6392,0.037524955825141044,-0.30077937169799374,-10.367962534916517,89.30960196808729,-59.16041509956682
1.6400000000000001,0.03570352464963722,-0.30081482820369326,-10.37326231926636,89.01153929921013,-58.9626480820115
1.6408,0.033879971410278036,-0.30084329223862205,-10.378460228878684,88.71474314719794,-58.76450434967512
1.6416,0.03205431882878547,-0.3008647457808447,-10.383555290391362,88.41920768370933,-58.565989933850474
1.6424,0.030226589770591134,-0.3008791708492891,-10.388546533100271,88.12492709613171,-58.36711079485788
1.6432,0.02839680724519572,-0.30088654950480437,-10.39343298919335,87.83189558782685,-58.16787282277943
1.6440000000000001,0.026564994406516752,-0.3008868638512273,-10.398213693986955,87.54010737836794,-57.96828183818635
1.6448,0.024731174553237725,-0.3008800960364549,-10.402887686164437,87.24955670377052,-57.768343592860525
1.6456,0.02289537112914296,-0.30086622825352466,-10.407454008016897,86.96023781671508,-57.56806377050902
1.6464,0.02105760772345143,-0.3008452427417022,-10.411911705685972,86.67214498676331,-57.36744798747275
1.6472,0.019217908071143274,-0.3008171217875752,-10.416259829408627,86.38527250056745,-57.166501793428544
1.6480000000000001,0.017376296053274867,-0.30078184772615546,-10.420497433763796,86.09961466207217,-56.96523067208484
1.6488,0.015532795697294577,-0.3007394029419875,-10.424623577920823,85.81516579271079,-56.76364004187142
1.6496,0.01368743117734393,-0.30068976987026436,-10.428637325889573,85.5319202315938,-56.56173525662234
1.6503999999999999,0.011840226814557368,-0.30063293099795063,-10.43253774677214,85.24987233569215,-56.35952160625329
1.6512,0.009991207077351665,-0.30056886886491224,-10.436323915015999,84.96901648001331,-56.15700431743211
1.6520000000000001,0.008140396581710856,-0.3004975660650535,-10.439994910668545,84.68934705777214,-55.95418855424384
1.6528,0.006287820091461002,-0.3004190052474608,-10.443549819632905,84.41085848055478,-55.75107941884902
1.6536,0.004433502518537983,-0.30033316911755426,-10.446987733924804,84.1335451784771,-55.547681952136124
1.6543999999999999,0.0025774689232497742,-0.30024004043824504,-10.450307751930554,83.85740160033737,-55.34400113436808
1.6552,0.0007197445145290284,-0.3001396020311002,-10.453508978665894,83.58242221376332,-55.140041885822555
1.6560000000000001,-0.0011396453498198817,-0.30003183677751466,-10.456590526035585,83.30860150535365,-54.93580906742646
1.6568,-0.0030006751628840434,-0.2999167276198899,-10.459551513093697,83.03593398081372,-54.731307481384306
1.6576,-0.004863319268412716,-0.2997942575628189,-10.462391066304406,82.76441416508638,-54.52654187180057
1.6583999999999999,-0.006727551860594696,-0.2996644096742789,-10.465108319803171,82.49403660247724,-54.32151692529648
1.6592,-0.008593346983844454,-0.2995271670868301,-10.467702415658195,82.22479585677523,-54.116237271620726
1.6600000000000001,-0.010460678532595725,-0.29938251299882146,-10.470172504131977,81.9566865113678,-53.91070748425446
1.6608,-0.012329520251105062,-0.29923043067560334,-10.472517743942893,81.68970316935139,-53.704932081010504
1.6616,-0.014199845733263947,-0.2990709034507464,-10.474737302526584,81.42384045363683,-53.498915524626625
1.6623999999999999,-0.016071628422416735,-0.2989039147272674,-10.476830356297082,81.15909300705037,-53.29266222335339
1.6632,-0.017944841611189897,-0.29872944797886153,-10.478796090907483,80.89545549243007,-53.086176531536275
1.6640000000000001,-0.019819458441327743,-0.29854748675114146,-10.48063370151003,80.6329225927176,-52.87946275019214
1.6648,-0.02169545190353871,-0.29835801466288264,-10.48234239301549,80.37148901104558,-52.672525127580165
1.6656,-0.023572794837351186,-0.29816101540727497,-10.483921380351637,80.11114947082056,-52.46536785976689
1.6663999999999999,-0.02545145993097563,-0.2979564727531812,-10.485369888720715,79.85189871580195,-52.2579950911863
1.6672,-0.027331419721178415,-0.2977443705464019,-10.486687153855701,79.59373151017671,-52.05041091519409
1.6680000000000001,-0.0292126465931619,-0.2975246927109461,-10.487872422275277,79.33664263863015,-51.8426193746167
1.6688,-0.03109511278045701,-0.29729742325030895,-10.488924951537282,79.08062690641253,-51.63462446229479
1.6696,-0.03297879036482487,-0.29706254624875444,-10.489844010490541,78.8256791394018,-51.42643012162121
1.6703999999999999,-0.034863651276165246,-0.296820045872606,-10.490628879524913,78.57179418416267,-51.21804024707413
1.6712,-0.03674966729243741,-0.29656990637154207,-10.491278850819345,78.31896690800203,-51.009458684744565
1.6720000000000002,-0.03863681003958818,-0.2963121120798975,-10.491793228587898,78.06719219902072,-50.80068923285876
1.6728,-0.040525050991492,-0.2960466474179727,-10.492171329323414,77.81646496616153,-50.59173564229542
1.6736,-0.04241436146990143,-0.2957734968933461,-10.492412482038864,77.5667801392539,-50.382601617097464
1.6743999999999999,-0.0443047126444046,-0.2954926451021948,-10.49251602850606,77.31813266905525,-50.17329081497924
1.6752,-0.046196075532395645,-0.29520407673062043,-10.49248132349164,77.07051752728881,-49.963806847828145
1.6760000000000002,-0.048088420999052785,-0.29490777655598027,-10.492307734990199,76.82392970667878,-49.75415328220167
1.6768,-0.049981719757328874,-0.29460372944822444,-10.491994644454364,76.57836422098154,-49.544333639819044
1.6776,-0.05187594236795313,-0.29429192037123914,-10.491541447021646,76.33381610501398,-49.334351398048014
1.6784,-0.053771059239440124,-0.2939723343841947,-10.490947551738007,76.09028041467924,-49.12420999038691
1.6792,-0.05566704062811233,-0.2936449566428998,-10.49021238177784,75.84775222698902,-48.91391280694161
1.6800000000000002,-0.05756385663813055,-0.2933097724011619,-10.489335374660362,75.60622664008326,-48.70346319489809
1.6808,-0.05946147722153809,-0.29296676701215046,-10.488315982462204,75.36569877324692,-48.49286445898946
1.6816,-0.061359872178315594,-0.29261592592976887,-10.487153672025968,75.12616376692365,-48.282119861958805
1.6824,-0.06325901115644443,-0.29225723471002885,-10.485847925164798,74.88761678272745,-48.07123262501716
1.6832,-0.0651588636519837,-0.29189067901243204,-10.484398238862603,74.65005300345102,-47.860205928296814
1.6840000000000002,-0.0670593990091559,-0.29151624460135517,-10.482804125469979,74.4134676330723,-47.64904291129999
1.6848,-0.06896058642044677,-0.2911339173474421,-10.48106511289552,74.17785589675759,-47.43774667334297
1.6856,-0.07086239492671606,-0.29074368322899835,-10.479180744792524,73.94321304086276,-47.22632027399534
1.6864,-0.07276479341731772,-0.2903455283333928,-10.47715058074088,73.70953433293205,-47.014766733515174
1.6872,-0.07466775063023391,-0.2899394388584632,-10.474974196423968,73.47681506169442,-46.80308903327952
1.6880000000000002,-0.07657123515221856,-0.2895254011139265,-10.472651183800581,73.24505053705778,-46.59129011621053
1.6888,-0.0784752154189548,-0.2891034015227939,-10.470181151271582,73.01423609010075,-46.379372887197036
1.6896,-0.0803796597152251,-0.2886734266227903,-10.467563723841257,72.78436707306213,-46.167340213511764
1.6904,-0.08228453617508986,-0.28823546306777836,-10.464798543273236,72.55543885932894,-45.955194925224454
1.6912,-0.08418981278208168,-0.28778949762918715,-10.461885268240865,72.32744684342154,-45.742939815610455
1.6920000000000002,-0.08609545736940837,-0.2873355171974452,-10.45882357447187,72.10038644097737,-45.53057764155536
1.6928,-0.0880014376201717,-0.2868735087834169,-10.455613154887294,71.87425308873254,-45.318111123955
1.6936,-0.08990772106759788,-0.286403459519844,-10.452253719734479,71.64904224450103,-45.10554294811157
1.6944,-0.09181427509527842,-0.28592535666279073,-10.448744996714126,71.42474938715283,-44.892875764125606
1.6952,-0.09372106693742593,-0.2854391875930928,-10.445086731101206,71.20137001658966,-44.68011218728372
1.6960000000000002,-0.09562806367914012,-0.2849449398178105,-10.441278685859745,70.97889965371935,-44.46725479844251
1.6968,-0.09753523225668913,-0.2844426009716856,-10.437320641751292,70.75733384042809,-44.254306144408304
1.6976,-0.09944253945780389,-0.28393215881860123,-10.433212397437046,70.536668139551,-44.04126873831269
1.6984,-0.10134995192198283,-0.28341360125304604,-10.428953769573566,70.31689813484147,-43.8281450599845
1.6992,-0.10325743614081212,-0.28288691630158125,-10.424544592901952,70.09801943093852,-43.61493755631767
1.7000000000000002,-0.10516495845829653,-0.28235209212431206,-10.419984720330447,69.88002765333292,-43.40164864163536
1.7008,-0.1070724850712064,-0.28180911701636113,-10.41527402301039,69.66291844833147,-43.18828069805014
1.7016,-0.10897998202943766,-0.281257979409345,-10.410412390405487,69.4466874830198,-42.97483607582
1.7024,-0.11088741523638292,-0.2806986678728552,-10.40539973035427,69.23133044522415,-42.76131709370146
1.7032,-0.11279475044931848,-0.2801311711159405,-10.400235969125806,69.01684304347124,-42.5477260392981
1.7040000000000002,-0.11470195327980258,-0.27955547798859326,-10.394921051468508,68.80322100694738,-42.334065169405996
1.7048,-0.11660898919408998,-0.27897157748323775,-10.389454940652051,68.59046008545555,-42.120336710355126
1.7056,-0.11851582351356002,-0.2783794587362203,-10.383837618502405,68.37855604937171,-41.906542858347116
1.7064,-0.1204224214151565,-0.2777791110293041,-10.378069085429821,68.16750468959962,-41.69268577978976
1.7072,-0.12232874793184371,-0.27717052379116397,-10.37214936044994,67.95730181752464,-41.4787676116276
1.7080000000000002,-0.12423476795307414,-0.2765536865988852,-10.366078481197839,67.74794326496628,-41.26479046166934
1.7088,-0.12614044622527273,-0.27592858917946333,-10.359856503935072,67.53942488412957,-41.05075640891148
1.7096,-0.12804574735233595,-0.275295221411306,-10.35348350354971,67.33174254755504,-40.836667503858415
1.7104,-0.12995063579614158,-0.2746535733257371,-10.346959573549368,67.12489214806833,-40.62252576883955
1.7112,-0.13185507587707682,-0.2740036351085022,-10.340284826047185,66.91886959872791,-40.40833319832248
1.7120000000000002,-0.13375903177457682,-0.27334539710127653,-10.333459391740865,66.71367083277272,-40.19409175922353
1.7128,-0.13566246752768185,-0.2726788498031736,-10.326483419884635,66.50929180356788,-39.97980339121418
1.7136,-0.13756534703560802,-0.27200398387225383,-10.319357078254347,66.30572848454999,-39.76547000702456
1.7144,-0.13946763405833046,-0.27132079012703764,-10.312080553105556,66.10297686917146,-39.55109349274384
1.7152,-0.14136929221718428,-0.2706292595480166,-10.304654049124727,65.90103297084386,-39.336675708117134
1.7160000000000002,-0.14327028499547736,-0.2699293832791673,-10.297077789373578,65.69989282288046,-39.12221848683942
1.7168,-0.14517057573912087,-0.2692211526294658,-10.289352015226584,65.49955247843789,-38.907723636846235
1.7176,-0.14707012765727484,-0.26850455907440074,-10.281476986301692,65.3000080104568,-38.69319294060088
1.7184,-0.14896890382300623,-0.26777959425749026,-10.273452980384342,65.10125551160228,-38.478628155379184
1.7192,-0.15086686717396489,-0.26704624999179655,-10.265280293344789,64.90329109420274,-38.26403101355065
1.7200000000000002,-0.1527639805130719,-0.26630451826144264,-10.256959239048859,64.70611089018898,-38.04940322285699
1.7208,-0.1546602065092261,-0.26555439122312774,-10.248490149262135,64.50971105103177,-37.834746466687314
1.7216,-0.15655550769802606,-0.264795861207643,-10.239873373547699,64.31408774767891,-37.62006240435036
1.7224,-0.15844984648250465,-0.26402892072138723,-10.231109279157502,64.11923717049199,-37.40535267134398
1.7232,-0.16034318513388196,-0.2632535624478824,-10.222198250917415,63.92515552918211,-37.190618879621574
1.7240000000000002,-0.16223548579233113,-0.262469779249289,-10.213140691106089,63.731839052745414,-36.97586261785585
1.7248,-0.16412671046776237,-0.2616775641679192,-10.20393701932769,63.539283989397546,-36.761085451699394
1.7256,-0.16601682104062307,-0.26087691042775063,-10.19458767237859,63.34748660650772,-36.54628892404245
1.7264,-0.16790577926271075,-0.26006781143593893,-10.18509310410817,63.15644319053235,-36.331474555268194
1.7272,-0.16979354675800423,-0.2592502607843286,-10.175453785273785,62.96615004694818,-36.11664384350498
1.728,-0.1716800850235084,-0.25842425225096377,-10.165670203390052,62.7766035001848,-35.901798264876085
1.7288000000000001,-0.1735653554301197,-0.2575897798015955,-10.15574286257248,62.587799893556486,-35.68693927374622
1.7296,-0.17544931922350065,-0.2567468375911904,-10.14567228337569,62.399735589194115,-35.47206830296615
1.7304,-0.17733193752497795,-0.25589541996543397,-10.135459002626233,62.212406967975944,-35.25718676411378
1.7312,-0.17921317133245107,-0.255035521462235,-10.12510357325019,62.025810429458524,-35.04229604773329
1.732,-0.18109298152131775,-0.254167136813227,-10.11460656409566,61.83994239180709,-34.82739752357149
1.7328000000000001,-0.18297132884542053,-0.2532902609452658,-10.103968559750252,61.65479929172517,-34.6124925408112
1.7336,-0.18484817393800176,-0.2524048889819277,-10.093190160353782,61.470377584384416,-34.397582428302826
1.7344,-0.18672347731268282,-0.25151101624500166,-10.08227198140618,61.286673743353575,-34.18266849479253
1.7352,-0.18859719936445463,-0.25060863825598134,-10.071214653570868,61.10368426052739,-33.96775202914864
1.736,-0.19046930037068413,-0.24969775073755385,-10.06001882247374,60.92140564605526,-33.75283430058538
1.7368000000000001,-0.19233974049214297,-0.24877834961508327,-10.048685148497755,60.73983442826922,-33.53791655888372
1.7376,-0.1942084797740446,-0.247850431018094,-10.037214306573489,60.558967153612045,-33.32300003461058
1.7384,-0.1960754781471056,-0.24691399128174785,-10.025606985965592,60.378800386564805,-33.10808593933489
1.7392,-0.19794069542861864,-0.24596902694831896,-10.013863890055461,60.19933070957422,-32.89317546584165
1.74,-0.19980409132354188,-0.24501553476866594,-10.001985736120192,60.02055472298003,-32.67826978834391
1.7408000000000001,-0.2016656254256101,-0.2440535117036964,-9.989973255107948,59.84246904494159,-32.463370062691645
1.7416,-0.20352525721845496,-0.24308295492583212,-9.977827191409993,59.665070311364886,-32.24847742657925
1.7424,-0.2053829460767498,-0.24210386182046512,-9.965548302629406,59.488355175828765,-32.03359299974992
1.7432,-0.20723865126736535,-0.2411162299874126,-9.953137359346764,59.31232030951138,-31.818717884198414
1.744,-0.20909233195054275,-0.2401200572423665,-9.940595144882865,59.136962401116485,-31.603853164371454
1.7448000000000001,-0.21094394718108875,-0.23911534161833575,-9.92792245505866,58.96227815679905,-31.388999907365424
1.7456,-0.21279345590957918,-0.23810208136708758,-9.915120097952592,58.78826430009148,-31.17415916312281
1.7464,-0.21464081698358736,-0.2370802749605791,-9.902188893655438,58.614917571829,-30.959331964625502
1.7472,-0.21648598914892458,-0.23604992109238657,-9.88912967402284,58.44223473007534,-30.744519328086614
1.748,-0.21832893105089646,-0.23501101867912855,-9.875943282425732,58.270212550048406,-30.529722253140207
1.7488000000000001,-0.2201696012355824,-0.23396356686188072,-9.862630573498675,58.0988478240452,-30.314941723028248
1.7496,-0.2220079581511233,-0.23290756500758886,-9.849192412886447,57.92813736136755,-30.100178704786547
1.7504,-0.2238439601490344,-0.23184301271047095,-9.83562967698888,57.75807798824692,-29.88543414942754
1.7512,-0.22567756548552945,-0.2307699097934163,-9.821943252704175,57.58866654776976,-29.67070899212191
1.752,-0.22750873232286234,-0.22968825630937734,-9.808134037170879,57.419899899802566,-29.456004152377908
1.7528000000000001,-0.22933741873068988,-0.22859805254275214,-9.79420293750856,57.25177492091678,-29.241320534218403
1.7536,-0.23116358268744477,-0.22749929901076446,-9.78015087055749,57.08428850431397,-29.026659026356654
1.7544,-0.23298718208173227,-0.22639199646483113,-9.765978762617324,56.917437559750525,-28.81202050236929
1.7551999999999999,-0.23480817471373877,-0.22527614589192665,-9.751687549185057,56.75121901346279,-28.597405820868104
1.756,-0.2366265182966596,-0.22415174851593736,-9.73727817469233,56.585629808091916,-28.382815825669567
1.7568000000000001,-0.23844217045814187,-0.2230188057990094,-9.722751592242263,56.42066690260895,-28.16825134596267
1.7576,-0.24025508874174634,-0.2218773194428879,-9.708108763345937,56.2563272722396,-27.953713196474776
1.7584,-0.24206523060842597,-0.2207272913902466,-9.693350657658668,56.09260790838923,-27.739202177635462
1.7591999999999999,-0.24387255343801897,-0.2195687238260118,-9.678478252716266,55.929505818567904,-27.524719075739014
1.76,-0.24567701453076135,-0.2184016191786753,-9.663492533671318,55.76701802631534,-27.310264663104668
1.7608000000000001,-0.24747857110881305,-0.21722598012160058,-9.648394493029748,55.605141571126154,-27.09583969823552
1.7616,-0.24927718031780435,-0.21604180957431796,-9.633185130387677,55.44387350837482,-26.881444925975224
1.7624,-0.2510727992283978,-0.21484911070381058,-9.617865452168786,55.28321090924088,-26.667081077663134
1.7631999999999999,-0.25286538483786536,-0.21364788692579273,-9.602436471362301,55.12315086063419,-26.45274887128785
1.764,-0.25465489407168396,-0.21243814190597646,-9.586899207261684,54.96369046512031,-26.238449011638863
1.7648000000000001,-0.2564412837851462,-0.21121987956133056,-9.571254685204217,54.80482684084582,-26.02418219045681
1.7656,-0.2582245107649886,-0.2099931040613271,-9.555503936311558,54.646557121464,-25.809949086581724
1.7664,-0.2600045317310374,-0.20875781982917785,-9.53964799723139,54.48887845606009,-25.595750366099676
1.7671999999999999,-0.26178130333786875,-0.20751403154306242,-9.523687909880273,54.33178800907728,-25.38158668248807
1.768,-0.263554782176487,-0.20626174413734333,-9.507624721187863,54.17528296024228,-25.167458676759036
1.7688000000000001,-0.2653249247760167,-0.2050009628037718,-9.491459482842554,54.019360504491445,-24.95336697760151
1.7696,-0.26709168760541485,-0.20373169299268137,-9.475193251038645,53.86401785189676,-24.73931220152148
1.7704,-0.2688550270751978,-0.20245394041416928,-9.458827086225172,53.70925222759176,-24.525294952980573
1.7711999999999999,-0.27061489953918333,-0.2011677110392689,-9.442362052856492,53.555060871698075,-24.31131582453359
1.772,-0.2723712612962502,-0.1998730111011077,-9.425799219144714,53.401441039251715,-24.09737539696397
1.7728000000000002,-0.27412406859211214,-0.19856984709605577,-9.409139656814093,53.248390000129795,-23.883474239418266
1.7736,-0.27587327762111014,-0.19725822578486005,-9.392384440857404,53.09590503897712,-23.669612909538667
1.7744,-0.27761884452802066,-0.19593815419376587,-9.375534649294494,52.94398345513303,-23.45579195359417
1.7752,-0.2793607254098776,-0.19460963961562827,-9.358591362933014,52.79262256255845,-23.242011906610493
1.776,-0.2810988763178124,-0.19327268961100794,-9.341555665131448,52.641819689763004,-23.028273292498252
1.7768000000000002,-0.2828332532589064,-0.19192731200925645,-9.324428641564541,52.49157217973273,-22.814576624180145
1.7776,-0.2845638121980641,-0.19057351490958643,-9.307211379991106,52.341877389857174,-22.600922403716215
1.7784,-0.2862905090598992,-0.18921130668212766,-9.289904970024406,52.192732691857145,-22.387311122427842
1.7792,-0.28801329973063494,-0.18784069596897193,-9.27251050290511,52.04413547171287,-22.173743261020697
1.78,-0.2897321400600226,-0.18646169168520188,-9.255029071276889,51.89608312959174,-21.96021928970586
1.7808000000000002,-0.29144698586327233,-0.1850743030199075,-9.237461768964764,51.74857307977681,-21.74673966832005
1.7816,-0.29315779292300187,-0.18367853943718668,-9.219809690756183,51.60160275059525,-21.533304846444167
1.7824,-0.29486451699120075,-0.18227441067713104,-9.202073932184963,51.455169584346656,-21.319915263520446
1.7832,-0.29656711379120676,-0.1808619267567988,-9.18425558931812,51.30927103723228,-21.106571348968696
1.784,-0.29826553901969965,-0.17944109797117094,-9.166355758545633,51.16390457928381,-20.893273522300902
1.7848000000000002,-0.2999597483487081,-0.178011934894094,-9.1483755363732,51.01906769429286,-20.68002219323482
1.7856,-0.30164969742763287,-0.17657444837920597,-9.130316019218016,50.87475787974032,-20.466817761806094
1.7864,-0.30333534188528544,-0.1751286495608456,-9.112178303207617,50.73097264672588,-20.25366061847899
1.7872,-0.30501663733193773,-0.17367454985494893,-9.09396348398188,50.58770951989822,-20.040551144256344
1.788,-0.3066935393613902,-0.1722121609599273,-9.075672656498105,50.444966037384816,-19.827489710787837
1.7888000000000002,-0.3083660035530502,-0.1707414948575312,-9.057306914839348,50.30273975072258,-19.614476680477505
1.7896,-0.3100339854740282,-0.16926256381369545,-9.038867352025918,50.16102822478829,-19.40151240658958
1.7904,-0.31169744068124694,-0.16777538037936832,-9.020355059830113,50.019829037729224,-19.188597233353338
1.7912,-0.31335632472356323,-0.16627995739132517,-9.001771128594253,49.87913978089447,-18.97573149606691
1.792,-0.31501059314390506,-0.16477630797296355,-8.983116647051965,49.73895805876591,-18.762915521199766
1.7928000000000002,-0.31666020148142043,-0.1632644455350826,-8.96439270215281,49.59928148888998,-18.550149626494218
1.7936,-0.31830510527364203,-0.16174438377664338,-8.945600378890193,49.460107701809186,-18.33743412106561
1.7944,-0.3199452600586649,-0.16021613668551127,-8.926740760132619,49.32143434099418,-18.12476930550137
1.7952,-0.3215806213773358,-0.15867971853918247,-8.907814926458318,49.18325906277591,-17.912155471959153
1.796,-0.3232111447754569,-0.15713514390549063,-8.888823955993205,49.045579536278076,-17.699592904263685
1.7968000000000002,-0.3248367858060015,-0.15558242764329722,-8.869768924252222,48.908393443349944,-17.487081878002815
1.7976,-0.326457500031343,-0.15402158490316123,-8.85065090398404,48.77169847849928,-17.274622660622175
1.7984,-0.3280732430254986,-0.15245263112799012,-8.831470965019104,48.63549234882534,-17.062215511518744
1.7992,-0.32968397037638114,-0.15087558205367432,-8.812230174121122,48.49977277395262,-16.849860682133748
1.8,-0.33128963768806735,-0.1492904537097004,-8.79292959484183,48.36453748596431,-16.637558416044147
