freq_ghz,bare_zdiff_re,bare_zdiff_im,s1_zdiff_re,s1_zdiff_im,bare_branch_nf_db,s1_branch_nf_db,delta_nf_db,bare_branch_te_k,s1_branch_te_k,delta_te_k,bare_branch_zs_re,bare_branch_zs_im,s1_branch_zs_re,s1_branch_zs_im,nfmin_db
1.1504,74.59381764516775,-13.421328121963963,74.73512846524713,-14.393937466160159,0.26888619211899834,0.2695773349594968,0.0006911428404984821,18.52234034386825,18.571442965145057,0.049102621276805536,37.29690882258387,-6.710664060981982,37.367564232623565,-7.196968733080079,0.21496287806419542
1.1512,74.33332713447739,-13.204698027897134,74.47514381841047,-14.175663002497446,0.26909376666600965,0.2697770036185009,0.0006832369524912285,18.537086770126827,18.585629989188043,0.048543219061215837,37.16666356723869,-6.602349013948567,37.237571909205236,-7.087831501248723,0.21488287662585873
1.152,74.0760109208244,-12.987665188816877,74.21833105572172,-13.95700756140314,0.26929974917795746,0.26997503156860386,0.0006752823906464034,18.551720792426135,18.59970108046562,0.047980288039486396,37.0380054604122,-6.493832594408438,37.10916552786086,-6.97850378070157,0.21480287371378745
1.1528,73.82182735007953,-12.770252942855393,73.96464847002643,-13.737994020662056,0.2695041423203945,0.27017142231789393,0.000667279997499437,18.56624258409303,18.613656472347383,0.04741388825435422,36.910913675039765,-6.3851264714276965,36.982324235013216,-6.868997010331028,0.21472286932792725
1.1536,73.57073538463968,-12.552483877747935,73.71405497543886,-13.518644518614774,0.26970694905339915,0.270366179658655,0.0006592306052558561,18.58065233953963,18.627496418574466,0.04684407903483745,36.78536769231984,-6.276241938873968,36.85702748771943,-6.759322259307387,0.2146428634682248
1.1544,73.32269459574994,-12.334379854081195,73.4665100994198,-13.29898047713161,0.26990817262343103,0.2705593076593604,0.0006511350359293955,18.594950273688823,18.64122119269411,0.04627091900528768,36.66134729787497,-6.167189927040598,36.7332550497099,-6.649490238565805,0.2145628561346239
1.1552,73.07766515579138,-12.115962027805974,73.22197397483193,-13.079022623857616,0.27010781655537747,0.27075081065684614,0.0006429941014686746,18.609136621413,18.654831087506793,0.04569446609379213,36.53883257789569,-6.057981013902987,36.61098698741596,-6.539511311928808,0.21448284732707124
1.156,72.83560783054276,-11.897250872036041,72.98040733197985,-12.858791013749947,0.27030588464475086,0.2709406932486421,0.000634808603891257,18.62321163698332,18.66832641452428,0.045114777540959494,36.41780391527138,-5.948625436018021,36.490203665989924,-6.4293955068749735,0.2144028370455124
1.1568,72.59648397142765,-11.678266198157505,72.7417714906458,-12.63830504993193,0.2705023809500617,0.2711289602854771,0.0006265793354154336,18.637175593531104,18.68170750343982,0.04453190990871647,36.29824198571382,-5.839133099078753,36.3708857453229,-6.319152524965965,0.2143228252898932
1.1576,72.36025550775543,-11.459027176270459,72.5060283521292,-12.417583503885439,0.27069730978535794,0.27131561686393835,0.0006183070785804046,18.65102878252094,18.694974701609063,0.04394591908812373,36.18012775387771,-5.729513588135229,36.2530141760646,-6.208791751942719,0.2142428120601592
1.1584,72.12688493896317,-11.239552354983378,72.27314039129645,-12.196644535002196,0.27089067571291486,0.2715006683192917,0.0006099926063768413,18.66477151323408,18.70812837354219,0.04335686030811203,36.063442469481586,-5.619776177491689,36.136570195648225,-6.098322267501098,0.21416279735625615
1.1592,71.8963353268686,-11.01985968058316,72.04307064865094,-11.975505709516407,0.27108248353609027,0.27168412021846144,0.0006016366823711761,18.678404112263514,18.721168900407136,0.0427647881436215,35.9481676634343,-5.50992984029158,36.02153532432547,-5.987752854758203,0.21408278117812973
1.16,71.66857028793845,-10.799966515598534,71.81578272242696,-11.75418401883673,0.2712727382923266,0.27186597835315457,0.0005932400608279487,18.691926923019153,18.734096679542883,0.04216975652373023,35.834285143969225,-5.399983257799267,35.90789136121348,-5.877092009418365,0.21400276352572561
1.1608,71.44355398558146,-10.579889656778334,71.59124076071637,-11.532695897298638,0.27146144524631094,0.27204624873313493,0.0005848034868239926,18.70534030524404,18.746912123983236,0.041571818739196686,35.72177699279073,-5.289944828389167,35.79562038035819,-5.766347948649319,0.21392274439899037
1.1616,71.2212511224703,-10.359645352502666,71.36940945363223,-11.31105723935537,0.2716486098832687,0.27222493757964816,0.0005763276963794417,18.71864463453991,18.75961566199106,0.040971027451149666,35.61062556123515,-5.179822676251333,35.684704726816115,-5.655528619677685,0.21384272379786784
1.1624,71.00162693289853,-10.139249319644744,71.15025402551474,-11.089283416224959,0.2718342379024218,0.2724020513189822,0.0005678134165604254,18.73184030190415,18.77220773660198,0.04036743469783133,35.500813466449266,-5.069624659822372,35.57512701275737,-5.544641708112479,0.2137627017223046
1.1632,70.78464717517875,-9.918716759902631,70.93374022718561,-10.867389292012533,0.2720183352105658,0.27257759657617714,0.0005592613656113521,18.7449277132751,18.784688805178547,0.03976109190344701,35.392323587589374,-4.959358379951316,35.466870113592805,-5.433694646006266,0.2136826781722464
1.164,70.57027812408478,-9.698062375616052,70.71983432825319,-10.645389239322974,0.2722009079158023,0.27275158016885703,0.0005506722530547181,18.75790728908815,18.79705933897285,0.03915204988470222,35.28513906204239,-4.849031187808026,35.35991716412659,-5.322694619661487,0.21360265314763874
1.1648,70.35848656334434,-9.477300385086673,70.50850310947476,-10.423297154382107,0.27238196232139933,0.2729240091012123,0.0005420467798129547,18.77077946384074,18.809319822699695,0.038540358858956125,35.17924328167217,-4.738650192543337,35.25425155473738,-5.2116485771910535,0.21352262664842742
1.1656,70.14923977818513,-9.256444537416954,70.29971385517803,-10.20112647168156,0.2725615049197848,0.27309489055810143,0.0005333856383166191,18.783544685666758,18.821470754118074,0.0379260684513163,35.07461988909257,-4.628222268708477,35.14985692758901,-5.10056323584078,0.213442598674558
1.1664,69.9425055479375,-9.035508126882757,70.09343434574569,-9.978890178162265,0.2727395423866716,0.273264231899287,0.0005246895126154172,18.796203415919944,18.833512643622047,0.03730922770210299,34.97125277396875,-4.517754063441378,35.046717172872846,-4.989445089081133,0.21336256922597618
1.1672,69.73825213869881,-8.81450400685611,69.88963285016683,-9.75660082695297,0.27291608157531233,0.2734320406537928,0.0005159590784804546,18.8087561287665,18.84544601384006,0.03668988507356019,34.869126069349406,-4.407252003428055,34.94481642508342,-4.878300413476485,0.2132825383026276
1.168,69.53644829606037,-8.593444603290923,69.68827811865648,-9.534270550676368,0.2730911295108728,0.2735983245143957,0.00050719500352292,18.82120331078591,18.857271399243725,0.03606808845781373,34.768224148030185,-4.296722301645461,34.84413905932824,-4.767135275338184,0.21320250590445883
1.1688,69.33706323790155,-8.37234192778724,69.4893393753475,-9.311911074338358,0.27326469338493037,0.273763091332218,0.000498397947287621,18.833545460580538,18.868989345763552,0.03544388518301389,34.66853161895077,-4.18617096389362,34.74466968767375,-4.655955537169179,0.21312247203141366
1.1696,69.14006664725261,-8.151207590246944,69.29278631105609,-9.089533727813306,0.2734367805500965,0.27392634911146463,0.0004895685613681144,18.84578308839381,18.880600410414925,0.03481732202111587,34.570033323626305,-4.075603795123472,34.646393155528045,-4.544766863906653,0.21304243668343867
1.1704,68.94542866522818,-7.930052811133662,69.09858907612262,-8.867149457937852,0.27360739851475274,0.2740881060042497,0.0004807074894969676,18.857916715736454,18.892105160930196,0.03418844519374176,34.47271433261409,-3.965026405566831,34.54929453806131,-4.433574728968926,0.21296239986047946
1.1712,68.75311988403458,-7.708888433350637,68.90671827333055,-8.644768840226977,0.27377655493790115,0.27424837030556004,0.00047181536765888987,18.86994687502066,18.90350417540048,0.03355730037982241,34.37655994201729,-3.8544442166753186,34.45335913666528,-4.3223844201134884,0.2128823615624817
1.172,68.56311134005183,-7.487724933748343,68.71714495090477,-8.422402090224022,0.27394425762412766,0.2744071504483084,0.0004628928241807162,18.881874109202116,18.9147980419237,0.03292393272158378,34.28155567002592,-3.7438624668741713,34.358572475452384,-4.211201045112011,0.21280232178939099
1.1728,68.37537450699165,-7.266572434273137,68.52984059558945,-8.200059074495808,0.27411051451867935,0.2745644549985172,0.00045394047983787766,18.893698971430116,18.925987358261718,0.03228838683160262,34.187687253495824,-3.6332862171365683,34.264920297794724,-4.100029537247904,0.212722280541153
1.1736,68.18988128913422,-7.045440712770084,68.34477712580895,-7.977749321285923,0.27427533370264284,0.2747202926505905,0.0004449589479476601,18.905422024704645,18.93707273150373,0.031650706799084105,34.09494064456711,-3.522720356385042,34.17238856290447,-3.9888746606429617,0.2126422378177133
1.1744,68.00660401464324,-6.824339213449183,68.16192688491041,-7.755482030835288,0.2744387233882383,0.2748746722227022,0.0004359488344638507,18.917043841541624,18.948054777737767,0.031010936196143035,34.00330200732162,-3.4121696067245915,34.08096344245521,-3.877741015417644,0.21256219361901757
1.1752,67.82551542896135,-6.603277057027306,67.98126263449068,-7.533266085382293,0.27460069191420894,0.275027602652284,0.0004269107380750481,18.928565003644803,18.95893412172921,0.030369118084408342,33.912757714480676,-3.301638528513653,33.99063131724534,-3.7666330426911463,0.21248214794501233
1.176,67.646588688287,-6.3822630505558235,67.80275754780729,-7.311110058852206,0.2747612477413118,0.2751790929916067,0.0004178452502949237,18.939986101584786,18.96971139660582,0.02972529502103427,33.8232943441435,-3.1911315252779118,33.901378773903645,-3.655555029426103,0.2124021007956413
1.1768,67.46979735313207,-6.16130569694317,67.62638520327432,-7.08902222624523,0.2749203994479184,0.27532915240347516,0.00040875295555675706,18.95130773448574,18.98038724355078,0.029079509065038422,33.73489867656603,-3.080652848471585,33.81319260163716,-3.544511113122615,0.2123220521708511
1.1776,67.2951153819626,-5.940413204183792,67.45211957804376,-6.867010572734442,0.27507815572570143,0.2754777901570034,0.0003996344313019762,18.96253050971813,18.990962311501352,0.02843180178322413,33.6475576909813,-2.970206602091896,33.72605978902188,-3.433505286367221,0.21224200207058727
1.1784,67.1225171249219,-5.7195934943010736,67.2799350416724,-6.645082802481091,0.27523452537542353,0.27562501562349456,0.0003904902480710293,18.973655042598622,19.001437256854906,0.02778221425628402,33.56125856246095,-2.8597967471505368,33.6399675208362,-3.3225414012405454,0.21216195049479547
1.1792,66.95197731763668,-5.4988542120148,67.10980634987459,-6.423246347177835,0.2753895173028156,0.2757708382724068,0.00038132096959120343,18.98468195609629,19.01181274318096,0.027130787084672647,33.47598865881834,-2.7494271060074,33.554903174937294,-3.2116231735889174,0.21208189744342126
1.18,66.78347107510687,-5.278202733141505,66.94170863836126,-6.201508374328073,0.27554314051455275,0.2759152676674166,0.0003721271528638326,18.995611880545656,19.02208944094012,0.026477560394464916,33.39173553755344,-2.6391013665707526,33.47085431918063,-3.1007541871640365,0.21200184291641025
1.1808,66.61697388567832,-5.057646172735524,66.77561741676436,-5.979875795269189,0.2756954041143136,0.276058313462566,0.00036290934825239374,19.00644545336556,19.032268027208833,0.025822573843271357,33.30848694283916,-2.528823086367762,33.38780870838218,-2.9899378976345945,0.21192178691370803
1.1816,66.4524616050995,-4.837191392980598,66.61150856264783,-5.758355272949423,0.27584631729893216,0.27619998539849416,0.00035366809956199896,19.017183318784596,19.042349185410185,0.025165866625588507,33.22623080254975,-2.418595696490299,33.305754281323914,-2.8791776364747115,0.21184172943526025
1.1824,66.28991045066122,-4.616845010838177,66.44935831560372,-5.536953229464446,0.2759958893546336,0.27634029329876425,0.00034440394413065567,19.027826127572382,19.052333605051306,0.02450747747892379,33.14495522533061,-2.3084225054190886,33.22467915780186,-2.768476614732223,0.21176167048101335
1.1832,66.12929699541974,-4.396613405461612,66.28914327143401,-5.315675853362797,0.27614412965335405,0.27647924706625976,0.0003351174129057055,19.03837453677679,19.06222198146572,0.023847444688929187,33.06464849770987,-2.198306702730806,33.14457163571701,-2.6578379266813985,0.21168161005091113
1.184,65.97059816250308,-4.176502725383236,66.1308403764179,-5.09452910672699,0.2762910476491506,0.2766168566796765,0.00032580903052592536,19.048829209467456,19.072015015562414,0.023185806094957684,32.98529908125154,-2.088251362691618,33.06542018820895,-2.547264553363495,0.21160154814490006
1.1848,65.8137912194997,-3.9565188954807637,65.97442692166294,-4.873518732036801,0.2764366528746783,0.27675313219008574,0.00031647931540745855,19.059190814484083,19.081713413579923,0.02252259909583998,32.90689560974985,-1.9782594477403819,32.98721346083147,-2.4367593660184004,0.21152148476292573
1.1856,65.65885377293003,-3.7366676237316887,65.81988053754166,-4.652650258823218,0.27658095493776186,0.27688808371757584,0.000307128779813981,19.069460026191337,19.09131788684595,0.021857860654613148,32.829426886465015,-1.8683338118658444,32.90994026877083,-2.326325129411609,0.21144141990493373
1.1864,65.50576376279945,-3.516954407760498,65.66717918821091,-4.431929010117856,0.2767239635180332,0.2770217214479772,0.0002977579299440203,19.079637524238436,19.100829151542843,0.02119162730440749,32.75288188139972,-1.758477203880249,32.833589594105455,-2.215964505058928,0.21136135357086966
1.1872,65.35449945723325,-3.2973845411868203,65.51630116621502,-4.211360108705873,0.27686568836365394,0.2771540556296555,0.0002883672660015657,19.089723993324668,19.11024792847791,0.02052393515324269,32.67724972861662,-1.6486922705934102,32.75815058310751,-2.1056800543529364,0.21128128576067906
1.188,65.20503944719246,-3.0779631197802173,65.36722508717169,-3.990948483188017,0.27700613928810713,0.2772850965703809,0.000278957282273784,19.099720122969845,19.11957494285907,0.01985481988922544,32.60251972359623,-1.5389815598901087,32.683612543585845,-1.9954742415940085,0.21120121647430745
1.1888,65.05736264126966,-2.8586950474270787,65.21992988453937,-3.7706988738572482,0.27714532616706344,0.2774148546342734,0.00026952846720995627,19.10962660728995,19.12881092407592,0.01918431678597088,32.52868132063483,-1.4293475237135393,32.609964942269684,-1.8853494369286241,0.21112114571170054
1.1896,64.91144826056531,-2.6395850419171225,65.07439480446644,-3.550615838397283,0.2772832589353227,0.27754334023881283,0.000260081303490145,19.11944414477814,19.137956605485307,0.018512460707167833,32.455724130282654,-1.3197925209585613,32.53719740223322,-1.7753079191986414,0.21104107347280468
1.1904,64.7672758336426,-2.420637640553354,64.93059940072064,-3.330703757406939,0.27741994758381944,0.2776705638519181,0.0002506162680986357,19.129173438090255,19.147012724201858,0.017839286111602348,32.3836379168213,-1.210318820276677,32.46529970036032,-1.6653518787034696,0.21096099975756366
1.1912,64.62482519156099,-2.201857205592549,64.78852352969842,-3.1109668397572343,0.2775554021567027,0.2777965359891047,0.00024113383240198516,19.138815193835544,19.155980020893978,0.017164827058433474,32.31241259578049,-1.1009286027962746,32.39426176484921,-1.5554834198786172,0.21088092456592392
1.192,64.48407646298773,-1.983247929521004,64.64814734551366,-2.8914091277859386,0.27768963274848196,0.27792126721069477,0.00023163446221280415,19.14837012237208,19.164859239583592,0.01648911721151336,32.242038231493865,-0.991623964760502,32.32407367275683,-1.4457045638929693,0.21080084789783102
1.1928,64.34501006938586,-1.764813840170132,64.50945129516396,-2.6720345023340992,0.277822649501238,0.2780447681191014,0.00022211861786342046,19.15783893760675,19.17365112745117,0.0158121898444179,32.17250503469293,-0.882406920085066,32.25472564758198,-1.3360172511670496,0.21072076975323054
1.1936,64.207606720279,-1.5465588056784303,64.37241611377505,-2.4528466876309967,0.2779544626018965,0.278167049356172,0.00021258675427549,19.16722235679972,19.18235643464484,0.015134077845122107,32.1038033601395,-0.7732794028392151,32.18620805688752,-1.2264233438154983,0.21064069013206801
1.1944,64.07184740859107,-1.328486539302825,64.23702281992117,-2.233849256030501,0.27808508227957146,0.27828812160059996,0.00020303932102849753,19.17652110037374,19.19097591409447,0.014454813720728765,32.035923704295534,-0.6642432696514124,32.11851140996058,-1.1169246280152505,0.210560609034289
1.1952,63.93771340606086,-1.1106006040856289,64.1032527110215,-2.0150456326049926,0.27821451880296505,0.2784079955653872,0.00019347676242215117,19.185735891727546,19.199510321329186,0.013774429601639326,31.96885670303043,-0.5553003020428144,32.05162635551075,-1.0075228163024963,0.21048052645983903
1.196,63.805186258730444,-0.8929044173810158,63.971087358811424,-1.7964390996007036,0.27834278247783206,0.27852668199538233,0.0001838995175502678,19.194867457053757,19.207960414300402,0.013092957246644943,31.902593129365222,-0.4464522086905079,31.985543679405712,-0.8982195498003518,0.21040044240866362
1.1968,63.674247782506306,-0.6754012552448014,63.840508604887276,-1.5780328007582254,0.2784698836445003,0.27864419166485904,0.0001743080203587266,19.203916525160757,19.216326953207602,0.012410428046845112,31.837123891253153,-0.3377006276224007,31.920254302443638,-0.7890164003791127,0.21032035688070927
1.1976,63.54488005879267,-0.45809425669329545,63.71149855632459,-1.3598297455038864,0.2785958326754493,0.27876053537516676,0.0001647026997174672,19.212883827298718,19.224610700329272,0.011726873030553975,31.772440029396336,-0.22904712834664773,31.855749278162296,-0.6799148727519432,0.21024026987591968
1.1984,63.41706543019598,-0.2409864278335057,63.58403958136802,-1.1418328130142346,0.2787206399729536,0.2788757239524348,0.00015508397948121866,19.221770096990163,19.232812419857655,0.011042322867492516,31.70853271509799,-0.12049321391675286,31.79201979068401,-0.5709164065071173,0.21016018139424122
1.1992,63.29078649629946,-0.024080645870185356,63.45811430519251,-0.9240447561590793,0.2788443159667752,0.27898976824532284,0.00014545227854761977,19.230576069864046,19.240932877736732,0.010356807872685891,31.64539324814973,-0.012040322935092678,31.729057152596255,-0.46202237807953966,0.2100800914356195
1.2,63.16602610950754,0.19262033700703673,63.333705605734906,-0.7064682053262668,0.27896687111191065,0.279102679122839,0.00013580801092832884,19.239302483493667,19.248972841505058,0.009670358011391045,31.58301305475377,0.09631016850351837,31.666852802867453,-0.3532341026631334,0.21000000000000005
1.2008,63.04276737095812,0.4091138898533236,63.21079660959425,-0.4891056721312763,0.2791326715648477,0.27926005261989323,0.00012738105504550568,19.2511085269208,19.2601791718014,0.00907064488060172,31.52138368547906,0.2045569449266618,31.605398304797124,-0.24455283606563816,0.20992009129761027
1.2016,62.92099362650305,0.6253974993099969,63.089370688001154,-0.2719595530167025,0.2792969021493099,0.2794158485915601,0.00011894644225018958,19.262803230105675,19.271273568885796,0.008470338780121267,31.460496813251524,0.31269874965499844,31.544685344000577,-0.13597977650835125,0.2098401811249015
1.2024,62.800688462754735,0.8414687660559133,62.96941145285369,-0.05503213274323232,0.27945956733918353,0.2795700719034016,0.00011050456421807242,19.274386898982094,19.28225636718315,0.007869468201057828,31.400344231377368,0.4207343830279566,31.484705726426846,-0.02751606637161616,0.20976026948181778
1.2032,62.681835703198814,1.0573254013639857,62.85090275282036,0.1616744122230118,0.2796206717107466,0.2797227275183906,0.00010205580764399702,19.285859846943325,19.293127908226,0.007268061282676541,31.340917851599407,0.5286627006819928,31.42545137641018,0.0808372061115059,0.20968035636830595
1.204,62.564419404371606,1.2729652237601876,62.733828669508185,0.37815801042417,0.27978021993990865,0.27987382049420584,9.360055429719072e-05,19.297222394645704,19.303888540461834,0.006666145816129898,31.282209702185803,0.6364826118800938,31.366914334754092,0.189079005212085,0.20960044178431278
1.2048,62.44842385210119,1.4883861557824694,62.61817351369529,0.5944166922228606,0.2799382167994993,0.28002335598058814,8.513918108882246e-05,19.30847486981573,19.3145386190647,0.006063749248969685,31.224211926050597,0.7441930778912347,31.309086756847645,0.2972083461114303,0.20952052572978233
1.2056,62.333833557812035,1.7035862208350565,62.5039218216273,0.8104485867083862,0.28009466715662407,0.28017133921675275,7.667206012867966e-05,19.31961760706176,19.32507850575077,0.005460898689012339,31.166916778906018,0.8517931104175283,31.25196091081365,0.4052242933541931,0.20944060820466143
1.2064,62.22063325489096,1.918563540136947,62.39105835137591,1.0262519186958174,0.28024957597005845,0.280317775528847,6.819955878856199e-05,19.330650947688433,19.33550856859702,0.0048576209085879896,31.11031662744548,0.9592817700684735,31.195529175687955,0.5131259593479087,0.20936068920889686
1.2072,62.10880789511486,2.1333163297602513,62.27956807925963,1.2418250058136204,0.28040294828769735,0.28046267032745137,5.9722039754017686e-05,19.34157523951497,19.345829181862985,0.004253942348015016,31.05440394755743,1.0666581648801257,31.139784039629816,0.6209125029068102,0.20928076874243262
1.208,61.998342645138386,2.347842897756226,62.169436196324895,1.457166255677722,0.28055478924405675,0.28060602910515003,5.1239861093288486e-05,19.35239083669704,19.356040725817344,0.0036498891203038397,30.999171322569193,1.173921448878113,31.084718098162448,0.728583127838861,0.2092008468052155
1.2088,61.88922288304099,2.5621416413668796,62.06064810488698,1.6722741631499003,0.2807051040578241,0.28074785743412717,4.275337630305076e-05,19.36309809955214,19.366143586566317,0.0030454870141767287,30.944611441520497,1.2810708206834398,31.03032405244349,0.8361370815749501,0.20912092339719232
1.2096,61.78143419493237,2.7762110443180834,61.95318941513013,1.887147307676524,0.2808538980294502,0.28088816096382563,3.42629343754175e-05,19.373697394387786,19.37613815588644,0.0024407614986543535,30.890717097466187,1.3881055221590417,30.976594707565066,0.943573653838262,0.20904099851830713
1.2104,61.674962371615514,2.9900496741934814,61.84704594176519,2.101784350706862,0.2810011765388013,0.28102694541864437,2.576887984306886e-05,19.384189093333973,19.38602483106004,0.001835737726068487,30.837481185807757,1.4950248370967407,30.923522970882594,1.050892175353431,0.20896107216850662
1.2112,61.56979340530628,3.2036561798852157,61.74220370074447,2.3161840331871675,0.28114694504284177,0.28116421659568824,1.727155284647619e-05,19.39457357417775,19.39580401471438,0.0012304405366307947,30.78489670265314,1.6018280899426078,30.871101850372234,1.1580920165935837,0.2088811443477377
1.212,61.46591348640884,3.4170292891197773,61.63864890603298,2.530345173128711,0.281291209073374,0.2812999803625519,8.771289177866848e-06,19.40485122020176,19.405476114663177,0.0006248944614171137,30.73295674320442,1.7085146445598887,30.81932445301649,1.2651725865643555,0.20880121505594426
1.2128,61.36330900034579,3.63016780605726,61.5363679664343,2.7442666632481796,0.28143397423482214,0.28143424265516337,2.684203412317565e-07,19.41502242002594,19.41504154375234,1.9123726399783436e-05,30.681654500172893,1.81508390302863,30.76818398321715,1.3721333316240898,0.20872128429307313
1.2136,61.26196652444259,3.843070608960316,61.43534748247143,2.9579474686767315,0.28157524620205154,0.281567009475655,-8.236726396548821e-06,19.425087567451666,19.424500719707602,-0.00058684774406359,30.630983262221296,1.921535304480158,30.717673741235714,1.4789737343383658,0.20864135205907103
1.2144,61.161872824864645,4.055736647932463,61.335574243320636,3.171386624737404,0.2817150307182379,0.28169828689028437,-1.6743827953524804e-05,19.435047061309326,19.433854064985635,-0.0011929963236916308,30.580936412432322,2.0278683239662314,30.667787121660318,1.585693312368702,0.20856141835388203
1.2152,61.06301485360704,4.268164942722233,61.23703522379806,3.384583234787339,0.2818533335927792,0.281828081027397,-2.5252565382216652e-05,19.444901305309017,19.443102006628155,-0.001799298680861483,30.53150742680352,2.1340824713611166,30.61851761189903,1.6922916173936695,0.2084814831774529
1.216,60.96537974553572,4.480354580591657,61.13971758139815,3.5975364681234177,0.2819901606992473,0.28195639807543144,-3.376262381588058e-05,19.4546507078939,19.45224497611896,-0.00240573177494241,30.48268987276786,2.2401772902958283,30.569858790699076,1.7987682340617088,0.20840154652973036
1.2168,60.86895481547881,4.69230471424782,61.04360865338253,3.8102455579500383,0.28212551797337654,0.2820832442809558,-4.227369242071344e-05,19.46429568209624,19.46128340924316,-0.0030122728530805887,30.434477407739404,2.34615235712391,30.521804326691264,1.9051227789750191,0.20832160841065842
1.2176,60.77372755536817,4.904014559834104,60.94869595391951,4.022709799405639,0.28225941141109834,0.2822086259467562,-5.078546434211795e-05,19.473836645396613,19.470217745950094,-0.0036188994465184976,30.386863777684084,2.452007279917052,30.474347976959756,2.0113548997028197,0.20824166882018383
1.2184,60.67968563142958,5.11548339498104,60.85496717127213,4.234928547647971,0.28239184706661563,0.28233254942995256,-5.929763666306931e-05,19.48327401958594,19.479048430218178,-0.004225589367763405,30.33984281571479,2.55774169749052,30.427483585636065,2.1174642738239857,0.20816172775825337
1.2192,60.58681688142114,5.326710556913564,60.76241016503505,4.4469012159949175,0.28252283105050263,0.2824550211401553,-6.780991034732731e-05,19.492608230629294,19.487775909922554,-0.004832320706739779,30.29340844071057,2.663355278456782,30.381205082517525,2.2234506079974588,0.20808178522481094
1.22,60.49510931191898,5.537695440613564,60.67101296341867,4.658627274119723,0.28265236952786604,0.2825760475376681,-7.632199019796948e-05,19.501839708534,19.496400636706063,-0.005439071827936459,30.24755465595949,2.768847720306782,30.335506481709334,2.3293136370598617,0.2080018412198034
1.2208,60.404551095649396,5.748437497036581,60.5807637605801,4.870106246299672,0.2827804687165201,0.28269563513171403,-8.48335848060433e-05,19.510968887218738,19.504923065851806,-0.006045821366932103,30.202275547824698,2.8742187485182904,30.29038188029005,2.435053123149836,0.20792189574317743
1.2216,60.31513056886681,5.958936231379704,60.49165091400007,5.081337709715022,0.2829071348852066,0.28281379047870076,-9.33444065058242e-05,19.519996204385798,19.513343656158483,-0.0066525482273149805,30.157565284433407,2.979468115689852,30.245825457000034,2.540668854857511,0.207841948794877
1.2224,60.22683622877666,6.169191201400793,60.403662941904905,5.292321292798576,0.2830323743518614,0.2829305201805298,-0.00010185417133162789,19.528922101396596,19.521662869818815,-0.007259231577780412,30.11341811438833,3.0845956007003963,30.201831470952452,2.646160646399288,0.20776200037484888
1.2232,60.13965673100238,6.379202015786021,60.31678852073284,5.503056673632862,0.28315619348189786,0.2830458308829328,-0.00011036259896507472,19.537747023148356,19.52988117229991,-0.007865850848446598,30.06982836550119,3.1896010078930104,30.15839426036642,2.751528336816431,0.2076820504830398
1.224,60.05358088709604,6.588968332565002,60.231016482644314,5.713543578394066,0.2832785986865335,0.2831597292738353,-0.00011886941269817486,19.54647141795391,19.537999032225464,-0.008472385728445886,30.02679044354802,3.294484166282501,30.115508241322157,2.856771789197033,0.2076020991193937
1.2248,59.968597662091334,6.798489857572519,60.14633581307439,5.923781779841918,0.2833995964211556,0.2832722220817712,-0.00012737433938436737,19.555095737424153,19.546016921261703,-0.00907881616245021,29.984298831045667,3.3992449287862594,30.073167906537194,2.961890889920959,0.20752214628385734
1.2256,59.88469617209894,7.0077663429541355,60.062735648328136,6.133771095852772,0.2835191931837098,0.28338331607431333,-0.00013587710939644282,19.563620436352164,19.553935314004253,-0.009685122347910635,29.94234808604947,3.5038831714770677,30.031367824164068,3.066885547926386,0.20744219197637653
1.2264,59.801865681942665,7.216797585716062,59.98020527321665,6.3435113879962275,0.2836373955131284,0.28349301805654437,-0.00014437745658402168,19.572045972600108,19.561754687868074,-0.010291284732034,29.900932840971333,3.608398792858031,29.990102636608324,3.1717556939981137,0.20736223619689795
1.2272,59.72009560283651,7.425583426316545,59.898734118734204,6.553002560152669,0.28375420998778456,0.28360133486955497,-0.00015287511822958955,19.580372806987974,19.56947552297913,-0.01089728400884482,29.860047801418254,3.7127917131582726,29.949367059367102,3.2765012800763347,0.2072822789453656
1.228,59.639375490101386,7.6341237472981245,59.81831175977528,6.76224455717098,0.28386964322398583,0.28370827338898,-0.00016136983500580904,19.588601403185088,19.577098302068844,-0.011503101116243641,29.819687745050693,3.8170618736490622,29.90915587988764,3.38112227858549,0.20720232022172616
1.2288,59.559695040920765,7.842418471960153,59.7389279128905,6.971237363565945,0.28398370187449495,0.28381384052355524,-0.0001698613509397151,19.596732227603507,19.584623510369987,-0.012108717233520139,29.779847520460383,3.9212092359800765,29.86946395644525,3.4856186817829724,0.2071223600259264
1.2296,59.48104409213528,8.050467563068876,59.660572434081665,7.179981002252549,0.2840963926270725,0.28391804321370956,-0.00017834941336292154,19.604765749293037,19.592051635515066,-0.012714113777970937,29.74052204606764,4.025233781534438,29.830286217040832,3.5899905011262745,0.2070423983579102
1.2304,59.403412618074334,8.258271021605795,59.58323531663421,7.388475533318076,0.2842077222030672,0.2840208884301889,-0.00018683377287831426,19.612702439839524,19.599383167436958,-0.013319272402565474,29.701706309037167,4.1291355108028975,29.791617658317104,3.694237766659038,0.20696243521762428
1.2312,59.326790728425706,8.465828885551675,59.5069066889871,7.596721052829135,0.2843176973560171,0.2841223831726997,-0.00019531418331736328,19.620542773263963,19.606618598270902,-0.0139241749930612,29.663395364212853,4.232914442775837,29.75345334449355,3.7983605264145677,0.20688247060501538
1.232,59.25116866614099,8.67314122870577,59.43157681263924,7.804717691673448,0.28442632487029135,0.2842225344685884,-0.00020379040170293017,19.62828722592449,19.61375842225908,-0.014528803665406542,29.625584333070496,4.336570614352885,29.71578840631962,3.902358845836724,0.20680250452002746
1.2328,59.17653680537692,8.880208159539732,59.3572360800918,8.012465614435797,0.2845336115597539,0.2843213493715492,-0.00021226218820469267,19.635936276419862,19.62080313565718,-0.015133140762682018,29.58826840268846,4.440104079769866,29.6786180400459,4.0062328072178985,0.20672253696260712
1.2336,59.10288564947222,9.087029820083917,59.283875012825824,8.219965018305684,0.2846395642664598,0.28441883496035114,-0.00022072930610866903,19.643490405495303,19.627753236642302,-0.015737168853000583,29.55144282473611,4.543514910041958,29.641937506412912,4.109982509152842,0.2066425679327011
1.2344,59.03020582895865,9.293606384846608,59.211484259314325,8.427216132017602,0.28474418985937067,0.2845149983375968,-0.00022919152177386382,19.650950095949664,19.634609225223144,-0.016340870726519796,29.515102914479325,4.646803192423304,29.605742129657163,4.213608066008801,0.20656259743025343
1.2352,58.95848809960616,9.499938059764043,59.14005459306869,8.634219214821453,0.28484749523310837,0.2846098466285119,-0.0002376486045964632,19.658315832545327,19.641371603152354,-0.016944229392972687,29.47924404980308,4.749969029882021,29.570027296534345,4.3171096074107265,0.20648262545521068
1.236,58.88772334050156,9.706025081180714,59.069576910718354,8.840974555482799,0.2849494873067216,0.28470338697974784,-0.0002461003269737527,19.665588101918953,19.6480408738398,-0.017547228079152433,29.44386167025078,4.853012540590357,29.534788455359177,4.420487277741399,0.2064026520075195
1.2368,58.81790255215956,9.911867714859703,59.00004223012312,9.047482471312662,0.28505017302248786,0.284795626558223,-0.00025454646426487093,19.672767392494826,19.6546175422686,-0.018149850226226505,29.40895127607978,4.9559338574298515,29.50002111506156,4.523741235656331,0.20632267708712398
1.2376,58.74901685466639,10.117466255020732,58.931441688518284,9.253743307224667,0.2851495593447386,0.2848865725499788,-0.0002629867947598341,19.679854194399773,19.661102114912175,-0.01875207948759794,29.374508427333193,5.058733127510366,29.465720844259142,4.6268716536123335,0.20624270069397066
1.2384,58.681057485854794,10.322821023406933,58.86376654069065,9.459757434820256,0.2852476532587046,0.2849762321590665,-0.000271421099638125,19.686848999379528,19.667495099653518,-0.01935389972600987,29.340528742927397,5.161410511703466,29.431883270345324,4.729878717410128,0.20616272282800624
1.2392,58.61401579951009,10.527932368377899,58.797008157186326,9.665525251499945,0.2853444617693899,0.2850646126064513,-0.00027984916293860573,19.69375230071713,19.673797005705648,-0.01995529501148141,29.307007899755046,5.263966184188949,29.398504078593163,4.8327626257499725,0.20608274348917466
1.24,58.547883263606984,10.732800664028977,58.7311580225487,9.871047179600247,0.28543999190046965,0.2851517211289461,-0.00028827077152354663,19.70056459315304,19.680008343534222,-0.02055624961881719,29.273941631803492,5.366400332014488,29.36557901127435,4.935523589800123,0.2060027626774226
1.2408,58.482651458575816,10.937426309336542,58.66620773358639,10.076323665556261,0.2855342506932079,0.2852375649781668,-0.00029668571504110064,19.707286372806617,19.686129624781618,-0.021156748024999672,29.241325729287908,5.468713154668271,29.333103866793195,5.038161832778131,0.20592278039269668
1.2416,58.418312075598884,11.141809727327102,58.60214899767106,10.281355179087631,0.28562724520539995,0.2853221514195048,-0.0003050937858951608,19.713918137099384,19.692161362192294,-0.021756774907089493,29.209156037799442,5.570904863663551,29.30107449883553,5.140677589543816,0.20584279663494087
1.2424,58.35485691493492,11.345951364271233,58.53897363106356,10.486142212408954,0.28571898251034167,0.28540548773112906,-0.0003134947792126086,19.72046038468018,19.698104069540225,-0.022356315139955285,29.17742845746746,5.6729756821356165,29.26948681553178,5.243071106204477,0.2057628114041018
1.2432,58.29227788427276,11.549851688900265,58.476673557268924,10.690685279462508,0.28580946969581156,0.2854875812030044,-0.00032188849280717635,19.72691361535126,19.70395826155749,-0.02295535379377256,29.14613894213638,5.774925844450133,29.238336778634462,5.345342639731254,0.20568282470012608
1.244,58.23056699711202,11.753511191645476,58.41524080541925,10.894984915173254,0.28589871386308247,0.28556843913593244,-0.00033027472715002615,19.733278329996423,19.709724453864467,-0.02355387613195603,29.11528349855601,5.876755595822738,29.207620402709626,5.447492457586627,0.2056028365229577
1.2448,58.16971637117194,11.956930383899998,58.35466750868355,11.099041674725944,0.2859867221259519,0.28564806884061567,-0.0003386532853362212,19.739555030510566,19.7154031629017,-0.024151867608864563,29.08485818558597,5.978465191949999,29.177333754341774,5.549520837362972,0.20552284687254324
1.2456,58.10971822682663,12.160109797301022,58.294945902705145,11.30285613286242,0.2860735016097928,0.28572647763674197,-0.00034702397305080845,19.745744219730582,19.720994905863208,-0.024749313867374667,29.054859113413315,6.080054898650511,29.147472951352572,5.65142806643121,0.2054428557488294
1.2464,58.0505648855667,12.363049983033704,58.23606832406501,11.5064288832001,0.28615905945062226,0.28580367285207975,-0.0003553865985425064,19.751846401367633,19.726500200630525,-0.025346200737107694,29.02528244278335,6.181524991516852,29.118034162032504,5.75321444160005,0.20536286315175997
1.2472,57.992248768487094,12.565751511154552,58.178027208771184,11.709760537569675,0.28624340279420063,0.28587966182161073,-0.0003637409725898988,19.757862079941532,19.731919565709475,-0.025942514232056624,28.996124384243547,6.282875755577276,29.089013604385592,5.854880268784838,0.20528286908128174
1.248,57.93476239480027,12.768214969934446,58.120815090773824,11.91285172537209,0.2863265387951352,0.2859544518866642,-0.00037208690847101433,19.763791760715435,19.737253520167002,-0.026538240548433123,28.967381197400137,6.384107484967223,29.060407545386912,5.956425862686045,0.20520287353734123
1.2488,57.878098380374176,12.970440965221107,58.064424600505035,12.115703092954682,0.286408474616014,0.28602805039408047,-0.00038042422193351744,19.769635949632754,19.74250258357013,-0.02713336606262473,28.939049190187088,6.485220482610553,29.032212300252517,6.057851546477341,0.20512287651988237
1.2496,57.82224943629519,13.172430119819314,58.008848463443485,12.318315303004672,0.2864892174265568,0.2861004646953921,-0.0003887527311647321,19.77539515325519,19.747667275926126,-0.027727877329063233,28.911124718147594,6.586215059909657,29.004424231721742,6.159157651502336,0.2050428780288518
1.2504,57.76720836745479,13.374183072889759,57.954079498702995,12.520689033961073,0.28656877440278516,0.28617170214602256,-0.0003970722567626095,19.78106987870223,19.752748117623995,-0.02832176107823514,28.883604183727396,6.687091536444879,28.977039749351498,6.2603445169805365,0.2049628780641961
1.2512,57.712968071160134,13.575700479364833,57.90011061764489,12.722824979443219,0.28664715272620284,0.2862417701044952,-0.0004053826217076395,19.786660633591296,19.757745629376625,-0.02891500421467086,28.856484035580067,6.787850239682417,28.950055308822446,6.3614124897216096,0.20488287662585922
1.252,57.65952153576789,13.776983009381297,57.84693482251374,12.924723847695837,0.2867243595830077,0.28631067593167536,-0.00041368365133231944,19.79216792598021,19.762660332165368,-0.02950759381484147,28.829760767883943,6.8884915046906485,28.92346741125687,6.462361923847919,0.20480287371378772
1.2528,57.6068618393407,13.978031347729994,57.79454520509569,13.126386361050928,0.2868004021633117,0.2863784269900182,-0.00042197517329350953,19.79759226431018,19.767492747184964,-0.030099517125215414,28.80343091967035,6.989015673864997,28.897272602547844,6.563193180525464,0.20472286932792824
1.2536,57.55498214832653,14.178846193320647,57.742934945399455,13.327813255404402,0.28687528766037906,0.2864450306428329,-0.0004302570175461762,19.8029341573501,19.772243395789722,-0.030690761560379087,28.777491074163265,7.089423096660323,28.871467472699727,6.663906627702201,0.2046428634682247
1.2544,57.50387571625943,14.379428258663019,57.692097310359294,13.529005279708926,0.28694902326988675,0.2865104942535741,-0.00043852901631263874,19.808194114142495,19.77691279944156,-0.03128131470093365,28.751937858129715,7.189714129331509,28.846048655179647,6.764502639854463,0.20456285613462358
1.2552,57.453535882482484,14.579778269362668,57.64202565255964,13.729963195480924,0.2870216161891967,0.2865748251851377,-0.0004467910040589773,19.813372643950224,19.78150147965841,-0.03187116429181458,28.726767941241242,7.289889134681334,28.82101282627982,6.864981597740462,0.20448284732707162
1.256,57.40395607089179,14.779896963631243,57.59271340898084,13.93068777632201,0.28709307361664277,0.28663803079917693,-0.00045504281746583386,19.81847025620427,19.786009957964062,-0.032460298240209795,28.701978035445894,7.389948481815622,28.79635670449042,6.965343888161005,0.2044028370455126
1.2568,57.35512978870115,14.979785091811667,57.54415409976599,14.131179807455005,0.2871634027508453,0.2867001184554428,-0.0004632842954024885,19.823487460453542,19.790438755839745,-0.0330487046137975,28.677564894350574,7.489892545905834,28.772077049882995,7.065589903727503,0.20432282528989318
1.2576,57.30705062522768,15.179443415916307,57.49634132700819,14.331440085272689,0.2872326107900255,0.2867610955111249,-0.00047151527890060274,19.82842476631461,19.79478839467577,-0.03363637163883837,28.65352531261384,7.589721707958153,28.748170663504094,7.1657200426363445,0.20424281206015993
1.2584,57.259712250697056,15.378872709179356,57.44926877355773,14.531469416900533,0.28730070493134297,0.2868209693202154,-0.0004797356111275741,19.833282683423104,19.799059395724765,-0.03422328769833882,28.629856125348528,7.689436354589678,28.724634386778867,7.265734708450267,0.20416279735625667
1.2592,57.21310841506891,15.578073755621816,57.402930201849514,14.731268619771818,0.2873676923702541,0.2868797472328912,-0.00048794513736288847,19.838061721386648,19.8032522800563,-0.034809441330349244,28.606554207534455,7.789036877810908,28.701465100924757,7.365634309885909,0.20408278117813008
1.26,57.16723294688139,15.777047349629342,57.357319452749245,14.930838521215389,0.2874335802998781,0.2869374365949059,-0.0004961437049721962,19.8427623897383,19.807367568512117,-0.03539482122618409,28.583616473440696,7.888523674814671,28.678659726374622,7.465419260607694,0.20400276352572666
1.2608,57.12207975211511,15.975794295542313,57.31243044441937,15.130179958055363,0.2874983759103745,0.2869940447469957,-0.000504331163378835,19.847385197890826,19.81140578166248,-0.035979416228347105,28.561039876057556,7.9878971477711564,28.656215222209685,7.5650899790276815,0.20392274439899027
1.2616,57.07764281307538,16.174315407258074,57.26825717120324,15.329293776222872,0.28756208638834596,0.28704957902430034,-0.0005125073640456224,19.8519306550928,19.815367439763474,-0.03656321532932694,28.53882140653769,8.087157703629037,28.63412858560162,7.664646888111436,0.2038427237978676
1.2624,57.03391618729317,16.37261150784487,57.224793702527776,15.528180830379236,0.28762471891624997,0.2871040467558034,-0.0005206721604465447,19.85639927038531,19.819253062715806,-0.037146207669504605,28.516958093646586,8.186305753922435,28.612396851263888,7.764090415189618,0.20376270172230507
1.2632,56.990894006444165,16.570683429166888,57.182034181824505,15.72684198355006,0.28768628067181484,0.2871574552637742,-0.0005288254080406674,19.86079155255903,19.82306317002365,-0.037728382535377136,28.495447003222083,8.285341714583444,28.591017090912253,7.86342099177503,0.2036826781722466
1.264,56.948570475285194,16.768532011520488,57.139972825467744,15.925278106770289,0.2877467788274902,0.2872098118632352,-0.0005369669642550368,19.865108010113694,19.82679828075537,-0.03830972935832477,28.474285237642597,8.384266005760244,28.569986412733872,7.9626390533851445,0.2036026531476388
1.2648,56.90693987060866,16.966158103280986,57.09860392173089,16.123490078739703,0.2878062205498921,0.28726112386143704,-0.0005450966884550379,19.869349151217236,19.830458913504746,-0.038890237712490006,28.45346993530433,8.483079051640493,28.549301960865446,8.061745039369852,0.20352262664842816
1.2656,56.86599654021345,17.163562560560024,57.05792182975929,16.32147878548868,0.28786461299926674,0.2873113985573441,-0.0005532144419226337,19.873515483666292,19.834045586352996,-0.03946989731329609,28.432998270106726,8.581781280280012,28.528960914879644,8.16073939274434,0.20344259867455858
1.2664,56.82573490189319,17.360746246873145,57.017920978560134,16.51924512005413,0.2879219633289742,0.28736064324113675,-0.0005613200878374358,19.877607514848016,19.837558816832008,-0.04004869801600819,28.412867450946596,8.680373123436572,28.508960489280067,8.259622560027065,0.20336256922597656
1.2672,56.786149442440795,17.557710032816882,56.97859586600888,16.716789982164595,0.2879782786849754,0.2874088651937275,-0.0005694134912478943,19.881625751702302,19.840999121888522,-0.0406266298137794,28.393074721220398,8.778855016408441,28.48929793300444,8.358394991082298,0.2032825383026287
1.268,56.74723471666915,17.754454795755656,56.93994105787174,16.91411427793518,0.2880335662053338,0.28745607168627973,-0.0005774945190540892,19.88557070068493,19.84436701784853,-0.04120368283640019,28.373617358334574,8.877227397877828,28.46997052893587,8.45705713896759,0.20320250590445876
1.2688,56.708985346447875,17.950981419517785,56.90195118684437,17.11121891957122,0.28808783301973484,0.28750226997975203,-0.000585563039982806,19.889442867732033,19.847663020383543,-0.04177984734849005,28.354492673223938,8.975490709758892,28.450975593422186,8.55560945978561,0.20312247203141343
1.2696,56.67139601975581,18.147290794100748,56.864620951605886,17.308104825081173,0.28814108624901,0.28754746732444375,-0.0005936189245662749,19.89324275822493,19.85088764447689,-0.042355113748037354,28.335698009877905,9.073645397050374,28.432310475802943,8.654052412540587,0.20304243668343913
1.2704,56.63446148974858,18.343383815385256,56.82794511588836,17.504772917998086,0.288193333004678,0.28759167095955374,-0.0006016620451242405,19.89697087695613,19.854041404391044,-0.042929472565084836,28.31723074487429,9.171691907692628,28.41397255794418,8.752386458999043,0.20296239986047973
1.2712,56.598176573841585,18.53926138485755,56.79191850756156,17.701224127109203,0.2882445803884914,0.287634888112757,-0.0006096922757343748,19.90062772809579,19.857124813636155,-0.043502914459637054,28.299088286920792,9.269630692428775,28.39595925378078,8.850612063554602,0.2028823615624818
1.272,56.56253615280754,18.734924409340348,56.75653601773233,17.89745938619399,0.2882948354920059,0.28767712599978335,-0.0006177094922225623,19.90421381515977,19.86013838493878,-0.04407543022099247,28.28126807640377,9.367462204670174,28.378268008866165,8.948729693096995,0.2028023217893918
1.2728,56.52753516988898,18.930373800731537,56.72179259985851,18.09347963376973,0.2883441053961437,0.28771839182401243,-0.000625713572131259,19.90772964097724,19.863082630211807,-0.0446470107654342,28.26376758494449,9.465186900365769,28.360896299929255,9.046739816884864,0.2027222805411536
1.2736,56.49316862992456,19.12561047575123,56.687683268877414,18.289285812845513,0.2883923971707837,0.28775869277607846,-0.0006337043947052257,19.911175707660295,19.86595806052503,-0.04521764713526366,28.24658431496228,9.562805237875615,28.343841634438707,9.144642906422757,0.2026422378177137
1.2744,56.45943159848991,19.320635355695764,56.65420310034798,18.484878870682753,0.28843971787435796,0.2877980360334858,-0.0006416818408721547,19.914552516573934,19.868765186076565,-0.04578733049736883,28.229715799244953,9.660317677847882,28.32710155017399,9.242439435341376,0.20256219361901873
1.2752,56.42631920105195,19.51544936619985,56.62134722960704,18.68025975856392,0.2884860745534483,0.28783642876022936,-0.000649645793218967,19.917860568306136,19.87150451616455,-0.046356052141586446,28.213159600525977,9.757724683099925,28.31067361480352,9.34012987928196,0.20248214794501232
1.276,56.39382662213705,19.710053437005453,56.5891108509391,18.875429431567838,0.2885314742424095,0.2878738781064362,-0.0006575961359732707,19.921100362639773,19.874176559160464,-0.046923803479309356,28.196913311068524,9.855026718502726,28.29455542546955,9.437714715783919,0.20240210079564114
1.2768,56.36194910451226,19.90444850173765,56.557489216759265,19.070388848351723,0.2885759239629914,0.28791039120800843,-0.0006655327549829892,19.924272398524533,19.876781822482435,-0.04749057604209739,28.18097455225613,9.952224250868825,28.278744608379633,9.535194424175861,0.20232205217085072
1.2776,56.33068194837989,20.09863549768791,56.526477636809354,19.265138970940605,0.28861943072397683,0.2879459751862744,-0.0006734555377024276,19.92737717404988,19.87932081256925,-0.048056361480629306,28.165340974189945,10.049317748843954,28.263238818404677,9.632569485470302,0.2022420020705876
1.2784,56.3000205105848,20.29261536560313,56.496071477367074,19.45968076452238,0.28866200152082055,0.28798063714765615,-0.0006813643731644059,19.930415186418205,19.881794034855485,-0.0486211515627204,28.1500102552924,10.146307682801565,28.248035738683537,9.72984038226119,0.20216195049479557
1.2792,56.26996020383438,20.486389049482025,56.466266160467406,19.65401519724999,0.2887036433353125,0.28801438418334147,-0.0006892591519710445,19.933386931919642,19.884201993746967,-0.049184938172675885,28.13498010191719,10.243194524741012,28.233133080233703,9.827007598624995,0.20208189744342117
1.28,56.24049649593095,20.679957496377195,56.43705716313674,19.848143240049314,0.2887443631352379,0.28804722336897,-0.0006971397662678958,19.936292905906697,19.886545192597286,-0.04974771330941152,28.120248247965474,10.339978748188598,28.21852858156837,9.924071620024657,0.20200184291641088
1.2808,56.21162490901645,20.87332165620332,56.40844001663917,20.042065866432893,0.28878416787404626,0.2880791617643194,-0.0007050061097268467,19.939133602769527,19.88882413368428,-0.050309469085245695,28.105812454508225,10.43666082810166,28.204220008319584,10.021032933216446,0.2019217869137085
1.2816,56.18334101882895,21.066482481551816,56.38041030573453,20.235784052320174,0.28882306449054007,0.28811020641300916,-0.000712858077530909,19.941909515912624,19.891039318187826,-0.05087019772479806,28.091670509414474,10.533241240775908,28.190205152867264,10.117892026160087,0.2018417294352605
1.2824,56.155640453971074,21.25944092751049,56.352963667948465,20.429298775862453,0.28886105990856686,0.2881403643422115,-0.0007206955663553449,19.944621137731765,19.893191246168136,-0.05142989156362887,28.077820226985537,10.629720463755245,28.176481833974233,10.214649387931226,0.2017616704810134
1.2832,56.12851889519007,21.45219795148961,56.32609579285403,20.622611017274345,0.28889816103671156,0.28816964256236344,-0.0007285184743481277,19.947268959590957,19.895280416544118,-0.0519885430468392,28.064259447595035,10.726098975744804,28.163047896427013,10.311305508637172,0.20168161005091098
1.284,56.101972074668964,21.644754513052856,56.299802421364426,20.81572175866979,0.2889343747680116,0.28819804806689797,-0.000736326701113621,19.94985347180107,19.897307327073165,-0.05254614472790564,28.050986037334482,10.822377256526428,28.149901210682213,10.407860879334894,0.20160154814489972
1.2848,56.07599577532928,21.837111573753653,56.2740793450372,21.00863198390351,0.2889697079796731,0.2882255878319772,-0.0007441201476958703,19.9523751635985,19.899272474331056,-0.05310268926744399,28.03799788766464,10.918555786876826,28.1370396725186,10.504315991951755,0.2015214847629261
1.2856,56.0505858301445,22.029270096977186,56.24892240538923,21.201342678417934,0.28900416753279146,0.28825226881623095,-0.0007518987165605062,19.954834523124198,19.90117635369226,-0.05365816943193735,28.02529291507225,11.014635048488593,28.124461202694615,10.600671339208967,0.20144141990493392
1.2864,56.02573812146424,22.221231047786564,56.224327493222624,21.393854829094337,0.2890377602720906,0.28827809796051185,-0.0007596623115787571,19.957232037404026,19.903019459311444,-0.05421257809258151,28.01286906073212,11.110615523893282,28.112163746611312,10.696927414547169,0.20136135357086965
1.2872,56.00144858034941,22.41299539277484,56.20029054796094,21.586169424109418,0.2890704930256612,0.28830308218765077,-0.0007674108380104072,19.959568192329037,19.904802284105003,-0.054765908224034376,28.000724290174706,11.20649769638742,28.10014527398047,10.793084712054709,0.20128128576067972
1.288,55.97771318591748,22.60456409992107,56.176807556996266,21.7782874527962,0.289102372604706,0.28832722840221975,-0.0007751442024862554,19.961843472636314,19.906525319733156,-0.055318152903158335,27.98885659295874,11.302282049960535,28.088403778498133,10.8891437263981,0.20120121647430797
1.2888,55.9545279646979,22.795938138451113,56.15387455504613,21.9702099055093,0.289133405803305,0.28835054349030975,-0.0007828623129952361,19.96405836189117,19.90818905658307,-0.05586930530810008,27.97726398234895,11.397969069225557,28.076937277523065,10.98510495275465,0.2011211457117008
1.2896,55.931888989998036,22.987118478703447,56.131487623520556,22.161937773495218,0.289163599398172,0.2883730343193077,-0.0007905650788642693,19.96621334246881,19.909793983751992,-0.05641935871681625,27.965944494999018,11.493559239351724,28.065743811760278,11.080968886747609,0.20104107347280475
1.2904,55.909792381278464,23.178106091998472,56.10964288989925,22.353472048766125,0.28919296014842766,0.28839470773768205,-0.0007982524107456035,19.968308895537138,19.911340589030964,-0.05696830650617457,27.954896190639232,11.589053045999236,28.054821444949624,11.176736024383063,0.20096099975756354
1.2912,55.88823430353856,23.368901950513056,56.0883365271181,22.54481372397853,0.28922149479537834,0.28841557057478195,-0.0008059242205963879,19.97034550104001,19.912829358889553,-0.057516142150458194,27.94411715176928,11.684450975256528,28.04416826355905,11.272406861989264,0.2008809245659236
1.292,55.86721096671098,23.559507027158475,56.06756475296563,22.735963792315605,0.28924921006230614,0.2884356296406361,-0.0008135804216700127,19.972323637681278,19.914260778460527,-0.05806285922075105,27.93360548335549,11.779753513579237,28.033782376482815,11.367981896157803,0.20080084789783142
1.2928,55.84671862506624,23.749922295462532,56.047323829488455,22.926923247373313,0.2892761126542526,0.28845489172575556,-0.0008212209284970684,19.974243782908406,19.915635331524854,-0.05860845138355231,27.92335931253312,11.874961147731266,28.023661914744228,11.463461623686657,0.20072076975323078
1.2936,55.82675357662593,23.94014872945607,56.02761006240622,23.117693083050987,0.2893022092578266,0.28847336360095877,-0.0008288456568678604,19.976106412897817,19.916953500498312,-0.05915291239950449,27.913376788312966,11.970074364728035,28.01380503120311,11.558846541525494,0.20064069013206803
1.2944,55.8073121625854,24.130187303562476,56.008419800535485,23.308274293444857,0.289327506541006,0.2884910520171843,-0.0008364545238216947,19.97791200253981,19.91821576641718,-0.05969623612262964,27.9036560812927,12.065093651781238,28.004209900267742,11.654137146722428,0.20056060903428974
1.2952,55.78839076674522,24.320038992491792,55.98974943522253,23.498667872745923,0.2893520111529484,0.2885079637053183,-0.0008440474476301141,19.979661025424143,19.919422608925053,-0.06023841649908945,27.89419538337261,12.160019496245896,27.994874717611264,11.749333936372961,0.20048052645983955
1.296,55.76998581495129,24.50970477113771,55.97159539978498,23.688874815140903,0.2893757297238183,0.2885241053760349,-0.0008516243477834085,19.981353953826765,19.92057450626054,-0.060779447566226,27.884992907475645,12.254852385568855,27.98579769989249,11.844437407570451,0.20040044240866395
1.2968,55.75209377454392,24.699185614478328,55.953954168961985,23.87889611471659,0.2893986688646035,0.2885394837196297,-0.0008591851449738508,19.98299125869584,19.9216719352445,-0.061319323451339613,27.87604688727196,12.349592807239164,27.976977084480993,11.939448057358295,0.2003203568807094
1.2976,55.7347111538149,24.88848249748062,55.936822258372764,24.068732765368065,0.28942083516695033,0.28855410540586657,-0.0008667297610837621,19.98457340963906,19.92271537126828,-0.061858038370782964,27.86735557690745,12.44424124874031,27.968411129186382,12.034366382684032,0.20024026987591959
1.2984,55.71783450147337,25.077596395007557,55.92019622398369,24.258385760709395,0.2894422352030037,0.28856797708383336,-0.0008742581191703569,19.98610087491143,19.923705288282488,-0.0623955866289414,27.858917250736685,12.538798197503779,27.960098111991844,12.129192880354697,0.20016018139424097
1.2992,55.70146040611953,25.26652828172926,55.904072661583264,24.447856093988204,0.28946287552524713,0.28858110538179615,-0.0008817701434509773,19.987574121402865,19.92464215878581,-0.06293196261705347,27.850730203059765,12.63326414086463,27.952036330791632,12.223928046994102,0.20008009143562
1.3,55.685585495726606,25.45527913203667,55.88844820626551,24.637144758002982,0.28948276266635214,0.2885934969070587,-0.0008892657592934339,19.988993614626715,19.925526453814115,-0.06346716081259984,27.842792747863303,12.727639566018334,27.944224103132754,12.318572379001491,0.20000000000000032
1.3008,55.67020643713063,25.643849919958384,55.87331953192072,24.826252745023066,0.28918862207029083,0.28829403720616814,-0.0008945848641226939,19.967999274731817,19.904156851018495,-0.0638424237133215,27.835103218565315,12.821924959979192,27.93665976596036,12.413126372511533,0.19976082043917942
1.3016,55.655319935528,25.832241619080925,55.85868335073458,25.015181046712442,0.28889302495909963,0.2879931322807475,-0.00089989267835211,19.946902408240668,19.882685600369328,-0.06421680787133965,27.827659967764,12.916120809540462,27.92934167536729,12.507590523356221,0.19952162770526616
1.3024,55.64092273398076,26.02045520247113,55.84453641269454,25.203930654055256,0.28859598644335593,0.2876907972518271,-0.0009051891915288213,19.925704114618213,19.86111380205649,-0.0645903125617231,27.82046136699038,13.010227601235565,27.92226820634727,12.601965327027628,0.19928242179681038
1.3032,55.62701161292931,26.208491642602187,55.83087550510367,25.392502557285077,0.288297521611954,0.2873870472181198,-0.0009104743938341819,19.90440549158737,19.839442554475806,-0.06496293711156298,27.813505806464654,13.104245821301093,27.915437752551835,12.696251278642539,0.19904320271235887
1.304,55.613583389712645,26.39635191128181,55.817697452102195,25.58089774581617,0.2879976455317013,0.28708189725563116,-0.0009157482760701607,19.883007635097226,19.817672954198272,-0.06533468089895322,27.806791694856322,13.198175955640904,27.908848726051097,12.790448872908085,0.19880397045046097
1.3048,55.600634918095665,26.58403697958314,55.804999114195915,25.76911720817749,0.2876963732469151,0.28677536241726703,-0.0009210108296480723,19.86151163929129,19.795806095939138,-0.06570554335215206,27.800317459047832,13.29201848979157,27.902499557097958,12.884558604088745,0.19856472500966474
1.3056,55.58816308780372,26.7715478177787,55.79277738779219,25.957161931949678,0.2873937197790287,0.28646745773245585,-0.0009262620465728677,19.83991859647652,19.773843072528173,-0.0660755239483457,27.79408154390186,13.38577390888935,27.896388693896096,12.978580965974839,0.19832546638851817
1.3064,55.57616482406437,26.958885395276184,55.78102920474246,26.145032903703754,0.2870897001262173,0.2861581982067846,-0.0009315019194326979,19.81822959709377,19.75178497488087,-0.06644462221289871,27.788082412032185,13.479442697638092,27.89051460237123,13.072516451851877,0.19808619458556986
1.3072,55.56463708715569,27.14605068055739,55.76975153189208,26.332731108942944,0.28678432926301695,0.28584759882163335,-0.0009367304413835931,19.796445729687836,19.729632891969654,-0.06681283771818158,27.782318543577844,13.573025340278695,27.88487576594604,13.166365554471472,0.19784690959936538
1.308,55.55357687196173,27.33304464111908,55.75894137063663,26.520257532046376,0.286477622139974,0.28553567453383627,-0.0009419476061377496,19.774568080879718,19.70738791079706,-0.06718017008265775,27.776788435980865,13.66652232055954,27.879470685318314,13.260128766023188,0.19760761142845282
1.3088,55.54298120753436,27.51986824341611,55.748595756485166,26.707613156215054,0.2861695936832862,0.2852224402753347,-0.0009471534079514843,19.75259773533834,19.685051116368335,-0.06754661897000602,27.77149060376718,13.759934121708055,27.874297878242583,13.353806578107527,0.19736830007137915
1.3096,55.532847156661916,27.70652245280739,55.73871175862976,26.89479896342048,0.2858602587944602,0.28490791095284734,-0.000952347841612855,19.730535775753516,19.662623591665373,-0.06791218408814359,27.766423578330958,13.853261226403696,27.86935587931488,13.44739948171024,0.19712897552669112
1.3104,55.52317181544418,27.89300823350323,55.72928647952171,27.081815934354747,0.28554963234998093,0.2845921014475524,-0.000957530902428505,19.70838328280979,19.64010641762154,-0.0682768651882526,27.76158590772209,13.946504116751615,27.864643239760856,13.540907967177374,0.19688963779293608
1.3112,55.51395231287379,28.079326548515645,55.72031705445403,27.2686650483834,0.2852377292009812,0.2842750266147708,-0.000962702586210451,19.686141335160375,19.617500673096615,-0.06864066206376052,27.756976156436895,14.039663274257823,27.860158527227014,13.6343325241917,0.19665028686865846
1.312,55.50518581042379,28.26547835961016,55.711800651149986,27.45534728349989,0.2849245641729314,0.28395670128366296,-0.0009678628892684227,19.663811009402536,19.594807434852775,-0.06900357454976103,27.752592905211895,14.13273917980508,27.855900325574993,13.727673641749945,0.19641092275240513
1.3128,55.496869501641406,28.451464627259686,55.7037344693582,27.641863616281984,0.28461015206532947,0.2836371402569338,-0.0009730118083956518,19.64139338005314,19.57202777753124,-0.06936560252190205,27.748434750820703,14.225732313629843,27.8518672346791,13.820931808140992,0.19617154544272183
1.3136,55.48900061174798,28.637286310600903,55.69611574045333,27.82821502185058,0.28429450765140124,0.2833163583105463,-0.000978149340854939,19.61888951952489,19.549162773629497,-0.06972674589539096,27.74450030587399,14.318643155300451,27.848057870226665,13.91410751092529,0.1959321549381551
1.3144,55.481576397244545,28.822944367391724,55.68894172704289,28.014402473829627,0.28397764567780814,0.2829943701934367,-0.0009832754843714375,19.596300498103187,19.526213493478817,-0.07008700462436934,27.740788198622273,14.411472183695862,27.844470863521444,14.007201236914813,0.19569275123724822
1.3152,55.47459414552356,29.0084397539714,55.68220972258006,28.200426944308727,0.2836595808643697,0.28267119062725254,-0.000988390237117165,19.57362738392414,19.503181005223347,-0.07044637870079384,27.73729707276178,14.5042198769857,27.84110486129003,14.100213472154364,0.19545333433854725
1.316,55.46805117448624,29.193773425222048,55.67591705098188,28.386289403806884,0.28334032790378394,0.2823468343060808,-0.0009934935977031212,19.550871242952397,19.48006637479863,-0.0708048681537683,27.73402558724312,14.596886712611024,27.83795852549094,14.193144701903442,0.19521390424059692
1.3168,55.4619448321656,29.378946334531765,55.670061066253446,28.571990821237964,0.283019901461366,0.28202131589619667,-0.000998585565169352,19.528033138960406,19.45687066591156,-0.07116247304884737,27.7309724160828,14.689473167265882,27.835030533126723,14.285995410618982,0.19497446094194182
1.3176,55.45627249635495,29.563959433760107,55.6646391521174,28.75753216387851,0.2826983161747844,0.28169465003581773,-0.0010036661389666857,19.5051141335075,19.433594940020896,-0.07151919348660485,27.728136248177474,14.781979716880054,27.8323195760587,14.378766081939254,0.19473500444112718
1.3184,55.45103157424208,29.74881367320439,55.65964872164903,28.942914397336178,0.282375586653812,0.2813668513348557,-0.0010087353189562887,19.48211528592012,19.410240256317525,-0.07187502960259451,27.72551578712104,14.874406836602194,27.829824360824514,14.471457198668089,0.19449553473669517
1.3192,55.44621950204858,29.933510001568447,55.655087216916726,29.128138485520722,0.28205172748008644,0.28103793437469426,-0.00101379310539218,19.459037653272762,19.38680767170672,-0.07222998156604277,27.72310975102429,14.966755000784223,27.827543608458363,14.564069242760361,0.1942560518271906
1.32,55.4418337446747,30.11804936593242,55.65095210862767,29.313205390615973,0.28172675320686624,0.2807079137079576,-0.0010188394989086302,19.435882290368646,19.363298240789767,-0.07258404957887876,27.72091687233735,15.05902468296621,27.825476054313835,14.656602695307987,0.19401655571115703
1.3208,55.437871795349274,30.302432711724126,55.64724089577879,29.498116073053176,0.2814006783588109,0.2803768038582915,-0.0010238745005193839,19.412650249722155,19.339713015846527,-0.07293723387562778,27.718935897674637,15.151216355862063,27.823620447889397,14.749058036526588,0.19377704638713777
1.3216,55.434331175284726,30.486660982692342,55.64395110531281,29.682871491486562,0.2810735174317552,0.280044619320156,-0.0010288981115991747,19.389342581540912,19.316053046818876,-0.07328953472203636,27.717165587642363,15.243330491346171,27.821975552656404,14.841435745743281,0.19353752385367695
1.3224,55.43120943333731,30.670735120880906,55.64108029177924,29.86747260276927,0.280745284892491,0.27971137455861667,-0.0010339103338743438,19.365960333708486,19.292319381294107,-0.07364095241437951,27.715604716668654,15.335367560440453,27.82054014588962,14.933736301384634,0.19329798810931548
1.3232,55.428504145672136,30.85465606660493,55.63862603700056,30.051920361931654,0.28041599517856813,0.2793770840091521,-0.0010389111694160125,19.34250455176839,19.26851306448952,-0.0739914872788674,27.714252072836068,15.427328033302466,27.81931301850028,15.025960180965827,0.1930584391525969
1.324,55.42621291543319,31.038424758427876,55.636585949743065,30.23621572216034,0.28008566269808977,0.27904176207745846,-0.0010439006206313106,19.31897627890788,19.244635139236866,-0.07434113967101297,27.713106457716595,15.519212379213938,27.818292974871532,15.11810786108017,0.19281887698206368
1.3248,55.42433337241806,31.222042133140032,55.63495766539248,30.42035963477855,0.2797543018295172,0.2787054231392717,-0.0010488786902455027,19.29537655594236,19.22068664596808,-0.07468990997428193,27.71216668620903,15.611021066570016,27.81747883269624,15.210179817389275,0.1925793015962579
1.3256,55.422863172757516,31.40550912573871,55.63373884563449,30.60435304922831,0.2794219269214857,0.2783680815401832,-0.0010538453813024873,19.271706421300713,19.19666862270063,-0.07503779860008208,27.711431586378758,15.702754562869355,27.816869422817245,15.302176524614154,0.1923397129937224
1.3264,55.42179999859962,31.588826669409045,55.63292717813983,30.788196913052982,0.2790885522926214,0.27802975159547194,-0.0010588006971494757,19.247966911010653,19.172582105024055,-0.07538480598659802,27.71089999929981,15.794413334704522,27.816463589069915,15.394098456526491,0.19210011117299697
1.3272,55.42114155779848,31.77199569550679,55.63252037625381,30.971892171881944,0.2787541922313697,0.2776904475899412,-0.001063744641428499,19.224159058685046,19.148428126086877,-0.07573093259816943,27.71057077889924,15.885997847753394,27.816260188126904,15.485946085940972,0.191860496132624
1.328,55.42088558360749,31.955017133541695,55.63251617869051,31.155439769415747,0.2784188609958257,0.27735018377775844,-0.0010686772180672488,19.20028389550837,19.124207716583793,-0.07607617892457696,27.710442791803747,15.977508566770847,27.816258089345254,15.577719884707873,0.19162086787114457
1.3288,55.421029834377066,32.13789191116219,55.6329123492313,31.338840647412592,0.2780825728135724,0.27700897438230143,-0.0010735984312709723,19.176342450223768,19.099921904743393,-0.07642054548037436,27.710514917188533,16.068945955581096,27.81645617461565,15.669420323706296,0.1913812263870997
1.3296,55.421572093256515,32.32062095414164,55.633706676427856,31.5220957456763,0.27774534188152983,0.27666683359601585,-0.0010785082855139794,19.152335749120954,19.075571716316674,-0.0767640328042809,27.710786046628257,16.16031047707082,27.816853338213928,15.76104787283815,0.19114157167903098
1.3304,55.42251016790059,32.503205186364994,55.634896973309154,31.705206002044626,0.2774071823657952,0.2763237755802695,-0.001083406785525709,19.128264816023517,19.051158174565394,-0.07710664145812274,27.711255083950295,16.251602593182497,27.817448486654577,15.852603001022313,0.190901903745477
1.3312,55.42384189017987,32.6856455298172,55.63648107709307,31.888172352379396,0.27706810840151186,0.2759798144652227,-0.0010882939362891753,19.104130672278302,19.02668230025165,-0.07744837202665167,27.711920945089936,16.3428227649086,27.818240538546537,15.944086176189698,0.19066222258497884
1.332,55.42556511589557,32.867942904572274,55.63845684890181,32.07099573055715,0.27672813409272157,0.2756349643496966,-0.0010931697430249798,19.079934336743687,19.002145111627307,-0.07778922511637987,27.712782557947786,16.433971452286137,27.819228424450905,16.035497865278575,0.19042252819607658
1.3328,55.42767772449829,33.050098228783206,55.640822173481645,32.25367706846082,0.27638727351224057,0.27528923930105,-0.0010980342111905905,19.055676825779543,18.977547624424076,-0.0781292013554662,27.713838862249144,16.525049114391603,27.820411086740823,16.12683853423041,0.19018282057731078
1.3336,55.430177618810845,33.23211241867371,55.643574958926486,32.43621729597284,0.27604554070152476,0.27494265335506035,-0.0011028873464644096,19.031359153236544,18.952890851844,-0.0784683013925438,27.715088809405422,16.616056209336854,27.821787479463243,16.21810864798642,0.18994309972721912
1.3344,55.43306272475515,33.41398638852968,55.64671313640557,32.61861734096834,0.27570294967055636,0.27459522051581503,-0.0011077291547413326,19.006982330446945,18.92817580455062,-0.07880652589632575,27.716531362377577,16.70699319426484,27.823356568202787,16.30930867048417,0.18970336564434173
1.3352,55.436330991082784,33.59572105069286,55.65023465989489,32.80087812931026,0.27535951439772616,0.27424695475560124,-0.0011125596421249218,18.982547366215204,18.903403490660157,-0.07914387555504732,27.718165495541392,16.79786052534643,27.825117329947446,16.40043906465513,0.18946361832721761
1.336,55.4399803891096,33.77731731555451,55.65413750591266,32.98300058484457,0.27501524882972145,0.2738978700148053,-0.0011173788149161368,18.958055266808948,18.878574915733402,-0.07948035107554574,27.7199901945548,16.888658657777256,27.82706875295633,16.491500292422284,0.18922385777438558
1.3368,55.44400891245405,33.95877609155028,55.658419673258265,33.164985629396604,0.2746701668814253,0.27354798020181775,-0.001122186679607562,18.93350703595087,18.853691082767977,-0.07981595318289436,27.722004456227026,16.97938804577514,27.829209836629133,16.582492814698302,0.188984083984385
1.3376,55.4484145767792,34.14009828515624,55.66307918275528,33.34683418276852,0.2743242824358095,0.2731972991929353,-0.001126983242874191,18.908903674810162,18.828752992190562,-0.08015068261959968,27.7242072883896,17.07004914257812,27.83153959137764,16.67341709138426,0.18874429695575232
1.3384,55.45319541953841,34.32128480088507,55.66811407699781,33.528547162736984,0.27397760934385185,0.27284584083228364,-0.0011317685115682097,18.88424618199575,18.803761641850503,-0.08048454014524609,27.726597709769205,17.160642400442534,27.834057038498905,16.764273581368492,0.1885044966870265
1.3392,55.45834949972473,34.50233654128387,55.673522420100625,33.710125485052316,0.27363016142443675,0.2724936189317307,-0.0011365424927060608,18.85953555354837,18.778718027012864,-0.08081752653550467,27.729174749862366,17.251168270641934,27.836761210050312,16.855062742526158,0.18826468317674533
1.34,55.46387489762362,34.68325440693217,55.67930229745283,33.89157006343795,0.2732819524642751,0.27214064727080856,-0.0011413051934665575,18.834772782934085,18.75362314035212,-0.08114964258196622,27.73193744881181,17.341627203466086,27.839651148726414,16.945785031718977,0.18802485642344632
1.3408,55.469769714569416,34.86403929644085,55.68545181547489,34.0728818095907,0.27293299621782724,0.27178693959664774,-0.0011460566211795031,18.80995886103802,18.728477971946745,-0.08148088909127438,27.734884857284708,17.432019648220425,27.842725907737446,17.03644090479535,0.18778501642566778
1.3416,55.47603207270506,35.04469210645215,55.69196910137924,34.25406163318201,0.27258330640721906,0.27143250962390303,-0.0011507967833160326,18.78509477615766,18.703283509273284,-0.08181126688437601,27.73801603635253,17.522346053226077,27.84598455068962,17.127030816591006,0.18754516318194484
1.3424,55.48266011474531,35.225213731639805,55.69885230293426,34.435110441859585,0.2722328967221844,0.27107737103469415,-0.0011555256874902775,18.76018151399811,18.678040737201464,-0.08214077679664555,27.741330057372654,17.612606865819902,27.84942615146713,17.217555220929793,0.1873052966908153
1.3432,55.48965200374324,35.40560506471063,55.706099588231446,34.61602914125011,0.2718817808199895,0.27072153747854943,-0.0011602433414400481,18.735220057666012,18.652750637989627,-0.08246941967638577,27.74482600187162,17.702802532355314,27.853049794115723,17.308014570625055,0.1870654169508157
1.344,55.497005922860026,35.58586699640613,55.71370914545598,34.79681863496228,0.2715299723253794,0.27036502257235184,-0.0011649497530275554,18.710211387665197,18.62741419128027,-0.08279719638492722,27.748502961430013,17.792933498203066,27.85685457272799,17.39840931748114,0.18682552396048235
1.3448,55.50472007513804,35.766000415505125,55.721679182660516,34.97747982459046,0.2711774848305166,0.2700078399002859,-0.001169644930230751,18.685156481891696,18.602032374095813,-0.0831241077958822,27.75236003756902,17.883000207752563,27.860839591330258,17.48873991229523,0.1865856177183523
1.3456,55.512792683277,35.94600620882715,55.73000792754208,35.15801360971953,0.27082433189493155,0.2696500030137971,-0.0011743288811344454,18.660056315629706,18.57660616083518,-0.08345015479452655,27.7563963416385,17.973003104413575,27.86500396377104,17.579006804859766,0.1863456982229596
1.3464,55.52122198941329,36.12588526123603,55.738693627222254,35.33842088792965,0.2704705270454748,0.2692915254315501,-0.0011790016139247017,18.63491186154772,18.551136523270383,-0.08377533827733785,27.760610994706646,18.062942630618014,27.869346813611127,17.669210443964825,0.1861057654728407
1.3472,55.53000625490255,36.305638455644754,55.747734548030174,35.5187025548021,0.27011608377627416,0.26893242063939443,-0.0011836631368797312,18.60972408969498,18.525624430543687,-0.08409965915129192,27.765003127451276,18.152819227822377,27.873867274015087,17.75935127740105,0.18586581946653097
1.348,55.539143760104984,36.4852666730203,55.757128975288815,35.698859503925654,0.2697610155486959,0.2685727020903284,-0.001188313458367507,18.584493967498325,18.500070849164658,-0.08442311833366745,27.769571880052492,18.24263333651015,27.878564487644407,17.849429751962827,0.1856258602025656
1.3488,55.54863280417392,36.6647707923894,55.76687521310415,35.87889262690309,0.2694053357913086,0.26821238320447494,-0.0011929525868336621,18.55922245975923,18.47447674300809,-0.08474571675114007,27.77431640208696,18.3323853961947,27.883437606552075,17.939446313451544,0.18538588767948033
1.3496,55.55847170484718,36.8441516908449,55.77697158415728,36.058802813359044,0.2690490578998535,0.26785147736905485,-0.0011975805307986587,18.533910528651365,18.44884307331183,-0.08506745533953364,27.77923585242359,18.42207584542245,27.88848579207864,18.029401406679522,0.18514590189580793
1.3504,55.568658798241565,37.023410243552476,55.78741642949945,36.238590950947554,0.2686921952372183,0.26748999793836725,-0.001202197298851071,18.508559133718393,18.42317079867509,-0.08538833504330157,27.784329399120782,18.511705121776238,27.893708214749726,18.119295475473777,0.1849059028500838
1.3512,55.57919243864974,37.20254732375817,55.79820810834991,36.418257925360926,0.268334761133412,0.26712795823377755,-0.0012068028996344293,18.483169231871916,18.397460875057362,-0.08570835681455335,27.78959621932487,18.601273661879084,27.899104054174956,18.209128962680463,0.18466589054084198
1.352,55.590070998340565,37.381563802796244,55.80934499789658,36.597804620338465,0.26797676888554994,0.2667653715436983,-0.001211397341851661,18.457741777390186,18.371714255776862,-0.08602752161332461,27.795035499170282,18.690781901398122,27.90467249894829,18.298902310169233,0.18442586496661645
1.3528,55.60129286736159,37.56046055009741,55.820825493099576,36.777231917676,0.26761823175783633,0.2664022511235863,-0.0012159806342500468,18.432277721916634,18.345931891510155,-0.08634583040647925,27.800646433680797,18.780230275048705,27.910412746549788,18.388615958838,0.1841858261259418
1.3536,55.6128564533448,37.73923843319819,55.83264800649732,36.95654069723601,0.2672591629815519,0.26603861019593184,-0.0012205527856200549,18.406778014458816,18.32011473029125,-0.08666328416756386,27.8064282266724,18.869619216599094,27.91632400324866,18.478270348618004,0.18394577401734952
1.3544,55.62476018131462,37.917898317749874,55.84481096801547,37.135731836957845,0.26689957575504686,0.26567446195026534,-0.001225113804781519,18.381243601387794,18.29426371751198,-0.0869798838758129,27.81238009065731,18.958949158874937,27.922405484007736,18.567865918478923,0.18370570863937383
1.3552,55.6370024934989,38.09644106752878,55.85731282477836,37.31480621286894,0.2665394832437426,0.2653098195431522,-0.001229663700590411,18.355675426438125,18.26837979592156,-0.08729563051656442,27.81850124674945,19.04822053376439,27.92865641238918,18.65740310643447,0.1834656299905476
1.356,55.64958184914232,38.27486754444648,55.870152040923216,37.49376469909599,0.2661788985801234,0.2649446960982058,-0.001234202481917579,18.330074430707217,18.242463905627485,-0.08761052507973233,27.82479092457116,19.13743377222324,27.935076020461608,18.746882349547995,0.1832255380694044
1.3568,55.6624967243224,38.453178608560506,55.88332709741678,37.672608167876675,0.2658178348637435,0.26457910470608675,-0.0012387301576567422,18.304441552655774,18.216516984095467,-0.08792456856030739,27.8312483621612,19.226589304280253,27.94166354870839,18.836304083938337,0.18298543287447488
1.3576,55.67574561176818,38.63137511808594,55.896836491874545,37.85133748957211,0.26545630516123375,0.264213058424527,-0.0012432467367067268,18.278777728108263,18.190539966151164,-0.08823776195709954,27.83787280588409,19.31568755904297,27.948418245937273,18.925668744786055,0.1827453144042922
1.3584,55.68932702068114,38.809457929406584,55.91067873838254,38.02995353267926,0.2650943225063119,0.2638465702783398,-0.0012477522279720765,18.253083890253667,18.164533783980968,-0.08855010627269877,27.84466351034057,19.404728964703292,27.95533936919127,19.01497676633963,0.18250518265738827
1.3592,55.70323947655885,38.98742789708766,55.92485236732138,38.208457163844216,0.2647318998997964,0.2634796532594401,-0.0012522466403562804,18.227360969646536,18.13849936713354,-0.08886160251299557,27.851619738279425,19.49371394854383,27.96242618366069,19.104228581922108,0.18226503763229482
1.36,55.71748152102084,39.165285873887896,55.939355925192885,38.386849247875446,0.26436905030962377,0.2631123203268686,-0.001256729982755167,18.201609894208254,18.112437642521627,-0.08917225168662668,27.85874076051042,19.582642936943948,27.969677962596442,19.193424623937723,0.18202487932754421
1.3608,55.732051711636984,39.343032710772505,55.954187974449205,38.56513064775757,0.26400578667086627,0.2627445844068127,-0.0012612022640535736,18.175831589228476,18.086349534423704,-0.08948205480477256,27.866025855818492,19.671516355386252,27.977093987224603,19.282565323878785,0.18178470774166589
1.3616,55.74694862175818,39.520669256926695,55.96934709332391,38.74330222466582,0.26364212188575853,0.26237645839264423,-0.0012656634931142996,18.1500269773671,18.06023596448685,-0.08979101288025149,27.87347431087909,19.760334628463347,27.984673546661956,19.37165111233291,0.1815445228731917
1.3624,55.76217084034937,39.69819635976892,55.984831875665826,38.921364837980185,0.2632780688237212,0.2620079551449462,-0.0012701136787749978,18.124196978656165,18.034097851728834,-0.09009912692733124,27.881085420174685,19.84909817988446,27.992415937832913,19.460682418990093,0.18130432472065244
1.3632,55.7777169718248,39.875614864965435,56.000640930774836,39.09931934530076,0.2629136403213949,0.26163908749154585,-0.0012745528298490627,18.098342510502462,18.007936112540722,-0.09040639796173977,27.8888584859124,19.937807432482717,28.000320465387418,19.54965967265038,0.18106411328257854
1.364,55.79358563588562,40.052925616444256,56.016772883240066,39.2771666024626,0.2625488491826713,0.2612698682275625,-0.0012789809551088105,18.072464487689935,17.98175166069053,-0.09071282699940397,27.89679281794281,20.026462808222128,28.008386441620033,19.6385833012313,0.18082388855750126
1.3648,55.80977546735957,40.23012945641017,56.03322637278032,39.45490746355157,0.2621837081787223,0.26090031011543585,-0.0012833980632864228,18.04656382238205,17.95554540732554,-0.0910184150565101,27.904887733679786,20.115064728205084,28.01661318639016,19.727453731775785,0.18058365054394868
1.3656,55.826285116042996,40.40722722535954,56.050000054086595,39.63254278092005,0.26181823004805316,0.2605304258849808,-0.001287804163072337,18.02064142412587,17.9293182609765,-0.09132316314936872,27.913142558021498,20.20361361267977,28.025000027043298,19.816271390460024,0.18034339924045156
1.3664,55.843113246544945,40.5842197620959,56.06709259666673,39.81007340520318,0.2614524274965302,0.2601602282334311,-0.001292199263099092,17.994698199854295,17.903071127561088,-0.09162707229320688,27.921556623272473,20.29210988104795,28.033546298333366,19.90503670260159,0.18010313464553937
1.3672,55.86025853813336,40.76110790374572,56.084502684692445,39.98750018533559,0.26108631319743536,0.25978972982548754,-0.0012965833719478237,17.968735053890303,17.876804910387712,-0.09193014350259077,27.93012926906668,20.38055395187286,28.042251342346223,19.993750092667796,0.17986285675774144
1.368,55.87771968458341,40.93789248577434,56.102229016848035,40.16482396856801,0.2607198997915092,0.259418943293375,-0.0013009564981342203,17.94275288795039,17.850520510159967,-0.09223237779042393,27.938859842291706,20.46894624288717,28.051114508424018,20.082411984284004,0.17962256557558764
1.3688,55.895495394027904,41.1145743420023,56.120270306181446,40.34204560048452,0.26035319988700056,0.25904788123689165,-0.001305318650108911,17.91675260114848,17.824218824980548,-0.09253377616793301,27.947747697013952,20.55728717100115,28.060135153090723,20.17102280024226,0.17938226109760502
1.3696,55.91358438880959,41.29115430462199,56.138625279957324,40.519165925019756,0.2599862260597231,0.2586765562234758,-0.001309669836247307,17.890735090000366,17.79790075035646,-0.09283433964390397,27.956792194404795,20.645577152310995,28.069312639978662,20.259582962509878,0.17914194332232297
1.3704,55.93198540533574,41.46763320421456,56.157292679511976,40.69618578447682,0.25961899085311085,0.25830498078825825,-0.0013140100648525999,17.864701248428094,17.77156717920324,-0.09313406922485257,27.96599270266787,20.73381660210728,28.078646339755988,20.34809289223841,0.17890161224826984
1.3712,55.95069719393442,41.644011869767276,56.176271260110376,40.87310601954517,0.2592515067782755,0.257933167434133,-0.001318339344142494,17.838651967764537,17.745219001850444,-0.09343296591409356,27.97534859696721,20.822005934883638,28.088135630055188,20.436553009772584,0.17866126787397457
1.372,55.96971851871281,41.82029112869085,56.19555979080501,41.049927469318824,0.25888378631406417,0.25756112863181885,-0.0013226576822453207,17.81258813675796,17.718857106046574,-0.09373103071138544,27.984859259356405,20.910145564345424,28.097779895402503,20.524963734659412,0.17842091019796313
1.3728,55.98904815741758,41.9964718068373,56.21515705429691,41.22665097131487,0.2585158419071331,0.25718887681992825,-0.0013269650872048677,17.786510641577827,17.692482376964552,-0.09402826461327507,27.99452407870879,20.99823590341865,28.107578527148455,20.613325485657434,0.17818053921876406
1.3736,56.0086849012969,42.17255472851778,56.23506184679812,41.40327736149205,0.2581476859720038,0.2568164244050447,-0.0013312615669591188,17.7604203658193,17.66609569720775,-0.09432466861154865,28.00434245064845,21.08627736425889,28.11753092339906,20.701638680746026,0.17794015493490462
1.3744,56.02862755496454,42.348540716521036,56.25527297789652,41.57980747426988,0.25777933089113914,0.25644378376178956,-0.001335547129349579,17.734318190509217,17.639697946815364,-0.09462024369385347,28.01431377748227,21.174270358260518,28.12763648894826,20.78990373713494,0.1776997573449119
1.3752,56.04887493626564,42.52443059213194,56.27578927042215,41.75624214254789,0.25741078901501363,0.2560709672329007,-0.0013398217821129488,17.70820499411172,17.61329000326863,-0.09491499084309041,28.02443746813282,21.26221529606597,28.137894635211076,20.878121071273945,0.1774593464473137
1.376,56.06942587614448,42.70022517515015,56.29660956031543,41.932582197725026,0.25704207266218293,0.25569798712930997,-0.0013440855328729628,17.68208165253378,17.586872741496965,-0.0952089110368135,28.03471293807224,21.350112587575076,28.148304780157716,20.966291098862513,0.17721892224063474
1.3768,56.0902792185138,42.87592528390921,56.317732696497224,42.1088284697193,0.25667319411936435,0.25532485573022956,-0.0013483383891347844,17.655949039131553,17.56044703388479,-0.09550200524676455,28.0451396092569,21.437962641954606,28.158866348248612,21.05441423485965,0.17697848472340225
1.3776,56.111433820126074,43.0515317352956,56.33915754074062,42.284981786987615,0.256304165641519,0.2549515852832302,-0.0013525803582887796,17.62980802471692,17.53401375027775,-0.09579427443916799,28.055716910063037,21.5257658676478,28.16957877037031,21.142490893493807,0.17673803389414236
1.3784,56.13288855044649,43.22704534476854,56.36088296754447,42.461042976546146,0.25593499945192383,0.2545781880043281,-0.0013568114475957516,17.603659477563255,17.507573757989647,-0.09608571957360823,28.066444275223244,21.61352267238427,28.180441483772235,21.230521488273073,0.17649756975138095
1.3792,56.15464229152747,43.40246692637925,56.38290786400848,42.6370128639903,0.25556570774226756,0.2542046760780733,-0.0013610316641942677,17.577504263412965,17.481127921809424,-0.09637634160354125,28.077321145763737,21.701233463189624,28.19145393200424,21.31850643199515,0.17625709229364456
1.38,56.17669393788526,43.57779729279127,56.4052311297103,42.81289227351559,0.25519630267272103,0.25383106165763963,-0.0013652410150813976,17.551343245483235,17.454677104008322,-0.09666614147491259,28.08834696894263,21.788898646395634,28.20261556485515,21.406446136757793,0.17601660151945664
1.3808,56.199042396377614,43.75303725530032,56.42785167658404,42.98868202793822,0.254826796372041,0.25345735686491805,-0.001369439507122927,17.52517728447412,17.428222164347297,-0.09695512012682173,28.099521198188807,21.87651862765016,28.21392583829202,21.49434101396911,0.17577609742734326
1.3816,56.22168658608373,43.92818762385457,56.45076842880046,43.16438294871591,0.25445720093765034,0.25308357379061314,-0.0013736271470372041,17.499007238575057,17.40176396008467,-0.09724327849038872,28.110843293041864,21.964093811927285,28.22538421440023,21.582191474357955,0.1755355800158293
1.3824,56.24462543818538,44.10324920707549,56.47398032264877,43.33999585596937,0.25408752843573623,0.2527097244943348,-0.001377803941401412,17.472833963472606,17.375303345983465,-0.09753061748914149,28.12231271909269,22.051624603537746,28.236990161324385,21.669997927984685,0.17529504928343945
1.3832,56.26785789584978,44.27822281227812,56.497486306420136,43.515521568503104,0.2537177909013406,0.25233582100470364,-0.0013819698966369698,17.4466583123577,17.34884117431973,-0.09781713803797132,28.13392894792489,22.13911140613906,28.248743153210068,21.757760784251552,0.17505450522869892
1.384,56.291382914114074,44.45310924549239,56.521285340292685,43.69096090382748,0.2533480003384583,0.2519618753194453,-0.0013861250190129737,17.420481135933464,17.322378294890125,-0.09810284104333888,28.145691457057037,22.226554622746196,28.260642670146343,21.84548045191374,0.17481394785013007
1.3848,56.31519945977136,44.62790931148408,56.54537639621801,43.86631467818005,0.25297816872014084,0.2515878994054992,-0.0013902693146416456,17.394303282423436,17.295915555020485,-0.09838772740295099,28.15759972988568,22.31395465574204,28.272688198109005,21.933157339090027,0.17457337714625767
1.3856,56.33930651125811,44.8026238137759,56.56975845780928,44.04158370654739,0.25260830798858946,0.2512139051991214,-0.0013944027894680633,17.36812559757905,17.269453799574077,-0.09867179800497183,28.169653255629054,22.40131190688795,28.28487922890464,22.020791853273696,0.17433279311560546
1.3864,56.36370305854334,44.977253554669396,56.59443052023084,44.21676880268745,0.2522384300552649,0.25083990460599453,-0.0013985254492703825,17.341948924688314,17.24299387096027,-0.09895505372804436,28.18185152927167,22.488626777334698,28.29721526011542,22.108384401343724,0.1740921957566967
1.3872,56.388388103018954,45.15179933526608,56.61939159008928,44.39187077915138,0.2518685468009922,0.2504659095013318,-0.001402637299660392,17.315774104584204,17.216536609142917,-0.09923749544128668,28.194194051509477,22.57589966763304,28.30969579504464,22.19593538957569,0.1738515850680556
1.388,56.413360657392055,45.32626195548974,56.644640685325996,44.5668904473062,0.25149867007606086,0.250091931729992,-0.0014067383460688587,17.289601975652694,17.19008285164945,-0.09951912400324403,28.206680328696027,22.66313097774487,28.322320342662998,22.2834452236531,0.17361096104820317
1.3888,56.438619745578016,45.50064221410823,56.670176835111214,44.741828617357235,0.2511288117003442,0.24971798310659316,-0.0014108285937510234,17.263433373842158,17.163633433579932,-0.09979994026222627,28.219309872789008,22.750321107054116,28.335088417555607,22.370914308678618,0.173370323695663
1.3896,56.46416440259568,45.674940908755445,56.69599907973942,44.91668609837064,0.2507589834634038,0.2493440754156257,-0.0014149080477781073,17.237269132671823,17.137189187616087,-0.10007994505573592,28.23208220129784,22.837470454377723,28.34799953986971,22.45834304918532,0.17312967300895754
1.3904,56.48999367446344,45.84915883595404,56.7221064705262,45.09146369829664,0.25038919712460417,0.24897022041156974,-0.0014189767130344255,17.211110083240825,17.11075094403064,-0.10035913921018391,28.24499683723172,22.92457941797702,28.3610532352631,22.54573184914832,0.17288900898660892
1.3912,56.51610661809709,46.02329679113751,56.74849806970642,45.266162223992055,0.25001946441323136,0.24859642981901822,-0.0014230345942131406,17.184957054237692,17.084319530697098,-0.10063752354059474,28.258053309048545,23.011648395568756,28.37424903485321,22.633081111996027,0.17264833162714002
1.392,56.54250230120871,46.197355568673196,56.77517295033395,45.44078248124391,0.24964979702860113,0.2482227153327865,-0.0014270816958146249,17.15881087194903,17.057895773098565,-0.10091509885046435,28.271251150604353,23.098677784336598,28.387586475166977,22.720391240621954,0.17240764092907068
1.3928,56.56917980220728,46.37133596188491,56.802130196182574,45.615325274792475,0.24928020664018752,0.24784908861804897,-0.00143111802213855,17.132672360269694,17.031480494338513,-0.10119186593118101,28.28458990110364,23.185667980942455,28.401065098091287,22.807662637396238,0.1721669368909233
1.3936,56.59613821010022,46.54523876307575,56.829368901648245,45.789791408354674,0.2489107048877386,0.2474755613104533,-0.001435143577285275,17.10654234071208,17.005074515149982,-0.10146782556209644,28.29806910505011,23.272619381537876,28.414684450824122,22.894895704177337,0.17192621951121898
1.3944,56.62337662439666,46.71906476355165,56.85688817165278,45.964181684647976,0.24854130338140007,0.24710214501625033,-0.0014391583651497397,17.080421632415938,16.978678653905877,-0.10174297851006031,28.31168831219833,23.359532381775825,28.42844408582639,22.982090842323988,0.17168548878847875
1.3952,56.6508941550117,46.89281475364403,56.88468712154872,46.13849690541372,0.24817201370183867,0.24672885131242342,-0.0014431623894152479,17.05431105215827,16.952293726629282,-0.1020173255289869,28.32544707750585,23.446407376822016,28.44234356077436,23.06924845270686,0.1714447447212242
1.396,56.678689922172104,47.06648952273377,56.91276487702565,46.312737871441406,0.24780284740036618,0.2463556917468131,-0.0014471556535530783,17.02821141436321,16.925920547003425,-0.10229086735978399,28.339344961086052,23.533244761366884,28.456382438512826,23.156368935720703,0.17120398730797393
1.3968,56.706763056323176,47.24008985927439,56.94112057401753,46.48690538259244,0.2474338159990742,0.2459826778382526,-0.0014511381608216245,17.00212353111273,16.89955992638245,-0.10256360473027826,28.353381528161588,23.620044929637196,28.470560287008766,23.24345269129622,0.17096321654724908
1.3976,56.735112698037064,47.41361655081578,56.96975335861153,46.66100023782425,0.24706493099095517,0.2456098210767009,-0.0014551099142542656,16.976048212156375,16.873212673802037,-0.10283553835433779,28.367556349018532,23.70680827540789,28.484876679305764,23.330500118912123,0.17072243243756963
1.3984,56.763737997922064,47.58707038402828,56.998662386957946,46.83502323521484,0.2466962038400401,0.24523713292337543,-0.0014590709166646676,16.949986264922174,16.846879595989943,-0.10310666893223086,28.381868998961032,23.79353519201414,28.499331193478973,23.41751161760742,0.17048163497745622
1.3992,56.79263811653328,47.76045214472616,57.02784682518139,47.00897517198683,0.24632764598152748,0.24486462481088628,-0.0014630211706412044,16.923938494526983,16.820561497376787,-0.1033769971501961,28.39631905826664,23.88022607236308,28.513923412590696,23.504487585993417,0.17024082416542644
1.4,56.821812224284486,47.93376261789221,57.05730584929321,47.1828568445323,0.2459592688219188,0.24449230814338202,-0.0014669606785367717,16.897905703787274,16.794259180107552,-0.10364652367972127,28.410906112142243,23.966881308946103,28.528652924646604,23.59142842226615,0.17000000000000046
1.4008,56.8512595013612,48.10700258770176,57.08703864510505,47.356669048437375,0.2459609599271209,0.24448856170142552,-0.001472398225695365,16.898025207204313,16.793994524111046,-0.10403068309326713,28.4256297506806,24.05350129385088,28.543519322552527,23.678334524218688,0.17000000000000046
1.4016,56.880979137634725,48.28017283754686,57.117044408143556,47.53041257850677,0.24596317303005844,0.24448536446248229,-0.0014778085675761499,16.898181598114736,16.793768665071468,-0.10441293304326749,28.440489568817362,24.14008641877343,28.558522204071778,23.765206289253385,0.17000000000000046
1.4024,56.91097033257769,48.45327415006114,57.14732234356629,47.704088228789146,0.24596591005162785,0.24448271833131757,-0.0014831917203102785,16.89837501231693,16.793581737459235,-0.10479327485769474,28.455485166288845,24.22663707503057,28.573661171783144,23.852044114394573,0.17000000000000046
1.4032,56.94123229518047,48.62630730714402,57.177871666078865,47.87769679260168,0.24596917288553108,0.24448062518521485,-0.0014885477003162284,16.898605583701258,16.793433873817868,-0.10517170988338975,28.470616147590235,24.31315365357201,28.588935833039432,23.93884839630084,0.17000000000000046
1.404,56.971764243868726,48.79927308998584,57.20869159985301,48.051239062555624,0.24597296339857017,0.2444790868742816,-0.001493876524288562,16.898873444271054,16.793325204785752,-0.10554823948530156,28.485882121934363,24.39963654499292,28.604345799926506,24.025619531277812,0.17000000000000046
1.4048,57.00256540642233,48.97217227909249,57.239781378445954,48.22471583058133,0.24597728343095968,0.24447810522175945,-0.0014991782092002304,16.89917872416482,16.793255859118247,-0.10592286504657267,28.501282703211164,24.486086139546245,28.619890689222977,24.112357915290666,0.17000000000000046
1.4056,57.03363501989506,49.14500565431038,57.27114024472072,48.39812788795359,0.24598213479662054,0.24447768202432732,-0.0015044527722932188,16.899521551677175,16.79322596370922,-0.10629558796795635,28.51681750994753,24.57250282715519,28.63557012236036,24.199063943976796,0.17000000000000046
1.4064,57.06497233053562,49.31777399485179,57.30276745076768,48.571476025317516,0.24598751928348533,0.2444778190524062,-0.0015097002310791308,16.899902053280545,16.793235643612782,-0.10666640966776342,28.53248616526781,24.658886997425896,28.65138372538384,24.285738012658758,0.17000000000000046
1.4072,57.09657659370957,49.490478079319814,57.33466225782712,48.744761032713654,0.2459934386537929,0.2444785180504585,-0.0015149206033343854,16.900320353646162,16.793285022064588,-0.10703533158157441,28.548288296854786,24.745239039659907,28.66733112891356,24.372380516356827,0.17000000000000046
1.408,57.12844707382239,49.66311868573392,57.36682393621276,48.91798369960418,0.24599989464438918,0.24447978073729126,-0.0015201139070979142,16.900776575665425,16.793374220503395,-0.10740235516203,28.564223536911197,24.83155934286696,28.68341196810638,24.45899184980209,0.17000000000000046
1.4088,57.160583044243666,49.83569659155549,57.39925176523649,49.09114481489852,0.2460068889670204,0.24448160880635744,-0.0015252801606629451,16.901270840470783,16.79350335859253,-0.10776748187825191,28.580291522121833,24.917848295777745,28.699625882618246,24.54557240744926,0.17000000000000046
1.4096,57.19298378723208,50.00821257371302,57.43194503313403,49.26424516697925,0.24601442330862722,0.24448400392604552,-0.0015304193825816936,16.901803267456657,16.793672554240487,-0.10813071321616974,28.59649189361604,25.00410628685651,28.715972516567014,24.632122583489625,0.17000000000000046
1.4104,57.225648593861784,50.18066740862843,57.464903036991615,49.43728554372851,0.2460224993316408,0.24448696773998535,-0.0015355315916554535,16.902373974300495,16.793881923622674,-0.10849205067782108,28.612824296930892,25.090333704314215,28.732451518495807,24.718642771864253,0.17000000000000046
1.4112,57.25857676394927,50.35306187224233,57.49812508267378,49.61026673255373,0.24603111867426905,0.24449050186733604,-0.001540616806933015,16.902983076983112,16.794131581201913,-0.10885149578119879,28.629288381974636,25.176530936121164,28.74906254133689,24.805133366276866,0.17000000000000046
1.412,57.29176760598181,50.52539674004036,57.531610484752,49.7831895204144,0.24604028295079072,0.24449460790308294,-0.0015456750477077785,16.90363068980964,16.794421639749558,-0.10920905006008041,28.645883802990905,25.26269837002018,28.765805242376,24.8915947602072,0.17000000000000046
1.4128,57.32522043704643,50.69767278707915,57.56535856643449,49.95605469384822,0.24604999375184533,0.24449928741832896,-0.0015507063335163662,16.904316925430095,16.794752210366212,-0.10956471506388255,28.662610218523216,25.348836393539575,28.782679283217245,24.97802734692411,0.17000000000000046
1.4136,57.35893458276008,50.86989078801235,57.59936865949673,50.128863038997615,0.24606025264471476,0.24450454196058183,-0.0015557106841329327,16.90504189485946,16.795123402502156,-0.109918492357302,28.67946729138004,25.434945394006174,28.799684329748366,25.064431519498807,0.17000000000000046
1.4144,57.39290937720067,51.04205151711718,57.633640104213164,50.30161534163653,0.2460710611736142,0.24451037305404824,-0.001560688119565945,16.905805707498295,16.795535323978278,-0.11027038352001739,28.696454688600333,25.52102575855859,28.816820052106582,25.150807670818264,0.17000000000000046
1.4152,57.427144162839106,51.21415574832062,57.66817224928986,50.474312387196996,0.24608242085997534,0.24451678219991824,-0.0015656386600571004,16.906608471152932,16.795988081006282,-0.11062039014665004,28.713572081419553,25.60707787416031,28.83408612464493,25.237156193598498,0.17000000000000046
1.416,57.46163829047223,51.38620425522606,57.70296445179788,50.64695496079616,0.24609433320272844,0.2445237708766523,-0.0015705623260761359,16.907450292055493,16.7964817782091,-0.1109685138463945,28.730819145236115,25.69310212761303,28.85148222589894,25.32347748039808,0.17000000000000046
1.4168,57.49639111915679,51.558197811140026,57.73801607710785,50.819543847263226,0.24610679967858567,0.24453134054026496,-0.0015754591383207173,16.90833127488403,16.797016518641062,-0.11131475624296883,28.748195559578395,25.779098905570013,28.869008038553925,25.409771923631613,0.17000000000000046
1.4176,57.53140201614399,51.73013718909856,57.77332649882518,50.99207983116631,0.24611982174232228,0.24453949262461097,-0.0015803291177113044,16.909251522782505,16.797592403808224,-0.1116591189742806,28.765701008071996,25.86506859454928,28.88666324941259,25.496039915583154,0.17000000000000046
1.4184,57.566670356815514,51.90202316189467,57.80889509872643,51.16456369683996,0.24613340082705076,0.24454822854166436,-0.0015851722853864048,16.91021113738029,16.798209533688222,-0.11200160369206813,28.783335178407757,25.951011580947334,28.904447549363216,25.58228184841998,0.17000000000000046
1.4192,57.6021955246198,52.07385650210474,57.84472126669646,51.33699622841213,0.2461475383445058,0.244557549681802,-0.0015899886627038229,16.911210218812396,16.79886800675041,-0.11234221206198569,28.8010977623099,26.03692825105237,28.92236063334823,25.668498114206066,0.17000000000000046
1.42,57.63797691100971,52.245637982116,57.880804400666385,51.509378209831844,0.24616223568531603,0.24456745741407823,-0.0015947782712378011,16.91224886573878,16.799567919975377,-0.11268094576340104,28.818988455504854,26.122818991058,28.940402200333192,25.754689104915922,0.17000000000000046
1.4208,57.67401391538077,52.417368374153654,57.91714390655258,51.681710424896636,0.24617749421927948,0.24457795308650943,-0.0015995411327700548,16.913327175363918,16.80030936887517,-0.11301780648874882,28.837006957690384,26.208684187076827,28.95857195327629,25.840855212448318,0.17000000000000046
1.4216,57.710305945010404,52.589048450308034,57.95373919819635,51.85399365727994,0.24619331529564112,0.2445890380263449,-0.0016042772692962115,16.914445243456537,16.801092447512534,-0.11335279594400305,28.855152972505202,26.294524225154017,28.976869599098176,25.92699682863997,0.17000000000000046
1.4224,57.746852414997974,52.76067898256234,57.990589697304664,52.02622869055925,0.24620970024335928,0.24460071354034438,-0.001608986703014903,16.91560316436851,16.801917248520645,-0.11368591584786358,28.873426207498987,26.38033949128117,28.995294848652332,26.013114345279625,0.17000000000000046
1.4232,57.78365274820566,52.932260742819835,58.027694833391536,52.19841630824347,0.24622665037138225,0.2446129809150525,-0.001613669456329736,16.916801031054515,16.80278386312259,-0.11401716793192662,28.89182637410283,26.466130371409918,29.013847416695768,26.099208154121737,0.17000000000000046
1.424,57.82070637520018,53.10379450293186,58.06505404372035,52.37055729380128,0.24624416696891482,0.2446258414170692,-0.0016183255518456285,16.918038935090966,16.80369238115056,-0.11434655394040405,28.91035318760009,26.55189725146593,29.032527021860176,26.18527864690064,0.17000000000000046
1.4248,57.85801273419538,53.27528103472543,58.10266677324701,52.542652430689046,0.24626225130569113,0.24463929629332515,-0.0016229550123659786,16.91931696669539,16.804642891065463,-0.11467407562992804,28.92900636709769,26.637640517362716,29.051333386623504,26.271326215344523,0.17000000000000046
1.4256,57.89557127099549,53.44672111003104,58.14053247456381,52.7147025023788,0.24628090463223606,0.2446533467713466,-0.0016275578608894725,16.92063521474498,16.805635479975663,-0.11499973476931658,28.947785635497745,26.72336055501552,29.070266237281906,26.3573512511894,0.17000000000000046
1.4264,57.93338143893937,53.618115500710935,58.17865060784433,52.886708292386885,0.2463001281801362,0.24466799405952563,-0.0016321341206105566,16.921993766795843,16.80667023365623,-0.11532353313961252,28.966690719469685,26.809057750355468,29.089325303922166,26.443354146193442,0.17000000000000046
1.4272,57.9714426988454,53.78946497868695,58.21702064078872,53.05867058430196,0.2463199231623029,0.2446832393473904,-0.0016366838149124985,16.923392709101666,16.80774723656809,-0.1156454725335756,28.9857213494227,26.894732489343475,29.10851032039436,26.52933529215098,0.17000000000000046
1.428,58.00975451895728,53.960770315969036,58.2556420485703,53.230590161813794,0.24634029077323466,0.2446990838058672,-0.00164120696736747,16.924832126632342,16.808866571876653,-0.11596555475568948,29.00487725947864,26.980385157984518,29.12782102428515,26.615295080906897,0.17000000000000046
1.4288,58.04831637489051,54.132032284683426,58.294514313782486,53.40246780874183,0.2463612321892843,0.24471552858754814,-0.0016457036017361593,16.92631210309296,16.8100283214708,-0.1162837816221618,29.024158187445256,27.066016142341713,29.147257156891243,26.701233904370916,0.17000000000000046
1.4296,58.08712774957963,54.303251657101114,58.333636926386745,53.57430430906373,0.2463827485689134,0.24473257482695326,-0.001650173741960137,16.927832720941826,16.81123256598149,-0.11660015496033438,29.043563874789815,27.151625828550557,29.166818463193373,26.787152154531864,0.17000000000000046
1.4304,58.126188133226364,54.4744292056666,58.37300938366116,53.74610044694447,0.2464048410529561,0.2447502236407918,-0.0016546174121642998,16.92939406140921,16.812479384800334,-0.11691467660887511,29.063094066613182,27.2372146028333,29.18650469183058,26.873050223472234,0.17000000000000046
1.4312,58.165497023248236,54.645565703026406,58.412631190149966,53.91785700676504,0.24642751076487948,0.24476847612822533,-0.0016590346366541497,16.93099620451583,16.813768856098218,-0.11722734841761095,29.082748511624118,27.322782851513203,29.206315595074983,26.95892850338252,0.17000000000000046
1.432,58.20505392422832,54.81666192205809,58.452501857613505,54.08957477315174,0.24645075881103595,0.24478733337112726,-0.001663425439908689,16.93263922909074,16.815101056843766,-0.11753817224697372,29.10252696211416,27.408330961029044,29.226250928806753,27.04478738657587,0.17000000000000046
1.4328,58.24485834786537,54.98771863589913,58.49262090497921,54.26125453100535,0.24647458628092545,0.24480679643433967,-0.0016677898465857766,16.934323212789955,16.816476062821536,-0.11784714996841927,29.122429173932684,27.493859317949564,29.246310452489606,27.130627265502675,0.17000000000000046
1.4336,58.2849098129248,55.15873661797586,58.53298785829322,54.43289706553017,0.24649899424744492,0.244826866365931,-0.001672127881513913,16.936048232114153,16.817893948650322,-0.11815428346383072,29.1424549064624,27.57936830898793,29.26649392914661,27.216448532765085,0.17000000000000046
1.4344,58.325207845190505,55.329716642033034,58.57360225067268,54.60450316226384,0.24652398376714635,0.24484754419745386,-0.0016764395696924894,16.937814362426952,16.81935478780143,-0.11845957462552192,29.162603922595252,27.664858321016517,29.28680112533634,27.30225158113192,0.17000000000000046
1.4352,58.36575197741712,55.500659482162646,58.61446362225869,54.776073607106454,0.24654955588048866,0.24486883094419817,-0.0016807249362904841,16.939621677972834,16.820858652616653,-0.11876302535618066,29.18287598870856,27.750329741081323,29.307231811129345,27.388036803553227,0.17000000000000046
1.436,58.40654174928341,55.671565912833834,58.65557152017022,54.94760918635064,0.2465757116120878,0.24489072760544456,-0.001684984006643242,16.941470251894827,16.822405614326236,-0.11906463756859154,29.203270874641706,27.835782956416917,29.32778576008511,27.47380459317532,0.17000000000000046
1.4368,58.447576707345796,55.842436708922264,58.696925498458434,55.11911068671109,0.2466024519709678,0.2449132351647202,-0.0016892168062476176,16.943360156252364,16.823995743067027,-0.11936441318533753,29.223788353672898,27.921218354461132,29.348462749229217,27.559555343355544,0.17000000000000046
1.4376,58.48885640499307,56.013272645739605,58.73852511806191,55.290578895354386,0.2466297779508135,0.2449363545900441,-0.0016934233607694138,16.945291462039172,16.825629107899868,-0.11966235413930448,29.244428202496536,28.006636322869802,29.369262559030954,27.645289447677193,0.17000000000000046
1.4384,58.53038040240154,56.18407449906387,58.780369946762335,55.4620145999294,0.2466576905302126,0.24496008683418302,-0.001697603696029587,16.947264239200464,16.827305776827753,-0.11995846237271124,29.26519020120077,28.092037249531934,29.390184973381167,27.7310072999647,0.17000000000000046
1.4392,58.572148266490785,56.354843045168764,58.82245955914113,55.633418588596896,0.2466861906729084,0.24498443283489937,-0.0017017578380090215,16.94927855665085,16.82902581681342,-0.12025273983742935,29.286074133245393,28.177421522584382,29.411229779570565,27.816709294298448,0.17000000000000046
1.44,58.614159570880446,56.525579060854234,58.86479353653657,55.80479165006035,0.246715279328042,0.24500939351519466,-0.0017058858128473353,16.951334482291518,16.830789293796578,-0.12054518849494045,29.307079785440223,28.262789530427117,29.432396768268283,27.902395825030176,0.17000000000000046
1.4408,58.65641389584717,56.69628332347655,58.907371467001724,55.976134573596106,0.24674495743039937,0.24503496978356268,-0.0017099876468366915,16.953432083027764,16.832596272711903,-0.12083581031586021,29.328206947923587,28.348141661738275,29.453685733500862,27.988067286798053,0.17000000000000046
1.4416,58.69891082828263,56.866956610978455,58.950192945262714,56.14744814908371,0.24677522590065387,0.24506116253422855,-0.0017140633664253224,16.95557142478616,16.834446817505963,-0.1211246072801977,29.349455414141314,28.433478305489228,29.475096472631357,28.073724074541854,0.17000000000000046
1.4424,58.74164996165187,57.03759970191991,58.993257572678075,56.31873316703698,0.24680608564561135,0.2450879726474002,-0.0017181129982111465,16.95775257253198,16.83634099115504,-0.12141158137693964,29.370824980825937,28.518799850959955,29.496628786339038,28.15936658351849,0.17000000000000046
1.4432,58.784630895952674,57.208213375508464,59.036564957198465,56.489990418634406,0.24683753755844634,0.24511540098950635,-0.0017221365689399915,16.959975590285893,16.83827885568203,-0.12169673460386221,29.392315447976337,28.604106687754232,29.518282478599232,28.244995209317203,0.17000000000000046
1.444,58.82785323767507,57.37879841163027,59.08011471332713,56.6612206957504,0.24686958251895091,0.2451434484134399,-0.0017261341055110069,16.962240541141643,16.84026047217368,-0.12198006896796443,29.413926618837536,28.689399205815135,29.540057356663564,28.3306103478752,0.17000000000000046
1.4448,58.87131659976202,57.549355590880765,59.123906462080896,56.832424790986146,0.2469022213937662,0.24517211575880066,-0.0017301056349655342,16.964547487282463,16.842285900797773,-0.1222615864846901,29.43565829988101,28.774677795440383,29.561953231040448,28.416212395493073,0.17000000000000046
1.4456,58.915020601570184,57.71988569459566,59.16793983095192,57.00360349770077,0.24693545503662506,0.245201403852134,-0.0017340511844910755,16.966896489998256,16.844355200820093,-0.12254128917816232,29.457510300785092,28.85994284729783,29.58396991547596,28.501801748850387,0.17000000000000046
1.4464,58.958964868831735,57.89038950488234,59.212214453870054,57.17475761004283,0.24696928428859005,0.2452313135071717,-0.001737970781418352,16.96928760970247,16.846468430621464,-0.12281917908100581,29.479482434415868,28.94519475244117,29.606107226935027,28.587378805021416,0.17000000000000046
1.4472,59.00314903361657,58.06086780465092,59.256729971165505,57.3458879229816,0.2470037099782876,0.24526184552506847,-0.0017418644532191385,16.97172090594872,16.8486256477145,-0.12309525823422263,29.501574516808287,29.03043390232546,29.628364985582753,28.6729439614908,0.17000000000000046
1.448,59.04757273429513,58.2313213776458,59.30148602953277,57.5169952323388,0.2470387329221463,0.24529300069463758,-0.0017457322275087062,16.974196437447656,16.850826908760347,-0.12336952868730933,29.523786367147565,29.1156606888229,29.650743014766384,28.7584976161694,0.17000000000000046
1.4488,59.09223561550198,58.40175100847735,59.34648228199446,57.68808033482035,0.2470743539246266,0.24532477979259132,-0.0017495741320352753,16.976714262083238,16.85307226958568,-0.12364199249755714,29.54611780775099,29.200875504238674,29.67324114099723,28.844040167410174,0.17000000000000046
1.4496,59.13713732809966,58.57215748265337,59.39171838786609,57.85914402804802,0.2471105737784588,0.24535718358376976,-0.0017533901946890362,16.979274436929636,16.855361785198948,-0.12391265173068788,29.56856866404983,29.286078741326683,29.695859193933046,28.92957201402401,0.17000000000000046
1.4504,59.18227752914354,58.74254158661142,59.4371940127216,58.03018711059188,0.24714739326487578,0.24539021282138046,-0.0017571804434953209,16.98187701826769,16.85769550980734,-0.12418150846034948,29.59113876457177,29.37127079330571,29.7185970063608,29.01509355529594,0.17000000000000046
1.4512,59.22765588184689,58.91290410775031,59.482908828358916,58.201210382001946,0.24718481315384094,0.24542386824722792,-0.0017609449066130212,16.984522061601083,16.860073496833035,-0.12444856476804844,29.613827940923446,29.456452053875154,29.741454414179458,29.100605191000973,0.17000000000000046
1.452,59.27327205554675,59.083245834462836,59.52886251276681,58.372214642841065,0.2472228342042808,0.2454581505919476,-0.001764683612333201,16.98720962167283,16.86249579892982,-0.1247138227430078,29.636636027773374,29.541622917231418,29.764431256383403,29.186107321420533,0.17000000000000046
1.4528,59.319125725670325,59.25356755616778,59.57505475009173,58.54320069471701,0.2472614571643159,0.2454930605752334,-0.0017683965890825104,16.989939752481614,16.86496246799917,-0.12497728448244416,29.659562862835163,29.62678377808389,29.787527375045865,29.271600347358504,0.17000000000000046
1.4536,59.36521657370184,59.423870063342385,59.62148523060555,58.71416934031506,0.2473006827714861,0.2455285989060721,-0.001772083865413998,16.992712507297785,16.867473555206878,-0.12523895209090696,29.68260828685092,29.711935031671192,29.810742615302775,29.35708467015753,0.17000000000000046
1.4544,59.41154428715014,59.59415414755541,59.66815365067372,58.885121383431205,0.24734051175298127,0.24556476628297053,-0.0017757454700107478,16.995527938679693,16.87002911099914,-0.12549882768055198,29.70577214357507,29.797077073777704,29.83407682533686,29.442560691715602,0.17000000000000046
1.4552,59.45810855951665,59.76442060149932,59.71505971272409,59.05605762900454,0.24738094482586864,0.24560156339418107,-0.0017793814316875711,16.998386098489796,16.872629185118537,-0.1257569133712586,29.729054279758326,29.88221030074966,29.857529856362046,29.52802881450227,0.17000000000000046
1.456,59.50490909026409,59.93467021902391,59.76220312521623,59.22697888315078,0.24742198269731633,0.2456389909179334,-0.0017829917793829309,17.001287037910494,16.87527382662044,-0.12601321129005427,29.752454545132046,29.967335109511954,29.881101562608116,29.61348944157539,0.17000000000000046
1.4568,59.55194558478556,60.10490379516911,59.809583602611255,59.397885953195335,0.24746362606482036,0.2456770495226571,-0.0017865765421632707,17.004230807460235,16.877963083888798,-0.12626772357143778,29.77597279239278,30.052451897584554,29.904791801305628,29.698942976597667,0.17000000000000046
1.4576,59.59921775437423,60.27512212619817,59.85720086534232,59.5687796477066,0.24750587561642665,0.2457157398672091,-0.0017901357492175474,17.007217457009222,16.880697004652234,-0.1265204523569885,29.799608877187115,30.137561063099085,29.92860043267116,29.7843898238533,0.17000000000000046
1.4584,59.64672531619368,60.44532600963149,59.9050546397856,59.739660776529846,0.24754873203095798,0.24575506260109806,-0.0017936694298599232,17.010247035795516,16.883475635999954,-0.12677139979556173,29.82336265809684,30.222663004815747,29.9525273198928,29.869830388264923,0.17000000000000046
1.4592,59.69446799324854,60.61551624427996,59.953144658231665,59.91053015082057,0.24759219597823223,0.24579501836470624,-0.001797177613525991,17.01331959244048,16.886299024397445,-0.12702056804303652,29.84723399662427,30.30775812213998,29.976572329115832,29.955265075410285,0.17000000000000046
1.46,59.74244551435588,60.785693630278956,60.00147065885775,60.08138858307881,0.24763626811928782,0.2458356077895132,-0.0018006603297746337,17.016435174964762,16.889167215702333,-0.1272679592624293,29.87122275717794,30.392846815139478,30.000735329428874,30.040694291539406,0.17000000000000046
1.4608,59.79065761411704,60.95585896912238,60.05003238570018,60.25223688718295,0.24768094910660346,0.2458768314983165,-0.0018041176082869703,17.01959383080387,16.89208025518002,-0.12751357562385124,29.89532880705852,30.47792948456119,30.02501619285009,30.126118443591476,0.17000000000000046
1.4616,59.83910403288993,61.12601306369653,60.09882958862741,60.42307587842397,0.24772623958431547,0.24591869010545744,-0.0018075494788580282,17.022795606823557,16.895038187519646,-0.1277574193039115,29.919552016444964,30.563006531848266,30.049414794313705,30.211537939211986,0.17000000000000046
1.4624,59.88778451676191,61.29615671831481,60.14786202331387,60.59390637354007,0.2477721401884414,0.24596118421703267,-0.0018109559714087342,17.026040549335676,16.898041056849113,-0.12799949248656262,29.943892258380956,30.648078359157406,30.073931011656935,30.296953186770036,0.17000000000000046
1.4632,59.93669881752317,61.466290738752,60.197129451213904,60.764729190750955,0.24781865154709626,0.24600431443112245,-0.001814337115973813,17.029328704113496,16.901088906751237,-0.12823979736225866,29.968349408761586,30.733145369376,30.098564725606952,30.382364595375478,0.17000000000000046
1.464,59.98584669264065,61.63641593227907,60.24663163953651,60.935545149793,0.24786577428070788,0.24604808133800254,-0.00181769294270534,17.03266011640696,16.904181780278748,-0.1284783361282109,29.992923346320325,30.818207966139536,30.123315819768255,30.4677725748965,0.17000000000000046
1.4648,60.0352279052324,61.80653310769825,60.29636836122052,61.106355071953956,0.24791350900223963,0.24609248552036417,-0.0018210234818754611,17.036034830958467,16.907319719969877,-0.12871511098859045,30.0176139526162,30.903266553849125,30.14818418061026,30.553177535976978,0.17000000000000046
1.4656,60.08484222404243,61.976643075377645,60.34633939491021,61.27715978010803,0.24796185631739948,0.24613752755353302,-0.0018243287638664563,17.03945289201769,16.910502767863868,-0.12895012415382112,30.042421112021216,30.988321537688822,30.173169697455105,30.638579890054014,0.17000000000000046
1.4664,60.13468942341619,62.14674664728715,60.39654452493162,61.44796009875159,0.24801081682486165,0.24618320800568136,-0.0018276088191802875,17.042914343357268,16.913730965516002,-0.1291833778412652,30.067344711708095,31.073373323643576,30.19827226246581,30.723980049375793,0.17000000000000046
1.4672,60.18476928327639,62.31684463703325,60.446983541269006,61.618756854038146,0.24806039111647663,0.24622952743804588,-0.0018308636784307442,17.046419228287697,16.91700435401302,-0.12941487427467635,30.092384641638194,31.158422318516624,30.223491770634503,30.809378427019073,0.17000000000000046
1.468,60.23508158909938,62.48693785989525,60.49765623954218,61.78955087381453,0.24811057977748932,0.24627648640514255,-0.0018340933723467734,17.049967589672775,16.920322973988352,-0.12964461568442331,30.11754079454969,31.243468929947625,30.24882811977109,30.894775436907263,0.17000000000000046
1.4688,60.285626131892016,62.65702713286092,60.548562420984204,61.96034298765664,0.24816138338674787,0.24632408545497822,-0.0018372979317696492,17.053559469944425,16.923686865637098,-0.1298726043073266,30.142813065946008,31.32851356643046,30.274281210492102,30.98017149382832,0.17000000000000046
1.4696,60.33640270816898,62.82711327466235,60.59970189241942,62.13113402690538,0.24821280251691838,0.2463723251292672,-0.0018404773876511682,17.057194911117875,16.92709606873136,-0.13009884238651637,30.16820135408449,31.413556637331176,30.29985094620971,31.06556701345269,0.17000000000000046
1.4704,60.38741111993069,62.99719710581268,60.65107446624207,62.30192482470326,0.24826483773469926,0.24642120596363934,-0.0018436317710599226,17.06087395480687,16.930550622634986,-0.13032333217188352,30.193705559965345,31.49859855290634,30.325537233121036,31.15096241235163,0.17000000000000046
1.4712,60.43865117464142,63.16727944864215,60.70267996039565,62.472716216030605,0.24831748960102557,0.2464707284878563,-0.001846761113169254,17.064596642238143,16.93405056631891,-0.13054607591923428,30.21932558732071,31.583639724321074,30.351339980197825,31.236358108015303,0.17000000000000046
1.472,60.49012268520831,63.337361127335015,60.754518198352265,62.64350903774251,0.24837075867128647,0.24652089322601725,-0.0018498654452692165,17.06836301426683,16.93759593837568,-0.1307670758911499,30.245061342604156,31.668680563667507,30.377259099176133,31.321754518871256,0.17000000000000046
1.4728,60.54182546996034,63.507442967966384,60.8065890090928,62.81430412860557,0.24842464549553306,0.24657170069677406,-0.0018529447987589986,17.072173111391187,16.941186777034737,-0.13098633435645013,30.27091273498017,31.753721483983192,30.4032945045464,31.407152064302785,0.17000000000000046
1.4736,60.59375935262831,63.67752579853947,60.85889222708753,62.98510232933518,0.24847915061868395,0.24662315141353972,-0.001855999205144232,17.07602697376717,16.944823120177162,-0.13120385359000863,30.296879676314155,31.838762899269735,30.429446113543765,31.49255116466759,0.17000000000000046
1.4744,60.64592416232478,63.8476104490226,60.91142769227702,63.15590448263263,0.24853427458073937,0.24667524588469447,-0.001859028696044901,17.07992464122361,16.948505005350285,-0.13141963587332484,30.32296208116239,31.9238052245113,30.45571384613851,31.577952241316314,0.17000000000000046
1.4752,60.69831973352481,64.01769775138705,60.96419525005379,63.32671143322284,0.24859001791698518,0.2467279846137977,-0.001862033303187488,17.083866153276645,16.95223246978268,-0.1316336834939662,30.349159866762406,32.00884887569352,30.482097625026896,31.66335571661142,0.17000000000000046
1.476,60.750945906047086,64.18778853964471,61.017194751244084,63.49752402789216,0.24864638115820226,0.24678136809979348,-0.0018650130584087765,17.087851549144602,16.95600555039874,-0.1318459987458631,30.375472953023543,32.09389426982236,30.508597375622042,31.74876201394608,0.17000000000000046
1.4768,60.80380252503535,64.35788364988619,61.070426052090404,63.66834311552622,0.24870336483087307,0.2468353968372194,-0.0018679679936536853,17.091880867762608,16.959824283833473,-0.13205658392913477,30.401901262517676,32.178941824943095,30.535213026045202,31.83417155776311,0.17000000000000046
1.4776,60.85688944094055,64.52798392031903,61.123889014234464,63.83916954714838,0.24876096945738588,0.2468900713164103,-0.0018708981409755743,17.09595414779707,16.963688706446934,-0.1322654413501354,30.428444720470274,32.263991960159515,30.561944507117232,31.91958477357419,0.17000000000000046
1.4784,60.910206509503176,64.69809019130587,61.17758350470027,64.0100041759578,0.24881919555624385,0.24694539202370736,-0.0018738035325364943,17.100071427660502,16.96759885433902,-0.13247257332148266,30.455103254751588,32.34904509565293,30.588791752350136,32.0050020879789,0.17000000000000046
1.4792,60.963753591736086,64.86820330540357,61.231509395878184,64.18084785736839,0.2488780436422684,0.2470013594416615,-0.0018766842006069095,17.104232745525934,16.971554763363915,-0.13267798216201854,30.481876795868043,32.434101652701784,30.615754697939092,32.090423928684196,0.17000000000000046
1.48,61.017530553908124,65.03832410740199,61.28566656550909,64.35170144904775,0.2489375142268027,0.24705797404923807,-0.0018795401775646148,17.108438139341352,16.975556469144564,-0.1328816701967881,30.508765276954062,32.519162053700995,30.642833282754545,32.175850724523876,0.17000000000000046
1.4808,61.071537267527624,65.20845344436317,61.34005489666895,64.52256581095622,0.24899760781791874,0.2471152363220221,-0.0018823714958966509,17.112687646844364,16.979604007087225,-0.13308363975713888,30.535768633763812,32.604226722181586,30.670027448334476,32.26128290547811,0.17000000000000046
1.4816,61.125773609326764,65.37859216566075,61.39467427775422,64.69344180538633,0.24905832492061644,0.24717314673242094,-0.001885178188195502,17.116981305576303,16.98369741239584,-0.13328389318046163,30.562886804663382,32.689296082830374,30.69733713887711,32.346720902693164,0.17000000000000046
1.4824,61.18023946124622,65.5487411230196,61.44952460246713,64.86433029700214,0.24911966603703126,0.2472317057498688,-0.0018879602871624546,17.121319152896987,16.987836720086516,-0.1334824328104709,30.59011973062311,32.7743705615098,30.724762301233564,32.43216514850107,0.17000000000000046
1.4832,61.23493471042015,65.71890117055588,61.50460576980201,65.03523215287976,0.24918163166663618,0.24729091384102564,-0.0018907178256105384,17.125701225999006,16.992021965001626,-0.13367926099737915,30.617467355210074,32.85945058527794,30.752302884901006,32.51761607643988,0.17000000000000046
1.484,61.289859249161964,65.8890731648171,61.5599176840315,65.20614824254669,0.24924422230644114,0.24735077146998613,-0.0018934508364550073,17.13012756192188,16.99625318182462,-0.13387438009726083,30.644929624580982,32.94453658240855,30.77995884201575,32.603074121273345,0.17000000000000046
1.4848,61.34501297495009,66.05925796482275,61.61546025469367,65.37707943802288,0.2493074384511958,0.24741127909847327,-0.0018961593527225262,17.134598197566437,17.000530405093745,-0.13406779247269185,30.672506487475044,33.029628982411374,30.807730127346836,32.68853971901144,0.17000000000000046
1.4856,61.400395790414365,66.2294564321048,61.67123339657934,65.54802661386098,0.24937128059359187,0.24747243718604633,-0.0018988434075455363,17.13911316970915,17.004853669216786,-0.1342595004923659,30.700197895207182,33.1147282160524,30.83561669828967,32.77401330693049,0.17000000000000046
1.4864,61.45600760332299,66.39966943074874,61.7272370297197,65.71899064718734,0.2494357492244656,0.24753424619029712,-0.0019015030341684724,17.143672515016522,17.009223008484977,-0.13444950653154564,30.728003801661494,33.19983471537437,30.86361851485985,32.85949532359367,0.17000000000000046
1.4872,61.51184832656965,66.56989782743503,61.783471079374806,65.8899724177433,0.24950084483299195,0.24759670656705243,-0.00190413826593952,17.148276270058844,17.01363845708736,-0.13463781297148358,30.755924163284824,33.284948913717514,30.891735539687403,32.94498620887165,0.17000000000000046
1.488,61.567917878161204,66.74014249148019,61.839935476021964,66.06097280792626,0.2495665679068937,0.24765981877057308,-0.0019067491363206068,17.152924471325015,17.01810004912489,-0.13482442220012558,30.783958939080602,33.37007124574009,30.919967738010982,33.03048640396313,0.17000000000000046
1.4888,61.62421618120583,66.91040429487904,61.896630155345036,66.23199270283195,0.24963291893263156,0.2477235832537518,-0.00190933567887977,17.157617155236068,17.02260781862447,-0.1350093366115992,30.812108090602916,33.45520214743952,30.948315077672518,33.11599635141597,0.17000000000000046
1.4896,61.68074316390155,67.08068411234669,61.95355505822378,66.40303299029594,0.24969989839561246,0.24778800046831753,-0.001911897927294931,17.162354358159906,17.027161799553433,-0.13519255860647306,30.840371581950777,33.540342056173344,30.97677752911189,33.20151649514797,0.17000000000000046
1.4904,61.737498759525,67.25098282136052,62.01071013072397,66.57409456093596,0.24976750678037982,0.2478530708650281,-0.0019144359153517032,17.167136116424835,17.031762025833206,-0.13537409059162897,30.8687493797625,33.62549141068026,31.005355065361986,33.28704728046798,0.17000000000000046
1.4912,61.794482906420974,67.42130130220353,62.06809532408758,66.74517830819475,0.24983574457082153,0.24791879489386978,-0.0019169496769517458,17.17196246633431,17.03640853135347,-0.135553934980841,30.897241453210487,33.710650651101766,31.03404766204379,33.372589154097376,0.17000000000000046
1.492,61.85169554799198,67.59164043800646,62.12571059472371,66.91628512838247,0.24990461225035943,0.24798517300425887,-0.0019194392461005516,17.176833444180374,17.041101349986455,-0.1357320941939193,30.92584777399599,33.79582021900323,31.062855297361853,33.458142564191235,0.17000000000000046
1.4928,61.90913663268862,67.76200111479183,62.18355590419973,67.08741592072013,0.24997411030215272,0.2480522056452342,-0.0019219046569185216,17.18174908625811,17.04584051560059,-0.13590857065752004,30.95456831634431,33.881000557395915,31.091777952099864,33.54370796036007,0.17000000000000046
1.4936,61.966806114000114,67.93238422151698,62.24163121923301,67.25857158738297,0.25004423920929464,0.24811989326565775,-0.0019243459436368848,17.186709428879595,17.05062606207474,-0.13608336680485422,30.983403057000057,33.96619211075849,31.120815609616503,33.62928579369149,0.17000000000000046
1.4944,62.024703950445144,68.10279065011798,62.299936511682816,67.42975303354389,0.25011499945500854,0.2481882363144105,-0.0019267631405980312,17.19171450838782,17.055458023312106,-0.13625648507571242,31.012351975222572,34.05139532505899,31.149968255841408,33.714876516771945,0.17000000000000046
1.4952,62.082830105563445,68.27322129555405,62.35847175854293,67.60096116741784,0.25018639152284716,0.24825723524058874,-0.0019291562822584263,17.196764361170832,17.060336433254136,-0.13642792791669578,31.041415052781723,34.136610647777026,31.179235879271467,33.80048058370892,0.17000000000000046
1.496,62.14118454790753,68.4436770558517,62.41723694193451,67.77219690030583,0.25025841589688713,0.2483268904937008,-0.001931525403186335,17.201859023675564,17.065261325894507,-0.13659769778105613,31.070592273953764,34.22183852792585,31.208618470967256,33.886098450152915,0.17000000000000046
1.4968,62.19976725103493,68.61415883214973,62.476232049099416,67.9434611466398,0.2503310730619288,0.24839720252386394,-0.0019338705380648746,17.20699853242201,17.070232735293093,-0.13676579712891623,31.099883625517464,34.30707941607486,31.238116024549708,33.9717305733199,0.17000000000000046
1.4976,62.25857819350089,68.78466752874441,62.53545707239384,68.11475482402749,0.25040436350368905,0.24846817178199582,-0.0019361917216932367,17.21218292401691,17.075250695589542,-0.1369322284273693,31.129289096750444,34.392333764372204,31.26772853619692,34.05737741201374,0.17000000000000046
1.4984,62.317617358851145,68.95520405313455,62.5949120092826,68.28607885329751,0.25047828770899927,0.2485397987200167,-0.0019384889889825785,17.217412235167846,17.08031524101765,-0.13709699415019472,31.158808679425572,34.477602026567276,31.2974560046413,34.143039426648755,0.17000000000000046
1.4992,62.376884735615775,69.12576931606772,62.654596862333584,68.45743415854528,0.25055284616600343,0.24861208379104102,-0.001940762374962407,17.22268650269727,17.08542640591895,-0.13726009677832351,31.188442367807887,34.56288465803386,31.327298431166792,34.22871707927264,0.17000000000000046
1.5,62.43638031730263,69.29636423158603,62.71451163921279,68.62882166717856,0.2506280393643507,0.24868502744957027,-0.0019430119147804126,17.22800576355624,17.0905842247564,-0.13742153879983832,31.218190158651314,34.64818211579301,31.357255819606394,34.31441083358928,0.17000000000000046
1.5008,62.49610410239184,69.46698971707275,62.774656352679656,68.80024230996405,0.25070386779539255,0.24875863015169183,-0.0019452376437007202,17.23337005483836,17.09578873212853,-0.13758132270983126,31.24805205119592,34.733494858536375,31.387328176339828,34.400121154982024,0.17000000000000046
1.5016,62.55605609433029,69.63764669329903,62.83503102058291,68.97169702107375,0.2507803319523799,0.24883289235527473,-0.0019474395971051939,17.238779413793857,17.101039962783304,-0.13773945101055318,31.278028047165144,34.818823346649516,31.417515510291455,34.485848510536876,0.17000000000000046
1.5024,62.61623630152678,69.80833608447105,62.89563566585679,69.14318673813189,0.25085743233065627,0.2489078145201572,-0.0019496178104990713,17.244233877843264,17.106337951631485,-0.1378959262117796,31.30811815076339,34.904168042235526,31.447817832928393,34.571593369065944,0.17000000000000046
1.5032,62.676644737347424,69.97905881827734,62.95647031651751,69.31471240226224,0.2509351694278534,0.248983397108349,-0.0019517723195043857,17.249733484591346,17.111682733760976,-0.1380507508303701,31.338322368673712,34.98952940913867,31.478235158258755,34.65735620113112,0.17000000000000046
1.504,62.737281420111415,70.14981582593703,63.0175350056605,69.48627495813588,0.2510135437440904,0.24905964058422148,-0.0019539031598689305,17.255278271841267,17.117074344450348,-0.13820392739091858,31.368640710055708,35.07490791296851,31.50876750283025,34.74313747906794,0.17000000000000046
1.5048,62.798146373087405,70.32060804224763,63.078829771457755,69.6578753540189,0.2510925557821607,0.24913654541470096,-0.001956010367459765,17.260868277607845,17.122512819182553,-0.1383554584252913,31.399073186543703,35.160304021123814,31.539414885728878,34.82893767700945,0.17000000000000046
1.5056,62.85923962449001,70.49143640563393,63.14035465715565,69.82951454182093,0.25117220604773804,0.2492141120694658,-0.001958093978272235,17.26650354013224,17.12799819365897,-0.13850534647326995,31.429619812245004,35.24571820281697,31.570177328577824,34.914757270910464,0.17000000000000046
1.5064,62.920561207476894,70.66230185819667,63.20210971107322,70.0011934771437,0.25125249504956126,0.24929234102114078,-0.00196015402842048,17.272184097895096,17.133530503813176,-0.13865359408191935,31.460280603738447,35.331150929098335,31.60105485553661,35.00059673857185,0.17000000000000046
1.5072,62.982111160146175,70.83320534576204,63.26409498660083,70.17291311933016,0.25133342329963826,0.24937123274548406,-0.0019621905541541973,17.277909989631013,17.13910978582427,-0.13880020380674196,31.491055580073088,35.41660267288102,31.632047493300416,35.08645655966508,0.17000000000000046
1.508,63.04388952553431,71.00414781793134,63.32631054219928,70.34467443151401,0.2514149913134328,0.2494507877215896,-0.001964203591843211,17.283681254341893,17.144736076131256,-0.138945178210637,31.521944762767156,35.50207390896567,31.66315527109964,35.172337215757004,0.17000000000000046
1.5088,63.10589635161428,71.17513022813117,63.38875644139927,70.51647838066945,0.25149719961006706,0.24953100643207796,-0.0019661931779891006,17.289497931311285,17.150409411446606,-0.13908851986467852,31.55294817580714,35.58756511406558,31.694378220699637,35.25823919033473,0.17000000000000046
1.5096,63.16813169129409,71.34615353366382,63.45143275280123,70.68832593766136,0.2515800487125127,0.24961188936328643,-0.001968159349226284,17.295360060118057,17.15612982876979,-0.13923023134826806,31.584065845647046,35.67307676683191,31.725716376400616,35.34416296883068,0.17000000000000046
1.5104,63.23059560241602,71.51721869575809,63.51433955007568,70.86021807729588,0.25166353914778494,0.24969343700546925,-0.0019701021423156884,17.30126768065015,17.161897365401508,-0.13937031524864096,31.61529780120801,35.758609347879045,31.75716977503784,35.43010903864794,0.17000000000000046
1.5112,63.293288147755746,71.68832667962069,63.577476911963956,71.03215577837129,0.25174767144714305,0.24977564985298392,-0.001972021594159129,17.307220833118894,17.167712058956962,-0.13950877416193208,31.646644073877873,35.84416333981034,31.788738455981978,35.516077889185645,0.17000000000000046
1.512,63.35620939502239,71.85947845448796,63.64084492227926,71.20414002372983,0.25183244614627787,0.24985852840449216,-0.001973917741785708,17.313219558072323,17.17357394738014,-0.13964561069218107,31.678104697511195,35.92973922724398,31.82042246113963,35.60207001186492,0.17000000000000046
1.5128,63.41935941685859,72.03067499367795,63.704443669908244,71.37617180030902,0.25191786378551584,0.24994207316314987,-0.0019757906223659694,17.319263896409744,17.179483068957342,-0.13978082745240172,31.709679708429295,36.015337496838974,31.852221834954122,35.68808590015451,0.17000000000000046
1.5136,63.48273829084109,72.20191727464295,63.76827324881292,71.54825209919404,0.25200392491000817,0.25002628463680165,-0.0019776402732065157,17.325353889395178,17.185439462331026,-0.13991442706415214,31.741369145420546,36.100958637321476,31.88413662440646,35.77412604959702,0.17000000000000046
1.5144,63.54634609948176,72.37320627902245,63.83233375803293,71.72038191567042,0.25209063006992777,0.2501111633381744,-0.0019794667317533654,17.33148957867141,17.191443166513587,-0.14004641215782243,31.77317304974088,36.18660313951123,31.916166879016465,35.86019095783521,0.17000000000000046
1.5152,63.610182930228866,72.54454299269638,63.896625301688424,71.89256224927685,0.25217797982066714,0.25019670978507164,-0.001981270035595506,17.33767100627408,17.1974942209012,-0.14017678537287992,31.805091465114433,36.27227149634819,31.948312650844212,35.946281124638425,0.17000000000000046
1.516,63.67424887546905,72.71592840583932,63.96114798898309,72.06479410385894,0.25226597472303375,0.2502829245005688,-0.0019830502224649216,17.343898214645602,17.203592665287736,-0.14030554935786554,31.837124437734523,36.35796420291966,31.980573994491547,36.03239705192947,0.17000000000000046
1.5168,63.73854403252935,72.88736351297442,64.02590193420787,72.237078487623,0.25235461534344206,0.25036980801320613,-0.001984807330235927,17.350171246648877,17.209738539878472,-0.14043270677040454,31.869272016264674,36.44368175648721,32.01295096710393,36.1185392438115,0.17000000000000046
1.5176,63.8030685036798,73.05884931302836,64.09088725674478,72.40941641319037,0.2524439022541174,0.25045736085718334,-0.0019865413969340495,17.35649014558178,17.215931885303995,-0.1405582602777855,31.9015342518399,36.52942465651418,32.04544362837239,36.204708206595186,0.17000000000000046
1.5184,63.867822396136305,73.23038680938619,64.15610408107132,72.58180889765205,0.2525338360332847,0.25054558357255613,-0.00198825246072859,17.362854955190684,17.222172742634182,-0.14068221255650215,31.933911198068152,36.615193404693095,32.07805204053566,36.290904448826026,0.17000000000000046
1.5192,63.932805822064154,73.40197700994746,64.22155253676546,72.75425696262424,0.25262441726537177,0.2506344767054276,-0.00198994055994417,17.36926571968488,17.228461153391855,-0.14080456629302418,31.966402911032077,36.70098850497373,32.11077626838273,36.37712848131212,0.17000000000000046
1.52,63.99801889858169,73.57362092718176,64.28723275851053,72.92676163430377,0.2527156465412007,0.2507240408081452,-0.0019916057330555126,17.37572248375029,17.23479715956681,-0.14092532418348114,31.999009449290845,36.78681046359088,32.14361637925526,36.46338081715189,0.17000000000000046
1.5208,64.06346174776448,73.74531957818584,64.3531448861012,73.09932394352447,0.2528075244581915,0.2508142764394974,-0.001993248018694105,17.382225292563977,17.241180803629856,-0.1410444889341207,32.03173087388224,36.87265978909292,32.1765724430506,36.549661971762234,0.17000000000000046
1.5216,64.12913449664981,73.91707398474037,64.41928906444922,73.27194492581366,0.25290005162055124,0.2509051841649074,-0.0019948674556438117,17.38877419180763,17.2476121285466,-0.14116206326103153,32.064567248324906,36.958536992370185,32.20964453222461,36.63597246290683,0.17000000000000046
1.5224,64.19503727724162,74.08888517336739,64.48566544358997,73.4446256214491,0.25299322863948104,0.2509967645566269,-0.0019964640828541436,17.395369227682355,17.25409117779129,-0.14127804989106352,32.09751863862081,37.044442586683694,32.24283272179498,36.72231281072455,0.17000000000000046
1.5232,64.26117022651606,74.26075417538868,64.55227417868942,73.61736707551695,0.2530870561333687,0.2510890181939372,-0.001998037939431485,17.402010446922414,17.260617995361173,-0.14139245156124147,32.13058511325803,37.13037708769434,32.27613708934471,36.808683537758476,0.17000000000000046
1.524,64.32753348642687,74.43268202698401,64.61911543005125,73.7901703379695,0.2531815347279883,0.25118194566334007,-0.001999589064648255,17.40869789680948,17.267192625790074,-0.1415052710194047,32.163766743213436,37.216341013492006,32.309557715025626,36.89508516898475,0.17000000000000046
1.5248,64.39412720391188,74.60466976925018,64.68618936312467,73.96303646368386,0.25327666505669943,0.25127554755876047,-0.0020011174979389645,17.415431625186855,17.273815114162907,-0.14161651102394757,32.19706360195594,37.30233488462509,32.343094681562334,36.98151823184193,0.17000000000000046
1.5256,64.46095153089934,74.77671844826095,64.7534961485125,74.13596651252114,0.25337244776064893,0.25136982448173517,-0.002002623278913762,17.42221168047391,17.280485506129114,-0.14172617434479662,32.23047576544967,37.388359224130475,32.37674807425625,37.06798325626057,0.17000000000000046
1.5264,64.52800662431487,74.94882911512651,64.8210359619796,74.30896154938566,0.25346888348896573,0.2514647770416202,-0.002004106447345555,17.429038111679983,17.287203847917468,-0.14183426376251518,32.264003312157435,37.47441455756326,32.4105179809898,37.15448077469283,0.17000000000000046
1.5272,64.59529264608898,75.12100282605468,64.88880898446206,74.4820226442855,0.25356597289896454,0.25156040585577827,-0.0020055670431862738,17.435910968418924,17.293970186349497,-0.14194078206942606,32.29764632304449,37.56050141302734,32.44440449223103,37.24101132214275,0.17000000000000046
1.528,64.66280976316465,75.29324064241156,64.95681540207624,74.65515087239265,0.2536637166563476,0.2516567115497863,-0.0020070051065613215,17.442830300923532,17.30078456885427,-0.1420457320692634,32.33140488158232,37.64662032120578,32.47840770103812,37.32757543619633,0.17000000000000046
1.5288,64.73055814750545,75.4655436307836,65.02505540612893,74.82834731410453,0.2537621154354029,0.25175369475762555,-0.002008420677777345,17.44979616005972,17.30764704348198,-0.1421491165777411,32.365279073752724,37.7327718153918,32.512527703064464,37.41417365705227,0.17000000000000046
1.5296,64.79853797610446,75.63791286303952,65.09352919312728,75.00161305510541,0.25386116991920565,0.2518513561218869,-0.002009813797318738,17.456808597340938,17.314557658918652,-0.1422509384222863,32.39926898805223,37.81895643151976,32.54676459656364,37.500806527552704,0.17000000000000046
1.5304,64.86674943099268,75.81034941639324,65.1622369647896,75.17494918642869,0.25396088079982304,0.2519496962939675,-0.0020111845058555233,17.463867664942782,17.32151646450015,-0.14235120044263283,32.43337471549634,37.90517470819662,32.5811184823948,37.587474593214345,0.17000000000000046
1.5312,64.93519269924899,75.98285437346723,65.23117892805637,75.34835680451971,0.2540612487785166,0.2520487159342688,-0.002012532844247794,17.470973415717495,17.328523510226372,-0.14244990549112302,32.46759634962449,37.99142718673362,32.61558946402818,37.674178402259855,0.17000000000000046
1.532,65.00386797300939,76.15542882235631,65.30035529510177,75.52183701129887,0.25416227456594365,0.25214841571240276,-0.002013858853540884,17.47812590320838,17.335578846775974,-0.14254705643240584,32.501933986504696,38.07771441117816,32.65017764755088,37.760918505649435,0.17000000000000046
1.5328,65.07277544947772,76.32807385669224,65.36976628334553,75.69539091422584,0.254263958882361,0.25224879630738556,-0.0020151625749754154,17.485325181664358,17.342682525520217,-0.1426426561441403,32.53638772473886,38.16403692834612,32.68488314167276,37.84769545711292,0.17000000000000046
1.5336,65.14191533093594,76.5007905757089,65.43941211546549,75.86901962636374,0.25436630245783143,0.25234985840784346,-0.0020164440499879643,17.49257130605479,17.34983459853773,-0.14273670751705936,32.57095766546797,38.25039528785445,32.71970605773274,37.93450981318187,0.17000000000000046
1.5344,65.21128782475515,76.67358008430756,65.50929301941012,76.04272426644418,0.25446930603242923,0.25245160271221373,-0.0020177033202155026,17.499864332084123,17.35703511862885,-0.142829213455272,32.60564391237757,38.33679004215378,32.75464650970506,38.02136213322209,0.17000000000000046
1.5352,65.28089314340725,76.84644349312369,65.57940922841203,76.21650595893313,0.25457297035644016,0.252554029928948,-0.0020189404274921774,17.5072043162063,17.36428413933019,-0.1429201768761068,32.64044657170363,38.42322174656184,32.789704614206016,38.10825297946656,0.17000000000000046
1.536,65.35073150447664,77.01938191859333,65.64976098100138,76.39036583409668,0.2546772961905778,0.2526571407767144,-0.002020155413863356,17.514591315640164,17.37158171492911,-0.1430096007110535,32.67536575223832,38.50969095929666,32.82488049050069,38.19518291704834,0.17000000000000046
1.5368,65.42080313067252,77.19239648302101,65.7203485210201,76.5643050280684,0.2547822843061789,0.25276093598459926,-0.00202134832157963,17.52202538838354,17.378927900478164,-0.1430974879053757,32.71040156533626,38.59619824151051,32.86017426051005,38.2821525140342,0.17000000000000046
1.5376,65.49110824984166,77.36548831464765,65.79117209763653,76.73832468291633,0.2548879354854232,0.2528654162923155,-0.002022519193107697,17.529506593228913,17.38632275181001,-0.14318384141890306,32.74555412492083,38.682744157323825,32.89558604881827,38.369162341458164,0.17000000000000046
1.5384,65.56164709498131,77.53865854771927,65.86223196536021,76.91242594671115,0.2549942505215306,0.25297058245040793,-0.002023668071122642,17.53703498977761,17.393766325552125,-0.14326866422548434,32.780823547490655,38.76932927385963,32.931115982680105,38.456212973355576,0.17000000000000046
1.5392,65.63241990425313,77.71190832255661,65.9335283840575,77.08660997359502,0.25510123021897874,0.2530764352204531,-0.0020247949985256475,17.54461063845538,17.401258679141137,-0.14335195931424494,32.81620995212656,38.855954161278305,32.96676419202875,38.54330498679751,0.17000000000000046
1.54,65.7034269209967,77.88523878562494,66.00506161896723,77.26087792385056,0.25520887539371045,0.25318297537527185,-0.002025900018438609,17.55223360052728,17.408799870838035,-0.14343372968924584,32.85171346049835,38.94261939281247,33.002530809483616,38.63043896192528,0.17000000000000046
1.5408,65.77466839374428,78.0586510896049,66.07683194071734,77.43523096397111,0.25531718687334204,0.2532902036991338,-0.002026983174208241,17.55990393811259,17.416389959742848,-0.143513978369743,32.88733419687214,39.02932554480245,33.03841597035867,38.717615481985554,0.17000000000000046
1.5416,65.84614457623546,78.23214639346403,66.14883962534142,77.60967026673123,0.2554261654973803,0.2533981209879669,-0.002028044509413407,17.567621714200413,17.42402900580965,-0.14359270839076288,32.92307228811773,39.11607319673202,33.07441981267071,38.804835133365614,0.17000000000000046
1.5424,65.91785572743241,78.40572586252846,66.22108495429595,77.78419701125777,0.2555358121174309,0.2535067280495644,-0.0020290840678665045,17.575386992664615,17.431717069861435,-0.14366992280318058,32.958927863716205,39.20286293126423,33.11054247714797,38.89209850562889,0.17000000000000046
1.5432,65.98980211153574,78.579390668556,66.29356821447811,77.95881238310223,0.255646127597411,0.25361602570379627,-0.002030101893614744,17.58319983827908,17.439454213605238,-0.14374562467384067,32.99490105576787,39.289695334278,33.14678410723906,38.979406191551114,0.17000000000000046
1.544,66.06198399800036,78.75314198980938,66.36628969824389,78.13351757431279,0.2557571128137689,0.25372601478281515,-0.0020310980309537485,17.59106031673349,17.447240499646966,-0.14381981708652347,33.03099199900018,39.37657099490469,33.183144849121945,39.066758787156395,0.17000000000000046
1.5448,66.13440166155227,78.92698101113055,66.43924970342658,78.30831378350815,0.25586876865569474,0.2538366961312766,-0.0020320725244181714,17.59896849464845,17.45507599150716,-0.14389250314128788,33.06720083077614,39.463490505565275,33.21962485171329,39.15415689175408,0.17000000000000046
1.5456,66.20705538220552,79.10090892401549,66.51244853335608,78.48320221595132,0.25598109602533764,0.25394807060654045,-0.0020330254187971852,17.606924439591086,17.462960753635485,-0.14396368595560105,33.10352769110276,39.55045446200774,33.25622426667804,39.24160110797566,0.17000000000000046
1.5464,66.27994544527964,79.27492692668977,66.58588649687822,78.6581840836243,0.25609409583802506,0.2540601390788909,-0.002033956759134148,17.614928220090803,17.470894851426504,-0.1440333686642994,33.13997272263982,39.637463463344886,33.29294324843911,39.32909204181215,0.17000000000000046
1.5472,66.35307214141737,79.44903622418488,66.65956390837482,78.83326060530337,0.2562077690224799,0.25417290243175067,-0.002034866590729212,17.62297990565488,17.478878351235082,-0.1441015544197981,33.176536070708686,39.72451811209244,33.32978195418741,39.41663030265168,0.17000000000000046
1.548,66.42643576660333,79.62323802841526,66.73348108778424,79.0084330066355,0.25632211652103704,0.25428636156189166,-0.002035754959145375,17.631079566784056,17.4869113203915,-0.14416824639255665,33.21321788330167,39.81161901420763,33.36674054389212,39.50421650331775,0.17000000000000046
1.5488,66.50003662218256,79.7975335582563,66.80763836062229,79.1837025202151,0.25643713928986744,0.25440051737965247,-0.002036621910214975,17.639227274988613,17.49499382721711,-0.1442334477715015,33.25001831109128,39.89876677912815,33.403819180311146,39.59185126010755,0.17000000000000046
1.5496,66.57387501487987,79.97192403962285,66.88203605800372,79.35907038566174,0.25655283829919934,0.2545153708091582,-0.002037467490041134,17.647423102804296,17.503125941040125,-0.14429716176417173,33.28693750743994,39.985962019811424,33.44101802900186,39.67953519283087,0.17000000000000046
1.5504,66.6479512568196,80.14641070554855,66.95667451666407,79.53453784969838,0.25666921453354,0.25463092278853355,-0.002038291745006471,17.655667123808282,17.51130773221091,-0.14435939159737288,33.3239756284098,40.07320535277427,33.47833725833203,39.76726892484919,0.17000000000000046
1.5512,66.72226566554552,80.32099479626595,67.03155407898198,79.71010616623064,0.2567862689918981,0.25474717427012744,-0.0020390947217706623,17.66395941263513,17.519539272118184,-0.14442014051694585,33.36113283277276,40.160497398132975,33.51577703949099,39.85505308311532,0.17000000000000046
1.552,66.79681856404174,80.49567755928749,67.10667509300237,79.88577659642651,0.25690400268800967,0.25486412622072613,-0.0020398764672835412,17.672300044993097,17.52782063320432,-0.144479411788776,33.39840928202087,40.24783877964374,33.55333754650118,39.942888298213255,0.17000000000000046
1.5528,66.87161028075373,80.67046024948739,67.18203791245945,80.06155040879747,0.2570224166505666,0.2549817796217825,-0.002040637028784098,17.68068909768055,17.536151888981845,-0.14453720869870423,33.435805140376864,40.335230124743696,33.591018956229725,40.030775204398736,0.17000000000000046
1.5536,66.9466411496098,80.84534412918411,67.257642896801,80.23742887927972,0.2571415119234409,0.25510013546963045,-0.002041376453810473,17.68912664860212,17.544533114048868,-0.14459353455325186,33.4733205748049,40.42267206459206,33.6288214484005,40.11871443963986,0.17000000000000046
1.5544,67.02191151004318,81.02033046822385,67.33349041121238,80.41341329131649,0.2572612895659127,0.2552191947757153,-0.002042094790197402,17.697612776785128,17.552964384105668,-0.1446483926794606,33.51095575502159,40.51016523411192,33.66674520560619,40.206706645658244,0.17000000000000046
1.5552,67.09742170701442,81.19542054406458,67.40958082664153,80.58950493594119,0.2573817506529056,0.2553389585668133,-0.00204279208609226,17.706147562396534,17.5614457759705,-0.14470178642603315,33.54871085350721,40.59771027203229,33.704790413320765,40.294752467970596,0.17000000000000046
1.556,67.17317209103453,81.37061564186138,67.48591451982442,80.76570511186145,0.2575028962752097,0.25545942788526005,-0.0020434683899496764,17.71473108675901,17.569977367596042,-0.1447537191629671,33.586586045517265,40.68530782093069,33.74295725991221,40.382852555930725,0.17000000000000046
1.5568,67.24916301818833,81.54591705455235,67.5624918733109,80.94201512554392,0.25762472753972343,0.255580603789177,-0.0020441237505464116,17.723363432368334,17.578559238085724,-0.14480419428261015,33.62458150909416,40.772958527276174,33.78124593665545,40.47100756277196,0.17000000000000046
1.5576,67.3253948501584,81.72132608294547,67.63931327549106,81.1184362912999,0.25774724556967893,0.25570248735270185,-0.002044758216977083,17.732044682909706,17.587191467710305,-0.14485321519940086,33.6626974250792,40.86066304147273,33.81965663774553,40.55921814564995,0.17000000000000046
1.5584,67.40186795424954,81.8968440358063,67.71637912062221,81.29496993137187,0.25787045150488447,0.25582507966621487,-0.0020453718386695963,17.740774923275154,17.595874137924202,-0.14490078535095208,33.70093397712477,40.94842201790315,33.858189560311104,40.64748496568593,0.17000000000000046
1.5592,67.47858270341364,82.07247222994653,67.79368980885614,81.47161737602086,0.2579943465019565,0.2559483818365733,-0.002045964665383204,17.749554239580323,17.604607331382383,-0.14494690819794087,33.73929135170682,41.03623611497326,33.89684490442807,40.73580868801043,0.17000000000000046
1.56,67.55553947627514,82.24821199031368,67.87124574626735,81.6483799636147,0.25811893173455897,0.25607239498733886,-0.002046536747220107,17.758382719181693,17.613391131956774,-0.14499158722491856,33.77776973813757,41.12410599515684,33.935622873133674,40.82418998180735,0.17000000000000046
1.5608,67.63273865715689,82.42406465008152,67.94904734488134,81.82525904071736,0.2582442083936459,0.2561971202590208,-0.002047088134625119,17.76726045069412,17.62222562475378,-0.14503482594033912,33.816369328578446,41.21203232504076,33.97452367244067,40.91262952035868,0.17000000000000046
1.5616,67.7101806361066,82.60003155074145,68.02709502270379,82.00225596217896,0.25837017768769976,0.25632255880929955,-0.0020476188784002147,17.776187524008016,17.631110896130448,-0.14507662787756814,33.8550903180533,41.300015775370724,34.013547511351895,41.00112798108948,0.17000000000000046
1.5624,67.78786580892374,82.77611404219499,68.1053892037499,82.17937209122681,0.25849684084297586,0.2564487118132744,-0.002048129029701473,17.785164030306998,17.640047033712293,-0.14511699659470523,33.89393290446187,41.388057021097495,34.05269460187495,41.089686045613405,0.17000000000000046
1.5632,67.865794577187,82.95231348284682,68.18393031807466,82.35660879955721,0.25862419910374657,0.2565755804636933,-0.00204861864005329,17.794190062085526,17.64903412640993,-0.14515593567559648,33.9328972885935,41.47615674142341,34.09196515903733,41.178304399778604,0.17000000000000046
1.564,67.94396734828204,83.1286312396993,68.26271880180342,82.5339674674286,0.2587522537325487,0.25670316597119913,-0.002049087761349544,17.803265713166752,17.658072264436825,-0.1451934487299269,33.97198367414102,41.56431561984965,34.13135940090171,41.2669837337143,0.17000000000000046
1.5648,68.02238453543032,83.30506868844789,68.34175509716314,82.71144948375533,0.2588810060104272,0.2568314695645662,-0.0020495364458609777,17.812391078720147,17.66716153932638,-0.14522953939376748,34.01119226771516,41.652534344223945,34.17087754858157,41.355724741877665,0.17000000000000046
1.5656,68.10104655771768,83.48162721357716,68.42103965251418,82.88905624620259,0.25901045723719124,0.256960492490946,-0.0020499647462452475,17.821566255279993,17.676302043949693,-0.14526421133029999,34.05052327885884,41.74081360678858,34.21051982625709,41.44452812310129,0.17000000000000046
1.5664,68.17995384012414,83.65830820845827,68.50057292238242,83.06678916128202,0.2591406087316602,0.2570902360161105,-0.002050372715549753,17.83079134076316,17.685493872533137,-0.14529746823002299,34.08997692006207,41.82915410422913,34.25028646119121,41.53339458064101,0.17000000000000046
1.5672,68.25910681355373,83.83511307544723,68.58035536749233,83.24464964444881,0.25927146183192007,0.2572207014246992,-0.002050760407220853,17.84006643448763,17.69473712067621,-0.14532931381141978,34.129553406776864,41.91755653772361,34.290177683746165,41.62232482222441,0.17000000000000046
1.568,68.33850591486511,84.01204322598439,68.6603874548003,83.4226391201994,0.25940301789557546,0.2573518900204678,-0.002051127875107639,17.84939163719074,17.70403188536947,-0.14535975182127103,34.169252957432555,42.00602161299219,34.33019372740015,41.7113195600997,0.17000000000000046
1.5688,68.41815158690278,84.18910008069487,68.74066965752871,83.6007590221704,0.2595352783000115,0.25748380312653524,-0.002051475173476258,17.858767051048122,17.713378265012484,-0.14538878603563887,34.20907579345139,42.094550040347436,34.370334828764356,41.8003795110852,0.17000000000000046
1.5696,68.49804427852865,84.3662850694901,68.82120245520055,83.77901079323867,0.2596682444426455,0.25761644208563783,-0.0020518023570076926,17.868192779691885,17.722776359432128,-0.14541642025975676,34.249022139264326,42.18314253474505,34.410601227600274,41.889505396619334,0.17000000000000046
1.5704,68.57818444465416,84.54359963167046,68.90198633367459,83.9573958856221,0.2598019177411944,0.25774980826038035,-0.002052109480814024,17.87766892822998,17.73222626990079,-0.14544265832919123,34.28909222232708,42.27179981583523,34.45099316683729,41.97869794281105,0.17000000000000046
1.5712,68.65857254627319,84.72104521602886,68.983021785181,84.13591576098172,0.25993629963393305,0.25788390303349307,-0.0020523966004399874,17.88719560326491,17.741728099154944,-0.14546750410996623,34.329286273136596,42.36052260801443,34.4915108925905,42.06795788049086,0.17000000000000046
1.572,68.73920905049525,84.89862328095572,69.06430930835795,84.31457189052493,0.26007139157995895,0.258018727808088,-0.002052663771870966,17.896772912912866,17.751281951413723,-0.1454909614991422,34.369604525247624,42.44931164047786,34.532154654178974,42.157285945262466,0.17000000000000046
1.5728,68.82009443057936,85.07633529454507,69.14584940828847,84.49336575510978,0.26020719505946244,0.25815428400791773,-0.0020529110515447035,17.90640096682329,17.76088793239764,-0.145513034425651,34.41004721528968,42.53816764727254,34.572924704144235,42.24668287755489,0.17000000000000046
1.5736,68.90122916596854,85.25418273470149,69.22764259653808,84.67229884535026,0.26034371157399233,0.2582905730776336,-0.002053138496358742,17.916079876198157,17.770546149347272,-0.14553372685088561,34.45061458298427,42.627091367350744,34.61382129826904,42.33614942267513,0.17000000000000046
1.5744,68.9826137423249,85.4321670892486,69.30968939119278,84.85137266172289,0.2604809426467282,0.2584275964830547,-0.0020533461636735306,17.92580975381164,17.78025671104276,-0.14555304276888137,34.49130687116245,42.7160835446243,34.65484469559639,42.425686330861446,0.17000000000000046
1.5752,69.06424865156495,85.6102898560383,69.39199031689817,85.03058871467428,0.26061888982275233,0.2585653557114268,-0.002053534111325528,17.93559071402985,17.79001972782256,-0.14557098620728937,34.532124325782476,42.80514492801915,34.69599515844909,42.51529435733714,0.17000000000000046
1.576,69.14613439189603,85.78855254306173,69.4745459048986,85.20994852472998,0.2607575546693248,0.2587038522716907,-0.0020537023976341384,17.945422872830765,17.79983531160288,-0.14558756122788452,34.57306719594801,42.89427627153086,34.7372729524493,42.60497426236499,0.17000000000000046
1.5768,69.22827146785302,85.96695666856108,69.5573566930774,85.38945362260466,0.2608969387761647,0.25884308769475295,-0.0020538510814117616,17.95530634782461,17.80970357589733,-0.14560277192727966,34.61413573392651,42.98347833428054,34.7786783465387,42.69472681130233,0.17000000000000046
1.5776,69.31066039033566,86.14550376114273,69.64042322599747,85.56910554931314,0.2610370437557233,0.25898306353375544,-0.002053980221967844,17.965241258273664,17.819624635836416,-0.14561662243724882,34.65533019516783,43.07275188057137,34.82021161299873,42.78455277465657,0.17000000000000046
1.5784,69.39330167664649,86.32419535989185,69.72374605494274,85.7489058562829,0.26117787124347447,0.25912378136434955,-0.0020540898791249207,17.975227725113342,17.829598608187457,-0.14562911692588543,34.696650838323244,43.16209767994592,34.86187302747137,42.87445292814145,0.17000000000000046
1.5792,69.47619585052945,86.50303301448763,69.80732573796008,85.92885610546764,0.2613194228981909,0.25926524278497126,-0.002054180113219617,17.98526587097219,17.839625611374533,-0.14564025959765559,34.738097925264725,43.251516507243814,34.90366286898004,42.96442805273382,0.17000000000000046
1.58,69.55934344220903,86.68201828532067,69.89116283990182,86.10895786946224,0.26146170040223776,0.25940744941711746,-0.0020542509851202984,17.995355820193225,17.84970576549852,-0.1456500546947055,34.77967172110451,43.34100914266033,34.94558141995091,43.05447893473112,0.17000000000000046
1.5808,69.64274498843015,86.86115274361117,69.97525793246939,86.28921273161902,0.2616047054618575,0.259550402905628,-0.0020543025562295147,18.0054976988546,17.859839192357555,-0.14565850649704615,34.821372494215076,43.430576371805586,34.987628966234695,43.14460636580951,0.17000000000000046
1.5816,69.72640103249836,87.04043797152845,70.05961159425694,86.46962228616512,0.26174843980746443,0.2596941049189678,-0.0020543348884966006,18.01569163479097,17.870026015467534,-0.14566561932343447,34.86320051624918,43.520218985764224,35.02980579712847,43.23481114308256,0.17000000000000046
1.5824,69.81031212432119,87.21987556231194,70.14422441079616,86.65018813832134,0.26189290519393926,0.25983855714951276,-0.0020543480444265017,18.02593775761488,17.880266360082825,-0.14567139753205538,34.90515606216059,43.60993778115597,35.07211220539808,43.32509406916067,0.17000000000000046
1.5832,69.89447882044949,87.39946712039347,70.22909697460157,86.83091190442208,0.26203810340092426,0.25998376131383216,-0.002054342087092098,18.036236198738212,17.890560353216813,-0.14567584552139934,34.947239410224746,43.699733560196734,35.11454848730079,43.41545595221104,0.17000000000000046
1.584,69.97890168412007,87.5792142615209,70.31422988521659,87.01179521203674,0.26218403623312636,0.2601297191529852,-0.0020543170801411437,18.0465870913942,17.900908123663424,-0.1456789677307775,34.98945084206004,43.78960713076045,35.157114942608295,43.50589760601837,0.17000000000000046
1.5848,70.06358128529853,87.7591186128834,70.39962374926029,87.19283970009286,0.2623307055206145,0.26027643243280707,-0.0020542730878074233,18.056990570659003,17.911309802017904,-0.1456807686410997,35.03179064264926,43.8795593064417,35.19981187463014,43.59641985004643,0.17000000000000046
1.5856,70.14851820072273,87.93918181323782,70.4852791804746,87.37404701899982,0.2624781131191319,0.26042390294420953,-0.002054210174922355,18.067446773474437,17.921765520698656,-0.14568125277578048,35.07425910036137,43.96959090661891,35.2426395902373,43.68702350949991,0.17000000000000046
1.5864,70.2337130139475,88.11940551303684,70.57119679977274,87.55541883077481,0.26262626091039587,0.2605721325034733,-0.002054128406922595,18.077955838669734,17.932275413968494,-0.14568042470123999,35.11685650697375,44.05970275651842,35.28559839988637,43.777709415387406,0.17000000000000046
1.5872,70.31916631538911,88.29979137455803,70.65737723528778,87.73695680916946,0.2627751508024176,0.26072112295254973,-0.0020540278498678566,18.088517906984805,17.942839617956597,-0.14567828902820779,35.159583157694556,44.14989568727901,35.32868861764389,43.86847840458473,0.17000000000000046
1.588,70.40487870237122,88.48034107203507,70.74382112242243,87.91866263979837,0.26292478472980735,0.26087087615936627,-0.0020539085704410764,18.099133121092432,17.953458270680652,-0.14567485041177974,35.20243935118561,44.24017053601754,35.371910561211216,43.959331319899185,0.17000000000000046
1.5888,70.49085077917114,88.66105629179015,70.83052910389931,88.10053802026914,0.26307516465409986,0.26102139401812924,-0.00205377063597062,18.10980162562192,17.96413151206896,-0.1456701135529599,35.24542538958557,44.33052814589507,35.415264551949655,44.05026901013457,0.17000000000000046
1.5896,70.57708315706677,88.84193873236782,70.91750182981197,88.2825846603136,0.26322629256406466,0.2611726784496325,-0.0020536141144321673,18.120523567181685,17.97485948398283,-0.14566408319885582,35.28854157853338,44.42096936618391,35.458750914905984,44.1412923301568,0.17000000000000046
1.5904,70.6635764543844,89.02299010467063,71.00473995767675,88.46480428192066,0.2633781704760382,0.2613247314015678,-0.0020534390744703646,18.13129909438341,17.985642330239173,-0.14565676414423834,35.3317882271922,44.51149505233531,35.502369978838374,44.23240214096033,0.17000000000000046
1.5912,70.75033129654705,89.20421213209592,71.09224415248514,88.64719861947059,0.263530800434244,0.26147755484884355,-0.0020532455854004317,18.14212835786536,17.996480196633712,-0.14564816123164803,35.37516564827352,44.60210606604796,35.54612207624257,44.32359930973529,0.17000000000000046
1.592,70.83734831612357,89.38560655067472,71.18001508675756,88.82976941987103,0.2636841845111219,0.26163115079389504,-0.002053033717226871,18.15301151031631,18.00737323096356,-0.14563827935275242,35.41867415806178,44.69280327533736,35.59000754337878,44.414884709935514,0.17000000000000046
1.5928,70.92462815287858,89.56717510921202,71.26805344059692,89.01251844269457,0.26383832480766595,0.26178552126701193,-0.0020528035406540135,18.16394870650018,18.018321583051048,-0.1456271234491311,35.46231407643929,44.78358755460601,35.63402672029846,44.506259221347285,0.17000000000000046
1.5936,71.012171453823,89.74891956942872,71.356359901744,89.19544746031768,0.2639932234537512,0.2619406683266538,-0.0020525551270973996,18.17494010327983,18.02932540476672,-0.1456146985131106,35.5060857269115,44.87445978471436,35.678179950872,44.59772373015884,0.17000000000000046
1.5944,71.09997887326537,89.93084170610501,71.44493516563288,89.37855825806145,0.2641488826084828,0.26209659405978347,-0.0020522885486993214,18.185985859642454,18.040384850053613,-0.14560100958884092,35.549989436632686,44.96542085305251,35.72246758281644,44.68927912903072,0.17000000000000046
1.5952,71.18805107286381,90.11294330722583,71.53377993544747,89.5618526343338,0.2643053044605284,0.2622533005821923,-0.002052003878336095,18.197086136723833,18.051500074950937,-0.1455860617728959,35.59402553643191,45.05647165361292,35.766889967723735,44.7809263171669,0.17000000000000046
1.596,71.27638872167891,90.29522617412779,71.62289492217877,89.74533240077349,0.26446249122847315,0.26241079003883416,-0.002051701189638988,18.208241097834176,18.06267123761843,-0.14556986021574403,35.63819436083946,45.147613087063895,35.81144746108939,44.872666200386746,0.17000000000000046
1.5968,71.3649924962274,90.477692121648,71.71228084468322,89.9289993823959,0.26462044516116134,0.26256906460416124,-0.0020513805570001042,18.219450908483033,18.073898498360833,-0.14555241012219966,35.6824962481137,45.238846060824,35.85614042234161,44.96449969119795,0.17000000000000046
1.5976,71.45386308053632,90.66034297827451,71.80193842974134,90.11285541774033,0.26477916853805616,0.2627281264824639,-0.002051042055592256,18.230715736405504,18.08518201965265,-0.14553371675285476,35.72693154026816,45.33017148913726,35.90096921487067,45.05642770887017,0.17000000000000046
1.5984,71.54300116619814,90.84318058629859,71.89186841211786,90.29690235901894,0.26493866366959185,0.2628879779082128,-0.0020506857613790674,18.24203575158792,18.09652196616311,-0.14551378542481075,35.77150058309907,45.42159029314929,35.94593420605893,45.14845117950947,0.17000000000000046
1.5992,71.63240745242673,91.0262068019687,71.9820715346221,90.48114207226764,0.26509893289753506,0.26304862114640565,-0.0020503117511294078,18.2534111262942,18.107918504781438,-0.1454926215127621,35.81620372621337,45.51310340098435,35.99103576731105,45.24057103613382,0.17000000000000046
1.6,71.72208264611416,91.2094234956467,72.07254854816948,90.66557643749876,0.2652599785953494,0.2632100584929167,-0.002049920102432712,18.264842035092435,18.11937180464238,-0.14547023045005503,35.86104132305708,45.60471174782335,36.03627427408474,45.33278821874938,0.17000000000000046
1.6008,71.81202746188788,91.39283255196545,72.16330021184429,90.85020734885559,0.2653055973679509,0.26325590172143404,-0.002049695646516858,18.268080100086117,18.122624266258264,-0.1454558338278531,35.90601373094394,45.69641627598273,36.081650105922144,45.425103674427795,0.16992009129761107
1.6016,71.90224262216945,91.57643586998874,72.25432729296239,91.0350367147684,0.2653527921708171,0.26330333638053477,-0.0020494557902823174,18.271430069041955,18.125989672007268,-0.1454403970346867,35.95112131108473,45.78821793499437,36.12716364648119,45.5175183573842,0.16984018112490176
1.6024,71.99272885723342,91.76023536337276,72.34563056713577,91.22006645811271,0.2654015686979177,0.2633523681449485,-0.0020492005529691992,18.274892349781986,18.129468428208302,-0.1454239215736841,35.99636442861671,45.88011768168638,36.172815283567886,45.610033229056356,0.16976026948181844
1.6032,72.08348690526725,91.9442329605296,72.43721081833749,91.40529851636926,0.2654519326784255,0.2634030027238325,-0.002048929954592993,18.27846735276771,18.133060943765905,-0.14540640900180435,36.041743452633625,45.9721164802648,36.218605409168745,45.70264925818463,0.16968035636830697
1.604,72.17451751243233,92.12843060479304,72.52906883896756,91.59073484178582,0.26550388987731666,0.26345524586135033,-0.0020486440159663277,18.282155491144326,18.136767630212947,-0.145387860931379,36.087258756216166,46.06421530239652,36.26453441948378,45.79536742089291,0.16960044178431238
1.6048,72.26582143292559,92.31283025458616,72.62120542991994,91.77637740154121,0.2655574460959752,0.2635091033372631,-0.0020483427587121295,18.285957180785303,18.140588901754217,-0.14536827903108573,36.132910716462796,46.15641512729308,36.31060271495997,45.888188700770606,0.16952052572978238
1.6056,72.35739942904195,92.49743388359076,72.71362140065038,91.96222817791107,0.2656126071727968,0.2635645809675141,-0.0020480262052826603,18.28987284033693,18.144525175309628,-0.1453476650273018,36.178699714520974,46.24871694179538,36.35681070032519,45.981114088955536,0.16944060820466184
1.6064,72.44925227123785,92.68224348091934,72.80631756924515,92.14828916843568,0.2656693789838147,0.26362168460482643,-0.002047694378988274,18.29390289126443,18.148576870558273,-0.14532602070615752,36.22462613561893,46.34112174045967,36.403158784622576,46.07414458421784,0.16936068920889671
1.6072,72.54138073819543,92.86726105128857,72.8992947624907,92.33456238608979,0.26572776744331567,0.26368042013931303,-0.0020473473040026335,18.29804775789741,18.152744409983484,-0.14530334791392718,36.270690369097714,46.43363052564428,36.44964738124535,46.16728119304489,0.1692807687424329
1.608,72.6337856168877,93.05248861519549,72.99255381594449,92.5210498594545,0.2657877785044705,0.2637407934990798,-0.002046985005390689,18.302307867476372,18.157028218917347,-0.14527964855902553,36.31689280844385,46.52624430759774,36.496276907972245,46.26052492972725,0.16920084680521616
1.6088,72.72646770264487,93.23792820909553,73.08609557400663,92.70775363289137,0.2658494181599753,0.2638028106508435,-0.002046607509131826,18.306683650200014,18.16142872558634,-0.14525492461367406,36.363233851322434,46.618964104547764,36.54304778700332,46.353876816445684,0.16912092339719248
1.6096,72.81942779922105,93.42358188558298,73.17992088999256,92.89467576671858,0.2659126924426872,0.2638664776005563,-0.002046214842130911,18.311175539272135,18.16594636115744,-0.14522917811469327,36.40971389961052,46.71179094279149,36.58996044499628,46.44733788335929,0.16904099851830767
1.6104,72.9126667188624,93.60945171357332,73.27403062620682,93.08181833738905,0.26597760742628107,0.26393180039403,-0.0020458070322510458,18.315783970950104,18.170581559784246,-0.14520241116585808,36.4563333594312,46.80472585678666,36.63701531310341,46.540909168694526,0.16896107216850756
1.6112,73.00618528237584,93.79553977848809,73.3684256540175,93.26918343767096,0.26604416922590063,0.2639987851175776,-0.002045384108323056,18.32050938459291,18.175334758654344,-0.14517462593856578,36.50309264118792,46.897769889244046,36.68421282700875,46.63459171883548,0.1688811443477381
1.612,73.09998431919908,93.981848182442,73.46310685393233,93.45677317683045,0.2661123839988254,0.26406743789864834,-0.002044946100177081,18.325352222710418,18.180206398036272,-0.14514582467414527,36.54999215959954,46.990924091221,36.731553426966165,46.728386588415226,0.16880121505594411
1.6128,73.19406466747121,94.16837904443251,73.55807511567521,93.64458968081658,0.2661822579451437,0.2641377649064844,-0.002044493038659334,18.330312931013008,18.185196921328,-0.14511600968500815,36.597032333735605,47.084189522216256,36.779037557837604,46.82229484040829,0.16872128429307337
1.6136,73.28842717410456,94.35513450053145,73.65333133826417,93.83263509244847,0.2662537973084283,0.2642097723527704,-0.0020440249556579193,18.335391958461493,18.190306775104972,-0.14508518335652099,36.64421358705228,47.177567250265724,36.82666566913208,46.916317546224235,0.16864135205907077
1.6144,73.38307269485752,94.5421167040795,73.74887643009028,94.02091157160496,0.2663270083764206,0.26428346649230006,-0.0020435418841205366,18.34058975731766,18.19553640916935,-0.14505334814830917,36.69153634742876,47.27105835203975,36.87443821504514,47.01045578580248,0.1685614183538822
1.6152,73.47800209440807,94.72932782588246,73.84471130899762,94.20942129541632,0.26640189748173093,0.2643588536236433,-0.002043043858087623,18.34590678319597,18.200886276599363,-0.1450205065966088,36.739001047204034,47.36466391294123,36.92235565449881,47.10471064770816,0.16848148317745343
1.616,73.5732162464287,94.91677005441083,73.94083690236438,94.39816645845848,0.26647847100253347,0.2644359400898273,-0.0020425309127061753,18.351343495114904,18.20635683379964,-0.14498666131526505,36.78660812321435,47.458385027205416,36.97041845118219,47.19908322922924,0.16840154652973038
1.6168,73.66871603366226,95.10444559600117,74.03725414718508,94.58714927294999,0.2665567353632787,0.26451473227901895,-0.0020420030842597248,18.35690035554961,18.211948540551713,-0.14495181499789567,36.83435801683113,47.552222798000585,37.01862707359254,47.29357463647499,0.16832160841065882
1.6176,73.76450234799853,95.29235667506052,74.13396399015411,94.77637196895104,0.2666366970354108,0.2645952366252181,-0.002041460410192708,18.362577830484902,18.21766186006526,-0.14491597041964255,36.882251173999265,47.64617833753026,37.06698199507706,47.38818598447552,0.16824166882018463
1.6184,73.86057609055239,95.48050553427316,74.2309673877499,94.96583679456502,0.26671836253809195,0.2646774596089562,-0.002040902929135724,18.368376389468793,18.22349725902982,-0.14487913043897294,36.93028804527619,47.74025276713658,37.11548369387495,47.48291839728251,0.16816172775825364
1.6192,73.95693817174245,95.66889443480999,74.32826530632073,95.15554601614282,0.266801738438936,0.2647614077580068,-0.0020403306809292365,18.374296505666756,18.229455207667332,-0.1448412979994238,36.978469085871225,47.83444721740499,37.164132653160365,47.57777300807141,0.16808178522481163
1.62,74.05358951137126,95.85752565654057,74.42585872217163,95.34550191848936,0.2668868313547491,0.2648470876480958,-0.0020397437066533297,18.380338655916454,18.235536179784756,-0.14480247613169794,37.02679475568563,47.92876282827029,37.21292936108581,47.67275095924468,0.16800184121980352
1.6208,74.15053103870636,96.04640149824837,74.52374862165225,95.53570680507342,0.26697364795228595,0.26493450590363476,-0.002039142048651188,18.386503320783657,18.24174065282827,-0.14476266795538706,37.07526551935318,48.023200749124186,37.26187431082612,47.76785340253671,0.16792189574317704
1.6216,74.24776369256251,96.23552427784803,74.62193600124624,95.72616299823926,0.2670621949490014,0.2650236691984423,-0.002038525750559128,18.392790984617857,18.248069107936736,-0.14472187668112113,37.12388184628126,48.117762138924014,37.31096800062312,47.86308149911963,0.16784194879487702
1.6224,74.34528842138494,96.42489633260585,74.72042186766153,95.9168728394215,0.26715247911382206,0.2651145842564876,-0.0020378948573344657,18.399202135609332,18.254522029996757,-0.14468010561257572,37.17264421069247,48.21244816630293,37.360210933830764,47.95843641971075,0.16776200037484928
1.6232,74.44310618333375,96.61452001936296,74.81920723792207,96.10783868936248,0.2672445072679253,0.2652072578526439,-0.002037249415281439,18.405737265846767,18.261099907698416,-0.14463735814835132,37.22155309166688,48.30726000968148,37.409603618961036,48.05391934468124,0.16768205048303966
1.624,74.54121794636978,96.8043977147617,74.91829313946089,96.29906292833266,0.2673382862855205,0.26530169681343985,-0.00203658947208063,18.412396871375087,18.26780323359101,-0.14459363778407663,37.27060897318489,48.40219885738085,37.45914656973044,48.14953146416633,0.16760209911939397
1.6248,74.63962468834109,96.99453181547446,75.01768061021399,96.49054795635345,0.26743382309464886,0.2653979080178257,-0.002035915076823158,18.419181452254634,18.274632504139756,-0.14454894811487762,37.31981234417054,48.49726590773723,37.50884030510699,48.245273978176726,0.16752214628385803
1.6256,74.73832739707099,97.18492473843587,75.11737069871627,96.68229619342334,0.2675311246779861,0.26549589839795085,-0.002035226280035274,18.426091512620594,18.28158821978343,-0.14450329283716457,37.369163698535495,48.592462369217934,37.558685349358136,48.34114809671167,0.16744219197637758
1.6264,74.83732707044733,97.37557892107793,75.21736446419796,96.87431007974659,0.267630198073656,0.2655956749399478,-0.0020345231337082215,18.433127560743216,18.28867088499245,-0.14445667575076726,37.418663535223665,48.687789460538966,37.60868223209898,48.437155039873296,0.1673622361968985
1.6272,74.9366247165126,97.56649682156792,75.31766297668287,97.06659207596496,0.26773105037605505,0.26569724468471867,-0.0020338056913363767,18.44029010908891,18.295881008327214,-0.14440910076169544,37.4683123582563,48.78324841078396,37.658831488341434,48.53329603798248,0.16728227894536563
1.628,75.03622135355575,97.75768091905002,75.41826731708797,97.25914466339269,0.26783368873669144,0.26580061472874716,-0.00203307400794428,18.44757967438233,18.303219102498254,-0.14436057188407503,37.51811067677787,48.87884045952501,37.70913365854398,48.629572331696345,0.16720232022172657
1.6288,75.13611801020475,97.94913371388934,75.51917857732394,97.45197034425395,0.2679381203650178,0.2659057922249011,-0.002032328140116668,18.454996777668114,18.310685684425778,-0.1443110932423366,37.56805900510238,48.97456685694467,37.75958928866197,48.725985172126975,0.16712236002592626
1.6296,75.23631572552094,98.14085772792015,75.62039786039766,97.64507164192419,0.26804435252929826,0.26601278438325954,-0.0020315681460387203,18.46254194437511,18.31828127530099,-0.1442606690741215,37.61815786276047,49.070428863960075,37.81019893019883,48.822535820962095,0.16704239835791046
1.6304,75.33681554909415,98.33285550469638,75.72192628051566,97.83845110117389,0.2681523925574625,0.2661215984719394,-0.002030794085523091,18.47021570437964,18.326006400647454,-0.1442093037321861,37.66840777454708,49.16642775234819,37.86096314025783,48.919225550586944,0.16696243521762497
1.6312,75.43761854113953,98.52512960974595,75.82376496318913,98.03211128841569,0.26826224783798924,0.2662322418179405,-0.002030006020048769,18.47801859207102,18.333861590383737,-0.14415700168728307,37.718809270569764,49.26256480487297,37.91188248159457,49.016055644207846,0.16688247060501554
1.632,75.53872577259538,98.71768263082856,75.92591504534049,98.22605479195529,0.26837392582078534,0.26634472180799373,-0.0020292040127916078,18.485951146416696,18.3418473788864,-0.14410376753029652,37.76936288629769,49.35884131541428,37.962957522670244,49.113027395977646,0.16680250452002798
1.6328,75.64013832522245,98.91051717819677,76.02837767541106,98.42028422224473,0.26848743401808917,0.2664590458894218,-0.0020283881286673466,18.494013911029235,18.349964305053867,-0.14404960597536842,37.820069162611226,49.455258589098385,38.01418883770553,49.210142111122366,0.16672253696260803
1.6336,75.74185729170465,99.10363588486031,76.13115401347072,98.6148022121398,0.2686027800053739,0.26657522157101454,-0.0020275584343593667,18.502207434233352,18.358212912371393,-0.14399452186195916,37.870928645852324,49.551817942430155,38.06557700673536,49.3074011060699,0.16664256793270155
1.6344,75.84388377575095,99.29704140685455,76.23424523132869,98.80961141716051,0.26871997142226955,0.2666932564239072,-0.002026714998362378,18.510532269134224,18.366593748976317,-0.14393852015790642,37.92194188787548,49.64852070342727,38.11712261566434,49.404805708580255,0.16656259743025423
1.6352,75.94621889219883,99.4907364235118,76.33765251264582,99.00471451575484,0.26883901597349247,0.2668131580824741,-0.00202585789101839,18.51898897368653,18.375107367724418,-0.14388160596211108,37.973109446099414,49.7453682117559,38.16882625632291,49.50235725787742,0.16648262545521095
1.636,76.04886376711903,99.68472363773706,76.44137705304867,99.2001142095664,0.2689599214297901,0.26693493424523673,-0.0020249871845533507,18.527578110764495,18.383754326257357,-0.14382378450713773,38.024431883559515,49.84236181886853,38.220688526524334,49.6000571047832,0.16640265200751927
1.6368,76.15181953792168,99.8790057762866,76.54542006024496,99.39581322370518,0.26908269562889264,0.26705859267577253,-0.0020241029531201105,18.536300248232553,18.392535187070223,-0.14376506116233045,38.07590976896084,49.9395028881433,38.27271003012248,49.69790661185259,0.16632267708712412
1.6376,76.25508735346418,100.07358559005138,76.64978275414069,99.59181430702253,0.2692073464764827,0.2671841412036464,-0.0020232052728362815,18.545155959017315,18.401450517580752,-0.1437054414365626,38.12754367673209,50.03679279502569,38.324891377070344,49.795907153511266,0.1662427006939712
1.6384,76.35866837415996,100.26846585434318,76.75446636695874,99.78812023238912,0.269333881947171,0.26731158772534824,-0.0020222942218227624,18.55414582118002,18.41050089019899,-0.14364493098102926,38.17933418707998,50.13423292717159,38.37723318347937,49.89406011619456,0.16616272282800626
1.6392,76.46256377208938,100.46364936918548,76.85947214335934,99.98473379697701,0.2694623100854921,0.26744094020523823,-0.002021369880253865,18.56327041799046,18.419686882397627,-0.14358353559283188,38.23128188604469,50.23182468459274,38.42973607167967,49.992366898488505,0.1660827434891751
1.64,76.56677473111162,100.65913895960789,76.96480134056192,100.18165782254563,0.26959263900690433,0.26757220667651394,-0.002020432330390398,18.572530338001293,18.429009076783856,-0.1435212612174368,38.28338736555581,50.32956947980394,38.48240067028096,50.090828911272816,0.1660027626774234
1.6408,76.6713024469783,100.85493747594455,77.07045522846876,100.37889515573123,0.26972487689881053,0.26770539524218284,-0.0020194816566276863,18.58192617512382,18.438468061171744,-0.1434581139520752,38.33565122348915,50.427468737972276,38.53522761423438,50.189447577865614,0.16592278039269698
1.6416,76.77614812744885,101.05104779413715,77.17643508979049,100.57644866834055,0.2698590320215861,0.267840514076046,-0.0020185179455401436,18.59145852870443,18.448064428655382,-0.14339410004904707,38.388074063724424,50.525523897068574,38.588217544895244,50.28822433417027,0.16584279663494156
1.6424,76.88131299240698,101.24747281604128,77.28274222017298,100.77432125764838,0.26999511270962445,0.2679775714236982,-0.0020175412859262387,18.601128003602255,18.45779877768333,-0.14332922591892583,38.44065649620349,50.62373640802064,38.64137111008649,50.38716062882419,0.16576281140410196
1.6432,76.98679827397896,101.44421546973753,77.38937792832621,100.97251584669894,0.270133127372395,0.2681165756035433,-0.002016551768851682,18.61093521026787,18.467671712134145,-0.14326349813372374,38.49339913698948,50.722107734868764,38.694688964163106,50.48625792334947,0.1656828247001257
1.644,77.09260521665395,101.64127870984716,77.49634353615507,101.17103538461197,0.27027308449551224,0.2682575350078089,-0.0020155494877033275,18.620880764822726,18.477683841391986,-0.14319692343073953,38.546302608326975,50.82063935492358,38.74817176807753,50.585517692305984,0.1656028365229577
1.6448,77.19873507740508,101.83866551785107,77.60364037889137,101.369882846892,0.2704149926418231,0.2684004581035956,-0.0020145345382275304,18.63096528914005,18.487835780424643,-0.14312950871540764,38.59936753870254,50.919332758925535,38.801820189445685,50.684941423446,0.16552284687254365
1.6456,77.30518912581275,102.03637890241458,77.71126980522848,101.56906123574302,0.27055886045250455,0.26854535343391883,-0.002013507018585714,18.641189410926497,18.49812814986121,-0.14306126106528794,38.65259456290637,51.01818945120729,38.85563490261424,50.78453061787151,0.16544285574882925
1.6464,77.41196864418987,102.23442189971571,77.81923317745716,101.7685735803866,0.27070469664818303,0.2686922296187789,-0.002012467029404108,18.651553763805392,18.508561576071727,-0.14299218773366462,38.705984322094935,51.117210949857856,38.90961658872858,50.8842867901933,0.1653628631517603
1.6472,77.519074927708,102.43279757377813,77.9275318716036,101.96842293738446,0.27085251003005884,0.26884109535623674,-0.0020114146738220984,18.662058987400457,18.519136691247372,-0.14292229615308472,38.759537463854,51.216398786889066,38.9637659358018,50.98421146869223,0.1652828690812824
1.648,77.62650928452601,102.63150901680946,78.03616727756938,102.16861239096619,0.27100230948105203,0.2689919594235076,-0.0020103500575444078,18.67270572742106,18.52985413348194,-0.1428515939391204,38.813254642263004,51.31575450840473,39.01808363878469,51.084306195483094,0.16520287353734137
1.6488,77.73427303591993,102.83055934954344,78.145140799273,102.3691450533605,0.2711541039669638,0.26914483067806716,-0.0020092732888966625,18.683494635748698,18.540714546854318,-0.14278008889438,38.86713651795996,51.41527967477172,39.0725703996365,51.18457252668025,0.16512287651988294
1.6496,77.84236751641495,103.0299517215876,78.25445385479405,102.57002406513192,0.27130790253765197,0.2692997180587771,-0.0020081844788748526,18.694426370524504,18.551718581512343,-0.1427077890121602,38.921183758207476,51.5149758607938,39.127226927397025,51.28501203256596,0.16504287802885276
