freq_ghz,bare_zdiff_re,bare_zdiff_im,s1_zdiff_re,s1_zdiff_im,bare_branch_nf_db,s1_branch_nf_db,delta_nf_db,bare_branch_te_k,s1_branch_te_k,delta_te_k,bare_branch_zs_re,bare_branch_zs_im,s1_branch_zs_re,s1_branch_zs_im,nfmin_db
1.1504,73.42651544375465,105.77932509833926,73.76000117641081,103.16671250345465,0.33612201101333994,0.3298150379812593,-0.006306973032080665,23.335930746844305,22.881223839820002,-0.4547069070243026,36.713257721877326,52.88966254916963,36.880000588205405,51.583356251727324,0.21496287806419542
1.1512,73.69393082542965,106.00420510624055,74.03446323038025,103.38608012831187,0.3358453309974806,0.3295120444990334,-0.0063332864984472215,23.31596939978178,22.859395870877293,-0.4565735289044852,36.84696541271482,53.002102553120274,37.01723161519013,51.69304006415594,0.21488287662585873
1.152,73.96236403325604,106.22890674158052,74.3099671530341,103.60524315821253,0.33557071756564794,0.3292113153352869,-0.006359402230361022,23.296158405864333,22.83773253160538,-0.4584258742589533,36.98118201662802,53.11445337079026,37.15498357651705,51.802621579106265,0.21480287371378745
1.1528,74.23182012738691,106.45342545057997,74.58651803598667,103.82419720380469,0.33529815391117707,0.328912833884728,-0.006385320026449093,23.27649652438994,22.816232591960034,-0.46026393242990693,37.115910063693455,53.226712725289985,37.293259017993336,51.91209860190234,0.21472286932792725
1.1536,74.50230416836988,106.67775663198387,74.86412098034751,104.04293782329636,0.33502762336514735,0.3286165836557406,-0.006411039709406763,23.256982525110523,22.794894830670515,-0.4620876944400081,37.25115208418494,53.338878315991934,37.432060490173754,52.02146891164818,0.2146428634682248
1.1544,74.77382121703258,106.90189563668376,75.14278109650935,104.2614605219826,0.334759109394375,0.3283225482691332,-0.006436561125241769,23.237615188078216,22.77371803514032,-0.46389715293789635,37.38691060851629,53.45094781834188,37.571390548254676,52.1307302609913,0.2145628561346239
1.1552,75.04637633436091,107.12583776733663,75.4225035039298,104.47976075176824,0.334492595599462,0.32803071145691276,-0.0064618841425492235,23.218393303496,22.752701001349948,-0.46569230214605284,37.52318816718046,53.56291888366832,37.7112517519649,52.23988037588412,0.21448284732707124
1.156,75.31997458137283,107.34957827798044,75.70329333090835,104.69783391068896,0.3342280657128598,0.32774105706106954,-0.006487008651790249,23.199315671569458,22.73184253376066,-0.46747313780879907,37.659987290686416,53.67478913899022,37.851646665454176,52.34891695534448,0.2144028370455124
1.1568,75.5946210189857,107.57311237364728,75.98515571435745,104.91567534242817,0.33396550359698995,0.327453569032381,-0.006511934564608968,23.180381102362865,22.71114144521959,-0.46923965714327665,37.79731050949285,53.78655618682364,37.99257785717872,52.45783767121409,0.2143228252898932
1.1576,75.87032070787697,107.79643520997207,76.26809579956762,105.13328033583124,0.33370489324238695,0.3271682314292308,-0.006536661813156153,23.161588415657,22.69059655686627,-0.4709918587907289,37.935160353938485,53.89821760498604,38.13404789978381,52.56664016791562,0.2142428120601592
1.1584,76.14707870834054,108.01954189279992,76.55211873996804,105.35064412441703,0.33344621876588487,0.32688502841644534,-0.006561190349439527,23.142936440810324,22.67020669804043,-0.4727297427698929,38.07353935417027,54.00977094639996,38.27605936998402,52.675322062208515,0.21416279735625615
1.1592,76.4249000801357,108.24242747778845,76.83722969687972,105.56776188588557,0.3331894644088311,0.32660394426414596,-0.006585520144685164,23.12442401662219,22.6499707061911,-0.4744533104310875,38.21245004006785,54.12121373889423,38.41861484843986,52.78388094294279,0.21408278117812973
1.16,76.7037898823302,108.4650869700093,77.12343383926418,105.78462874162369,0.3329346145353421,0.32632496334661615,-0.0066096511887259735,23.10604999119932,22.629887426786958,-0.4761625644123626,38.3518949411651,54.23254348500465,38.56171691963209,52.892314370811846,0.21400276352572561
1.1608,76.9837531731379,108.68751532354486,77.41073634346556,106.00123975620662,0.3326816536305869,0.3260480701411841,-0.0066335834894027945,23.087813221824362,22.609955713227812,-0.47785750859654996,38.49187658656895,54.34375766177243,38.70536817173278,53.00061987810331,0.21392274439899037
1.1616,77.26479500974925,108.9097074410827,77.69914239294611,106.2175899368973,0.3324305662990996,0.3257732492271193,-0.0066573170719803065,23.069712574826713,22.590174426757383,-0.4795381480693308,38.632397504874625,54.45485372054135,38.84957119647306,53.10879496844865,0.21384272379786784
1.1624,77.54692044815661,109.13165817350774,77.98865717801695,106.4336742331427,0.3321813372631352,0.32550048528454967,-0.006680851978585534,23.051746925456584,22.570542436377497,-0.48120448907908653,38.773460224078306,54.56582908675387,38.994328589008475,53.21683711657135,0.2137627017223046
1.1632,77.83013454297148,109.35336231948979,78.27928589556083,106.64948753606646,0.33193395136104636,0.32522976309338597,-0.006704188267660394,23.03391515776077,22.551058618763133,-0.4828565389976376,38.91506727148574,54.676681159744895,39.139642947780416,53.32474376803323,0.2136826781722464
1.164,78.11444234723731,109.5748146250703,78.57103374875014,106.86502467795967,0.3316883935456931,0.3249610675322657,-0.006727326013427404,23.01621616446083,22.531721858178788,-0.48449430628204126,39.05722117361866,54.78740731253515,39.28551687437507,53.43251233897983,0.21360265314763874
1.1648,78.39984891223534,109.79600978324517,78.86390594675736,107.08028043176769,0.3314446488828831,0.3246943835775095,-0.006750265305373593,22.99864884683369,22.512531046396035,-0.48611780043765407,39.19992445611767,54.898004891622584,39.43195297337868,53.540140215883845,0.21352262664842742
1.1656,78.68635928728195,110.01694243354419,79.15790770445908,107.29524951057462,0.3312027025498404,0.3244296963020925,-0.006773006247747904,22.981212114594392,22.49348508261217,-0.4877270319822209,39.34317964364097,55.008471216772094,39.57895385222954,53.64762475528731,0.213442598674558
1.1664,78.97397851952283,110.23760716160945,79.45304424213441,107.50992656708503,0.3309625398337046,0.3241669908746282,-0.006795548959076414,22.96390488578116,22.47458287336992,-0.4893220124112432,39.486989259761415,55.11880358080472,39.726522121067205,53.754963283542516,0.21336256922597618
1.1672,79.26271165371786,110.45799849876913,79.74932078515494,107.72430619310202,0.3307241461300545,0.32390625255836825,-0.006817893571686273,22.94672608664237,22.45582333247836,-0.4909027541640114,39.63135582685893,55.228999249384565,39.87466039257747,53.86215309655101,0.2132825383026276
1.168,79.55256373201972,110.67811092160989,80.04674256366943,107.93838291900363,0.330487506941465,0.32364746671021494,-0.006840040231250066,22.92967465152601,22.437205380934955,-0.49246927059105516,39.77628186600986,55.33905546080494,40.02337128183471,53.969191459501815,0.21320250590445883
1.1688,79.84353979374731,110.89793885154647,80.34531481228072,108.15215121321548,0.3302526078760775,0.32339061877974307,-0.006861989096334453,22.912749522770255,22.418727946848275,-0.49402157592198037,39.921769896873656,55.448969425773235,40.17265740614036,54.07607560660774,0.21312247203141366
1.1696,80.13564487514972,111.11747665438756,80.64504276971549,108.36560548168073,0.3300194346462203,0.3231356943082436,-0.006883740337976674,22.89594965059775,22.400389965362447,-0.49555968523530325,40.06782243757486,55.55873832719378,40.322521384857744,54.182802740840366,0.21304243668343867
1.1704,80.42888400916561,111.3367186399006,80.94593167848743,108.57874006732789,0.3297879730670284,0.3228826789277729,-0.006905294139255502,22.879273993009996,22.382190378582102,-0.4970836144278934,40.21444200458281,55.6683593199503,40.47296583924371,54.28937003366394,0.21296239986047946
1.1712,80.72326222517471,111.5556590613732,81.24798678455292,108.79154924953546,0.32955820905510436,0.32263155836021773,-0.006926650694886627,22.86272151568472,22.36412813549856,-0.49859338018615773,40.361631112587354,55.7778295306866,40.62399339227646,54.39577462476773,0.2128823615624817
1.172,81.0187845487411,111.7742921151719,81.55121333695878,109.00402724359355,0.3293301286272041,0.3223823184163727,-0.006947810210831407,22.846291191875274,22.346202191917012,-0.5000889999582618,40.50939227437055,55.88714605758595,40.77560666847939,54.50201362179678,0.21280232178939099
1.1728,81.3154560013521,111.99261194029926,81.85561658748362,109.21616820016366,0.32910371789893345,0.3221349449950259,-0.006968772903907572,22.829982002310775,22.328411510384395,-0.5015704919263797,40.65772800067605,55.99630597014963,40.92780829374181,54.60808410008183,0.212722280541153
1.1736,81.61328160014675,112.21061261794742,82.16120179027065,109.4279662047351,0.3288789630834884,0.3218894240820666,-0.006989539001421796,22.81379293509965,22.310755060118947,-0.5030378749807021,40.806640800073374,56.10530630897371,41.080600895135326,54.71398310236755,0.2126422378177133
1.1744,81.91226635763933,112.4282881710504,82.46797420145333,109.63941527707924,0.32865585049040075,0.32164574174959615,-0.007010108740804599,22.797722985633545,22.293231816940082,-0.5044911686934626,40.95613317881966,56.2141440855252,41.233987100726665,54.81970763853962,0.21256219361901757
1.1752,82.21241528143489,112.64563256383322,82.77593907877312,109.85050937070106,0.3284343665243141,0.3214038841550516,-0.007030482369262514,22.781771156493576,22.275840763199298,-0.5059303932942782,41.10620764071744,56.32281628191661,41.38796953938656,54.92525468535053,0.21248214794501233
1.176,82.51373337393649,112.86263970135913,83.08510168118892,110.06124237228805,0.3282144976837835,0.32116383754034705,-0.007050660143436471,22.765936457358382,22.25858088771244,-0.5073555696459415,41.256866686968245,56.431319850679564,41.54255084059446,55.030621186144025,0.2124021007956413
1.1768,82.81622563204621,113.07930342907453,83.3954672684794,110.27160810115693,0.3279962305600951,0.3209255882310198,-0.007070642329075283,22.75021790491371,22.241451185692398,-0.5087667192213132,41.408112816023106,56.539651714537264,41.6977336342397,55.135804050578464,0.2123220521708511
1.1776,83.11989704685742,113.2956175323514,83.70704110083591,110.48160030869768,0.3277795518361061,0.32068912263539334,-0.007090429200712733,22.73461452276356,22.224450658683114,-0.5101638640804467,41.55994852342871,56.6478087661757,41.853520550417954,55.24080015434884,0.21224200207058727
1.1784,83.42475260334061,113.51157573602823,84.01982843844854,110.69121267781529,0.3275644482851068,0.32045442724374607,-0.0071100210413607146,22.719125341342984,22.207578314494093,-0.5115470268488913,41.712376301670304,56.75578786801412,42.00991421922427,55.34560633890764,0.21216195049479547
1.1792,83.73079728001996,113.72717170394793,84.33383454108281,110.90043882236931,0.32735090676970136,0.3202214886274961,-0.007129418142205246,22.703749397832393,22.190833167136137,-0.5129162306962556,41.86539864000998,56.863585851973966,42.166917270541404,55.450219411184655,0.21208189744342126
1.18,84.03803604864322,113.94239903849447,84.64906466764783,111.10927228661058,0.327138914240715,0.3199902934383942,-0.007148620802320815,22.688485736073773,22.174214236757784,-0.5142714993159885,42.01901802432161,56.971199519247236,42.32453233382392,55.55463614330529,0.21200184291641025
1.1808,84.3464738738437,114.15725128012718,84.96552407575703,111.31770654461657,0.32692845773610923,0.31976082840773057,-0.007167629328378666,22.67333340648762,22.1577205495828,-0.5156128569048235,42.17323693692185,57.07862564006359,42.482762037878516,55.658853272308285,0.21192178691370803
1.1816,84.65611571279288,114.37172190691277,85.28321802127833,111.5257349997234,0.32671952437993,0.3195330803455451,-0.007186444034384898,22.658291465992335,22.14135113784801,-0.5169403281443259,42.32805785639644,57.185860953456384,42.641609010639165,55.7628674998617,0.21184172943526025
1.1824,84.96696651484694,114.58580433405616,85.60215175787745,111.7333509839571,0.3265121013812627,0.31930703613985945,-0.007205065241403241,22.64335897792414,22.1251050397428,-0.518253938181342,42.48348325742347,57.29290216702808,42.801075878938725,55.86667549197855,0.21176167048101335
1.1832,85.27903122118342,114.79949191342895,85.92233053655087,111.94054775746146,0.3263061760332131,0.319082682755905,-0.007223493277308091,22.62853501195903,22.10898129934838,-0.5195537126106515,42.63951561059171,57.399745956714476,42.96116526827544,55.97027387873073,0.21168161005091113
1.184,85.59231476443026,115.0127779330959,86.24375960514973,112.14731850792444,0.3261017357119083,0.3188600072353767,-0.007241728476531595,22.613818644036165,22.09297896657899,-0.5208396774571753,42.79615738221513,57.50638896654795,43.12187980257487,56.07365925396222,0.21160154814490006
1.1848,85.90682206828701,115.22565561684046,86.56644420789583,112.35365635000302,0.32589876787550404,0.3186389966956877,-0.0072597711798163544,22.599208956281835,22.07709709712324,-0.5221118591585956,42.95341103414351,57.61282780842023,43.283222103947914,56.17682817500151,0.21152148476292573
1.1856,86.22255804713649,115.43811812368757,86.89038958488646,112.55955432474512,0.3256972600632236,0.3184196383292306,-0.007277621733992989,22.584705036935794,22.061334752386035,-0.5233702845497596,43.111279023568244,57.71905906184379,43.44519479244323,56.27977716237256,0.21144141990493373
1.1864,86.53952760564893,115.65015854742585,87.21560097159146,112.76500539901076,0.3254971998944042,0.3182019194026605,-0.007295280491743661,22.57030598027818,22.045690999432097,-0.5246149808460849,43.269763802824464,57.82507927371292,43.60780048579573,56.38250269950538,0.21136135357086966
1.1872,86.85773563837702,115.86176991612756,87.54208359833962,112.97000246489065,0.3252985750675618,0.31798582725617414,-0.007312747811387688,22.556010886557843,22.03016491092929,-0.5258459756285525,43.42886781918851,57.93088495806378,43.77104179916981,56.48500123244533,0.21128128576067906
1.188,87.17718702934174,116.07294519166709,87.86984268979538,113.17453833912322,0.325101373359479,0.31777134930281103,-0.007330024056667939,22.541818861922405,22.014755565093655,-0.5270632968287501,43.58859351467087,58.036472595833544,43.93492134489769,56.58726916956161,0.21120121647430745
1.1888,87.49788665161105,116.28367726923845,88.19888346442681,113.37860576251049,0.32490558262429886,0.31755847302775336,-0.007347109596545498,22.527729018348857,21.999462045634317,-0.5282669727145404,43.74894332580553,58.141838634619226,44.09944173221341,56.689302881255244,0.21112114571170054
1.1896,87.81983936686741,116.49395897687096,88.5292111339621,113.58219739933156,0.3247111907926419,0.31734718598764305,-0.007364004804998825,22.513740473575808,21.984283441699816,-0.5294570318759924,43.909919683433706,58.24697948843548,44.26460556698105,56.79109869966578,0.21104107347280468
1.1904,88.14305002496837,116.70378307494374,88.86083090283704,113.78530583675547,0.32451818587073344,0.3171374758099008,-0.007380710060832629,22.499852351036658,21.96921884782458,-0.5306335032120799,44.07152501248419,58.35189153747187,44.43041545141852,56.892652918377735,0.21096099975756366
1.1912,88.46752346349687,116.91314225569931,89.19374796763205,113.98792358425189,0.3243265559395523,0.31692933019206315,-0.007397225747489133,22.486063779794282,21.954267363876752,-0.5317964159175297,44.23376173174844,58.45657112784966,44.596873983816025,56.993961792125944,0.21088092456592392
1.192,88.79326450730238,117.12202914275524,89.52796751649817,114.1900430730008,0.3241362891539902,0.31672273690112,-0.007413552252870159,22.472373894476597,21.9394280950062,-0.5329457994703972,44.39663225365119,58.56101457137762,44.76398375824908,57.0950215365004,0.21080084789783102
1.1928,89.12027796803385,117.33043629061571,89.86349472857397,114.39165665530095,0.3239473737420257,0.3165176837728653,-0.00742968996916038,22.458781835213248,21.924700151593413,-0.534081683619835,44.56013898401692,58.665218145307854,44.931747364286984,57.195828327650474,0.21072076975323054
1.1936,89.44856864366164,117.53835618418114,90.20033477339003,114.59275660397695,0.3237597980039124,0.3163141587112548,-0.007445639292657624,22.44528674757334,21.91008264919911,-0.5352040983742299,44.72428432183082,58.76917809209057,45.10016738669501,57.296378301988476,0.21064069013206801
1.1944,89.7781413179916,117.74578123825745,90.53849281026451,114.79333511178565,0.32357355031138335,0.31611214968777473,-0.007461400623608616,22.431887782504475,21.895574708514577,-0.5363130739898985,44.8890706589958,58.872890619128725,45.26924640513226,57.396667555892826,0.210560609034289
1.1952,90.10900076016857,117.95270379706456,90.87797398768662,114.99338429082094,0.3233886191068679,0.3159116447408123,-0.0074769743660556,22.418584096272646,21.881175455312274,-0.537408640960372,45.054500380084285,58.97635189853228,45.43898699384331,57.49669214541047,0.21048052645983903
1.196,90.44115172417021,118.15911613374317,91.21878344268896,115.19289617191798,0.32320499290272153,0.31571263197504684,-0.0074923609276746905,22.405374850403213,21.866884020397947,-0.5384908300052658,45.220575862085106,59.079558066871584,45.60939172134448,57.59644808595899,0.21040044240866362
1.1968,90.77459894829185,118.36501044986224,91.56092630020989,115.39186270405666,0.3230226602804711,0.3155150995608352,-0.007507560719635931,22.392259211623,21.852699539562444,-0.5395596720605553,45.38729947414593,59.18250522493112,45.78046315010494,57.69593135202833,0.21032035688070927
1.1976,91.10934715462075,118.57037887492469,91.90440767244318,115.59027575376415,0.3228416098900645,0.31531903573361136,-0.007522574156453132,22.379236351802795,21.838621153534525,-0.5406151982682701,45.554673577310375,59.28518943746234,45.95220383622159,57.79513787688207,0.21024026987591968
1.1984,91.44540104850057,118.77521346587314,92.24923265817746,115.78812710451707,0.3226618304491521,0.3151244287933019,-0.007537401655850207,22.36630544790217,21.82464800793494,-0.5416574399672314,45.722700524250286,59.38760673293657,46.12461632908873,57.89406355225854,0.21016018139424122
1.1992,91.78276531798615,118.9795062065952,92.59540634212314,115.98540845614282,0.32248331074235626,0.3149312671037311,-0.007552043638625161,22.353465681913523,21.810779253229814,-0.5426864286837088,45.891382658993074,59.4897531032976,46.29770317106157,57.99270422807141,0.2100800914356195
1.2,92.12144463328733,119.18324900742789,92.94293379422791,116.18211142422064,0.32230603962057425,0.3147395390920544,-0.0075665005285198705,22.340716240808554,21.797014044686097,-0.5437021961224566,46.06072231664366,59.591624503713945,46.471466897113956,58.09105571211032,0.21000000000000005
1.2008,92.46144364620352,119.38643370466285,93.29182006898095,116.37822753948255,0.3220302058422908,0.31445334260637114,-0.007576863235919662,22.320879151560657,21.776467555337153,-0.5444115962235045,46.23072182310176,59.693216852331425,46.64591003449048,58.189113769741276,0.20992009129761027
1.2016,92.8027669895468,119.58905206005001,93.64207020470405,116.57374824721374,0.3217556886281968,0.3141686515025598,-0.0075870371256370195,22.30113799629653,21.756030482974722,-0.5451075133218062,46.4013834947734,59.794526030025004,46.82103510235203,58.28687412360687,0.2098401811249015
1.2024,93.14541927655563,119.79109576030251,93.99368922283175,116.76866490665321,0.3214824804702049,0.31388545778821003,-0.007597022681994858,22.281492217111143,21.735702232565263,-0.5457899845458805,46.572709638277814,59.895547880151256,46.996844611415874,58.38433245332661,0.20976026948181778
1.2032,93.4894051002973,119.9925564166009,94.34668212717834,116.96296879039436,0.3212105739149811,0.31360375352426445,-0.00760682039071664,22.26194126025983,21.715482213168627,-0.5464590470912043,46.74470255014865,59.99627820830045,47.17334106358917,58.48148439519718,0.20968035636830595
1.204,93.83472903305956,120.19342556409742,94.70105390319266,117.15665108378519,0.3209399615632474,0.31332353082447884,-0.007616430738768554,22.242484576105298,21.69536983789607,-0.5471147382092276,46.91736451652978,60.09671278204871,47.35052695159633,58.578325541892596,0.20960044178431278
1.2048,94.1813956257323,120.3936946614212,95.05680951720079,117.34970288433009,0.320670636069112,0.3130447818548915,-0.007625854214220518,22.22312161906655,21.675364523868925,-0.5477570951976247,47.09069781286615,60.1968473307106,47.528404758600395,58.67485144216504,0.20952052572978233
1.2056,94.52940940717711,120.59335509018271,95.41395391563518,117.5421152010904,0.32040259013940553,0.3127674988333071,-0.007635091306098407,22.203851847568412,21.65546569217841,-0.548386155390002,47.264704703588556,60.296677545091356,47.70697695781759,58.7710576005452,0.20944060820466143
1.2064,94.87877488358717,120.79239815447994,95.77249202425185,117.73387895408695,0.32013581653302625,0.31249167402877415,-0.007644142504252105,22.18467472399169,21.635672767844937,-0.5490019561467534,47.439387441793585,60.39619907723997,47.88624601212592,58.86693947704347,0.20936068920889686
1.2072,95.22949653783509,120.99081508040426,96.13242874733399,117.92498497370228,0.3198703080602959,0.3122172997610734,-0.007653008299222552,22.165589714624105,21.61598517977838,-0.5496045348457237,47.614748268917545,60.49540754020213,48.066214373666995,58.96249248685114,0.20928076874243262
1.208,95.5815788288096,121.18859701554707,96.49376896688207,118.11542400008415,0.31960605758233257,0.31194436840022177,-0.007661689182110798,22.14659628961257,21.596402360739376,-0.5501939288731954,47.7907894144048,60.59429850777354,48.246884483441036,59.05771200004207,0.2092008468052155
1.2088,95.93502619074165,121.3857350285077,96.85651754179226,118.30518668254999,0.31934305801042334,0.3116728723659652,-0.0076701856444581495,22.127693922915427,21.576923747299908,-0.5507701756155186,47.967513095370826,60.69286751425385,48.42825877089613,59.152593341274994,0.20912092339719232
1.2096,96.28984303251792,121.58222010840146,97.22067930701898,118.49426357899213,0.319081302305417,0.3114028041272882,-0.0076784981781287676,22.108882092256184,21.557548779805206,-0.5513333124509785,48.14492151625896,60.79111005420073,48.61033965350949,59.247131789496066,0.20904099851830713
1.2104,96.64603373698417,121.77804316436976,97.58625907272625,118.68264515528477,0.3188207834771209,0.31113415620193013,-0.0076866272751907605,22.090160279077637,21.53827690233605,-0.5518833767415856,48.32301686849208,60.88902158218488,48.793129536363125,59.34132257764239,0.20896107216850662
1.2112,97.00360266023569,121.97319502509043,97.95326162342381,118.87032178469188,0.3185614945837111,0.3108669211559039,-0.007694573427807161,22.071527968496895,21.51910756267138,-0.5524204058255151,48.50180133011784,60.98659751254522,48.97663081171191,59.43516089234594,0.2088811443477377
1.212,97.36255413089641,122.16766643828966,98.3216917170896,119.05728374727684,0.31830342873114476,0.3106010916030153,-0.007702337128129455,22.052984649260715,21.500040212250926,-0.5529444370097885,48.68127706544821,61.08383321914483,49.1608458585448,59.52864187363842,0.20880121505594426
1.2128,97.72289244938703,122.36144807025575,98.69155408427906,119.24352122931403,0.318046579072597,0.3103366602044038,-0.007709918868193166,22.034529813702534,21.481074306139497,-0.5534555075630365,48.861446224693516,61.180724035127874,49.34577704213953,59.62176061465701,0.20872128429307313
1.2136,98.0846218871792,122.55453050535363,99.06285342721873,119.42902432270157,0.31779093880788867,0.31007361966806807,-0.0077173191398206,22.016162957698945,21.46220930299013,-0.5539536547088169,49.0423109435896,61.27726525267681,49.53142671360936,59.71451216135078,0.20864135205907103
1.2144,98.44774668604,122.74690424554193,99.43559441888729,119.6137830243772,0.3175365011829354,0.30981196274841244,-0.007724538434522976,21.997883580627718,21.443444665008798,-0.5544389156189204,49.22387334302,61.37345212277096,49.717797209443646,59.8068915121886,0.20856141835388203
1.2152,98.81227105726236,122.93855970989135,99.80978170208087,119.79778723573541,0.31728325948920394,0.3095516822457957,-0.0077315772434082275,21.979691185326384,21.424779857919404,-0.5549113274069803,49.40613552863118,61.469279854945675,49.904890851040435,59.89889361786771,0.2084814831774529
1.216,99.17819918088374,123.12948723410477,100.18541988846391,119.98102676204729,0.31703120706317617,0.30929277100608243,-0.007738436057093734,21.961585278051427,21.40621435092885,-0.5553709271225777,49.58909959044187,61.564743617052386,50.092709944231956,59.990513381023646,0.20840154652973036
1.2168,99.54553520489316,123.31967707004029,100.56251355760614,120.16349131188318,0.3167803372858146,0.3090352219201954,-0.007745115365619226,21.943565368437564,21.387747616692348,-0.5558177517452165,49.77276760244658,61.65983853502014,50.28125677880307,60.08174565594159,0.20832160841065842
1.2176,99.9142832444244,123.50911938523572,100.94106725600322,120.34517049653755,0.3165306435820506,0.3087790279236869,-0.007751615658363686,21.925630969458755,21.36937913128007,-0.5562518381786852,49.9571416222122,61.75455969261786,50.47053362800161,60.172585248268774,0.20824166882018383
1.2184,100.28444738093782,123.69780426243594,101.3210854960839,120.52605382945751,0.3162821194202728,0.3085241819963004,-0.007757937423972405,21.907781597389206,21.351108374143127,-0.5566732232460794,50.14222369046891,61.84890213121797,50.66054274804195,60.263026914728755,0.20816172775825337
1.2192,100.65603166138835,123.88572169912258,101.70257275520072,120.7061307256738,0.3160347583118155,0.30827067716154527,-0.007764081150270219,21.89001677176445,21.332934828080553,-0.5570819436838974,50.32801583069418,61.94286084956129,50.85128637760036,60.3530653628369,0.20808178522481094
1.22,101.02904009738134,124.07286160704673,102.08553347460587,120.88539050123539,0.3157885538104783,0.30801850648627926,-0.007770047324199059,21.872336015344676,21.31485797920685,-0.5574780361378266,50.51452004869067,62.036430803523366,51.042766737302934,60.442695250617696,0.2080018412198034
1.2208,101.40347666431565,124.25921381176425,102.46997205841187,121.06382237264788,0.31554349951202576,0.30776766308028475,-0.007775836431741012,21.85473885407663,21.296877316919133,-0.5578615371574962,50.701738332157824,62.12960690588213,51.234986029205935,60.53191118632394,0.20792189574317743
1.2216,101.77934530051236,124.44476805217406,102.8558928725358,121.24141545631477,0.31529958905371336,0.30751814009586176,-0.0077814489578516,21.837224817057542,21.278992333865528,-0.5582324831920147,50.88967265025618,62.22238402608703,51.4279464362679,60.620707728157385,0.207841948794877
1.2224,102.15664990633256,124.62951398005993,103.24330024362875,121.41815876798391,0.31505681611382,0.30726993072741804,-0.007786885386401987,21.8197934364994,21.261202525913358,-0.5585909105860409,51.07832495316628,62.31475699002996,51.621650121814376,60.709079383991956,0.20776200037484888
1.2232,102.53539434327922,124.8134411596357,103.63219845798865,121.59404122219702,0.3148151744111778,0.30702302821106925,-0.007792146200108541,21.802444247693195,21.243507392118104,-0.5589368555750909,51.26769717163961,62.40672057981785,51.816099228994325,60.79702061109851,0.2076820504830398
1.224,102.91558243308769,124.9965390670935,104.0225917604568,121.76905163174405,0.3145746577047157,0.30677742582423945,-0.007797231880476263,21.7851767889741,21.225906434692437,-0.5592703542816615,51.457791216543846,62.49826953354675,52.0112958802284,60.884525815872024,0.2076020991193937
1.2248,103.29721795680236,125.17879709015648,104.41448435329943,121.94317870712229,0.31433525979301435,0.3065331168852698,-0.007802142907744558,21.767990601687522,21.20839915897581,-0.5595914427117137,51.64860897840118,62.58939854507824,52.207242176649714,60.97158935356114,0.20752214628385734
1.2256,103.68030465383835,125.3602045276346,104.80788039507131,122.11641105599986,0.3140969745138597,0.30629009475302693,-0.0078068797608327745,21.75088523015512,21.190985073404143,-0.5599001567509774,51.840152326919174,62.6801022638173,52.403940197535654,61.05820552799993,0.20744219197637653
1.2264,104.06484622103142,125.54075058898563,105.20278399946415,122.28873718268473,0.313859795743811,0.3060483528265271,-0.007811442917283917,21.733860221641823,21.17366368948059,-0.5601965321612319,52.03242311051571,62.770375294492815,52.60139199973207,61.144368591342364,0.20736223619689795
1.2272,104.45084631167322,125.72042439387931,105.5991992341379,122.46014548759868,0.31362371739776546,0.3058078845445444,-0.007815832853221072,21.71691512632266,21.15643452174527,-0.5604806045773927,52.22542315583661,62.860212196939656,52.79959961706895,61.23007274379934,0.2072822789453656
1.228,104.83830853453162,125.89921497176645,105.99713011953457,122.6306242667569,0.3133887334285457,0.3055686833852477,-0.007820050043297999,21.700049497251296,21.13929708774698,-0.5607524095043175,52.41915426726581,62.94960748588323,52.99856505976729,61.31531213337845,0.20720232022172616
1.2288,105.22723645285936,126.07711126145323,106.39658062767687,122.80016171125362,0.31315483782647563,0.3053307428658254,-0.00782409496065023,21.683262890327683,21.122250908014195,-0.561011982313488,52.61361822642968,63.03855563072661,53.198290313838434,61.40008085562681,0.2071223600259264
1.2296,105.61763358338575,126.2541021106791,106.79755468094774,122.96874590675336,0.31292202461897767,0.30509405654211835,-0.007827968076859315,21.66655486426735,21.105295506026568,-0.5612593582407825,52.80881679169288,63.12705105533955,53.39877734047387,61.48437295337668,0.2070423983579102
1.2304,106.00950339529692,126.43017627570147,107.20005615085454,123.13636483298879,0.312690287870166,0.30485861800826025,-0.007831669861905755,21.649924980570386,21.08843040818707,-0.5614945723833173,53.00475169764846,63.215088137850735,53.60002807542727,61.568182416494395,0.20696243521762428
1.2312,106.40284930920009,126.60532242088411,107.60408885677467,123.30300636326515,0.3124596216804566,0.3046244208963197,-0.007835200784136909,21.633372803491657,21.071655143794217,-0.5617176596974396,53.201424654600046,63.302661210442054,53.80204442838733,61.65150318163258,0.20688247060501538
1.232,106.79767469607296,126.77952911829188,108.00965656468412,123.46865826397104,0.3122300201861659,0.30439145887594427,-0.007838561310221648,21.616897900010247,21.05496924501454,-0.5619286549957074,53.39883734803648,63.38976455914594,54.00482828234206,61.73432913198552,0.20680250452002746
1.2328,107.19398287620095,126.9527848472912,108.41676298586901,123.63330819409735,0.3120014775591408,0.30415972565401617,-0.00784175190512465,21.600499839801177,21.03837224685583,-0.5621275929453482,53.596991438100474,63.4763924236456,54.20838149293451,61.816654097048676,0.20672253696260712
1.2336,107.59177711809646,127.12507799415582,108.82541177561816,123.79694370476216,0.31177398800637013,0.3039292149743037,-0.007844773032066432,21.584178195205784,21.021863687140176,-0.562314508065608,53.79588855904823,63.56253899707791,54.41270588780908,61.89847185238108,0.2066425679327011
1.2344,107.99106063740693,127.29639685167966,109.23560653189934,123.9595522387445,0.3115475457696159,0.30369992061711876,-0.00784762515249715,21.567932541203582,21.005443106477426,-0.5624894347261566,53.995530318703466,63.64819842583983,54.61780326594967,61.97977611937225,0.20656259743025343
1.2352,108.39183659580576,127.46672961879538,109.64735079401655,124.12112113002563,0.31132214512504724,0.303471836398984,-0.007850308726063238,21.551762455384324,20.98911004823938,-0.5626524071449452,54.19591829790288,63.73336480939769,54.82367539700827,62.060560565012814,0.20648262545521068
1.236,108.79410809986827,127.63606440019944,110.06064804124911,124.28163760333838,0.3110977803828802,0.30324495617229746,-0.007852824210582754,21.535667517920494,20.97286405853382,-0.5628034593866751,54.397054049934134,63.81803220009972,55.030324020624555,62.14081880166919,0.2064026520075195
1.2368,109.1978781999349,127.80438920598488,110.47550169147367,124.44108877372533,0.31087444588701985,0.3030192738250018,-0.007855172062018023,21.51964731154001,20.95670468617889,-0.5629426253611172,54.59893909996745,63.90219460299244,55.237750845736834,62.22054438686266,0.20632267708712398
1.2376,109.60314988895617,127.97169195127995,110.89191509976632,124.59946164610571,0.31065213601471187,0.30279478328026094,-0.007857352734450929,21.503701421499628,20.94063148267806,-0.5630699388215668,54.801574944478084,63.985845975639975,55.44595754988316,62.299730823052855,0.20624270069397066
1.2384,110.00992610132562,128.1379604558955,111.30989155698796,124.75674311485164,0.3104308451762007,0.3025714784961391,-0.007859366680061597,21.487829435558805,20.924644002195247,-0.5631854333635573,55.00496305066281,64.06898022794775,55.65494577849398,62.37837155742582,0.20616272282800624
1.2392,110.41820971169506,128.30318244397856,111.72943428834978,124.91291996337365,0.31021056781438366,0.3023493534652779,-0.00786121434910575,21.472030943953353,20.908741801529846,-0.5632891424235069,55.20910485584753,64.15159122198928,55.86471714417489,62.45645998168683,0.20608274348917466
1.24,110.82800353377557,128.4673455436747,112.15054645196028,125.06797886371592,0.30999129840448486,0.30212840221459025,-0.007862896189894608,21.456305539370458,20.892924440092965,-0.5633810992774926,55.414001766887786,64.23367277183735,56.07527322598014,62.53398943185796,0.2060027626774226
1.2408,111.23931031912348,128.63043728679796,112.57323113735471,125.2219063761625,0.30977303145372037,0.3019086188049426,-0.007864412648777797,21.440652816923187,20.877191479882892,-0.5634613370402946,55.61965515956174,64.31521864339898,56.286615568677355,62.61095318808125,0.20592278039269668
1.2416,111.65213275590939,128.79244510850953,112.99749136400382,125.37468894885237,0.3095557615009759,0.30168999733085,-0.00786576417012591,21.42507237412581,20.861542485461463,-0.5635298886643483,55.826066377954696,64.39622255425476,56.49874568200191,62.68734447442618,0.20584279663494087
1.2424,112.06647346767342,128.953356347005,113.42333007980504,125.52631291740745,0.3093394831164897,0.30147253192017626,-0.007866951196313421,21.409563810869606,20.845977023930807,-0.5635867869387994,56.03323673383671,64.4766781735025,56.71166503990252,62.763156458703726,0.2057628114041018
1.2432,112.48233501206352,129.1131582432098,113.85075015955417,125.67676450456969,0.30912419090153453,0.3012562167338298,-0.007867974167704739,21.39412672939858,20.830494664909867,-0.5636320644887114,56.24116750603176,64.5565791216049,56.92537507977708,62.838382252284845,0.20568282470012608
1.244,112.89971987955792,129.27183794048472,114.27975440339725,125.82602981985124,0.3089098794881123,0.30104104596546827,-0.007868833522644059,21.37876073428607,20.815094980511507,-0.5636657537745648,56.44985993977896,64.63591897024236,57.139877201698624,62.91301490992562,0.2056028365229577
1.2448,113.31863049217374,129.4293824843408,114.71034553526452,125.97409485919572,0.30869654353864523,0.30082701384120614,-0.007869529697439093,21.36346543241122,20.799777545319877,-0.5636878870913442,56.65931524608687,64.7146912421704,57.35517276763226,62.98704742959786,0.20552284687254324
1.2456,113.73906920215622,129.58577882216306,115.14252620128345,126.12094550465189,0.30848417774568193,0.30061411461932824,-0.007870063126353688,21.34824043293647,20.78454193636824,-0.5636984965682323,56.86953460107811,64.79288941108153,57.57126310064172,63.06047275232594,0.2054428557488294
1.2464,114.1610382906565,129.74101380294516,115.57629896817383,126.2665675240602,0.3082727768315913,0.3004023425899958,-0.007870434241595503,21.333085347284197,20.76938773311625,-0.5636976141679462,57.08051914532825,64.87050690147258,57.788149484086915,63.1332837620301,0.20536286315175997
1.2472,114.58453996638865,129.89507417703405,116.01166632162236,126.41094657075195,0.3080623355482828,0.3001916920749731,-0.00787064347330968,21.317999789115266,20.754314517428767,-0.5636852716864986,57.29226998319432,64.94753708851702,58.00583316081118,63.20547328537597,0.20528286908128174
1.248,115.00957636427474,130.0479465958851,116.44863066463739,126.55406818326206,0.30785284867691143,0.2999821574273418,-0.007870691249569628,21.302983374306567,20.73932187355377,-0.5636615007527972,57.50478818213737,65.02397329794255,58.224315332318696,63.27703409163103,0.20520287353734123
1.2488,115.4361495440711,130.19961761182816,116.88719431588555,126.6959177850556,0.3076443110275964,0.29977373303122534,-0.007870577996371031,21.288035720929432,20.724409388101044,-0.5636263328283881,57.71807477203555,65.09980880591408,58.443597157942776,63.3479588925278,0.20512287651988237
1.2496,115.86426148897888,130.35007367784502,117.32735950800652,126.83648068426854,0.307436717439148,0.2995664133015169,-0.007870304137631123,21.27315644922878,20.709576650021116,-0.5635797992076625,57.93213074448944,65.17503683892251,58.66367975400326,63.41824034213427,0.2050428780288518
1.2504,116.29391410424046,130.49930114735875,117.7691283859098,126.97574207346291,0.3072300627787875,0.2993601926836143,-0.007869870095173204,21.258345181601662,20.694823250584722,-0.5635219310169397,58.14695705212023,65.24965057367938,58.8845641929549,63.487871036731455,0.2049628780641961
1.2512,116.7251092157163,130.64728627403332,118.21250300505083,127.11368702939717,0.30702434194187717,0.29915506565314104,-0.007869276288736127,21.24360154257668,20.680148783361297,-0.5634527592153837,58.36255460785815,65.32364313701666,59.10625150252542,63.556843514698585,0.20488287662585922
1.252,117.15784856844817,130.79401521158775,118.65748532968652,127.25030051281165,0.3068195498516582,0.2989510267156957,-0.007868523135962535,21.228925158793864,20.66555284419953,-0.5633723145943321,58.57892428422409,65.39700760579387,59.32874266484326,63.625150256405824,0.20480287371378772
1.2528,117.59213382520393,130.9394740136202,119.10407723111257,127.38556736823034,0.30661568145898555,0.2987480704065853,-0.007867611052400247,21.214315658984418,20.65103503120676,-0.5632806277776581,58.796066912601965,65.4697370068101,59.552038615556285,63.69278368411517,0.20472286932792824
1.2536,118.02796656500799,131.08364863344738,119.5522804858787,127.51947232377849,0.3064127317420683,0.29854619129056537,-0.007866540451502924,21.19977267395086,20.636594944728866,-0.5631777292219944,59.01398328250399,65.54182431672369,59.77614024293935,63.75973616188924,0.2046428634682247
1.2544,118.46534828165402,131.22652492395517,120.00209677398564,127.6519999910168,0.30621069570621945,0.29834538396159127,-0.007865311744628178,21.18529583654786,20.62223218733105,-0.563063649216808,59.23267414082701,65.61326246197758,60.00104838699282,63.8259999955084,0.20456285613462358
1.2552,118.90428038220105,131.36808863746344,120.45352767706103,127.78313486479345,0.3060095683836007,0.29814564304256513,-0.007863925341035582,21.170884781662703,20.60794636377823,-0.5629384178844745,59.452140191100526,65.68404431873172,60.226763838530516,63.89156743239673,0.20448284732707162
1.256,119.34476418545327,131.508325425605,120.90657467651482,127.91286132311282,0.30580934483297617,0.29794696318508146,-0.007862381647894712,21.156539146196447,20.59373708101541,-0.5628020651810388,59.672382092726636,65.7541627128025,60.45328733825741,63.95643066155641,0.2044028370455126
1.2568,119.78680092042504,131.6472208392185,121.3612391516761,128.04116362702302,0.30561002013947147,0.29774933906918943,-0.007860681070282038,21.14225856904548,20.579603948149266,-0.5626546208962147,59.89340046021252,65.82361041960925,60.68061957583805,64.02058181351151,0.20432282528989318
1.2576,120.23039172478582,131.78476032825537,121.8175223779076,128.16802592052113,0.30541158941433383,0.2975527654031463,-0.007858824011187537,21.128042691083134,20.565546576429096,-0.5624961146540386,60.11519586239291,65.89238016412769,60.9087611889538,64.08401296026057,0.20424281206015993
1.2584,120.67553764329203,131.92092924170254,122.27542552470234,128.29343223047834,0.3052140477946884,0.29735723692317484,-0.007856810871513575,21.11389115514104,20.55156457922805,-0.5623265759129907,60.337768821646016,65.96046462085127,61.13771276235117,64.14671611523917,0.20416279735625667
1.2592,121.12223962620045,132.0557128275201,122.73494965375835,128.4173664665837,0.30501739044331494,0.2971627483932314,-0.007854642050083516,21.099803605992033,20.5376575720252,-0.5621460339668332,60.56111981310023,66.02785641376005,61.367474826879175,64.20868323329185,0.20408278117813008
1.26,121.57049852766619,132.18909623259424,123.19609571703374,128.5398124213081,0.30482161254841356,0.29696929460476923,-0.007852317943644327,21.085779690332167,20.523825172387234,-0.5619545179449332,60.785249263833094,66.09454811629712,61.59804785851687,64.26990621065406,0.20400276352572666
1.2608,122.02031510412168,132.32106450270626,123.65886455478186,128.66075376988897,0.3046267093233753,0.2967768703765023,-0.007849838946873022,21.071819056763204,20.51006699995023,-0.5617520568129741,61.01015755206084,66.16053225135313,61.82943227739093,64.33037688494449,0.20392274439899027
1.2616,122.47169001264277,132.45160258251903,124.123256893566,128.7801740703352,0.30443267600656726,0.29658547055418305,-0.00784720545238421,21.057921355776067,20.49638267640241,-0.5615386793736583,61.235845006321384,66.22580129125951,62.061628446783,64.3900870351676,0.2038427237978676
1.2624,122.92462380929554,132.58069531557828,124.58927334425451,128.8980567634542,0.30423950786110554,0.29639509001037523,-0.007844417850730312,21.044086239733517,20.482771825466617,-0.5613144142668993,61.46231190464777,66.29034765778914,62.294636672127254,64.4490283817271,0.20376270172230507
1.2632,123.37911694746786,132.70832744433332,125.05691439999482,129.01438517290018,0.3040472001746407,0.2962057236442222,-0.0078414765304185,21.030313362853665,20.46923407288242,-0.5610792899712465,61.68955847373393,66.35416372216666,62.52845719999741,64.50719258645009,0.2036826781722466
1.264,123.83516977618396,132.83448361017332,125.52618043416868,129.12914250524557,0.303855748259146,0.29601736638123594,-0.007838381877910083,21.01660238119376,20.455769046389747,-0.5608333348040127,61.91758488809198,66.41724180508666,62.76309021708434,64.56457125262278,0.2036026531476388
1.2648,124.29278253840192,132.95914835348245,125.997071698326,129.2423118500746,0.3036651474507057,0.2958300131730743,-0.00783513427763144,21.002952952633937,20.44237637571171,-0.5605765769222266,62.14639126920096,66.47957417674122,62.998535849163,64.6211559250373,0.20352262664842816
1.2656,124.75195536929608,133.0823061137141,126.4695883200996,129.3538761801008,0.3034753931093067,0.295643658997321,-0.007831734111985733,20.989364736861265,20.429055692537585,-0.5603090443236809,62.37597768464804,66.54115305685706,63.2347941600498,64.6769380900504,0.20344259867455858
1.2664,125.21268829452268,133.20394122948193,126.94373030110081,129.46381835130887,0.30328648061863467,0.29545829885727953,-0.007828181761355135,20.975837395354105,20.415806630506857,-0.560030764847248,62.60634414726134,66.60197061474096,63.47186515055041,64.73190917565444,0.20336256922597656
1.2672,125.67498122846821,133.32403793867226,127.41949751479319,129.57212110312003,0.30309840538587596,0.2952739277817569,-0.007824477604119084,20.962370591366895,20.40262882519254,-0.5597417661743549,62.837490614234106,66.66201896933613,63.709748757396596,64.78606055156001,0.2032825383026287
1.268,126.13883397248281,133.44258037857483,127.89688970434845,129.67876705858345,0.30291116284150965,0.29509054082485464,-0.00782062201665501,20.94896398991425,20.38952191408501,-0.5594420758292422,63.06941698624141,66.72129018928742,63.94844485217423,64.83938352929172,0.20320250590445876
1.2688,126.60424621309585,133.55955258603353,128.3759064804817,129.7837387245927,0.30272474843912495,0.2949081330657686,-0.007816615373356373,20.935617257756874,20.37648553657648,-0.5591317211803926,63.302123106547924,66.77977629301677,64.18795324024084,64.89186936229635,0.20312247203141343
1.2696,127.07121752021646,133.6749384976181,128.85654731926724,129.887018492129,0.3025391576552168,0.2947266996085792,-0.007812458046637549,20.922330063385964,20.363519333944865,-0.5588107294410989,63.53560876010823,66.83746924880904,64.42827365963362,64.9435092460645,0.20304243668343913
1.2704,127.53974734531849,133.78872194981636,129.33881155993566,129.98858863653007,0.3023543859890005,0.2945462355820502,-0.0078081504069503205,20.90910207700891,20.35062294933816,-0.5584791276707506,63.769873672659244,66.89436097490818,64.66940577996783,64.99429431826503,0.20296239986047973
1.2712,128.009835019608,133.90088667924874,129.82269840265084,130.08843131778806,0.3021704289622234,0.2943667361394352,-0.0078036928227882,20.895932970534886,20.33779602775953,-0.5581369427753557,64.004917509804,66.95044333962437,64.91134920132542,65.04421565889403,0.2028823615624818
1.272,128.48147975217555,134.01141632290242,130.30820690626797,130.18652858087356,0.30198728211898224,0.29418819645827576,-0.007799085660706473,20.882822417560806,20.325038216051656,-0.5577842015091505,64.24073987608777,67.00570816145121,65.15410345313398,65.09326429043678,0.2028023217893918
1.2728,128.95468062813245,134.12029441838976,130.795335986072,130.28286235608903,0.30180494102553324,0.29401061174020554,-0.007794329285327695,20.869770093356767,20.312349162881656,-0.5574209304751108,64.47734031406623,67.06014720919488,65.397667993036,65.14143117804451,0.2027222805411536
1.2736,129.42943660673163,134.22750440422897,131.28408441149898,130.3774144594516,0.3016234012701224,0.2938339772107665,-0.007789424059355898,20.856775674852976,20.299728518726802,-0.5570471561261741,64.71471830336581,67.11375220211448,65.64204220574949,65.1887072297258,0.2026422378177137
1.2744,129.9057465194725,134.33302962014662,131.77445080383632,130.47016659310447,0.3014426584628024,0.2936582881192116,-0.007784370343590807,20.843838840625722,20.287175935859317,-0.5566629047664051,64.95287325973625,67.16651481007331,65.88722540191816,65.23508329655223,0.20256219361901873
1.2752,130.38360906819062,134.43685330740567,132.26643363390608,130.56110034575946,0.30126270823525475,0.2934835397383173,-0.007779168496937439,20.83095927088372,20.27469106833189,-0.5562682025518306,65.19180453409531,67.21842665370283,66.13321681695304,65.28055017287973,0.20248214794501232
1.276,130.8630228231317,134.5389586091561,132.7600312197298,130.65019719317016,0.30108354624062783,0.2933097273642026,-0.007773818876425254,20.818136647455617,20.262273571963643,-0.555863075491974,65.43151141156585,67.26947930457806,66.3800156098649,65.32509859658508,0.20240210079564114
1.2768,131.34398622100986,134.63932857081028,133.25524172417343,130.73743849863618,0.300905168153354,0.29313684631614356,-0.0077683218372104346,20.805370653776016,20.249923104325816,-0.5554475494502,65.67199311050493,67.31966428540514,66.62762086208672,65.36871924931809,0.20232205217085072
1.2776,131.8264975630526,134.7379461404438,133.75206315257753,130.82280551354003,0.30072756966899405,0.29296489193639025,-0.0077626777326038066,20.792660974873446,20.23763932472763,-0.5550216501458145,65.9132487815263,67.3689730702219,66.87603157628877,65.41140275677002,0.2022420020705876
1.2784,132.31055501302816,134.83479416922174,134.2504933503658,130.90627937791638,0.3005507465040612,0.29279385958999027,-0.0077568869140709484,20.780007297356885,20.225421894202608,-0.5545854031542774,66.15527750651408,67.41739708461087,67.1252466751829,65.45313968895819,0.20216195049479557
1.2792,132.7961565952602,134.92985541185018,134.75053000063946,130.98784112105437,0.30037469439586567,0.2926237446646103,-0.0077509497312553965,20.76740930940381,20.21327047549481,-0.5541388339090005,66.3980782976301,67.46492770592509,67.37526500031973,65.49392056052719,0.20208189744342117
1.28,133.28330019262705,135.02311252705493,135.25217062175275,131.06747166213464,0.30019940910235243,0.29245454257036385,-0.007744866531988581,20.75486670074767,20.2011847330455,-0.5536819677021683,66.64165009631353,67.51155626352747,67.62608531087638,65.53373583106732,0.20200184291641088
1.2808,133.77198354454626,135.11454807808647,135.7554125648708,131.1451518109001,0.30002488640193914,0.29228624873963566,-0.0077386376623034825,20.742379162665493,20.189164332979573,-0.5532148296859205,66.88599177227313,67.55727403904324,67.8777062824354,65.57257590545005,0.2019217869137085
1.2816,134.26220424494556,135.20414453325307,136.26025301151256,131.2208622683623,0.29985112209336306,0.29211885862690956,-0.007732263466453504,20.729946387966077,20.177208943092253,-0.5527374448738236,67.13110212247278,67.60207226662654,68.13012650575628,65.61043113418116,0.2018417294352605
1.2824,134.7539597402187,135.2918842664812,136.76668897107558,131.29458362754374,0.2996781119955292,0.2919523677086079,-0.007725744286921299,20.71756807097828,20.165318232836643,-0.5522498381416376,67.37697987010935,67.6459421332406,68.38334448553779,65.64729181377187,0.2017616704810134
1.2832,135.24724732716845,135.37774955790428,137.27471727834575,131.36629637425628,0.29950585194734936,0.29178677148291127,-0.007719080464438088,20.705243907538733,20.153491873309854,-0.5517520342288798,67.62362366358423,67.68887477895214,68.63735863917287,65.68314818712814,0.20168161005091098
1.284,135.74206415093596,135.46172259448102,137.78433459099043,131.43598088791728,0.29933433780760194,0.29162206546960895,-0.007712272337992987,20.692973594980927,20.141729537241357,-0.5512440577395701,67.87103207546798,67.73086129724051,68.89216729549521,65.71799044395864,0.20160154814489972
1.2848,136.23840720291517,135.54378547064246,138.2955373870364,131.50361744240288,0.2991635654547806,0.29145824520992397,-0.0077053202448566505,20.68075683212365,20.130030898979534,-0.5507259331441148,68.11920360145758,67.77189273532123,69.1477686935182,65.75180872120144,0.2015214847629261
1.2856,136.73627331865612,135.6239201889692,138.80832196233288,131.56918620694037,0.2989935307869437,0.29129530626635713,-0.00769822452058655,20.668593319259383,20.118395634479555,-0.5501976847798282,68.36813665932806,67.8119600944846,69.40416098116644,65.78459310347019,0.20144141990493392
1.2864,137.23565917575363,135.70210866089874,139.32268442799864,131.63266724703888,0.2988242297215773,0.2911332442225294,-0.007690985499047898,20.65648275814375,20.10682342129122,-0.5496593368525282,68.61782958787681,67.85105433044937,69.66134221399932,65.81633362351944,0.20136135357086965
1.2872,137.7365612917245,135.77833270746476,139.83862070785645,131.69404052546096,0.2986556581954507,0.29097205468302384,-0.007683603512426862,20.64442485198437,20.095313938546727,-0.5491109134376408,68.86828064586226,67.88916635373238,69.91931035392822,65.84702026273048,0.20128128576067972
1.288,138.23897602187208,135.85257406006642,140.35612653585179,131.7532859032334,0.29848781216447096,0.29081173327322457,-0.007676078891246385,20.632419305429703,20.083866866948224,-0.5485524384814795,69.11948801093604,67.92628703003321,70.17806326792589,65.8766429516167,0.20120121647430797
1.2888,138.7428995571365,135.92481436127096,140.8751974534581,131.8103831407,0.29832068760355523,0.29065227563917323,-0.007668411964382005,20.620465824559172,20.072481888756695,-0.5479839358024776,69.37144977856825,67.96240718063548,70.43759872672905,65.90519157035,0.2011211457117008
1.2896,139.24832792193754,135.99503516564764,141.39582880707042,131.86531189861586,0.29815428050648723,0.29049367744741145,-0.007660603059075788,20.608564116872117,20.061158687779773,-0.5474054290923434,69.62416396096877,67.99751758282382,70.69791440353521,65.93265594930793,0.20104107347280475
1.2904,139.75525697200203,136.06321794063507,141.91801574538363,131.91805173928384,0.2979885868857789,0.29033593438482813,-0.007652652500950763,20.59671389127718,20.049896949359965,-0.5468169419172142,69.87762848600102,68.03160897031754,70.95900787269181,65.95902586964192,0.20096099975756354
1.2912,140.2636823921812,136.12934406744378,142.44175321676053,131.96858212773478,0.29782360277254943,0.29017904215851864,-0.007644560614030793,20.584914858082904,20.038696360363698,-0.5462184977192059,70.1318411960906,68.06467203372189,71.22087660838027,65.98429106386739,0.2008809245659236
1.292,140.77359969425802,136.19339484198915,142.96703596658725,132.016882432951,0.2976593242163859,0.2900229964956363,-0.007636327720749625,20.573166728987058,20.02755660916986,-0.5456101198171979,70.38679984712901,68.09669742099457,71.48351798329362,66.0084412164755,0.20080084789783142
1.2928,141.2850042147425,136.25535147586285,143.49385853461604,132.06293192913415,0.2974957472852146,0.28986779314324146,-0.007627954141973148,20.561469217066694,20.016477385658145,-0.5449918314085487,70.64250210737124,68.12767573793143,71.74692926730802,66.03146596456708,0.20072076975323078
1.2936,141.79789111265873,136.31519509733727,144.02221525229987,132.10670979701908,0.2973328680651742,0.289713427868167,-0.007619440197007221,20.549822036768376,20.005458381198626,-0.5443636555697502,70.89894555632937,68.15759754866863,72.01110762614994,66.05335489850954,0.20064069013206803
1.2944,142.3122553673192,136.37290675240553,144.5521002401135,132.14819512523258,0.2971706826604951,0.2895598964568747,-0.007610786203620434,20.538224903898843,19.994499288640604,-0.5437256152582393,71.1561276836596,68.18645337620276,72.27605012005675,66.07409756261629,0.20056060903428974
1.2952,142.82809177609397,136.42846740585887,145.0835074048677,132.1873669116991,0.2970091871933649,0.2894071947153111,-0.007601992478053765,20.526677535614702,19.98359980230154,-0.5430777333131616,71.41404588804699,68.21423370292943,72.54175370243385,66.09368345584954,0.20048052645983955
1.296,143.34539495216558,136.48185794239987,145.61643043701164,132.22420406509383,0.2968483778038164,0.2892553184687764,-0.007593059335040009,20.51517965041374,19.972759617956825,-0.5424200324569135,71.67269747608279,68.24092897119993,72.80821521850582,66.11210203254691,0.20040044240866395
1.2968,143.86415932227933,136.53305916779377,146.15086280792784,132.25868540634326,0.2966882506496007,0.28910426356178454,-0.0075839870878161575,20.503730968125122,19.961978432829,-0.5417525352961228,71.93207966113967,68.26652958389688,73.07543140396392,66.12934270317163,0.2003203568807094
1.2976,144.38437912448416,136.58205181005567,146.6867977672196,132.29078967017455,0.29652880190606834,0.2889540258579273,-0.007574776048141052,20.492331209900268,19.951255945577227,-0.541075264323041,72.19218956224208,68.29102590502784,73.3433988836098,66.14539483508727,0.20024026987591959
1.2984,144.90604840586474,136.62881652067955,147.22422833998877,132.320495506714,0.2963700277660544,0.28880460123974694,-0.007565426526307484,20.48098009820395,19.940591856287416,-0.5403882419165349,72.45302420293237,68.31440826033977,73.61211416999438,66.160247753357,0.20016018139424097
1.2992,145.42916102026794,136.67333387590216,147.76314732410964,132.34778148313586,0.2962119244397618,0.28865598560859884,-0.007555938831162956,20.469677356805285,19.929985866461607,-0.539691490343678,72.71458051013397,68.33666693795108,73.88157366205482,66.17389074156793,0.20008009143562
1.3,145.95371062602015,136.71558437800928,148.3035472874939,132.37262608536096,0.2960544881546405,0.2885081748845233,-0.007546313270117233,20.458422710768463,19.919437679008052,-0.5389850317604115,72.97685531301008,68.35779218900464,74.15177364374695,66.18631304268048,0.20000000000000032
1.3008,146.47969068364117,136.7555484566811,148.84542056535102,132.3950077198074,0.295773631621422,0.2882371230742827,-0.007536508547139331,20.438346135864737,19.90009559506933,-0.5382505407954064,73.23984534182058,68.37777422834056,74.42271028267551,66.1975038599037,0.19976082043917942
1.3016,147.00709445354892,136.79320647037716,149.38875925744517,132.41490471519265,0.2954951783345495,0.2879686317040683,-0.007526546630481246,20.41844263482399,19.88093741258416,-0.5375052222398295,73.50354722677446,68.39660323518858,74.69437962872259,66.20745235759632,0.19952162770526616
1.3024,147.53591499376165,136.82853870776356,149.93355522534537,132.4322953243885,0.2952191228263763,0.2877026953049532,-0.007516427521423119,20.398711783739152,19.861962707395495,-0.5367490763436571,73.76795749688083,68.41426935388178,74.96677761267269,66.21614766219425,0.19928242179681038
1.3032,148.06614515759284,136.86152538918148,150.47980008967465,132.44715772632912,0.2949454596212946,0.287439308400488,-0.007506151220806612,20.379153158522094,19.843171055231554,-0.5359821032905394,74.03307257879642,68.43076269459074,75.23990004483733,66.22357886316456,0.19904320271235887
1.304,148.59777759134425,136.8921466681572,151.02748522735516,132.45947002797325,0.2946741832356479,0.28717846550653553,-0.007495717729112394,20.359766334895223,19.824562031691762,-0.5352043032034608,74.29888879567213,68.4460733340786,75.51374261367758,66.22973501398663,0.19880397045046097
1.3048,149.1308047319919,136.9203826329553,151.57660176885148,132.4692102663211,0.2944052881776233,0.2869201611311027,-0.007485127046520601,20.34055088838173,19.806135212232533,-0.534415676149198,74.56540236599595,68.46019131647765,75.78830088442574,66.23460513316056,0.19856472500966474
1.3056,149.66521880487232,136.9462133081747,152.12714059541418,132.4763564104856,0.29413876894716295,0.2866643897741805,-0.007474379172982437,20.3215063942972,19.78789017215361,-0.5336162221435892,74.83260940243616,68.47310665408735,76.06357029770709,66.2381782052428,0.19832546638851817
1.3064,150.2010118213634,136.96961865638855,152.679092336321,132.48088636382096,0.2938746200358707,0.28641114592757855,-0.0074634741082921785,20.302632427740853,19.769826486584023,-0.5328059411568304,75.1005059106817,68.48480932819427,76.3395461681605,66.24044318191048,0.19808619458556986
1.3072,150.7381755765651,136.99057857982834,153.2324473661208,132.48277796610645,0.2936128359269179,0.2861604240747719,-0.0074524118521460125,20.283928563586734,19.751943730468973,-0.531984833117761,75.36908778828256,68.49528928991417,76.6162236830604,66.24138898305323,0.19784690959936538
1.308,151.27670164697741,137.00907292211258,153.78719580187752,132.48200899578816,0.2933534110949607,0.28591221869074535,-0.007441192404215369,20.26539437647578,19.734241478556488,-0.5311528979192914,75.63835082348871,68.50453646105629,76.89359790093876,66.24100449789408,0.19760761142845282
1.3088,151.816581388178,137.02508147002104,154.34332750041648,132.47855717227816,0.2930963400060498,0.28566652424183947,-0.007429815764210312,20.247029440807264,19.71671930538421,-0.5303101354230542,75.908290694089,68.51254073501052,77.17166375020824,66.23927858613908,0.19736830007137915
1.3096,152.3578059324997,137.0385839553139,154.9008320555758,132.47240015831215,0.2928416171175432,0.2854233351856027,-0.007418281931940496,20.228833330730545,19.69937678526668,-0.5294565454638658,76.17890296624985,68.51929197765695,77.4504160277879,66.23620007915608,0.19712897552669112
1.3104,152.9003661867089,137.04956005659812,155.45969879545888,132.4635155623665,0.2925892368780283,0.28518264597064713,-0.007406590907381161,20.210805620137418,19.68221349228281,-0.5285921278546084,76.45018309335445,68.52478002829906,77.72984939772944,66.23175778118325,0.19688963779293608
1.3112,153.44425282968334,137.0579894012403,156.01991677969482,132.4518809411338,0.2923391937272348,0.2849444510364952,-0.007394742690739642,20.19294588265386,19.665229000262766,-0.5277168823910934,76.72212641484167,68.52899470062015,78.00995838984741,66.2259404705669,0.19665028686865846
1.312,153.98945631009556,137.0638515673261,156.58147479670416,132.43747380206028,0.29209148209596075,0.28470874481345154,-0.007382737282509211,20.17525369163269,19.648422882776636,-0.5268308088560545,76.99472815504778,68.53192578366306,78.29073739835208,66.21873690103014,0.19641092275240513
1.3128,154.5359668440938,137.06712608566835,157.1443613609703,132.4202716059426,0.2918460964059921,0.2844755217224522,-0.0073705746835398545,20.15772862014579,19.63179471312148,-0.5259339070243101,77.2679834220469,68.53356304283417,78.57218068048515,66.2101358029713,0.19617154544272183
1.3136,155.08377441299126,137.06779244186322,157.7085647103216,132.40025176958682,0.2916030310700274,0.2842447761749373,-0.007358254895090066,20.14037024097668,19.61534406431005,-0.5250261766666284,77.54188720649563,68.53389622093161,78.8542823551608,66.20012588479341,0.1959321549381551
1.3144,155.63286876095498,137.06583007839367,158.27407280321992,132.3773916685288,0.2913622804915985,0.2840165025727093,-0.00734577791888924,20.123178126612807,19.599070509058528,-0.5241076175542787,77.81643438047749,68.53291503919684,79.13703640160996,66.1886958342644,0.19569275123724822
1.3152,156.18323939270363,137.0612183967848,158.84087331606236,132.3516686398175,0.29112383906500694,0.2837906953078087,-0.007333143757198235,20.10615184923897,19.582973619775473,-0.5231782294634968,78.09161969635181,68.5306091983924,79.42043665803118,66.17583431990874,0.19545333433854725
1.316,156.7348755712078,137.05393675980602,159.4089536404919,132.3230599848614,0.2908877011752458,0.28356734876238193,-0.007320352412863884,20.08929098072972,19.567052968550193,-0.5222380121795283,78.3674377856039,68.52696837990301,79.70447682024594,66.1615299924307,0.19521390424059692
1.3168,157.28776631539824,137.04396449372516,159.9783008807212,132.29154297233796,0.29065386119793474,0.2833464573085566,-0.007307403889378117,20.072595092642675,19.551308127141713,-0.5212869655009627,78.64388315769912,68.52198224686258,79.9891504403606,66.14577148616898,0.19497446094194182
1.3176,157.84190039788135,137.03128089061244,160.54890185087132,132.25709484116743,0.29042231349924885,0.2831280153083163,-0.007294298190932524,20.05606375621142,19.53573866696766,-0.5203250892437588,78.92095019894067,68.51564044530622,80.27445092543566,66.12854742058371,0.19473500444112718
1.3184,158.39726634266174,137.01586521069544,161.12074307232288,132.21969280355137,0.29019305243585064,0.28291201711338065,-0.007281035322469986,20.039696542338618,19.520344159093558,-0.5193523832450602,79.19863317133087,68.50793260534772,80.56037153616144,66.10984640177568,0.19449553473669517
1.3192,158.953852422875,136.9976966847655,161.69381077108582,132.1793140480762,0.28996607235483285,0.2826984570650851,-0.007267615289747731,20.023493021589918,19.505124174222065,-0.5183688473678529,79.4769262114375,68.49884834238274,80.84690538554291,66.0896570240381,0.1942560518271906
1.32,159.51164665852977,136.97675451663648,162.26809087518419,132.13593574288208,0.2897413675936501,0.2824873294942685,-0.007254038099381577,20.00745276418703,19.490078282682827,-0.5173744815042021,79.75582332926489,68.48837725831824,81.13404543759209,66.06796787144104,0.19401655571115703
1.3208,160.07063681425961,136.95301788565465,162.84356901206,132.08953503889788,0.2895189324800541,0.2822786287211552,-0.007240303758898892,19.991575340001116,19.475206054421893,-0.5163692855792235,80.03531840712981,68.47650894282732,81.42178450603,66.04476751944894,0.19377704638713777
1.3216,160.63081039708882,136.9264659492624,163.42023050599795,132.0400890731427,0.28929876133204296,0.2820723490552462,-0.0072264122767967676,19.97586031854712,19.4605070589918,-0.5153532595553187,80.31540519854441,68.4632329746312,81.71011525299897,66.02004453657135,0.19353752385367695
1.3224,161.1921546542075,136.89707784561438,163.998060375569,131.98757497209417,0.2890808484577905,0.281868484795205,-0.007212363662585486,19.96030726897673,19.445980865541298,-0.5143264034354331,80.59607732710376,68.44853892280719,81.9990301877845,65.99378748604708,0.19329798810931548
1.3232,161.75465657076364,136.8648326962472,164.5770433310983,131.93196985512367,0.28886518815559986,0.28166703022875933,-0.007198157926840532,19.94491576007307,19.43162704280616,-0.51328871726691,80.87732828538182,68.4324163481236,82.28852166554915,65.96598492756183,0.1930584391525969
1.324,162.3183028676673,136.82970960880314,165.15716377215554,131.87325083799982,0.28865177471383985,0.2814679796325896,-0.007183795081250222,19.929685360244093,19.41744515909911,-0.5122402011449836,81.15915143383366,68.41485480440157,82.57858188607777,65.93662541899991,0.19281887698206368
1.3248,162.8830799994102,136.79168767980738,165.73840578506966,131.81139503645946,0.288440602410895,0.2812713272722318,-0.007169275138663167,19.914615637517073,19.403434782300735,-0.5111808552163382,81.4415399997051,68.39584383990369,82.86920289253483,65.90569751822973,0.1925793015962579
1.3256,163.44897415190349,136.7507459975008,166.32075314047248,131.74637956984697,0.288231665515111,0.2810770674019718,-0.007154598113139177,19.89970615953266,19.389595479849817,-0.5101106796828425,81.72448707595174,68.3753729987504,83.16037657023624,65.87318978492348,0.1923397129937224
1.3264,164.01597124033145,136.70686364472624,166.9041892908668,131.6781815648227,0.28802495828474045,0.28088519426475367,-0.007139764019986783,19.884956493539036,19.37592681873464,-0.5090296748043954,82.00798562016573,68.35343182236312,83.4520946454334,65.83909078241135,0.19210011117299697
1.3272,164.58405690702452,136.66001970187185,167.4886973682265,131.60677815913962,0.2878204749678972,0.2806957020920824,-0.007124772875814811,19.87036620638662,19.362428365483925,-0.5079378409026951,82.29202845351226,68.33000985093592,83.74434868411325,65.80338907956981,0.191860496132624
1.328,165.15321651935136,136.61019324986702,168.0742601816253,131.53214650548978,0.28761820980250274,0.2805085851039283,-0.007109624698574457,19.85593486452229,19.349099686157864,-0.506835178364426,82.57660825967568,68.30509662493351,84.03713009081265,65.76607325274489,0.19162086787114457
1.3288,165.72343516763118,136.55736337323734,168.66086021489863,131.4542637754203,0.28741815701623963,0.2803238375086405,-0.007094319507599145,19.841662033984026,19.33594034633982,-0.5057216876442041,82.86171758381559,68.27868168661867,84.33043010744932,65.72713188771014,0.1913812263870997
1.3296,166.29469766307017,136.50150916321326,169.24847962433944,131.37310716331837,0.2872203108265098,0.2801414535028567,-0.007078857323653098,19.827547280395944,19.32294991112777,-0.5045973692681756,83.14734883153508,68.25075458160663,84.62423981216972,65.68655358165918,0.19114157167903098
1.3304,166.86698853571662,136.44260972089546,169.83710023642737,131.28865389046683,0.28702466544037597,0.279961427271414,-0.007063238168961983,19.813590168962143,19.310127945125778,-0.5034622238363653,83.43349426785831,68.22130486044773,84.91855011821369,65.64432694523342,0.190901903745477
1.3312,167.44029203244432,136.3806441604777,170.42670354559735,131.20088120916952,0.2868312150545344,0.27978375298726865,-0.007047462067265753,19.799790264462743,19.297474012436176,-0.5023162520265672,83.72014601622216,68.19032208023884,85.21335177279867,65.60044060458476,0.19066222258497884
1.332,168.01459211495828,136.31559161252494,171.01727071204417,131.10976640694724,0.286639953855259,0.2796084248114129,-0.007031529043846074,19.786147131247922,19.284987676651497,-0.5011594545964257,84.00729605747914,68.15779580626247,85.50863535602208,65.55488320347362,0.19042252819607658
1.3328,168.58987245782728,136.24743122730965,171.60878255956706,131.0152868108029,0.2864508760183666,0.27943543689279493,-0.007015439125571676,19.772660333233464,19.272668500846606,-0.49999183238685774,84.29493622891364,68.12371561365482,85.80439127978353,65.50764340540145,0.19018282057731078
1.3336,169.16611644654535,136.17614217820454,172.20121957345782,130.91741979155879,0.2862639757091704,0.2792647833682366,-0.006999192340933769,19.759329433895402,19.260516047570743,-0.49881338632465955,84.58305822327267,68.08807108910227,86.10060978672891,65.45870989577939,0.18994309972721912
1.3344,169.74330717561946,136.10170366513293,172.79456189842912,130.8161427682631,0.28607924708244675,0.27909645836236663,-0.006982788720080124,19.746153996265726,19.248529878840607,-0.4976241174251186,84.87165358780973,68.05085183256647,86.39728094921456,65.40807138413155,0.18970336564434173
1.3352,170.32142744668965,136.02409491807558,173.38878933658964,130.7114332126671,0.28589668428239384,0.2789304559875384,-0.006966228294855437,19.73313358292741,19.23670955613239,-0.4964240267950224,85.16071372334483,68.01204745903779,86.69439466829482,65.35571660633354,0.18946361832721761
1.336,170.90045976667813,135.9432952006368,173.98388134546516,130.60326865377337,0.28571628144259253,0.27876677034376524,-0.006949511098827299,19.720267756009658,19.225054640375003,-0.4952131156346553,85.45022988333906,67.9716476003184,86.99194067273258,65.30163432688668,0.18922385777438558
1.3368,171.48038634597188,135.85928381366648,174.57981703606643,130.49162668245413,0.2855380326859745,0.2786053955186452,-0.006932637167329281,19.707556077183636,19.21356469194262,-0.49399138524101716,85.74019317298594,67.92964190683324,87.28990851803322,65.24581334122706,0.188984083984385
1.3376,172.06118909663914,135.77204009894126,175.1765751710093,130.37648495613988,0.2853619321247824,0.2784463255872942,-0.006915606537488184,19.694998107657657,19.202239270647766,-0.492758837009891,86.03059454831957,67.88602004947063,87.58828758550464,65.18824247806994,0.18874429695575232
1.3384,172.64284963067988,135.68154344290198,175.7741341626838,130.2578212035784,0.28518797386054057,0.2782895546122859,-0.0068984192482546836,19.682593408173126,19.191077935734906,-0.4915154724382198,86.32142481533994,67.84077172145099,87.8870670813419,65.1289106017892,0.1885044966870265
1.3392,173.2253492583136,135.5877732804504,176.3724720714787,130.13561322966436,0.2850161519840177,0.2781350766435824,-0.006881075340435305,19.6703415389999,19.180080245873405,-0.490261293126494,86.6126746291568,67.7938866402252,88.18623603573936,65.06780661483218,0.18826468317674533
1.34,173.80866898630356,135.49070909880282,176.97156660405986,130.00983892033815,0.2848464605751987,0.27798288571847335,-0.006863574856725341,19.658242059932277,19.169245759151032,-0.48899630078124545,86.90433449315178,67.74535454940141,88.48578330202993,65.00491946016908,0.18802485642344632
1.3408,174.3927895163203,135.3903304414021,177.57139511170507,129.88047624755526,0.28467889370325067,0.2778329758615198,-0.006845917841730886,19.646294530284656,19.15857403306784,-0.48772049721681654,87.19639475816015,67.69516522070106,88.78569755585254,64.94023812377763,0.18778501642566778
1.3416,174.9776912433466,135.2866169118866,178.1719345886996,129.7475032743243,0.28451344542649504,0.27768534108449155,-0.006828104342003483,19.634498508887514,19.148064624529603,-0.48643388435791124,87.4888456216733,67.6433084559433,89.0859672943498,64.87375163716214,0.18754516318194484
1.3424,175.5633542541215,135.17954817811815,178.7731616707897,129.6108981598155,0.2843501097923766,0.2775399753863162,-0.006810134406060431,19.622853554083292,19.137717089842013,-0.485136464241279,87.78167712706075,67.58977408905908,89.38658083539485,64.80544907990775,0.1873052966908153
1.3432,176.1497583256305,135.0691039762661,179.3750526337002,129.47063916453675,0.2841888808374379,0.2773968727530214,-0.00679200808441649,19.61135922372253,19.127530984704507,-0.48382823901802396,88.07487916281525,67.53455198813305,89.6875263168501,64.73531958226837,0.1870654169508157
1.344,176.7368829236368,134.9552641149502,179.97758339171594,129.326704655579,0.28402975258728985,0.2772560271576841,-0.006773725429605748,19.60001507515989,19.117505864204464,-0.48250921095542765,88.3684414618184,67.4776320574751,89.98879169585797,64.6633523277895,0.18682552396048235
1.3448,177.3247072012609,134.83800847944025,180.5807294963279,129.17907311192977,0.2838727190565895,0.27711743256038396,-0.006755286496205548,19.58882066525053,19.1076412828118,-0.4811793824387287,88.66235360063045,67.41900423972012,90.29036474816395,64.58953655596488,0.1865856177183523
1.3456,177.91320999760657,134.71731703591269,181.18446613495013,129.0277231298541,0.28371777424900835,0.2769810829081465,-0.006736691340861856,19.577775550345926,19.097936794372785,-0.47983875597314096,88.95660499880329,67.35865851795634,90.59223306747506,64.51386156492705,0.1863456982229596
1.3464,178.50236983643447,134.59316983576477,181.78876812970304,128.87263342834268,0.2835649121572131,0.276846972134906,-0.006717940022307078,19.566879286290526,19.08839195210528,-0.478487334185246,89.25118491821723,67.29658491788238,90.89438406485152,64.43631671417134,0.1861057654728407
1.3472,179.09216492488787,134.4655470199849,182.39360993627116,128.7137828546268,0.28341412676284156,0.2767150941614531,-0.006699032601388433,19.556131428418077,19.079006308592874,-0.4771251198252031,89.54608246244393,67.23277350999246,91.19680496813558,64.3568914273134,0.18586581946653097
1.348,179.6825731522686,134.3344288235799,182.99896564283372,128.55115038975904,0.28326541203647987,0.2765854428953995,-0.006679969141080377,19.545531531548022,19.069779415780246,-0.47575211576777576,89.8412865761343,67.16721441178996,91.49948282141686,64.27557519487952,0.1856258602025656
1.3488,180.27357208886502,134.19979558005826,183.6048089690696,128.38471515426008,0.28311876193763974,0.27645801223113076,-0.006660749706508984,19.53507914998195,19.060710824967703,-0.47436832501424675,90.13678604443251,67.09989779002913,91.8024044845348,64.19235757713004,0.18538588767948033
1.3496,180.8651389848379,134.06162772596923,184.21111326524203,128.2144564138289,0.28297417041473655,0.27633279604976657,-0.006641374364969976,19.52477383750007,19.05180008680621,-0.4729737506938605,90.43256949241895,67.03081386298462,92.10555663262102,64.10722820691446,0.18514590189580793
1.3504,181.45725076915812,133.91990580549756,184.81785151136077,128.04035358511902,0.2828316314050725,0.2762097882191283,-0.006621843185944221,19.514615147358036,19.043046751292948,-0.4715683960650878,90.72862538457906,66.95995290274878,92.40892575568039,64.02017679255951,0.1849059028500838
1.3512,182.04988404860498,133.77461047511318,185.42499631642698,127.86238624157593,0.28269113883481783,0.2760889825937008,-0.006602156241117041,19.504602632283678,19.034450367766485,-0.4701522645171927,91.02494202430249,66.88730523755659,92.71249815821349,63.93119312078797,0.18466589054084198
1.352,182.6430151068225,133.62572250827574,186.03251991776145,127.68053411933802,0.2825526866189866,0.27597037301459626,-0.006582313604390322,19.494735844473325,19.026010484902088,-0.46872535957123773,91.32150755341125,66.81286125413787,93.01625995888072,63.84026705966901,0.18442586496661645
1.3528,183.2366199034358,133.47322280019307,186.64039418041642,127.49477712319937,0.28241626866142905,0.2758539533095242,-0.006562315351904824,19.4850143355893,19.017726650707452,-0.4672876848818497,91.6183099517179,66.73661140009654,93.32019709020821,63.747388561599685,0.1841858261259418
1.3536,183.83067407323037,133.317092372634,187.24859059667813,127.30509533263191,0.28228187885480094,0.2757397172927564,-0.006542161562044513,19.47543765675579,19.00959841251808,-0.46583924423770995,91.91533703661518,66.658546186317,93.62429529833906,63.652547666315954,0.18394577401734952
1.3544,184.42515292539414,133.1573123787935,187.8570802856547,127.11146900786879,0.282149511080562,0.27562765876510675,-0.006521852315455268,19.466005358556792,19.00162531699373,-0.4643800415630608,92.21257646269707,66.57865618939675,93.92854014282734,63.555734503934396,0.18370570863937383
1.3552,185.02003144282583,132.99386410821148,188.46583399295906,126.91387859604512,0.28201915920895265,0.2755177715138941,-0.006501387695058536,19.4567169910325,18.993806910113662,-0.4629100809188387,92.51001572141291,66.49693205410574,94.23291699647953,63.45693929802256,0.1834656299905476
1.356,185.61528428150922,132.82672899174233,189.0748220904823,126.7123047373965,0.28189081709897956,0.27541004931292073,-0.0064807677860588275,19.447572103676354,18.986142737172955,-0.46142936650339905,92.80764214075461,66.41336449587116,94.53741104524114,63.35615236869825,0.1832255380694044
1.3568,186.210885769955,132.65588860657758,189.68401457626356,126.50672827151492,0.2817644785984024,0.27530448592244755,-0.006459992675954873,19.43857024543213,18.978632342778653,-0.45993790265347556,93.1054428849775,66.32794430328879,94.84200728813178,63.25336413575746,0.18298543287447488
1.3576,186.80680990871494,132.4813246813174,190.29338107445776,126.29713024365839,0.28164013754372585,0.2752010750891725,-0.006439062454553335,19.429710964691438,18.971275270846093,-0.4584356938453453,93.40340495435747,66.2406623406587,95.14669053722888,63.14856512182919,0.1827453144042922
1.3584,187.40303036996423,132.30301910109353,190.90289083540046,126.08349191111569,0.28151778776017866,0.275099810546208,-0.006417977213970638,19.420993809290305,18.964071064595164,-0.4569227446951416,93.70151518498211,66.15150955054676,95.45144541770023,63.04174595555784,0.18250518265738827
1.3592,187.99952049715975,132.12095391274067,191.51251273577677,125.86579474962325,0.2813974230617087,0.27500068601306166,-0.0063967370486470165,19.41241832650686,18.957019266546833,-0.45539905996002616,93.99976024857988,66.06047695637034,95.75625636788838,62.932897374811624,0.18226503763229482
1.36,188.59625330477095,131.93511133001672,192.1222152788909,125.64402045983346,0.28127903725096975,0.274903695195619,-0.00637534205535073,19.40398406305849,18.950119418519805,-0.4538646445386867,94.29812665238548,65.96755566500836,96.06110763944545,62.82201022991673,0.18202487932754421
1.3608,189.1932014780873,131.74547373887032,192.7319665950418,125.41815097383308,0.28116262411930965,0.2748088317861248,-0.006353792333184838,19.39569056509903,18.94337106162703,-0.4523195034720011,94.59660073904365,65.87273686943516,96.3659832975209,62.70907548691654,0.18178470774166589
1.3616,189.79033737310465,131.55202370275518,193.34173444200678,125.18816846170962,0.2810481774467633,0.27471608946317067,-0.006332087983592638,19.38753737821635,18.936773736272755,-0.4507636419435954,94.89516868655232,65.77601185137759,96.67086722100339,62.59408423085481,0.1815445228731917
1.3624,190.3876330164886,131.35474396799071,193.951486205632,124.95405533816535,0.2809356910020423,0.2746254618916817,-0.00631022911036061,19.379524047429676,18.930326982149428,-0.4491970652802486,95.1938165082443,65.67737198399536,96.975743102816,62.47702766908267,0.18130432472065244
1.3632,190.985060105621,131.1536174691666,194.56118890053642,124.71579426917565,0.2808251585425271,0.27453694272290213,-0.006288215819624965,19.371650117187123,18.924030338234537,-0.44761977895258553,95.4925300528105,65.5768087345833,97.28059445026821,62.35789713458782,0.18106411328257854
1.364,191.5825900087277,130.94862733459195,195.17080917092682,124.47336817869197,0.2807165738142595,0.2744505255943876,-0.0062660482198719225,19.36391513136321,18.917883342787977,-0.4460317885752332,95.79129500436385,65.47431366729597,97.58540458546341,62.236684089345985,0.18082388855750126
1.3648,192.1801937650906,130.73975689178667,195.7803132915282,124.22676025538635,0.2806099305519311,0.27436620412999163,-0.006243726421939488,19.356318633256123,18.91188553334896,-0.44443309990716173,96.0900968825453,65.36987844589333,97.8901566457641,62.113380127693176,0.18058365054394868
1.3656,192.77784208534428,130.52698967301563,196.38966716863055,123.97595395943605,0.28050522247888715,0.2742839719398638,-0.0062212505390233375,19.348860165586064,18.90603644673376,-0.44282371885230276,96.38892104267214,65.26349483650782,98.19483358431528,61.98797697971803,0.18034339924045156
1.3664,193.37550535186207,130.31030942086187,196.99883634125447,123.72093302934677,0.28040244330711,0.27420382262043785,-0.006198620686672152,19.341539270492156,18.90033561903274,-0.4412036514594142,96.68775267593104,65.15515471043093,98.49941817062724,61.860466514673384,0.18010313464553937
1.3672,193.9731536192284,130.08970009384012,197.607785982438,123.46168148881215,0.28030158673721983,0.2741257497544334,-0.006175836982786453,19.334355489530562,18.89478258560838,-0.4395729039221834,96.9865768096142,65.04485004692006,98.803892991219,61.73084074440607,0.17986285675774144
1.368,194.57075661480278,129.86514587204846,198.21648090064355,123.19818365360801,0.2802026464584674,0.2740497469108457,-0.00615289954762166,19.327308363672067,18.88937688109241,-0.43793148257965697,97.28537830740139,64.93257293602423,99.10824045032177,61.599091826804006,0.17962256557558764
1.3688,195.1682837393748,129.63663116285693,198.82488554129083,122.93042413851904,0.28010561614873164,0.27397580764494583,-0.006129808503785805,19.32039743329998,18.884118039383722,-0.4362793939162586,97.5841418696874,64.81831558142846,99.41244277064541,61.46521206925952,0.17938226109760502
1.3696,195.76570406791328,129.40414060663113,199.43296398841423,122.65838786429622,0.2800104894745153,0.2739039254982829,-0.006106563976232382,19.313622238207913,18.87900559364641,-0.4346166445615012,97.88285203395664,64.70207030331557,99.71648199420711,61.32919393214811,0.17914194332232297
1.3704,196.36298635040862,129.1676590824908,200.04067996644903,122.3820600646421,0.2799172600909409,0.2738340939986817,-0.006083166092259229,19.30698231759757,18.874039076307465,-0.4329432412901042,98.18149317520431,64.5838295412454,100.02033998322452,61.19103003232105,0.17890161224826984
1.3712,196.96009901281388,128.92717171410095,200.64799684214577,122.10142629322227,0.27982592164175213,0.27376630666024465,-0.006059614981507477,19.300477210076956,18.86921801905484,-0.4312591910221144,98.48004950640694,64.46358585705048,100.32399842107289,61.05071314661114,0.17866126787397457
1.372,197.55701015808134,128.68266387549366,201.25487762661652,121.8164724307016,0.27973646775930455,0.27370055698335394,-0.006035910775950615,19.294106453657797,18.864541952835456,-0.429564500822341,98.77850507904067,64.34133193774683,100.62743881330826,60.9082362153508,0.17842091019796313
1.3728,198.1536875672996,128.4341211969212,201.861284977513,121.52718469180085,0.27964889206457166,0.27363683845468023,-0.006012053609891432,19.28786958575406,18.860010407853714,-0.4278591779003449,99.0768437836498,64.2170605984606,100.9306424887565,60.76359234590043,0.17818053921876406
1.3736,198.75009870093092,128.18152957073667,202.46718120133926,121.23354963237341,0.2795631881671417,0.2735751445471853,-0.005988043619956418,19.281766143179826,18.855622913569576,-0.42614322961025053,99.37504935046546,64.09076478536834,101.23359060066963,60.616774816186705,0.17794015493490462
1.3744,199.34621070015066,127.92487515730059,203.07252825590055,120.93555415649857,0.2794793496652155,0.2735154687201289,-0.005963880945086597,19.27579566214723,18.85137899869694,-0.42441666345029105,99.67310535007533,63.962437578650295,101.53626412795028,60.467777078249284,0.1776997573449119
1.3752,199.94199038829154,127.66414439091436,203.6772877528898,120.63318552358865,0.2793973701456086,0.27345780441907874,-0.005939565726529872,19.269957678264728,18.847278191202232,-0.4226794870624957,99.97099519414577,63.83207219545718,101.8386438764449,60.316592761794325,0.1774593464473137
1.376,200.5374042723911,127.39932398577558,204.28142096061205,120.32643135550835,0.27931724318374823,0.27340214507591454,-0.005915098107833694,19.264251726534958,18.843320018302606,-0.42093170823235226,100.26870213619554,63.69966199288779,102.14071048030603,60.163215677754174,0.17721892224063474
1.3768,201.13241854484656,127.1304009419559,204.88488880685088,120.01527964370334,0.27923896234368184,0.2733484841088501,-0.005890478234831742,19.258677341353472,18.83950400646536,-0.4191733348881108,100.56620927242328,63.56520047097795,102.44244440342544,60.00763982185167,0.17697848472340225
1.3776,201.72699908517686,126.85736255139862,205.48765188187454,119.69971875633513,0.27916252117807105,0.2732968149224322,-0.0058657062556388695,19.2532340565064,18.835829681405805,-0.41740437510059536,100.86349954258843,63.42868127569931,102.74382594093727,59.849859378167565,0.17673803389414236
1.3784,202.32111146189524,126.58019640393411,206.089670441588,119.37973744541891,0.2790879132281965,0.27324713090756286,-0.00584078232063362,19.247921405168917,18.832296568086697,-0.41562483708221976,101.16055573094762,63.290098201967055,103.044835220794,59.689868722709456,0.17649756975138095
1.3792,202.9147209344898,126.29889039331195,206.6909044108272,119.05532485396378,0.2790151320239637,0.2731994254415087,-0.005815706582455005,19.24273891990375,18.828904190716816,-0.4138347291869344,101.4573604672449,63.149445196655975,103.3454522054136,59.52766242698189,0.17625709229364456
1.38,203.50779245551828,126.01343272324677,207.29131338680136,118.72647052310975,0.27894417108389974,0.27315369188791705,-0.0057904791959826896,19.23768613265907,18.825652072749996,-0.41203405990907527,101.75389622775914,63.00671636162338,103.64565669340068,59.36323526155488,0.17601660151945664
1.3808,204.10029067281414,125.72381191347665,207.89085664268052,118.39316439926031,0.27887502391515956,0.27310992359683534,-0.005765100318324223,19.232762574767055,18.82253973688442,-0.41022283788263536,102.05014533640707,62.861905956738326,103.94542832134026,59.19658219963016,0.17577609742734326
1.3816,204.69217993180663,125.43001680583234,208.48949313133232,118.05539684120782,0.2788076840135329,0.2730681139047257,-0.005739570108807213,19.22796777694249,18.819566705061526,-0.408401071880963,102.34608996590332,62.71500840291617,104.24474656566616,59.02769842060391,0.1755355800158293
1.3824,205.28342427795837,125.13203657031369,209.08718148920897,117.71315862724664,0.27874214486344406,0.27302825613448417,-0.005713888728959893,19.223301269280885,18.8167324984653,-0.4065687708155856,102.64171213897919,62.566018285156844,104.54359074460449,58.85657931362332,0.17529504928343945
1.3832,205.87398745931597,124.82986071117318,209.68388004038286,117.36644096227418,0.2786783999379597,0.2729903435954624,-0.00568805634249725,19.218762581257142,18.814036637521696,-0.40472594373544624,102.93699372965798,62.41493035558659,104.84194002019143,58.68322048113709,0.17505450522869892
1.384,206.4638329291823,124.52347907300316,210.27954680073583,117.01523548487302,0.27861644269878866,0.27295436958348257,-0.005662073115306088,19.21435124172367,18.811478641897594,-0.4028725998260754,103.23191646459115,62.26173953650158,105.13977340036791,58.50761774243651,0.17481394785013007
1.3848,207.0529238489043,124.21288184682423,210.87413948229982,116.6595342743738,0.2785562665962957,0.2729203273808685,-0.005635939215427155,19.21006677890949,18.809058030500946,-0.40100874840854317,103.52646192445215,62.106440923412116,105.43706974114991,58.3297671371869,0.17457337714625767
1.3856,207.64122309078184,123.8980595761744,211.46761549775002,116.29932985789524,0.27849786506949975,0.2728882102564628,-0.005609654813036935,19.20590872041824,18.806774321479875,-0.3991343989383651,103.82061154539092,61.9490297880872,105.73380774887501,58.14966492894762,0.17433279311560546
1.3864,208.22869324109834,123.57900316319446,212.05993196505509,115.9346152173556,0.2784412315460876,0.27285801146565064,-0.005583220080436935,19.201876593227276,18.804627032222264,-0.39724956100501174,104.11434662054917,61.78950158159723,106.02996598252754,57.9673076086778,0.1740921957566967
1.3872,208.81529660327058,123.2557038747087,212.6510457122788,115.56538379645595,0.2783863594424134,0.27282972425038665,-0.00555663519202676,19.197969923685793,18.802615679355593,-0.39535424433019983,104.40764830163529,61.62785193735435,106.3255228561394,57.782691898227974,0.1738515850680556
1.388,209.40099520112483,122.92815334829827,213.24091328254028,115.19162950762833,0.27833324216350747,0.2728033418392189,-0.0055299003242885725,19.19418823751355,18.800739778746532,-0.3934484587670184,104.70049760056241,61.46407667414913,106.62045664127014,57.59581475381417,0.17361096104820317
1.3888,209.9857507822935,122.59634359836404,213.82949093912896,114.81334673894784,0.2782818731030882,0.27277885744731895,-0.005503015655769272,19.190531059799902,18.79899884550102,-0.39153221429888063,104.99287539114675,61.29817179918202,106.91474546956448,57.40667336947392,0.173370323695663
1.3896,210.56952482173764,122.26026702217847,214.41673467077615,114.43053036100443,0.27823224564356597,0.27275626427650795,-0.005475981367058014,19.18699791500218,18.797392393964,-0.389605521038181,105.28476241086882,61.130133511089234,107.20836733538808,57.215265180502215,0.17312967300895754
1.3904,211.15227852539527,121.91991640592092,215.00260019708523,114.04317573372983,0.2781843531560518,0.27273555551528494,-0.005448797640766834,19.183588326944477,18.79591993771934,-0.38766838922513713,105.57613926269764,60.95995820296046,107.50130009854261,57.02158786686491,0.17288900898660892
1.3912,211.7339728339541,121.57528493069711,215.5870429741178,113.65127871317794,0.27813818900036513,0.27271672433885796,-0.005421464661507169,19.180301818816364,18.794580989589996,-0.3857208292263685,105.86698641697706,60.787642465348554,107.7935214870589,56.82563935658897,0.17264833162714002
1.392,212.31456842675283,121.2263661785371,216.17001820013937,113.25483565825324,0.2780937465250459,0.27269976390917244,-0.005393982615873483,19.177137913171848,18.79337506163792,-0.38376285153392686,106.15728421337641,60.61318308926855,108.08500910006968,56.62741782912662,0.17240764092907068
1.3928,212.89402572580897,120.87315413837223,216.7514808215224,112.85384343738468,0.278051019067359,0.27268466737494607,-0.005366351692412952,19.174096131927897,18.79230166516445,-0.381794466763445,106.44701286290449,60.436577069186114,108.3757404107612,56.42692171869234,0.1721669368909233
1.3936,213.47230489997386,120.51564321198566,217.33138553880653,112.44829943514155,0.2780099999533079,0.27267142787169957,-0.005338572081608317,19.17117599636354,18.791360310710456,-0.3798156856530852,106.73615244998693,60.25782160599283,108.66569276940326,56.224149717570775,0.17192621951121898
1.3944,214.04936586921843,120.15382821993505,217.90968681291997,112.03820155878576,0.2779706824976442,0.2726600385217916,-0.005310643975852569,19.168377027118705,18.7905505080567,-0.3778265190620047,107.02468293460922,60.076914109967525,108.95484340645999,56.01910077939288,0.17168548878847875
1.3952,214.6251683090458,119.78770440744543,218.48633887155617,111.62354824475979,0.2779330600038742,0.2726504924344506,-0.00528256756942358,19.16569874419287,18.789871766224053,-0.37582697796881703,107.3125841545229,59.893852203722716,109.24316943577809,55.811774122379894,0.1714447447212242
1.396,215.19967165503473,119.41726745026703,219.0612957157106,111.20433846510328,0.2778971257642733,0.2726427827058093,-0.005254343058464006,19.16314066694422,18.78932359347386,-0.3738170734703594,107.59983582751737,59.70863372513352,109.5306478578553,55.60216923255164,0.17120398730797393
1.3968,215.77283510751226,119.04251346049774,219.6345111263752,110.78057173379683,0.27786287305989416,0.27263690241894567,-0.005225970640948485,19.160702314088425,18.788905497308804,-0.3717968167796215,107.88641755375613,59.52125673024887,109.8172555631876,55.39028586689842,0.17096321654724908
1.3976,216.34461763635704,118.66343899236725,220.20593867138894,110.35224811302828,0.277830295160581,0.2726328446439148,-0.005197450516666202,19.15838320369782,18.788616984473073,-0.36976621922474706,108.17230881817852,59.331719496183624,110.10296933569447,55.17612405651414,0.17072243243756963
1.3984,216.91497798593272,118.28004104797645,220.77553171244853,109.9193682193769,0.27779938532497866,0.2726306024377907,-0.005168782887187973,19.156182853200214,18.788457560953276,-0.36772529224693784,108.45748899296636,59.14002052398823,110.38776585622426,54.95968410968845,0.17048163497745622
1.3992,217.48387468015207,117.89231708299533,221.3432434122723,109.4819332299131,0.2777701368005411,0.2726301688446976,-0.005139967955843483,19.154100779377686,18.78842673197863,-0.3656740473990574,108.74193734007603,58.94615854149767,110.67162170613615,54.74096661495655,0.17024082416542644
1.4,218.05126602767217,117.50026501230968,221.90902674192358,109.03994488820813,0.2777425428235516,0.27263153689585784,-0.005111005927693757,19.15213649836621,18.788524002022243,-0.3636124963439684,109.02563301383609,58.75013250615484,110.95451337096179,54.51997244410406,0.17000000000000046
1.4008,218.61711012722026,117.10388321561915,222.47283448828705,108.59340551025092,0.2777598580636837,0.2726769811289997,-0.005082876934684011,19.153369084635465,18.791755157765543,-0.36161392686992144,109.30855506361013,58.551941607809574,111.23641724414352,54.29670275512546,0.17000000000000046
1.4016,219.18136487304955,116.70317054298076,223.03461926170058,108.14231799026828,0.27777694613854054,0.2727222643755001,-0.005054681763040414,19.15458550495081,18.79497490073923,-0.35961060421157853,109.59068243652477,58.35158527149038,111.51730963085029,54.07115899513414,0.17000000000000046
1.4024,219.7439879605277,116.29812632029471,223.59433350374155,107.68668580644243,0.2777938037838368,0.27276738285852314,-0.005026420925313635,19.155785526750783,18.79818296203969,-0.35760256471109386,109.87199398026385,58.14906316014736,111.79716675187078,53.84334290322121,0.17000000000000046
1.4032,220.30493689185403,115.88875035473181,224.15192949516373,107.22651302652532,0.27781042776043957,0.2728123328289594,-0.004998094931480179,19.1569689192634,18.80137907472492,-0.3555898445384784,110.15246844592701,57.944375177365906,112.07596474758186,53.61325651326266,0.17000000000000046
1.404,220.86416898190822,115.47504294009603,224.70735936398856,106.7618043133419,0.277826814854274,0.2728571105653465,-0.004969704288927512,19.158135453499593,18.8045629738091,-0.35357247969049155,110.43208449095411,57.737521470048016,112.35367968199428,53.38090215667095,0.17000000000000046
1.4048,221.42164136422915,115.0570048621223,225.26057509374456,106.29256493018144,0.2778429618762278,0.272901712373779,-0.004941249502448786,19.159284902246576,18.807734396256365,-0.3515505059902111,110.71082068211457,57.52850243106115,112.63028754687228,53.14628246509072,0.17000000000000046
1.4056,221.97731099712172,114.63463740370462,225.81152853185606,105.8188007460717,0.2778588656620585,0.27294613458782807,-0.004912731074230403,19.16041704006139,18.810893080975315,-0.34952395908607414,110.98865549856086,57.31731870185231,112.90576426592803,52.90940037303585,0.17000000000000046
1.4064,222.531134669897,114.20794235005123,226.360171398181,105.34051824093063,0.27787452307229626,0.2729903735684555,-0.004884149503840751,19.161531643264166,18.81403876881311,-0.34749287445105637,111.2655673349485,57.10397117502561,113.1800856990905,52.67025912046532,0.17000000000000046
1.4072,223.08306900923563,113.7769219937654,226.90645529369286,104.85772451059478,0.2778899309921541,0.2730344257039318,-0.004855505288222262,19.162628489931862,18.817171202549844,-0.3454572873820183,111.54153450461781,56.8884609968827,113.45322764684643,52.42886225529739,0.17000000000000046
1.408,223.6330704856848,113.34157913984605,227.4503317093082,104.37042727171642,0.2779050863314324,0.27307828740975215,-0.004826798921680253,19.163707359891646,18.82029012689278,-0.34341723299886695,111.8165352428424,56.67078956992302,113.7251658546541,52.18521363585821,0.17000000000000046
1.4088,224.18109542027966,112.90191711060771,227.99175203485646,103.87863486652896,0.2779199860244269,0.2731219551285504,-0.004798030895876493,19.16476803471449,18.82339528847045,-0.34137274624404057,112.09054771013983,56.450958555303856,113.99587601742823,51.93931743326448,0.17000000000000046
1.4096,224.72709999129125,112.45793975051471,228.53066756819004,103.38235626747517,0.2779346270298382,0.2731654253300209,-0.00476920169981726,19.16581029770891,18.826486435827295,-0.33932386188161345,112.36354999564563,56.228969875257356,114.26533378409502,51.69117813373759,0.17000000000000046
1.4104,225.27104024110338,112.00965143092719,229.06702952443413,102.8816010816926,0.27794900633067793,0.2732086945108324,-0.004740311819845522,19.1668339339144,18.829563319417762,-0.33727061449663864,112.63552012055169,56.004825715463596,114.53351476221707,51.4408005408463,0.17000000000000046
1.4112,225.81287208321098,111.55705705475629,229.60078904537144,102.37637955535607,0.2779631209341781,0.27325175919454764,-0.0047113617396304375,19.16783873009518,18.832625691600782,-0.3352130384943983,112.90643604160549,55.77852852737814,114.80039452268572,51.18818977767803,0.17000000000000046
1.412,226.35255130934536,111.10016206102306,230.13189720896415,101.86670257786969,0.2779769678717016,0.27329461593153703,-0.004682351940164586,19.16882447473398,18.83567330663386,-0.3331511681001196,113.17627565467268,55.55008103051153,115.06594860448207,50.933351288934844,0.17000000000000046
1.4128,226.89003359672088,110.63897242932123,230.6603050390044,101.35258168590599,0.2779905441986512,0.2733372612989022,-0.004653282899749034,19.169790958025672,18.83870592066784,-0.33108503735783046,113.44501679836044,55.319486214660614,115.3301525195022,50.676290842952994,0.17000000000000046
1.4136,227.42527451540352,110.17349468417792,231.18596351489694,100.83402906728932,0.27800384699437797,0.27337969190038797,-0.004624155093990001,19.170737971870963,18.841723291740852,-0.32901468013011126,113.71263725770176,55.08674734208896,115.59298175744847,50.41701453364466,0.17000000000000046
1.4144,227.95822953580128,109.7037358993096,231.70882358156808,100.31105756471703,0.2780168733620934,0.2734219043663062,-0.0045949689957872075,19.17166530987027,18.844725179773114,-0.3269401300971566,113.97911476790064,54.8518679496548,115.85441179078404,50.155528782358516,0.17000000000000046
1.4152,228.48885403627247,109.22970370177227,232.2288361594986,99.78368067931774,0.27802962042878326,0.2734638953534493,-0.004565725075333982,19.172572767317753,18.84771134656099,-0.32486142075676483,114.24442701813624,54.61485185088613,116.1144180797493,49.89184033965887,0.17000000000000046
1.416,229.0171033108529,108.75140627599853,232.7459521548789,99.25191257403999,0.2780420853451111,0.27350566154501205,-0.004536423800099054,19.173460141194585,18.85068155577165,-0.3227785854229346,114.50855165542644,54.37570313799927,116.37297607743945,49.625956287019996,0.17000000000000046
1.4168,229.54293257709864,108.26885236772229,233.26012246988267,98.71576807686971,0.2780542652853394,0.27354719965050833,-0.004507065634831053,19.174327230163506,18.85363557293735,-0.3206916572261562,114.77146628854932,54.134426183861144,116.63006123494134,49.357884038434854,0.17000000000000046
1.4176,230.06629698404393,107.78205128778637,233.77129801305463,98.17526268387243,0.27806615744723373,0.27358850640569277,-0.004477651041540964,19.175173834562177,18.85657316545007,-0.31860066911210794,115.03314849202197,53.89102564389319,116.88564900652732,49.087631341936216,0.17000000000000046
1.4184,230.58715162027224,107.29101291582869,234.27942970981408,97.63041256205476,0.27807775905198173,0.27362957857247533,-0.004448180479506403,19.175999756397523,18.859494102555665,-0.31650565384185825,115.29357581013612,53.645506457914344,117.13971485490704,48.81520628102738,0.17000000000000046
1.4192,231.10545152209855,106.79574770384649,234.78446851306413,97.08123455204506,0.27808906734410255,0.27367041293884703,-0.004418654405255518,19.176804799339468,18.862398155348778,-0.31440664399069007,115.55272576104927,53.397873851923244,117.39223425653206,48.54061727602253,0.17000000000000046
1.42,231.62115168186148,106.29626667963271,235.28636541390887,96.52774617058549,0.27810007959135913,0.27371100631879064,-0.004389073272568489,19.177588768714845,18.865285096766712,-0.3123036719481327,115.81057584093074,53.148133339816354,117.64318270695443,48.263873085292744,0.17000000000000046
1.4208,232.13420705632228,105.79258145008333,235.78507145247326,95.96996561283623,0.278110793084678,0.2737513555522101,-0.004359437532467925,19.178351471501838,18.868154701584622,-0.3101967699172157,116.06710352816114,52.896290725041666,117.89253572623663,47.98498280641812,0.17000000000000046
1.4216,232.64457257516935,105.28470420437236,236.28053772881944,95.40791175448561,0.27812120513805694,0.27379145750484213,-0.004329747633214809,19.179092716323545,18.87100674640944,-0.30808596991410653,116.32228628758467,52.64235210218618,118.14026886440972,47.703955877242805,0.17000000000000046
1.4224,233.15220314962767,104.77264771698984,236.77271541396124,94.84160415366306,0.2781313130884839,0.27383130906818204,-0.00430000402030184,19.179812313442383,18.8738410096748,-0.30597130376758486,116.57610157481383,52.38632385849492,118.38635770698062,47.42080207683153,0.17000000000000046
1.4232,233.6570536811668,104.25642535064222,237.26155576096718,94.27106305265397,0.27814111429585003,0.27387090715939916,-0.0042702071364508765,19.180510074754032,18.876657271635228,-0.30385280311880436,116.8285268405834,52.12821267532111,118.63077788048359,47.135531526326986,0.17000000000000046
1.424,234.15907907031038,103.73605105900995,237.74701011615372,93.69630937940974,0.278150606142866,0.2739102487212604,-0.004240357421605612,19.18118581378164,18.87945531436096,-0.3017304994206782,117.07953953515519,51.868025529504976,118.87350505807686,46.84815468970487,0.17000000000000046
1.4248,234.6582342255406,103.21153938936071,238.2290299303591,93.1173647488527,0.2781597860349778,0.27394933072204963,-0.004210455312928185,19.181839345669957,18.882234921732362,-0.2996044239375948,117.3291171127703,51.605769694680355,119.11451496517955,46.55868237442635,0.17000000000000046
1.4256,235.15447407229692,102.68290548501558,238.70756677029797,92.53425146397252,0.27816865140028385,0.27398815015548655,-0.004180501244797297,19.182470487179614,18.884995879434424,-0.2974746077451904,117.57723703614846,51.34145274250779,119.35378338514899,46.26712573198626,0.17000000000000046
1.4264,235.6477535620664,102.1501650876623,239.18257232999144,91.94699251670882,0.27817719968944987,0.274026704040651,-0.00415049564879888,19.183079056681194,18.887737974951527,-0.2953410817296671,117.8238767810332,51.07508254383115,119.59128616499572,45.97349625835441,0.17000000000000046
1.4272,236.13802768156305,101.61333453951845,239.65399844226604,91.35561158862116,0.2781854283756281,0.27406498942190144,-0.004120438953726657,19.183664874149628,18.890460997561906,-0.2932038765877216,118.06901384078152,50.806667269759224,119.82699922113302,45.67780579431058,0.17000000000000046
1.428,236.62525146199332,101.07243078533502,240.1217970903214,90.76013305133921,0.27819333495437193,0.2741030033687946,-0.0040903315855773115,19.18422776115827,18.893164738332125,-0.29106302282614394,118.31262573099666,50.53621539266751,120.0608985451607,45.380066525669605,0.17000000000000046
1.4288,237.1093799884043,100.52747137424285,240.5859204193572,90.16058196679396,0.27820091694355975,0.27414074297600927,-0.004060173967550484,19.18476754087363,18.89584899011185,-0.2889185507617782,118.55468999420215,50.263735687121425,120.2929602096786,45.08029098339698,0.17000000000000046
1.4296,237.59036840911278,99.9784744614378,241.0463207482589,89.55698408722688,0.27820817188330516,0.27417820536326687,-0.004029966520038286,19.185284038049105,18.898513547528445,-0.2867704905206594,118.79518420455639,49.9892372307189,120.52316037412945,44.77849204361344,0.17000000000000046
1.4304,238.06817194521125,99.42545880969894,241.50295058133582,88.949365854971,0.2782150973358806,0.27421538767525294,-0.003999709660627682,19.18577707901972,18.90115820698155,-0.2846188720381697,119.03408597260562,49.71272940484947,120.75147529066791,44.4746829274855,0.17000000000000046
1.4312,238.54274590014865,98.8684437907433,241.9557626201054,88.337754402008,0.278221690885637,0.27425228708153804,-0.0039694038040989366,19.18624649169651,18.903782766637697,-0.2824637250588147,119.27137295007432,49.43422189537165,120.9778813100527,44.168877201004,0.17000000000000046
1.432,239.0140456693822,98.30744938640771,242.40470977512186,87.72217754929206,0.27822795013892065,0.27428890077649876,-0.003939049362421898,19.18669210556081,18.906387026424877,-0.28030507913593183,119.5070228346911,49.153724693203856,121.20235488756093,43.86108877464603,0.17000000000000046
1.4328,239.48202675009722,97.74249618966127,242.8497451778423,87.10266380584432,0.27823387272399425,0.2743252259792415,-0.0039086467447527196,19.187113751658686,18.908970788027336,-0.2781429636313497,119.74101337504861,48.871248094830634,121.42487258892115,43.55133190292216,0.17000000000000046
1.4336,239.94664475098975,97.17360540544212,243.29082219252362,86.47924236761251,0.27823945629095725,0.27436125993352356,-0.003878196357433694,19.187511262595486,18.911533854880172,-0.2759774077153132,119.97332237549487,48.58680270272106,121.64541109626181,43.23962118380626,0.17000000000000046
1.4344,240.40785540211394,96.60079885131714,243.72789442815022,85.85194311609341,0.27824469851166556,0.2743969999076752,-0.0038476986039903682,19.187884472530232,18.91407603216397,-0.2738084403662633,120.20392770105697,48.30039942565857,121.86394721407511,42.925971558046705,0.17000000000000046
1.4352,240.8656145647832,96.02409895796436,244.16091575038027,85.22079661672069,0.2782495970796537,0.27443244319452065,-0.00381715388513304,19.18823321717021,18.91659712679941,-0.2716360903708015,120.4328072823916,48.01204947898218,122.08045787519013,42.610398308360345,0.17000000000000046
1.436,241.31987824152813,95.44352876947175,244.58984029351302,84.58583411701026,0.2782541497100565,0.27446758711130287,-0.003786562598753651,19.188557333765562,18.919096947442114,-0.2694603863234484,120.65993912076407,47.72176438473588,122.29492014675651,42.29291705850513,0.17000000000000046
1.4368,241.77060258610402,94.85911194345468,245.0146224724642,83.94708754446692,0.27825835413952904,0.2745024289996046,-0.003755925139924454,19.188856661103678,18.921575304477233,-0.2672813566264445,120.88530129305201,47.42955597172734,122.5073112362321,41.97354377223346,0.17000000000000046
1.4376,242.21774391354452,94.27087275098738,245.43521699474937,83.30458950424907,0.278262208126169,0.27453696622527146,-0.0037252419008975135,19.18913103950386,18.924032010014166,-0.26509902948969355,121.10887195677226,47.13543637549369,122.71760849737468,41.65229475212453,0.17000000000000046
1.4384,242.66125871025957,93.67883607634599,245.8515788724684,82.65837327658808,0.2782657094494401,0.27457119617833214,-0.0036945132711079798,19.189380310811966,18.926466877881083,-0.2629134329308833,121.33062935512979,46.839418038172994,122.9257894362342,41.32918663829404,0.17000000000000046
1.4392,243.10110364417122,93.08302741656496,246.26366343428344,82.00847281396597,0.2782688559100979,0.2746051162729275,-0.0036637396371704267,19.18960431839528,18.92887972362011,-0.2607245947751693,121.55055182208561,46.54151370828248,123.13183171714172,41.00423640698298,0.17000000000000046
1.44,243.53723557488544,92.48347288079866,246.67142633738874,81.35492273804496,0.2782716453301044,0.2746387239472248,-0.0036329213828795726,19.189802907136556,18.931270364481392,-0.2585325426551641,121.76861778744272,46.24173644039933,123.33571316869437,40.67746136902248,0.17000000000000046
1.4408,243.9696115638949,91.88019918949357,247.07482357946213,80.6977583363528,0.2782740755525603,0.27467201666334873,-0.003602058889211557,19.18997592342935,18.9336386194184,-0.2563373040109518,121.98480578194744,45.94009959474678,123.53741178973107,40.3488791681764,0.17000000000000046
1.4416,244.39818888480806,91.27323367336497,247.4738115105958,80.03701555872098,0.27827614444162646,0.27470499190729974,-0.003571152534326716,19.190123215172527,18.93598430908231,-0.2541389060902155,122.19909444240403,45.636616836682485,123.7369057552979,40.01850777936049,0.17000000000000046
1.4424,244.82292503360384,90.66260427217664,247.8683468452,79.37273101347385,0.2782778498824439,0.2747376471888791,-0.003540202693564809,19.190244631764724,18.938307255816884,-0.2519373759478398,122.41146251680192,45.33130213608832,123.9341734226,39.68636550673693,0.17000000000000046
1.4432,245.243777738901,90.0483395333251,248.2583866738719,78.70494196337253,0.27827918978106636,0.2747699800416146,-0.003509209739451735,19.190340024099655,18.940607283653357,-0.2497327404462979,122.6218888694505,45.02416976666255,124.12919333693596,39.35247098168627,0.17000000000000046
1.444,245.6607049722469,89.43046861022358,248.6438884752268,78.03368632130827,0.2782801620643768,0.2748019880226772,-0.0034781740416995888,19.190409244560314,18.942884218304712,-0.2475250262556017,122.83035248612345,44.71523430511179,124.3219442376134,39.01684316065413,0.17000000000000046
1.4448,246.0736649584125,88.80902126048647,249.02481012768334,77.35900264574934,0.27828076468001967,0.2748336687128131,-0.003447095967206548,19.19045214701428,18.945137887161057,-0.24531425985322386,123.03683247920625,44.40451063024324,124.51240506384167,38.67950132287467,0.17000000000000046
1.4456,246.48261618569518,88.18402784391384,249.4011099211975,76.68093013594026,0.2782809955963233,0.27486501971626165,-0.00341597588006165,19.190468586808294,18.947368119283933,-0.24310046752436065,123.24130809284759,44.09201392195692,124.70055496059875,38.34046506797013,0.17000000000000046
1.4464,246.8875174162241,87.55551932027197,249.7727465689409,75.99950862685074,0.2782808528022257,0.2748960386606809,-0.0033848141415447897,19.190458420763118,18.949574745401247,-0.2408836753618715,123.44375870811206,43.777759660135985,124.88637328447045,37.99975431342537,0.17000000000000046
1.4472,247.28832769626013,86.92352724687264,250.13967921891506,75.31477858388087,0.278280334307203,0.27492672319707273,-0.0033536111101302724,19.190421507168573,18.951757597902123,-0.23866390926644954,123.64416384813006,43.46176362343632,125.06983960945753,37.65738929194043,0.17000000000000046
1.448,247.68500636649068,86.28808377594699,250.5018674654975,74.62678109731593,0.2782794381411958,0.27495707099970673,-0.003322367141489091,19.190357705778396,18.953916510831665,-0.23644119494673177,123.84250318324534,43.14404188797349,125.25093373274875,37.313390548657964,0.17000000000000046
1.4488,248.07751307231163,85.64922165181562,250.85927136091306,73.93555787653736,0.2782781623545338,0.27498707976604253,-0.0032910825884912565,19.19026687780501,18.95605131988563,-0.2342155579193772,124.03875653615582,42.82461082590781,125.42963568045653,36.96777893826868,0.17000000000000046
1.4496,248.46580777409235,85.00697420785451,251.21185142662424,73.24115124398864,0.2782765050178665,0.2750167472166557,-0.003259757801210794,19.190148885914702,18.958161862405348,-0.23198702350935463,124.23290388704618,42.503487103927256,125.60592571331212,36.62057562199432,0.17000000000000046
1.4504,248.84985075742102,84.3613753632525,251.55956866463524,72.54360412889426,0.2782744642220909,0.27504607109516277,-0.0032283931269281307,19.190003594222603,18.96024797737254,-0.2297556168500634,124.42492537871051,42.18068768162625,125.77978433231762,36.27180206444713,0.17000000000000046
1.4512,249.2296026433224,83.71245961956623,251.9023845687028,71.8429600607396,0.2782720380782767,0.27507504916814346,-0.0031969889101332583,19.189830868287473,18.962309505404004,-0.22752136288346847,124.6148013216612,41.856229809783116,125.9511922843514,35.9214800303698,0.17000000000000046
1.452,249.60502439844717,83.06026205706566,252.24026113544943,71.13926316250544,0.27826922471759774,0.2751036792250676,-0.0031655454925301196,19.189630575106918,18.96434628874658,-0.22528428636033837,124.80251219922359,41.53013102853283,126.12013056772471,35.56963158125272,0.17000000000000046
1.4528,249.97607734522458,82.4048183308751,252.57316087537103,70.43255814366485,0.2782660222912596,0.27513195907822013,-0.0031340632130394397,19.1894025831124,18.966358171272,-0.22304441184040158,124.98803867261229,41.20240916543755,126.28658043768552,35.216279071832425,0.17000000000000046
1.4536,250.34272317197528,81.74616466690784,252.90104682373456,69.72289029294097,0.27826242897043046,0.2751598865626227,-0.0031025424078077735,19.189146762164377,18.968344998471466,-0.22080176369291138,125.17136158598764,40.87308233345392,126.45052341186728,34.86144514647049,0.17000000000000046
1.4544,250.70492394298137,81.08433785759229,253.22388255135982,69.01030547082705,0.27825844294616797,0.27518745953596385,-0.00307098341020412,19.188862983547224,18.97030661745092,-0.2185563660963048,125.35246197149068,40.542168928796144,126.61194127567991,34.505152735413525,0.17000000000000046
1.4552,251.06264210850458,80.41937525739549,253.5416321752777,68.29485010187398,0.27825406242935274,0.27521467587851745,-0.003039386550835299,19.188551119964618,18.972242876925332,-0.2163082430392862,125.53132105425229,40.20968762869774,126.77081608763885,34.14742505093699,0.17000000000000046
1.456,251.41584051475178,79.75131477813676,253.8542603692622,67.57657116674326,0.2782492856506141,0.2752415334930763,-0.003007752157537791,19.188211045534352,18.97415362721423,-0.21405741832012382,125.70792025737589,39.87565738906838,126.9271301846311,33.78828558337163,0.17000000000000046
1.4568,251.76448241378193,79.08019488409967,254.16173237422709,66.85551619403118,0.27824411086026546,0.27526803030486857,-0.002976080555396887,19.187842635783856,18.976038720235884,-0.2118039155479714,125.88224120689097,39.540097442049834,127.08086618711354,33.42775809701559,0.17000000000000046
1.4576,252.10853147334734,78.40605458693753,254.46401400848376,66.13173325186611,0.2782385363282324,0.2752941642614892,-0.002944372066743195,19.187445767645155,18.97789800950261,-0.2095477581425449,126.05426573667367,39.203027293468764,127.23200700424188,33.065866625933054,0.17000000000000046
1.4584,252.44795178666897,77.72893344037419,254.76107167785344,65.40527093927798,0.27823256034398425,0.2753199333328254,-0.0029126270111588526,19.187020319450117,18.979731350115628,-0.20728896933448837,126.22397589333448,38.864466720187096,127.38053583892672,32.70263546963899,0.17000000000000046
1.4592,252.78270788213578,77.04887153470386,255.052872385629,64.67617837734983,0.27822618121646536,0.27534533551097756,-0.0028808457054878,19.18656617092568,18.98153859875963,-0.20502757216604905,126.39135394106789,38.52443576735193,127.5264361928145,32.338089188674914,0.17000000000000046
1.46,253.11276473292878,76.36590949108631,255.33938374237943,63.94450520014603,0.2782193972740307,0.27537036881018895,-0.002849028463841774,19.18608320318935,18.983319613697915,-0.20276358949143614,126.55638236646439,38.18295474554316,127.66969187118971,31.972252600073016,0.17000000000000046
1.4608,253.4380877665586,75.68008845564243,255.62057397559383,63.21030154542764,0.27821220686437304,0.27539503126677295,-0.0028171755976000856,19.185571298744115,18.985074254767408,-0.2004970439767071,126.7190438832793,37.84004422782122,127.81028698779691,31.60515077271382,0.17000000000000046
1.4616,253.7586428743186,74.99145009335024,255.8964119391553,62.473618045154254,0.2782046083544579,0.2754193209390344,-0.002785287415423554,19.185030341473922,18.9868023833732,-0.19822795810072336,126.8793214371593,37.49572504667512,127.94820596957766,31.236809022577127,0.17000000000000046
1.4624,254.07439642064378,74.30003658174041,256.1668671226452,61.734505815774995,0.27819660013045644,0.2754432359071981,-0.0027533642232583366,19.184460216639,18.988503862483647,-0.19595635415535284,127.03719821032189,37.15001829087021,128.0834335613226,30.867252907887497,0.17000000000000046
1.4632,254.38531525237264,73.60589060439757,256.43190966046643,60.99301644831699,0.27818818059768163,0.2754667742733353,-0.0027214063243463094,19.1838608108714,18.99017855662528,-0.19368225424612007,127.19265762618632,36.802945302198786,128.21595483023322,30.496508224158497,0.17000000000000046
1.464,254.69136670790726,72.909055344263,256.6915103407855,60.249201998268774,0.2781793481805154,0.2754899341612909,-0.0026894140192244564,19.183232012169913,18.991826331877803,-0.19140568029211025,127.34568335395363,36.4545276721315,128.34575517039275,30.124600999134387,0.17000000000000046
1.4648,254.99251862626653,72.20957447674601,256.9456406142847,59.503114975267835,0.2781701013223477,0.2755127137166075,-0.0026573876057401913,19.18257370989582,18.99344705586884,-0.18912665402697826,127.49625931313327,36.10478723837301,128.47282030714234,29.751557487633917,0.17000000000000046
1.4656,255.28873935602795,71.50749216264319,257.19427260272107,58.75480833259412,0.27816043848551014,0.2755351111064522,-0.0026253273790579623,19.18188579476826,18.99504059776889,-0.18684519699936786,127.64436967801397,35.753746081321594,128.59713630136054,29.37740416629706,0.17000000000000046
1.4664,255.57999776415434,70.80285304086593,257.437379107288,58.00433545647214,0.27815035815120936,0.27555712451954445,-0.002593233631664915,19.18116815885958,18.996606828286343,-0.18456133057323854,127.78999888207717,35.40142652043296,128.718689553644,29.00216772823607,0.17000000000000046
1.4672,255.8662632446978,70.09570222098286,257.6749336167714,57.25175015519025,0.2781398588194628,0.27557875216608435,-0.002561106653378442,19.18042069559085,18.998145619662516,-0.18227507592833447,127.9331316223489,35.04785111049143,128.8374668083857,28.625875077595126,0.17000000000000046
1.468,256.147505727381,69.38608527557425,257.9069103155006,56.49710664803652,0.27812893900903396,0.2755999922776744,-0.0025289467313595604,19.17964329972733,18.999656845666266,-0.17998645406106561,128.0737528636905,34.69304263778712,128.9534551577503,28.24855332401826,0.17000000000000046
1.4688,256.423695686047,68.6740482324048,258.1332840910844,55.74045955405997,0.278117597257366,0.27562084310725227,-0.0024967541501137447,19.17883586737386,19.001140381589337,-0.17769548578452188,128.2118478430235,34.3370241162024,129.0666420455422,27.870229777029984,0.17000000000000046
1.4696,256.6948041469755,67.95963756641612,258.3540305419308,54.981863880660335,0.2781058321205211,0.27564130292901345,-0.002464529191507636,19.17799829597058,19.002596104241036,-0.17540219172954252,128.34740207348776,33.97981878320806,129.1770152709654,27.490931940330167,0.17000000000000046
1.4704,256.960802697061,67.24290019153865,258.5691259845458,54.22137501200922,0.27809364217311583,0.27566137003834085,-0.002432272134774982,19.177130484288448,19.0040238919433,-0.17310659234514603,128.4804013485305,33.621450095769326,129.2845629922729,27.11068750600461,0.17000000000000046
1.4712,257.2216634918468,66.52388345233206,258.7785474606058,53.459048697312596,0.2780810260082558,0.27568104275173333,-0.0023999832565224644,19.17623233242466,19.005423624525847,-0.1708087078988143,128.6108317459234,33.26194172616603,129.3892737303029,26.729524348656298,0.17000000000000046
1.472,257.4773592634129,65.8026351154489,258.9822727437999,52.694941038913605,0.27806798223747203,0.2757003194067264,-0.0023676628307456316,19.175303741798206,19.006795183320612,-0.16850855847759405,128.73867963170645,32.90131755772445,129.49113637189996,26.347470519456802,0.17000000000000046
1.4728,257.72786332811205,65.07920336093248,259.18028034644004,51.92910848024633,0.27805450949066407,0.27571919836182923,-0.0023353111288348383,19.174344615145873,19.00813845115743,-0.1662061639884449,128.86393166405603,32.53960168046624,129.59014017322002,25.964554240123164,0.17000000000000046
1.4736,257.97314959414956,64.35363677334549,259.37254952583123,51.16160779364255,0.2780406064160299,0.27573767799644616,-0.0023029284195837385,19.173354856517356,19.009453312358584,-0.16390154415877234,128.98657479707478,32.17681838667274,129.68627476291562,25.580803896821276,0.17000000000000046
1.4744,258.213192569004,63.625984332737865,259.5590602904018,50.39249606799863,0.27802627168000715,0.2757557567108055,-0.0022705149692016646,19.17233437127114,19.01073965273389,-0.16159471853725194,129.106596284502,31.812992166368932,129.7795301452009,25.196248033999314,0.17000000000000046
1.4752,258.4479673666842,62.896295405452555,259.73979340558867,49.621830696307086,0.27801150396721397,0.27577343292588824,-0.0022380710413257288,19.171283066070377,19.01199735957575,-0.15928570649462515,129.2239836833421,31.448147702726278,129.86989670279434,24.810915348153543,0.17000000000000046
1.476,258.6774497148181,62.16461973477537,259.91473039947346,48.84966936305805,0.27799630198038333,0.27579070508335635,-0.0022055968970269846,19.17020084887824,19.013226321654187,-0.15697452722405103,129.33872485740906,31.082309867387686,129.95736519973673,24.424834681529024,0.17000000000000046
1.4768,258.90161596156946,61.43100743143309,260.0838535681681,48.076070031519116,0.27798066444030356,0.27580757164547864,-0.0021730927948249157,19.16908762895381,19.014426429211706,-0.15466119974210457,129.45080798078473,30.715503715716544,130.04192678408404,24.038035015759558,0.17000000000000046
1.4776,259.1204430823811,60.69550896394058,260.2471459809442,47.30109093089607,0.2779645900857563,0.2758240310950618,-0.0021405589906944855,19.167943316847712,19.01559757395851,-0.152345742889203,129.56022154119054,30.34775448197029,130.1235729904721,23.650545465448037,0.17000000000000046
1.4784,259.3339086865362,59.9581751488038,260.4045914851063,46.524790543382885,0.2779480776734585,0.27584008193537796,-0.0021079957380805703,19.166767824398022,19.016739649067492,-0.15002817533052948,129.6669543432681,29.9790875744019,130.20229574255316,23.262395271691442,0.17000000000000046
1.4792,259.54199102353937,59.21905714057999,260.5561747106037,45.74722759110585,0.277931125978,0.2758557226900917,-0.0020754032879083395,19.165561064725928,19.01785254916914,-0.14770851555678632,129.77099551176968,29.609528570289996,130.27808735530186,22.873613795552924,0.17000000000000046
1.48,259.7446689893103,58.478206421800266,260.70188107437906,44.96846102296699,0.2779137337917854,0.27587095190319083,-0.0020427818885945803,19.164322952231643,19.01893617034679,-0.1453867818848522,129.87233449465515,29.239103210900133,130.35094053718953,22.484230511483496,0.17000000000000046
1.4808,259.94192213218804,57.73567479275913,260.8416967844517,44.188550001396116,0.27789589992497205,0.2758857681389145,-0.002010131786057523,19.163053402590048,19.019990410131566,-0.14306299245848209,129.97096106609402,28.867837396379564,130.42084839222585,22.094275000698058,0.17000000000000046
1.4816,260.13373065874225,56.991514361173884,260.9756088437328,43.407553889014636,0.277877623205411,0.27590016998167893,-0.001977453223732051,19.161752332746545,19.021015167497268,-0.14073716524927704,130.06686532937113,28.495757180586942,130.4878044218664,21.703776944507318,0.17000000000000046
1.4824,260.32007543938806,56.245777531719476,261.103605053571,42.62553223521969,0.2778589024785921,0.2759141560360122,-0.0019447464425798588,19.16041966091323,19.022010342855843,-0.13840931805738776,130.16003771969403,28.122888765859738,130.5518025267855,21.312766117609844,0.17000000000000046
1.4832,260.5009380138026,55.49851699544045,261.22567401702486,41.842544762691574,0.27783973660757977,0.2759277249264796,-0.0019120116811001675,19.15905530656435,19.02297583805217,-0.13607946851218244,130.2504690069013,27.749258497720223,130.61283700851243,20.921272381345787,0.17000000000000046
1.484,260.67630059613754,54.74978571904932,261.3418051418627,41.05865135383699,0.2778201244729572,0.275940875297611,-0.0018792491753461538,19.157659190432394,19.023911556359046,-0.1337476340733481,130.33815029806877,27.37489285952466,130.67090257093136,20.529325676918496,0.17000000000000046
1.4848,260.8461460800287,53.99963693410987,261.4519886432862,40.2739120371669,0.27780006497277016,0.27595360581383727,-0.0018464591589328894,19.156231234504165,19.024817402472742,-0.13141383203142354,130.42307304001434,26.999818467054936,130.7259943216431,20.13695601858345,0.17000000000000046
1.4856,261.01045804339554,53.24812412611464,261.55621554637764,39.48838697362231,0.2777795570224657,0.2759659151594113,-0.0018136418630543827,19.154771362016454,19.02569328250752,-0.12907807950893613,130.50522902169777,26.62406206305732,130.77810777318882,19.744193486811156,0.17000000000000046
1.4864,261.16922075303165,52.49530102346023,261.6544776882678,38.702136442851334,0.2777585995548366,0.2759778020383443,-0.001780797516492294,19.153279497452125,19.026539103991187,-0.12674039346093835,130.58461037651583,26.247650511730114,130.8272388441339,19.351068221425667,0.17000000000000046
1.4872,261.32241916898175,51.74122158632195,261.74676772002664,37.91522082944294,0.2777371915199641,0.27598926517433187,-0.0017479263456322558,19.15175556653612,19.027354775859973,-0.12440079067614818,130.66120958449088,25.870610793160974,130.87338386001332,18.95761041472147,0.17000000000000046
1.488,261.47003894870204,50.985939995438265,261.83307910827165,37.127700609128084,0.2777153318851615,0.2760003033106842,-0.0017150285744773064,19.15019949623146,19.028140208453664,-0.12205928777779462,130.73501947435102,25.492969997719133,130.91653955413582,18.563850304564042,0.17000000000000046
1.4888,261.6120664510045,50.2295106408041,261.91340613649663,36.3396363349498,0.27769301963491644,0.27601091521025917,-0.0016821044246572714,19.148611214735187,19.02889531351093,-0.11971590122425724,130.80603322550226,25.11475532040205,130.95670306824832,18.1698181674749,0.17000000000000046
1.4896,261.748488739781,49.471988110282716,261.98774390611885,35.55108862341365,0.2776702537708349,0.276021099655387,-0.0016491541154478595,19.14699065147445,19.029620004164084,-0.1173706473103664,130.8742443698905,24.735994055141358,130.99387195305943,17.775544311706824,0.17000000000000046
1.4904,261.87929358750284,48.71342717813824,262.0560883372435,34.762118140622874,0.2776470333115867,0.2760308554478077,-0.0016161778637789892,19.145337737102633,19.03031419493473,-0.11502354216790422,130.93964679375142,24.35671358906912,131.02804416862176,17.381059070311437,0.17000000000000046
1.4912,262.00446947850014,47.95388279349392,262.1184361691478,33.972785588403134,0.2776233572928494,0.2760401814085942,-0.0015831758842552168,19.143652403495416,19.030977801728394,-0.11267460176702215,131.00223473925007,23.97694139674696,131.0592180845739,16.986392794201567,0.17000000000000046
1.492,262.12400561201343,47.19341006872457,262.1747849604808,33.18315169042884,0.27759922476725185,0.27604907637808895,-0.0015501483891628975,19.141934583746806,19.0316107418301,-0.1103238419167063,131.06200280600672,23.596705034362284,131.0873924802404,16.59157584521442,0.17000000000000046
1.4928,262.2378919050174,46.43206426778225,262.2251330891838,32.3932771783513,0.2775746348043185,0.2760575392158315,-0.0015170955884870052,19.140184212165188,19.032212933899334,-0.10797127826585395,131.1189459525087,23.216032133891126,131.1125665445919,16.19663858917565,0.17000000000000046
1.4936,262.3461189948178,45.66990079446697,262.26947975212755,31.603222777940417,0.2775495864904198,0.27606556880048955,-0.0014840176899302282,19.138401224269863,19.032784297965225,-0.10561692630463781,131.1730594974089,22.834950397233484,131.13473987606378,15.801611388970208,0.17000000000000046
1.4944,262.44867824141596,44.90697518064389,262.3078249644684,30.813049195245085,0.2775240789287105,0.2760731640297899,-0.00145091489892063,19.136585556786653,19.033324755421702,-0.10326080136495008,131.22433912070798,22.453487590321945,131.1539124822342,15.406524597622543,0.17000000000000046
1.4952,262.545561729644,44.14334307441126,262.34016955872664,30.022817102776006,0.27749811123908297,0.27608032382045267,-0.0014177874186303008,19.134737147644636,19.033834229022936,-0.1009029186216992,131.272780864822,22.07167153720563,131.17008477936332,15.011408551388003,0.17000000000000046
1.496,262.6367622710653,43.37906022822947,262.3665151835818,29.23258712572364,0.27747168255810506,0.2760870471081186,-0.00138463544998646,19.13285593597175,19.034312642878252,-0.09854329309349907,131.31838113553266,21.689530114114735,131.1832575917909,14.61629356286182,0.17000000000000046
1.4968,262.7222734056432,42.61418248700955,262.3868643023926,28.44241982821078,0.2774447920389766,0.27609333284728194,-0.0013514591916946594,19.130941862091717,19.03475992244741,-0.09618193964430688,131.3611367028216,21.307091243504775,131.1934321511963,14.22120991410539,0.17000000000000046
1.4976,262.8020894031754,41.84876577617295,262.40122019143837,27.652375699591975,0.27741743885146625,0.2760991800112231,-0.0013182588402431694,19.128994867519587,19.035175994535933,-0.09381887298365399,131.4010447015877,20.924382888086473,131.20061009571918,13.826187849795987,0.17000000000000046
1.4984,262.8762052644913,41.08286608968455,262.4095869378859,26.862515140804334,0.2773896221818671,0.2761045875919394,-0.0012850345899276805,19.127014894958588,19.035560787290255,-0.0914541076683335,131.43810263224566,20.541433044842275,131.20479346894294,13.431257570402167,0.17000000000000046
1.4992,262.9446167224172,40.31653947806373,262.41196943748093,26.072898450773426,0.2773613412329381,0.27610955460007824,-0.0012517866328598526,19.125001888296012,19.035914230193022,-0.08908765810299002,131.4723083612086,20.158269739031866,131.20598471874047,13.036449225386713,0.17000000000000046
1.5,263.007320242502,39.549842036382,262.40837339196855,25.283585812886603,0.2773325952238553,0.276114080064867,-0.001218515158988298,19.122955792599726,19.036236254058217,-0.08671953854150871,131.503660121251,19.774921018191,131.20418669598428,12.641792906443301,0.17000000000000046
1.5008,263.0643130235092,38.7828298922488,262.39880530624333,24.49463728153329,0.2773033833901587,0.27611816303404757,-0.0011852203561111274,19.120876554114442,19.036526791026567,-0.08434976308787512,131.5321565117546,19.3914149461244,131.19940265312167,12.247318640766645,0.17000000000000046
1.5016,263.1155929976727,38.01555919379422,262.3832724852298,23.706112768724164,0.2772737049836988,0.2761218025738086,-0.0011519024098902153,19.11876412025792,19.03678577456079,-0.0819783456971308,131.55779649883635,19.00777959689711,131.1916362426149,11.853056384362082,0.17000000000000046
1.5024,263.161158830714,37.24808609765269,262.3617830304983,22.91807203079246,0.27724355927258937,0.2761249977687146,-0.0011185615038747931,19.116618439617618,19.037013139440624,-0.07960530017699341,131.580579415357,18.624043048826344,131.18089151524916,11.45903601539623,0.17000000000000046
1.5032,263.20100992162594,36.48046675695188,262.33434583661784,22.130574655183878,0.27721294554115267,0.2761277477216452,-0.001085197819507444,19.114439461946823,19.037208821758597,-0.07723064018822612,131.60050496081297,18.24023337847594,131.16717291830892,11.065287327591939,0.17000000000000046
1.504,263.23514640221964,35.712757309313886,262.3009705872458,21.34368004734093,0.27718186308987164,0.27613005155372283,-0.0010518115361488056,19.11222713816125,19.03737275891492,-0.07485437924632876,131.61757320110982,17.856378654656943,131.1504852936229,10.671840023670464,0.17000000000000046
1.5048,263.26356913643565,34.94501386487379,262.26166775096146,20.55744741768937,0.27715031123533695,0.2761319084042455,-0.0010184028310914472,19.109981420335295,19.037504889612798,-0.07247653072249705,131.63178456821782,17.472506932436897,131.13083387548073,10.278723708844685,0.17000000000000046
1.5056,263.28627971942143,34.17729249432055,262.2164485768437,19.771935768730543,0.27711828931019544,0.2761333174306262,-0.000984971879569252,19.10770226169838,19.037605153854184,-0.07009710784419454,131.64313985971071,17.088646247160273,131.10822428842184,9.885967884365272,0.17000000000000046
1.5064,263.30328047637437,33.409649216966095,262.165325089796,18.987203882246853,0.27708579666310845,0.2761342778083188,-0.000951518854789668,19.105389616631964,19.037673492934545,-0.0677161236974193,131.65164023818718,16.704824608483047,131.082662544898,9.493601941123426,0.17000000000000046
1.5072,263.31457446115144,32.64213998884686,262.10831008562246,18.203310306624875,0.2770528326586908,0.27613478873075564,-0.0009180439279351527,19.103043440665264,19.037709849438503,-0.06533359122676075,131.65728723057572,16.32106999442343,131.05415504281123,9.101655153312437,0.17000000000000046
1.508,263.3201654546471,31.874820690863586,262.04541712585916,17.420313344301988,0.2770193966774711,0.2761348494092821,-0.0008845472681889843,19.10066369047239,19.037714167235247,-0.06294952323714398,131.66008272732356,15.937410345431793,131.02270856292958,8.710156672150994,0.17000000000000046
1.5088,263.3200579629405,31.1077471169663,261.97666053236145,16.638271039343305,0.27698548811583573,0.2761344590730885,-0.0008510290427472533,19.098250323868374,19.03768639147372,-0.060563932394654074,131.66002898147025,15.55387355848315,130.98833026618072,8.319135519671653,0.17000000000000046
1.5096,263.31425721521293,30.34097496238661,261.9020553816547,15.857241165152395,0.27695110638598686,0.2761336169691443,-0.000817489416842565,19.095803299806192,19.03762646857803,-0.058176831228163195,131.65712860760647,15.170487481193305,130.95102769082735,7.9286205825761975,0.17000000000000046
1.5104,263.3027691614367,29.57455981192562,261.8216174990478,15.077281212322726,0.27691625091588734,0.2761323223621338,-0.0007839285537535323,19.093322578372856,19.03753434624289,-0.05578823212996653,131.65138458071834,14.78727990596281,130.9108087495239,7.538640606161363,0.17000000000000046
1.5112,263.2856004698374,28.80855712829988,261.73536345251887,14.298448376633331,0.2768809211492185,0.2761305745343916,-0.0007503466148268689,19.090808120786363,19.03740997342911,-0.05339814735725312,131.6428002349187,14.40427856414994,130.86768172625943,7.149224188316666,0.17000000000000046
1.512,263.2627585241323,28.043022240551657,261.64331054637034,13.520799547194304,0.27684511654532806,0.27612837278583224,-0.0007167437594958193,19.08825988939204,19.037253300358635,-0.05100658903340616,131.63137926206616,14.021511120275829,130.82165527318517,6.760399773597152,0.17000000000000046
1.5128,263.234251420544,27.278010332529817,261.545476814664,12.744391294748436,0.27680883657918554,0.27612571643389094,-0.0006831201452945912,19.085677847659333,19.03706427851035,-0.048613569148983515,131.617125710272,13.639005166264909,130.772738407332,6.372195647374218,0.17000000000000046
1.5136,263.20008796459337,26.51357643144371,261.44188101443666,11.969279860131556,0.2767720807413347,0.27612260481345663,-0.0006494759278780626,19.083061960178433,19.036842860615405,-0.04621909956302872,131.60004398229668,13.256788215721855,130.72094050721833,5.984639930065778,0.17000000000000046
1.5144,263.16027766767456,25.749775396497753,261.3325426187005,11.19552114289828,0.27673484853784425,0.2761190372768061,-0.0006158112610381572,19.080412192656752,19.036589000652555,-0.04382319200419715,131.58013883383728,12.874887698248877,130.66627130935024,5.59776057144914,0.17000000000000046
1.5152,263.114830743411,24.98666190760867,261.21748180923544,10.423170690115544,0.2766971394902628,0.27611501319354126,-0.0005821262967215524,19.077728511915705,19.036302653843716,-0.04142585807198884,131.5574153717055,12.493330953804335,130.60874090461772,5.211585345057772,0.17000000000000046
1.516,263.06375810379876,24.224290454212177,261.09671946917507,9.652283685329312,0.27665895313557615,0.27611053195052215,-0.0005484211850539933,19.075010885887668,19.035983776649296,-0.03902710923837205,131.53187905189938,12.112145227106089,130.54835973458754,4.826141842664656,0.17000000000000046
1.5168,263.0070713551362,23.462715324163824,260.97027717539225,8.882914937710256,0.2766202890261542,0.276105592951807,-0.0005146960743472317,19.072259283612205,19.0356323267639,-0.036626956848305525,131.5035356775681,11.731357662081912,130.48513858769613,4.441457468855128,0.17000000000000046
1.5176,262.9447827937446,22.701990592737367,260.8381771906898,8.115118871379424,0.2765811467297106,0.276100195618585,-0.00048095111112561595,19.069473675233134,19.03524826311166,-0.03422541212147223,131.4723913968723,11.350995296368684,130.4190885953449,4.057559435689712,0.17000000000000046
1.5184,262.8769054014823,21.942170111727133,260.700442455799,7.348949514921224,0.2765415258292576,0.27609433938911154,-0.00044718644014607456,19.06665403199535,19.034831545841598,-0.03182248615375016,131.43845270074115,10.971085055863567,130.3502212278995,3.674474757460612,0.17000000000000046
1.5192,262.80345284105346,21.183307498655413,260.55709658119304,6.584460491083051,0.27650142592305643,0.27608802371865004,-0.00041340220440638786,19.063800326241243,19.034382136323554,-0.02941818991768841,131.40172642052673,10.591653749327707,130.27854829059652,3.2922302455415253,0.17000000000000046
1.52,262.7244394511163,20.42545612609478,260.40816383871976,5.821705006671551,0.2764608466245778,0.27608124807940365,-0.0003795985451741646,19.060912531407894,19.033899997143358,-0.02701253426453576,131.36221972555816,10.21272806304739,130.20408191935988,2.9108525033357755,0.17000000000000046
1.5208,262.6398802411937,19.668669111103263,260.25366915305756,5.060735842641958,0.27641978756245267,0.2760740119604528,-0.000345775601999887,19.057990622023514,19.03338509209841,-0.02460552992510401,131.31994012059684,9.834334555551631,130.12683457652878,2.530367921320979,0.17000000000000046
1.5216,262.5497908863861,18.912999304781756,260.09363809300163,4.301605344389504,0.27637824838043307,0.27606631486769473,-0.00031193351273833825,19.05503457370469,19.032837386193396,-0.02219718751129207,131.27489544319306,9.456499652390878,130.04681904650081,2.150802672194752,0.17000000000000046
1.5224,262.45418772189566,18.158499281955987,259.92809686258516,3.54436541224427,0.2763362287373442,0.27605815632377967,-0.00027807241356453405,19.052044363152902,19.032256845635807,-0.019787517517094955,131.22709386094783,9.079249640977993,129.96404843129258,1.772182706122135,0.17000000000000046
1.5232,262.35308773735903,17.405221330984787,259.7570722920383,2.7890674921697576,0.2762937283070419,0.2760495358680457,-0.0002441924389962047,19.049019968151487,19.031643437831292,-0.01737653032019537,131.17654386867952,8.702610665492394,129.87853614601914,1.3945337460848788,0.17000000000000046
1.524,262.24650857099596,16.653217443703777,259.58059182859563,2.0357625666740486,0.27625074677837047,0.27604045305646296,-0.00021029372190750628,19.04596136756263,19.03099713137973,-0.014964236182898105,131.12325428549798,8.326608721851889,129.79029591429781,1.0178812833370243,0.17000000000000046
1.5248,262.1344685035763,15.902539305502286,259.39868352715183,1.2845011459296527,0.2762072838551189,0.2760309074615627,-0.00017637639355616574,19.042868541324196,19.03031789607021,-0.01255064525398808,131.06723425178814,7.951269652751143,129.69934176357592,0.6422505729648263,0.17000000000000046
1.5256,262.01698645220785,15.153238285542077,259.21137604077444,0.5353332591096988,0.27616333925597963,0.27602089867238566,-0.00014244058359397238,19.039741470446774,19.029605702877358,-0.010135767569416032,131.00849322610392,7.5766191427710385,129.60568802038722,0.2676666295548494,0.17000000000000046
1.5264,261.8940819639499,14.405365427120028,259.0186986110785,-0.21169155405845408,0.2761189127145018,0.2760104262944101,-0.0001084864200917024,19.036580137010326,19.028860523956254,-0.007719613054071317,130.94704098197494,7.202682713560014,129.50934930553925,-0.10584577702922704,0.17000000000000046
1.5272,261.7657752092565,13.658971438175392,258.8206810584684,-0.9565242515228867,0.2760740039790547,0.2759994899494992,-7.451402955549469e-05,19.03338452416154,19.028082332638693,-0.005302191522847721,130.88288760462825,6.829485719087696,129.4103405292342,-0.47826212576144334,0.17000000000000046
1.528,261.6320869752516,12.91410668195111,258.61735377225244,-1.6991162969121152,0.276028612812784,0.2759880892758357,-4.052353694833366e-05,19.030154616110696,19.027271103428546,-0.0028835126821498136,130.8160434876258,6.457053340975555,129.30867688612622,-0.8495581484560576,0.17000000000000046
1.5288,261.4930386588419,12.17082116780562,258.4087477006351,-2.439419667319735,0.27598273899356685,0.2759762239278601,-6.515065706758083e-06,19.026890398128423,19.02642681199739,-0.00046358613103336666,130.74651932942095,6.08541058390281,129.20437385031755,-1.2197098336598675,0.17000000000000046
1.5296,261.34865225966985,11.429164542183955,258.19489434059534,-3.177386860862034,0.2759363823139781,0.27596389357621354,2.7511262235435652e-05,19.023591856543266,19.025549435180448,0.0019575786371817117,130.67432612983492,5.714582271091977,129.09744717029767,-1.588693430431017,0.17000000000000046
1.5304,261.1989503729119,10.689186079748795,257.9758257276529,-3.912970904008673,0.2758895425812412,0.2759510979076736,6.155532643237205e-05,19.02025897873813,19.024638950972015,0.004379972233884644,130.59947518645595,5.344593039874398,128.98791286382644,-1.9564854520043364,0.17000000000000046
1.5312,261.04395618192507,9.950934674672753,257.75157442552995,-4.646125358686948,0.2758422196171932,0.27593783662509763,9.561700790444716e-05,19.016891753147796,19.023695338521463,0.006803585373667431,130.52197809096253,4.975467337336377,128.87578721276498,-2.323062679343474,0.17000000000000046
1.532,260.88369345074767,9.214458832099531,257.5221735157162,-5.376804329153447,0.27579441325824305,0.2759241094473598,0.00012969618911673475,19.01349016925586,19.02271857812874,0.009228408872878902,130.44184672537384,4.6072294160497655,128.7610867578581,-2.6884021645767233,0.17000000000000046
1.5328,260.7181865164556,8.479806659770896,257.28765658693726,-6.104962468637824,0.27574612335533144,0.2759099161092939,0.00016379275396244397,19.010054217591865,19.021708651240306,0.011654433648441653,130.3590932582278,4.239903329885448,128.64382829346863,-3.052481234318912,0.17000000000000046
1.5336,260.5474602813821,7.747025859826862,257.04805772453847,-6.830554985752478,0.27569734977389077,0.27589525636163237,0.00019790658774160308,19.00658388972838,19.020665540444835,0.01408165071645584,130.27373014069104,3.873512929913431,128.52402886226923,-3.415277492876239,0.17000000000000046
1.5344,260.37154020520177,7.016163720779737,256.8034114997854,-7.553537650669501,0.2756480923938057,0.2758801299709471,0.00023203757714135298,19.003079178278185,19.019589229468934,0.016510051190749664,130.18577010260088,3.5080818603898685,128.4017057498927,-3.7767688253347504,0.17000000000000046
1.5352,260.1904522968852,6.287267109662383,256.5537529590884,-8.273866801066003,0.2755983511093763,0.275864536719591,0.00026618561021468645,18.999540076891563,19.01847970317306,0.018939626281497368,130.0952261484426,3.1436335548311916,128.2768764795442,-4.136933400533001,0.17000000000000046
1.536,260.00422310652965,5.560382464357955,256.2991176131573,-8.991499347832345,0.27554812582927585,0.27584847640563953,0.0003003505763636838,18.995966580253253,19.017336947547303,0.021370367294050396,130.00211155326483,2.7801912321789777,128.14955880657865,-4.495749673916173,0.17000000000000046
1.5368,259.8128797170663,4.835555786107155,256.03954142609035,-9.706392780548562,0.2754974164765146,0.2758319488428321,0.00033453236631747485,18.992358684079846,19.016160949707213,0.023802265627367092,129.90643985853316,2.4177778930535774,128.01977071304518,-4.853196390274281,0.17000000000000046
1.5376,259.6164497358529,4.1128326322002,255.7750608044045,-10.418505172724165,0.2754462229884034,0.27581495386051275,0.0003687308721093685,18.98871638511711,19.014951697889625,0.026235312772513453,129.80822486792644,2.0564163161001,127.88753040220224,-5.209252586362083,0.17000000000000046
1.5384,259.41496128615375,3.3922581088531514,255.50571258601192,-11.127795186802633,0.2753945453165119,0.2757974913035757,0.00040294598706380746,18.985039681136993,19.013709181448704,0.028669500311711005,129.70748064307688,1.6961290544265757,127.75285629300596,-5.563897593401316,0.17000000000000046
1.5392,259.20844299851245,2.673876864268695,255.23153402914852,-11.834222078933044,0.27534238342663153,0.27577956103240175,0.0004371776057702226,18.98132857093489,19.012433390851466,0.031104819916578208,129.60422149925623,1.3369384321343476,127.61576701457426,-5.917111039466522,0.17000000000000046
1.54,258.99692400202207,1.9577330818876797,254.95256280126014,-12.537745703503765,0.2752897372987433,0.27576116292280706,0.0004714256240637704,18.977583054327344,19.011124317674092,0.03354126334674845,129.49846200101103,0.9788665409438398,127.47628140063007,-6.268872851751882,0.17000000000000046
1.5408,258.7804339154962,1.2438704738271267,254.66883696785112,-13.23832651744446,0.27523660692697394,0.2757422968659825,0.000505689939008569,18.973803132148824,19.009781954597617,0.03597882244879358,129.3902169577481,0.6219352369135633,127.33441848392556,-6.61916325872223,0.17000000000000046
1.5416,258.5590028385472,0.5323322745111501,254.3803949813019,-13.935925584292104,0.2751829923195655,0.27572296276843705,0.0005399704488715518,18.96998880624954,19.008406295403873,0.03841748915433385,129.2795014192736,0.26616613725557503,127.19019749065095,-6.967962792146052,0.17000000000000046
1.5424,258.33266134257525,-0.17683876550613442,254.0872756696607,-14.630504578023048,0.27512889349883496,0.27570316055194277,0.0005742670531078131,18.966140079492455,19.006997334971558,0.04085725547910357,129.16633067128762,-0.08841938275306721,127.04363783483035,-7.315252289011524,0.17000000000000046
1.5432,258.1014404616725,-0.8836003855263748,253.78951822541347,-15.322025786654516,0.2750743105011395,0.2756828901534779,0.0006085796523384035,18.96225695575081,19.005555069272187,0.043298113521377246,129.05072023083625,-0.4418001927631874,126.89475911270674,-7.661012893327258,0.17000000000000046
1.544,257.86537168344785,-1.5879108204954298,253.48716219423966,-16.01045211561088,0.2750192433768416,0.27566215152516954,0.0006429081483279586,18.958339439905526,19.004079495365968,0.04574005546044191,128.93268584172392,-0.7939554102477149,126.74358109711983,-8.00522605780544,0.17000000000000046
1.5448,257.6244869397768,-2.289728806599732,253.1802474637565,-16.69574709086164,0.2749636921902734,0.27564094463423827,0.0006772524439648819,18.95438753784263,19.002570611397868,0.04818307355523643,128.8122434698884,-1.144864403299866,126.59012373187825,-8.34787354543082,0.17000000000000046
1.5456,257.37881859747966,-2.9890135866642966,252.86881425225917,-17.37787486182738,0.2749076570196999,0.2756192694629447,0.0007116124432448023,18.95040125645056,19.00102841659375,0.0506271601431898,128.68940929873983,-1.4945067933321483,126.43440712612959,-8.68893743091369,0.17000000000000046
1.5464,257.1283994489355,-3.685724915355484,252.55290309746147,-18.056800204058057,0.274851137957289,0.2755971260085324,0.0007459880512434292,18.94638060361796,18.99945291125633,0.05307230763837012,128.56419972446776,-1.842862457677742,126.27645154873073,-9.028400102029028,0.17000000000000046
1.5472,256.87326270263367,-4.379823064185395,252.23255484523995,-18.732488521682644,0.27479413510907114,0.27557451428317437,0.0007803791741032295,18.942325588230737,18.997844096761302,0.0555185085305645,128.43663135131683,-2.1899115320926974,126.11627742261997,-9.366244260841322,0.17000000000000046
1.548,256.61344197366844,-5.0712688263197245,251.90781063839097,-19.404905849633987,0.2747366485949083,0.2755514343139158,0.0008147857190075047,18.93823622016979,18.99620197555327,0.05796575538347781,128.30672098683422,-2.5356344131598623,125.95390531919548,-9.702452924816994,0.17000000000000046
1.5488,256.34897127418276,-5.760023521187657,251.57871190540004,-20.074018855648873,0.27467867854846106,0.2755278861426227,0.0008492075941616273,18.934112510308584,18.994526551142044,0.0604140408334608,128.17448563709138,-2.8800117605938285,125.78935595270002,-10.037009427824437,0.17000000000000046
1.5496,256.0798850037634,-6.44604899889266,251.24530034923347,-20.739794842044606,0.2746202251171538,0.27550386982592767,0.0008836447087738897,18.929954470510605,18.992817828098744,0.06286335758813877,128.0399425018817,-3.22302449944633,125.62265017461674,-10.369897421022303,0.17000000000000046
1.5504,255.8062179397937,-7.129307644426013,250.90761793615374,-21.40220174727539,0.27456128846214295,0.2754793854351723,0.0009180969730293587,18.925762113627012,18.991075812051704,0.06531369842469203,127.90310896989685,-3.5646538222130064,125.45380896807687,-10.701100873637696,0.17000000000000046
1.5512,255.52800522776778,-7.8097623816812645,250.56570688456452,-22.06120814726883,0.2745018687582804,0.2754544330563602,0.0009525642980797722,18.92153545349398,18.989300509683037,0.0677650561890566,127.76400261388389,-3.9048811908406322,125.28285344228226,-11.030604073634414,0.17000000000000046
1.552,255.24528237157108,-8.487376677271595,250.21960965389056,-22.71678325654607,0.2744419661940871,0.275429012790098,0.0009870465960108987,18.91727450493071,18.987491928724474,0.07021742379376406,127.62264118578554,-4.243688338635797,125.10980482694528,-11.358391628273035,0.17000000000000046
1.5528,254.95808522373056,-9.162114544149384,249.8693689334944,-23.368896929127235,0.27438158097171583,0.2754031247515467,0.0010215437798308802,18.912979283736707,18.985650077953796,0.072670794217089,127.47904261186528,-4.581057272074692,124.9346844667472,-11.684448464563618,0.17000000000000046
1.5536,254.66644997564157,-9.83394054502751,249.51502763163896,-24.017519659222963,0.2743207133069225,0.27537676907036673,0.0010560557634442524,18.90864980668969,18.983774967190932,0.07512516050124063,127.33322498782078,-4.916970272513755,124.75751381581948,-12.008759829611481,0.17000000000000046
1.5544,254.3704131477723,-10.502819795604603,249.15662886449522,-24.662622581716473,0.27425936342903134,0.2753499458906652,0.0010905824616338489,18.90428609154298,18.981866607294137,0.07758051575115843,127.18520657388615,-5.251409897802302,124.57831443224761,-12.331311290858237,0.17000000000000046
1.5552,254.07001157985346,-11.168717967593073,248.7942159452032,-25.304177472436695,0.2741975315809071,0.2753226553709484,0.0011251237900413158,18.899888157023458,18.97992501015659,0.08003685313313369,127.03500578992673,-5.584358983796537,124.3971079726016,-12.652088736218348,0.17000000000000046
1.556,253.76528242105573,-11.831601291552474,248.42783237298852,-25.942156748226665,0.2741352180189245,0.27529489768406473,0.0011596796651402452,18.895456022829308,18.97795018870228,0.08249416587297276,126.88264121052786,-5.915800645776237,124.21391618649426,-12.971078374113333,0.17000000000000046
1.5568,253.45626312015904,-12.491436559527918,248.0575218223386,-26.576533466809032,0.27407242301293416,0.2752666730171572,0.0011942500042230186,18.89098970962751,18.97594215688258,0.08495244725506979,126.72813156007952,-6.245718279763959,124.0287609111693,-13.288266733404516,0.17000000000000046
1.5576,253.1429914157188,-13.148191127493671,247.6833281322433,-27.207281326449987,0.2740091468462342,0.2752379815716115,0.0012288347253773257,18.886489239051713,18.973900929672517,0.08741169062080445,126.5714957078594,-6.574095563746836,123.84166406612165,-13.603640663224994,0.17000000000000046
1.5584,252.82550532623392,-13.801832917604704,247.30529529550387,-27.83437466542694,0.27394538981554223,0.27520882356300264,0.0012634337474604074,18.881954633700154,18.97182652306691,0.08987188936675494,126.41275266311696,-6.900916458802352,123.65264764775193,-13.91718733271347,0.17000000000000046
1.5592,252.5038431403181,-14.452330420255421,246.92346744811357,-28.45778846129998,0.2738811522309636,0.2751791992210512,0.0012980469900876201,18.877385917133317,18.969718954077212,0.09233303694389505,126.25192157015906,-7.226165210127711,123.46173372405678,-14.22889423064999,0.17000000000000046
1.56,252.1780434068821,-15.099652695948633,246.53788885871342,-29.07749832999267,0.2738164344159616,0.275149108789567,0.0013326743736054025,18.87278311387171,18.96757824072746,0.09479512685575031,126.08902170344105,-7.549826347974316,123.26894442935671,-14.538749164996336,0.17000000000000046
1.5608,251.84814492532735,-15.743769376975102,246.14860391812695,-29.693480524683515,0.2737512367073326,0.27511855252640366,0.0013673158190710688,18.868146249393998,18.965404402050975,0.0972581526569769,125.92407246266367,-7.871884688487551,123.07430195906348,-14.846740262341758,0.17000000000000046
1.5616,251.51418673575768,-16.384650668904065,245.75565712897856,-30.305711934510857,0.2736855594551724,0.275087530703405,0.001401971248232603,18.86347535013452,18.963197458086526,0.09972210795200454,125.75709336787884,-8.192325334452033,122.87782856448928,-15.152855967255428,0.17000000000000046
1.5624,251.17620810921204,-17.022267351888154,245.35909309539664,-30.91417008309534,0.2736194030228519,0.2750560436063618,0.001436640583509896,18.858770443481458,18.96095742987514,0.10218698639368284,125.58810405460602,-8.511133675944077,122.67954654769832,-15.45708504154767,0.17000000000000046
1.5632,250.834248537922,-17.6565907817823,244.9589565128077,-31.518833126882168,0.2735527677869871,0.2750240915349587,0.001471323747971598,18.85403155777459,18.958684339456337,0.10465278168174663,125.417124268961,-8.82829539089115,122.47947825640385,-15.759416563441084,0.17000000000000046
1.564,250.48834772559758,-18.28759289108006,244.5552921578209,-32.119679853307176,0.27348565413741416,0.2749916748027285,0.001506020665314356,18.849258722303432,18.956378209864752,0.10711948756132017,125.24417386279879,-9.14379644554003,122.27764607891045,-16.059839926653588,0.17000000000000046
1.5648,250.13854557774556,-18.915246189668274,244.14814487820988,-32.71668967878988,0.2734180624771581,0.2749587937370019,0.001540731259843775,18.844451967304906,18.954039065126548,0.10958709782164178,125.06927278887278,-9.457623094834137,122.07407243910494,-16.35834483939494,0.17000000000000046
1.5656,249.78488219202396,-19.53952376540078,243.73755958299245,-33.30984264655525,0.2733499932224102,0.2749254486788633,0.001575455456453101,18.83961132396162,18.951666930256195,0.11205560629457523,124.89244109601198,-9.76976188270039,121.86877979149622,-16.654921323277627,0.17000000000000046
1.5664,249.42739784863682,-20.160399284495057,243.32358123261236,-33.899119424289914,0.27328144680250027,0.274891639983101,0.0016101931806007386,18.834736824399783,18.94926183125286,0.11452500685307498,124.71369892431841,-10.080199642247528,121.66179061630618,-16.949559712144957,0.17000000000000046
1.5672,249.06613300077015,-20.77784699175159,242.90625482922465,-34.4845013016338,0.27321242365986825,0.27485736801815924,0.0016449443582909895,18.829828501687103,18.94682379509691,0.11699529340980774,124.53306650038508,-10.388923495875796,121.45312741461233,-17.2422506508169,0.17000000000000046
1.568,248.70112826507724,-21.391841710600232,242.48562540708883,-35.065970187513,0.27314292425004144,0.2748226331660973,0.0016797089160558443,18.824886389831036,18.944352849747002,0.11946645991596583,124.35056413253862,-10.695920855300116,121.24281270354442,-17.5329850937565,0.17000000000000046
1.5688,248.3324244122113,-22.00235884297426,242.0617380230704,-35.643508607315745,0.2730729490416087,0.27478743582253645,0.0017144867809277264,18.819910523776848,18.94184902413616,0.1219385003593132,124.16621220610566,-11.00117942148713,121.0308690115352,-17.821754303657872,0.17000000000000046
1.5696,247.96006235741294,-22.60937436901358,241.63463774725585,-36.217099699914726,0.2730024985161934,0.2747517763966191,0.0017492778804256703,18.814900939405575,18.93931234816885,0.12441140876327594,123.98003117870647,-11.30468718450679,120.81731887362793,-18.108549849957363,0.17000000000000046
1.5704,247.58408315115398,-23.21286484660129,241.20436965368054,-36.78672721454056,0.27293157316843086,0.2747156553109626,0.0017840821425317288,18.809857673532335,18.936742852717625,0.1268851791852903,123.79204157557699,-11.606432423300644,120.60218482684027,-18.39336360727028,0.17000000000000046
1.5712,247.2045279698402,-23.81280741073356,240.77097881117487,-37.35237550750866,0.2728601735059434,0.27467907300160993,0.0018188994956665483,18.804780763904393,18.934140569619508,0.12935980571511507,123.6022639849201,-11.90640370536678,120.38548940558744,-18.67618775375433,0.17000000000000046
1.572,246.821438106578,-24.40917977272749,240.3345102743281,-37.91402953880414,0.27278830004931537,0.27464202991799314,0.001853729868677767,18.7996702491993,18.931505531673366,0.13183528247406784,123.410719053289,-12.204589886363745,120.16725513716405,-18.95701476940207,0.17000000000000046
1.5728,246.43485496200515,-25.00196021926796,239.89500907457253,-38.47167486852808,0.27271595333207227,0.27460452652288236,0.0018885731908100944,18.794526169023282,18.92883777263616,0.13431160361287908,123.21742748100257,-12.50098010963398,119.94750453728626,-19.23583743426404,0.17000000000000046
1.5736,246.04482003519166,-25.591127611295374,239.4525202113923,-39.02529765320765,0.2726431339006533,0.2745665632923429,0.0019234293916896017,18.789348563909186,18.926137327219873,0.1367887633106868,123.02241001759583,-12.795563805647687,119.72626010569616,-19.512648826603826,0.17000000000000046
1.5744,245.65137491461124,-26.176661382738306,239.0070886436549,-39.57488464197526,0.27256984231439235,0.2745281407156962,0.0019582984013038485,18.78413747531498,18.923404231088593,0.1392667557736118,122.82568745730562,-13.088330691369153,119.50354432182745,-19.78744232098763,0.17000000000000046
1.5752,245.25456126918758,-26.758541539091993,238.55875928107076,-40.12042317261905,0.2724960791454953,0.27448925929546963,0.0019931801499743496,18.77889294562204,18.92063852085492,0.14174557523287845,122.62728063459379,-13.379270769545997,119.27937964053538,-20.060211586309524,0.17000000000000046
1.576,244.85442083941717,-27.336748655846904,238.10757697577932,-40.66190116750951,0.27242184497901245,0.2744499195473619,0.0020280745683494694,18.773615018133068,18.91784023407739,0.1442252159443207,122.42721041970859,-13.668374327923452,119.05378848788966,-20.330950583754756,0.17000000000000046
1.5768,244.45099542857108,-27.91126387676903,237.65358651406564,-41.19930712940558,0.2723471404128254,0.2744101220001923,0.002062981587366952,18.768303737071005,18.91500940925679,0.14670567218578512,122.22549771428554,-13.955631938384515,118.82679325703282,-20.59965356470279,0.17000000000000046
1.5776,244.04432689397953,-28.482068912033952,237.19683260820764,-41.732630137142436,0.27227196605761905,0.27436986719586676,0.002097901138247704,18.76295914757697,18.91214608583367,0.1491869382566975,122.02216344698977,-14.241034456016976,118.59841630410382,-20.866315068571218,0.17000000000000046
1.5784,243.63445713840093,-29.049146036218893,236.73735988845587,-42.26185984120684,0.27219632253686343,0.27432915568932886,0.00213283315246543,18.757581295708793,18.909250304184777,0.1516690084759844,121.81722856920047,-14.524573018109447,118.36867994422794,-21.13092992060342,0.17000000000000046
1.5792,243.22142810147727,-29.612478086153864,236.2752128951473,-42.78698645920192,0.2721202104867921,0.2742879880485253,0.0021677775617331974,18.752170228439372,18.906322105620504,0.15415187718113188,121.61071405073864,-14.806239043076932,118.13760644757365,-21.39349322960096,0.17000000000000046
1.58,242.80528175127844,-30.17204845863632,235.81043607095253,-43.308000771205826,0.27204363055638175,0.27424636485436066,0.0022027342979789033,18.746725993655097,18.90336153238158,0.1566355387264835,121.40264087563922,-15.08602422931816,117.90521803547627,-21.654000385602913,0.17000000000000046
1.5808,242.3860600759375,-30.727841108011294,235.34307375326003,-43.82489411502862,0.27196658340733304,0.2742042867006588,0.0022377032933257324,18.74124864015435,18.900368627636265,0.15911998748191536,121.19303003796875,-15.363920554005647,117.67153687663001,-21.91244705751431,0.17000000000000046
1.5816,241.96380507538058,-31.27984054361901,234.8731701666968,-44.33765838136861,0.2718890697140525,0.27416175419412336,0.0022726844800708412,18.735738217646094,18.897343435477417,0.16160521783132253,120.98190253769029,-15.639920271809505,117.4365850833484,-22.168829190684306,0.17000000000000046
1.5824,241.53855875315045,-31.82803182711453,234.4007694157863,-44.84628600887442,0.271811090163631,0.2741187679542958,0.0023076777906648194,18.730194776748203,18.894286000919443,0.16409122417124067,120.76927937657523,-15.914015913557265,117.20038470789315,-22.42314300443721,0.17000000000000046
1.5832,241.11036310832836,-32.372400569660485,233.92591547774614,-45.35076997911453,0.27173264545582354,0.2740753286135211,0.0023426831576975338,18.7246183689859,18.89119636989575,0.16657800090984765,120.55518155416418,-16.186200284830242,116.96295773887307,-22.675384989557266,0.17000000000000046
1.584,240.67926012755458,-32.91293292899774,233.44865219542223,-45.85110381145877,0.27165373630303713,0.27403143681690295,0.0023777005138658214,18.719009046790756,18.88807458925548,0.16906554246472538,120.33963006377729,-16.45646646449887,116.72432609771111,-22.925551905729385,0.17000000000000046
1.5848,240.24529177714965,-33.449615606395675,232.9690232703653,-46.347281557875725,0.27157436343030794,0.2739870932222699,0.002412729791961943,18.713366863498916,18.884920706761005,0.1715538432620889,120.12264588857482,-16.724807803197837,116.48451163518266,-23.173640778937862,0.17000000000000046
1.5856,239.80849999533842,-33.98243584348455,232.48707225604625,-46.839297797647745,0.2714945275752833,0.27394229850013746,0.0024477709248541535,18.707691873349713,18.88173477108514,0.17404289773542558,119.90424999766921,-16.991217921742276,116.24353612802312,-23.419648898823873,0.17000000000000046
1.5864,239.36892668457796,-34.511381418974295,232.0028425512121,-47.32714763200917,0.2714142294882093,0.27389705333366643,0.002482823845457116,18.701984131484622,18.87851683180806,0.17653270032343826,119.68446334228898,-17.255690709487148,116.00142127560605,-23.663573816004586,0.17000000000000046
1.5872,238.9266137039919,-35.03644064526133,231.5163773933839,-47.81082667870957,0.27133346993190816,0.27385135841863306,0.0025178884867249063,18.69624369394552,18.875266939415113,0.17902324546959392,119.46330685199595,-17.518220322630665,115.75818869669195,-23.905413339354784,0.17000000000000046
1.588,238.48160286191035,-35.55760236492754,231.02771985249444,-48.29033106650693,0.27125224968176764,0.2738052144633827,0.0025529647816150414,18.69047061767379,18.87198514529341,0.1815145276196226,119.24080143095517,-17.77880118246377,115.51385992624722,-24.145165533253465,0.17000000000000046
1.5888,238.03393590851948,-36.07485594713402,230.5369128246683,-48.76565742959357,0.2711705695257212,0.2737586221888049,0.0025880526630837064,18.68466496050878,18.868671501729956,0.18400654122117643,119.01696795425974,-18.03742797356701,115.26845641233415,-24.382828714796783,0.17000000000000046
1.5896,237.58365452862057,-36.58819128391159,230.043999026143,-49.2368029019572,0.2710884302642339,0.2737115823282895,0.0026231520640556116,18.678826781186633,18.86532606190841,0.18649928072177602,118.79182726431029,-18.294095641955796,115.0219995130715,-24.6184014509786,0.17000000000000046
1.5904,237.13080033449947,-37.09759878635246,229.54902098733203,-49.703765111682365,0.2710058327102878,0.2736640956276937,0.0026582629174059513,18.672956139339135,18.861948879906674,0.18899274056753868,118.56540016724973,-18.54879939317623,114.77451049366601,-24.851882555841183,0.17000000000000046
1.5912,236.6754148589086,-37.603069380704824,229.05202104702943,-50.16654217519385,0.2709227776893671,0.2736161628453072,0.0026933851559400868,18.667053095492495,18.85854001069429,0.1914869152017964,118.3377074294543,-18.801534690352412,114.52601052351471,-25.083271087596923,0.17000000000000046
1.592,236.21753954816236,-38.10459450437481,228.55304134675458,-50.625132691446524,0.270839266039443,0.2735677847518204,0.0027285187123773924,18.661117711066105,18.855099510130074,0.19398179906396962,118.10876977408118,-19.052297252187405,114.27652067337729,-25.312566345723262,0.17000000000000046
1.5928,235.75721575534482,-38.602166101837454,228.05212382523933,-51.07953573606501,0.27075529861096187,0.27351896213028676,0.002763663519324888,18.655150048371596,18.85162743495933,0.19647738658773406,117.87860787767241,-19.301083050918727,114.02606191261967,-25.539767868032506,0.17000000000000046
1.5936,235.29448473363507,-39.0957766204599,227.54931021305524,-51.52975085543466,0.2706708762668314,0.2734696957760915,0.0027988195092600865,18.64915017061166,18.848123842811543,0.19897367219988382,117.64724236681754,-19.54788831022995,113.77465510652762,-25.76487542771733,0.17000000000000046
1.5944,234.8293876297453,-39.58541900624038,227.0446420273822,-51.975778060749406,0.2705859998824053,0.27341998649691557,0.0028339866145102866,18.643118141878844,18.844588792197683,0.20147065031883926,117.41469381487265,-19.79270950312019,113.5223210136911,-25.987889030374703,0.17000000000000046
1.5952,234.36196547747824,-40.0710866994649,226.5381605669159,-52.41761782201713,0.27050067034547465,0.2733698351127097,0.002869164767235033,18.63705402715476,18.84102234250825,0.2039683153534888,117.18098273873912,-20.03554334973245,113.26908028345795,-26.208808911008564,0.17000000000000046
1.596,233.8922591913995,-40.55277363028617,226.02990690691627,-52.85527106202846,0.2704148885562529,0.2733192424556561,0.0029043538994031892,18.630957892308878,18.837424554010465,0.20646666170158667,116.94612959569974,-20.276386815143084,113.01495345345813,-26.42763553101423,0.17000000000000046
1.5968,233.4203095606285,-41.03047421422635,225.51992189439326,-53.28873915028967,0.2703286554273669,0.2732682093701375,0.002939553942770623,18.624829804097736,18.83379548784593,0.20896568374819324,116.71015478031426,-20.515237107113176,112.75996094719663,-26.644369575144836,0.17000000000000046
1.5976,232.9461572427481,-41.5041833476067,225.00824614343264,-53.718023896923555,0.2702419718838431,0.27321673671270896,0.0029747648288658834,18.618669830163796,18.830135206028523,0.21146537586472647,116.47307862137404,-20.75209167380335,112.50412307171632,-26.859011948461777,0.17000000000000046
1.5984,232.46984275783205,-41.97389640290751,224.4949200306592,-54.14312754654168,0.2701548388630987,0.2731648253520665,0.003009986488967775,18.612478039034666,18.82644377144206,0.21396573240739514,116.23492137891603,-20.986948201453757,112.2474600153296,-27.07156377327084,0.17000000000000046
1.5992,231.99140648259214,-42.439609224060746,223.9799836908368,-54.56405277208989,0.27006725731493203,0.2731124761690146,0.003045218854082543,18.606254500122258,18.822721247837876,0.2164667477156179,115.99570324129607,-21.219804612030373,111.9899918454184,-27.282026386044944,0.17000000000000046
1.6,231.51088864464492,-42.90131812167877,223.4634770126049,-54.980802668671124,0.2699792282015106,0.2730596900564388,0.003080461854928218,18.59999928372176,18.81896769983273,0.21896841611096818,115.75544432232246,-21.450659060839385,111.73173850630245,-27.490401334335562,0.17000000000000046
1.6008,231.02832931689707,-43.359019868221985,222.94543963434995,-55.39338074734799,0.26998329052331604,0.27310265358068253,0.0031193630573664866,18.600287943408865,18.822022773610275,0.2217348302014095,115.51416465844854,-21.679509934110992,111.47271981717498,-27.696690373673995,0.16992009129761107
1.6016,230.5437684120514,-43.81271169310711,222.4259109402123,-55.801790928926756,0.2699869037567435,0.27314520973653333,0.0031583059797898327,18.600544692086647,18.825048909807997,0.22450421772134987,115.2718842060257,-21.906355846553556,111.21295547010615,-27.900895464463378,0.16984018112490176
1.6024,230.0572456772335,-44.2623912777606,221.90493005622625,-56.20603753772749,0.2699900639274417,0.27318735446979525,0.0031972905423535702,18.600769247266193,18.82804581927959,0.22727657201339824,115.02862283861676,-22.1311956388803,110.95246502811312,-28.103018768863745,0.16976026948181844
1.6032,229.5688006887367,-44.70805675061811,221.3825358465933,-56.60612529534089,0.2699927670738951,0.27322908373884797,0.0032363166649528874,18.600961327379867,18.831013213770085,0.23005188639021767,114.78440034436835,-22.354028375309056,110.69126792329665,-28.303062647670444,0.16968035636830697
1.604,229.07847284688847,-45.14970668207482,220.8587669100864,-57.00205931437643,0.2699950092474286,0.27327039351462795,0.003275384267199366,18.601120651781937,18.8339508059148,0.2328301541328628,114.53923642344424,-22.57485334103741,110.4293834550432,-28.501029657188216,0.16960044178431238
1.6048,228.586301371036,-45.58734007938796,220.33366157658426,-57.39384509220317,0.26999678651223336,0.2733112797805997,0.0033144932683663586,18.60124694075072,18.836858309237613,0.235611368486893,114.293150685518,-22.79367003969398,110.16683078829213,-28.696922546101586,0.16952052572978238
1.6056,228.09232529465189,-46.020956381534134,219.80725790373705,-57.7814885046858,0.269998094945368,0.2733517385327328,0.0033536435873648407,18.60133991548895,18.839735438149674,0.23839552266072417,114.04616264732594,-23.010478190767067,109.90362895186853,-28.8907442523429,0.16944060820466184
1.6064,227.59658346055957,-46.450555454024936,219.2795936737582,-58.16499579991887,0.2699989306367758,0.27339176577947955,0.0033928351427037207,18.601399298125337,18.842581907948116,0.24118260982277917,113.79829173027979,-23.225277727012468,109.6397968368791,-29.082497899959435,0.16936068920889671
1.6072,227.09911451627835,-46.87613758368284,218.75070639034539,-58.54437359196115,0.2699992896893001,0.2734313575417506,0.003432067852450482,18.60142481171591,18.84539743481464,0.24397262309873113,113.54955725813917,-23.43806879184142,109.37535319517269,-29.272186795980573,0.1692807687424329
1.608,226.59995690948693,-47.2977034733804,218.22063327572485,-58.919628854572935,0.2699991682186983,0.27347050985288823,0.0034713416341899395,18.60141618024537,18.84818173581396,0.24676555556859014,113.29997845474347,-23.6488517366902,109.11031663786243,-29.459814427286467,0.16920084680521616
1.6088,226.09914888360584,-47.7152542367454,217.6894112678229,-59.29076891495884,0.26999856235365,0.2735092187586468,0.0035106564049968148,18.601373128627937,18.85093452889272,0.24956140026478124,113.04957444180292,-23.8576271183727,108.84470563391145,-29.64538445747942,0.16912092339719248
1.6096,225.5967284734989,-48.12879139283376,217.15707701755863,-59.65780144751697,0.26999746823577775,0.27354748031716475,0.0035500120813869995,18.601295382709147,18.853655532877813,0.2523601501686663,112.79836423674945,-24.06439569641688,108.57853850877932,-29.828900723758483,0.16904099851830767
1.6104,225.09273350129212,-48.538316860773506,216.62366688625963,-60.02073446759829,0.2699958820196581,0.27358529059894127,0.003589408579283193,18.601182669266937,18.856344467475104,0.2551617982081673,112.54636675064606,-24.269158430386753,108.31183344312981,-30.010367233799144,0.16896107216850756
1.6112,224.58720157230988,-48.94383295438146,216.08921694319858,-60.37957632527744,0.2699937998728347,0.27362264568681327,0.003628845813978543,18.60103471601288,18.85900105326806,0.2579663372551799,112.29360078615494,-24.47191647719073,108.04460847159929,-30.18978816263872,0.1688811443477381
1.612,224.0801700711287,-49.34534237675639,215.55376296324732,-60.73433569913723,0.26999121797583653,0.2736595416759278,0.0036683237000912916,18.6008512515938,18.86162501171615,0.2607737601223512,112.04008503556435,-24.672671188378196,107.77688148162366,-30.367167849568617,0.16880121505594411
1.6128,223.57167615774617,-49.74284821485,215.01734042465057,-61.085021590069736,0.2699881325221898,0.2736959746737249,0.0037078421515351345,18.600632005592914,18.86421606515395,0.2635840595610368,111.78583807887308,-24.871424107425,107.50867021232528,-30.542510795034868,0.16872128429307337
1.6136,223.06175676386698,-50.1363539340178,214.47998450691423,-61.43164331509401,0.2699845397184354,0.27373194079990487,0.0037474010814694814,18.600376708531385,18.86677393678913,0.2663972282577447,111.53087838193349,-25.0681769670089,107.23999225345712,-30.715821657547004,0.16864135205907077
1.6144,222.55044858930205,-50.525863372553225,213.9417300888096,-61.774210501194524,0.26998043578414077,0.27376743618640703,0.0037870004022662607,18.600085091869495,18.869298350701317,0.26921325883182234,111.27522429465103,-25.262931686276612,106.9708650444048,-30.887105250597262,0.1685614183538822
1.6152,222.03778809848453,-50.9113807362065,213.4026117464908,-62.11273307918077,0.2699758169519194,0.27380245697738725,0.0038266400254678423,18.599756888008294,18.871789031840784,0.2720321438324902,111.01889404924226,-25.45569036810325,106.7013058732454,-31.056366539590385,0.16848148317745343
1.616,221.523811517097,-51.29291059269109,212.86266375172295,-62.44722127757048,0.2699706794674431,0.2738369993291915,0.003866319861748402,18.599391830290838,18.87424570602692,0.2748538757360812,110.7619057585485,-25.646455296345547,106.43133187586147,-31.22361063878524,0.16840154652973038
1.6168,221.00855482881192,-51.67045786617971,212.3219200702211,-62.77768561649862,0.2699650195894616,0.27387105941033085,0.0039060398208692337,18.598989653003873,18.87666809994681,0.27767844694293586,110.50427741440596,-25.835228933089855,106.16096003511055,-31.38884280824931,0.16832160841065882
1.6176,220.4920537721446,-52.044027831791276,211.78041436009784,-63.1041369016525,0.26995883358981543,0.2739046334014583,0.003945799811642892,18.598550091379032,18.879055941153872,0.2805058497748405,110.2460268860723,-26.022013915895638,105.89020718004892,-31.55206845082625,0.16824166882018463
1.6184,219.97434383741674,-52.41362611007259,211.2381799704183,-63.42658621823651,0.2699521177534537,0.27393771749534734,0.003985599741893664,18.59807288159447,18.881408958066725,0.28333607647225634,109.98717191870837,-26.206813055036296,105.61908998520914,-31.713293109118254,0.16816172775825364
1.6192,219.45546026383016,-52.77925866147504,210.6952499398592,-63.74504492496609,0.2699448683784526,0.27397030789685817,0.00402543951840556,18.597557760776454,18.8837268799671,0.2861691191906459,109.72773013191508,-26.38962933073752,105.3476249699296,-31.872522462483044,0.16808178522481163
1.62,218.93543803664946,-53.14093178082971,210.15165699547362,-64.05952464809467,0.26993708177602843,0.27400240082292526,0.0040653190468968314,18.597004467000605,18.886009436999267,0.2890049699986612,109.46771901832473,-26.570465890414855,105.07582849773681,-32.02976232404733,0.16800184121980352
1.6208,218.41431188449258,-53.498652091822635,209.60743355155557,-64.37003727547379,0.2699287542705608,0.2740339925025239,0.004105238231963126,18.596412739293886,18.88825636016805,0.2918436208741646,109.20715594224629,-26.749326045911317,104.80371677577779,-32.185018637736896,0.16792189574317704
1.6216,217.89211627672898,-53.85242654147122,209.0626117086076,-64.67659495064761,0.26991988219960217,0.2740650791766506,0.004145196977048404,18.59578231763556,18.89046738133773,0.2946850637021683,108.94605813836449,-26.92621327073561,104.5313058543038,-32.338297475323806,0.16784194879487702
1.6224,217.3688854209844,-54.20226239460523,208.51722325240462,-64.97921006698404,0.26991046191390383,0.2740956570982969,0.004185195184393087,18.595112942959386,18.892642233230546,0.2975292902711608,108.6844427104922,-27.101131197302614,104.25861162620231,-32.48960503349202,0.16776200037484928
1.6232,216.84465326074894,-54.548167228352355,207.97129965315827,-65.27789526184368,0.2699004897774255,0.27412572253242345,0.004225232754997976,18.594404357154595,18.894780649425176,0.30037629227058105,108.42232663037447,-27.274083614176178,103.98564982657913,-32.63894763092184,0.16768205048303966
1.624,216.31945347309065,-54.890148926633074,207.42487206477256,-65.57266341078765,0.26988996216736305,0.27415527175594023,0.004265309588577182,18.59365630306819,18.896882364355687,0.3032260612874964,108.15972673654532,-27.445074463316537,103.71243603238628,-32.78633170539383,0.16760209911939397
1.6248,215.79331946647181,-55.22821567466274,206.87797132419772,-65.86352762182578,0.26987887547415884,0.2741843010576791,0.0043054255835202615,18.592868524505985,18.898947113309934,0.306078588803949,107.89665973323591,-27.61410783733137,103.43898566209886,-32.93176381091289,0.16752214628385803
1.6256,215.2662843786655,-55.56237595346665,206.3306279508727,-66.1505012297062,0.2698672261015252,0.2742128067383714,0.0043455806368462024,18.592040766234607,18.90097463242827,0.30893386619366225,107.63314218933274,-27.781187976733325,103.16531397543635,-33.0752506148531,0.16744219197637758
1.6264,214.73838107477408,-55.892638534406494,205.78287214625976,-66.43359779024763,0.26985501046646265,0.27424078511061967,0.0043857746441570145,18.591172773983097,18.902964658701933,0.31179188471883634,107.36919053738704,-27.946319267203247,102.89143607312988,-33.216798895123816,0.1673622361968985
1.6272,214.2096421453471,-56.219012473721726,205.23473379346893,-66.7128310747156,0.26984222499927724,0.27426823249887994,0.004426007499602702,18.590264294444452,18.90491692997209,0.31465263552763645,107.10482107267354,-28.109506236860863,102.61736689673447,-33.3564155373578,0.16728227894536563
1.628,213.68009990459538,-56.54150710708746,204.68624245696643,-66.98821506424348,0.26982886614360485,0.2742951452394355,0.004466279095830639,18.589315075277703,18.90683118492834,0.3175161096506365,106.84004995229769,-28.27075355354373,102.34312122848321,-33.49410753212174,0.16720232022172657
1.6288,213.14978638870446,-56.860132044189015,204.13742738237173,-67.25976394429924,0.2698149303564252,0.27432151968036966,0.004506589323944488,18.58832486510918,18.908707163107124,0.32038229799794493,106.57489319435223,-28.430066022094508,102.06871369118586,-33.62988197214962,0.16712236002592626
1.6296,212.61873335424178,-57.17489716331678,203.58831749633643,-67.52749209919988,0.26980041410808864,0.2743473521815447,0.004546938073456075,18.587293413534788,18.91054460489055,0.3232511913557623,106.30936667712089,-28.58744858165839,101.79415874816821,-33.76374604959994,0.16704239835791046
1.6304,212.08697227665877,-57.485812605980925,203.0389414065054,-67.79141410667255,0.26978531388233024,0.27437263911457943,0.004587325232249195,18.58622047112128,18.912343251505174,0.3261227803838942,106.04348613832938,-28.742906302990463,101.5194707032527,-33.895707053336274,0.16696243521762497
1.6312,211.55453434888676,-57.79288877154829,202.4893274015593,-68.05154473246535,0.26976962617629674,0.2743973768628237,0.004627750686526988,18.585105789408512,18.914102845020523,0.3289970556120103,105.77726717444338,-28.896444385774146,101.24466370077965,-34.02577236623267,0.16688247060501554
1.632,211.0214504800231,-58.09613631190375,201.93950345133405,-68.30789892500769,0.2697533475005638,0.27442156182133537,0.00466821432077158,18.583949120910994,18.915823128347796,0.3318740074368023,105.51072524001155,-29.048068155951874,100.96975172566702,-34.153949462503846,0.16680250452002798
1.6328,210.48775129410942,-58.395566126135,201.389497207019,-68.56049181012034,0.26973647437915804,0.27444519039685644,0.0047087160176984,18.582750219119756,18.917503845238535,0.3347536261187791,105.24387564705471,-29.1977830630675,100.6947486035095,-34.28024590506017,0.16672253696260803
1.6336,209.95346712899686,-58.691189355244916,200.83933600142848,-68.8093386857776,0.2697190033495821,0.2744682590077916,0.004749255658209495,18.581508838504472,18.919144740283436,0.3376359017789632,104.97673356449843,-29.345594677622458,100.41966800071424,-34.4046693428888,0.16664256793270155
1.6344,209.4186280353019,-58.98301737689121,200.28904684934867,-69.05445501692095,0.26970093096283404,0.2744907640841809,0.004789833121346843,18.58022473451513,18.92074555891076,0.3405208243956288,104.70931401765095,-29.491508688445606,100.14452342467433,-34.52722750846048,0.16656259743025423
1.6352,208.88326377544604,-59.27106180015368,199.73865644795612,-69.29585643032497,0.2696822537834272,0.2745127020676821,0.004830448284254885,18.57889766358378,18.92230604738543,0.3434083838016484,104.44163188772302,-29.63553090007684,99.86932822397806,-34.64792821516249,0.16648262545521095
1.636,208.34740382278176,-59.55533446033356,199.18819117730487,-69.53355870951751,0.2696629683894237,0.27453406941154573,0.004871101022122015,18.577527383127233,18.923825952807597,0.3462985696803642,104.17370191139088,-29.77766723016678,99.59409558865244,-34.766779354758754,0.16640265200751927
1.6368,207.81107736080233,-59.83584741378189,198.63767710088476,-69.76757778975241,0.2696430713724437,0.27455486258058953,0.004911791208145833,18.57611365154802,18.925305023111186,0.3491913715631654,103.90553868040116,-29.917923706890946,99.31883855044238,-34.883788894876204,0.16632267708712412
1.6376,207.27431328243327,-60.11261293276192,198.08713996624456,-69.99792975303801,0.26962255933769896,0.27457507805117964,0.00495251871348068,18.574656228237107,18.92674300706291,0.35208677882580375,103.63715664121663,-30.05630646638096,99.04356998312228,-34.998964876519004,0.1662427006939712
1.6384,206.73714018940487,-60.38564350034384,197.53660520568135,-70.2246308232195,0.2696014289040135,0.2745947123112059,0.004993283407192406,18.573154873575703,18.928139654260853,0.35498478068515027,103.36857009470243,-30.19282175017192,98.76830260284068,-35.11231541160975,0.16616272282800626
1.6392,206.19958639170557,-60.65495180533402,196.98609793699447,-70.44769736111724,0.26957967670384947,0.27461376186005976,0.005034085156210288,18.57160934893736,18.929494715133263,0.3578853661959016,103.09979319585278,-30.32747590266701,98.49304896849723,-35.22384868055862,0.1660827434891751
1.64,205.6616799071111,-60.92055073724054,196.43564296429923,-70.66714585972119,0.2695572993833304,0.2746322232086146,0.005074923825284183,18.570019416690005,18.930807940937505,0.36078852424749996,102.83083995355555,-30.46027536862027,98.21782148214962,-35.333572929860594,0.1660027626774234
1.6408,205.12344846079284,-61.182453381273675,195.88526477890423,-70.88299293944092,0.26953429360226494,0.27465009287919834,0.005115799276933397,18.5683848401979,18.932079083758463,0.36369424356056257,102.56172423039642,-30.591226690636837,97.94263238945211,-35.44149646972046,0.16592278039269698
1.6416,204.58491948499974,-61.440673013385364,195.33498756024414,-71.09525534341326,0.2695106560341769,0.2746673674055784,0.005156711371401501,18.566705383824115,18.933307896507817,0.36660251268370203,102.29245974249987,-30.720336506692682,97.66749378012207,-35.54762767170663,0.16584279663494156
1.6424,204.04612011881514,-61.6952230953457,194.78483517687323,-71.30394993286627,0.26948638336632713,0.27468404333293434,0.005197659966607204,18.564980812932387,18.93449413292245,0.3695133199900624,102.02306005940757,-30.84761154767285,97.39241758843662,-35.65197496643314,0.16576281140410196
1.6432,203.5070772079866,-61.94611726985874,194.23483118751236,-71.50909368254068,0.26946147229974327,0.27470011721784143,0.005238644918098168,18.563210893889558,18.93563754756367,0.3724266536741112,101.7535386039933,-30.97305863492937,97.11741559375618,-35.75454684127034,0.1656828247001257
1.644,202.9678173048254,-62.19336935571887,193.68499884215052,-71.71070367616953,0.2694359195492447,0.2747155856282438,0.005279666078999101,18.56139539406765,18.936737895815586,0.37534250174793726,101.4839086524127,-31.096684677859436,96.84249942107526,-35.855351838084765,0.1656028365229577
1.6448,202.42836666817746,-62.43699334300693,193.13536108320102,-71.90879710201493,0.26940972184346734,0.27473044514343786,0.00532072329997052,18.559534081845985,18.937794933884366,0.37826085203838034,101.21418333408873,-31.218496671503466,96.56768054160051,-35.954398551007465,0.16552284687254365
1.6456,201.8887512634616,-62.67700338832858,192.5859405467054,-72.10339124846351,0.26938287592489557,0.27474469235405174,0.005361816429156174,18.55762672661369,18.938808418797038,0.38118169218334685,100.9443756317308,-31.33850169416429,96.2929702733527,-36.051695624231755,0.16544285574882925
1.6464,201.34899676277482,-62.913413810094454,192.03675956358975,-72.29450349967983,0.26935537854988845,0.27475832386201876,0.005402945312130314,18.555673098771962,18.939778108400045,0.38410500962808314,100.67449838138741,-31.456706905047227,96.01837978179488,-36.14725174983992,0.1653628631517603
1.6472,200.80912854506465,-63.146239083842886,191.48784016096943,-72.4821513313184,0.2693272264887079,0.2747713362805649,0.005444109791856999,18.55367296973631,18.940703761358645,0.3870307916223332,100.40456427253233,-31.573119541921443,95.74392008048471,-36.2410756656592,0.1652828690812824
1.648,200.26917169636306,-63.37549383760695,190.93920406349758,-72.6663523062943,0.269298416525549,0.2747837262341834,0.005485309708634423,18.551626111939072,18.941585137155503,0.3899590252164309,100.13458584818153,-31.687746918803477,95.46960203174879,-36.33317615314715,0.16520287353734137
1.6488,199.7291510100859,-63.60119284732444,190.39087269476244,-72.84712407061222,0.26926894545856783,0.2747954903586185,0.005526544900050667,18.54953229883167,18.94242199608985,0.3928896972581768,99.86457550504295,-31.80059642366222,95.19543634738122,-36.42356203530611,0.16512287651988294
1.6496,199.18909098739184,-63.8233510322937,189.84286717872575,-73.02448434925483,0.26923881009991113,0.2748066253008417,0.0055678152009305815,18.54739130488706,18.943214099276183,0.3958227943891224,99.59454549369592,-31.91167551614685,94.92143358936288,-36.51224217462742,0.16504287802885276
