freq_ghz,s11_re,s11_im,s12_re,s12_im,s21_re,s21_im,s22_re,s22_im,sdd_re,sdd_im,sdc_re,sdc_im,scd_re,scd_im,scc_re,scc_im,zdd_re,zdd_im,zb1_re,zb1_im,zb2_re,zb2_im,zavg_re,zavg_im,zdd_minus_2zavg_re,zdd_minus_2zavg_im,sdd_db,sdc_db,scd_db,scc_db,branch_mag_imbalance_db,branch_phase_error_deg
1.0,0.09884906328739596,-0.19553076188983012,0.28696295367511493,-0.7288236908678885,0.286961524323681,-0.7288237739594458,0.0984754023392458,-0.1921291049012141,-0.1883000061860771,0.5349937990181449,0.00018754514979204412,-0.001700786948529348,0.00018611579835810937,-0.0017008700400866494,0.38562447181271886,-0.9226536658091892,39.94197847598621,63.004367850907556,19.919174365862276,31.395584854149156,20.022494101134313,31.608757660096398,19.970834233498294,31.502171257122775,0.00031000898962219026,2.533666200577045e-05,-4.925823429640982,-55.33451261796736,-55.33488560627259,-1.7283686747649508e-05,-0.05480928058239401,-0.04128482027579139
1.0008,0.10060218905663905,-0.1958506830929377,0.2842775132212372,-0.7288954640198906,0.28427302823855816,-0.7288964629660611,0.10024216436316181,-0.19244742656666067,-0.18385309401999725,0.5347469086631766,0.00018225483807812054,-0.0017011287900532551,0.0001777698553991,-0.0017021277362238157,0.3846974474397981,-0.9230450183227751,40.31164082008978,63.37882340047641,20.103526326543204,31.582696726433056,20.207802585407684,31.796102770020934,20.155664455975444,31.689399748226997,0.00031190813889026003,2.3904022420140336e-05,-4.951810034785097,-55.33568970654443,-55.33304211651572,1.8378943939936695e-05,-0.05458895633972893,-0.040495802437163775
1.0016,0.10234909994834931,-0.1961847199491164,0.2815974425846743,-0.7289522303983818,0.28158999274832336,-0.7289540629699256,0.10200272563513069,-0.1927799426738927,-0.17941780487475883,0.5344708153726491,0.00017691207478479076,-0.0017014723518399555,0.00016946223843385122,-0.0017033049233838027,0.3837696304582388,-0.9234354779956583,40.68444768217435,63.75326127192649,20.28945082410526,31.76980137021047,20.394683044158455,31.983437458890965,20.342066934131857,31.876619414550717,0.00031381391063689534,2.244282505614592e-05,-4.977780558761225,-55.336802553603384,-55.331375508524204,5.303260497494078e-05,-0.05436987365519847,-0.03972313690695728
1.0024,0.10408969862289406,-0.19653277564535085,0.2789228434583705,-0.7289940824845611,0.2789125195308298,-0.7289966693551452,0.10375698773382189,-0.19312655614985205,-0.17499433831624217,0.5341657100222517,0.00017151740830644024,-0.0017018163124573743,0.00016119348076575057,-0.0017044031830414502,0.38284102467295816,-0.9238250418174546,41.060425081893136,64.12766399188403,20.476960828791057,31.956890006027713,20.583148526987614,32.170753033126196,20.530054677889336,32.063821519576955,0.0003157261144650647,2.0952730125145536e-05,-5.003733597030038,-55.33785500577522,-55.329881009568226,8.667589555504435e-05,-0.054152047416625895,-0.03896654347173012
1.0032,0.1058238891964712,-0.1968947528393275,0.27625381609525096,-0.7290211134135243,0.276240708768677,-0.7290243781281514,0.10550485370719759,-0.19348716937740187,-0.1705828909801296,0.5338317846624732,0.00016607140792376796,-0.0017021593736492452,0.00015296408134983508,-0.0017054240882763277,0.38191163388379834,-0.9242137068792025,41.43959918960071,64.50201368833359,20.666069385254445,32.14395365608611,20.77321215979023,32.35804059885032,20.71964077252234,32.25099712746822,0.0003176445560342245,1.9433397156376486e-05,-5.029667739652288,-55.338850804987636,-55.328553894421546,0.00011930808516821855,-0.05393549187537443,-0.038225745072963946
1.004,0.10755157723868897,-0.19727055368123053,0.2735904593078751,-0.729033416951482,0.2735746591500214,-0.7290372858940772,0.10724622807022383,-0.1938616842174881,-0.16618365657449186,0.5334692324734204,0.0001605746631594407,-0.0017025002605736,0.00014477450530570035,-0.0017063692031687866,0.38098146188340465,-0.9246014703721389,41.82199632451868,64.87629208363586,20.85678961165749,32.33098314076787,20.964887143824253,32.54529105838321,20.910838377740873,32.43813709957554,0.0003195690369324211,1.7884484776686804e-05,-5.055581571414464,-55.33979358934787,-55.32738948530009,0.00015092909860699833,-0.053720220659788515,-0.03750046777687999
1.0048,0.10927266976983653,-0.19766007983533554,0.2709328704684429,-0.7290310874731244,0.27091446786974327,-0.7290354898333274,0.10898101680226506,-0.19425000203109977,-0.16179682588304228,0.5330782477200083,0.0001550277831355376,-0.0017028377220163482,0.00013662518443591926,-0.0017072400822193967,0.3800505124551438,-0.9249883295864435,42.20764295278982,65.25048048745259,21.049134698711445,32.51796907511486,21.158186754723708,32.732495106687125,21.103660726717578,32.625232090900994,0.00032149935466208035,1.6305650603953836e-05,-5.081473671957568,-55.34068689412874,-55.32638315178613,0.00018153950092445633,-0.053506246788602885,-0.03679044074522153
1.0056,0.11098707525784625,-0.19806323250139451,0.26828114550916976,-0.7290142199391593,0.2682602306309906,-0.7290190876783297,0.11070912734416175,-0.19465202370102064,-0.15742258676907617,0.5326590257075368,0.0001494313959318344,-0.0017031705306017608,0.00012851651775265538,-0.0017080382697721719,0.3791187893710842,-0.9253742819099522,42.59656568541393,65.62455978957634,21.243117908659315,32.704901865260794,21.353124341452048,32.91964322776445,21.29812112505568,32.812272546512624,0.0003234353025689529,1.4696551090764842e-05,-5.107342615908857,-55.34153415274531,-55.325530310834864,0.00021114048242441483,-0.05329358268352856,-0.03609539620600799
1.0064,0.11269470361494847,-0.19847991243581223,0.26563537892300176,-0.7289829098739851,0.26561204164708485,-0.7289881776904893,0.11243046859499392,-0.1950676496533671,-0.15306112418007212,0.5322117627376475,0.00014378614793573996,-0.0017034974829704397,0.00012044887201882737,-0.0017087652994746683,0.37818629639001455,-0.9257593248268268,42.98879127606423,65.9985104526646,21.43875257419861,32.89177170481343,21.54971332519584,33.10672569100945,21.494232949697224,32.99924869791144,0.0003253766697781657,1.3056841723368962e-05,-5.133186973016849,-55.342338697871575,-55.32482642669281,0.0002397338434794962,-0.053082240182348174,-0.03541506942741535
1.0072,0.11439546619404845,-0.19891001997261254,0.26299566376468747,-0.7289372533435664,0.26296999364375095,-0.7289428586373411,0.11414495090855588,-0.19549677987891953,-0.14871262015291706,0.5317366560646877,0.00013809270321454153,-0.0017038173999591316,0.00011242258227802532,-0.0017094226937338225,0.3772530372555214,-0.9261434559162198,43.384346618780896,66.3723125048815,21.636052097342628,33.078568571193074,21.747967198197028,33.293732547511866,21.69200964776983,33.18615055935247,0.0003273232412368543,1.1386176566929862e-05,-5.159005308289483,-55.3431037625067,-55.324267010945015,0.0002673219795761953,-0.05287223055092451,-0.0347491986879902
1.008,0.1160892757847968,-0.1993534550441842,0.26036209165218205,-0.7288773469334547,0.2603341778617265,-0.7288832297699067,0.11585248608951768,-0.19593931395422473,-0.14437725381979705,0.5312339038524763,0.0001323517428673121,-0.001704129126753759,0.0001044379524118011,-0.0017100119632057348,0.3763190156941115,-0.9265266728508852,43.783258745534745,66.74594553244147,21.83502994821768,33.265282221919584,21.947899522519684,33.48065362631358,21.891464735368682,33.37296792411658,0.00032927479738020793,9.684208308158304e-06,-5.184796182135404,-55.34383248115212,-55.323847622481736,0.00029390786612792377,-0.05266356449561348,-0.03409752525240606
1.0088,0.11777604660939013,-0.19981011720180963,0.2577347527683871,-0.7288032877269986,0.2577046840596894,-0.7288093908002589,0.11755298738931313,-0.19639515106248379,-0.1400552014146866,0.530703705131482,0.00012656396438734396,-0.0017044315330328186,9.649525568963813e-05,-0.0017105346062930293,0.37538423541338983,-0.9269089733957754,44.185554823661626,67.11938867205971,22.035699663795278,33.45190219085396,22.149523928751933,33.66747853061753,22.092611796273605,33.55969036073574,0.00033123111441568653,7.950588226890432e-06,-5.210558150508623,-55.34452789099588,-55.323563867530396,0.0003194950434262766,-0.05245625217504378,-0.03345979334474691
1.0096,0.11945569431809681,-0.20027990563597192,0.25511373586322333,-0.7287151732837455,0.2550816005175043,-0.7287214418793139,0.11924636950173578,-0.19686419001421673,-0.1357466362804475,0.5301462597564354,0.00012073008104004912,-0.0017047235130934202,8.859473532099593e-05,-0.001710992108661824,0.3744487001002801,-0.927290355406624,44.59126215316004,67.49262060330847,22.238074846556174,33.6384177843926,22.352854114639968,33.85419663394988,22.29546448059807,33.74630720917124,0.00033319196389669514,6.18496598292495e-06,-5.236289765056278,-55.34519293314005,-55.323411399686215,0.0003440876016514032,-0.05225030321177025,-0.032835750122160334
1.0104,0.12112813598450382,-0.20076271919642946,0.2524991282560185,-0.7286131016180075,0.25246501403983407,-0.7286194835748189,0.1209325485582589,-0.19734632926769147,-0.1314517288765449,0.5295617683643528,0.0001148508212146862,-0.0017050039859632937,8.073660503025298e-05,-0.0017113859427746458,0.37351241341930763,-0.9276708168284735,45.00040816384919,67.86561954087506,22.442169163085623,33.82481807761161,22.557903843650756,34.0407970762738,22.50003650336819,33.93280757694271,0.000335157112807849,4.386989644444839e-06,-5.261989573269857,-55.345830453867976,-55.32338591995327,0.00036769016572157985,-0.052045726703718,-0.03222514565231904
1.0112,0.12279329010051977,-0.20125845641208215,0.24989101583821374,-0.7284971711776461,0.249855009960013,-0.7285036168495832,0.12261144212309621,-0.19784146694913432,-0.12717064678730536,0.5289504323330063,0.00010892692781215574,-0.0017052718955053864,7.292104961141577e-05,-0.0017117175674424695,0.3725753790109214,-0.928050355694223,45.413020412385926,68.23836322672955,22.647996342596972,34.011091910366844,22.76468694346554,34.227268760057235,22.70634164303126,34.119180335212036,0.0003371263234086541,2.5563054748545255e-06,-5.287656118639783,-55.34644320589188,-55.32348317679105,0.00039030788045829834,-0.051842531235351964,-0.03162773288676135
1.012,0.12445107657109546,-0.2017670155105768,0.2472894830763823,-0.7283674808230257,0.2472516721442885,-0.7283739430399274,0.12428296918798072,-0.1983495008726968,-0.12290355473079731,0.5283124537398398,0.0001029591576042696,-0.001705526210489125,6.514822551047239e-05,-0.0017119884273908287,0.3716376004898735,-0.9284289701231133,45.82912657912929,68.61082892219333,22.855570175380585,34.19722788334319,22.97321730439551,34.41360034629223,22.914393739888048,34.30541411481771,0.0003390993531908748,6.925579185690367e-07,-5.313287940813081,-55.34703384973409,-55.32369896617767,0.00041194639549210657,-0.05164072488867996,-0.03104326763940435
1.0128,0.12610141670872826,-0.2022882944377136,0.24469461301555032,-0.7282241298061907,0.24465508299630925,-0.7282305638343604,0.12594705016670796,-0.19887032856019385,-0.11865061456821167,0.5276480353213219,9.694828063069871e-05,-0.001705765924675015,5.7418261389621805e-05,-0.0017121999528447035,0.3706990814436479,-0.9288066583192293,46.248754464858635,68.98299339991792,23.064904511178593,34.383214354059774,23.18350887772538,34.59978025046864,23.124206694451985,34.49149730226421,0.0003410759546653708,-1.2046104984619888e-06,-5.338883575754854,-55.34760495498061,-55.324029131676056,0.0004326118505031558,-0.051440315254042475,-0.03047150856119174
1.0136,0.12774423322768994,-0.20282219087659234,0.24210648728280282,-0.7280672177502219,0.24206532346195223,-0.7280735812524916,0.12760360688941294,-0.19940384726060517,-0.11441198531382608,0.526957380432758,9.089507956377973e-05,-0.0017059900568587583,4.973125871320094e-05,-0.0017123535591284378,0.36975982543092895,-0.9291834185699556,46.6719319873319,69.3548329357663,23.276013257480983,34.56903943282572,23.395575673975586,34.785796638499875,23.335794465728284,34.6774180356628,0.00034305587533367543,-3.1355592966519907e-06,-5.364441555912945,-55.348159001701205,-55.32446956451166,0.0004523108602660508,-0.05124130944061569,-0.029912217119033357
1.0144,0.1293794502380404,-0.2033686022665328,0.23952518609120868,-0.7278968446288182,0.2394824730344311,-0.7279030976241861,0.12925256259660778,-0.19994995396932877,-0.1101878231454958,0.5262406930085713,8.480034910510192e-05,-0.0017061976509180204,4.208729232751951e-05,-0.0017124506462859596,0.36881983598014395,-0.929559249244433,47.09868717768233,69.72632330060219,23.488910377740517,34.75469097864956,23.609431761084412,34.97163742260264,23.549171069412466,34.8631642006261,0.0003450388573966734,-5.100650014355779e-06,-5.389960410385917,-55.348698381795245,-55.32501620363992,0.0004710504999733796,-0.05104371408692548,-0.02936515757323832
1.0152,0.13100699323940526,-0.20392742582175757,0.23695078824400848,-0.7277131107460943,0.2369066097596595,-0.7277192155689471,0.13089384193299092,-0.20050854544720684,-0.1059782814156359,0.5254981775230385,7.866489538166377e-05,-0.001706387775848986,3.448641103268035e-05,-0.0017124925987017786,0.3678791165880321,-0.929934148792003,47.52904817665307,70.09743975198799,23.703609889506637,34.94015659510461,23.825091262508536,35.15729025712976,23.764350576007587,35.048723426117185,0.000347024637896709,-7.100246378399788e-06,-5.415438665094758,-55.349225400338035,-55.32566503590003,0.0004888382905755926,-0.05084753537061397,-0.028830096953299744
1.016,0.13262678911451892,-0.20449855854983043,0.23438337113908198,-0.7275161167165565,0.23433781024193473,-0.727522037975553,0.13252737094100808,-0.2010795182392916,-0.10178351066274485,0.5247300389514937,7.248953532904001e-05,-0.0017065595257711452,2.6928638181794584e-05,-0.0017124807847677115,0.3669376707182718,-0.9303081157406157,47.963043230658855,70.468157025787,23.92012586247381,35.12542362614326,24.042568355236774,35.34274253435822,23.981347108855292,35.23408308025074,0.00034901294826994445,-9.134714488823192e-06,-5.4408748429579745,-55.34974227703807,-55.32641209602113,0.0005056821840658249,-0.05065277901896996,-0.02830680503967642
1.0168,0.13423876612256655,-0.2050818972698551,0.23182301077369666,-0.7273059634453387,0.23177614964985124,-0.7273116679819334,0.13415307705420604,-0.20166276869338381,-0.09760365862338766,0.5239364827320165,6.627509610294957e-05,-0.0017067120199383418,1.941397225754815e-05,-0.0017124165565329946,0.36599550180016027,-0.9306811486952555,48.40070068767475,70.8384493276782,24.138472416443154,35.31047915187046,24.26187726771719,35.52798138023025,24.200174842080173,35.419230266050356,0.0003510035144032031,-1.1204422506239098e-05,-5.466267464070123,-55.3502511476007,-55.327253466802645,0.0005215905490914676,-0.05045945031821333,-0.027795054340231218
1.0176,0.1358428538922977,-0.20567733863043067,0.229269781749515,-0.7270827521086237,0.22922170172250128,-0.7270882089552931,0.13577088909035595,-0.20225819297830736,-0.09343887024468134,0.5231177147275894,6.0022414477750585e-05,-0.001706844402726962,1.1942387464006221e-05,-0.001712301249396378,0.36505261322733495,-0.9310532463363275,48.842048992944264,71.20829032457713,24.358663719193995,35.49530998426802,24.483032277693894,35.712993650050365,24.420847998443946,35.60415181715919,0.0003529960563710688,-1.3309741248690443e-05,-5.491615045883972,-55.35075406515527,-55.32818527916486,0.000536572156412231,-0.05026755412350078,-0.027294620070819064
1.0184,0.13743898341494407,-0.2062847791273625,0.2267237572778779,-0.7268465841343114,0.2266745387759243,-0.7268517644724924,0.13738073724436856,-0.2028656871019505,-0.08928928769724478,0.5222739411887454,5.373233626454477e-05,-0.0017069558436154791,4.513834310951315e-06,-0.001712136181796567,0.36410900835655735,-0.9314244074180584,49.287116684502315,71.57765313596806,24.580713984263156,35.67990266287582,24.70604770995079,35.897765924136024,24.643380847106975,35.78883429350592,0.0003549902883648315,-1.5451043779535212e-05,-5.51691610339606,-55.3512530016655,-55.32920371229242,0.0005506361647195732,-0.05007709486810088,-0.026805280133686438
1.0192,0.13902708703693833,-0.2069041151211212,0.22418500918531759,-0.7265975611829011,0.2241347317097859,-0.7266024383006758,0.1389825530810053,-0.2034851469290455,-0.08515505038857994,0.5214053687167051,4.740571573236263e-05,-0.0017070455371504534,-2.8717597993221933e-06,-0.001711922654925202,0.36316469050652356,-0.9317946307668719,49.73593238851026,71.94651032515016,24.804637468630446,35.86424345042931,24.930937933961452,36.08228450342666,24.86778770129595,35.97326397692799,0.0003569859183585322,-1.762870581956122e-05,-5.542169149335817,-55.35174984935117,-55.33030499374489,0.0005637921063275971,-0.04988807657274047,-0.026326815097263534
1.02,0.14060709845242728,-0.2075352428540722,0.22165360791933686,-0.7263357851285974,0.2216023500143421,-0.7263403343781499,0.140576269527389,-0.2041164681987109,-0.08103629497693132,0.5205122042269821,4.1043415016511764e-05,-0.001707112702904398,-1.0214489978246921e-05,-0.0017116619524569082,0.3622196629567476,-0.9321639152797652,50.18852481439538,72.31483389039026,25.030448470306872,36.0483183284499,25.15771736144033,36.26653540504584,25.0940829158736,36.15742686674787,0.00035898264818001735,-1.9843105476979872e-05,-5.567372694358479,-55.35224642209482,-55.33148539956164,0.0005760498731615761,-0.049700502854714175,-0.025859008177292253
1.0208,0.1421789526956088,-0.20817805846743082,0.21912962255441787,-0.7260613580406466,0.2190774617775899,-0.7260655567955353,0.1421618208653164,-0.20475954654172757,-0.07693315538554128,0.5195946549135118,3.464630356019016e-05,-0.0017071565854072657,-1.7514473267782327e-05,-0.001711355340295928,0.3612739289464665,-0.9325322599226702,50.644922749789956,72.68259525599582,25.258161325822357,36.23211299279563,25.38640044379455,36.450504357823846,25.322280884808453,36.34130867530973,0.0003609801730490858,-2.2094623645330103e-05,-5.592525247241178,-55.35274445691856,-55.332741254361636,0.0005874197026757104,-0.049514376936963526,-0.025401645216362567
1.0216,0.14374258613288715,-0.2088324580179957,0.21661312079828587,-0.7257743821649297,0.216560133692675,-0.7257782097771569,0.1437391427233904,-0.20541427749757474,-0.07284576281734167,0.5186529282132581,2.821525755382359e-05,-0.001707176454096876,-2.4771848057061896e-05,-0.0017110040663240456,0.3603274916736192,-0.9328996637288285,51.10515505526533,73.049765263299,25.487790407611584,36.41561284916809,25.617001669472188,36.634176797774764,25.552396038541886,36.52489482347143,0.0003629781815561728,-2.438364386136982e-05,-5.617625315082786,-55.35324561530668,-55.33406893151372,0.0005979121641667761,-0.049329701656549846,-0.024954514663733107
1.0224,0.14529793645483968,-0.20949833749461347,0.21410416899837123,-0.7254749599057418,0.2140504310655249,-0.7254783976627039,0.14530817206896657,-0.2060805565312078,-0.06877424577004496,0.5176872317713123,2.175115935973415e-05,-0.0017071716032217715,-3.1986773486605835e-05,-0.0017106093601838707,0.3593803542938512,-0.9332661257971335,51.56925065885644,73.41631416155774,25.719350121295477,36.59880300857593,25.84953556120544,36.81753786353404,25.78444284125046,36.708170436054985,0.0003649763555202412,-2.6710552234021634e-05,-5.642671403507492,-55.353751484711815,-55.33546485320418,0.0006075381448992728,-0.04914647947355074,-0.02451740755816445
1.0232,0.14684494266803327,-0.21017559283440643,0.21160283214852332,-0.7251631938078582,0.21154841782267997,-0.7251662248891597,0.1468688471999238,-0.20675827904958244,-0.06471873005162311,0.5166977734065146,1.5254896976416021e-05,-0.0017071413517612544,-3.9159428866938906e-05,-0.0017101724330627621,0.35843251991958014,-0.9336316452905034,52.037238550367995,73.78221159877724,25.95285490285353,36.78166828275978,26.084016673144863,37.00057239175517,26.018435787999195,36.891120337257476,0.00036697436960508867,-2.9075737714379102e-05,-5.667662016871523,-55.35426357990984,-55.33692549057511,0.0006163088366803718,-0.048964712479454164,-0.024090117508393405
1.024,0.14838354508665214,-0.21086411993873436,0.20910917389593126,-0.7248391865388077,0.20905415651932927,-0.7248417959729809,0.14842110773626685,-0.2074473404179233,-0.060679338796170754,0.5156847610775654,8.727363493638007e-06,-0.0017070850433189289,-4.6290013108352124e-05,-0.001709694477492113,0.3574839916190897,-0.9339962214342232,52.509147775459944,74.14742661245012,26.188319215685297,36.96419317957684,26.320459587883473,37.18326491246526,26.254389401784387,37.07372904602105,0.0003689718911701334,-3.147959198201988e-05,-5.692595658473683,-55.354783344431425,-55.33844736385568,0.000624235722306062,-0.048784402405413756,-0.023672440672044104
1.0248,0.1499136853239958,-0.21156381468893395,0.20662325654824598,-0.7245030408713928,0.2065677083475742,-0.7245052154925433,0.14996489461156773,-0.20814763597574196,-0.056656192480128334,0.5146484028496302,2.16945654991918e-06,-0.001707002046020742,-5.337874412185417e-05,-0.0017091766671712277,0.35653477241569187,-0.934359853514306,52.985007429507384,74.5119276202183,26.425757547560877,37.14636189834424,26.558878913366364,37.36559964438357,26.49231823046362,37.25598077136391,0.00037096858014251666,-3.392250951606002e-05,-5.717470830769593,-55.355312151910276,-55.34002704244298,0.0006313305623644402,-0.04860555063061177,-0.023264175740564497
1.0256,0.15143530628378893,-0.2122745729617636,0.20414514108091728,-0.7241548596664401,0.2040891331448741,-0.724156588070862,0.15150015006424267,-0.2088590610525997,-0.05264940893887987,0.5135889068614694,-4.417922205290914e-06,-0.0017068917523709731,-6.042585824846125e-05,-0.0017086201567928921,0.35558486528691147,-0.9347225408758327,53.46484665122318,74.87568241045882,26.66518440745201,37.32815832514611,26.799289279682466,37.54756049020034,26.732236843567236,37.43785940767323,0.0003729640887115693,-3.640488763778649e-05,-5.742286035589112,-55.35585130758449,-55.34166114504123,0.0006376053819602562,-0.048428158190174105,-0.022865123919501684
1.0264,0.15294835215138455,-0.2129962906446523,0.20167488714474044,-0.7237947458558411,0.20161848940266186,-0.7237960183585701,0.1530268176286855,-0.2095815109836071,-0.04865910338366612,0.512506481293076,-1.1033867611184855e-05,-0.0017067535791581157,-6.74316096897637e-05,-0.0017080260818870818,0.3546342731637362,-0.9350842829213353,53.94869461604405,75.23865813279888,26.906614322244856,37.509566028104786,27.041705335738115,37.72913103182047,26.974159828991485,37.61934852996263,0.00037495806108012175,-3.8927126382759525e-05,-5.767039774357359,-55.35640204948423,-55.34334633977578,0.0006430724579778011,-0.04825222578307953,-0.022475088909004626
1.0272000000000001,0.15445276838478672,-0.21372886365064717,0.19921255307356303,-0.7234228024257581,0.19915583427518072,-0.7234236110171621,0.15454484212624583,-0.21031488112468152,-0.044685388418855596,0.5114013343337958,-1.7677471538413148e-05,-0.0017065869672807793,-7.439626992071513e-05,-0.001707395558684835,0.35368299892988814,-0.9354450791091244,54.43658052927187,75.60082128855477,27.150061833331925,37.690568252612664,27.286141745806578,37.91029452557083,27.218101789569253,37.80043138909175,0.00037695013336502825,-4.148962872818629e-05,-5.791730548319585,-55.356965549966816,-55.34507934427464,0.0006477443059891938,-0.048077753780050594,-0.022093876888675368
1.028,0.155948501705566,-0.2144721879331301,0.1967581958922139,-0.7230391324001356,0.19670122358845887,-0.7230394707025176,0.15605416965607466,-0.21105906686754164,-0.040728374059516056,0.5102736741509908,-2.434782337679131e-05,-0.001706391381603209,-8.132012713184256e-05,-0.0017067296839852059,0.35273104542115674,-0.9358049289516625,54.92853361896169,75.96213772110715,27.395541493076237,37.87114791653372,27.532613185952304,38.091033897373805,27.46407733951427,37.98109090695377,0.0003789399331495247,-4.4092800379758046e-05,-5.81635685876901,-55.35754291704197,-55.34685692579396,0.0006516336677028605,-0.047904742231106405,-0.021721296497446474
1.0288,0.1574355000896253,-0.21522615950030677,0.19431187132459346,-0.7226438388244457,0.19425471184948956,-0.7226437020486745,0.15755474758582858,-0.21181396365444646,-0.036788167749314565,0.5091237088591835,-3.104401054969397e-05,-0.0017061663108157848,-8.820348565358183e-05,-0.0017060295350445204,0.3517784154247684,-0.9361638320139367,55.424583128553834,76.32257260620548,27.64306786114881,38.05128760536818,27.781134340325586,38.27133173788717,27.7121011007372,38.16130967162768,0.0003809270794334907,-4.6737049871126146e-05,-5.840917207278578,-55.35813519561227,-55.34867590129707,0.0006547534985413953,-0.04773319087316683,-0.021357158817608024
1.0296,0.15891371275785546,-0.21599067442939515,0.19187363380194122,-0.722237024749667,0.191816352255527,-0.7222364096518902,0.15904652454225016,-0.2125794669926829,-0.03286487437868131,0.5079516464897397,-3.7765118990229496e-05,-0.0017059112672445226,-9.504666540445517e-05,-0.0017052961694676988,0.35082511167878694,-0.9365217879118176,55.92475830924179,76.68209044221598,27.89265550073354,38.23096956739025,28.03171989732607,38.45117029761431,27.962187699029805,38.34106993250228,0.00038291118217870235,-4.9422788578112886e-05,-5.865410095935689,-55.35874336891648,-55.35053313757921,0.0006571169551752006,-0.04756309913730123,-0.02100127735511137
1.0304,0.16038309016665495,-0.21676562888062004,0.1894435364712795,-0.7218187932165178,0.1893861967036054,-0.7218176980549521,0.16052945040161745,-0.2133554724688017,-0.028958596303306258,0.506757694961024,-4.4510233644198816e-05,-0.0017056257866919777,-0.00010185000131830713,-0.0017045306251263215,0.34987113687157867,-0.9368787963104459,56.42908841207048,77.0406550403007,28.144318974598377,38.41017570874933,28.284384545629766,38.630531481982025,28.21435176011407,38.52035359536568,0.0003848918423372538,-5.215043064765723e-05,-5.889834027580924,-55.359368359752835,-55.35242555132203,0.0006587373835017145,-0.047394466156169414,-0.02065346802501722
1.0312,0.1618435839983498,-0.21755091911090768,0.18702163120401882,-0.721389247239941,0.18696429580014595,-0.7213876717317743,0.16200347628008174,-0.2141418757625921,-0.025069433362866614,0.5055420620491077,-5.127843892953343e-05,-0.0017053094282411668,-0.00010861384280240471,-0.00170373392007446,0.3489164936412982,-0.9372348569226076,56.93760267975665,77.3982295145489,28.39807284102715,38.588887588549426,28.539142970078295,38.80939684639232,28.468607905552723,38.69914221747087,0.0003868686512049635,-5.4920392841495413e-05,-5.914187506049475,-55.360011031836684,-55.35435010920978,0.0006596283065745659,-0.04722729077096942,-0.02031354913142991
1.032,0.16329514715149013,-0.21834644148736848,0.1846079686047011,-0.7209484897938098,0.18455069887075035,-0.7209464350722573,0.16346855452388395,-0.21493857266080882,-0.021197482900038686,0.5043049553589448,-5.806881922151841e-05,-0.0017049617740560602,-0.00011533855317229225,-0.0017029070525036022,0.3479611845754128,-0.9375899695071223,57.45033033822958,77.75477627204889,28.65393164961209,38.76708641389564,28.79600984742699,38.98774759124795,28.72497074851954,38.877417002571796,0.0003888411904995337,-5.773309470669119e-05,-5.93846903641658,-55.360672191115555,-55.35630382791092,0.0006598034127506862,-0.0470615715389994,-0.019981341353826565
1.0328,0.1647377337310554,-0.2191520925005166,0.1822025980199377,-0.7204966237959572,0.18214545397010654,-0.7204940923674041,0.16492463869947338,-0.21574545907064607,-0.01734283977975773,0.5030465822960994,-6.488045929338437e-05,-0.001704582429211815,-0.00012202450912457419,-0.0017020510006587053,0.3470052122102865,-0.937944133867262,57.96730058787726,78.11025700291502,28.911909936899463,38.94475303492301,29.054999841945886,39.16556455695047,28.983454889422674,39.05515879593674,0.0003908090319129087,-6.0588958461949005e-05,-5.9626771252455315,-55.361352586882305,-55.35828377430061,0.0006592765442674849,-0.04689730673972964,-0.019656667725371335
1.0336,0.16617129903854738,-0.21996776877723193,0.17980556754744964,-0.7200337520933451,0.1797486078920727,-0.7200307477947265,0.16637168358351093,-0.21656243103296002,-0.013505596408732015,0.5017671500389398,-7.171244479330097e-05,-0.001704171021445211,-0.00012867210017024344,-0.0017011667228266636,0.34604857903079034,-0.9382973498491318,58.48854259450015,78.46463267026347,29.172022221889875,39.12186793979353,29.316127600873397,39.34282821887879,29.244074911381638,39.23234807933616,0.0003927717368767958,-6.348840885550544e-05,-5.986810280839656,-55.362052913232596,-55.360287065382785,0.0006580616855692948,-0.04673449438233047,-0.019339353621830924
1.0344,0.16759579956199816,-0.22079336709350852,0.1774169240452751,-0.7195599774475785,0.17736020617981568,-0.719556505403904,0.16780964515278646,-0.2173893847352386,-0.009685842755153079,0.5004668655113678,-7.85638626644436e-05,-0.0017037272009721716,-0.00013528172812385386,-0.0017002551572977143,0.34509128746993767,-0.9386496173401149,59.0140854799619,78.8178635001536,29.434283001385403,39.298411249680626,29.57940774972024,39.519518682346124,29.50684537555282,39.40896496601337,0.0003947288562571316,-6.643187313670751e-05,-6.010867013497027,-55.3627738101354,-55.36231086838279,0.0006561729522335327,-0.04657313221217571,-0.019029226739519345
1.0352,0.16901119296588563,-0.22162878438691302,0.1750367131411091,-0.7190754025206285,0.17498029313614064,-0.7190714691027125,0.1692384805740322,-0.2182262165243242,-0.005883666368665955,0.49914593535605195,-8.543380158904101e-05,-0.0017032506402524378,-0.00014185380655752644,-0.0016993172223363912,0.3441333399085838,-0.9390009362672891,59.54395831252636,79.16990897148706,29.69870674518298,39.474362713730855,29.844854887413305,39.695615677537255,29.771780816298143,39.58498919563405,0.00039667993006986535,-6.94197810418018e-05,-6.034845835768331,-55.36351586471422,-55.364352400854706,0.0006536245798369975,-0.04641321771705492,-0.018726117081058646
1.036,0.17041743808096238,-0.2224739177688408,0.1726649792417585,-0.718580129860787,0.17260891183389657,-0.7185757426432278,0.17065814819365813,-0.21907282291888155,-0.002099152400517279,0.4978045659081462,-9.232135241690753e-05,-0.0017027410337592669,-0.00014838876027883918,-0.0016983538161999961,0.34317473867513776,-0.9393513065958686,60.07819009688358,79.52072780587623,29.965307891110005,39.64970170400835,30.112483581286398,39.87109855443261,30.0388957361982,39.760400129220486,0.00039862448718253063,-7.245256473709105e-05,-6.058745262718216,-55.36427961245167,-55.366408930588165,0.0006504309130438445,-0.04625474813434988,-0.01842985693892274
1.0368,0.17181449489399944,-0.22332866453649383,0.17030176554274254,-0.7180742618889108,0.17024610412651944,-0.7180694296082859,0.17206860752739495,-0.2199291006216285,0.0016676163760662027,0.49644296316953723,-9.922560858620366e-05,-0.0017021980977450918,-0.00015488702480929983,-0.001697365817120225,0.3422154860453282,-0.9397007283276595,60.61680976384565,79.87027795748425,30.234100839897266,39.82440721042792,30.382308361903338,40.04594627771475,30.308204600900304,39.935176744071335,0.0004005620450442393,-7.553065842103024e-05,-6.082563812189189,-55.36506553836314,-55.36847777575001,0.0006466063949749942,-0.046097720456740904,-0.018140280878185422
1.0376,0.17320232453747103,-0.22419292218464895,0.16794711403799417,-0.7175579008848874,0.16789191065864573,-0.7175526333982178,0.17346981924986793,-0.22079494653130563,0.005416559545349531,0.4950613327835753,-0.00010614566652422663,-0.0017016215700064036,-0.00016134904587267185,-0.00169635408333689,0.34125558424198943,-0.94004920149953,61.15984615971778,80.21851660284477,30.505099949888084,39.99845783567524,30.654343717720334,40.22013742166815,30.579721833804207,40.1092976286717,0.00040249210936593727,-7.86544986226545e-05,-6.106300005068837,-55.36587407812785,-55.37055630480343,0.0006421655567162444,-0.04594213143903365,-0.01785722572029158
1.0384,0.17458088927915194,-0.22506658841714308,0.16560106552969212,-0.7170311489743508,0.16554637087686347,-0.7170254572178408,0.17486174518408598,-0.22167025775441535,0.009147599028341169,0.4936598800103166,-0.00011308062605269731,-0.00170101120961888,-0.00016777527888134358,-0.0016953194531088844,0.3402950354348967,-0.9403967261818751,61.707328035326256,80.56540013066122,30.778319531577942,40.17183179011863,30.92860408957454,40.39365016506651,30.853461810576242,40.28274097759257,0.00040441417377223843,-8.182452391736206e-05,-6.1299523655597365,-55.36670561931905,-55.37264193658886,0.0006371230069284222,-0.04578797760387159,-0.01758053052702735
1.0392,0.1759501525116537,-0.2259495611581785,0.1632636596381888,-0.7164941081156757,0.16320952304053377,-0.716488004063717,0.17624434829087565,-0.22255493161670714,0.012860659061903382,0.4922388097022536,-0.00012002959078347142,-0.001700366796715036,-0.0001741661884385043,-0.0016942627447563419,0.3393338417406259,-0.9407433024771392,62.259284034704805,80.91088413159662,31.053773841982235,40.34450688671477,31.205103865003025,40.566462286056606,31.12943885349263,40.45548458638569,0.0004063277195456294,-8.504117475638395e-05,-6.153519421452374,-55.3675605023699,-55.37473214028259,0.000631493421968403,-0.04563525524800292,-0.017310036583495503
1.04,0.17731007874190094,-0.22684173856332043,0.1609349348120397,-0.7159468800871535,0.160881404232703,-0.7159403767116784,0.1776175926582387,-0.22344886567442154,0.016555666177698478,0.490798326280545,-0.00012699166850052568,-0.0016996881321869745,-0.00018052224783722537,-0.0016931847567119435,0.3383720052224412,-0.9410889305182869,62.81574268342829,81.25492338805763,31.331477078828662,40.5164605359111,31.483857372384215,40.738551157039886,31.40766722560644,40.62750584647549,0.0004082322154133067,-8.830489335309721e-05,-6.176999704400758,-55.36843902187525,-55.37682443535261,0.0006252915356608559,-0.04548396044837643,-0.017045587382767735
1.0408,0.17866063358055007,-0.22774301903031047,0.1586149283381521,-0.7153895664744865,0.15856205037110344,-0.7153826777046138,0.17898144349065187,-0.22435195772529287,0.020232549180973197,0.48933863371174846,-0.0001339659715265673,-0.0016989750374451218,-0.0001868439385752374,-0.0016920862675724735,0.3374095278902287,-0.9414336104673517,63.37673237658384,81.59747186397853,31.61144337456856,40.68766974054897,31.764878874898336,40.909893739553084,31.688161124733448,40.79878174005103,0.00041012711694321524,-9.161612352670545e-05,-6.200391750200548,-55.369341427565814,-55.37891639154621,0.0006185321298160999,-0.04533408906794844,-0.01678702860880321
1.0416,0.18000178373135248,-0.22865330120963195,0.15630367635200484,-0.7148222686585018,0.1562514962192299,-0.7148150093405014,0.18033586709832117,-0.22526410581931958,0.02389123912921945,0.4878599354850259,-0.00014095161709687387,-0.0016982273541564646,-0.00019313174987181658,-0.0016909680361559404,0.3364464117004542,-0.9417773425139775,63.94228136637951,81.93848269461226,31.89368679020763,40.858111090770365,32.04818256430542,41.0804665791525,31.970934677256526,40.96928883496143,0.0004120118664587835,-9.497531060276287e-05,-6.223694099070106,-55.37026792533683,-55.38100562888697,0.0006112300247322894,-0.04518563676123169,-0.016534208119935556
1.0424,0.18133349698046716,-0.22957248401481373,0.1540012138479643,-0.7142450878030808,0.15394977539750918,-0.7142374736607261,0.18168083088636766,-0.2261852082692826,0.02753166931068067,0.4863624345898553,-0.00014794772772268316,-0.0016974449439429024,-0.00019938617817781557,-0.0016898308015882019,0.33548265855615417,-0.9421201268739515,64.51241774937385,82.27790817633417,32.178221308947755,41.02776075892868,32.33378255453346,41.25024580030674,32.256001931740606,41.13900327961771,0.0004138858926410194,-9.83829012568549e-05,-6.246905295933741,-55.371218678435795,-55.38308981756472,0.0006034000697185552,-0.04503859898028713,-0.01628697593525885
1.0432,0.18265574218573535,-0.23050046663254775,0.151707574689684,-0.7136581248433712,0.15165692039448594,-0.7136501724386307,0.18301630334398367,-0.22711516366103893,0.031153775222774543,0.4848463334942077,-0.0001549534315251483,-0.0016966276881246606,-0.00020560772672317817,-0.001688675283384164,0.3345182703069445,-0.9424619637877942,65.08716945333057,82.6156997564696,32.465060829640095,41.19659449451341,32.621692875080136,41.419207101299236,32.54337685236011,41.30790079790633,0.0004157486103508745,-0.00010183934305985076,-6.270023890707716,-55.372193808388104,-55.38516667786833,0.0005950571340826479,-0.044892970980326824,-0.01604518421564194
1.044,0.1839684892659095,-0.23143714853253655,0.14942279162059335,-0.7130614804742363,0.1493729625781397,-0.7130532071683385,0.18434225403353538,-0.2280538708635726,0.034757494550355914,0.48331183412323286,-0.0001619678625861265,-0.0016957754874309117,-0.00021179690503976556,-0.0016875021815330737,0.333553248749089,-0.9428028535193421,65.66656422367575,82.95180802314574,32.75421916004241,41.3645876190862,32.91192746421345,41.5873257491444,32.83307331212793,41.4759566841153,0.00041759941989027993,-0.00010534508486159666,-6.293048438588155,-55.37319339603796,-55.38723398014703,0.0005862160982378669,-0.044748747824998006,-0.01580868724968809
1.0448,0.1852717091898387,-0.23238242947713045,0.14714689627444236,-0.7124552551389284,0.14709793220721237,-0.7124466790538251,0.1856586535796267,-0.22900122903881853,0.03834276714390533,0.4817591378384022,-0.00016899016127901179,-0.0016948882617076333,-0.00021795422850898194,-0.0016863121766043099,0.33258759562556006,-0.9431427963543513,66.25062960956487,83.28618269518162,33.04571000987965,41.53171502123493,33.20450016197803,41.754576574522645,33.12510508592884,41.64314579787879,0.00041943770719399254,-0.00010890057595247526,-6.315977500341555,-55.374217482568,-55.389289544687664,0.0005768918449099783,-0.04460592439197526,-0.015577341437307268
1.0456,0.1865653739656402,-0.23333620953074286,0.14487991918592782,-0.71183954901803,0.1448318584425825,-0.7118306889982405,0.18696547365813793,-0.2299571376512516,0.041909534997633904,0.48018844541713807,-0.00017601947457621114,-0.0016939659496403858,-0.00022408021792151567,-0.001685105929850883,0.33162131262614425,-0.9434817925991326,66.8393929495459,83.6187726120243,33.339546983703336,41.69795115155222,33.49942470299949,41.92093396673822,33.41948584335141,41.80944255914522,0.0004212628430764198,-0.00011250626613446002,-6.338809642597215,-55.37526607041248,-55.39133124162795,0.0005670992507160333,-0.04446449537819901,-0.01535100527203781
1.0464,0.18784945662982053,-0.23429838906901443,0.14262188980138935,-0.7112144620186067,0.14257476935875624,-0.7112053375934899,0.1882626869852216,-0.23092149647724133,0.04545774222744828,0.4785999570329204,-0.00018305495638397395,-0.0016930085084449625,-0.00023017539901709627,-0.0016838840833281604,0.3306544013875939,-0.9438198425791762,67.43288135680496,83.94952572373082,33.63574357354405,41.863270017634775,33.7967147090778,42.08637186870165,33.71622914131092,41.97482094316821,0.000423074183117933,-0.0001161626056074283,-6.361543438141689,-55.3763391242786,-55.39335699083726,0.0005568531777621601,-0.04432445530511969,-0.015129539328228248
1.0472,0.18912393123637886,-0.23526886878778958,0.14037283648953838,-0.7105800937635983,0.14032669195532202,-0.7105707251100629,0.1895502673062776,-0.23189420561419047,0.04898733504889803,0.4769938722358406,-0.00019009576784119464,-0.0016920159135672824,-0.0002362403020575582,-0.0016826472600318526,0.3296868634937584,-0.9441569466378207,68.0311217040029,84.27838908101732,33.934313151357586,42.02764517911621,34.09638368157793,42.25086377194556,34.01534841646776,42.13925447553089,0.00042487106738064995,-0.00011987004445757066,-6.384177466215469,-55.37743657209768,-55.395364761708905,0.0005461684654994571,-0.04418579852423304,-0.014912806244240073
1.048,0.1903887728459063,-0.2362475497118428,0.1381327865522904,-0.7099365435815022,0.13808765216848148,-0.7099269514871004,0.19082818938491053,-0.23287516548944046,0.05249826175502248,0.4753703899336596,-0.00019714107759764843,-0.0016909881584020597,-0.00024227546140656586,-0.0016813960640002928,0.3287187004757944,-0.9444931051349429,68.63414060767731,84.60530882537837,34.23526896125611,42.19104974273783,34.39844499360136,42.41438271167311,34.316856977428735,42.30271622720547,0.00042665281984000103,-0.00012362903257212565,-6.406710312810811,-55.37855830585436,-55.39735257315688,0.0005350599229787648,-0.04404851922144911,-0.014700670704513641
1.0488,0.19164395751462812,-0.23723433320339524,0.13590176623560124,-0.7092839104962058,0.13585767488263958,-0.7092741163227241,0.19209642899185145,-0.23386427686894917,0.05599047269411937,0.47372970837329276,-0.00020419006213082125,-0.0016899252539638865,-0.00024828141509249113,-0.0016801310804822056,0.3277499138123602,-0.9448283184456372,69.2419644122144,84.93023017927975,34.53862411152383,42.35345635745075,34.70291188194238,42.57690126184832,34.62076799673311,42.46517880964954,0.0004284187481857771,-0.0001274400193267411,-6.429140570971929,-55.37970418259697,-55.399318493321005,0.0005235423209083953,-0.043912611422783826,-0.014492999427289988
1.0496,0.192889462283475,-0.2382291209704208,0.13367980074037972,-0.7086222932171339,0.13363678394197243,-0.7086123188645969,0.1933549628938849,-0.23486144086575533,0.05946392024750388,0.4720720251227773,-0.00021124190600131654,-0.001688827228601253,-0.0002542587044085942,-0.0016788528760642296,0.326780504929856,-0.9451625869589535,69.85461917338162,85.25309743645015,34.84439156641346,42.514837209571816,35.00979743882466,42.738391530331654,34.927094502619056,42.62661436995174,0.0004301681435094906,-0.00013130345332967863,-6.451466841096211,-55.38087402522766,-55.40126063947629,0.0005116303843228703,-0.0437780689988379,-0.014289661146193566
1.0504,0.19412526516710935,-0.2392318150747219,0.1314669142334334,-0.7079517901295607,0.13142500216207112,-0.7079416580007302,0.19460376884274533,-0.23586655894821915,0.06291855880717508,0.47039753705367493,-0.0002182958021368503,-0.0016876941276666307,-0.00026020787349913255,-0.0016775619988361329,0.3258104752026796,-0.945495911076616,70.47213064141022,85.5738539522638,35.152584137718236,42.67516401798152,35.319114603412054,42.89882515406429,35.23584937056515,42.78699458602291,0.0004319002799206828,-0.00013521978200969897,-6.473687731237333,-55.382067623462916,-55.40317717778704,0.0004993387850758197,-0.0436448856699303,-0.014090526596220343
1.0512,0.1953513451429652,-0.24024231793980552,0.1292631298584612,-0.7072724992852224,0.12922235134157242,-0.7072622322505353,0.1958428255640154,-0.23687953294804523,0.06635434475347349,0.4687064403239534,-0.00022535095208071898,-0.0016865260132237075,-0.0002661294689694782,-0.0016762589785366128,0.32483982595350713,-0.9458282912118043,71.09452424362136,85.89244213424134,35.46321447611618,42.83440802938327,35.63087615309091,43.05817329430949,35.547045314603544,42.946290661846376,0.00043361441427691716,-0.00013918945141710992,-6.495801857409095,-55.38328473459255,-55.40506632316577,0.0004866821349111013,-0.04351305501057965,-0.013895468496258445
1.052,0.19656768214027115,-0.24126053235853628,0.12706846974706568,-0.7065845183930929,0.1270288522738405,-0.7065741397561048,0.1970721127460156,-0.23790026506809034,0.06977123643269029,0.4669989303612856,-0.00023240656625962697,-0.001685322963716998,-0.0002720240394848139,-0.001674944326728947,0.3238685584535965,-0.9461597277879121,71.72182506659276,86.20880343266651,35.77629506228541,42.992540013617855,35.94509469452173,43.216406631954435,35.86069487840357,43.10447332278615,0.0004353097856153454,-0.00014321290578322987,-6.517807843890992,-55.384525084382915,-55.40692633901351,0.00047367497836000476,-0.043382570454374395,-0.013704361535644694
1.0528,0.19777425702907703,-0.24228636150059443,0.12488295502981299,-0.7058879448104246,0.12484452475864184,-0.7058774782737385,0.19829161102869236,-0.23892865788995593,0.07316919413465728,0.4652752018468064,-0.00023946186422207916,-0.001684085073662328,-0.0002778921353932401,-0.0016736185369762013,0.3228966739231121,-0.9464902212373567,72.35405783785365,86.52287833133852,36.09183819778312,43.14953025904672,36.261782654455445,43.37349536287926,36.17681042611928,43.26151281096299,0.0004369856150816531,-0.0001472905874635444,-6.539704323534546,-55.385788367860364,-55.40875553696584,0.00046033178608746137,-0.043253425298714454,-0.013517082357424215
1.0536,0.19897105160928769,-0.2433197089197074,0.12270660584731077,-0.7051828755340181,0.12266938761383551,-0.7051723451656929,0.19950130199250532,-0.23996461438137434,0.07654818007032335,0.46353544869931473,-0.000246516074871167,-0.0016828124533291577,-0.0002837343083464394,-0.0016722820850039177,0.3219241735314696,-0.9468197720003964,72.99124690710322,86.83460633847096,36.40985599568815,43.30534856800851,36.580952270309496,43.529409193398465,36.49540413299882,43.41737888070349,0.0004386411055747885,-0.0001514229360140007,-6.561489938070393,-55.38707425010854,-55.41055227672545,0.0004466669483324065,-0.04312561270897261,-0.01333350954317325
1.0544,0.20015804859968842,-0.24436047856069582,0.12053944136131282,-0.7044694071916984,0.1205034586870705,-0.7044588373921733,0.20070116814732264,-0.2410080379033814,0.07990815834931386,0.46177986405989724,-0.00025356843669596674,-0.001681505228419769,-0.00028955111093827146,-0.0016709354288946682,0.3209510583976972,-0.9471483805239745,73.63341622694614,87.1439259777453,36.73036037100107,43.459964252351924,36.90261558050379,43.68411733578187,36.81648797575243,43.57204079406689,0.0004402754412780041,-0.00015561038848943554,-6.583163338416364,-55.38838236705186,-55.412314965739206,0.0004326947685657232,-0.04299912572324149,-0.013153523596656669
1.0552,0.20133523162699168,-0.245408574766303,0.1183814797658429,-0.7037476360340236,0.11834675486749675,-0.7037370515035486,0.20189119292132174,-0.24205883221728475,0.08324909495748689,0.4600086402769922,-0.0002606181979919464,-0.0016801635397466486,-0.0002953430963381076,-0.0016695790092716434,0.31997732959082653,-0.94747604726058,74.28058933313696,87.45077477953663,37.05336303080049,43.613346129054136,37.22678441454912,43.837588503861,37.140073722674806,43.72546731645757,0.0004418877873462179,-0.00015985337850565884,-6.604723184985995,-55.38971232622596,-55.414042058954564,0.00041842945733684103,-0.0428739572566216,-0.012977006929276058
1.056,0.20250258521488676,-0.24646390228383416,0.11623273829832784,-0.7030176579262043,0.11619929209745737,-0.7030070836327915,0.203071360649898,-0.24311690149142604,0.08657095773449977,0.45822196889186784,-0.00026766461707039557,-0.0016787875429104676,-0.00030111081794084726,-0.0016682132494976881,0.319002988130285,-0.9478027726671281,74.93278932432965,87.7550892723221,37.378875464151484,43.76546251593044,37.5534703828885,43.98979090872777,37.46617292351999,43.8776267123291,0.000443477289664429,-0.000164152336111556,-6.626168147997653,-55.39106370752467,-55.41573205850245,0.0004038851262549917,-0.04275010010564058,-0.012803843844380935
1.0568,0.20366009477310887,-0.24752636627158348,0.11409323325075733,-0.7022795683402523,0.1140610853842004,-0.7022690294881523,0.20424165656459137,-0.24418215030774176,0.08987371635137126,0.45642004062453967,-0.0002747069624627896,-0.0016773774079708315,-0.0003068548290197093,-0.0016668385558708532,0.318028034986329,-0.9481285572038649,75.5900388413199,88.05680497428678,37.70690893176163,43.91628122744228,37.882684866483885,44.1406922545319,37.79479689912276,44.02848674098709,0.00044504307437875923,-0.0001685076874053948,-6.6474969077836885,-55.39243606395979,-55.41738351341294,0.00038907578223819697,-0.042627546952442,-0.012633920522233666
1.0576,0.20480774658651757,-0.24859587230508126,0.11196297998084197,-0.701533462347358,0.11193214881156098,-0.7015229843460428,0.20540206678202755,-0.2452544836681268,0.09315734228807108,0.4546030453600963,-0.0002817445131144958,-0.0016759333191348758,-0.00031257568239548283,-0.001665455317819614,0.3170524710804741,-0.9484534013333045,76.25236004578015,88.35585638514215,38.03747445538326,44.06576957061189,38.21443900614905,44.29025973438402,38.125956730766156,44.17801465249796,0.0004465842478396098,-0.00017291985376743924,-6.668708155099838,-55.39382892231259,-55.418995019334496,0.0003740153219933487,-0.042506290368795614,-0.01246712500301328
1.0584,0.20594552780420314,-0.24967232638313738,0.10984199292317519,-0.7007794346104399,0.10981249555164511,-0.700769043044147,0.2065525782928748,-0.24633380700059426,0.09642180881112881,0.4527711721354276,-0.0002887765585708052,-0.001674455474418024,-0.00031827393010086524,-0.001664063908125124,0.3160762972859491,-0.9487773055191593,76.9197745984798,88.6521769781687,38.37058280695918,44.21389434104663,38.54874369162462,44.438460026373875,38.4596632492919,44.32617718371026,0.0004480998960048055,-0.00017738925181731702,-6.6898005914347936,-55.39524178390653,-55.420565218137256,0.0003587175264631744,-0.04238632282051951,-0.012303347173343582
1.0592,0.2070734264286063,-0.2507556349336972,0.10773028560040306,-0.700017579376952,0.10770213787650865,-0.7000072999747515,0.20769317895082848,-0.24742002616524708,0.09966709095126153,0.45092460912637966,-0.0002958023991638803,-0.0016729440853252425,-0.0003239501230582892,-0.0016626646831248287,0.31509951442817324,-0.9491002702253238,77.59230363697986,88.94569919250104,38.70624449750639,44.360621819085836,38.88560955038929,44.58525928970792,38.79592702394784,44.47294055439688,0.00044958908418379906,-0.0001819162927176876,-6.710772929319264,-55.396674125250804,-55.42209279761333,0.0003431960557299464,-0.04226763667131387,-0.012142478750575947
1.06,0.2081914313046714,-0.2518457048195061,0.10562787063439101,-0.699247990471879,0.10560108716978368,-0.6992378490782826,0.208823857461616,-0.24851304746005473,0.10289316548105636,0.44906354363530043,-0.00030282134616861633,-0.0016713993765238994,-0.0003296048107759575,-0.001661257982927447,0.31412212328523104,-0.9494222959148612,78.26996775280405,89.23635442567178,39.044469765737446,44.50591776607648,39.2250469362097,44.73062316097698,39.13475835097357,44.61827046352673,0.00045105085690977376,-0.00018650138167686237,-6.731623892634833,-55.39812539872956,-55.42357649111644,0.0003274644439188718,-0.04215022418676359,-0.011984413265793137
1.0608,0.20929953210901742,-0.25294244334358634,0.10353475975738627,-0.6984707612909388,0.10350935393833696,-0.6984607838370649,0.20994460337202728,-0.24961277762643472,0.10610001089266073,0.44718816207899126,-0.000309832721980291,-0.001669821585512779,-0.00033523854102958384,-0.001659844131638874,0.3131441245883839,-0.9497433830490124,78.95278696807229,89.52407302642449,39.38526856641505,44.64974742078158,39.56706591741988,44.874516750560446,39.476167241917466,44.76213208567101,0.00045248423735699816,-0.00019114491753668972,-6.752352216922284,-55.39959503326902,-55.42501507717395,0.00031153609433838347,-0.04203407753833082,-0.011829046050934267
1.0616,0.21039771933914583,-0.2540457582545353,0.10145096382316864,-0.6976859847939975,0.10142694782386205,-0.6976761972692836,0.21105540705897988,-0.25071912385465445,0.10928760737554752,0.4452986499770457,-0.00031683586026373667,-0.0016682109622973562,-0.0003408518595703208,-0.0016584234375835172,0.31216551902257816,-0.9500635320862355,79.64078071159996,89.80878428782054,39.728650558438815,44.79207549593632,39.91167626493378,45.01690463917626,39.820163411686295,44.90449006755629,0.00045388822736924794,-0.00019584729203359075,-6.772956649689227,-55.40108243497632,-55.42640737910948,0.00029542427480526564,-0.04191918880715324,-0.01167627422211126
1.0624,0.21148598430267565,-0.25515555775163606,0.0993764928181992,-0.6968937534986956,0.0993538776144621,-0.6968841819231525,0.21215625971861138,-0.2518319937890412,0.11245593679431287,0.4433951919405854,-0.00032383010609932095,-0.0016665677690689829,-0.0003464453098364212,-0.001656996193525856,0.31118630722697416,-0.9503827434812627,80.33396779445069,90.09041644065097,40.07462509266003,44.932866174956345,40.25888743998387,45.15775087458431,40.166756266321954,45.04530852477033,0.0004552618067776848,-0.00020060888968487234,-6.7934359507167805,-55.402586987741586,-55.42775226467224,0.00027914211316426666,-0.04180554998771207,-0.011525996664090599
1.0632,0.21256431910661527,-0.25627175048979245,0.09731135587274346,-0.696094159474252,0.09729015125621014,-0.6960848298712964,0.2132471533554077,-0.25295129553301143,0.11560498266653468,0.4414779716613723,-0.00033081481612955155,-0.0016648922798683241,-0.00035201943266287283,-0.0016555626769126919,0.3102064897954883,-0.9507010176841761,81.03236638494282,90.36889664717327,40.42320119942346,45.07208310880601,40.6087085815859,45.29701896845393,40.51595489050468,45.18455103862998,0.0004566039334576999,-0.0002054300866802805,-6.813788892365328,-55.40410805389875,-55.42904864557621,0.0002627025929404894,-0.041693152991798016,-0.01137811401667932
1.064,0.21363271664666977,-0.25739424558428087,0.09525556127199031,-0.695287294335495,0.09523577586465681,-0.6952782327053219,0.21432808077136753,-0.25407693765391925,0.11873473014069509,0.4395471719013084,-0.00033778935868213067,-0.0016631847802673905,-0.0003575747660156253,-0.00165412315009425,0.3092260672773422,-0.9510183551395086,81.73599398310263,90.64415099519258,40.774387575832996,45.20968941304121,40.9611484937267,45.43467189340212,40.86776803477984,45.322180653221665,0.0004579135429452208,-0.00021031125075410273,-6.834014259878894,-55.40564497479692,-55.430295477130834,0.0002461185491689266,-0.04158198965189561,-0.011232528657359353
1.0648,0.2146911705965845,-0.25852295261533614,0.09320911646713964,-0.6944732492370652,0.09319075773632875,-0.694464481530602,0.21539903555520676,-0.2552088291877285,0.12184516597416142,0.43760297448230123,-0.00034475311390567975,-0.00166144556703543,-0.00036311184471658764,-0.0016526778605722159,0.3082450401776298,-0.951334756285366,82.44486739456153,90.91610449250228,41.12819257274012,45.34564766502836,41.316215632273384,45.57067208021435,41.22220410250675,45.45815987262135,0.00045918954802459666,-0.00021525274041778175,-6.854110851688305,-55.40719707142253,-55.43149175775621,0.00022940266444164824,-0.04147205172504273,-0.01108914468809985
1.0656,0.21573967539753475,-0.2596577816325574,0.09117202808647785,-0.6936521148678381,0.0911551023601702,-0.6936436669612448,0.21646001207160082,-0.2563468796435037,0.12493627851124375,0.4356455602765108,-0.00035170547387922135,-0.0016596749478234585,-0.00036863120018686135,-0.0016512270412302188,0.30726340895789184,-0.9516502215525721,83.15900270389211,91.1846810617086,41.48462418145232,45.47991990135696,41.67391809160117,45.70498141525588,41.57927113652674,45.59245065830642,0.00046043083862912226,-0.00022025490423516203,-6.874077479712522,-55.408763644937444,-55.43263652857683,0.000212567465082007,-0.041363330896134726,-0.01094786791921365
1.0664,0.21677822624755028,-0.2607986431591471,0.08914430194642146,-0.6928239814455134,0.08912881442895819,-0.692815879115266,0.21751100545047306,-0.2574909990077348,0.12800805766132184,0.43367510919694874,-0.00035864584272975175,-0.0016578732408298047,-0.0003741333601930269,-0.0016497709105824376,0.3062811740367015,-0.9519647513638306,83.87841524738221,91.4498035354532,41.843690020160565,45.612467615449305,42.034263590940014,45.837561238084284,41.93897680555029,45.72501442676679,0.0004616362816278752,-0.00022531808038195322,-6.893912969658464,-55.410343977288065,-55.433728872929784,0.00019562531748829891,-0.041255818781566235,-0.010808605854663256
1.0672,0.21780681909099303,-0.26194544819598364,0.08712594306253649,-0.6919889387114204,0.08711189785066001,-0.6919812076099456,0.21855201157632712,-0.2586410977484853,0.13106049487706184,0.4316918001884486,-0.0003655736367288165,-0.0016560407744865557,-0.0003796188486052815,-0.001648309673011772,0.3052983357902583,-0.9522783461329174,84.60311958524173,91.71139365206054,42.20539732008431,45.74325175538266,42.397259460437006,45.96837233927367,42.30132839026066,45.855812047328165,0.000462804720413601,-0.0002304425957930789,-6.91361616131862,-55.41193733171663,-55.43476791592084,0.00017858842467967498,-0.04114950693253457,-0.010671267676514162
1.068,0.2188254506080738,-0.26309810822552543,0.08511695566052403,-0.691147075925486,0.08510435575976046,-0.6911397415573796,0.21958302707762586,-0.2597970868193763,0.13409358313270758,0.42969581121898187,-0.0003724882843942484,-0.001654177887127739,-0.0003850881851578253,-0.0016468435190213626,0.30431489455299204,-0.9525910062638836,85.33312947324177,91.96937205162466,42.56975291133267,45.87223272192992,42.76291262693427,46.09737495846055,42.666332769133476,45.984803840195234,0.00046393497481744816,-0.00023562876580740522,-6.933185908866734,-55.413542953344574,-55.435752823918776,0.0001614688229382394,-0.04104438683847945,-0.010535764230382938
1.0688,0.21983411820442153,-0.26425653521555464,0.08311734318718075,-0.6902984818614093,0.08310619052854203,-0.690291569560215,0.22060404931621752,-0.2609588776634009,0.13710731690245814,0.4276873192713344,-0.00037938922657862473,-0.0016522849266739914,-0.0003905418852173659,-0.0016453726254797019,0.3033308506181809,-0.9529027321502899,86.0684578337806,92.22365827256097,42.936763208480194,45.999370366832146,43.131229599459594,46.22452878262186,43.033996403969894,46.11194957472701,0.0004650258408105401,-0.0002408768930450833,-6.952621081150986,-55.415160069674165,-55.436682804080476,0.0001442783786919901,-0.040940449930313025,-0.010402008010487407
1.0696,0.22083282000070212,-0.2654206416227642,0.081127108321312,-0.6894432448020037,0.08111740377829453,-0.689436779707566,0.2216150763768172,-0.2621263822165791,0.1401016921389564,0.4256665003351132,-0.00038627591654880056,-0.0016503622503113713,-0.0003959804595662919,-0.001643897155873708,0.30234620423856295,-0.9532135241744565,86.80911672638265,92.47417074864491,43.30643419585864,46.12462399131418,43.50221645443362,46.34979294459778,43.40432532514613,46.23720846795598,0.0004660760903902883,-0.000246187267052278,-6.971920561984833,-55.41678789111729,-55.43755710382573,0.00012702878548625048,-0.04083768758375545,-0.010269913144185239
1.0704,0.22182155482228783,-0.26659034039617524,0.07914625298462089,-0.6885814525347287,0.07913799639050566,-0.6885754595711172,0.22261610705653487,-0.26329951291144693,0.14307670625184807,0.42363352939911186,-0.0003931478200659283,-0.001648410224169894,-0.0004014044141811418,-0.0016424172605584153,0.3013609556269746,-0.953523382706734,87.5551173176181,92.72082680655734,43.678771412560934,46.24795234485241,43.87587882058595,46.47312602186836,43.777325116573444,46.36053918336039,0.0004670844712109101,-0.00025156016343430565,-6.991083250434932,-55.418425611513456,-55.438375010341296,0.00010973156114388998,-0.04073609112243065,-0.010139395377649407
1.0712,0.22280032218898121,-0.26776554498041494,0.0771747783525478,-0.687713192347396,0.07716796851796985,-0.6877076962013989,0.22360714085446257,-0.2644781826803933,0.14603235808646306,0.4215885804439934,-0.00040000441545172405,-0.0016464292230093658,-0.0004068142500296551,-0.0016409330770122688,0.3003751049569807,-0.9538323081048016,88.30646985045465,92.96354266396283,44.05377993716045,46.36931362420853,44.25222186358761,46.594486035597434,44.153000900374025,46.481899829902986,0.00046804970659763967,-0.0002569958431450914,-7.010108061106393,-55.42007240861637,-55.43913585004076,9.23980450989154e-05,-0.04063565182107241,-0.010010372060520467
1.072,0.2237691223047934,-0.2689461693188286,0.0752126848650706,-0.686838551024054,0.07520731959585593,-0.6868335761242405,0.2245881779613148,-0.26566230495883597,0.14896864790259084,0.41953182643531495,-0.00040684519365336014,-0.00164441962990311,-0.00041221046286804564,-0.0016394447300895343,0.29938865236351736,-0.9541403007129795,89.0631836130333,93.20223342814333,44.43146437214377,46.48866547274007,44.63125027039422,46.71383044995488,44.531357321269,46.60124796134747,0.00046897049530514323,-0.00026249455160609614,-7.028993924424775,-55.42172744458288,-55.43983898804434,7.503939583979737e-05,-0.040536360908523916,-0.00988276213121253
1.0728,0.2247279560477793,-0.27013212785644564,0.07325997223746476,-0.68595761484104,0.07325604835271321,-0.6859531853373972,0.225559219249125,-0.26685179368824413,0.15188557735336317,0.4174634393168737,-0.000413669658297075,-0.0016423818359221631,-0.0004175935430486416,-0.0016379523322793688,0.29840159794354115,-0.9544473608615636,89.82526690687196,93.43681309521065,44.81182882805727,46.60596497999929,45.01296823330334,46.83111617172949,44.912398530680306,46.718540575864395,0.00046984551134698904,-0.00026805651813788245,-7.04773978691489,-55.423389866463864,-55.44048382761788,5.766658850882929e-05,-0.040438209570865774,-0.009756486102162398
1.0735999999999999,0.22567682495993188,-0.2713233355428,0.07131663947100961,-0.6850704695632098,0.07131415282141708,-0.6850666093073463,0.226520266261005,-0.26804656331901366,0.1547831494642551,0.4153835900043712,-0.0004204773257402844,-0.0016403162398249682,-0.0004229639753328268,-0.0016364559839614212,0.2974139417566818,-0.9547534888661849,90.59272701449981,93.66719454992445,45.19487690736996,46.72116868163423,45.39737943372597,46.946299550245094,45.296128170547966,46.83373411593966,0.00047067340388196044,-0.0002736819548800895,-7.066344611476135,-55.42505880666144,-55.44106980962772,4.029041269417328e-05,-0.04034118895432117,-0.009631466045021853
1.0744,0.2266157312371345,-0.27251970783460067,0.06938268486365244,-0.6841772004403318,0.0693816303500522,-0.6841739329662487,0.2274713212009611,-0.26924652881319056,0.15766136861219548,0.41329244837939466,-0.0004272677251131868,-0.0016382232477465952,-0.0004283222387134328,-0.0016349557736635156,0.2964256838259001,-0.9550586850271858,91.36557016652176,93.89328956613932,45.58061168805162,46.834232559603464,45.784487025673,47.05933637759206,45.68254935686231,46.94678446859776,0.0004714527971430016,-0.0002793710562087881,-7.084807377654175,-55.42673338339376,-55.44159641197767,2.2921470298884593e-05,-0.040245290168193636,-0.009507625575650991
1.0752,0.22754467771917378,-0.273721160698259,0.06745810602062195,-0.683277892203648,0.06745847761273836,-0.6832752407090796,0.22841238692377275,-0.27045160564704773,0.1605202405047931,0.41119018328371043,-0.0004340403983577046,-0.0016361032728898217,-0.00043366880624126636,-0.0016334517783214708,0.2954368241381534,-0.9553629496290172,92.14380150811665,94.11500880790737,45.969035706868596,46.945112042717284,46.17429361895785,47.17018188918791,46.07166466291322,47.0576469659526,0.0004721822902098438,-0.00028512399782698594,-7.103127081908771,-55.42841270114735,-55.44206314903449,5.570173608429148e-06,-0.04015050428775144,-0.009384889839907373
1.076,0.22846366787981776,-0.27492761061227905,0.06554289986498393,-0.6823726290625983,0.06554469062038094,-0.6823706163909153,0.22934346692493632,-0.27166170981352195,0.1633597721596946,0.4090769625138564,-0.00044079490025776547,-0.0016339567352200157,-0.000439004144860769,-0.0016319440635370608,0.2944473626450595,-0.9556662829396573,92.92742506497581,94.33226183126386,46.360150942399954,47.05376200751988,46.56680126211869,47.27879076467976,46.46347610225932,47.166276386099824,0.000472860457165325,-0.00029094093578407865,-7.121302737877604,-55.43009585111551,-55.44246957105468,-1.1753256537799517e-05,-0.040056822357023625,-0.009263185498440407
1.0768,0.22937270581695313,-0.27613897456950376,0.06363706264815162,-0.6814614947017075,0.06364026473136475,-0.6814601433243852,0.23026456533066994,-0.2728767578245038,0.16617997188405337,0.40695295281604255,-0.00044753079846497623,-0.0016317840611611012,-0.0004443287152518377,-0.0016304326838388339,0.2934572992635697,-0.9559686852100502,93.71644370868039,94.5449570867204,46.753958797773834,47.16013677952409,46.96201142505991,47.385117129202094,46.85798511141687,47.27262695436309,0.0004734858466406422,-0.0002968220057795179,-7.139333376635867,-55.4317819116321,-55.44281526359267,-2.9038792416951564e-05,-0.039964235391583246,-0.009142440712452071
1.0776,0.23027179624279145,-0.2773551700792295,0.06174058996033183,-0.6805445722776268,0.06174519466217161,-0.6805439042772757,0.23117568688798742,-0.2740966667129947,0.16898084925413773,0.4048183198813391,-0.00045424767351785744,-0.0016295856832929112,-0.0004496429716780853,-0.0016289176829418772,0.2924666338766412,-0.9562701566735634,94.51085912153,94.75300192249591,47.15046008312942,47.264190134814044,47.35992498141821,47.48911455500394,47.25519253227381,47.37665234490899,0.0004740569823837859,-0.0003027673220685756,-7.157218046951483,-55.43346994860233,-55.443099846909156,-4.627660097374371e-05,-0.03987273438127055,-0.009022585128775518
1.0784,0.23116094447413832,-0.27857611516918357,0.05985347674091918,-0.6796219444163346,0.05985947449793285,-0.6796219814702906,0.2320768369548366,-0.2753213540351226,0.17176241509506146,0.40267322834115954,-0.0004609451188559849,-0.0016273620400524824,-0.00045494736184230333,-0.001627399094008497,0.29147536633391347,-0.9565706975454658,95.31067176082195,94.95630258851074,47.549654997805405,47.36587530202833,47.7605421906541,47.590736063459175,47.655098594229756,47.47830568274375,0.0004745723624353104,-0.000308776976766012,-7.174955815535738,-55.43515901591705,-55.44332297536827,-6.345704523273723e-05,-0.03978231029287318,-0.00890354986569264
1.0792,0.23204015642272957,-0.27980172838737055,0.05797571728883118,-0.678693693210493,0.057983097702910394,-0.6786944565749634,0.23296802149030582,-0.2765507378720258,0.17452468146064692,0.40051784176303007,-0.00046762274082773336,-0.0016251135754372092,-0.00046024232674851673,-0.0016258769399075945,0.29048349645238847,-0.9568703080224265,96.1158808225921,95.15476424117408,47.95154311225893,47.46514496473878,48.16386267987312,47.68993412747391,48.057702896066026,47.57753954610635,0.0004750304600520394,-0.00031485103862394226,-7.19254576728911,-55.43684815586332,-55.443484336835276,-8.057068556318231e-05,-0.039692954072719284,-0.008785267498041094
1.08,0.23290943858563867,-0.2810319288037921,0.05610730527277736,-0.6777599002169474,0.056116057130899476,-0.6777614107117131,0.2338492470449018,-0.2777847368316055,0.17726766161343183,0.39835232264663145,-0.0004742801586926221,-0.0016228407387104682,-0.0004655283005704919,-0.0016243512334761512,0.28949102401710863,-0.9571689882820291,96.92648420482591,95.34829094899267,48.35612334972069,47.56195126423883,48.56988542538234,47.786660674306304,48.463004387551514,47.67430596927257,0.00047542972288283636,-0.0003209895524634021,-7.209987005542268,-55.43853639952775,-55.44358365205749,-9.760828086199384e-05,-0.039604656649299436,-0.008667672042975028
1.0808,0.2337687980357482,-0.28226663601203456,0.05424823374147437,-0.6768206464543857,0.05425834503556579,-0.6768229244480536,0.23472052075089395,-0.27902327005014693,0.179991370004801,0.3961768324201289,-0.0004809170046185668,-0.001620543984109879,-0.0004708057105271557,-0.001622821977777772,0.2884979487818412,-0.9574667384823105,97.7424784701434,95.53678569903055,48.763393967587,47.656245802756004,48.97860873398283,47.88086708881225,48.871001350784915,47.76855644578413,0.00047576857356546043,-0.00032719253771062995,-7.227278652291782,-55.44022276719211,-55.44362067405268,-0.00011456078956420184,-0.03951740893574514,-0.008550698945441582
1.0816,0.23461824241229615,-0.2835057701307378,0.05239849513378881,-0.6758760124011335,0.052409953080700546,-0.6758790777969416,0.23558185031273346,-0.2802662571938159,0.18269582225527015,0.3939915314367607,-0.00048753292367451073,-0.0016182237705569258,-0.00047607497676278865,-0.0016212891663649753,0.2875042704697595,-0.9577635587613144,98.56385880797515,95.7201504042493,49.17335253855796,47.74797964710374,49.390030224007525,47.972504217133434,49.28169138128274,47.86024193211858,0.0004760454096697231,-0.0003334599878712652,-7.244419848430712,-55.44190626872762,-55.44359518747448,-0.00013141937054933497,-0.039431201832381836,-0.008434285063913194
1.0824,0.23545777991148997,-0.28474925180493804,0.050558081288821305,-0.6749260779931011,0.050570872350400024,-0.6749299502152621,0.2364332439975423,-0.2815136184600299,0.18538103513490545,0.3917965789716976,-0.000494127573815506,-0.001615880561373545,-0.0004813365122367935,-0.0016197527835345726,0.2865099887741268,-0.9580594492366656,99.39061899623464,95.8982859117589,49.58599593152416,47.837103332787365,49.80414680610673,48.061522370840805,49.69507136881545,47.949312851814085,0.00047625860374012063,-0.00033979186926558214,-7.261409753973636,-55.44358590396513,-55.44350700800037,-0.00014817538393987074,-0.039346026229072587,-0.008318368655750419
1.0832,0.23628741927719324,-0.28599700220728974,0.048726983455922725,-0.6739709226218656,0.048741093359172455,-0.6739756206024625,0.23727471062567407,-0.28276527457870393,0.18804702654388605,0.3895921332191673,-0.000500700625865283,-0.0016135148239944663,-0.0004865907226155458,-0.0016182128045913458,0.2855151033589812,-0.958354410005161,100.2227513625001,96.07109201200988,50.00132029220863,47.92356686857891,50.220954663788135,48.147871331551045,50.11113747799838,48.03571910006498,0.0004764065033384668,-0.0003461881200763628,-7.278247548276023,-55.44526066309001,-55.44335598167766,-0.00016482039177149216,-0.03926187300772441,-0.008202889363531085
1.084,0.23710716979168575,-0.28724894303917414,0.046905192304639576,-0.6730106251328992,0.04692060606195463,-0.6730161672993088,0.23810625956135303,-0.2840211468133824,0.19069381549322229,0.3873783512898257,-0.0005072517634911872,-0.001611127029691073,-0.0004918380061761096,-0.0016166691961006507,0.2845196138598165,-0.9586484411423823,101.06024674472285,96.23846744895845,50.41932102357177,48.00731974157808,50.640449233719465,48.23150035602957,50.52988512864562,48.11941004880383,0.00047648743161232687,-0.00035264864921202843,-7.294932430247871,-55.44692952699238,-55.443141984308504,-0.00018134615853610689,-0.039178733044538845,-0.008087788199702572
1.0848,0.23791704126649577,-0.28850499653168604,0.04509269793459622,-0.6720452638239249,0.04510939986406472,-0.672051668086788,0.23892790070338144,-0.2852811569622469,0.19332142208560812,0.38515538920839,-0.0005137806831770897,-0.001608717653288072,-0.0004970787537085797,-0.0016151219161510966,0.28352351988426905,-0.9589415427023229,101.90309445146929,96.4003099312334,50.83999276598452,48.08831092277173,51.06262518579787,48.31235818179702,50.951308975891195,48.200334552284374,0.00047649968689711386,-0.00035917333535451235,-7.311463618561311,-55.44859146765688,-55.44286492078886,-0.00019774465163330024,-0.039096597212391296,-0.007973007533621512
1.0856,0.23871704403330732,-0.2897650854465161,0.04328948988529846,-0.6710749164434157,0.043307463631056906,-0.6710822001851253,0.23973964447592871,-0.28654522735901355,0.19592986749644034,0.3829234019115057,-0.0005202870941899418,-0.0016062871728964034,-0.0005023133484314823,-0.001613570914606094,0.2825268210127957,-0.9592337147170353,102.75128222172145,96.55651614433977,51.26332937718011,48.16648887311135,51.48747640299797,48.39039303325438,51.37540289008904,48.278440953182866,0.0004764415433697877,-0.0003657620259645,-7.327840351852183,-55.450245448484196,-55.44252472448442,-0.00021400804170417724,-0.039015456383032054,-0.007858491076490282
1.0864,0.2395071889349422,-0.2910291330767087,0.04149555714587651,-0.6700996601892153,0.04151478569850987,-0.6701078402529479,0.2405415018193916,-0.28781328087371494,0.1985191739549737,0.38068254324586975,-0.000526770718541375,-0.0016038360696306042,-0.000507542165908037,-0.0016120161333631755,0.2815295167993601,-0.9595249571962934,103.6047961842425,96.7069817639281,51.68932391198896,48.241801550121075,51.9149959610023,48.465552628342934,51.80215993649563,48.35367708923201,0.0004763112512478074,-0.0003724145359171871,-7.3440618889151885,-55.451890424698725,-55.44212135656829,-0.00023012870285819272,-0.038935301429372626,-0.0077441838677145824
1.0872,0.24028748731641597,-0.2922970632473262,0.03971088816474633,-0.6691195717073025,0.039731353881719805,-0.6691286643865574,0.24133348418133277,-0.28908524091336835,0.20108936472564132,0.3784329659665826,-0.0005332312909451381,-0.0016013648273514869,-0.0005127655739716602,-0.0016104575066063498,0.2805316067721074,-0.9598152701272773,104.46362081653366,96.85160147016376,52.117968601869606,48.31419641505499,52.34517610762714,48.537784185755385,52.23157235474837,48.42599030040519,0.0004761070369170284,-0.0003791306466212063,-7.360127508892682,-55.45352534364181,-55.44165480538011,-0.0002460992127765683,-0.03885612322762756,-0.007630032260749431
1.088,0.2410579510160733,-0.2935688003159943,0.037935470859201716,-0.6681347270906689,0.03795715548531478,-0.6681447481193316,0.2421156035074989,-0.290361031422543,0.20364046408952785,0.3761748217357315,-0.0005396685587693156,-0.001598873932394329,-0.0005179839326562574,-0.0016088949610569836,0.2795330904340444,-0.960104653474269,105.32773890339918,96.99026896322663,52.54925483424387,48.38362044061823,52.77800824205204,48.607034432713334,52.66363153814795,48.49532743666578,0.00047582710327276345,-0.00038591010493860267,-7.376036511456895,-55.45514914514746,-55.441125085786034,-0.0002619123527433982,-0.03877791265938862,-0.00751598390868935
1.0888,0.2418185923567959,-0.2948442691733475,0.036169292624933354,-0.667145201878319,0.03619217731278671,-0.6671561664212484,0.2428878722329118,-0.29164057688381073,0.20617249732599383,0.3739082611212046,-0.0005460822819846195,-0.0015963638733036967,-0.000523197594131275,-0.001607328416233067,0.27853396726371393,-0.9603931071783629,106.19713149513822,97.12287697997404,52.983173131645145,48.450020119267016,53.21348289386286,48.67324961332882,53.098328012754,48.56163486629792,0.0004754696302171624,-0.0003927526218063804,-7.3917882169854385,-55.456760761895964,-55.44053223849139,-0.0002775611076111887,-0.03870066061391961,-0.007401987750824901
1.0896,0.24256942413729018,-0.2961233952433772,0.03441234034546751,-0.666151071054417,0.0344364056759382,-0.6661629936985248,0.2436503032730434,-0.29292380231810244,0.20868549069446396,0.3716334335957311,-0.0005524722331119586,-0.0015938351405834772,-0.0005284069026412624,-0.0016057577846913251,0.27753423671586963,-0.9606806311572108,107.07177786538794,97.24931731180158,53.419713130693516,48.5133414721078,53.651589701919505,48.73637549756516,53.53565141630651,48.62485848483648,0.00047503277492921825,-0.00039965787138385167,-7.407381966729847,-55.458359119698656,-55.4398763294312,-0.0002930386655021647,-0.03862435798999802,-0.007287993998687625
1.0904,0.24331045962345307,-0.2974061044836669,0.03266460040153448,-0.6651524090475229,0.03268982640423668,-0.6651653037933715,0.24440291001506587,-0.2942106332849544,0.2111794714163739,0.36935048753613664,-0.0005588381971574907,-0.0015912882264319805,-0.0005336121944553018,-0.0016041829722805157,0.276533898222145,-0.9609672253047579,107.95165546864172,97.36948082373202,53.85886356090744,48.57353005840774,54.09231739306188,48.79635739081385,53.975590476984664,48.6849437246108,0.0004745146723905691,-0.0004066254895747079,-7.422817122977163,-55.4599431378811,-55.43915744909117,-0.00030833841763783145,-0.03854899569802588,-0.007173954121810766
1.0912,0.24404171253981266,-0.298692323385542,0.03092605868035607,-0.6641492897299639,0.030952424854087578,-0.6641631699838573,0.2451457063091828,-0.29550099588266016,0.21365446765727591,0.36705957022280944,-0.0005651799715508249,-0.001588723624494276,-0.0005388137978193236,-0.0016026038783876206,0.27553295119171956,-0.9612528894910117,108.83673989746765,97.48325747476524,54.300612223366215,48.630530985734666,54.535653760665596,48.85314014410382,54.418132992015906,48.74183556491924,0.00047391343584024526,-0.0004136550732454225,-7.438093069204486,-55.46151172958251,-55.43837571185942,-0.00032345395793707794,-0.03847456466202734,-0.007059820833916319
1.092,0.244763197061053,-0.2999819789741163,0.029196700584854653,-0.6631417864173142,0.02922418591802385,-0.6631566649838901,0.24587870646003945,-0.2967948167483198,0.21611050850910699,0.3647608278393841,-0.0005714973660778111,-0.001586141829610338,-0.0005440120329086306,-0.0016010203961862035,0.2745313950119855,-0.9615376235618203,109.7270048394516,97.59053633952385,54.744945969235154,48.684288920742446,54.98158564305952,48.90666816496004,54.86326580614734,48.79547854285124,0.00047322715691677786,-0.0004207461786336353,-7.453209210226102,-55.46306380209046,-55.43753125536824,-0.0003383790825621881,-0.03840105582156867,-0.006945548079954733
1.0928,0.2454749278036099,-0.3012749988082433,0.027476511042789774,-0.6621299718679996,0.027505094033799263,-0.662145860943305,0.24660192521821442,-0.2980920230577959,0.21854762397261762,0.36245440547263263,-0.000577790202807002,-0.0015835433375709917,-0.0005492072117975061,-0.0015994324128763837,0.2735292290492067,-0.9618214273386719,110.62242203389486,97.69120563122617,55.191850678166844,48.73474810061981,55.430098901821026,48.95688542892688,55.310974789993935,48.845816764773346,0.00047245390699401923,-0.00042789832052392285,-7.46816497233323,-55.464598257154606,-55.436624239849394,-0.00035310778934138833,-0.03832846013364258,-0.006831091021098246
1.0936,0.24617691981735346,-0.30257131098038526,0.025765474515804455,-0.6611139182829925,0.02579513319339994,-0.6611308294480475,0.2473153777717899,-0.2993925425255795,0.22096584493996949,0.3601404471125377,-0.0005840583160159618,-0.0015809286448753845,-0.0005543996384204941,-0.0015978398099303626,0.27252645264917386,-0.9621043006185023,111.52296122830055,97.78515272601626,55.64131123659847,48.78185234521439,55.88117839996523,49.00373549177267,55.76124481828185,48.89279391849353,0.0004715917368400824,-0.0004351109707982914,-7.482959803426546,-55.466113991300105,-55.43565484747656,-0.00036763427716918673,-0.038256768574544714,-0.006716406022434285
1.0944,0.24686918857734766,-0.3038708441163816,0.024063575008401877,-0.6600936973056359,0.024094286951957776,-0.6601116415204711,0.2480190797380066,-0.30069630340455733,0.2233652031774973,0.3578190956525841,-0.0005903015521074306,-0.0015782982484945363,-0.000559589608551514,-0.0015962424633297057,0.27152306513785696,-0.962386243173523,112.42859013467239,97.87226418869045,56.09331151595339,48.82554506985478,56.33480798004088,49.04716150239305,56.21405974799713,48.93635328612392,0.00047063867812369153,-0.0004423835573845736,-7.497593173140714,-55.46760989613645,-55.4346232817189,-0.00038195294527070055,-0.03818597214168922,-0.006601450637901962
1.0952,0.247551749975686,-0.30517352737512765,0.02237079607684213,-0.6590693800215475,0.022402538436597466,-0.6590883676197411,0.24871304715499304,-0.3020032344856926,0.22574573130861972,0.35549049289023416,-0.0005965197695311786,-0.0015756526456207343,-0.0005647774097758684,-0.0015946402438143381,0.2705190658220593,-0.9626672547510544,113.33927438566135,97.95242579984239,56.54783435076793,48.86576929887802,56.79097044215006,49.0871062164273,56.66940239645899,48.97643775765266,0.00046959274337154966,-0.0004497154629348188,-7.512064572961553,-55.46908485873211,-55.433529766649926,-0.0003960583924485854,-0.03811606185557538,-0.006486183598497064
1.096,0.24822462031341272,-0.3064792904481824,0.020687120837940078,-0.6580410369586775,0.02071987035515779,-0.6580610776423108,0.2493972964735861,-0.30331326509762196,0.2281074627969505,0.353154779527592,-0.0006027128386955488,-0.0015729923334635576,-0.0005699633214778371,-0.0015930330170968454,0.26951445399004836,-0.9629473350733964,114.25497749060291,98.02552258447217,57.00486151676316,48.90246767989095,57.24964752191265,49.123512010604976,57.1272545193379,49.01298984524796,0.0004684519271052068,-0.00045710602374526843,-7.526373516335003,-55.47053776179003,-55.43237454639893,-0.0004099454161158303,-0.038047028761103455,-0.006370564796696954
1.0968,0.24888781629252393,-0.3077880635592776,0.019012531977809968,-0.6570087380874,0.019046265004864393,-0.6570298409225284,0.2500718445492216,-0.3046263251061597,0.23045043192953557,0.3508120951722455,-0.0006088806418760584,-0.0015703178089948033,-0.0005751476148216222,-0.001591420644123126,0.26850922891220996,-0.963226483837683,115.17566079146948,98.09143884207319,57.46437370887324,48.93558249876365,57.710819868389734,49.15632089783795,57.58759678863149,49.0459516983008,0.00046721420650897016,-0.0004645545284063246,-7.54051953876874,-55.471967484083635,-55.431157884389236,-0.00042360901141625914,-0.03797886392980589,-0.006254555275290841
1.0976,0.2495413550080415,-0.30909977746374984,0.017347011760502608,-0.6559725528207606,0.01738170428087233,-0.6559947262333095,0.25073670863391867,-0.3059423449137258,0.23277467380029263,0.3484625783382972,-0.0006150230731234441,-0.0015676295687375996,-0.0005803305527537217,-0.0015898029812864423,0.26750338984166755,-0.9635047007157728,116.10128341878699,98.15005817824675,57.9263505192559,48.96505569538969,58.174467021988804,49.185474543073695,58.050408770622354,49.07526511923169,0.0004658775422825556,-0.0004720602166230492,-7.55450219792527,-55.47337290068923,-55.42988006276572,-0.00043704437017910724,-0.03791155846123001,-0.0061381172116909966
1.0984,0.25018525394017993,-0.3104143634478921,0.015690542036573,-0.6549325500147883,0.015726169684754328,-0.6549558017869205,0.2513919063683356,-0.3072612554586882,0.2350802242935941,0.34610636644756426,-0.0006211400381684884,-0.001564928108535868,-0.0005855123899871639,-0.0015881798806680059,0.2664969360149214,-0.9637819853541446,117.03180224754834,98.20126353785966,58.390770415301965,48.99082888021227,58.64056739236702,49.210914279925426,58.515668903834495,49.10087158006885,0.0004644398793516302,-0.00047962227803566293,-7.568321073707342,-55.47475288332777,-55.428541381725516,-0.0004502468798031403,-0.03784510348470833,-0.006021213906819867
1.0992,0.2508195309465812,-0.3117317533282304,0.014043104251562856,-0.6538887979689302,0.014079642332871034,-0.6539131352358362,0.25203745577391595,-0.308582988214622,0.23736712006803162,0.3437435958309569,-0.0006272314543214474,-0.00156221392335118,-0.0005906933730132902,-0.0015865511902571905,0.26548986665246554,-0.9640583373738094,117.96717185317029,98.24493723978523,58.85761071766479,49.0128433515431,59.10909823635751,49.23258112809316,58.98335447701115,49.12271223981813,0.00046289914799046983,-0.00048723985102583356,-7.581975768334947,-55.47610630059445,-55.4271421588994,-0.00046321212208766995,-0.037779490160890515,-0.0059038097700181424
1.1,0.2514442042546439,-0.3130518794507159,0.012404679454397733,-0.6528413644265486,0.012442102964657219,-0.6528667936736942,0.25267337524511124,-0.30990747518950373,0.2396353985403501,0.34137440173001155,-0.0006332972503634016,-0.0015594875070333025,-0.0005958737401039194,-0.00158491675417885,0.264482180959405,-0.9643337563702312,118.90734446753943,98.28096101325079,59.32684757833478,49.03104011368064,59.580035635940064,49.2504158115914,59.45344160713742,49.14072796263602,0.00046125326458934524,-0.0004949120212529579,-7.59546590641434,-55.477432018339826,-55.42568272871538,-0.00047593587201721444,-0.03771470968335108,-0.005785870306283414
1.1008,0.25205929245391784,-0.3143746746898505,0.010775248305698771,-0.6517903165755259,0.010813531950837374,-0.6518168436363375,0.25329968354168836,-0.3112346489248131,0.24188509786953505,0.3389989182985999,-0.0006393373664545787,-0.0015567493521128628,-0.0006010537213159417,-0.0015832764129244947,0.26347387812607115,-0.9646082419132636,119.85226993518481,98.30921603582135,59.798455958776444,49.045359895844385,60.053354476275416,49.26435877779785,59.92590521752593,49.15485933682112,0.00045950013294770997,-0.0005026378208867754,-7.608791134998746,-55.47872889992172,-55.42416344174033,-0.0004884140964467584,-0.03765075328025905,-0.00566736210447516
1.1016,0.25266481448859457,-0.31570007244773857,0.009154791086019676,-0.6507357210489735,0.009193909301515698,-0.6507633511029282,0.2539163997811198,-0.3125644424945721,0.2441162569410895,0.3366172786047955,-0.0006453517540106202,-0.0015539999496058943,-0.0006062335385146056,-0.001581630003560569,0.26246495732862485,-0.9648817935471061,120.80189566963493,98.32958297305231,60.27240960815715,49.05574317194366,60.529028423832884,49.27435021733564,60.400719015995016,49.16504669463965,0.0004576376448994779,-0.0005104162269873314,-7.621951123640561,-55.47999580647258,-55.42258466409788,-0.0005006429526798952,-0.03758761221570098,-0.005548252822137556
1.1024,0.25326078965006704,-0.3170280066530625,0.007543287703982832,-0.6496776439259871,0.007583214674201595,-0.6497063814971517,0.2545235434310556,-0.31389678950431216,0.2463289153514691,0.33422961463288203,-0.0006513403756036595,-0.0015512397887929297,-0.0006114134053848974,-0.0015799773599574352,0.2614554177296535,-0.9651544107902567,121.75616661000574,98.34194201982892,60.74868104169039,49.06213018118531,61.0070299046333,49.280330084804135,60.877855473161844,49.17123013299472,0.00045566368204674745,-0.0005182461605244271,-7.634945564435558,-55.48123159725084,-55.420946776808265,-0.0005126187871250081,-0.037525277791342085,-0.005428511173846573
1.1032,0.25384723756957933,-0.3183584117599902,0.005940717704353001,-0.6486161507325259,0.005981427381729993,-0.6486459996884936,0.25512113430187583,-0.31523162408996036,0.24852311339268607,0.33183605728553445,-0.0006573032048367566,-0.001548469357031096,-0.0006165935274597412,-0.001578318312998761,0.2604452584787691,-0.965426093135485,122.71502517786526,98.34617294342749,61.2272415191172,49.064460949542024,61.487330082631686,49.282238120370444,61.35728580087444,49.17334953495623,0.0004535761163708685,-0.0005261264849707459,-7.647774172058331,-55.4824351298976,-55.41925017519178,-0.0005243381337864657,-0.03746374134780463,-0.005308106917510713
1.104,0.2544241782109494,-0.31969122274702616,0.004347060276000903,-0.647551306442368,0.004388526400105678,-0.6475822699936045,0.2557091925393294,-0.3165688809166709,0.2506988920370861,0.3294367363861377,-0.0006632402262423676,-0.0015456891395594363,-0.0006217741021375955,-0.001576652690795849,0.2594344787131927,-0.9656968400498348,123.67841123443674,98.34215512831773,61.708061023356436,49.06267531208827,61.969898838268556,49.28001387223498,61.8389799308125,49.171344592161624,0.00045137281173879273,-0.0005340560055202559,-7.6604366837894595,-55.48360526068916,-55.41749526826783,-0.0005357977125937191,-0.03740299426602407,-0.005187010842206519
1.1048,0.25499163186337787,-0.32102637511577653,0.00276229425980716,-0.6464831754781089,0.0028044903762254473,-0.6465152561777148,0.25628773861725035,-0.31790849517758124,0.2528562929222978,0.32703178068123295,-0.0006691514351453709,-0.0015428996192946576,-0.0006269553187271126,-0.001574980318900604,0.2584230775583304,-0.9659666509745907,124.64626203819681,98.32976762272845,62.191108239349816,49.05671293621643,62.45470474722188,49.273596719979494,62.32290649328585,49.16515482809796,0.0004490516251109966,-0.0005420334674681726,-7.6729328595344315,-55.48474084491714,-55.41568247811025,-0.0005469944280504952,-0.0373430279688049,-0.005065194753740343
1.1056,0.25554961913433777,-0.32236380488967126,0.0011863981564564944,-0.6454118217122965,0.001229297635558121,-0.6454450214561601,0.2568567933303596,-0.3192504025925046,0.25499535833634135,0.32462131784314036,-0.0006750368375617322,-0.0015401012766514954,-0.0006321373584600998,-0.0015733010205151443,0.25741105412835596,-0.9662355253253161,125.6185122029126,98.30888918700654,62.67635053312857,49.04651334574572,62.94171505937581,49.26292589881605,62.80903279625219,49.154719622280886,0.00044661040821836195,-0.0005500575552304099,-7.685262481833628,-55.485840737091095,-55.41381223927797,-0.0005579253673178089,-0.03728383392208587,-0.004942631464871283
1.1064,0.25609816094254,-0.3237034486126107,-0.0003806498658313695,-0.6443373084686111,-0.0003370738103301596,-0.6443716284959347,0.2574163777871485,-0.32059453940656324,0.257116131202925,0.32220547447268594,-0.0006808964500548409,-0.0015372945893619705,-0.0006373203945536365,-0.0015716146166854794,0.25639840752676346,-0.9665034624918598,126.59509365619745,98.27939834378225,63.16375393113552,49.032015945936294,63.43089567805373,49.247940524737345,63.29732480459462,49.13997823533682,0.00044404700820166454,-0.0005581268913914528,-7.69742535586413,-55.4869037912446,-55.4118849982287,-0.0005685877986382841,-0.037225403636186094,-0.004819294778258154
1.1072,0.2566372785109839,-0.3250452433475548,-0.001938871963669255,-0.6432596985231042,-0.0018946462562786275,-0.6432951394173452,0.2579665134028415,-0.3219408423887518,0.2592186550668866,0.31978437610207133,-0.0006867302996241276,-0.0015344800322809882,-0.0006425045922334727,-0.0015699209265220004,0.25538513684693875,-0.9667704618383779,127.57593559863015,98.24117342996014,63.653283099829416,49.013160049408384,63.922211139530646,49.22857962058703,63.787747119680034,49.120869834997706,0.0004413592700842628,-0.0005662400352690611,-7.709421309433169,-55.48792886125174,-55.40990121267789,-0.000578979169627302,-0.03716772866735233,-0.004695159477563493
1.108,0.2571669933600877,-0.3263891266750572,-0.0034882906109529495,-0.6421790541055569,-0.00344344229616305,-0.642215615795722,0.25850722189244446,-0.3232892488304512,0.26130297407982406,0.3173581471978852,-0.0006925384235733356,-0.001531658077220499,-0.000647690108783433,-0.0015682197673855536,0.25437124117270804,-0.9670365227033937,128.56096446350764,98.19409265056215,64.14490132560528,48.989884902990006,64.4156245928651,49.20478214305431,64.28026295923519,49.09733352302216,0.0004385450372694777,-0.0005743954821610942,-7.7212501929626365,-55.48891480106217,-55.40786135107215,-0.000589097105306568,-0.037110800618798886,-0.0045702013132427055
1.1088,0.2576873273008959,-0.32773503669173326,-0.00502892859139031,-0.6410954369008635,-0.004983484815610043,-0.6411331186631908,0.2590385252638703,-0.3246396965438764,0.26336913298588327,0.3149269111642222,-0.0006983208693773224,-0.0015288291927647857,-0.0006528770935970707,-0.001566510955092082,0.2533567195788829,-0.967301644399832,129.55010387729956,98.13803413442747,64.63857049506271,48.96212971548863,64.91109778008286,49.17648701060075,64.77483413757278,49.06930836304469,0.00043560215399907065,-0.0005825916619102145,-7.73291187946556,-55.48986046504125,-55.40576589196938,-0.0005989394064008692,-0.03705461114210989,-0.004444396989953248
1.1096,0.2581983024283702,-0.3290829120086881,-0.006560808991132518,-0.6400089080505177,-0.006514796984815559,-0.6400477085104942,0.2595604458111507,-0.32599212386047405,0.2654171771077345,0.31249079034592486,-0.0007040776945487215,-0.0015259938441187781,-0.0006580656882317348,-0.001564794304095285,0.2523415711317864,-0.967565826215087,130.54327462087198,98.07287599179232,65.13425107565915,48.9298336864023,65.40859101674631,49.14363313232799,65.27142104620273,49.03673340936514,0.0004325284665185336,-0.0005908269379659714,-7.744406264513843,-55.49076470816743,-55.403615323517606,-0.0006085040474061797,-0.03699915193828029,-0.004317724153168001
1.1104,0.2586999411147595,-0.33043269174986467,-0.00808395519146315,-0.6389195281541289,-0.008037402251401149,-0.6389594452889235,0.26007300610772355,-0.32734646962925584,0.2674471523326737,0.3100499060319659,-0.0007098089665130147,-0.0015231524929071316,-0.000663256026451009,-0.0015630696277016964,0.2513257948898094,-0.9678290674110864,131.54039459153296,97.99849637375326,65.63190209677201,48.89293603556691,65.90806317293605,49.10615943779304,65.76998263485403,48.99954773667997,0.0004293218248960784,-0.0005990996066884691,-7.755733266197793,-55.49162638645573,-55.40141014280354,-0.000617789174650926,-0.03694441475923067,-0.004190161379597157
1.1112,0.25919226600304573,-0.3317843155503733,-0.009598390861606573,-0.637827357271074,-0.009551324333435647,-0.6378683884122495,0.26057622899980765,-0.32870267321508767,0.26945910509894777,0.3076043784589312,-0.0007155147624664238,-0.0015203055970550439,-0.0006684482342954878,-0.0015613367382305565,0.2503093899039056,-0.9680913672243922,132.5413787659998,97.9147735336387,66.13148113122058,48.85137603376069,66.40947165469467,49.06400490777399,66.27047639295762,48.95769047076734,0.00042598008457161995,-0.0006074078959841245,-7.7668928250767255,-55.49244435704645,-55.39915085540551,-0.0006267931042057492,-0.03689039140856865,-0.0040616881616131195
1.112,0.25967530000047595,-0.33313772355473936,-0.011104139951587828,-0.6367324549221118,-0.01105658721249963,-0.6367745967587336,0.26107013759985026,-0.33006067449692694,0.27145308238220683,0.30515432681458954,-0.0007211951692312479,-0.0015174536105953262,-0.0006736424301430621,-0.0015595954472170936,0.24929235521811938,-0.9683527248662559,133.54613916434343,97.8215858902717,66.6329442772736,48.80509303424789,66.91277238596102,49.01710860598822,66.7728583316173,48.91110082011805,0.000422501108829465,-0.0006157499643961728,-7.777884904122152,-55.49321747865971,-55.396837974761226,-0.0006355143201230009,-0.0368370737430069,-0.0039322848960523515
1.1128,0.26014906627216544,-0.334492856415114,-0.012601226685203111,-0.6356348800911512,-0.012553215126835247,-0.6356781286732229,0.26155475528006267,-0.3314204138659972,0.27342913168213323,0.30269986924163145,-0.0007268502831325463,-0.0015145969835225759,-0.0006788387247646799,-0.001557845565594268,0.24827468987009488,-0.9686131395227426,134.55458481497462,97.71881209316034,67.13624614117828,48.75402650528518,67.41791979102646,48.96540971177552,67.27708296610237,48.85971810853035,0.00041888276987833706,-0.0006241239003657029,-7.788709488651539,-55.493944611794575,-55.39447202164613,-0.0006439514721746609,-0.03678445367343566,-0.003801932872903535
1.1136,0.26061358823478675,-0.3358496552894468,-0.014089675553063489,-0.6345346912270396,-0.01404123256461416,-0.6345790419692535,0.26203010566603024,-0.33278183222393465,0.27538730100924735,0.3002411228414559,-0.0007324802098463978,-0.0015117361616491798,-0.0006840372213970658,-0.0015560869038630243,0.2472563928915697,-0.9688726103548374,135.566621720777,97.60633108959242,67.64133982025972,48.698116063579704,67.92486677756601,48.908847553733956,67.78310329891286,48.80348180865683,0.00041512295126722165,-0.0006325277212368974,-7.7993665862545765,-55.49462461899573,-55.392053523670995,-0.0006521033737685775,-0.03673252316581423,-0.003670614261892524
1.1144,0.26106888955033186,-0.33720806183959323,-0.015569511305718426,-0.6334319462453979,-0.015520664257281458,-0.6334773939312293,0.2624962126304049,-0.3341448709808668,0.2773276388718683,0.2977782036780836,-0.0007380850642550174,-0.0015088715864474966,-0.0006892380158180222,-0.0015543192722788923,0.24623746330886842,-0.9691311364985435,136.58215282644122,97.484022193649,68.14817688661805,48.63730150870243,68.43356472027321,48.84736164431904,68.29087080344563,48.742331576510736,0.0004112195499601512,-0.0006409593724754359,-7.809856226710986,-55.49525636518332,-55.38958301469633,-0.0006599689999813085,-0.03668127424252732,-0.003538312100317853
1.1152,0.26151499411995627,-0.33856801822938676,-0.017040758946883065,-0.6323267025305409,-0.016991535172973377,-0.6323732413166564,0.2629531002866774,-0.3355094720534583,0.27925019426324504,0.29531122678217614,-0.0007436649703154163,-0.0015060036949064715,-0.0006944411964057151,-0.0015525424810219624,0.24521790014338862,-0.9693887170650212,137.60107798708708,97.35176515713356,68.65670737147042,48.57152285845777,68.94396344513862,48.78089171540262,68.80033540830452,48.67620728693019,0.0004071704780415075,-0.0006494167268300544,-7.820178461900006,-55.495838717898074,-55.38706103435709,-0.0006675474852658699,-0.036630698983191545,-0.003405010282335752
1.116,0.2619519260778941,-0.3399294671226706,-0.01850344372672457,-0.6312190169374341,-0.01845387051005709,-0.6312666403584096,0.2634007929830255,-0.336875577862909,0.2811550166488506,0.29284030615513207,-0.000749220060899447,-0.0015031329193930243,-0.0006996468442319603,-0.0015507563403685531,0.24419770241206895,-0.9696453511407117,138.6232939382602,97.20944024240501,69.1668797501749,48.50072038520407,69.4560112144201,48.709377754784654,69.3114454822975,48.605049069994365,0.0004029736651887106,-0.0006578975837214784,-7.8303333657021215,-55.49637054760238,-55.38448812750864,-0.0006748381213542036,-0.03658078952582705,-0.0032706935448345575
1.1168,0.2623797097854622,-0.34129235168127203,-0.019957591135252462,-0.6301089457937145,-0.01990769569071483,-0.6301576467670633,0.26383931529624366,-0.3382431313329061,0.2830421559538366,0.29036555477329984,-0.0007547504776595493,-0.0015002596875085261,-0.0007048550331218983,-0.0015489606608573847,0.2431768691278693,-0.9699010377874779,139.64869426737525,97.05692829711597,69.67864092797888,48.424834653122915,69.96965471233568,48.632760043661214,69.82414782015728,48.52879734839206,0.00039862706069015985,-0.0006663996681481876,-7.840321033892463,-55.49685072795947,-55.38186484376684,-0.0006818403550062163,-0.036531538067690335,-0.003135347457629223
1.1176,0.2627983698251303,-0.3426566155629631,-0.02140322689578935,-0.6289965449017645,-0.021353036354662996,-0.6290463157332483,0.2642686920257529,-0.3396120758875421,0.2849116625506678,0.28788708459225376,-0.0007602563708745125,-0.0014973844219685895,-0.0007100658297481688,-0.0015471552534524202,0.24215539930021543,-0.9701557760427589,140.67716938670674,96.89411083083766,70.1919362265364,48.34380655643184,70.4848390315345,48.55097919503662,70.33838762903545,48.44739287573423,0.0003941286358326579,-0.0006749206308001021,-7.85014158402646,-55.497278136063855,-55.3791917369911,-0.0006885537857452289,-0.03648293686626695,-0.002998958409932584
1.1184,0.26320793099467416,-0.34402220291935054,-0.02284037695851456,-0.6278818695408185,-0.02278991835292919,-0.6279327019300626,0.2646889481876819,-0.34098235544918465,0.2867635872468999,0.28540500655117296,-0.0007657378992965702,-0.001494507540460932,-0.0007152792937112074,-0.0015453399297049863,0.24113329193545616,-0.9704095649197082,141.7086065079943,96.72087009355951,70.70670937123168,48.25757735853081,71.00150766037686,48.46397619307555,70.85410851580427,48.36077677580318,0.0003894763857488215,-0.0006834580468506601,-7.85979515531772,-55.49765165278441,-55.376469364798275,-0.0006949781637109957,-0.036434978240232334,-0.002861513598674037
1.1192,0.26360841830139864,-0.34538905839374867,-0.024269067494092668,-0.6267649744691313,-0.02421836774170044,-0.626816859515546,0.2651001090090326,-0.34235391443631,0.2885979812731122,0.2829194305773093,-0.0007711952300130664,-0.0014916294555119558,-0.0007204954776208472,-0.0015435145019266905,0.24011054603731907,-0.9706624034073679,142.7428896187551,96.53708915604622,71.22290247935278,48.166088732074314,71.51960247106958,48.3716924333874,71.37125247521118,48.26889058273086,0.0003846683327424216,-0.0006920094155020706,-7.8692819085081815,-55.49797016304633,-55.37369828802318,-0.0007011133872426052,-0.036387654570590004,-0.00272300101821088
1.12,0.26399985695644634,-0.3467571271190075,-0.025689324887413188,-0.6256459139262089,-0.025638410776314114,-0.6256988421351426,0.2655021999219189,-0.3437266977613039,0.29041489627104633,0.2804304655905201,-0.000776628538285834,-0.001488750574384995,-0.0007257144271867466,-0.0015416787833186507,0.239087160607319,-0.9709142904708314,143.779899460408,96.34265199203747,71.74045604917092,48.06928279996728,72.03906370870936,48.27406976423005,71.88975987894014,48.171676282098666,0.000379702527709469,-0.0007005721598574155,-7.878602025730231,-55.4982325560333,-55.3708790703615,-0.0007069595006618936,-0.03634095830106222,-0.0025834094466858915
1.1208,0.2643822723691731,-0.34812635471530345,-0.0271011757313625,-0.62452474163506,-0.02705007390527701,-0.6245787029242582,0.2658952465578834,-0.3451006508282174,0.292214384281848,0.2779382195078987,-0.0007820380073978728,-0.0014858712989438971,-0.0007309361813123971,-0.001539832588142137,0.2380631346452085,-0.9711652250514196,144.81951350826623,96.13744356225179,72.25930894994832,47.967102177256656,72.55982998126483,48.1710505286216,72.40956946560658,48.06907635293913,0.00037457705306565003,-0.0007091436264659023,-7.887755710361871,-55.49843772554655,-55.36801227781157,-0.0007125166918928247,-0.03629488193937558,-0.002442728434999708
1.1216,0.26475569014160466,-0.34949668728790567,-0.02850464682073228,-0.6234015108044896,-0.02845338376439553,-0.623456494510816,0.2662792747422928,-0.3464757195305014,0.29399649773451264,0.2754427992484492,-0.0007874238285124346,-0.0014829920255389206,-0.000736160772175698,-0.001537975731865343,0.2370384671493848,-0.9714152060668562,145.8616059535244,95.92134990017661,72.77939841294315,47.85949001391553,73.08183825055573,48.06257760734566,72.93061833174944,47.961033810630596,0.00036929002550323275,-0.0007177210845838999,-7.8967431868742475,-55.49858457024486,-55.365098478254716,-0.0007177852901685504,-0.03624941805791719,-0.002300948296522165
1.1224,0.2651201360629555,-0.35086807142489296,-0.029899765146161442,-0.6222762741314692,-0.02984836717099894,-0.6223322690178751,0.26665431048880067,-0.34785185024868787,0.29576128943445823,0.2729443107378817,-0.0007927862005038533,-0.0014801131448996252,-0.0007413882253413384,-0.0015361080313054665,0.23601315711729787,-0.9716642324114626,146.90604768729287,95.69425819961474,73.300660023433,47.74639003850574,73.60502382426185,47.9485944628356,73.45284192384742,47.84749225067067,0.0003638395980374298,-0.0007263017266012639,-7.9055647006716985,-55.49867199393441,-55.36213824098632,-0.0007227657636149479,-0.03620455929465063,-0.0021580600929382854
1.1232,0.265475636104247,-0.3522404541948545,-0.03128655788819792,-0.6211490838035143,-0.031235051118222515,-0.6212060780662623,0.2670203799938976,-0.34922898984805967,0.2975088125522825,0.2704428589134312,-0.0007981253298129931,-0.0014772350420234337,-0.0007466185598375974,-0.0015342293047714006,0.23498720354586208,-0.9719123029563453,147.95270628680805,95.45605690394139,73.82302771382604,47.62774660269115,74.129320349019,47.82904518391767,73.97617403142252,47.72839589330441,0.00035822396301909976,-0.00073488266743027,-7.914220517924892,-55.498698905833294,-55.359132136320206,-0.0007274587168851919,-0.036160298353749065,-0.0020140556253807063
1.124,0.26582221641296766,-0.35361378314455016,-0.03266505241141388,-0.620019991501093,-0.03261346276939831,-0.6200779727772592,0.2673775096315271,-0.35060708567627574,0.29923912061265345,0.26793854772876313,-0.0008034414302875159,-0.001474358096054118,-0.0007518517882719455,-0.0015323393722203038,0.2339606054318413,-0.972159416549589,149.00144600388143,95.20663579703633,74.34643375788482,47.503504726587586,74.65465980464165,47.703874531393204,74.50054678126324,47.603689628990395,0.00035244135494849615,-0.0007434609444629814,-7.922710925397021,-55.49866422093213,-55.35608073504275,-0.0007318648888251121,-0.036116628006808676,-0.001868927421725175
1.1248,0.2661599033078315,-0.35498800629654437,-0.034035276258626054,-0.6188890484001494,-0.03398362945251476,-0.6189480037752952,0.2677257259477776,-0.3519860855609709,0.300952267483375,0.26543148015896467,-0.0008087347230286979,-0.0014714826802137981,-0.0007570879169173927,-0.0015304380553596841,0.23293336177223414,-0.9724055720164799,150.0521277556893,94.94588609585779,74.87080876612261,47.37361014493513,75.18097249951393,47.573027984440394,75.02589063281826,47.47331906468776,0.00034649005277742617,-0.0007520335177275683,-7.9310362302625,-55.49856686010905,-55.352984608179376,-0.0007359851498993033,-0.03607354109284872,-0.0017226687249376482
1.1256,0.2664887232735959,-0.3563630721468145,-0.03539725714517355,-0.6177563051745462,-0.03534557865476286,-0.6178162211906917,0.2680650556556531,-0.35336593780732384,0.3026483073645927,0.26292175820554975,-0.0008140054362339444,-0.0014686091616725738,-0.0007623269458232329,-0.0015285251778180964,0.2319054715646563,-0.9726507681596881,151.104609118004,94.67370054458341,75.39608168241128,47.23800935404703,75.70818706720983,47.43645178780647,75.55213437481055,47.33723057092675,0.00034036838289353,-0.0007605972700872599,-7.939196759919856,-55.49840575055305,-55.349844326390844,-0.0007398204999797811,-0.03603103051980018,-0.0015752734828140547
1.1264,0.2668087029559598,-0.3577389296623242,-0.03675102295329427,-0.6166218119986423,-0.03669933801718157,-0.6166826746624213,0.2683955256299115,-0.3547465911956086,0.30432729477817355,0.26040948290156546,-0.0008192538050321718,-0.0014657379014683114,-0.0007675688689194882,-0.0015266005652473102,0.23087693380769775,-0.9728950037594981,152.15874432094532,94.38997351029782,75.92217978185008,47.09664965953587,76.23623046437302,47.29409299976902,76.07920512311155,47.195371329652446,0.0003340747222182472,-0.0007691490070698137,-7.9471928617970375,-55.49817982599084,-55.34666045969486,-0.0007433720657941315,-0.03598908926471518,-0.0014267363350768392
1.1272,0.2671198691565244,-0.35911552827857807,-0.0380966017265698,-0.6154856185498606,-0.03804493532934305,-0.6155474133409173,0.2687171629019781,-0.35612799497869846,0.3059892845572077,0.2578947543167507,-0.0008244800713402278,-0.0014628692544114419,-0.0007728136741134706,-0.001524664045468166,0.22984774750129483,-0.9731382775740272,153.21438424734123,94.09460108014471,76.44902866993442,46.94947922476608,76.76502796990616,47.14589954083602,76.60702831992029,47.04768938280105,0.0003276075006510837,-0.0007776854573933178,-7.955024903150903,-55.497888026943194,-55.34343357700416,-0.0007466410984603891,-0.035947710374711644,-0.0012770526042800157
1.1280000000000001,0.26742224882783244,-0.36049281789714727,-0.039434021664441626,-0.6143477740112678,-0.039382398524157404,-0.6144104858908869,0.2690299946549314,-0.357510098879568,0.30763433183568145,0.25537767156271973,-0.000829684483691584,-0.0014600035689801283,-0.0007780613434073824,-0.0015227154485991656,0.2288179116470824,-0.9733805883394351,154.27137643380942,93.78748115988766,76.9765522830801,46.79644712001187,77.29450318552523,46.9918202431491,77.13552773430266,46.894133681580485,0.0003209652041107347,-0.000786203273307251,-7.962693270860467,-55.4975293011075,-55.340164245693835,-0.0007496289711491518,-0.035906886967801706,-0.0011262182837299406
1.1288,0.2677158690684779,-0.3618707488831794,-0.04076331111684608,-0.6132083270742748,-0.040711755672751385,-0.6132719404941512,0.26933404821856327,-0.3588928530887564,0.3092624920383193,0.2528583327982451,-0.0008348672970900362,-0.0014571411872732476,-0.0007833118529953498,-0.0015207546071497324,0.22778742524872184,-0.9736219347701809,155.32956507463092,93.4685135738334,77.50467289054362,46.63750337229692,77.82457803770953,46.83180490056761,77.66462546412657,46.73465413643227,0.00031414637777515964,-0.0007946990311324953,-7.970198371213051,-55.49710260343054,-55.33685303137318,-0.0007523371764090541,-0.0358666122329544,-0.0009742300260882075
1.1296,0.26800075711828103,-0.3632492720628632,-0.042084498578864045,-0.61206732594124,-0.04203303497941694,-0.612131824852515,0.26962935106450353,-0.3602762082618101,0.3108738208705328,0.25033683523454087,-0.0008400287728347888,-0.0014542824448890157,-0.0007885651733877119,-0.0015187813561640673,0.22675628731225178,-0.9738623155592142,156.38879102851214,93.13760016600605,78.03331109777818,46.47259901585506,78.35517278110541,46.66580431938269,78.1942419394418,46.56920166761887,0.00030714962855427075,-0.0008031692316876615,-7.97754062968586,-55.49660689660282,-55.333500497363126,-0.000754767324008137,-0.035826879431310674,-0.0008210851321450718
1.1304,0.2682769403535357,-0.3646283387209012,-0.043397612685507354,-0.610924818328205,-0.043346264776637104,-0.6109901861906792,0.26991593080142284,-0.3616601155167086,0.3124683743085515,0.24781327514063717,-0.0008451691783786797,-0.0014514276708592067,-0.0007938212695084435,-0.0015167955333334204,0.22572449684640705,-0.974101729378247,157.44889182832327,92.79464490254057,78.56238585127775,46.30168614320053,78.88620600341724,46.49377036964118,78.7242959273475,46.397728256420855,0.00029997362827316465,-0.0008116103011417408,-7.984720490720561,-55.496041151231,-55.330107204376745,-0.0007569211381801204,-0.0357876818966268,-0.0006667815415255518
1.1312,0.2685444462823283,-0.3660079005979356,-0.044702682206545316,-0.6097808514676224,-0.04465147352020862,-0.6098470712591271,0.27019381517030233,-0.363044526431259,0.31404620858969234,0.24528774784877747,-0.0008502887871553455,-0.0014485771875859255,-0.0007990801008186665,-0.0015147969790906268,0.22469205286293836,-0.974340174877972,158.50970169390388,92.43955397518653,79.09181444494928,46.12471795675549,79.41759463183752,46.31565603702266,79.2547045383934,46.220186996889076,0.0002926171170827274,-0.0008200185916251712,-7.99173841749271,-55.49540434609274,-55.32667371021613,-0.0007588004553190683,-0.03574901303563848,-0.0005113178193596468
1.1320000000000001,0.26880330253992385,-0.3673879098879848,-0.045999736041430594,-0.6086354721110943,-0.045948689784416824,-0.6087025263370806,0.27046303203977357,-0.36442939304048433,0.31560738020277246,0.24276034775985286,-0.0008553878784317293,-0.0014457313107571201,-0.0008043416214179866,-0.0015127855367433884,0.223658954376925,-0.974577650688322,159.57105154801974,92.07223590584259,79.62151252805685,45.94164882098694,79.94925394105712,46.131415475238114,79.78538323455699,46.03653214811253,0.00028507890576179307,-0.000828390382466182,-7.998594891675797,-55.49469546843474,-55.3232005693442,-0.0007604072213644248,-0.03571086632897988,-0.00035469314846636735
1.1328,0.26905353688421435,-0.3687683192358134,-0.047288803214272736,-0.6074887265321447,-0.04723794225732358,-0.6075565972354401,0.27072360940152607,-0.3658146678339797,0.31715194587866835,0.24023116834889582,-0.0008604667371304442,-0.0014428903492691159,-0.0008096057801812717,-0.0015107610525645354,0.22262520040707207,-0.974814155418689,160.63276903555087,91.69260165204057,80.15139411477574,45.75243431502321,80.48109756289557,45.94100405889822,80.31624583883566,45.84671918696071,0.0002773578795540743,-0.000836721880858704,-8.005290413199749,-55.493913514330785,-55.31968833256366,-0.0007617434895621204,-0.035673235331648644,-0.00019690731511445847
1.1336,0.26929517719124496,-0.37014908173433597,-0.048569912868929976,-0.6063406605290623,-0.048519259736084945,-0.606409329299775,0.2709755753657842,-0.36720030375325974,0.31867996258102205,0.23770030217062083,-0.0008655256536921341,-0.001440054605181762,-0.0008148725208471097,-0.001508723375894444,0.22159078997600712,-0.9750496876582164,161.69467854599503,91.3005647132811,80.68137159540422,45.55703128569195,81.01303749758998,45.744378436812326,80.8472045464971,45.65070486125214,0.0002694530008398033,-0.0008450092231697681,-8.011825500004155,-55.49305748880316,-55.31613754675253,-0.0007628114176132265,-0.03563611367328314,-3.7960701547490316e-05
1.1344,0.26952825145079995,-0.3715301509219697,-0.049843094264132984,-0.6051913194276783,-0.04979267112238404,-0.6052607674132922,0.2712189581568576,-0.3685862541890832,0.32019148749708726,0.2351678408649588,-0.0008705649239032776,-0.0014372243736363588,-0.0008201417821543655,-0.0015066723592501718,0.22055572211057028,-0.9752842459760117,162.7566012393781,90.89604123810489,81.21135574926967,45.3553979009271,81.54498412679641,45.54149658565406,81.37816993803304,45.44844724329058,0.00026136331203474583,-0.0008532484762753256,-8.018200687787168,-55.49212640621341,-55.31254875445288,-0.0007636132655352646,-0.035599495059023746,0.0001221457262658987
1.1352,0.2697527877620546,-0.3729114807799831,-0.05110837676870159,-0.60404074808424,-0.05105820541793815,-0.6041109559998494,0.2714537861087473,-0.36997247297876285,0.3216865780287208,0.23263387516267173,-0.0008755848487281004,-0.0014343999428054477,-0.0008254134979646388,-0.0015046078584148304,0.2195199958420811,-0.9755178289214177,163.8183550756291,90.47895013182259,81.74125575936453,45.14749370350586,82.07684622832548,45.33231786395567,81.909050993845,45.23990578373076,0.00025308793911449357,-0.0008614356389387012,-8.02441652974897,-55.49111929051429,-55.30892249357742,-0.0007641513930595901,-0.035563373269953895,0.00028341043019963763
1.1360000000000001,0.2699688143293,-0.37429302572983486,-0.052365789856855145,-0.6028889908882923,-0.05231589172003807,-0.6029599390269854,0.2716800876608291,-0.3713589144034648,0.32316529178351117,0.230098494890989,-0.0008805857341730727,-0.001431581593838438,-0.0008306875973560224,-0.0015025297325315934,0.21848361020661794,-0.9757504350242887,164.87975484750666,90.04921316477578,82.27097922875639,44.9332796650483,82.60853099265577,45.116803066370494,82.43975511070607,45.0250413657094,0.00024462609451347817,-0.0008695666430185156,-8.030473596330918,-55.49003517544615,-55.30525929716209,-0.0007644282569901578,-0.03552774216330021,0.0004458313073598674
1.1368,0.2701763594577232,-0.3756747406304744,-0.05361536310355602,-0.6017360917655398,-0.053565759217227976,-0.6018077600089387,0.27189789135359854,-0.3727455331854821,0.3246276865660529,0.22756178897926094,-0.0008855678911016684,-0.001428769600796742,-0.0008359640047736483,-0.0015004378441955957,0.21744656424526887,-0.9759820627952175,165.94061221715108,89.60675508101589,82.80043219880088,44.712718240230046,83.13994404127004,44.89491447814159,82.97018812003546,44.80381635918582,0.0002359770801660943,-0.0008776373557424222,-8.036372474950314,-55.48887310492525,-55.3015596929869,-0.0007644464090309521,-0.03549259567325819,0.0006094057041821088
1.1376,0.27037545154926174,-0.37705658077567145,-0.05485712617995161,-0.6005820941807604,-0.05480783718499488,-0.6006544620096954,0.27210722582448427,-0.37413228448551294,0.32607382036934623,0.22502384546463566,-0.0008905316350896475,-0.0014259642306117537,-0.000841242640132911,-0.0014983320595467753,0.21640885700439977,-0.97621271072582,167.00073575632413,89.15150370727974,83.32951916919826,44.48577342113931,83.67098944683536,44.6666159297213,83.50025430801682,44.5761946754303,0.00022714029049097917,-0.0008856435808581864,-8.04211376973132,-55.48763213323539,-55.29782420330417,-0.0007642084931109247,-0.035457927811360035,0.0007741304241619673
1.1384,0.2705661190985114,-0.37843850189128525,-0.056091108848898674,-0.5994270411407617,-0.056042154981576574,-0.5995000876460579,0.27230811980372327,-0.37551912389990444,0.32750375136635496,0.22248475149781496,-0.000895477286266988,-0.0014231657430423261,-0.0008465234189448667,-0.0014962122483384854,0.21537048753587973,-0.9764423772890046,168.05993099039674,88.68339006216442,83.85814311991852,44.2524107917381,84.20156975526234,44.431872851487256,84.02985643759044,44.34214182161268,0.00021811521585846094,-0.0008935810609358441,-8.047698101230795,-55.4863113252701,-55.29405334461622,-0.0007637172429181727,-0.03542373266662662,0.0009400017399059379
1.1392,0.27074839068871437,-0.37982046013256,-0.057317340960516765,-0.5982709751972775,-0.05726874204380884,-0.598344679090715,0.2725006021102997,-0.37690600745790037,0.32891753790166983,0.21994459334876604,-0.0009004051691466342,-0.0014203743906110455,-0.0008518062524386916,-0.0014940782840485722,0.21433145489734423,-0.9766710609392264,169.11800044615975,88.2023484653227,84.38620553503104,44.012597582329335,84.7315860096835,44.190652328472595,84.55889577235726,44.101624955400965,0.00020890144523377785,-0.0009014454792293236,-8.053126106161766,-55.48490975691622,-55.29024762726955,-0.0007629754794996691,-0.035390004406546445,0.0011070154012031708
1.1400000000000001,0.270922294987787,-0.38120241208137867,-0.058535852447873384,-0.5971139384499733,-0.05848762788308,-0.5971882780753002,0.2726847016479567,-0.378292891618878,0.33031523848334854,0.2174034564125084,-0.0009053156124815276,-0.001417590418586856,-0.0008570910476881355,-0.001491930043913764,0.21329175815239518,-0.976898760112765,170.17474370350786,87.70831664660139,84.91360642847036,43.7663027240034,85.26093777636831,43.94292315505976,85.08727210241933,43.85461293953158,0.00019949866918977932,-0.0009092324617654413,-8.058398437111858,-55.48342651516926,-55.2864075553724,-0.0007619861087944171,-0.03535673727670496,0.0012751666487531566
1.1408,0.27108786074443386,-0.3825843147435398,-0.059746673322679945,-0.5959559725493836,-0.059698842081320355,-0.5960309258935034,0.2728604474012572,-0.37967973326956095,0.3316969117748457,0.2148614252148931,-0.0009102089490914678,-0.0014148140649295482,-0.0008623777077318706,-0.0014897674090493251,0.2122513963708454,-0.9771254732279939,171.22995745104097,87.20123585493856,85.44024437175105,43.51349690295662,85.78952317260668,43.68865588956204,85.61488377217887,43.60107639625933,0.000189906683232266,-0.0009169375801008073,-8.06351576225943,-55.48186069851083,-55.28253362634895,-0.0007607521191521138,-0.0353239256019138,0.0014444502208164067
1.1416,0.2712451167843035,-0.3839661255459907,-0.06094983367109261,-0.5947971186999123,-0.06090241428708293,-0.5948726634041548,0.27302786843172044,-0.38106648972123625,0.3330626165870998,0.21231858341842008,-0.0009150855157132876,-0.0014120455602559256,-0.0008676661317036094,-0.0014875902644984895,0.21121036862892423,-0.9773511986856469,172.28343554564228,86.68105096691038,85.96601652366948,43.254152614642116,86.31723889658238,43.42782290862162,86.14162771012593,43.340987761631865,0.00018012539041478703,-0.000924556353353978,-8.068478765085828,-55.48021141713859,-55.27862633077342,-0.0007592765789646256,-0.035291563786246934,0.0016148603656631622
1.1424,0.2713940920062218,-0.3853478023340801,-0.06214536364958871,-0.5936374176628496,-0.062098374211690816,-0.5937135310343253,0.2731869938740136,-0.38245311870696275,0.33441241187075743,0.20977501382806601,-0.0009199456528448668,-0.0014092851278208474,-0.0008729562149469294,-0.0014853984992965474,0.21016867400947792,-0.9775759348691089,173.33496907607562,86.1477105947682,86.49081866201104,42.988244217664686,86.8439802592603,43.160398461354305,86.66739946063566,43.074321339509495,0.0001701548042944978,-0.0009320842507918314,-8.073288144084547,-55.47847779316071,-55.274686152173764,-0.0007575626340968452,-0.03525964631315924,0.0017863908506967618
1.1432,0.2715348153784715,-0.3867293033687826,-0.06333329348086636,-0.5924769097593344,-0.06328675162543652,-0.5925535687824596,0.27333785293220586,-0.3838395783787568,0.3357463567084901,0.20723079839712727,-0.0009247897045820963,-0.0014065329834502815,-0.0008782478491522472,-0.0014831920065754567,0.20912631160218725,-0.9777996801446667,174.3843464306234,85.6011671938071,87.01454521726761,42.71574798734015,87.36964121830391,42.88635872316165,87.19209321778575,42.8010533552509,0.00015999505188801777,-0.0009395166947001599,-8.07794461246827,-55.47665896102926,-55.2707135665989,-0.0007556135056406062,-0.03522816774663244,0.001959034971434903
1.1440000000000001,0.2716673159351459,-0.38811058732393056,-0.06451365344988573,-0.5913156348734638,-0.06446757635388789,-0.5913928162214468,0.27348047487608634,-0.38522582730479293,0.33706451030750295,0.20468601823309357,-0.000929618018469136,-0.0014037893355773323,-0.000883540922471282,-0.0014809706835602898,0.20808328050372932,-0.978022432861817,175.43135336882685,85.04137716894265,87.5370893084106,42.43664216886906,87.89411441403976,42.60568184913697,87.71560186122518,42.521162009003014,0.00014964637648517964,-0.0009468490633821602,-8.082448897871888,-55.47475406750258,-55.26670904270922,-0.0007534324872837829,-0.03519712273018134,0.0021327855644415195
1.1448,0.271791622772548,-0.38949161328343096,-0.0656864738998923,-0.5901536324552284,-0.06564087827421969,-0.5902313125017767,0.2736148890375353,-0.38661182446657905,0.3383669319920976,0.2021407536034976,-0.0009344309453299671,-0.001401054385151812,-0.0008888353196573329,-0.0014787344317001017,0.20703957981798565,-0.9782441913535076,176.47577309732185,84.46830098028708,88.0583427806958,42.150907030000205,88.41729120748589,42.31834802698069,88.23781699409085,42.23462752849045,0.00013910914015013986,-0.000954076693815864,-8.086801742054831,-55.47276227221819,-55.26267304121221,-0.0007510229431731527,-0.035166505988545066,0.002307635014204834
1.1456,0.27190776504566144,-0.39087234073847915,-0.06685178522858586,-0.5889909415236321,-0.0668066873116291,-0.5890690963546491,0.27374112480696655,-0.3879975292561354,0.3396536811964215,0.19959508394183328,-0.0009392288391309456,-0.0013983283256633339,-0.0008941309221741633,-0.0014764831566803915,0.20599520865620652,-0.9784649539364478,177.51738634981223,83.88190324762779,88.57819624554212,41.85852491315694,88.93906172044342,42.02433952935609,88.75862898299278,41.94143222125652,0.00012838382667723636,-0.0009611948852494834,-8.091003900599397,-55.47068274769877,-55.25860601488845,-0.0007483883052661094,-0.035136312326984914,0.00248357526410814
1.1464,0.2720157719646667,-0.39225272958476093,-0.06800961788428399,-0.5878276006696926,-0.06796503343582173,-0.5879062060951085,0.2738592116298182,-0.3893829014731655,0.3409248174572953,0.19704908785343736,-0.0009440120568068866,-0.0013956113430898254,-0.0008994276083446051,-0.0014742167685056207,0.20495016613718958,-0.9786847189113638,178.55597147118377,83.28215285358334,89.0965391224679,41.55948028689938,89.4593148776718,41.72364076558587,89.27792700006985,41.64156052624263,0.00011747104406367725,-0.0009681989019156845,-8.095056142608371,-55.468514679793905,-55.25450840820654,-0.0007455320711337106,-0.035106536632259266,0.00266059782674688
1.1472,0.27211567279152604,-0.39363274011967175,-0.0691600023622227,-0.58666364805953,-0.06911594665755957,-0.5867426796251572,0.273969179003105,-0.3907679013222275,0.34218040040720665,0.194502843121394,-0.0009487809581210649,-0.0013929036159084918,-0.0009047252534579164,-0.0014719351815357662,0.2039044513874244,-0.9789034845632931,179.59130450578013,82.66902304531064,89.61325968310999,41.25375979666668,89.97793845114344,41.4162383326209,89.79559906712672,41.33499906464379,0.00010637152669801253,-0.0009750839769395725,-8.098959250399835,-55.46625726776783,-55.25038065723878,-0.0007424578014956129,-0.03507717387242894,0.0028386937924551603
1.1480000000000001,0.2722074968366237,-0.3950123330394991,-0.07030296920087097,-0.5854991214374357,-0.0702594570252686,-0.5855785544368873,0.2740710564720321,-0.39215248940989583,0.3434204897673977,0.19195642671246402,-0.0009535359055053982,-0.0013902053150758042,-0.000910023729903009,-0.0014696383145274827,0.20285806354125813,-0.9791212491618589,180.6231592898187,82.04249153457884,90.12824509730481,40.941352314706016,90.49481910637547,41.102121065188506,90.31153210184014,41.02173668994726,9.50861384012569e-05,-0.0009818453156782425,-8.102714019200617,-55.46390972458744,-55.24622318948435,-0.0007391691178948387,-0.0350482190969851,0.0030178538403333732
1.1488,0.27229127345545423,-0.39639146943663744,-0.0714385489783221,-0.584334058128929,-0.0713955946217193,-0.5844138676156174,0.274164873626664,-0.3935366267419226,0.3446451453410798,0.18940991478299324,-0.0009582772639062653,-0.0013875166040132059,-0.0009153229073034785,-0.0014673260907016317,0.20181100174103841,-0.9793380109615533,181.65130754795825,81.40254059602894,90.64138148123914,40.622248989094686,91.00984245084516,40.78128008503367,90.82561196604215,40.70176453706418,8.361587396166215e-05,-0.0009884780994156017,-8.10632125683841,-55.461471277179974,-55.24203642356931,-0.0007356697003358942,-0.03501966743755136,0.003198068247257879
1.1496,0.27236703204537327,-0.39777011079676083,-0.07256677230874405,-0.5831684950438156,-0.07252438956074994,-0.5832486558430348,0.274250660098645,-0.39492027472039304,0.34585442700675617,0.18686338268484826,-0.0009630054006329047,-0.0013848376385743322,-0.0009206226526388417,-0.0014649984377934633,0.20076326513726217,-0.9795537682020021,182.67551899398936,80.74915716345829,91.15255394765894,40.29644329177824,91.52289308446811,40.45370884916922,91.33772351606353,40.375076070473725,7.196186228952683e-05,-0.0009949774891566676,-8.109781783432581,-55.45894116677143,-55.2378207690529,-0.0007319632850704403,-0.034991514108141566,0.0033793268962369893
1.1504,0.27243480204240683,-0.3991482189960399,-0.0736876698389309,-0.58200246867933,-0.07364587198408716,-0.5820829554002872,0.2743284455579864,-0.39630339514088875,0.3470483947117057,0.1843169049713443,-0.0009677206852116427,-0.0013821685670969974,-0.0009259228303679368,-0.001462655288054171,0.1997148528886876,-0.9797685191082729,183.69556143565077,80.08233292395342,91.66164665814058,39.963931065540606,92.03385465214261,40.11940319704253,91.8477506551416,40.04166713129157,6.012536758248643e-05,-0.0010013386297202942,-8.113096431083141,-55.456318648858485,-55.23357662642973,-0.0007280536620936417,-0.034963754404611136,0.0035616192883480835
1.1512,0.27249461291810945,-0.4005257562983152,-0.07480127224486088,-0.5808360151231673,-0.0747600720581952,-0.5809168021711416,0.274398259709898,-0.3976859501896419,0.34822710846553173,0.18177055540317588,-0.0009724234892271311,-0.0013795095303494875,-0.0009312233025614292,-0.0014602965783238053,0.1986657641624757,-0.979982261891133,184.7112008835075,79.40206440967556,92.16854287738136,39.62471056979747,92.54260989833425,39.778361396531515,92.35557638785781,39.70153598316449,4.8107791883467144e-05,-0.0010075566534197833,-8.116266043559774,-55.45360299367657,-55.22930438679823,-0.0007239446730050645,-0.03493638370553656,0.003744934550269363
1.152,0.2725464941764741,-0.4019026853522945,-0.07590761022833875,-0.5796691700565803,-0.07586701997119841,-0.579750231645108,0.27446013229168376,-0.3990679024406839,0.3493906283338475,0.17922440695435488,-0.000977114186175021,-0.001376860661541468,-0.0009365239290346494,-0.0014579222500691602,0.19761599813431036,-0.9801949947473334,185.7222016638754,78.70835308713819,92.67312502951194,39.27878252514289,93.04904072368683,39.43058418868025,92.86108287659938,39.354683356911565,3.5910676643879924e-05,-0.0010136266849372078,-8.11929147598965,-55.450793486369776,-55.22500443167222,-0.0007196402086940572,-0.03490939747243961,0.003929261444142185
1.1528,0.2725904753509063,-0.4032789691887407,-0.07700671451372883,-0.5785019687575061,-0.07696674592986873,-0.5785832789205504,0.2745140930696835,-0.40044921485300927,0.3505390144320937,0.17667853181815327,-0.0009817931513186329,-0.0013742220863435517,-0.0009418245674585601,-0.0014555322493878253,0.19656555398849612,-0.9804067158599032,186.72832653574906,78.00120544379553,93.17527475640927,38.926150156556055,93.55302824363503,39.07607483108424,93.36415150002215,39.001112493820145,2.3535704769983568e-05,-0.0010195438447624383,-8.122173594544261,-55.44788942712242,-55.220677132988605,-0.0007151442069740242,-0.03488279124932306,0.00411458837706391
1.1536,0.27262658600123746,-0.4046545712176637,-0.07809861584467967,-0.5773344461035923,-0.07805928015667361,-0.5774159787077996,0.27456017183627535,-0.4018298507677256,0.35167232691943306,0.1741330014130013,-0.000986460761521979,-0.0013715939228653995,-0.0009471250735159087,-0.00145312652707269,0.19551443091807977,-0.9806174233983905,187.729336811667,77.28063307173018,93.67487297796626,38.56681923515988,94.05445284899898,38.71483913982471,93.86466291348262,38.6408291874923,1.098470175975308e-05,-0.001025303254422738,-8.124913276127012,-55.444890131544646,-55.2163228527316,-0.0007104606506381535,-0.034856560663674416,0.004300903411461832
1.1544,0.27265485571080567,-0.4060294552255172,-0.07918334498101388,-0.5761666365753751,-0.07914465288686028,-0.576248365332293,0.2745983984069257,-0.40320977390521506,0.35279062599280275,0.17158788638846795,-0.000991117395136798,-0.0013689762816921358,-0.0009524253009832173,-0.001450705038609973,0.1944626281249286,-0.9808271155192001,188.7249924824553,76.54665274832665,94.171799954307,38.200798118476825,94.55319426851082,38.346885529890365,94.36249711140891,38.27384182418359,-1.740362534974338e-06,-0.0010309000405328561,-8.127511408058833,-55.44179493066105,-55.21194194303309,-0.0007055935647571307,-0.034830701425649466,0.004488194271004886
1.1552,0.27267531408357104,-0.4074035853723742,-0.0802609326955483,-0.5749985742593096,-0.0802228943656349,-0.5750804727376636,0.27462880261729633,-0.40458894836228354,0.3538939718810253,0.1690432566311577,-0.000995763431819341,-0.0013663692658683058,-0.0009577251019059485,-0.0014482677442223535,0.1934101448198421,-0.9810357903658155,189.71505234577842,75.7992865136657,94.66593534988975,37.82809778905227,95.04913163326111,37.972225053953,94.85753349157542,37.90016142150263,-1.4637372430570394e-05,-0.0010363293395556639,-8.129968887765594,-55.43860317133798,-55.20753474582327,-0.0007005470149113747,-0.03480520932899088,0.00467644835430292
1.156,0.2726879907412963,-0.4087769261891458,-0.08133140977108058,-0.5738302928508814,-0.08129403484537326,-0.5739123344888494,0.27465141432039736,-0.4059673386093314,0.3549824248390737,0.16649918127062682,-0.0010003992524041938,-0.0013637729709232438,-0.000963024326696843,-0.001445814608891205,0.1923569802226199,-0.9812434460691041,190.6992741384307,75.03856174452073,95.15715829948499,37.44873189137992,95.5421435430116,37.59087143944343,95.3496509212483,37.51980166541168,-2.7704065900024943e-05,-0.0010415863026196348,-8.132286622464488,-55.43531421637564,-55.20310159277284,-0.0006953251047964226,-0.0347800802508606,0.0048656527406478745
1.1568,0.2726929153207737,-0.4101494425747604,-0.08239480699738844,-0.5726618256577212,-0.08235810458288574,-0.5727439837751958,0.2746662633837999,-0.407344909487514,0.3560560451424239,0.16395572868532127,-0.0010050252387644454,-0.0013611874848858951,-0.0009683228242617359,-0.0014433456023604796,0.19130313356214973,-0.9814500807475957,191.67741467225403,74.264511224765,95.64534747596106,37.062716767040826,96.03210813432628,37.20284112382443,95.83872780514366,37.13277894543263,-4.0938033293969056e-05,-0.001046666100251059,-8.134465528850884,-55.43192744469331,-55.198642805230975,-0.0006899319740038519,-0.03475531015163452,0.005055794200330865
1.1576,0.27269011747109956,-0.41152109979336493,-0.08345115516826457,-0.5714932056026514,-0.08341513383675452,-0.5715754534135556,0.2746733796868899,-0.4087216262059019,0.35711489308150424,0.1614129665084701,-0.0010096417736501773,-0.0013586128882793758,-0.0009736204421401384,-0.0014408606991836437,0.19024860407648517,-0.981655692507737,192.64922997360424,73.47717321198986,96.13038115983551,36.67007148795008,96.51890315048493,36.80815328796723,96.32464215516022,36.739112387958656,-5.4336716203806645e-05,-0.0010515639274473187,-8.136506532786182,-55.428442251672394,-55.19415869393651,-0.00068437179604139,-0.03473089507566645,0.005246859203168697
1.1584,0.2726796268509952,-0.412891863471538,-0.08450048507867212,-0.5703244652268323,-0.08446515286472708,-0.5704067758513539,0.2746727931181788,-0.41009745433865663,0.35815902895628665,0.15887096163399583,-0.0010142492405643133,-0.0013560492541799252,-0.000978917026619286,-0.0014383598787014729,0.1891933910128874,-0.9818602794441905,193.61447542626294,72.67659150019372,96.61213731055352,36.270817887648384,97.00240601311677,36.40682988755367,96.80727166183514,36.33882388760102,-6.789740734802763e-05,-0.001056275008323837,-8.13841056898535,-55.42485804912783,-55.18964955908385,-0.000678648776028039,-0.03470683115060846,0.005438833928792519
1.1592,0.27266147312618894,-0.414261699595486,-0.085542827521882,-0.5691556366928041,-0.08550819192113733,-0.5692379831696956,0.2746645335726623,-0.4114723598221993,0.3591885130709353,0.15632978022240723,-0.0010188480236090203,-0.0013534966481975608,-0.000984212422864339,-0.001435843125089098,0.18813749362791596,-0.9820638396400925,194.57290591765505,71.86281547833812,97.09049363940868,35.86498059052748,97.48249389549613,35.99889568241245,97.28649376745241,35.93193813646997,-8.161724977640006e-05,-0.0010607946018126313,-8.140178580706262,-55.42117426570052,-55.18511569005022,-0.0006727671486553934,-0.034683114588096586,0.0056317042737532574
1.16,0.27263568596683274,-0.4156305745082588,-0.08657821328672703,-0.5679867517875811,-0.08654428125441652,-0.5680691070864002,0.2746486309492241,-0.4128463089523947,0.3602034057286002,0.1537894877066639,-0.0010234385073509267,-0.0013509551285224575,-0.0009895064750404248,-0.0014333104273416275,0.18708091118745662,-0.9822663711673174,195.52427598828513,71.0359001846171,97.56532768407516,35.45258703892249,97.95904379744698,35.584378263700906,97.76218574076107,35.5184826513117,-9.549323701207868e-05,-0.0010651180062950516,-8.141811519439292,-55.417390346928606,-55.180557365393796,-0.0006667311761943069,-0.03465974168339375,0.0058254558617818475
1.1608,0.27260229504497374,-0.4169984549069695,-0.08760667315488208,-0.566817841925758,-0.08757345110463485,-0.5669001789590951,0.2746251151480938,-0.41421926838172873,0.3612037672262922,0.1512501487980774,-0.0010280210766836217,-0.0013484247459518706,-0.000994799026436427,-0.0014307617792889138,0.18602364296677532,-0.9824678720867757,196.46833998422164,70.19590635628767,98.03651688465837,35.03366751798819,98.43193262177604,35.1633080788644,98.2342247532172,35.09848779842629,-0.00010952221276738783,-0.0010692405649166403,-8.143310344598,-55.41350575541513,-55.17597485271963,-0.0006605451461794675,-0.0346367088155198,0.006020074052031532
1.1616,0.2725613300320719,-0.41836530784000264,-0.0886282378981762,-0.5656489381525407,-0.08859573170109052,-0.5657312297882584,0.2745940160683479,-0.4155912051164978,0.36218965784984325,0.1487118274921493,-0.0010325961166808284,-0.0013459055438936052,-0.0010000899195951596,-0.0014281971796112902,0.18496568825057652,-0.9826683404486498,197.40485221250927,69.34290047486017,98.5039386612057,34.608255178261466,98.90103725217426,34.735718454269886,98.70248795668998,34.67198681626567,-0.00012370087068802604,-0.0010731576711719981,-8.144676023211836,-55.409519971127295,-55.17136840851733,-0.0006542133696099541,-0.0346140124475365,0.006215543947831748
1.1624,0.2725128205965609,-0.4197311007042601,-0.08964293827603476,-0.5644800711468663,-0.08961115325997908,-0.5645622902202541,0.27455536360546,-0.41696208651400624,0.3631611378690174,0.146174587074427,-0.0010371640124773873,-0.001343397558433046,-0.0010053789964217241,-0.0014256166318208363,0.18390704633300353,-0.9828677742926933,198.33356709936993,68.47695480653938,98.96747049261407,34.1763860558566,99.36623463251156,34.30164561545658,99.16685256256281,34.23901583565659,-0.00013802575568888642,-0.001076864773793318,-8.145909529618908,-55.40543249135724,-55.166738278195304,-0.0006477401787013677,-0.03459164912604934,0.006411850405243058
1.1632,0.2724567964014616,-0.4210958012423692,-0.09065080503286865,-0.5633112712244253,-0.09061974598208235,-0.5633933905503824,0.27450918764889737,-0.4183318802797594,0.36411826753265497,0.1436384901263395,-0.0010417251491110502,-0.0013409008183263293,-0.0010106660983247306,-0.0014230201442834711,0.18284771651770398,-0.9830661716484681,199.25423935099408,67.59814743772407,99.42698999682304,33.73809909019477,99.82740184743443,33.8611287049117,99.62719592212873,33.799613897553236,-0.0001524932633856224,-0.001080357382406305,-8.147011845161673,-55.40124283111233,-55.16208469584746,-0.0006411299250613595,-0.034569615481778254,0.006608978042351055
1.164,0.27239328710203287,-0.4224593775399413,-0.0916518688956081,-0.5621425683407373,-0.09162154005053214,-0.5622245607258777,0.2744555180797631,-0.41970055446467774,0.3650611070639681,0.14110359853099794,-0.001046279911403103,-0.0013384153450615444,-0.0010159510663271254,-0.0014204077302019669,0.18178769811782786,-0.9832635305356169,200.16662411680565,66.70656230543716,99.88237501224897,33.29343613920659,100.28441620419851,33.41420979730337,100.08339560822374,33.35382296825498,-0.00016709964182837211,-0.0010836310728024046,-8.147983957883369,-55.39695052311469,-55.15740788425944,-0.0006343869776674843,-0.03454790822918158,0.006806911247537073
1.1648,0.27232232234347536,-0.4238217980228082,-0.09264616057124594,-0.5609739920942313,-0.09261656562860514,-0.5610558303489442,0.27439438476848327,-0.4210680774623066,0.36598971665590485,0.1385699734790303,-0.001050828683824362,-0.0013359411528942877,-0.0010212337411835692,-0.0014177794076072892,0.18072699045605378,-0.9834598489641452,201.07047715497964,65.80228922255867,100.33350368034155,32.84244199194218,100.7371553156297,32.960933912108906,100.53532949798563,32.90168795202554,-0.0001818409916154451,-0.00108668149240998,-8.14882686222638,-55.39255511795734,-55.15270805485506,-0.0006275157207245289,-0.03452652416631526,0.0070056341881183926
1.1656,0.27224393175866773,-0.42518303145426734,-0.09363371074441508,-0.5598055717292364,-0.09360485285757253,-0.5598872286797625,0.2743258175725398,-0.4224344180060312,0.3669041564665976,0.13603767547435014,-0.0010553718503573117,-0.0013334782488550467,-0.0010265139635147746,-0.0014151351993811068,0.17966559286460998,-0.9836551249346488,201.9655550000531,64.88542389768813,100.7802545291817,32.385164378500946,101.18549718413934,32.501349023552876,100.98287585666051,32.44325670102691,-0.00019671326793968547,-0.001089504365694438,-8.149541558733194,-55.388056184391694,-55.147985407461036,-0.0006205205519838168,-0.03450546017544929,0.007205130818135785
1.1664,0.27215814496596535,-0.42654304693235284,-0.09461455007507016,-0.5586373361390813,-0.09458643185461753,-0.5587187846394467,0.27424984633424554,-0.4237995451663185,0.36780448661494924,0.13350676433992828,-0.0010599097943664038,-0.0013310266328344367,-0.0010317915739137817,-0.0014124751331998642,0.1786035046852616,-0.9838493564385997,202.85161513245,63.956067949549535,101.22250655804281,31.921653977244677,101.62932028668835,32.03550606780434,101.42591342236558,31.97858002252451,-0.0002117122811569061,-0.0010920954994873,-8.150129053748316,-55.38345330928247,-55.14324013046252,-0.0006134058806140945,-0.034484713222100255,0.007405384888699018
1.1672,0.2720649915670196,-0.42790181388709847,-0.09558870919615939,-0.55746931386907,-0.09556133271075844,-0.5575505268130618,0.274166500878567,-0.42516342834793786,0.36869076717625215,0.13097729922354773,-0.0010644428984741827,-0.0013285862975843665,-0.0010370664130732454,-0.0014097992415762484,0.17754072526933437,-0.984042541458584,203.72841614967845,63.01432891578994,101.66013932277795,31.451964419206774,102.06850366059962,31.56345894737168,101.86432149168878,31.507711683289227,-0.00022683369911646878,-0.001094450788514223,-8.15059035912361,-55.37874609788797,-55.13847240049805,-0.000606176125434096,-0.034464280355931555,0.007606379953585929
1.168,0.27196450114465937,-0.4292593020778054,-0.0965562187114005,-0.5563015331195552,-0.09652958548886977,-0.5563824834525543,0.2740758110109868,-0.42652603728721583,0.3695630581779582,0.12844933860354413,-0.001068971544429087,-0.001326157228795255,-0.0010423383218983728,-0.0014071075617942963,0.17647725397768796,-0.9842346779685653,204.59571793904675,62.060320256084196,102.09303302197463,30.9761522896705,102.50292699012097,31.085264532634582,102.2979800060478,31.030708411152542,-0.00024207304883816505,-0.001096566220887496,-8.150926491924677,-55.37393417386744,-55.13368238261692,-0.0005988357129850494,-0.03444415870979377,0.007808099380667954
1.1688,0.2718567032608,-0.4306154815903358,-0.09751710919306424,-0.5551340217489268,-0.09749122022170803,-0.5552146824797298,0.27397780651540915,-0.42788734204928786,0.3704214195954907,0.12592294029451648,-0.0010734961129826581,-0.0013237394051224538,-0.0010476071416264665,-0.0014044001359254932,0.17541309018071846,-0.9844257639341402,205.45328185164027,61.09416134941417,102.52106858373199,30.49427712683419,102.93247069362651,30.600982660463156,102.72676963867926,30.547629893648676,-0.0002574257182459405,-0.0010984378831793151,-8.151138474140723,-55.369017179467576,-55.12887023008463,-0.0005913890756350347,-0.034424345500198066,0.008010526358162906
1.1696,0.2717416274544048,-0.4319703228343938,-0.09847141117980156,-0.5539668072766063,-0.09844626691000179,-0.5540471514891917,0.27387251715210664,-0.4292473130253529,0.3712659113481574,0.12339816145302562,-0.001078016983750818,-0.0013213327982277145,-0.0010528727139510474,-0.001401677010813146,0.17434823325835402,-0.9846157973127723,206.3008708773627,60.115977485446905,102.9441277529724,30.00640141753675,103.35701601134923,30.110676129876246,103.15057188216082,30.0585387737065,-0.00027288695892480064,-0.0011000619660919142,-8.151227332396656,-55.36399477570473,-55.124036084295334,-0.0005838406498675755,-0.03440483802732972,0.008213643903502543
1.1703999999999999,0.2716193032394781,-0.4333237965408346,-0.0994191551745864,-0.5527999168860854,-0.0993947555205954,-0.5528799177512465,0.2737599726557116,-0.43060592092995215,0.37209659329518574,0.12087505858327255,-0.0010825345351122562,-0.0013189373728607345,-0.0010581348811212754,-0.0013989382380217297,0.17328268260000396,-0.9848047760540594,207.13824982082684,59.125899849926064,103.36209317918164,29.512590589998048,103.77644509353343,29.614410694697394,103.56926913635753,29.56350064234772,-0.00028845188822401724,-0.0011014347693745208,-8.151194097667103,-55.358866642275146,-55.11918007488887,-0.0005761948743600217,-0.034385633674299726,0.008417434872058038
1.1712,0.27148976010310844,-0.4346758737589686,-0.10036037164260184,-0.5516333774278591,-0.10033671598461122,-0.5517130082148503,0.27364020273324635,-0.4319631367982462,0.3729135252317839,0.1183536875427473,-0.0010870491440642671,-0.0013165530868655961,-0.0010633934860736771,-0.00139618387385676,0.17221643760457087,-0.984992698099962,207.9651854778232,58.12406550397811,103.77484850443054,29.0129130035203,104.19064108888546,29.112255053165324,103.982744796658,29.062584028342812,-0.00030411549278142047,-0.0011025527075148034,-8.15103980499449,-55.35363247790369,-55.11430231948468,-0.000568456188280882,-0.03436672990790105,0.008621881964046452
1.172,0.2713530275035442,-0.43602652585388113,-0.10129509100926559,-0.5504672154224572,-0.10127217819568078,-0.5505464495104706,0.2735132370621918,-0.433318931983307,0.37371676688534117,0.11583410354786985,-0.0010915611861162244,-0.0013141798912803815,-0.0010686483725314277,-0.0013934139792937394,0.1711494976803948,-0.985179561385058,208.7814468121765,57.11061735729797,104.18227845160001,28.50743993514206,104.59948823320701,28.60428083447041,104.39088334240351,28.555860384806234,-0.0003198726305129185,-0.0011034123144995078,-8.150765493208743,-55.3482920002089,-55.109402923865034,-0.0005606290294782116,-0.03434812427754378,0.008826967734421487
1.1728,0.2712091348683056,-0.43737572450376566,-0.10222334365824828,-0.5493014570633699,-0.102201172008213,-0.5493802679529985,0.2733791052885997,-0.4346732781534155,0.3745063779116833,0.11331636117959365,-0.0010960710351646807,-0.0013118177303607648,-0.0010738993851293899,-0.0013906286199894258,0.170081862245222,-0.9853653638367748,209.58680513271528,56.08570413512855,104.58426891265515,27.996245563190975,105.0028719380948,28.090562582186614,104.79357042537498,28.043404072688794,-0.00033571803467680184,-0.0011040102490369463,-8.150372204650653,-55.34284494593152,-55.10448198174831,-0.0005527178328020825,-0.03432981441592334,0.00903267459952417
1.1736,0.2710581115923518,-0.43872344169725597,-0.10314515992953636,-0.5481361282200214,-0.10312372723568931,-0.5482144895446136,0.2732378370252418,-0.43602614728937084,0.37528241789140965,0.11080051438900412,-0.001100579063368523,-0.0013094665416464868,-0.0010791463695214443,-0.0013878278662386445,0.16901353072618397,-0.9855501033756309,210.38103427011606,55.049480339008824,104.98070703686315,27.479406947732002,105.40067887956971,27.571177734576292,105.19069295821643,27.52529234115415,-0.00035164631680117964,-0.0011043432994739533,-8.149860984898163,-55.337291070998866,-55.099539574823034,-0.0005447270283345043,-0.03431179803853665,0.009238984845751474
1.1743999999999999,0.2708999870362658,-0.44006964973077645,-0.10406057011758355,-0.546971254440715,-0.1040398736490263,-0.5470491399776294,0.2730894618497975,-0.4373775116818191,0.37604494632633656,0.10828661650287444,-0.0011050856410444732,-0.0013071262560215013,-0.0010843891724872101,-0.0013850117929358474,0.1679445025597267,-0.9857337779154699,211.16391075339018,54.00210620124229,105.37148131883333,26.957004007882652,105.79279708652734,27.046206601748537,105.58213920268034,27.001605304815595,-0.00036765197049248854,-0.001104408388897582,-8.149232882495403,-55.331630150552556,-55.09457577275701,-0.0005366610397601795,-0.03429407294339682,0.00944588063748597
1.1752,0.2707347905244868,-0.44141432120590884,-0.10496960446945187,-0.5458068609555575,-0.10494964097495614,-0.5458842446373501,0.27293400930308026,-0.43872734392857743,0.3767940226359875,0.10577472022921067,-0.001109591136544602,-0.0013047967977694308,-0.0010896276420488682,-0.001382180479561984,0.16687477719157953,-0.985916385363697,211.9352139857255,52.9437476330669,105.75648168623368,26.429119495984725,106.17911602886741,26.515732339661902,105.96779885755055,26.472425917823315,-0.00038372937558506237,-0.0011042025797323163,-8.148488948685547,-55.32586197905721,-55.089590633069676,-0.00052852428263603,-0.03427663701124747,0.009653344024485477
1.176,0.27056255134358953,-0.44275742902674925,-0.10587229318302982,-0.5446429726793979,-0.10585305889446824,-0.5447198286048711,0.27277150888730595,-0.4400756169319766,0.3775297061541968,0.10326487766277159,-0.0011140959161390074,-0.001302478084649672,-0.0010948616275774092,-0.00137933401012294,0.16580435407669872,-0.9860979236214974,212.6947264194632,51.874576166519184,106.13559958708106,25.895838968633964,106.55952670518383,25.979840920963394,106.34756314613244,25.93783994479868,-0.00039987280169384576,-0.0011037230781738572,-8.147630237146243,-55.3199863703169,-55.084584201217446,-0.0005203211628594192,-0.03425948820491923,0.009861356951347489
1.1768,0.27038329874057704,-0.44409894639730263,-0.10676866640529055,-0.5434796142147148,-0.10675015704127055,-0.5435559166599147,0.2726019900643878,-0.44142230389622394,0.37825205612576296,0.10075714029055144,-0.0011186003439153658,-0.001300170027939418,-0.001100090979895385,-0.0013764724731392675,0.16473323267920187,-0.986278390584078,213.44223372992127,50.794768889975764,106.50872807645358,25.357250754551306,106.93392172988075,25.438621102663678,106.72132490316716,25.39793592860749,-0.0004160764130460848,-0.0011029672392197654,-8.146657803729093,-55.31400315757195,-55.07955651048288,-0.0005120560749416021,-0.03424262456952875,0.010069901262994563
1.1776,0.2701970619212314,-0.44543884681886686,-0.10765875423056744,-0.5423168098545337,-0.10764096500031167,-0.5423925332836024,0.27242548225427987,-0.44276737832475777,0.3789611317031952,0.09825155899725574,-0.0011231047816521178,-0.0012978725325201723,-0.0011053155513963686,-0.001373595961588897,0.16366141247231608,-0.9864577841408804,214.17752498782147,49.70450837740512,106.87576190250898,24.813445919321456,107.3021954195851,24.89216439065427,107.08897866104704,24.852805154987863,-0.0004323342726024748,-0.001101932570605868,-8.14557270620211,-55.30791219351457,-55.07450758198742,-0.0005037334004991588,-0.034226044232131526,0.010278958715105091
1.1784,0.27000387004849086,-0.44677710408743604,-0.10854258669890982,-0.5411545835852984,-0.10852551230632233,-0.5412297026612441,0.27224201483334765,-0.44411081401763286,0.3796569919435353,0.09574818407073682,-0.0011276095887221282,-0.0012955854969287084,-0.00111053519613466,-0.0013707045728744427,0.16258889293830317,-0.9866361021758058,214.90039283005552,48.60398261133473,107.23659759167666,24.264518226992127,107.66424387872573,24.340565001079842,107.45042073520119,24.302541614035984,-0.0004486403468604294,-0.0011006167372400455,-8.14437600399577,-55.30171335034508,-55.06943742469234,-0.0004953575066712023,-0.03420974540144753,0.01048851097965553
1.1792,0.2698037522408628,-0.44811369229111986,-0.10942019379444119,-0.5399929590897424,-0.10940382844240634,-0.5400674486851048,0.27205161713278164,-0.4454525850689052,0.38033969580524596,0.09324706520741108,-0.0011321151219768344,-0.001293308813426125,-0.001115749769942026,-0.0013677984087885064,0.16151567356839847,-0.9868133425674361,215.61063362852096,47.49338489957797,107.59113353288504,23.710564098562458,108.01996508414697,23.783919818580525,107.805549308516,23.747241958571493,-0.0004649885110552532,-0.0010990175650178458,-8.143068757952785,-55.29540651982625,-55.064346035317314,-0.0004869327445472274,-0.034193726367917905,0.010698539653304806
1.18,0.2695967375708677,-0.4494485858075701,-0.11029160544379854,-0.5388319597497715,-0.11027594283867187,-0.5389057949571223,0.27185431843703917,-0.4467926658640352,0.38100930214518863,0.09074825151764426,-0.0011366217356490738,-0.0012910423680920213,-0.0011209591305224031,-0.0013648775754428466,0.16044175386271825,-0.9869895031892495,216.3080476567801,46.37291378576629,107.93927006070868,23.151682567382775,108.36925896862519,23.22232835142853,108.15426451466693,23.187005459405654,-0.00048137255376445864,-0.0010971330450146866,-8.141652030081161,-55.28899161318406,-55.05923339845705,-0.00047846344767503587,-0.03417798550296987,0.010909026266233468
1.1808,0.2693828550635296,-0.4507817593014144,-0.11115685151455665,-0.5376716086492654,-0.11114188487088751,-0.537744764791661,0.27165014798232706,-0.44813103107729957,0.3816658697156504,0.08825179153110624,-0.001141129781233291,-0.0012887860408596352,-0.0011261631375641679,-0.0013619421832551937,0.15936713333020625,-0.9871645819098203,216.99243925425984,45.2427729537411,108.28090953728352,22.58797523148709,108.71202750315878,22.655892683591052,108.49646852022116,22.62193395753907,-0.0004977861824784213,-0.0010949613370385691,-8.14012688331151,-55.28246856131201,-55.05409948641555,-0.0004699539306429498,-0.03416252125940161,0.011119952288225932
1.1816,0.2691621336948851,-0.45211318772171233,-0.11201596181376207,-0.5365119285769568,-0.11200168385918793,-0.5365843812182197,0.2714391349551114,-0.44946765566921865,0.38230945716147324,0.08575773320212282,-0.0011456396074002173,-0.0012865397056154304,-0.0011313616528260684,-0.0013589923468782794,0.15829181148852328,-0.9873385765930538,217.6636169877571,44.10317112589967,108.61595643288595,22.019546202912526,109.04817477790023,22.084717423760175,108.8320656053931,22.052131813336352,-0.0005142230290857697,-0.0010925007730335778,-8.138494381257262,-55.275837314618656,-55.04894425933529,-0.0004614084874421791,-0.03414733217062509,0.011331299136600137
1.1824,0.26893460239053707,-0.45344284629941906,-0.11286896608643536,-0.5353529420292069,-0.1128553690668055,-0.5354246669841088,0.2712213084906694,-0.4508025148839974,0.3829401230172237,0.08326612391494967,-0.0011501515598811018,-0.0012843032302598811,-0.0011365545402512167,-0.001356028185161784,0.1572157878639828,-0.9875114850983661,218.32139380997296,42.95432195553453,108.94431740502507,21.44650205402151,109.37760708160312,21.50890965137346,109.16096224331409,21.477705852697486,-0.0005306766552166664,-0.0010897498604407474,-8.136755587979598,-55.26909784312748,-55.043767665105705,-0.0004528313902159354,-0.034132416850740255,0.011543048184165627
1.1832,0.26870029002423335,-0.454770710544855,-0.11371589401416884,-0.534194671212847,-0.11370296969884684,-0.5342656445571368,0.27099669767166784,-0.45213558424697026,0.38355792570445846,0.08077701048907929,-0.0011546659813782556,-0.0012820764767974835,-0.0011417416660562674,-0.0013530498210872488,0.15613906199144276,-0.9876833052809045,218.9655872148329,41.79644391332592,109.2659013759374,20.868951760907322,109.70023297945377,20.928578859703954,109.48306717769559,20.898765310305638,-0.000547140558268211,-0.0010867072853528725,-8.134911567755315,-55.262250136381695,-55.03856963944364,-0.0004442268877279435,-0.03411777399397245,0.01175518076689741
1.184,0.2684592254164871,-0.456096756245202,-0.11455677521371954,-0.5330371380479366,-0.11454451490109355,-0.5331073361282707,0.2707653315267762,-0.45346683956207073,0.3841629235290382,0.07829043918446729,-0.0011591832114575262,-0.0012798593013986503,-0.0011469228988315594,-0.001350057381732661,0.15506163341422508,-0.98785403499174,219.59601938933525,40.62976016803431,109.58061960834681,20.287006643904245,110.01596338916553,20.343836896045392,109.79829149875617,20.31542176997482,-0.0005636081770887813,-0.0010833719153282573,-8.132963384849269,-55.25529420351855,-55.03335010582003,-0.00043559920402096527,-0.03410340237469841,0.011967678190359265
1.1848,0.2682114373332182,-0.4574209594619956,-0.11539163923565751,-0.5318803641705496,-0.11538003375884694,-0.5319497636142814,0.2705272390293146,-0.45479625690930703,0.3847551746785186,0.0758064557067642,-0.001163703586453485,-0.0012776515544783984,-0.0011520981096428962,-0.0013470509982101697,0.15398350168401415,-0.9880236720780669,220.21251736168395,39.45449846156133,109.88838577937409,19.700780305290486,110.32471165520813,19.7547978990728,110.1065487172911,19.727789102181642,-0.0005800728982592318,-0.0010797428019557742,-8.130912103290328,-55.24823007324059,-55.028108975474844,-0.0004269525370290635,-0.03408930084712086,0.012180521738230254
1.1856,0.2679569544844321,-0.4587432965286516,-0.11622051556307585,-0.5307243709355446,-0.11620955529579727,-0.5307929486603524,0.2702824490959268,-0.4561238126422528,0.385334737219616,0.07332510521249627,-0.0011682274393866598,-0.0012754530807954911,-0.0011572671721080674,-0.0013440308056033023,0.1529046663607429,-0.9881922143834008,220.81491314547046,38.27089097848429,110.18911605247874,19.110388564232046,110.62639362105392,19.161578233435733,110.40775483676633,19.13598339883389,-0.0005965280622035607,-0.001075819183490978,-8.12875878665122,-55.24105779367315,-55.022846147505916,-0.00041829105721979113,-0.03407546834465764,0.012393692678273283
1.1864,0.2676958055229312,-0.4600637440479774,-0.11704343361027834,-0.5295691794192912,-0.11703310847293781,-0.529636912642692,0.27003099058529345,-0.45744948338555214,0.38590166909572043,0.07084643231422677,-0.0011727550998514025,-0.0012732637195121965,-0.0011624299625108414,-0.0013409969429130364,0.15182512701250425,-0.9883596597477562,221.40304387965023,37.0791742102216,110.48272914729921,18.515949389049545,110.92092769932029,18.56429642165861,110.70182842330975,18.540122905354078,-0.0006129669692711559,-0.0010716004865543027,-8.126504497832652,-55.233777432470916,-55.01756150879779,-0.0004096189063704576,-0.03406190387999197,0.012607172271486888
1.1872,0.2674280190430512,-0.4613822788897266,-0.11786042272156184,-0.5284148104224189,-0.11785072218749869,-0.5284816766711293,0.269772892296868,-0.45877324603243547,0.38645602812448987,0.06837048108569307,-0.0011772868939399772,-0.001271083304290349,-0.0011675863598768488,-0.001337949553000789,0.15074488321542934,-0.9885260060078551,221.97675196410145,35.87958881398827,110.76914640729464,17.917582826883418,111.20823493969317,17.9630730734335,110.9886906734939,17.94032795015846,-0.0006293828863590534,-0.0010670863286463828,-8.124150298851085,-55.22638907666951,-55.01225493407587,-0.0004009401961110447,-0.03404860654455653,0.012820941777562211
1.188,0.26715362357943384,-0.46269887818814304,-0.11867151216998957,-0.5272612844725174,-0.11866242527191886,-0.5273272615916716,0.26950818296964923,-0.46009507774225,0.38699787199549573,0.06589729506689801,-0.0011818231441430294,-0.0012689116633693986,-0.0011727362460723645,-0.0013348887825236355,0.14966393455358734,-0.9886912509972909,222.53588519053065,34.672379466694714,111.04829186506413,17.31541093083804,111.48823909451994,17.35803081237614,111.26826547979203,17.336720871607092,-0.0006457690534205085,-0.0010622765194696626,-8.121697250630826,-55.21889283268699,-55.00692628590861,-0.00039225900681143217,-0.03403557550831372,0.01303498246315371
1.1888,0.2668726476058231,-0.4640135193395341,-0.11947673115622831,-0.5261086218268317,-0.11946824649285336,-0.5261736879890597,0.269236891280978,-0.46141495593801063,0.3875272582679413,0.06342691726917332,-0.0011863641692649307,-0.0012667486196477618,-0.0011778795058899894,-0.0013318147818757453,0.1485822806188597,-0.9888553925467181,223.08029686851597,33.45779471397936,111.32009230524221,16.70955768469627,111.76086668196379,16.74929420034547,111.540479493603,16.72942594252087,-0.000662118690030411,-0.001057171062377904,-8.119146412799932,-55.211288826265026,-55.00157541472105,-0.00038357938628734813,-0.03402281001942186,0.013249275608387734
1.1896,0.26658511953389613,-0.46532617999984455,-0.12027610880739793,-0.5249568424749633,-0.12026821455020777,-0.5250209761892947,0.2689590458453682,-0.4627328583039479,0.38804424436843504,0.06095939018023275,-0.0011909102843311314,-0.001264593990782631,-0.001183016027140965,-0.0013287277051139967,0.14749992101082934,-0.9890184284840251,223.6098459464705,32.23608681457163,111.5844773248615,16.100148925305948,112.02604704661078,16.136989659421026,111.80526218573614,16.11856929236349,-0.0006784250017801696,-0.0010517701553496295,-8.116498843490248,-55.20357720237257,-54.99620215883719,-0.0003749053485989253,-0.034010309403812174,0.013463802515303769
1.1904,0.26629106771211614,-0.4666368380822569,-0.12106967417599142,-0.5238059661415329,-0.12106235807619627,-0.5238691462621697,0.2686746752133646,-0.46404876278309226,0.3885488875888342,0.05849475576917673,-0.0011954618005217965,-0.0012624475892639153,-0.001188145700726645,-0.001325627709900773,0.14641685533664653,-0.9891803566345259,224.12439712733624,31.00751158016694,111.84137939108828,15.487312262723705,112.28371241743557,15.521245391635542,112.06254590426192,15.504278827179624,-0.000694681187610513,-0.001046074192306179,-8.113755599141342,-55.19575812511705,-54.99080634451921,-0.00036624087273645227,-0.03399807306479407,0.013678544512714552
1.1912,0.26599052042462445,-0.46794547175479756,-0.121857456238763,-0.5226560122888106,-0.1218507056344432,-0.5227182180237394,0.2683838078704301,-0.46536264757485213,0.3890412450841304,0.05603305549145016,-0.0012000190250626985,-0.0012603092225083046,-0.0011932684207429378,-0.0013225149574370987,0.1453330832109242,-0.9893411748210998,224.62382097880393,29.772328211020827,112.09073389622523,14.871176998225934,112.53379796302443,14.902191296558254,112.31226592962483,14.886684147392094,-0.0007108804457232054,-0.0010400837633603999,-8.110917734308993,-55.18783177773074,-54.98538778592787,-0.0003575899016841831,-0.03398610048295077,0.013893482965130488
1.192,0.2656835058901457,-0.4692520594379554,-0.1226394838957222,-0.5215070001193818,-0.12263328571910365,-0.5215682110388198,0.2680864722358571,-0.4666744911326207,0.3895213738704143,0.0535743302938127,-0.0012045822611649604,-0.001258178692948364,-0.0011983840845463944,-0.0013193896123863402,0.14424860425558847,-0.9895008808643888,225.10799403788909,28.530799127515362,112.3324792099045,14.251874040307573,112.77624184396592,14.279958886862982,112.55436052693521,14.265916463585278,-0.0007270159813401733,-0.001033799655193235,-8.107986301477153,-55.17979836241065,-54.979946285233865,-0.00034895634105309753,-0.03397439121544063,0.01410859927878505
1.1928,0.26537005226093235,-0.4705565798023243,-0.12341578596910725,-0.5203589485787492,-0.12341012675401732,-0.5204191446234289,0.26778269666171467,-0.46798427216138677,0.3899893308228858,0.05111862061923353,-0.0012091518079361263,-0.0012560557981289577,-0.0012034925928461893,-0.0013162518428085912,0.14316341809976124,-0.9896594725829446,225.57679890968527,27.283189797876215,112.56655672837275,13.629535818761006,113.01098526232511,13.654681201966397,112.78877099534893,13.642108510363702,-0.0007430810125867993,-0.001027222851188725,-8.104962350874406,-55.17165810023289,-54.97448163259851,-0.00034034405808303824,-0.033962944895830904,0.014323874909052847
1.1936,0.2650501876217359,-0.4718590117662429,-0.12418639120240807,-0.5192118763579355,-0.12418125709188785,-0.5192710378472407,0.2674725094318156,-0.46929196961536646,0.39044517267392376,0.048665966411783446,-0.0012137279602999762,-0.00125394033078563,-0.0012085938497797544,-0.0013131018200908118,0.14207752437962778,-0.9898169477933927,226.0301243601327,26.02976856231525,112.79291092079379,13.004296196970238,113.23797250811701,13.026492719876348,113.01544171445539,13.015394458423293,-0.0007590687780805183,-0.001020354531334533,-8.10184693029439,-55.16341123110458,-54.96899360621579,-0.00033175688051950356,-0.03395176123367796,0.014539291366816087
1.1944,0.26472393998879357,-0.4731593344934694,-0.12495132825943985,-0.5180658018960803,-0.12494670501349527,-0.5181239095359886,0.2671559387607129,-0.4705975626956492,0.39088895601122076,0.046216407121475206,-0.001218311008931966,-0.0012518320789559334,-0.0012136877629873866,-0.0013099397188642836,0.1409909227382857,-0.9899733043105937,226.46786540266106,24.770806453816817,113.01148937249692,12.376290382530517,113.45715100270763,12.39552926735773,113.23432018760228,12.385909824944124,-0.0007749725434962329,-0.0010131960714296895,-8.098641084920175,-55.15505801354591,-54.96348197239584,-0.000323198595525179,-0.03394084001393808,0.014754830225768956
1.1952,0.26439133730885483,-0.47445752739085156,-0.1257106257233998,-0.5169207433829967,-0.12570649872692902,-0.5169777782738866,0.2668330127927219,-0.471901030847851,0.39132073727595273,0.04376998170909033,-0.0012229012401689388,-0.001249730826055312,-0.0012187742436981508,-0.0013067657169452407,0.13990361282562397,-0.9901285399477929,226.88992337854577,23.506577015835664,113.22224282508675,11.745654836325716,113.66847133906722,11.761927928552414,113.44535708207698,11.753791382439065,-0.0007907856081885711,-0.0010057490424664195,-8.095345857153077,-55.14659872469074,-54.957946485520736,-0.00031467294864260143,-0.033930181096892324,0.014970473128670392
1.196,0.2640524074582237,-0.47575357010602204,-0.12646431209599873,-0.5157767187617252,-0.1264606663668532,-0.5158326624059865,0.26650375960097283,-0.47320235375979225,0.39174057276102425,0.04132672865094866,-0.0012274989359473132,-0.001247636350984238,-0.0012238532068017949,-0.0013035799952455518,0.1388155942981723,-0.990282652516763,227.2962060308791,22.23735611714397,113.42512521337211,11.112527180184127,113.87188731881929,11.125826952169572,113.6485062660957,11.11917706617685,-0.0008065013122973141,-0.000998015209727754,-8.091962286445218,-55.13803366007945,-54.95238688814594,-0.0003061836428474936,-0.03391978441750519,0.015186201795074794
1.1968,0.2637071782418312,-0.47704744252510506,-0.12721241579661496,-0.5146337457310896,-0.1272092359937949,-0.5146885800405693,0.2661682071864801,-0.47450151135918256,0.3921485186093606,0.038886685943685634,-0.0012321043737344717,-0.0012455484282214158,-0.0012289245709144192,-0.0013003827377011112,0.13772686681895072,-0.9904356398279732,227.68662757201747,20.963421764122316,113.62009369904042,10.47704610325573,114.06735598602054,10.487365657397788,113.84372484253049,10.48220588032676,-0.000822113043511763,-0.000989996531203019,-8.088491409136134,-55.12936313352767,-54.94680291105194,-0.00029773433736102824,-0.033909649984959406,0.015401998026618458
1.1976,0.26335567739233445,-0.47833912477043616,-0.1279549651614482,-0.5134918417481895,-0.12795223559345972,-0.5135455490514677,0.2658263834772477,-0.47579848381132345,0.392544630812245,0.03644989110894878,-0.0012367178264508505,-0.001243466827917289,-0.001233988258462354,-0.0012971741311954277,0.1366374300573371,-0.9905874996907084,228.06110874441137,19.68505391071592,113.8071087010297,9.839351267226174,114.25483765762499,9.846684338645904,114.03097317932735,9.84301780293604,-0.0008376142433235145,-0.0009816951561596454,-8.084934258293767,-55.120587477028565,-54.94119427324541,-0.0002893286468690706,-0.0338997778823951,0.015617843714721857
1.1984,0.2629979325692354,-0.47962859719829803,-0.12869198844273388,-0.5123510240309167,-0.12868969307607311,-0.5124035870803907,0.2654783163273878,-0.47709325151682797,0.39292896520771514,0.03401638119809072,-0.001241339562406546,-0.0012413913159980139,-0.0012390441957458032,-0.0012939543654720276,0.13554728368890812,-0.9907382299132167,228.41957687472586,18.402534266371017,113.98613392255724,9.199583210521272,114.43429595058299,9.203924169272973,114.21021493657011,9.201753689897123,-0.0008529984143592628,-0.0009731134232282557,-8.081291863559235,-55.111707040570515,-54.93556068205943,-0.00028097014050710006,-0.03389016826628012,0.015833720847183486
1.1992,0.2626339713580232,-0.4809158403966728,-0.1294235138079823,-0.5112113095604418,-0.12942163627574652,-0.5112627115392447,0.2651240335162734,-0.4783857951093486,0.39330157747901273,0.031586192796832585,-0.0012459698452430001,-0.0012393216542606333,-0.0012440923130072334,-0.0012907236330635674,0.13445642739528388,-0.990887828302854,228.7619659211771,17.116146102214042,114.15713637476233,8.55788325163272,114.60569780554127,8.559227104439472,114.3814170901518,8.558555178036096,-0.0008682591264914663,-0.0009642538581502436,-8.077565250995612,-55.10272219197049,-54.929901833172124,-0.00027266234086925634,-0.03388082136607371,0.016049611513892614
1.2,0.2622638212693517,-0.4822008351830003,-0.13014956933922442,-0.5100727150836786,-0.13014809294986668,-0.510122939612409,0.2647635627477115,-0.4796760954533258,0.3936625231530772,0.02915936202988073,-0.0012506089338587545,-0.0012372576004720526,-0.0012491325445010137,-0.001287482129202433,0.13336486086398608,-0.9910362926662069,229.08821651401337,15.82617405574374,114.32008639693078,7.914393391702941,114.76901350710554,7.912735783212437,114.54454995201816,7.913564587457689,-0.0008833900229490155,-0.0009551191716372642,-8.073755442940838,-55.0936333167523,-54.92421741067893,-0.00026440872317170085,-0.0338717374836899,0.01626549791404841
1.2008,0.26188750973822267,-0.4834835626019627,-0.13087018303229464,-0.5089352571157254,-0.13086909077851028,-0.5089842882590069,0.26439693164913664,-0.48096413364175045,0.3940118575990821,0.026735924565509578,-0.0012552570823491649,-0.0012351989084653792,-0.0012541648285648022,-0.0012842300517468541,0.1322725837882772,-0.9911836208092227,229.39827598909085,14.532903934326056,114.47495767327433,7.2692562165101755,114.92421670064456,7.264593430072306,114.69958718695945,7.266924823291241,-0.0008983848280479378,-0.0009457122564260345,-8.06986345786479,-55.08444081798779,-54.91850708709733,-0.0002562127143610234,-0.03386291699324062,0.016481362362668506
1.2016,0.2615050641232064,-0.48476400392327645,-0.13158538279617074,-0.5077989519423163,-0.1315846573638806,-0.5078467742151427,0.26402416777083304,-0.48224989099393734,0.39434963602704537,0.024315915620122586,-0.0012599145399583844,-0.0012331453282563576,-0.001259189107668257,-0.0012809676010827609,0.13117959586699404,-0.9913298105373363,229.6920984145215,13.236622517784278,114.62172724625714,6.622614798001422,115.07128440561598,6.614943755967332,114.84650582593656,6.618779276984377,-0.0009132373516251846,-0.0009360361844752418,-8.065890310229715,-55.075145116028,-54.91277052352551,-0.00024807769226509527,-0.03385436034015061,0.01669718729644387
1.2024,0.26111651170567957,-0.4860421406394981,-0.1322951964522951,-0.5066638156222272,-0.13229482022977126,-0.5067104139961454,0.2636452985851762,-0.4835333490533206,0.394675913486461,0.021899369962776888,-0.001264581551010252,-0.0012310966061296613,-0.0012642053284863952,-0.0012776949800478166,0.1300858968043947,-0.9914748596555957,229.96964461034042,11.937617360359624,114.76037552643744,5.974612595510521,115.2101970253996,5.963930859053061,114.98528627591853,5.969271727281791,-0.000927941496627227,-0.0009260942039581721,-8.061837010355216,-55.06574664841557,-54.90700736963366,-0.00024000698470921845,-0.03384606804094326,0.01691295528044634
1.2032,0.26072187968908367,-0.48731795446385096,-0.1329996517339366,-0.5055298639896707,-0.13299960682104542,-0.5055752238987706,0.2632603514858972,-0.48481448958525714,0.3949907448649814,0.01948632191966662,-0.001269258354852365,-0.0012290524847469453,-0.0012692134419611811,-0.0012744123938468743,0.12899148630999943,-0.9916187659687746,230.23088216119964,10.636176592327578,114.8908862988314,5.3253933568028415,115.34093835363244,5.311699125260148,115.11591232623192,5.318546241031495,-0.0009424912641975425,-0.000915889735411568,-8.057704564287047,-55.05624586967818,-54.90121726371791,-0.0002320038687528324,-0.033838040682779603,0.017128649014466646
1.204,0.26032119519820957,-0.4885914273280579,-0.13369877628559612,-0.5043971126566813,-0.13369904450314585,-0.5044412200033852,0.2628693537873713,-0.4860932945748473,0.39529418488716145,0.017076805378580695,-0.001273945185806008,-0.0012270127032533162,-0.001274213403355734,-0.0012711200499572473,0.12789636409841945,-0.9917615272814858,230.475785422095,9.332588721564775,115.01324672580387,4.675101019094964,115.4634955770515,4.658393128838437,115.23837115142769,4.6667470739667,-0.0009568807603841378,-0.0009054263686252284,-8.05349397366946,-55.04664325110981,-54.89539983280737,-0.00022407156992237378,-0.033830278922793056,0.017344251339466155
1.2048,0.2599144852785017,-0.489862541380197,-0.13439259766242387,-0.503265577015482,-0.13439316056161887,-0.5033084181761496,0.2624723327239266,-0.48736974622477325,0.3955862881132355,0.014670853793330663,-0.0012786422731149438,-0.0012249769973781133,-0.0012792051723099773,-0.0012678181580456638,0.12680052988919277,-0.9919031413983009,230.70433551712716,8.027142435347825,115.12744734648234,4.0238796101874,115.57785927484555,4.0041575330188515,115.35265331066395,4.014018571603126,-0.0009711042007438664,-0.0008947078584267132,-8.049206235621655,-55.03693928057834,-54.889554692719344,-0.00021621326136121298,-0.03382278348762365,0.017559745243062252
1.2056,0.259501776895381,-0.49113127898256814,-0.13508114332965862,-0.5021352722408248,-0.13508198220166415,-0.5021768340711588,0.2620693154491716,-0.48864382695314934,0.39586710893793764,0.012268500188133025,-0.0012833498408925392,-0.0012229450995424052,-0.0012841887128980656,-0.0012645069298763967,0.12570398340661493,-0.9920436061238505,230.9165203313309,6.72012640265963,115.23348207271458,3.371873149850746,115.68402341453316,3.349136990929484,115.45875274362388,3.360505070390115,-0.0009851559168509993,-0.0008837381206001638,-8.044842342618125,-55.027134462318806,-54.88368144813198,-0.000208432063162827,-0.033815555172874885,0.01777511386623587
1.2064,0.2590830969335925,-0.49239762270957205,-0.13576444066208984,-0.5010062132923186,-0.13576553654770784,-0.5010464831325792,0.26166032903535036,-0.48991551939138833,0.3961367015893703,0.00986977716196874,-0.0012880681080699452,-0.001220916738961575,-0.0012891639936879196,-0.0012611865792221122,0.12460672437957258,-0.992182919262929,231.1123344956194,5.411829077296829,115.33134818159019,2.7192255516101547,115.78198534439002,2.6934760469143733,115.5566667629901,2.706350799262264,-0.0009990303608162776,-0.0008725212276985417,-8.040403282372639,-55.01722931674298,-54.87777969263355,-0.00020073104162393948,-0.03380859484268573,0.017990340509840053
1.2072,0.2586584721965724,-0.4936615553456107,-0.13644251694356058,-0.4998784149167414,-0.13644385064298578,-0.499917380596757,0.2612454004727103,-0.4911848063820839,0.3963951201279145,0.007474716892901884,-0.001292797288356351,-0.0012188916417555928,-0.0012941309877815277,-0.0012578573217711941,0.12350875254136816,-0.9923210786205965,231.29177936489182,4.10253850204633,115.42104630455465,2.0660805250605563,115.87174578244847,2.0373190383903292,115.64639604350157,2.0516997817254428,-0.0010127221113123142,-0.000861061404555663,-8.035890037726034,-55.007224380182734,-54.87184900884293,-0.00019311320855263704,-0.03380190342900069,0.018205408639659026
1.208,0.25822792940583356,-0.49492305988299456,-0.13711539936647724,-0.4987518916503335,-0.13711695144915903,-0.4987895414943174,0.26082455666889837,-0.4924516709769046,0.3966424184451841,0.005083351142375875,-0.001297537590191522,-0.0012168695310530164,-0.0012990896728732881,-0.0012545193750369277,0.12241006762954783,-0.992458082002275,231.45486298937735,2.792542114215589,115.50258041314646,1.4125814788574331,115.95330880210855,1.3808099983814053,115.7279446076275,1.3966957386194192,-0.0010262258776663202,-0.0008493630232493388,-8.03130358653769,-54.997120204685416,-54.86588896845542,-0.00018558152057938462,-0.03379548193114387,0.018420301893172564
1.2088,0.2577914952003733,-0.4961821195198705,-0.13778311503134677,-0.4976266578210691,-0.1377848658459434,-0.4976629806522366,0.2603978244483699,-0.49371609643450776,0.39687865026301666,0.00269571125946369,-0.0013022892166999755,-0.0012148501270976553,-0.0013040400312966105,-0.0012511729582651288,0.12131066938572652,-0.992593927213842,231.60160007928832,1.4821265527737282,115.57595780139815,0.7588714245095609,116.02668181439535,0.7240925588629175,115.80131980789675,0.7414819916862392,-0.001039536505174965,-0.0008374305987501884,-8.026644901580774,-54.98691735779717,-54.859899132327655,-0.00017813887851626505,-0.03378933141525656,0.018635004085268747
1.2096,0.25734919613609925,-0.4974387176581604,-0.13844569094633716,-0.49650272755091285,-0.13844762063075566,-0.4965377126958927,0.25996523055182197,-0.4949780662184642,0.397103869132507,0.0003118281850904847,-0.001307052365652095,-0.0012128331473581777,-0.0013089820500706284,-0.0012478182923380265,0.1202105575554142,-0.992728612061715,231.7320119628809,0.17157746737892957,115.6411890649484,0.10509288111125059,116.09187554691171,0.06730985505108578,115.86653230593006,0.08620136808116818,-0.0010526489792255234,-0.0008252687834068018,-8.021914950441095,-54.97661642231529,-54.85387905056819,-0.00017078812674997491,-0.03378345301367578,0.01884949921438306
1.2104,0.25690105868527313,-0.49869283790152097,-0.13910315402687237,-0.49538011475806837,-0.13910524251838513,-0.49541375205110816,0.2595268016356436,-0.49623756399520164,0.3973181284330871,-0.002068267543773039,-0.0013118272294288802,-0.0012108183066397438,-0.0013139157209416386,-0.0012444555996795614,0.11910973188782963,-0.9928621343529496,231.8461265380277,-1.138820670449189,115.69828807691816,-0.548612218856583,116.14890401953978,-0.5893955692308666,115.92359604822897,-0.5690038940437248,-0.0010655584302412535,-0.0008128823617394865,-8.017114695419426,-54.966217996024056,-54.84782826263523,-0.00016353205254706957,-0.033777847924322646,0.01906377146798377
1.2112,0.2564471092359781,-0.4999444640533091,-0.1397555310952266,-0.49425883315918223,-0.13975775814067654,-0.49429111294616074,0.25908256427138665,-0.49749457363196076,0.39752148137163396,-0.00444454578996345,-0.0013166139949793154,-0.0012088053171849245,-0.0013188410404292583,-0.0012410851041634308,0.1180081921357308,-0.9929944918953064,231.94397821741055,-2.448784753768064,115.74727196060218,-1.202102622534479,116.19778451694526,-1.2458818549880952,115.97252823877372,-1.2239922387612872,-0.00107826013689305,-0.0008002762454895063,-8.012245093437619,-54.95572269149577,-54.84174629740278,-0.00015637338558004604,-0.033772517410192264,0.019277805228483658
1.212,0.255987374091598,-0.501193580114569,-0.14040284888015572,-0.4931388962715642,-0.14040519404623777,-0.49316980941378563,0.25863254494525384,-0.4987490791947639,0.3977139809816227,-0.00681697681199156,-0.0013214128437868955,-0.0012067938887918295,-0.0013237580098689194,-0.001237707031013252,0.11690593805522917,-0.9931256824973415,232.02560786746665,-3.758033223996953,115.78816105904622,-1.8552378483696437,116.23853755795125,-1.9020079201597646,116.01334930849873,-1.8786228842647041,-0.0010907495308174475,-0.0007874554675448842,-8.007307095948095,-54.94513113580565,-54.83563267325928,-0.00014931479727309615,-0.03376746279874116,0.019491585079407514
1.2128,0.2555218794703201,-0.5024401702820317,-0.14104513401655266,-0.4920203174153597,-0.14104757670015994,-0.4920498552931494,0.2581767700576052,-0.5000010649464074,0.39789568012231896,-0.009185531259965019,-0.0013262239518389007,-0.0012047837289173025,-0.001328666635446174,-0.0012343216067070006,0.11580296940560636,-0.9932557039684742,232.0910627412255,-5.066286251831301,115.82097890157576,-2.5078782763713043,116.27118686184942,-2.5576335502833416,116.04608288171258,-2.532755913327323,-0.0011030221996577438,-0.000774425176655491,-8.002301648846789,-54.93444397028963,-54.82948689821466,-0.00014235890031469208,-0.033762685481204036,0.019705095810479634
1.2136,0.2550506515046538,-0.5036842189461285,-0.1416824130451104,-0.49090310971572654,-0.14168493248375683,-0.4909312642318151,0.25771526592248384,-0.5012505153444573,0.3980666314780024,-0.011550180171522068,-0.0013310474895918134,-0.001202774542791274,-0.0013335669282382168,-0.0012309290588798927,0.1146992859491352,-0.9933845541190637,232.140396405178,-6.373265915030212,115.84575216734696,-3.159885236806442,116.29575931172164,-3.2126194875923346,116.07075573953429,-3.1862523621993883,-0.0011150738905882918,-0.0007611906314348715,-7.997229692389646,-54.92366185028284,-54.823308469981185,-0.0001355082480882037,-0.033758186912061575,0.01991832242373448
1.2144,0.25457371624096553,-0.5049257106890214,-0.14231471241201973,-0.48978728610498057,-0.14231728769432428,-0.4898140496876769,0.2572480587671586,-0.5024974150392698,0.39822688755723407,-0.013910894967816861,-0.001335883621944256,-0.0012007660335275894,-0.0013384589042488293,-0.0012275296162239657,0.11359488745089007,-0.9935122307604743,232.17366866034388,-7.678696372875794,115.86251064600401,-3.811121097236704,116.31228491485359,-3.8668275184444276,116.0873977804288,-3.838974307840566,-0.0011269005137251042,-0.0007477571946621353,-7.9920921611123505,-54.91278544484651,-54.817096876082296,-0.00012876533419894974,-0.03375396860836695,0.02013125013905892
1.2152,0.2540910996390347,-0.5061646302826458,-0.14294205846867664,-0.48867285932472443,-0.14294466854490864,-0.48869822493088705,0.2567751747316819,-0.5037417488720227,0.3983765006921509,-0.01626764744952852,-0.0013407325082075983,-0.0011987579022301742,-0.0013433425844395774,-0.0012241235083928492,0.11248977367856565,-0.99363873170514,232.1909454576935,-8.982304037073728,115.87128719551906,-4.461449347781773,116.32079676031896,-4.5201205589648055,116.09604197791901,-4.490784953373289,-0.0011384981445416997,-0.0007341303271495292,-7.986889983753562,-54.90181543652204,-54.81085159395174,-0.00012213259198581817,-0.03375003214912172,0.020343864399393397
1.216,0.2536028275716214,-0.5074009626867693,-0.14356447747141615,-0.48755984192796764,-0.14356710116409926,-0.48758380304575566,0.25629663986846996,-0.5049835018727584,0.3985155230378034,-0.018620409792902193,-0.0013455943020827255,-0.0011967498481114114,-0.001348217994765838,-0.0012207109658994297,0.11138394440228797,-0.9937640547666254,232.19229880811093,-10.283817738894038,115.8721176973089,-5.110734684507062,116.32133097382868,-5.1723627388051625,116.09672433556878,-5.141548711656112,-0.001149863026626008,-0.0007203155818142903,-7.981624083181297,-54.890752521027125,-54.80457209103321,-0.00011561239405795767,-0.033746379174661514,0.020556150876728907
1.2168,0.25310892582405614,-0.508634693047064,-0.14418199558126338,-0.4864482462812164,-0.14418461159583207,-0.4864707969326339,0.25581248014189345,-0.5062226592584506,0.39864400657152255,-0.02096915454583212,-0.0013504691516343093,-0.0011947415685979457,-0.0013530851662029997,-0.0012172922200154868,0.11027739939442707,-0.9938881977596825,232.17780668707127,-11.582968892360741,115.86504100871527,-5.758843090842589,116.31392666993099,-5.823419482920759,116.08948383932312,-5.791131286881674,-0.0011609915749772881,-0.0007063185973930075,-7.976295376322646,-54.87959740700559,-54.798257824902315,-0.00010920705186136075,-0.033743011385939964,0.020768095477194493
1.2176,0.2526094200938413,-0.5098658066931959,-0.144794638863707,-0.4853380845665589,-0.14479722579921034,-0.48535921930978493,0.25532272142788975,-0.507459206431075,0.3987620030923241,-0.023313854623963542,-0.0013553571992725721,-0.0011927327594474235,-0.0013579441347759125,-0.0012138675026734935,0.10917013842940686,-0.9940111585003074,232.14755293423318,-12.879491653291227,115.85009891294611,-6.405641916932062,116.29862590166304,-6.47315759126673,116.07436240730458,-6.439399754099396,-0.0011718803759777074,-0.0006921450924348704,-7.970904774096622,-54.8683508157189,-54.79190824336477,-0.0001029188152338713,-0.03373993054392223,0.020979684346514205
1.2184,0.25210433599027204,-0.5110942891369249,-0.14540243328848337,-0.48422936878371586,-0.14540496964834002,-0.4842490827152234,0.2548273895135876,-0.5086931289757055,0.3988695642203415,-0.025654483306845582,-0.0013602585817294455,-0.0011907231148559627,-0.0013627949415861151,-0.0012104370463634773,0.10806216128351812,-0.9941329348057849,232.1016271481341,-14.173123074026131,115.82733606657581,-7.050999956833067,116.27547360774992,-7.121445316334206,116.05140483716286,-7.086222636583637,-0.0011825261916271756,-0.0006778008588579354,-7.9654531813502505,-54.857013480791764,-54.78552278457269,-9.674987204987123e-05,-0.0337371384688961,0.02119090387543565
1.2192,0.25159369903407175,-0.512320126070223,-0.14600540472938942,-0.48312211075209177,-0.14600786893218168,-0.4831403995085478,0.2543265100969508,-0.5099244126586167,0.39896674139629684,-0.027991014234100053,-0.001365173430043387,-0.0011887123275751699,-0.0013676376328356221,-0.0012070010840312118,0.10695346773472572,-0.9942535244947396,232.04012457620524,-15.463603253664692,115.79679994470823,-7.694787523476329,116.24451755745679,-7.768152438432512,116.02065875108251,-7.7314699809544205,-0.0011929259597707187,-0.0006632917558508922,-7.959941496797632,-54.84558614790021,-54.77910087714341,-9.070234780324431e-05,-0.03373463703979303,0.021401740705044858
1.22,0.25107753465704163,-0.5135433033634049,-0.14660357896410786,-0.48201632211279366,-0.1466059493544118,-0.4820331818727508,0.25382010878643424,-0.5111530434254052,0.39905358588099776,-0.030323421401632855,-0.0013701018695443379,-0.0011867000890212753,-0.0013724722598482675,-0.0012035598489784083,0.10584405756247811,-0.9943729253871774,231.9631460003063,-16.75067548366416,115.75854078390503,-8.336876521313712,116.2058082931971,-8.413150338646972,115.98217453855106,-8.375013429980342,-0.001203076795832203,-0.0006486237034764031,-7.954370612962207,-54.83406957448844,-54.772641940275435,-8.477830525880213e-05,-0.033732428193495353,0.021612181731683222
1.2208,0.25055586820172826,-0.5147638070632743,-0.1471969816740497,-0.48091201433063835,-0.14719923653330577,-0.480927441816008,0.2533082111006586,-0.5123790073991268,0.3991301487548712,-0.03265167915787737,-0.0013750440198371239,-0.001184686089388931,-0.001377298879093214,-0.0012001135747585767,0.10473393054751569,-0.9944911353045237,231.87079761800385,-18.034086388653307,115.71261152298977,-8.97714051657881,116.15939907100794,-9.0563120693982,115.93600529699886,-9.016726292988505,-0.001212975993865939,-0.0006338026762975346,-7.948741416121862,-54.82246452948095,-54.76614538386521,-7.897974412781201e-05,-0.033730513924187445,0.02182221411254659
1.2216,0.2500287249211039,-0.5159816233912832,-0.14778563844422113,-0.479809198696145,-0.14778775600162739,-0.47982319117345207,0.2527908424680966,-0.5136022908784441,0.3991964809175245,-0.0349757622000651,-0.001379999994793213,-0.0011826700177660077,-0.0013821175521994689,-0.0011966624950730531,0.10362308647167598,-0.9946081520696621,231.76319091981117,-19.31358606232334,115.65906774183725,-9.615454805093734,116.1053457990011,-9.697512422532334,115.88220677041917,-9.656483613813034,-0.0012226210271819582,-0.0006188346972706427,-7.943054786257085,-54.81077179296566,-54.759610608650284,-7.330860072037329e-05,-0.03372889628255268,0.02203182527040326
1.2224,0.2494961299782622,-0.5171967387417082,-0.14836957476310011,-0.47870788632750183,-0.14837153320653634,-0.4787204416089269,0.2522680282267768,-0.5148228803357942,0.3992526330873377,-0.03729564557053683,-0.001384969902539182,-0.0011806515622445057,-0.0013869283459754245,-0.0011932068436695809,0.10251152511770127,-0.9947239735069655,231.64044256261283,-20.588928198281014,115.5979675982584,-10.251696477563147,116.04370697390398,-10.336627994886651,115.8208372860812,-10.2941622362249,-0.0012320095495681471,-0.0006037258312154847,-7.937311597001982,-54.798992155905786,-54.75303700632147,-6.776674766046764e-05,-0.03372757737515167,0.022241002898852003
1.2232,0.2489581084461285,-0.5184091396798376,-0.14894881602253224,-0.4776080881725199,-0.1489505935095072,-0.4776192046167247,0.25173979362400045,-0.5160407624155646,0.3992986558010842,-0.03961130465307883,-0.0013899538454484883,-0.001178630410034076,-0.001391731332423471,-0.0011897468542388934,0.10139924626904476,-0.9948385974423235,231.5026742395074,-21.85987021574435,115.52937176309756,-10.88574448229663,115.97454361580448,-10.973537251269022,115.75195768945102,-10.929640866782826,-0.0012411393946365479,-0.0005884821786992234,-7.931512715598171,-54.78712641983613,-54.746423959654166,-6.235599361546571e-05,-0.03372655936366588,0.02244973496721059
1.224,0.2484146853071845,-0.5196188129401748,-0.14952338751764574,-0.47650981501057144,-0.14952496218626127,-0.4765194915233041,0.251206163816073,-0.5172559239322898,0.3993345994135823,-0.04192271516929452,-0.0013949519201365002,-0.0011766062475761507,-0.0013965265887520284,-0.0011862827603087989,0.10028624970967526,-0.99495202170317,231.35001254629552,-23.126173379986458,115.45334335365624,-11.517479685311688,115.89791920121625,-11.60812058480509,115.67563127743625,-11.562800135058389,-0.0012500085769886482,-0.0005731098696806214,-7.925659002851412,-54.775175396550324,-54.73977084265175,-5.707808301405238e-05,-0.03372584446416063,0.02265800972560328
1.2248,0.24786588545320462,-0.5208257454246578,-0.15009331444677962,-0.475413077454504,-0.1500946644267109,-0.4754213134889895,0.25066716386804877,-0.5184683518688596,0.39936051409737194,-0.044229853175011935,-0.0013999642174564314,-0.0011745787606562974,-0.001401314197387718,-0.0011828147951418178,0.09917253522388143,-0.9950642441185056,231.1825888448484,-24.387602917438997,115.3699478655592,-12.146784927773801,115.8138995945805,-12.240260374607928,115.59192373006985,-12.193522651190865,-0.0012586152913058868,-0.0005576150572679239,-7.919751313091066,-54.76313990779518,-54.73307702067282,-5.1934695803679886e-05,-0.033725434946367566,0.02286581570970725
1.2256,0.2473117336850105,-0.522029924200888,-0.1506586219114308,-0.47431788595254293,-0.1506597253349165,-0.4743246815096556,0.2501228187534905,-0.5196780333747401,0.39937644984242415,-0.04653269505671476,-0.0014049908224971625,-0.0011725476345176289,-0.0014060942459828418,-0.001179343191630322,0.09805810259607685,-0.9951752625189132,231.0005391235959,-25.64392812537172,115.27925310318317,-12.773545080731385,115.72255297832487,-12.869841040728453,115.50090304075403,-12.821693060729919,-0.0012669579121507013,-0.0005420039118817499,-7.913790494132133,-54.75102078495972,-54.72634185057856,-4.692744724561933e-05,-0.033725333132906085,0.02307314174544217
1.2264,0.24675225471223325,-0.5232313365003786,-0.1512193349162141,-0.4732242507901726,-0.1512201699290548,-0.47322960641838885,0.249573153354241,-0.5208849557642135,0.3993824564558716,-0.04883121752801528,-0.0014100318145835178,-0.0011705125539744343,-0.0014108668274242092,-0.0011758681821906758,0.09694295161060268,-0.9952850747365768,230.80400385536365,-26.894922476091203,115.18132910876221,-13.3976470971172,115.6239497815946,-13.496749096359288,115.40263944517841,-13.447198096738244,-0.0012750349931707206,-0.0005262826147145461,-7.907777387240057,-54.73881886875958,-54.719564680873525,-4.205788768492846e-05,-0.03372554139856584,0.023279976954142967
1.2272,0.24618747315309344,-0.5244299697168141,-0.1517754783688409,-0.47213218209200125,-0.15177602314139893,-0.47213609888713676,0.24901819246020881,-0.5220891065146277,0.39937858356177103,-0.0511253976261519,-0.0014150872672786668,-0.0011684732035254775,-0.0014156320398367034,-0.0011723899986609276,0.09582708205153122,-0.9953936786052899,230.59312785280397,-28.140363715595434,115.07624809029234,-14.01898006098521,115.51816260777872,-14.120873197258227,115.29720534903552,-14.069926629121719,-0.0012828452670703427,-0.0005104573519965072,-7.901712827098005,-54.72653500891977,-54.71274485185063,-3.732750238308944e-05,-0.03372606216951571,0.02348631075665253
1.228,0.24561741353419164,-0.5256258114043227,-0.15232707708010962,-0.4710416898236096,-0.15232730981830914,-0.4710441694283367,0.24845796076916712,-0.5232904732646638,0.39936488060088876,-0.05341521270852012,-0.001420157248387982,-0.0011664292674659071,-0.0014203899865875003,-0.0011689088721930085,0.09471049370247,-0.9955010719604664,230.3680601216537,-29.380033956644805,114.96408434835038,-14.637435233962023,115.40526616094661,-14.742104188373737,115.1846752546485,-14.68976971116788,-0.0012903876432801553,-0.0004945343090447807,-7.895597641776759,-54.71417006386141,-54.7058816957458,-3.2737711328454705e-05,-0.033726897922526325,0.023692132878522898
1.2288000000000001,0.24504210029031154,-0.5268188492757666,-0.15287415576391344,-0.4699527837933781,-0.15287405472023644,-0.4699538283965258,0.24789248288656343,-0.5244890438126161,0.3993413968305124,-0.05570064044923939,-0.0014252418199644512,-0.0011643804300014438,-0.0014251407762874424,-0.0011654250331490923,0.09359318634636254,-0.9956072526391433,230.12895371205616,-30.613719766218324,114.84491420194703,-15.25290609889852,115.28533717131648,-15.360335147655512,115.06512568663176,-15.306620623277016,-0.001297661207360079,-0.00047851966429135473,-7.889432652707066,-54.70172490038116,-54.69897453688639,-2.8289869103575738e-05,-0.03372805118421008,0.023897433354221675
1.2296,0.244461557764237,-0.5280090712010427,-0.15341673903726175,-0.46886547365430187,-0.15341628252173398,-0.4688650859899374,0.24732178332534424,-0.5256848061146846,0.3993081813242885,-0.05798165883574399,-0.0014303410383175036,-0.001162326375361289,-0.0014298845227897206,-0.0011619387109967905,0.09247515976529276,-0.9957122184799833,229.87596556818423,-31.841212247326826,114.71881591353129,-15.865288400706874,115.15845431987256,-15.975461427036137,114.93863511670193,-15.920374913871505,-0.001304665219635126,-0.00046241958381543213,-7.883218674654416,-54.68920039332724,-54.69202269184875,-2.3985264739982298e-05,-0.03372952453022532,0.02410220253173634
1.2304,0.24387581020657886,-0.529196465205399,-0.15395485142031665,-0.46777976890578266,-0.15395401781148177,-0.4677779522520762,0.24674588650578924,-0.5268777482832866,0.39926528297208325,-0.060258246165413365,-0.0014354549540226275,-0.0011602667879094253,-0.0014346213451877504,-0.0011584501342029596,0.09135641374028484,-0.9958159673232723,229.60925637639716,-33.06230711518008,114.58586961326229,-16.474480184381562,115.02469816224774,-16.587380690583217,114.80528388775502,-16.53093043748239,-0.0013113991128932412,-0.00044624021530381697,-7.876956515696211,-54.6765974252829,-54.68502546961888,-1.98251216095926e-05,-0.03373132058447384,0.02430643107700803
1.2312,0.24328488177561577,-0.5303810194677652,-0.15448851733644228,-0.4666956788954084,-0.15448728509231943,-0.4666924370732773,0.24616481675535962,-0.5280678585853773,0.39921275047986854,-0.06253038104222838,-0.0014405836119333465,-0.0011582013522595247,-0.0014393513678104958,-0.001154959530128341,0.09023694805110684,-0.9959184970109141,229.32899041216388,-34.27680476769996,114.44615722266553,-17.08038183020014,114.88415105198955,-17.195992949816812,114.66515413732753,-17.138187390008476,-0.0013178624911915904,-0.00042998768300606116,-7.870646977201257,-54.663916886235675,-54.67798217175614,-1.5810597321895328e-05,-0.033733442018287735,0.024510109978365335
1.232,0.24268879653714617,-0.5315627223190941,-0.15501776111226895,-0.46561321282071283,-0.1550161087812895,-0.46560855019225167,0.24557859830855713,-0.5292551254407868,0.39915063236963083,-0.06479804237345818,-0.0014457270511952086,-0.001156129753384194,-0.0014440747202157656,-0.0011514671249230335,0.08911676247607243,-0.9960198053864227,229.0353353859823,-35.4845103503913,114.29976237778655,-17.682896086110294,114.736897063323,-17.80120059619908,114.51832972055477,-17.742048341154685,-0.0013240551272417633,-0.00041366808192577764,-7.864290853811547,-54.65115967326187,-54.67089209255798,-1.1942783636546524e-05,-0.03373589154963176,0.024713230550759135
1.2328000000000001,0.24208757846435025,-0.5327415622407212,-0.15554260697777025,-0.46453237973091616,-0.1555405132096912,-0.4645263011976072,0.24498725530679366,-0.5304395374205719,0.39907897697930267,-0.0670612093663849,-0.001450885305261232,-0.001154051676729162,-0.0014487915371821924,-0.001147973143420189,0.08799585679184123,-0.9961198902949082,228.72846228851913,-36.68523381559387,114.14677035195513,-18.281928097313752,114.58302191352374,-18.402908430807187,114.36489613273943,-18.34241826406047,-0.0013299769597381328,-0.0003972874729285536,-7.8578889334262625,-54.63832669019642,-54.663754519231134,-8.22270641838198e-06,-0.033738671942262224,0.024915784440025845
1.2336,0.2414812514376656,-0.5339175278627342,-0.15606307906635336,-0.4634531885286541,-0.15606052262314152,-0.46344569952936143,0.2443908117982744,-0.5316210832453776,0.3989978324627174,-0.06931986152504813,-0.0014560584019103207,-0.0011519668083246337,-0.0014535019586984915,-0.0011444778090319296,0.08687423077322257,-0.9962187495830637,228.40854523519516,-37.87878997613434,113.98726797827237,-18.877385433057494,114.42261288501464,-19.001023691199496,114.20494043164351,-18.939204562128495,-0.001335628091851504,-0.0003808518773524838,-7.851441997187962,-54.625418847305994,-54.65656873206274,-4.651325567341888e-06,-0.033741786004923585,0.02511776362700857
1.2344,0.24086983924467123,-0.5350906079623582,-0.15657920141496362,-0.46237564797168224,-0.15657616118164708,-0.4623667544804292,0.2437892917378895,-0.5327997517838187,0.39890724678958567,-0.07157397864703272,-0.0014612463632674016,-0.0011498748348962584,-0.001458206129950873,-0.0011409813436432104,0.08575188419297501,-0.996316381099144,228.07576131043226,-39.064998553429646,113.8213435719276,-19.469178110657012,114.25575874729273,-19.59545607550052,114.03855115961017,-19.532317093078767,-0.001341008788074305,-0.0003643672721125313,-7.844950819470876,-54.61243706096255,-54.64933400460069,-1.2295350158828818e-06,-0.03374523659047058,0.025319160431877208
1.2352,0.24025336557998447,-0.5362607914623545,-0.1570909979641999,-0.46129976667456946,-0.15708745295968476,-0.46128947519809993,0.24318271898711746,-0.5339755320508696,0.39880726774549324,-0.07382354082027734,-0.0014664492058240608,-0.0011477754439772614,-0.0014629042013089427,-0.0011374839675077353,0.08462881682160864,-0.9964127826929468,227.7302904117797,-40.243684220076496,113.64908685245402,-20.057218616769394,114.082549678797,-20.186117763722024,113.8658182656255,-20.121668190245707,-0.0013461194713215718,-0.0003478395850819993,-7.838416167871306,-54.59938225331748,-54.6420496038303,2.0418373160562404e-06,-0.033749026595064964,0.02551996751782326
1.236,0.2396318540451679,-0.5374280674294294,-0.157598492558443,-0.46022555311037194,-0.1575944219462893,-0.4602138706854967,0.24257111731394054,-0.5351484132062715,0.39869794293192035,-0.07606852841991613,-0.0014716669404631622,-0.00114566832401658,-0.0014675963283094784,-0.001133985899141321,0.08350502842718807,-0.9965079522157847,227.37231509412607,-41.41467663698973,113.47058886602662,-20.641421925947498,113.90307718881948,-20.772923436352265,113.68683302742305,-20.70717268114988,-0.0013509607200319351,-0.0003312746899695185,-7.831838803200033,-54.58625535197845,-54.634714790362835,5.162029492816052e-06,-0.03375315895727153,0.025720177895379948
1.2368000000000001,0.2390053281486446,-0.5385924250726626,-0.15810170894599734,-0.45915301561228816,-0.15809709204515157,-0.4591399498030144,0.24195451039276766,-0.5363183845529494,0.3985793197662806,-0.07830892210515472,-0.0014768995724844108,-0.0011435531644934382,-0.001472282671638639,-0.0011304873552197003,0.08238051877513168,-0.9966018875204574,227.0020204142021,-42.57781048515442,113.28594190790389,-21.221705516507136,113.71743403956361,-21.35579029024509,113.50168797373375,-21.288747903376112,-0.0013555332654107133,-0.0003146784021978988,-7.825219479476717,-54.57305728967006,-54.627328818613854,8.130345548295066e-06,-0.033757636657242324,0.025919784926088596
1.2376,0.23837381130562757,-0.5397538537419428,-0.15860067077924384,-0.4580821623753006,-0.1585954870747212,-0.4580677212697501,0.24133292180436994,-0.5374854355354476,0.39845144548198125,-0.08054470281616988,-0.0014821471016324972,-0.0011414296560228743,-0.0014769633971098706,-0.0011269885504723853,0.08125528762801623,-0.9966945864612207,226.61959377557633,-43.732925492058364,113.09523944511454,-21.79798938374091,113.52571416844961,-21.934638051842942,113.31047680678208,-21.866313717791925,-0.001359837987820356,-0.00029805647451297546,-7.818558943926217,-54.559789003917075,-54.61989093700582,1.0946155460637375e-05,-0.03376246271581756,0.02611878232639242
1.2384,0.23773732683805482,-0.54091234292642,-0.159095401614803,-0.4570130014577977,-0.1590896307683227,-0.45699719366490776,0.24070637503582454,-0.5386495557383744,0.39831436712850254,-0.08277585177104443,-0.0014874095221250189,-0.0011392974904678166,-0.0014816386756447003,-0.0011234896975778064,0.08012933474537683,-0.9967860468937499,226.22522477433333,-44.87986645289077,112.89857603948363,-22.370196050521212,113.32801261076287,-22.509388987776916,113.11329432512325,-22.439792519149066,-0.0013638759131708866,-0.0002814145926350875,-7.811857936976788,-54.54645143671546,-54.61240038815327,1.3608895087399737e-05,-0.033767640193648946,0.026317164171501872
1.2392,0.23709589797453665,-0.5420678822529721,-0.1595859249137151,-0.45594554078318084,-0.15957954677427316,-0.4559283754291938,0.24007489348046923,-0.5398107348848616,0.3981681315714971,-0.08500235046272955,-0.0014926868226872586,-0.0011371563610487745,-0.001486308683245341,-0.0011199910070616714,0.07900265988350881,-0.9968762666751041,225.81910504562327,-46.01848324658991,112.6960472710931,-22.938250575334063,113.12442542274059,-23.079967912884527,112.91023634691683,-23.009109244109297,-0.0013676482103903709,-0.00026475837131556546,-7.805117192260104,-54.53304553419122,-54.604856409066365,1.611806611134335e-05,-0.03377317219031613,0.026514924898918935
1.24,0.23644954785031336,-0.5432204614846787,-0.16007226404162006,-0.4548797881414519,-0.16006525865601037,-0.4548612748661943,0.2394385004378662,-0.5409689628350387,0.398012785492905,-0.0872241806560356,-0.0014979789865812582,-0.0011350059624488096,-0.0014909736009715707,-0.0011164926871912173,0.07787526279527456,-0.9969652436636818,225.40142811126478,-47.14863084683407,112.48774966226577,-23.50208055778991,112.91504960518597,-23.646302195693657,112.70139963372587,-23.574191376741783,-0.0013711561869627076,-0.00024809335049980064,-7.798337436613129,-54.51957224629951,-54.59725823134745,1.847323594574108e-05,-0.03377906184343167,0.02671205931213194
1.2408000000000001,0.23579829950721803,-0.5443700705193156,-0.1605544422689654,-0.45381575119078743,-0.16054678989222898,-0.4537959001437348,0.23879721911377438,-0.5421242295845176,0.3978483753910934,-0.08944132438465549,-0.001503285991646383,-0.0011328459909253907,-0.0014956336149099803,-0.0011129949438726805,0.07674714322989902,-0.9970529757191777,224.9723892285762,-48.27016932807871,112.27378060216196,-24.061616141663727,112.69998302769957,-24.20832176142317,112.48688181493077,-24.13496895154345,-0.0013744012853464938,-0.0002314249918100586,-7.791519390081586,-54.50603252646818,-54.58960508140423,2.0674037635844804e-05,-0.03378531232774407,0.02690856258411145
1.2416,0.23514217589365316,-0.5455166993878571,-0.16103248277120624,-0.4527534374590932,-0.1610241638770205,-0.45273225929522687,0.23815107262013255,-0.5432765252628927,0.39767494758100624,-0.09165376394821487,-0.00150860781033256,-0.0011306761444153102,-0.0015002889161468275,-0.0011094979805489902,0.07561830093277948,-0.997139460702535,224.53218524059912,-49.382963866741264,112.0542382720698,-24.616790015514308,112.47932435360929,-24.76595909255217,112.26678131283954,-24.69137455403324,-0.0013773850799623233,-0.00021475867478670807,-7.784663765925311,-54.49242733129384,-54.5818961806463,2.2720169752655515e-05,-0.033791926854221416,0.0271044302609198
1.2424,0.23448119986457466,-0.5466603382529918,-0.16150640862902796,-0.4516928543455441,-0.16149740392002376,-0.45167036022099744,0.23750008397504996,-0.5444258401322538,0.39749254819433816,-0.09386148190935201,-0.0015139444097397453,-0.001128496122642264,-0.0015049397007355636,-0.0011060019980956293,0.07448873564528645,-0.9972246964758935,224.08101442788276,-50.48688473764917,111.82922157147235,-25.167537410940554,112.25317296568242,-25.31914922701486,112.04119726857738,-25.243343318977708,-0.0013801092719916142,-0.00019809969375472747,-7.777771270625063,-54.47875762021373,-54.5741307457041,2.4611396257781252e-05,-0.033798908669146775,0.027299658265064863
1.2432,0.23381539418148198,-0.5478009774076551,-0.16197624282858294,-0.45063400912210505,-0.16196653324657617,-0.45061021068960166,0.23684427610280526,-0.5455721645857122,0.39730122317972316,-0.0960644610908303,-0.0015192957516650257,-0.001126305627223101,-0.001509586169658253,-0.0011025071947197707,0.07335844710456406,-0.9973086809025371,223.61907636197617,-51.5818073058674,111.59883004496731,-25.713796098533344,112.02162889269566,-25.867829754079402,111.8102294688315,-25.790812926306373,-0.0013825756868186545,-0.00018145325465468432,-7.770842603891013,-54.46502435515926,-54.56630798865932,2.6347546360597966e-05,-0.03380626105314383,0.0274942428984275
1.244,0.2331447815124214,-0.5489386072735679,-0.16244200826171745,-0.4495769089350408,-0.16243157499787803,-0.4495518183391251,0.23618367183385663,-0.5467154891459357,0.39710101830293676,-0.09826268457266885,-0.0015246617926373274,-0.0011241043617739588,-0.0015142285287979007,-0.0010990137658582477,0.07222743504334128,-0.9973914118468348,223.14657176077904,-52.66761201402009,111.36316381011162,-26.25550638157836,111.78479273693657,-26.411940807969685,111.57397827352409,-26.33372359477402,-0.0013847862691420687,-0.00016482447204424489,-7.763878458672885,-54.45122850026185,-54.558427117235304,2.7928514365784775e-05,-0.033813987320311004,0.02768818084618374
1.2448000000000001,0.23246938443199444,-0.5500732183997935,-0.1629037277262361,-0.44852156080639966,-0.162892552231159,-0.448495190678464,0.23551829390485693,-0.5478558044637046,0.3968919791471232,-0.10045613568931724,-0.0015300424839697901,-0.0011218920320122394,-0.0015188669888926837,-0.001095521904076635,0.07109569918972813,-0.9974728871741809,222.66370234589263,-53.744184365247364,111.12232348626367,-26.792611087582753,111.54276560270827,-26.951425059298142,111.33254454448597,-26.872018073440447,-0.0013867430793084168,-0.00014821836646916609,-7.756879521171339,-54.43737102151111,-54.55048733505003,2.9354259482303798e-05,-0.03382209081721624,0.027881469179305896
1.2456,0.2317892254213753,-0.5512048014613051,-0.1633614239261458,-0.4474679716354914,-0.16334948791984885,-0.4474403350885953,0.23484816495867958,-0.5489931013164723,0.39667415111302473,-0.10264479802684534,-0.0015354377718006101,-0.0011196683458644663,-0.0015235017655036709,-0.0010920317989683848,0.06996323926703012,-0.9975531047509321,222.17067070209563,-54.81141490190809,110.8764101244843,-27.325055557678297,111.29564902590025,-27.48622770436814,111.08602957519227,-27.40564163102322,-0.0013884482889068295,-0.00013163986164954622,-7.749846470851182,-54.42345288644582,-54.54248784181616,3.062480565168416e-05,-0.03383057492203211,0.02807410535820054
1.2464,0.23110432686833615,-0.5523333472575658,-0.1638151194719396,-0.446416148200342,-0.1638024049537579,-0.4463872588238283,0.2341733075444509,-0.5501273706069432,0.39644757941924225,-0.10482865542016934,-0.0015408475971482316,-0.0011174330135681476,-0.0015281330789665148,-0.0010885436370544621,0.06883005499354478,-0.9976320624443396,221.66768013908262,-55.86919918017838,110.62552513856645,-27.852787633978068,111.04354490469319,-28.016296452417887,110.83453502162982,-27.93454204319798,-0.0013899041770173426,-0.00011509378241925106,-7.742779980455639,-54.40947506381451,-54.5344278335979,3.174024133389317e-05,-0.03383944304347741,0.028266087235209625
1.2472,0.2304147110672806,-0.5534588467111207,-0.1642648368808633,-0.4453660971591349,-0.16425132613926108,-0.44533596901304673,0.23349374411759044,-0.5512586033616634,0.3962123091024977,-0.10700769195030124,-0.0015462718959560334,-0.0011151857477726956,-0.0015327611543538289,-0.001085057601684536,0.06769614608237333,-0.997709758122483,221.1549345555697,-56.91743774067012,110.36977023724376,-28.375757644946606,110.78655543145152,-28.541581510871588,110.57816283434764,-28.4586695779091,-0.0013911131255781584,-9.858485191927002e-05,-7.735680716022289,-54.395438523283495,-54.52630650302149,3.270071931251154e-05,-0.03384869861994073,0.028457413058021075
1.248,0.22972040021928572,-0.5545812908662021,-0.16471059857720924,-0.4443178250516331,-0.16469627419948477,-0.44428647266092913,0.23280949703986065,-0.5523867907296202,0.3959683850179202,-0.10918189194163003,-0.0015517105991496999,-0.0011129262636429549,-0.001537386221425227,-0.0010815738729390012,0.06656151224122618,-0.9977861896541922,220.63263830588772,-57.956036075217284,110.1092473576401,-28.89391838885883,110.5247830258631,-29.062035568668243,110.31701519175161,-28.977976978763536,-0.0013920776154918713,-8.211769021215787e-05,-7.728549336900137,-54.3813442350974,-54.51812303952808,3.3506456426637344e-05,-0.03385834511847335,0.028648081471970954
1.2488000000000001,0.2290214164321491,-0.5557006708873463,-0.16515242689261433,-0.4432713383005912,-0.16513727177450266,-0.4432387766491576,0.2321205885794215,-0.5535119239808582,0.3957158518393438,-0.11135123995922788,-0.001557163632692038,-0.0011106542789607876,-0.001542008514580348,-0.0010780926275272829,0.0654261531722268,-0.9978613549089768,220.10099606916108,-58.98490458996572,109.84405860000842,-29.407225115414303,110.25833026937508,-29.57761377773945,110.05119443469175,-29.492419446576875,-0.001392800222419055,-6.569681197277077e-05,-7.721386495768055,-54.36719316976049,-54.509876629623484,3.4157733360666666e-05,-0.033868386033767746,0.02883809152316985
1.2496,0.22831778172044606,-0.5568169780580247,-0.16559034406635215,-0.44222664321314414,-0.16557434142153418,-0.44219288773761434,0.2314270409108944,-0.5546339945051052,0.3954547540596134,-0.11351572080618569,-0.0015626309176331454,-0.0011083695142246608,-0.0015466282728151676,-0.0010746140386948544,0.06429006857172706,-0.9979352517569442,219.56021272116598,-60.00395856491149,109.57430616380393,-29.91563550557933,109.98729984097432,-30.08827373270734,109.78080300238912,-30.001954619143334,-0.0013932836122592107,-4.9326624825596355e-05,-7.714192838654579,-54.35298629774692,-54.501566457090476,3.465489436273143e-05,-0.0338788248873025,0.029027442661259784
1.2504,0.22760951800559223,-0.55793020377928,-0.16602437224565855,-0.44118374598218424,-0.166007505615148,-0.44114881256556365,0.23072887611543164,-0.5557529938104132,0.3951851359909152,-0.11567531952097268,-0.0015681123701749844,-0.0011060716927437375,-0.0015512457396644197,-0.0010711382761230959,0.06315325813010866,-0.9980078780687205,219.01049320896465,-61.01311811003338,109.3000922851434,-30.41910964973068,109.71179445435843,-30.593975448874758,109.50594336975092,-30.50654254930272,-0.0013935305372001494,-3.301142794498446e-05,-7.706969004958724,-54.33872458917813,-54.493191703271044,3.499834699594126e-05,-0.03388966522621524,0.029216134741631095
1.2512,0.22689664711591276,-0.5590403395683887,-0.166454533486055,-0.44014265268772085,-0.16643678674746976,-0.4401065576528089,0.23002611618079466,-0.556868913521807,0.39490704176511604,-0.11783002137483298,-0.0015736079017335675,-0.0011037605407467899,-0.0015558611631483477,-0.001067665505834925,0.062015721531591336,-0.9980792317153627,218.45204242838696,-62.01230811816911,109.02151917568287,-30.917610024173847,109.43191679653509,-31.094681338584586,109.22671798610898,-31.006145681379216,-0.0013935438309999881,-1.6755410676694282e-05,-7.699715627471992,-54.324409013476604,-54.484751547315426,3.51885618144248e-05,-0.03390091062232868,0.02940416802806567
1.252,0.22617919078672014,-0.5601473770575176,-0.1668808497516592,-0.4391033692982285,-0.16686220712839425,-0.4390661294008577,0.2293187830014376,-0.5579817453799486,0.3946205153341056,-0.11997981186918999,-0.0015791174189912077,-0.001101435787469851,-0.001560474795726255,-0.0010641958900990955,0.06087745845405214,-0.9981493105682762,217.8850651044358,-63.00145821476683,108.73868896295326,-31.41110146610195,109.14776946788831,-31.590356186013807,108.94322921542079,-31.50072882605788,-0.0013933264057754968,-5.62651067070874e-07,-7.692433332401851,-54.31004053911823,-54.4762451664073,3.5226072120390875e-05,-0.033912564671260685,0.029591543195522263
1.2528000000000001,0.22545717066039792,-0.5612513079924081,-0.16730334291554602,-0.438065901671967,-0.1672837889858021,-0.43802753409404593,0.2286068983785977,-0.559091481239815,0.3943256004701719,-0.12212467673310506,-0.0015846408239718612,-0.0010990971652570791,-0.001565086894227935,-0.0010607295873359956,0.059738468568823755,-0.9982181124991181,217.30976567468997,-63.980502704688625,108.45170363219114,-31.899551147084907,108.85945492374518,-32.080967120488424,108.65557927796816,-31.990259133786665,-0.0013928812463461782,1.5562884705389024e-05,-7.6851227393957,-54.295620133270816,-54.467671736067665,3.5111473591986614e-05,-0.0339246309912393,0.029778261331671274
1.2536,0.22473060828649183,-0.5623521242310593,-0.16772203476007033,-0.43703025555830366,-0.16770155446577995,-0.4369907779006738,0.22789048402039433,-0.5601981130693813,0.3940223407663682,-0.12426460192073155,-0.0015901780140964439,-0.0010967444096539603,-0.0015696977198060708,-0.0010572667520240553,0.05859875154051794,-0.9982856353797089,216.72634817575326,-64.94938051617635,108.16066496968796,-32.38292854514095,108.56707541747252,-32.5664835883789,108.36387019358024,-32.47470606675992,-0.0013922114072215663,3.161734349532708e-05,-7.677784461566524,-54.28114876153277,-54.459030430376025,3.484542400953272e-05,-0.03393711322224494,0.029964323940049553
1.2544,0.223999525121803,-0.5634498177424347,-0.16813694697723675,-0.4359964365990021,-0.16811552563284374,-0.43595586687410653,0.22716956154192944,-0.561301632948325,0.3937107796369065,-0.12639957360882556,-0.0015957288822597282,-0.0010943772595026213,-0.0015743075378667204,-0.0010538075346070985,0.05745830702682597,-0.9983518770819342,216.13501613280923,-65.90803514216451,107.86567450768842,-32.86120541548624,108.27073294512883,-33.0468773236643,108.06820372640863,-32.954041369575265,-0.0013913200080253318,4.7596986021858356e-05,-7.670419105519075,-54.26662738759261,-54.45032042227115,3.4428642885342166e-05,-0.03395001502485727,0.03014973294133938
1.2552,0.22326394253049484,-0.5645443806051702,-0.16854810116904453,-0.43496445032951075,-0.16852572447016995,-0.43492280695387564,0.226444152465401,-0.5624020330667326,0.39339096031755516,-0.12852957819425823,-0.0016012933168903787,-0.00109199545703631,-0.001578916618015791,-0.0010503520814011957,0.05631713467834068,-0.9984168354776446,215.53597245232856,-66.85641457905652,107.56683347086023,-33.334355760016656,107.97052919169752,-33.522122317227094,107.76868133127888,-33.428239038621875,-0.0013902102292036034,6.349818723094813e-05,-7.663027271377338,-54.25205697295911,-54.44154088379106,3.3861911116698296e-05,-0.03396334007933359,0.03033449067643801
1.256,0.22252388178419824,-0.5656358050063011,-0.16895551884787277,-0.4339343021802224,-0.16893217287981802,-0.43389160396676124,0.2257142782202161,-0.5634993057238263,0.3930629258660525,-0.1306546022915719,-0.001606871202036314,-0.0010895987479679348,-0.0015835252339815725,-0.0010469005345067894,0.055175234138361784,-0.9984805084385555,214.92941931796358,-67.79447126313347,107.26424272435423,-33.80235579561065,107.66656547891753,-33.99219478495945,107.46540410163588,-33.89727529028505,-0.001388885308188037,7.931743662936697e-05,-7.655609552812751,-54.237438476618905,-54.43269098638953,3.3146070638848094e-05,-0.03397709208440738,0.030518599906912414
1.2568000000000001,0.2217793640621302,-0.5667240832399983,-0.16935922143682497,-0.43290599747773023,-0.16933489268297647,-0.43286226362786034,0.22497996014311428,-0.5645934433266963,0.39272671916252294,-0.132774632730552,-0.001612462417416291,-0.0010871868815859886,-0.0015881336635677756,-0.0010434530317161017,0.05403260504272152,-0.9985428938361425,214.31555808966462,-68.72216200472458,106.95800272346924,-34.265183921311674,107.35894271473026,-34.45707313475172,107.15847271909975,-34.3611285280317,-0.0013873485348767645,9.505133881759775e-05,-7.648166537073548,-54.222772854806394,-54.4237699011472,3.228202404522342e-05,-0.03399127475650224,0.03070206381877938
1.2576,0.22103041045121097,-0.5678092077063108,-0.1697592302701318,-0.43187954144605795,-0.16973390562019047,-0.43183479154164894,0.22424121947829506,-0.5656844383890464,0.3923823829099141,-0.13488965655382515,-0.001618066838512705,-0.0010847596108367052,-0.0015927421885713888,-0.001040009706427758,0.052889247019591884,-0.998603989541532,213.69458920605038,-69.63944792029272,106.64821346494232,-34.72282068447376,107.04776134435703,-34.91673793243248,106.84798740464967,-34.81977930845312,-0.0013856032489627523,0.00011069661351825744,-7.64069880501479,-54.208061060661606,-54.41477679909755,3.1270734196104904e-05,-0.03400589182848206,0.030884886022761293
1.2584,0.22027704194619202,-0.5688911709099294,-0.1701555665935401,-0.43085493920788226,-0.17012923335160693,-0.4308091932030135,0.22349807737754934,-0.5667722835299549,0.3920299596344442,-0.13699966101449426,-0.0016236843366452397,-0.0010823166924215921,-0.0015973510947120823,-0.001036570687552807,0.051745159689297174,-0.9986637934253899,213.06671209004696,-70.54629436258092,106.33497443986698,-35.17524874593721,106.73312130301373,-35.37117186673913,106.53404787144035,-35.27321030633817,-0.0013836528337378695,0.0001262500954197776,-7.63320693112915,-54.193304043926425,-54.405710851529406,3.0113223796441673e-05,-0.034020947048565876,0.031067070556417775
1.2591999999999999,0.21951927944978766,-0.5699699654589528,-0.170548251564684,-0.4298321957857385,-0.17052089745721746,-0.4297854739982944,0.22275055490040133,-0.5678569714726395,0.3916694916860452,-0.1391046335737797,-0.001629314779040103,-0.0010798578868787545,-0.0016019606715735601,-0.0010331360994346173,0.05060034266414376,-0.9987223033578125,212.4321250578085,-71.44267084894253,106.01838458824852,-35.62245284429763,106.41512197027433,-35.82035971337912,106.21675327926143,-35.72140627883837,-0.0013815007143591629,0.00014170873421903707,-7.625691483578922,-54.178502750703494,-54.39657123020811,2.881057503154438e-05,-0.034036444179445936,0.03124862188619204
1.26,0.21875714377281313,-0.5710455840636707,-0.17093730625350345,-0.42881131610320605,-0.17090891943710312,-0.42876363920629673,0.2219986730142487,-0.5689384950432401,0.3913010212388342,-0.141204561898704,-0.0016349580289179433,-0.0010773829586698813,-0.0016065712125176157,-0.0010297060617606157,0.049454795548227626,-0.9987795172082068,211.79102523093763,-72.32855098801939,105.69854225520547,-36.06441975935188,106.0938621260852,-36.2642882982619,105.89620219064534,-36.16435402880689,-0.0013791503530455884,0.00015706959439398815,-7.618153024228308,-54.16365812313752,-54.38735710772045,2.736392911021652e-05,-0.03405238699708251,0.03142954490826355
1.2608000000000001,0.217990655634325,-0.572118019535353,-0.17132275164264416,-0.4277923049860838,-0.17129332071168193,-0.4277436939992942,0.22124245259451578,-0.5700168471696104,0.39092459029158344,-0.14329943385979274,-0.001640613945576505,-0.001074891676266121,-0.0016111830146142703,-0.0010262806894764664,0.048308517937257336,-0.9988354328451707,211.14360845200156,-73.2039124048858,105.37554514881393,-36.50113827477692,105.76943990843266,-36.702946459963414,105.57249252862329,-36.60204236737017,-0.0013766052450137067,0.00017232985453574656,-7.610592108676747,-54.14877109912457,-54.37806765775123,2.5774485819470588e-05,-0.034068779289632325,0.03160984495011121
1.2616,0.21721983566177142,-0.5731872647850547,-0.1717046086278591,-0.42677516716355307,-0.17167412262196413,-0.42672564344402925,0.2204819144248046,-0.5710920208801182,0.39054024066819965,-0.1453892375287953,-0.0016462823844640845,-0.001072383812230182,-0.0016157963785691093,-0.0010228600927063014,0.04716150941837639,-0.9988900481363776,210.4900692033442,-74.06873666479605,105.04949029959587,-36.93259914011174,105.44195277266388,-37.13632501149148,105.24572153612988,-37.03446207580161,-0.001373868915550247,0.0001874868071780611,-7.603009286292952,-54.13384261207035,-54.36870205535464,2.404350313133046e-05,-0.034085624856489256,0.03178952777216182
1.2624,0.21644470439114297,-0.5742533128224284,-0.17208289801843665,-0.4257599072693165,-0.17205134642980008,-0.42570949250268275,0.21971707919705644,-0.5721640093024617,0.3901480140182181,-0.14747396117644543,-0.001651963197275022,-0.0010698591433002114,-0.0016204116086384474,-0.0010194443766665118,0.046013769569981336,-0.9989433609484446,209.8306005291888,-74.92300919567936,104.72047402164917,-37.3587950321145,105.11149745245561,-37.564416701422786,104.91598573705238,-37.46160586676864,-0.0013709449159478027,0.00020253785793045154,-7.595405100249426,-54.11887359056813,-54.359259477287374,2.217229668042628e-05,-0.03410292750706656,0.03196859956875642
1.2631999999999999,0.21566528226712942,-0.5753161567545496,-0.17245764053761872,-0.42474652984273,-0.17242501331814,-0.4246952460338491,0.21894796751171466,-0.5732328056624926,0.3897479518173014,-0.14955359327023154,-0.0016576562320319843,-0.0010673174504690075,-0.001625029012553264,-0.0010160336415880877,0.04486529796154268,-0.9989953691468108,209.1653939610201,-75.76671920949428,104.38859187541232,-37.77972051554988,104.77816992242819,-37.987216174469246,104.58338089892025,-37.88346834500956,-0.0013678368204068647,0.00021748052483872016,-7.587780087557806,-54.10386495814238,-54.34973910228646,2.016223933803355e-05,-0.03412069105978152,0.03214706696905978
1.264,0.21488158964328363,-0.576375789784752,-0.1728288568230295,-0.4237350393299137,-0.17279514439128413,-0.4236829087934869,0.21817459987789295,-0.5742984032830523,0.38934009536774516,-0.15162812247220184,-0.001663361333177349,-0.0010647585190632358,-0.0016296489014319682,-0.0010126279826364604,0.04371609415343147,-0.9990460705956025,208.49463944622516,-76.5998596225819,104.0539386320547,-38.19537200347685,104.4420653623918,-38.40471993154259,104.24800199722324,-38.30004596750972,-0.0013645482213178184,0.00023231243753230046,-7.580134779104774,-54.088817632964194,-54.34014011139538,1.8014760689690885e-05,-0.03413891934089382,0.032324937038026746
1.2648000000000001,0.2140936467821881,-0.5774322052114729,-0.17319656742710124,-0.4227254400848575,-0.1731617606751505,-0.4226724854358679,0.2173969967135515,-0.5753607955828178,0.3889244857989957,-0.15369753763678265,-0.001669078341657082,-0.0010621821388223096,-0.001634271589706332,-0.0010092274898327314,0.042566157696743934,-0.999095463157508,207.81852527997992,-77.42242697513225,103.71660823948591,-38.60574771709248,104.10327812322183,-38.8169262893761,103.90994318135387,-38.71133700323429,-0.0013610827278114357,0.00024703133632897334,-7.5724696996885665,-54.073732527600455,-54.33046168823545,1.5731346607332315e-05,-0.03415761618351242,0.0325022172777949
1.2656,0.21330147385562742,-0.5784853964271087,-0.17356079281752224,-0.4217177363705012,-0.17352488311753034,-0.4216639805145045,0.2166151783456719,-0.5764199760751583,0.388501164068176,-0.15576182780863065,-0.0016748070950181881,-0.0010595881039736077,-0.0016388973950262897,-0.001005832247976901,0.041415488133123374,-0.9991435446936364,207.13723804035084,-78.23442134989318,103.3766937899683,-39.010847645198965,103.76190169434331,-39.22383533976538,103.56929774215581,-39.11734149248217,-0.0013574439607850763,0.0002616350711548421,-7.564785368055959,-54.058610548726975,-54.32070301935311,1.3313538684495647e-05,-0.034176785426375984,0.03267891562791192
1.2664,0.21250509094475858,-0.5795353569168848,-0.17392155337767307,-0.42071193235980653,-0.17388453258835262,-0.42065739848307077,0.21582916501044072,-0.5774759383670038,0.38807017096061247,-0.1578209822205057,-0.0016805474275012888,-0.0010569762133083582,-0.0016435266381808339,-0.001002442336572651,0.04026408499458681,-0.999190313063383,206.45096252658155,-79.03584629023119,103.03428748931799,-39.41067350334537,103.41802867281409,-39.62544890848619,103.22615808106605,-39.518061205915785,-0.001353635550543686,0.0002761216003790423,-7.557082296939939,-54.04345259686306,-54.31086329450075,1.0762933752543717e-05,-0.03419643091284226,0.03285504046627352
1.2671999999999999,0.21170451804029924,-0.5805820802577285,-0.17427886940706905,-0.41970803213681235,-0.17424072987994552,-0.41965274369631267,0.2150389768534354,-0.5785286761577237,0.3876315470903746,-0.15987499029116362,-0.001686299170129843,-0.0010543462702522488,-0.001648159643006325,-0.0009990578297525143,0.03911194780336004,-0.9992357661242887,205.75988170053802,-79.82670871766015,102.68948062768158,-39.80522869270443,103.07175073398983,-40.02177051394544,102.8806156808357,-39.91349960332494,-0.0013496611333891906,0.0002904889897195062,-7.5493609930978085,-54.02825956613604,-54.30094170696452,8.081183367965143e-06,-0.0342165564897111,0.03303060060983398
1.268,0.2108997750427065,-0.5816255601171623,-0.17463276112182924,-0.41870603969766973,-0.17459349570730126,-0.41865002041093546,0.21424463392981458,-0.5795781832380142,0.3871853329008258,-0.16192384162328566,-0.0016920621508180328,-0.0010516980829411993,-0.0016527967362900409,-0.000995678796206878,0.03795907607169528,-0.999279901731891,205.06417663127164,-80.60701884895639,102.34236355186786,-40.19451825874276,102.72315860375255,-40.4128053256245,102.5327610778102,-40.30366179218363,-0.0013455243487783264,0.00030473541087872036,-7.541621957349577,-54.013032343969584,-54.290937453900895,5.269993199393645e-06,-0.034237166006063864,0.033205605314265085
1.2688000000000001,0.2100908817623648,-0.5826657902521958,-0.17498324865509998,-0.4177059589516866,-0.17494285070835072,-0.41764923278650884,0.21344615620451413,-0.5806244534887959,0.3867315686651648,-0.1639675260013981,-0.0016978361944492981,-0.0010490314642888077,-0.001657438247700052,-0.0009923052991110959,0.036805469301714105,-0.9993227177395936,204.36402644266263,-81.3767901129411,101.99302563921495,-40.57854884972202,102.37234203228388,-40.79856012235921,102.18268383574942,-40.688554486040616,-0.001341228836196251,0.00031885914013685124,-7.53386568461738,-53.99777181090498,-54.280849736575476,2.3311226345018934e-06,-0.03425826331237973,0.03338006427608775
1.2696,0.20927785791978049,-0.5837027645082401,-0.17533035205756436,-0.41670779372231626,-0.17528881544421684,-0.41665038488631684,0.21264356355244343,-0.5816674808801277,0.38627029448700256,-0.16600603338986733,-0.0017036211230052334,-0.0010463462320560168,-0.001662084509657713,-0.000988937396056544,0.035651126985221354,-0.9993642119985005,203.65960826410048,-82.13603906708201,101.64155527297453,-40.957328675114724,102.01938976935827,-41.17904325052435,101.8304725211664,-41.06818596281954,-0.0013367782323143729,0.00033285855707276824,-7.526092663964368,-53.982478840235515,-54.27067776081334,-7.336159467541632e-07,-0.034279852259001424,0.03355398763028461
1.2704,0.2084607231457785,-0.5847364768180183,-0.17567409129785175,-0.41571154774817676,-0.1756314103994983,-0.415653480678242,0.2118368757586895,-0.5827072594701205,0.385801550300909,-0.16803935393086003,-0.0017094167556322287,-0.00104364220891634,-0.0016667358572787921,-0.0009855751389815093,0.03449604860355897,-0.9994043823572787,202.95109718415353,-82.88478531395043,101.28803981918412,-41.33086746394054,101.66438954113781,-41.554264582152655,101.47621468016096,-41.442566023046595,-0.0013321761684039757,0.0003467321427592651,-7.518303378635136,-53.96715429788634,-54.26042073718439,-3.9223576047644064e-06,-0.03430193669542585,0.03372738595334113
1.2711999999999999,0.20763949698169798,-0.5857669212005017,-0.17601448626304983,-0.414717224684014,-0.17597065598252748,-0.4146585240356013,0.2110261125187203,-0.5837437834038726,0.38532537587299776,-0.17006747794237947,-0.0017152229087723375,-0.0010409192225209196,-0.0016713926282499875,-0.0009822185741081846,0.03334023362742049,-0.9994432266619948,202.23866620718312,-83.62305141769443,100.9325656050101,-41.699176423116725,101.30742802844028,-41.92423547305633,101.11999681672519,-41.81170594808653,-0.0013274262672666737,0.00036047847862619165,-7.5104983060955135,-53.95179904206111,-54.250077881423394,-7.233185525541018e-06,-0.03432452046888783,0.03390027026065923
1.272,0.2068141988795977,-0.5867940917598437,-0.17635155675915953,-0.4137248281016928,-0.176306572525644,-0.41366551873799773,0.21021129343859565,-0.5847770469124055,0.38484181080149843,-0.1720903959162793,-0.0017210393962567433,-0.00103817710556664,-0.001676055162741219,-0.0009788677418715586,0.032183681516694915,-0.9994807427559698,201.52248621285324,-84.35086282056629,100.57521789853477,-42.062268195830754,100.94859084645964,-42.28896872098006,100.76190437249721,-42.17561845840541,-0.0013225321411880486,0.00037409624452777734,-7.502677918073404,-53.93641392302514,-54.23964841473,-1.0664131497694459e-05,-0.03434760742326935,0.03407265200803522
1.2728,0.20598484820246485,-0.5878179826843262,-0.1766853225115618,-0.4127343614911338,-0.17663918028547332,-0.41267446847214884,0.209392438035182,-0.5858070443116129,0.384350894517341,-0.17410809851632822,-0.001726866029402821,-0.00103541569584914,-0.0016807238033143407,-0.0009755226768641267,0.03102639172030587,-0.9995169284796108,200.80272591847532,-85.0682477596309,100.21608088995563,-42.4201568200037,100.5879625259085,-42.648478523844155,100.40202170793206,-42.53431767192393,-0.0013174973888112618,0.0003875842169520638,-7.4948426805996125,-53.92099978291317,-54.22913156404576,-1.4213176607342384e-05,-0.034371201398169335,0.03424454309109137
1.2736,0.2051514642244229,-0.5888385882453202,-0.17701580316550825,-0.41174582826126993,-0.17696849944319135,-0.4116853768327064,0.20856956573636445,-0.5868337700012232,0.38385266628474346,-0.17612057657628352,-0.0017327026171292254,-0.001032634836330204,-0.00168539889481234,-0.0009721834077667246,0.029868363676043883,-0.9995517816702598,200.07955184413973,-85.77523718371975,99.85523767417774,-42.77285768687682,100.22562649555564,-43.002780438110634,100.0404320848667,-42.887819062493726,-0.001312325593659125,0.00040094126769929517,-7.486993054049135,-53.90555745544251,-54.21852656243765,-1.7878251755577628e-05,-0.03439530622753688,0.034415955845162216
1.2744,0.20431406613094513,-0.5898559027962521,-0.1773430182866155,-0.410759231740962,-0.17729455010478976,-0.4106982473230573,0.2077426958812683,-0.5878572184637678,0.38334716520180934,-0.1781278210980003,-0.001738548966074463,-0.0010298343751944383,-0.001690080784248718,-0.0009688499572897968,0.028709596810404095,-0.9995853001620196,199.35312828057403,-86.47186467072619,99.49277023476458,-43.120387499768036,99.86166506613017,-43.351891337320005,99.67721765044737,-43.23613941854402,-0.0013070203207234954,0.00041416636184976596,-7.479129493182514,-53.890087765641404,-54.20783264945646,-2.1657238371690963e-05,-0.03441992573841672,0.03458690304381662
1.2752,0.20347267301907104,-0.59086992077158,-0.17766698736132328,-0.40977457517992005,-0.1776173523013659,-0.4097130833561382,0.20691184772048307,-0.5888773842635582,0.3828344302011217,-0.18012982324953994,-0.0017444048806846968,-0.001027014165901785,-0.001694769820727332,-0.0009655223421199954,0.027550090538432465,-0.9996174817855982,198.62361725967102,-87.15816634530051,99.12875942921912,-43.462764233024394,99.49615941556712,-43.695829370832044,99.31245942239312,-43.57929680192822,-0.0013015851152147206,0.0004272585559306208,-7.471252447187827,-53.87459152970429,-54.19704907136504,-2.554796895088267e-05,-0.03444506375021273,0.03475739789990939
1.276,0.2026273038976294,-0.5918806366857802,-0.17798772979741362,-0.40879186174959686,-0.17793692598938335,-0.40872988825521417,0.2060770404162845,-0.5898942620456764,0.38231450005035544,-0.18212657436332277,-0.0017502701633426848,-0.0010241740672431998,-0.001699466355312415,-0.0009622005728605609,0.026389844263558462,-0.9996483243681338,197.8911785276262,-87.83418079704397,98.76328497556963,-43.80000709122753,99.12918957555638,-44.03461392281259,98.946237275563,-43.91731050702006,-0.0012960234998047326,0.00044021699615370835,-7.463362359722464,-53.859069554691565,-54.18617508157262,-2.9548227744335383e-05,-0.03447072407310132,0.03492745406302333
1.2768,0.20177797768745503,-0.5928880451323443,-0.17830526492447302,-0.40781109454408276,-0.1782532910509497,-0.4077486652546605,0.2052382930428668,-0.590907846534972,0.38178741335287225,-0.18411806593428648,-0.0017561446144675474,-0.0010213139433973284,-0.0017041707409442275,-0.000958884653975034,0.025228857377449565,-0.9996778257330298,197.15596952061674,-88.49994899924758,98.3964254402205,-44.132136468665585,98.76083441936905,-44.36826557149846,98.57862992979477,-44.250201020082024,-0.0012903389728080583,0.0004530409164686944,-7.45545966895568,-53.84352263833896,-54.17520994088443,-3.3655751362495254e-05,-0.03449691050722223,0.035097085620805046
1.2776,0.20092471322162153,-0.5938921407827825,-0.17861961199441248,-0.4068322765809667,-0.17856646729408712,-0.4067694175007289,0.2043956245865713,-0.5919181325350708,0.3812532085483462,-0.18610428961807882,-0.0017620280326375581,-0.0010184336639748048,-0.0017088833323122138,-0.0009555745837370178,0.02406712925984661,-0.9997059836997744,196.41814534297202,-89.15551422826664,98.02825822704793,-44.45917390912642,98.39117165093057,-44.69680604877693,98.20971493898925,-44.57798997895168,-0.001284535006476517,0.0004657296367156505,-7.447544807610738,-53.82795156881226,-54.164152917901674,-3.786822948442788e-05,-0.03452362684126428,0.03526630709612277
1.2784,0.20006752924566257,-0.5948929183856401,-0.17893079018195968,-0.40585541080220355,-0.17887647445300922,-0.40579214805231234,0.20354905394612235,-0.5929251149273905,0.3807119239133769,-0.18808523722925735,-0.001767920214705121,-0.0010155331040703763,-0.0017136044857546662,-0.0009522703541791633,0.022904659278408013,-0.9997327960837732,195.6778587477618,-89.80092198357262,97.65885956770015,-44.781142066025126,98.02027779510655,-45.02025820010813,97.83956868140335,-44.90070013306663,-0.0012786150448960143,0.00047828256063553454,-7.439618203007679,-53.81235712447726,-54.1530032893203,-4.2183305459168456e-05,-0.03455087685143058,0.03543513344683902
1.2792,0.19920644441781024,-0.5958903727655148,-0.17923881858514668,-0.40488050007495974,-0.17918333218839672,-0.40481685988169064,0.20269859993286377,-0.5939287886701665,0.38016359756210866,-0.19006090073951548,-0.001773820955901742,-0.0010126121443087,-0.0017183345591517962,-0.0009489719510396011,0.021741446788565308,-0.9997582606961658,194.93526011973958,-90.43621990855544,97.28830451307317,-45.09806466290586,97.64822818916858,-45.33864594482351,97.46826635112087,-45.21835530386468,-0.0012725825021675519,0.0004906991739233035,-7.4316802771061665,-53.79674007372366,-54.141760340259715,-4.659857702279142e-05,-0.03457866430028753,0.03560358006524211
1.28,0.19834147730922402,-0.5968844988221018,-0.17954371622582432,-0.4039075471924339,-0.17948706008765883,-0.40384355587526716,0.20184428127099718,-0.5949291487974905,0.37960826744685217,-0.19203127227594563,-0.0017797300499693275,-0.001009670670889029,-0.0017230739118038324,-0.0009456793537223063,0.020577491133369027,-0.9997823753436466,194.19049746057155,-91.06145771213544,96.91666692592644,-45.40996645434916,97.27509697540617,-45.651994236828585,97.0958819506663,-45.53098034558887,-0.0012664407610429862,0.0005029790423094482,-7.423731446548355,-53.781101174697206,-54.13042336461895,-5.1111596964370974e-05,-0.0346069929355519,0.03577166277534616
1.2808,0.19747264640422885,-0.5978752915292206,-0.1798455020501729,-0.4029365548746874,-0.17978767766522627,-0.4028722388343092,0.20098611659782603,-0.5959261904183497,0.37904597135872703,-0.19399634411928685,-0.0017856472892719133,-0.0010067085756245153,-0.0017278229043252713,-0.0009423925352463614,0.019412791643327848,-0.9998051378282834,193.44371637630695,-91.67668709122324,96.54401947461682,-45.71687318729929,96.90095709486135,-45.96032902573337,96.72248828473909,-45.838601106516336,-0.0012601931712197256,0.0005151218094283649,-7.415772122701893,-53.765441175118376,-54.11899166539337,-5.571987381797957e-05,-0.03463586648895235,0.03593939783254996
1.2816,0.19659997010055377,-0.5988627459338782,-0.1801441949291901,-0.4019675257694457,-0.1800852043628052,-0.40190291147565704,0.20012412446399874,-0.5969199087156855,0.3784767469282739,-0.19595610870223046,-0.0017915724649149312,-0.0010037257559907253,-0.0017325818985300528,-0.0009391114622020469,0.01824734763627861,-0.9998265459473332,192.6950600669832,-92.28196165409214,96.17043362789727,-46.01881156284753,96.52588028213363,-46.26367721843954,96.34815695501544,-46.141244390643536,-0.0012538430476922713,0.0005271271949283118,-7.407802711703326,-53.749760812056905,-54.107464555011006,-6.042087254697351e-05,-0.03466528867508137,0.036106801922045406
1.2824,0.19572346670957563,-0.5998468571553188,-0.18043981365922432,-0.40100046245288323,-0.18037965954966362,-0.4009355764324473,0.199258323333755,-0.5979102989454518,0.3779006316261093,-0.19791055860772003,-0.0017975053668700391,-0.0010007221151513979,-0.0017373512573093247,-0.0009358360947155364,0.017081158417221354,-0.9998465974930506,191.9446693183455,-92.87733684470464,95.79597965077022,-46.31580919849197,96.14993706124467,-46.5620666412051,95.97295835600744,-46.438937919848534,-0.001247393669387975,0.0005389949924250459,-7.399823614501102,-53.73406081173586,-54.09584135567869,-6.521201529096252e-05,-0.03469526319017442,0.03627389215611743
1.2832,0.19484315445655834,-0.6008276203840986,-0.1807323769624542,-0.40003536743041157,-0.18067106252289794,-0.3999702362548066,0.19838873158517628,-0.5988973564356891,0.3773176627635434,-0.19985968656728478,-0.0018034457840871015,-0.0009976975620073492,-0.0017421313445308284,-0.0009325663864023226,0.01591422327819124,-0.9998652902525029,191.19268249557248,-93.46286986803045,95.42072660134193,-46.60789459088854,95.77319674250889,-46.855526002209444,95.59696167192541,-46.731710296549,-0.0012408482783428099,0.0005507250675407249,-7.391835226899259,-53.71834188933768,-54.08412139966727,-7.009068204142151e-05,-0.034725793711111896,0.036440686074229234
1.284,0.1939590514809019,-0.6018050308811591,-0.1810219034874497,-0.39907224313743506,-0.18095943250770397,-0.39900689341054935,0.19751536751043397,-0.5998810765856047,0.37672787749324477,-0.20180348545938973,-0.0018093935046389065,-0.0009946520112200097,-0.0017469225248931686,-0.0009293022843343546,0.014746541498091098,-0.999882622007374,190.43923553897815,-94.03861961641192,95.04474232866318,-46.895097079129,95.39572742039246,-47.14408485463855,95.22023487452782,-47.019590966883776,-0.0012342100774844766,0.0005623173556301708,-7.383837939600408,-53.70260474874418,-54.07230402974203,-7.505421140409612e-05,-0.03475688389390492,0.036607201638673814
1.2848,0.19307117583639183,-0.602779083976914,-0.1813084118096367,-0.3981110919401068,-0.18124478865765206,-0.3980455502858641,0.19663824931604817,-0.6008614548646587,0.37613131280986434,-0.20374194830780093,-0.0018153483158204892,-0.0009915853832490051,-0.0017517251638358572,-0.0009260437290062873,0.013578112342575624,-0.9998985905337717,189.68446196159024,-94.6046465969909,94.6680934715043,-47.177446808542584,95.01759597231643,-47.42777356030851,94.84284472191037,-47.302610184425546,-0.0012274822304902955,0.0005737718601892539,-7.375832138249605,-53.68685008241738,-54.06038859937799,-8.009990131898168e-05,-0.03478853737295566,0.036773457234403395
1.2856,0.1921795454914443,-0.6037497750703438,-0.1815919204318404,-0.3971519161360772,-0.18152715005495706,-0.39708620918598914,0.19575739512313586,-0.6018384868116654,0.3755280055506888,-0.20567506827997142,-0.001821310004287438,-0.0009884976043832427,-0.0017565396274041162,-0.0009227906542951803,0.01240893506389136,-0.9999131936020378,188.92849284856445,-95.16101286025139,94.29084545804855,-47.45497469505735,94.63886805837583,-47.7066232538444,94.46485675821219,-47.58079897445087,-0.0012206678599397947,0.0005850886503537822,-7.3678182034777295,-53.671078571152094,-54.04837447316302,-8.522500974559083e-05,-0.03482075775958961,0.03693947166649991
1.2864,0.191284178329364,-0.6047170996280953,-0.1818724477847996,-0.3961947179551979,-0.18180653571075103,-0.3961288723358806,0.19487282296767414,-0.6028121680338946,0.3749179923962944,-0.20760283868545568,-0.0018272783561793515,-0.0009853886067589523,-0.0017613662821307774,-0.0009195429874417349,0.011239008900743752,-0.9999264289765342,188.17145685835425,-95.70778192970502,93.9130625064588,-47.72771239013093,94.25960812194248,-47.980665807433446,94.08633531420064,-47.854189098782186,-0.0012137700470304935,0.0005962678593505188,-7.359796510944866,-53.655290883911384,-54.03626102708949,-9.042675554109395e-05,-0.03485354864108343,0.037105264156934936
1.2872,0.19038509214859006,-0.6056810531835973,-0.18215001222769275,-0.3952394995602502,-0.1820829645653428,-0.39517354188086734,0.19398455080075633,-0.6037824942061911,0.3743013098711909,-0.20952525297433547,-0.0018332531572581162,-0.000982258328394492,-0.001766205494908163,-0.0009163006490117143,0.010068333078155425,-0.9999382944154529,187.41348022557278,-96.2450187327387,93.53480762629073,-47.99569224626013,93.8798793911122,-48.2499337961608,93.70734350870146,-48.12281302121046,-0.0012067918301283953,0.0006073096822234447,-7.3517674313839425,-53.6394876775754,-54.024047648924366,-9.570231912920459e-05,-0.03488691357929206,0.03727085434255173
1.288,0.18948230466296606,-0.6066416313361734,-0.18242463204863255,-0.39428626304764613,-0.18235645548850252,-0.3942202198873069,0.19309259648885244,-0.6047494610700945,0.3736779943444768,-0.21144230473565748,-0.0018392341930082018,-0.0009791067132091102,-0.0017710576328781868,-0.0009130635528697972,0.008896906807341717,-0.9999487876706105,186.6546867654885,-96.77278953265589,93.15614262071894,-48.258947283084105,93.49974388097326,-48.51446046394541,93.32794325084609,-48.38670387351476,-0.0011997362036879622,0.0006182143736310763,-7.343731330644294,-53.62366959686415,-54.01173373848198,-0.0001010488432828633,-0.03492085610969783,0.03743626227341679
1.2888,0.18857583350198062,-0.6075988297501762,-0.1826963254652217,-0.393335010448108,-0.18262702727971653,-0.3932689083432322,0.1921969778140741,-0.6057130644329718,0.3730480820304965,-0.2133539876959039,-0.0018452212487993225,-0.0009759337110401001,-0.0017759230632941464,-0.000909831606164313,0.007724729285558257,-0.999957906487244,185.89519788008084,-97.29116186194013,92.7771280895427,-48.51751115410065,93.11926239665634,-48.77427969008576,92.94819524309952,-48.645895422093204,-0.0011926061181952718,0.0006289822462832717,-7.3356885697350425,-53.60783727403483,-53.99931870798376,-0.00010646343388571327,-0.03495537974012361,0.03760150840832921
1.2896,0.18766569621103854,-0.6085526441541185,-0.18296511062504808,-0.3923857437273454,-0.18289469866846178,-0.3923196091589716,0.191297712474436,-0.6066733001671551,0.3724116089894922,-0.2152602957174783,-0.0018512141099918805,-0.0009727392776686106,-0.001780802153405578,-0.0009066047092947671,0.006551799695982338,-0.9999656486037953,185.13513256559486,-97.80020445675302,92.39782343293932,-48.771418113994095,92.73849453713464,-49.02942595642777,92.56815898503697,-48.90042203521094,-0.0011854044790879925,0.0006396136688522347,-7.327639504868621,-53.59199132877437,-53.98680198236189,-0.00011194316078808906,-0.03499048794961726,0.03776661361339961
1.2904,0.18675191025172005,-0.6095030703398151,-0.1832310056062197,-0.3914384647867225,-0.18315948831447335,-0.3913723241677938,0.1903948180841241,-0.6076301642090912,0.3717686111282686,-0.21716122279719502,-0.001857212562075189,-0.0009695233748263088,-0.0017856952703288465,-0.0009033827558975749,0.005378117207575556,-0.9999720117517112,184.37460742154065,-98.29998719268522,92.01828685593779,-49.02070298659008,92.35749869974885,-49.27993431515896,92.18789277784332,-49.150318650874524,-0.0011781341459879968,0.000650109063826676,-7.319584487504173,-53.57613236800976,-53.97418299958055,-0.00011748505850871955,-0.035026184187285744,0.03793159915861111
1.2912,0.18583449300203825,-0.6104501041615413,-0.183494028417897,-0.3904931754638923,-0.18342141480800261,-0.39042705512651227,0.189488312173761,-0.6085836525584969,0.37111912420084936,-0.21905676306481683,-0.001863216390808567,-0.0009662859702121995,-0.0017906027809141967,-0.0009001656328322394,0.004203680974949817,-0.9999769936552214,183.61373666105638,-98.79058102178705,91.63857537357305,-49.265401133448776,91.97633208541569,-49.52584035724397,91.80745372949437,-49.39562074534638,-0.0011707979323603013,0.0006604689057070345,-7.311523864390775,-53.56026098568891,-53.961461210969055,-0.00012308612712062878,-0.03506247187112235,0.038096486713584454
1.292,0.18491346175670742,-0.6113937415351837,-0.18375419700079215,-0.3895498775334501,-0.18368049667009098,-0.38948380371610625,0.18857821219067566,-0.6095337612775206,0.3704631838091331,-0.22094691078157394,-0.0018692253823347077,-0.0009630270375035055,-0.001795525051633537,-0.0008969532201596464,0.0030284901382499757,-0.9999805920311302,182.85263212259338,-99.27205791086925,91.25874481669979,-49.50554842308866,91.59505070449832,-49.767180181499654,91.42689776059905,-49.636364302294155,-0.0011633986047172584,0.0006706937190585904,-7.303457977611001,-53.54437776267596,-53.94863608148885,-0.00012874333300203885,-0.035099354386957875,0.03826129834627068
1.2928,0.18398883372741098,-0.6123339784374149,-0.1840115292277193,-0.38860857270754967,-0.18393675235282417,-0.3885425715423172,0.1876645354991749,-0.6104804864899163,0.3698008254035646,-0.22283166033873214,-0.0018752393233295167,-0.0009597465563655483,-0.0018004624484343895,-0.0008937453911330717,0.001852543823021205,-0.999982804588599,182.09140328285082,-99.74449078111515,90.87884983843036,-49.74118120086797,91.21370938330315,-50.00399036432395,91.04627961086675,-49.87258578259596,-0.0011559388826754002,0.0006807840767777407,-7.2953871646238175,-53.528483266514925,-53.935707090105076,-0.00013445360966442995,-0.035136835087126075,0.03842605651766462
1.2936,0.18306062604306197,-0.6132708109048641,-0.18426604290410672,-0.38766926263651763,-0.1841902002396082,-0.38760336013624874,0.1867472993808108,-0.6114238243802232,0.36913208428379385,-0.2247110062561605,-0.0018812580011236812,-0.0009564445124549126,-0.001805415336625149,-0.0008905420121859686,0.000675841140078931,-0.9999836290289269,181.3301572709041,-100.20795344898653,90.49894392116701,-49.972336259507664,90.83236177117513,-50.23630793007673,90.66565284617107,-50.104322094792195,-0.0011484214380459434,0.0006907405978608949,-7.287311758307819,-53.51257805131068,-53.922673730042035,-0.00014021385858061143,-0.03517491728949702,0.038590784079730156
1.2944,0.18212885575007404,-0.6142042350333017,-0.18451775576852172,-0.38673194890944496,-0.18444085864541118,-0.3866661709549501,0.18582652103465752,-0.6123637711929513,0.3684569955993322,-0.22658494318092895,-0.0018872812038470133,-0.0009531208974226102,-0.0018103840807364574,-0.0008873429429278046,-0.0005016188146006739,-0.999983063045324,180.56899888346305,-100.66252056844472,90.11907938419859,-50.19905081027295,90.4510603481591,-50.46417032211764,90.28506986617884,-50.331610566195295,-0.0011408488946358375,0.0007005639458697033,-7.279232087004282,-53.496662657526386,-53.90953550911406,-0.0001460209500658428,-0.035213604276243135,0.03875550427048324
1.2952,0.18119353981263278,-0.6151342469768284,-0.18476668549320943,-0.3857966330547769,-0.18468874581703854,-0.3857310053820032,0.1849022175775837,-0.6133003232317762,0.36777559435023227,-0.22845346588591223,-0.0018933087205609128,-0.0009497757089129144,-0.0018153690443900167,-0.0008841480361392318,-0.0016798369600157376,-0.9999811043226923,179.8080306012187,-101.10826757449028,89.73930739184028,-50.42136245481127,90.06985643320658,-50.687615374505924,89.90458191252344,-50.5544889146586,-0.0011332238281909213,0.0007102548269131148,-7.271148474559844,-53.48073761183274,-53.89629195002756,-0.00015187172407989065,-0.035252899292694324,0.03892024071009814
1.296,0.18025469511296477,-0.6160608429470741,-0.1850128496845976,-0.3848633165409038,-0.18493387993339191,-0.3847978647280969,0.1839744060445263,-0.6142334768587431,0.3670879153877403,-0.23031656926840824,-0.0018993403413836152,-0.0009464089505689111,-0.0018203705901779083,-0.0008809571377620951,-0.0028588142302492237,-0.999977750537409,179.04735260620234,-101.54527062801391,89.35967796207868,-50.639309157642735,89.68880019288966,-50.90668128435919,89.52423907748417,-50.77299522100096,-0.001125548765998019,0.0007198139880131293,-7.263061240369549,-53.46480342697134,-53.882942590650615,-0.00015776299100498883,-0.035292805546272385,0.039085017398349464
1.2968,0.17931233845161,-0.6169840192124025,-0.18525626588383867,-0.38393200077669204,-0.18517627910571716,-0.383866750231587,0.1830431033887685,-0.6151632284934768,0.36639399341496715,-0.23217424834880016,-0.0019053758576400154,-0.0009430206320153456,-0.0018253890795184857,-0.0008777700869103122,-0.00403855157458867,-0.9999729993570792,178.2870628001094,-101.97360656198205,88.98023997569726,-50.85292921931912,89.30794065059891,-51.121406584878095,89.14409031314808,-50.987167902098605,-0.0011178261867712536,0.0007292422151579103,-7.254970699419182,-53.44886060156955,-53.86948698433215,-0.00016369153266779086,-0.035333326205310114,0.039249858708501506
1.2976,0.17836648654769022,-0.6179037720971243,-0.1854969515673354,-0.3830026871120592,-0.1854159613778695,-0.38293766305906135,0.18210832648221456,-0.6160895746123985,0.36569386298755485,-0.23402649826920116,-0.001911415061995117,-0.0009396107688618982,-0.0018304248725292127,-0.0008745867158639897,-0.00521904995765006,-0.9999668484403217,177.5272568235435,-102.39335282893035,88.60104118586237,-51.06226125023238,88.9273256962015,-51.33183011902971,88.76418344103195,-51.19704568463105,-0.001110058520396251,0.0007385403317528016,-7.246877162327906,-53.43290961997741,-53.85592470018569,-0.0001696541030729964,-0.035374464397911136,0.039414789384125015
1.2984,0.17741715603919306,-0.6188200979807166,-0.1857349241472423,-0.382075376838513,-0.18565294472656485,-0.38201060430589256,0.1811700921156714,-0.6170125117479486,0.3649875585143358,-0.2358733142921298,-0.0019174577485778915,-0.0009361793826941911,-0.0018354783279004444,-0.0008714068500738081,-0.006400310359471348,-0.9999592954365354,176.76802807611355,-102.80458744977823,88.22212822813407,-51.26734414508248,88.54700209612773,-51.537991013892295,88.3845651621309,-51.402667579487385,-0.0011022481482427793,0.0007477091965455429,-7.2387809353907215,-53.41695095216194,-53.84225532334835,-0.00017564742928935842,-0.0354162232109073,0.03957983453506131
1.2992,0.17646436348323474,-0.6197329932970519,-0.18597020097202463,-0.3811500711896564,-0.18588724706163387,-0.38108557499678114,0.1802284169991238,-0.6179320364878244,0.3642751142580085,-0.23771469179921936,-0.0019235037131399152,-0.0009327265010514174,-0.0018405498027491696,-0.0008682303081761211,-0.0075823337756499715,-0.9999503379856569,176.0094677373395,-103.20738896396865,87.8435466308801,-51.468217058007944,88.16701550386207,-51.739928655663256,88.00528106737109,-51.6040728568356,-0.0010943974026815795,0.0007567497025462444,-7.230682320620309,-53.40098505349724,-53.82847845529596,-0.00018166821240127935,-0.035458605688665136,0.03974501963136845
1.3,0.17550812535634447,-0.6206424545336288,-0.18620279932695585,-0.38022677134171856,-0.1861188862262788,-0.3801625760863008,0.17928331776201517,-0.6188481454742153,0.3635565643357972,-0.23955062628991236,-0.0019295527531738715,-0.0009292521574156276,-0.0018456396524968166,-0.0008650569019978405,-0.008765121217437513,-0.9999399737179318,175.25166478831943,-103.60183638090368,87.46534082607047,-51.664919378359706,87.78741047081618,-51.9376826653186,87.62637564844333,-51.80130102183915,-0.001086508567226474,0.0007656627746257527,-7.2225816157893075,-53.38501236467951,-53.81459371408245,-0.00018771312833505786,-0.03550161483206154,0.039910370499626424
1.3008,0.1745484580547366,-0.6215484782308173,-0.18643273643464459,-0.3793054784140571,-0.18634787999731586,-0.37924160845942523,0.1783348109535298,-0.6197608354030489,0.3628319427201134,-0.24138111338019194,-0.0019356046680609612,-0.0009257563912001276,-0.001850748230732252,-0.0008618864365682044,-0.00994867371184703,-0.9999282002536742,174.49470603410074,-103.98800913269085,87.08755416042352,-51.85749070713074,87.40823045755423,-52.13129287492871,87.24789230898887,-51.99439179102973,-0.0010785838769891143,0.000774449368606156,-7.214479114472164,-53.36903331153711,-53.80060073462198,-0.00019377882876808386,-0.03554525359732488,0.04007591331796334
1.3016,0.1735853778945867,-0.6224510609811061,-0.18666002945558052,-0.3783861934696302,-0.18657424608543155,-0.3783226729320567,0.17738291304287165,-0.6206701030232502,0.3621012832392352,-0.24320614880133473,-0.0019416592592169657,-0.0009222392477146735,-0.0018558758890680066,-0.0008587187101412042,-0.011132992301776862,-0.9999150152030215,173.73867612671677,-104.36598702819254,86.71022890688313,-52.04597083403545,87.0295178453522,-52.3207993046263,86.86987337611767,-52.183385069330875,-0.0010706255185652935,0.0007831104692144208,-7.206375106086435,-53.35304830488536,-53.786499168976135,-0.00019986194208337384,-0.03558952489492255,0.0402416746098595
1.3024,0.1726189011123186,-0.623350199428357,-0.18688469548861536,-0.37746891751550915,-0.18679800213543318,-0.37740577025154703,0.17642764041954812,-0.6215759451359943,0.3613646195779576,-0.24502572839864759,-0.0019477163302058509,-0.0009187007781623624,-0.0018610229770236741,-0.0008555535142003023,-0.012318078046090919,-0.9999004161657037,172.98365758883892,-104.7358502083447,86.3334062764041,-52.23039971521954,86.65131394806443,-52.50624214021369,86.49236011223427,-52.36832092771662,-0.0010626356296086215,0.0007916470885334093,-7.198269875934731,-53.3370577404429,-53.77228868656633,-0.00020595907416982637,-0.03563443158853835,0.04040768124104943
1.3032,0.17164904386487242,-0.6242458902670666,-0.1871067515715089,-0.376553651503317,-0.18701916572648916,-0.37649090109721506,0.17546900939365292,-0.6224783585939807,0.3606219852782617,-0.2468398481302576,-0.001953775686900125,-0.0009151410395938364,-0.0018661898418803613,-0.0008523906334919618,-0.013503932019736362,-0.9998844007307897,172.22973083799394,-105.0976791027699,85.95712643001869,-52.410817451618676,86.27365902427528,-52.68766171141608,86.11539272714698,-52.54923958151738,-0.001054616300024236,0.0008000602648507993,-7.190163705245735,-53.32106199865023,-53.757968974444466,-0.00021206680942597114,-0.03567997649401318,0.040573960412586985
1.304,0.1706758222299844,-0.6251381302416412,-0.1873262146814548,-0.3756403963296789,-0.18723775437237136,-0.3755780660808442,0.17450703619614466,-0.6233773403007072,0.3598734137399776,-0.24864850406591268,-0.0019598371376218504,-0.0009115600948843006,-0.0018713768285384264,-0.0008492298460496261,-0.014690555313848552,-0.9998669664764357,171.47697421130783,-105.45155438765401,85.58142849116632,-52.58726426794653,85.89659228971304,-52.86509847076826,85.73901039043969,-52.72618136935739,-0.0010465695715424772,0.0008083510607690414,-7.182056871215153,-53.30506144451731,-53.74353973756645,-0.000218181711724197,-0.0357261623781548,0.04074053965453572
1.3048,0.1696992522064786,-0.6260269161456629,-0.18754310173557087,-0.3747291528367002,-0.18745378552171724,-0.3746672657471948,0.17354173697913944,-0.6242728872097455,0.3591189382214531,-0.2504516923857567,-0.0019659004932572333,-0.0009079580127114295,-0.0018765842794035842,-0.0008460709232059327,-0.01587794903583503,-0.9998481109696518,170.72546399074727,-105.79755694486582,85.20635055827215,-52.7597804922994,85.52015192991313,-53.03859297312834,85.36325124409264,-52.89918673271387,-0.0010384974380031053,0.0008165205619263816,-7.173949647046811,-53.28905642756452,-53.72900069897491,-0.00022430032522070077,-0.03577299195785067,0.04090744682312675
1.3056,0.1687193497145349,-0.6269122448211816,-0.18775742959143998,-0.373819921812364,-0.1876672765582529,-0.37375850057449705,0.17257312781618447,-0.6251649963240389,0.35835859184020613,-0.2522494093791797,-0.0019719655674183267,-0.0009043348675048524,-0.001881812534231253,-0.0008429136296378426,-0.017066114309486763,-0.9998278317660407,169.97527442878263,-106.13576782233254,84.83192971753506,-52.928406536392465,85.14437511309359,-53.20818585581559,84.98815241531432,-53.06829619610403,-0.0010304018460089992,0.0008245698755189323,-7.165842301993132,-53.273047281638156,-53.714351600083255,-0.00023041917537857458,-0.0358204678988621,0.04107471009203323
1.3064,0.1677361305959729,-0.6277941131579972,-0.18796921504761765,-0.37291270399096016,-0.18787824480103746,-0.37285177097493544,0.17160122470255157,-0.6260536646951878,0.3575924075735898,-0.25404165144364466,-0.001978032176579436,-0.0009006907394170094,-0.0018870619299992258,-0.0008397577233923426,-0.018255052275065325,-0.9998061264095403,169.2264777744691,-106.46626819563414,84.45820205592469,-53.09318287640005,84.76929800323919,-53.3739178193631,84.61375002958194,-53.233550347881575,-0.001022284694784048,0.0008325001290074852,-7.1577351013955965,-53.25703432477943,-53.69959220088298,-0.0002365347699648743,-0.03586859281487103,0.04124235794736819
1.3072,0.16674961061453836,-0.6286725180929611,-0.18817847484413597,-0.37200750005351246,-0.18808670750470932,-0.37194707729513865,0.17062604355551678,-0.6269388894227578,0.3568204182594502,-0.2558284150835339,-0.0019841001402025327,-0.000897025714288624,-0.0018923328007758866,-0.0008366029559147559,-0.019444764089395078,-0.999782992432185,168.47914429989004,-106.7891393308109,84.08520267436029,-53.254150034401476,84.3949557733667,-53.53582960887809,84.24007922386349,-53.39498982163978,-0.0010141478369405377,0.000840312468668003,-7.14962830672501,-53.241017859140655,-53.684722280161374,-0.00024264359985965635,-0.035917369266392205,0.0414104191825686
1.308,0.16575980545617908,-0.6295474566092725,-0.18838522566302773,-0.371104310628151,-0.18829268185972256,-0.3710444198166588,0.16964760021464675,-0.6278206676535834,0.3560426565967881,-0.257609696909023,-0.001990169280886425,-0.0008933398835906936,-0.0018976254775812523,-0.00083344907209848,-0.02063525092596223,-0.9997584273538329,167.73334232692574,-107.10446254837294,83.71296570104988,-53.41134856042783,84.02138261895469,-53.69396199600344,83.86717416000229,-53.55265527821564,-0.0010059930788486326,0.0008480080583410654,-7.14152217562134,-53.224998170851194,-53.669741635708206,-0.00024874214016591147,-0.035966799759850746,0.04157892289046572
1.3088,0.1647667307293317,-0.6304189257357895,-0.18858948412881488,-0.3702031362905214,-0.18849618499258092,-0.3701437987564425,0.1686659104420875,-0.6286989965810853,0.3552591551464075,-0.25938549363495544,-0.0019962394244948806,-0.0008896333443915716,-0.001902940288260907,-0.0008302958103126312,-0.02182651397498829,-0.9997324286819194,166.98913825431507,-107.41231918848393,83.34152430497738,-53.56481901509191,83.64861177151778,-53.848355761470074,83.49506803824758,-53.706587388280994,-0.0009978221800963638,0.0008555880780534153,-7.133416961933654,-53.20897552991572,-53.65465008450901,-0.0002548268510678203,-0.03601688674656579,0.04174789845873761
1.3096,0.1637704019651984,-0.6312869225463478,-0.18879126680905695,-0.3693039775641368,-0.18869723396606272,-0.36924521426729084,0.16768098992284444,-0.6295738734445897,0.35446994633158124,-0.2611558020797549,-0.0020023104003201314,-0.0008859061993020667,-0.0019082775573259214,-0.0008271429024560573,-0.02301855444353841,-0.9997049939111826,166.24659658497225,-107.7127905773213,82.97091070951745,-53.7146019528093,83.27667551231056,-53.999051678234935,83.12379311091401,-53.85682681552212,-0.000989636855763365,0.0008630537229379343,-7.125312915759253,-53.19295019001746,-53.639447463021924,-0.00026089417892915254,-0.03606763262147158,0.0419173755604163
1.3104,0.16277083461803987,-0.6321514441590728,-0.18899059021481102,-0.3684068349207603,-0.18889584577947535,-0.36834866643834063,0.16669285426507438,-0.6304452955286555,0.35367506243870034,-0.26292061916431364,-0.002008382041185086,-0.0008821585564184886,-0.001913637605849422,-0.0008239900739988038,-0.024211373555586058,-0.9996761205234146,165.50577995353592,-108.00595799456825,82.60115620616352,-53.86073790557773,82.9056051861472,-54.14609049519234,82.75338069615536,-54.00341420038504,-0.0009814387748008357,0.0008704062018267678,-7.117210283483246,-53.17692238854388,-53.624133627257045,-0.00026694055715638154,-0.03611903972258118,0.042087384149851914
1.3112,0.1617680440654446,-0.6330124877357172,-0.18918747080116027,-0.3675117087807487,-0.1890920373688646,-0.3674541552954968,0.16570151900036717,-0.6313132601624096,0.3528745356179184,-0.2646799419109407,-0.0020144541836091268,-0.0008783905292796268,-0.0019190207513134494,-0.0008208370440278001,-0.025404972552106553,-0.9996458059871861,164.76674915409453,-108.29190264204777,82.23229116834787,-54.00326736733101,82.53543121530893,-54.289512921452996,82.3838611918284,-54.146390144392,-0.0009732295622768561,0.0008776467362281437,-7.109109307817395,-53.160892346356086,-53.60870845303705,-0.0002729624072845851,-0.03617111032966673,0.0422579544545556
1.312,0.16076204560862306,-0.6338700504809849,-0.18938192496770204,-0.36661859951340636,-0.18928582560726523,-0.36656168080190843,0.16470699958403656,-0.6321777647188819,0.35206839788381344,-0.266433767442276,-0.0020205266679251543,-0.0008746022368004702,-0.0019244273074883606,-0.0008176835253025372,-0.02659935269115382,-0.9996140477575908,164.02956316809363,-108.57070561345938,81.86434506534897,-54.14223077883986,82.16618311354325,-54.429359611178604,82.0152640894461,-54.28579519500923,-0.0009650107985805789,0.0008847765590758172,-7.101010227838966,-53.144860267769275,-53.593171836114976,-0.00027895613988110146,-0.036223846663536084,0.04242911696880469
1.3128,0.15975285447268814,-0.6347241296418771,-0.1895739690590538,-0.36572750743729837,-0.18947722730491198,-0.36567124285839836,0.1637093113954018,-0.6330388066143559,0.35125668111602787,-0.26818209298026807,-0.002026599338427734,-0.00087079380321059,-0.0019298575842859184,-0.0008145292243106339,-0.027794515247937926,-0.9995808432759647,163.29427919235334,-108.84244786521666,81.4973464762561,-54.277668513164315,81.79788950011798,-54.565671148966125,81.64761798818704,-54.421669831065216,-0.0009567840207296285,0.0008917969137769433,-7.092913279029066,-53.128826340409,-53.577523692391125,-0.0002849181556536488,-0.03627725088492299,0.042600902445343536
1.3136,0.15874048580693534,-0.635574722507036,-0.1897636193653567,-0.36483843282057404,-0.18966625920946775,-0.3647828413039052,0.16270846973807748,-0.6338963833077197,0.35043941705991866,-0.2699249158451382,-0.0020326720435155515,-0.0008669653579925218,-0.0019353118876266062,-0.000811373841323737,-0.02899046151490582,-0.9995461899696174,162.56095266720155,-109.10721018835477,81.13132310399112,-54.409620861638224,81.43057811393277,-54.69848803576933,81.28095060896194,-54.55405444870378,-0.0009485507223416789,0.0008987090527909913,-7.084818693310833,-53.1127907350847,-53.561763958073314,-0.0002908448464514207,-0.03633132509351275,0.042773341888164396
1.3144,0.15772495468512993,-0.636421826406091,-0.18995089212274413,-0.36395137588129267,-0.18985293800626074,-0.36389647591593316,0.16170448984026078,-0.6347504922998186,0.3496166373271978,-0.27166223345434193,-0.0020387446358071243,-0.0008631170358159856,-0.0019407905193237346,-0.0008082170704564184,-0.03018719280180708,-0.9995100852515677,161.8296373046839,-109.36507318148408,80.76630178936841,-54.53812802037417,81.06427582767031,-54.827850675346994,80.91528880851936,-54.682989347860584,-0.0009403123548281656,0.0009055142370897329,-7.076726699087693,-53.096753605762714,-53.54589258976627,-0.00029673259621123237,-0.03638607132726699,0.04294646654614098
1.3152,0.1567062761057887,-0.6372654387090266,-0.1901358035138548,-0.3630663367877064,-0.19003728031849906,-0.36301214641097096,0.1606973868550152,-0.6356011311328255,0.3487883733965789,-0.27339404332158734,-0.0020448169722911275,-0.0008592489764683298,-0.001946293776935365,-0.0008050585997328441,-0.031384710435774996,-0.9994725265202649,161.10038511681444,-109.61611722479418,80.40230852517539,-54.66323007729514,80.69900866196627,-54.953799361233756,80.55065859357083,-54.80851471926445,-0.0009320703272237552,0.000912213734721945,-7.068637521280705,-53.08071508941602,-53.52990956466991,-0.00030257778202519634,-0.03644149156130581,0.04312030790410404
1.316,0.15568446499246735,-0.6381055568255327,-0.19031836966830717,-0.36218331565854756,-0.19021930270749246,-0.3621298524449246,0.15968717586055706,-0.6364482973896077,0.347954656614412,-0.2751203430558341,-0.002050888914452209,-0.0008553613247740399,-0.0019518219536374948,-0.0008018981111510559,-0.03258301576138761,-0.9994335111593063,160.37324644385708,-109.86042245505975,80.03936847026877,-54.78496699966408,80.3348017995956,-55.07637426421573,80.18708513493218,-54.930670631939904,-0.0009238260072663707,0.0009188088200602351,-7.0605513813661736,-53.06467530597509,-53.513814880698654,-0.0003083767752296332,-0.0364975877070609,0.04329489767522432
1.3168,0.15465953619403539,-0.6389421782043848,-0.19049860666319213,-0.36130231256331374,-0.1903990216728728,-0.36124959361353876,0.1586738718605466,-0.6372919886931001,0.34711551819532344,-0.2768411303603162,-0.0020569603284152777,-0.0008514542305299022,-0.0019573753380959374,-0.0007987352807548587,-0.033782110140741464,-0.9993930365371687,159.64826998260656,-110.09806874164623,79.67750596367011,-54.90337862211206,79.97167959965844,-55.19561542030693,79.82459278166428,-55.04949702120949,-0.000915580721994047,0.0009253007727494378,-7.052468497412738,-53.048634358184046,-53.4976085565921,-0.0003141259423589924,-0.036554361611473254,0.04347026779308294
1.3176,0.1536315044849712,-0.6397753003328083,-0.19067653052353709,-0.3604233275225296,-0.1905764536528152,-0.3603713694528137,0.15765748978436803,-0.6381322027056899,0.3462709892228457,-0.27855640303157747,-0.0020630310850593553,-0.0008475278484171289,-0.001962954214337481,-0.0007955697787012106,-0.034981994953506526,-0.9993511000069207,158.9255028146461,-110.3291356634879,79.3167445386502,-55.01850463515167,79.60966561175357,-55.31156271921314,79.46320507520188,-55.16503367718241,-0.0009073357576596663,0.0009316908769108068,-7.0443890841183325,-53.032592331597115,-53.48129063203412,-0.0003198216462646979,-0.03661181505610151,0.04364645040379855
1.3184,0.15260038456563255,-0.6406049207358666,-0.19085215722281673,-0.3595463605079952,-0.1907516150242459,-0.35949517943941756,0.15663804448741975,-0.6389689371285999,0.3454211006500575,-0.2802661589585269,-0.0020691010601790183,-0.0008435823379221441,-0.001968558861608169,-0.0007924012693444893,-0.03618267159700517,-0.9993076989059395,158.20499043456167,-110.55370248702494,78.95710693679203,-55.130384574170066,79.24878259013116,-55.42425589327505,79.1029447634616,-55.27732023372256,-0.0008990923615215252,0.0009379804201898878,-7.036313352846561,-53.0165492943858,-53.4648611677931,-0.00032546024717422354,-0.036669949756172195,0.043823477856307136
1.3192,0.1515661910625523,-0.6414310369758413,-0.19102550268337806,-0.35867141144305936,-0.19092452210307764,-0.3586210229911005,0.15561555075139952,-0.6398021897012833,0.34456588330020377,-0.28197039612148234,-0.0020751701345738116,-0.0008396178632584794,-0.001974189554273406,-0.0007892294112995524,-0.03738414148625194,-0.9992628305556422,157.4867767780946,-110.77184814506256,78.59861512202274,-55.23905780887753,78.88905250781313,-55.53373450687798,78.74383381491793,-55.386396157877755,-0.0008908517412749006,0.0009441706929464999,-7.028241511663388,-53.00050529739959,-53.448320245734735,-0.0003310381036286781,-0.03672876736003073,0.0440013826967629
1.32,0.1505289385287131,-0.642253646651627,-0.19119658277695445,-0.3577984802028115,-0.1910951911443977,-0.3577488994670948,0.15459002328458746,-0.6406319582008201,0.34370536786732636,-0.28366911259127037,-0.0020812381942155456,-0.0008356345932618026,-0.0019798465616587962,-0.0007860538575450993,-0.0385864060540258,-0.9992164922611766,156.770904250201,-110.98365121655901,78.24129029459871,-55.34456353322592,78.53049657066884,-55.64003794632054,78.38589343263378,-55.49230073977323,-0.0008826150665584009,0.0009502629874447166,-7.020173765372789,-52.98446037398067,-53.43166796899687,-0.0003365515737579374,-0.036788269448099445,0.044180197655947495
1.3208,0.14948864144383436,-0.6430727473981209,-0.19136541332512072,-0.35692756661434205,-0.19126363834269836,-0.35687880816851336,0.15356147672213827,-0.6414582404413197,0.34283958491689587,-0.28536230652829264,-0.0020873051303631346,-0.0008316327013149216,-0.00198553014794077,-0.0007828742554862322,-0.03978946675092322,-0.999168681311148,156.05741375302202,-111.18918990729449,77.88515290504806,-55.44694075576039,78.17313523144276,-55.743205410130926,78.02914406824542,-55.59507308294566,-0.0008743834688118568,0.0009562585968296844,-7.012110315552641,-52.968414539918584,-53.41490446203639,-0.0003419970162182682,-0.03684845753209791,0.044359955643557214
1.3216,0.14844531421465193,-0.6438883368856338,-0.191532010099731,-0.35605867045694395,-0.1914298798320809,-0.3560107483387517,0.15252992562635737,-0.6422810342733325,0.3419685648864106,-0.28704997618163536,-0.002093370839677769,-0.0008276123652468104,-0.0019912405720276666,-0.000779690247054543,-0.040993325045401305,-0.999119394977331,155.34634471371666,-111.38854203141139,77.53022266804231,-55.546228290408386,77.8169882037171,-55.843275899817996,77.67360543587971,-55.69475209511319,-0.0008661580427542503,0.0009621588149855143,-7.004051360590385,-52.95236779343668,-53.3980298706543,-0.00034737079128426994,-0.036909333054514895,0.044540689738283845
1.3224,0.14739897117520218,-0.6447004128192889,-0.1916963888234241,-0.3551917914623057,-0.19159393168646033,-0.3551447191638724,0.15149538448699273,-0.6431003375832591,0.34109233808603967,-0.288732119888185,-0.0020994352243771663,-0.0008235737672315224,-0.0019969780874133924,-0.000776501468798263,-0.04219798242384476,-0.999068630514363,154.63773511217119,-111.58178499381869,77.17651857620817,-55.64246474770083,77.46207447580926,-55.94028821105291,77.31929652600871,-55.791376479376865,-0.0008579398462416066,0.0009679649350431418,-6.995997095717785,-52.93632011503264,-53.38104436213904,-0.0003526692620565595,-0.03697089738753315,0.044722433177298626
1.3232,0.1463496265871076,-0.6455089729384379,-0.19185856517002692,-0.35432692931473775,-0.19175580991978428,-0.35428071977300296,0.1504578677215165,-0.643916148292775,0.34021093469921765,-0.2904087360717361,-0.0021054981923257776,-0.0008195170936988183,-0.0020027429420831355,-0.0007733075519640864,-0.043403440390593545,-0.9990163851594769,153.9316215085486,-111.7689957734082,76.82405891385952,-55.73568852639401,77.1084123245906,-56.03428092526349,76.96623561922506,-55.884984725828744,-0.0008497299015175486,0.0009736782492950624,-6.987947713046322,-52.92027146752723,-53.3639481252239,-0.00035788879534255516,-0.03703315183260092,0.04490521934997105
1.324,0.1452972946398478,-0.6463140150160785,-0.19201855476504442,-0.35346408365132437,-0.19191553048622628,-0.3534187492387098,0.149417389675409,-0.6447284643582505,0.33932438478326377,-0.29207982324214743,-0.0021115596571896628,-0.0008154425352213668,-0.0020085353783715204,-0.0007701081226067497,-0.044609700468006955,-0.9989626561321816,153.22803907066657,-111.95025090709942,76.47286127064274,-55.82593780550959,76.7560193292192,-56.12529240163807,76.61444029993098,-55.97561510357383,-0.0008415291953838278,0.0009793000482432035,-6.9799034016014305,-52.90422179590857,-53.34674137018275,-0.0003630257629712432,-0.037096097619571444,0.045089081785675944
1.3248,0.14424198945105418,-0.6471155368582762,-0.19217637318609718,-0.352603254062096,-0.19207310928039462,-0.35255880657738425,0.14837396462244454,-0.6455372837701839,0.33843271826999527,-0.2937453799944899,-0.0021176195385464586,-0.0008113502864020017,-0.0020143556328438977,-0.000766902801690228,-0.04581676419649654,-0.9989074406339702,152.52702160119722,-112.12562647466873,76.12294255509408,-55.91325053676346,76.40491238478339,-56.2133607695253,76.26392746993874,-56.06330565314438,-0.0008333386802519271,0.0009848316200304907,-6.971864347356739,-52.888171027331545,-53.32942432885031,-0.00036807654286108655,-0.037159735906057346,0.045274054144158526
1.3256000000000001,0.14318372506678076,-0.6479135363035887,-0.19233203596334153,-0.35174444009023614,-0.19222856213753764,-0.35170089074961575,0.14732760676497214,-0.6463426045526328,0.33753596496631605,-0.2954054050081848,-0.002123677761997636,-0.0008072405457881793,-0.0020202039361937596,-0.0007636912051677269,-0.047024633134563135,-0.9988507358480367,151.8286015646715,-112.29519808433683,75.77431900810076,-55.997664437370545,76.05510771584522,-56.298523921216095,75.91471336197299,-56.148094179293324,-0.0008251592744841219,0.0009902742498155703,-6.963830733268605,-52.87211907106567,-53.31199725461162,-0.0003730375200117655,-0.037224067776799395,0.0454601702089974
1.3264,0.1421225154617938,-0.648708011222503,-0.1924855585799425,-0.35088764123218413,-0.19238190483374404,-0.35084500066056873,0.14627833023419987,-0.6471444247626559,0.33663415455484014,-0.297059897046203,-0.0021297342593022683,-0.0008031135157312574,-0.002026080513103795,-0.0007604729441158531,-0.04823330885884644,-0.9987925389389559,151.13281011427068,-112.45904085913051,75.42700621625322,-56.079216983241174,75.70662088988084,-56.380819505108555,75.56681355306702,-56.230018244174865,-0.0008169918633598172,0.0009956292192185856,-6.955802739309165,-52.85606581843631,-53.294460422450044,-0.00037790508779199806,-0.037289094242964525,0.04564746387342211
1.3272,0.14105837453984177,-0.6494989595168703,-0.19263695647247325,-0.3500328569378132,-0.19253315308613464,-0.34999113516034375,0.14522614909047724,-0.6479427424897589,0.3357273165944635,-0.29870885495423616,-0.00213578896848704,-0.0007989694022904614,-0.0020319855821484267,-0.0007572476248209337,-0.049442792964144444,-0.9987328470523931,150.4396771183961,-112.61722942395075,75.08101912508926,-56.15794540252394,75.35946683060618,-56.46028491923249,75.22024297784772,-56.30911516087822,-0.0008088372993313442,0.0010008978056958995,-6.947780542500323,-52.84001114278346,-53.27681412890773,-0.0003826756489785702,-0.037354816241640276,0.04583596913360566
1.328,0.1399913161339424,-0.6502863791193484,-0.19278624503136804,-0.34918008661055194,-0.19268232255307394,-0.3491392930443528,0.14417107732357554,-0.6487375558553412,0.33481548052098,-0.3003522776598924,-0.002141841833963626,-0.0007948084151031543,-0.0020379193556695208,-0.0007540148489040277,-0.05065308706346203,-0.9986716573147972,149.74923118701602,-112.7698378933685,74.73637205222562,-56.2338866695157,75.01365983119331,-56.53695730513489,74.87501594170946,-56.385421987325294,-0.0008006964029050323,0.001006081282085347,-6.939764316946544,-52.82395489943406,-53.259058692091756,-0.00038734561691207274,-0.03742123463519261,0.04602572007644312
1.3288,0.1389213540066602,-0.6510702679928485,-0.19293343960133008,-0.34832932960751767,-0.19282942883435542,-0.3482894730536737,0.1431131288529714,-0.649528863012152,0.3338986756476585,-0.30199016417190455,-0.0021478928066429315,-0.0007906307672703172,-0.0020438820396682517,-0.0007507742134262863,-0.05186419278802695,-0.998608966833096,149.06149969776084,-112.91693986010186,74.39307870036517,-56.307077498909045,74.66921356735907,-56.610873542109104,74.53114613386211,-56.45897552050907,-0.0007925699633801742,0.0010111809162793861,-6.931754233867881,-52.80789692565882,-53.24119445164762,-0.0003919114166449396,-0.03748835021069233,0.04621675087022936
1.3296000000000001,0.13784850185038386,-0.6518506241299877,-0.19307855548175484,-0.347480585239622,-0.1929744874713971,-0.3474416738754101,0.14205231752812597,-0.6503166621437508,0.3329769311658309,-0.3036225135793532,-0.0021539418440499336,-0.0007864366752243779,-0.0020498738336921923,-0.0007475253110125202,-0.05307611178732105,-0.9985447726943854,148.37650882177022,-113.05860838417101,74.05115217017942,-56.37755434037879,74.32614111033043,-56.68207024176249,74.18864664025492,-56.52981229107064,-0.0007844587396164115,0.0010161979702729695,-6.923750461632437,-52.79183704064407,-53.22322176872537,-0.0003963694861155406,-0.03755616367941213,0.04640909575346086
1.3304,0.13677277328760878,-0.6526274455525423,-0.19322160792714457,-0.34663385277169234,-0.1931175139474458,-0.34659589414304565,0.14098865712876757,-0.6511009514639674,0.3320502761454833,-0.30524932505088587,-0.0021599889104287756,-0.0007822263586108047,-0.0020558949307300234,-0.0007442677299640543,-0.05428884572910701,-0.9984790719656238,147.69428354928596,-113.19491598270389,73.71060497306496,-56.44535337349223,73.98445493968093,-56.75058374291177,73.84752995637294,-56.597968558202,-0.0007763634599200486,0.0010211337001067022,-6.9157531657886215,-52.77577504547384,-53.205141025932534,-0.0004007162772846803,-0.03762467567630217,0.046602789025200764
1.3312,0.13569418187120652,-0.6534007303109155,-0.19336261214751108,-0.34578913142255635,-0.19325852368775234,-0.34575213243679753,0.13992216136516544,-0.6518817292163775,0.33111873953581766,-0.3068705978339696,-0.0021660339768588277,-0.00077800004014833,-0.0020619455171001083,-0.0007410010543895673,-0.05550239629944573,-0.9984118616933235,147.01484771496277,-113.32593462037447,73.37144904375877,-56.51051050293603,73.64416695602773,-56.81645010679385,73.50780799989326,-56.66348030486494,-0.0007682848237493545,0.0010259893554120936,-6.907762509097186,-52.75971072309445,-53.18695262728606,-0.0004049482572778978,-0.037693886759505336,0.04679786503294281
1.332,0.13461274108470955,-0.6541704764835963,-0.1935015833087828,-0.3449464203651398,-0.19339753205978497,-0.34491038728396606,0.13885284387841576,-0.652658993673768,0.33018235016584657,-0.3084863312541292,-0.0021720770213520257,-0.0007737579455009969,-0.0020680257723541817,-0.0007377248643272716,-0.056716765202721245,-0.9983431389032351,146.33822402292017,-113.4517357004612,73.03369575282451,-56.57306135405074,73.30528849359717,-56.87970511258932,73.16949212321084,-56.726383233320036,-0.0007602235015156111,0.001030766178871545,-6.899778651562776,-52.74364383832353,-53.16865699812049,-0.0004090619095866091,-0.037763797409997205,0.046994358162777417
1.3328,0.13352846434258603,-0.6549366821766314,-0.19363853653320426,-0.34410571872653656,-0.1935345543733904,-0.34407065715927077,0.13778071824071583,-0.6534327431376206,0.32924113674494826,-0.31009652471422233,-0.0021781180289718316,-0.0007695003031383263,-0.0020741358691579587,-0.0007344387358725335,-0.05793195416164641,-0.9982729006000296,145.66443407149487,-113.5723900564992,72.69735591899024,-56.63304126866365,72.96783033264029,-56.94038425324131,72.83259312581527,-56.78671276095248,-0.0007521801356631386,0.0010354654057636026,-6.891801750465333,-52.727574137790995,-53.15025458507591,-0.00041305373528372885,-0.03783440803091509,0.047192302827369303
1.3336000000000001,0.1324413649905141,-0.6556993455230998,-0.1937734868997067,-0.343267025588102,-0.19366960588101137,-0.34323294048520536,0.13670579795564372,-0.6542029759375918,0.32829512786343795,-0.3117011776936921,-0.0021841569919124754,-0.0007652273442023128,-0.0020802759732171383,-0.0007311422413056601,-0.059147964917280124,-0.9982011437669995,144.9934983777175,-113.6879679445093,72.3624398213476,-56.69048530120568,72.63180271171109,-56.99852273156752,72.49712126652935,-56.8445040163866,-0.0007441553412093072,0.0010400882639061138,-6.883831960391364,-52.71150135000563,-53.131745855917465,-0.00041692025405993334,-0.037905718947506786,0.04739173345672043
1.3344,0.13135145630565645,-0.6564584646825946,-0.19390644944432422,-0.342430339985474,-0.19380270177784822,-0.34239723563236757,0.13562809645843196,-0.6549696904310015,0.32734435199313044,-0.31330028974787727,-0.0021901939096257567,-0.0007609393023497724,-0.002086446243149742,-0.0007278349492433334,-0.06036479922904202,-0.9981278653657188,144.32543640148052,-113.798539035799,72.02895721139689,-56.74542821511871,72.29721533978996,-57.05415545665329,72.16308627559343,-56.899791835886,-0.0007361497063413935,0.0010446359730025279,-6.875869433264348,-52.6954251852769,-53.113131299525385,-0.0004206580056138615,-0.03797773040649618,0.04759268448336229
1.3352,0.13025875149693544,-0.6572140378407036,-0.19403743916054644,-0.341595660908662,-0.19393385720205683,-0.34156354091979374,0.13454762711624801,-0.6557328850023217,0.3263888374878934,-0.31489386050728485,-0.0021962287889010917,-0.0007566364136250558,-0.0020926468304114793,-0.0007245164247568492,-0.06158245887470992,-0.9980530623357406,143.6602665694173,-113.90417241029455,71.69691732494957,-56.79790447952243,71.96407740826078,-57.107317040516726,71.83049736660517,-56.95261076001958,-0.0007281637930418583,0.0010491097446134745,-6.867914318375552,-52.679345335757766,-53.094411425732886,-0.0004242635507076912,-0.03805044257588164,0.04779519033402835
1.336,0.1291632637053114,-0.6579660632084943,-0.19416647099969983,-0.34076298730208854,-0.1940630872349374,-0.34073185461529854,0.13346440322846762,-0.6564925580626748,0.32542861258420813,-0.316481889676891,-0.0022022616439593273,-0.0007523189163047284,-0.002098877879196881,-0.0007211862295147253,-0.06280094565042911,-0.997976731594278,142.9980062984738,-114.00493655040799,71.3663288938765,-56.84794826615067,71.6323976027349,-57.158041795038834,71.4993632483057,-57.00299503059475,-0.0007201981375999367,0.0010535107815030642,-6.859966762414147,-52.66326147546661,-53.075586765223946,-0.000427733472360633,-0.03812385554459389,0.047999285417631654
1.3368,0.1280650060040505,-0.6587145390220106,-0.19429355987132138,-0.3399323180645972,-0.19419040690109826,-0.33990217493580016,0.13237843802694885,-0.6572487080493314,0.3244637054017095,-0.3180643770354723,-0.0022082924965607376,-0.0007479870507380859,-0.0021051395263376182,-0.0007178439219410748,-0.06402026137071014,-0.9978988700358697,142.33867201916095,-114.10089933541391,71.0372001576961,-56.89559344654302,71.3021841147162,-57.20636372914851,71.16969213620615,-57.05097858784576,-0.000712253251350603,0.0010578402776104667,-6.852026909496999,-52.64717326025669,-53.05665786942366,-0.00043106437716491116,-0.03819796932220125,0.04820500411113926
1.3376000000000001,0.1269639913989984,-0.6594594635417661,-0.19441872064351262,-0.33910365204951304,-0.1943158311686593,-0.33907450004764705,0.13128974467630852,-0.6580013334252155,0.3234941439437394,-0.3196413224349107,-0.0022143213760817265,-0.0007436410592082665,-0.0021114319012284083,-0.0007144890573422824,-0.0652404078684325,-0.9978194745320708,141.68227919850835,-114.19212803631666,70.70953887501571,-56.94087358947773,70.9734446531141,-57.25231654625679,70.8414917640649,-57.09659506786726,-0.000704329621441957,0.00106209941786517,-6.844094901198385,-52.63108032786413,-53.037625310329304,-0.0004342528963760915,-0.03827278383870961,0.048412380750590955
1.3384,0.12586023282885148,-0.6602008350522445,-0.19454196814329508,-0.33827698806462975,-0.19443937494941463,-0.33824882806694245,0.1301983362741922,-0.6587504326784133,0.3225199560978767,-0.32121272579954274,-0.002220348319610585,-0.0007392811857592774,-0.0021177551257301336,-0.0007111211880719281,-0.066461386994833,-0.997738541931115,141.02884236268716,-114.27868931119727,70.38335233480542,-56.983821958646914,70.64618645559271,-57.295933641928045,70.51476939519907,-57.13987780028748,-0.000696427710977332,0.0010662893776895999,-6.836170876579231,-52.61498229792244,-53.018489680379815,-0.00043729568725222847,-0.03834829894435271,0.04862144961683157
1.3392,0.12475374316543036,-0.6609386518614041,-0.19466331715695342,-0.3374523248722462,-0.19456105309902294,-0.33742515705986875,0.1291042258515499,-0.6594960043216841,0.32154116963647833,-0.3227785871254866,-0.0022263733720250117,-0.0007349076760487239,-0.0021241093140945133,-0.0007077398636712862,-0.06768320061949806,-0.9976560690576015,140.3783751193259,-114.36064920101883,70.05864736752108,-57.024471510557916,70.32041629976499,-57.33724810178387,70.18953183364303,-57.18085980617089,-0.0006885479601521638,0.0010704113229564882,-6.82825497221625,-52.59887877200315,-52.99925159227936,-0.0004401894341596422,-0.03842451440945097,0.04883224492488125
1.34,0.12364453521394904,-0.6616729123001859,-0.1947827824303754,-0.33662966118916854,-0.19468088041717696,-0.3366034850429994,0.12800742637290463,-0.6602380468919785,0.320557812217203,-0.3243389064799982,-0.002232396586077011,-0.0007305207771882705,-0.0021304945728785885,-0.0007043446310191492,-0.06890585063034935,-0.9975720527121661,139.73089017949655,-114.43807312587829,69.73543035606195,-57.06285489265882,69.99614051422081,-57.37629269962921,69.86578543514139,-57.21957379614402,-0.0006806907862255684,0.0010744664097472878,-6.820347322230727,-52.582769333638154,-52.979911678849575,-0.00044293084982528985,-0.03850142992416384,0.049044800811799405
1.3408,0.12253262171328289,-0.6624036147220236,-0.19490037866939283,-0.335808995686687,-0.1947988716477905,-0.33578380998362367,0.12690795073662664,-0.6609765589499565,0.31956991138354646,-0.32589368400083474,-0.0022384180224730432,-0.0007261207375651724,-0.0021369110008706976,-0.0007009350345018595,-0.0701293389336369,-0.9974864896711454,139.08639937937997,-114.51102588169249,69.41370724656754,-57.09900444167995,69.6733649893971,-57.41309989579659,69.54353611798231,-57.25605216873827,-0.000672856584657211,0.0010784557840537445,-6.812448058316796,-52.56665354837304,-52.9604705928182,-0.0004455166766180751,-0.03857904509857308,0.04925915132321279
1.3416000000000001,0.12141801533623928,-0.6631307575023639,-0.19501612054010406,-0.33499032699056275,-0.19491504147915711,-0.3349661298000492,0.12580581177519948,-0.661711539079516,0.31857749456534995,-0.327442919895634,-0.0022444377499535734,-0.0007217078066807381,-0.0021433586890066275,-0.0006975106161672406,-0.07135366745391121,-0.9973993766862459,138.44491370160003,-114.57957163729478,69.09348355905053,-57.132952182180844,69.35209518827895,-57.44770183569582,69.22278937366474,-57.290327008938334,-0.0006650457294483658,0.0010823805818915844,-6.8045573097696455,-52.55053096379537,-52.94092900666749,-0.0004479436878099138,-0.03865735946242229,0.049475330400895245
1.3424,0.12030072868982213,-0.6638543390381836,-0.1951300226691974,-0.3341736536810215,-0.19502940454414164,-0.3341504423619238,0.12470102225549198,-0.6624429858873161,0.31758058907932657,-0.3289866144412772,-0.002250455845362813,-0.0007172822349825747,-0.002149837720307038,-0.0006940709158849145,-0.07257883813401246,-0.9973107104842225,137.80644329624246,-114.64377393193271,68.7747643978717,-57.16472982529547,69.03233615694414,-57.48013034856591,68.90355027740793,-57.32243008693069,-0.0006572585733977121,0.0010862419286610248,-6.796675203513485,-52.53440110959707,-52.921287612400356,-0.0004502086887210795,-0.038736372465239796,0.049693371870745295
1.3432,0.11918077431550439,-0.664574357747509,-0.1952420996442493,-0.3333589742927259,-0.19514197542034398,-0.33333674549053605,0.12359359487902567,-0.6631708980023129,0.31657922212956163,-0.33052476798327995,-0.0022564723937133005,-0.0007128442736929474,-0.0021563481698079964,-0.0006906154715031199,-0.07380485293503161,-0.9972204877665418,137.17099750153574,-114.70369567314992,68.45755446204768,-57.19436876767003,68.71409253493736,-57.51041694641958,68.58582349849252,-57.352392857044805,-0.0006494954492950455,0.0010900409396867872,-6.788801864129226,-52.51826349765203,-52.90154712134011,-0.00045230851801503354,-0.03881608347626581,0.04991330943090588
1.344,0.11805816468948833,-0.6652908120689554,-0.1953523660140476,-0.33254628731472213,-0.19525276863026933,-0.3325250369591225,0.12248354228224,-0.6638952740752958,0.31557342080802264,-0.33205738093520326,-0.0022624874882649637,-0.0007083941746295896,-0.0021628901044867047,-0.0006871438190299561,-0.07503171383629428,-0.9971287052090478,136.5385848642044,-114.75939913504705,68.14185805539279,-57.22190009059052,68.39736856548154,-57.53859282317579,68.26961331043717,-57.38024645688316,-0.0006417566699212784,0.0010937787192659698,-6.780937413881559,-52.50211762204365,-52.88170826392331,-0.0004542400489498614,-0.03889649178450737,0.05013517663687139
1.3448,0.11693291222297397,-0.666003700461244,-0.19546083628887118,-0.33173559119041207,-0.19536179864151057,-0.3317153144931741,0.12137087703676258,-0.6646161127784238,0.3145632120950591,-0.3335844537780408,-0.002268501230574607,-0.0007039321900290663,-0.0021694635832140013,-0.0006836554927911465,-0.07625942283532258,-0.997035359461627,135.9092131595007,-114.81094595689146,67.82767909650279,-57.24735455928209,68.08216810552673,-57.56468885397074,67.95492360101477,-57.40602170662642,-0.0006340425288442475,0.0010974563613785904,-6.773081972746237,-52.485962959185315,-52.86177178942732,-0.00045600019063935703,-0.03897759659894618,0.050359006890801084
1.3456000000000001,0.11580502926242196,-0.6667130214027471,-0.19556752494079785,-0.3309268843174848,-0.19546907986690004,-0.3309075757707326,0.12025561164966994,-0.6653334128047746,0.3135486228598949,-0.3351059870596522,-0.0022745137305728927,-0.0006994585723623103,-0.0021760686566750925,-0.0006801500256101156,-0.077487981947803,-0.9969404471478696,135.28288941089772,-114.85839714207994,67.51502112856865,-57.270762622387196,67.76849463562968,-57.58873559464163,67.64175788209917,-57.429749108514415,-0.0006263533006176658,0.0011010749488917781,-6.765235658436598,-52.469798967845605,-52.84173846579279,-0.0004575858893295399,-0.039059397048445195,0.05058483342628506
1.3464,0.114674528089821,-0.6674187733910206,-0.19567244640396375,-0.33012016504788766,-0.19557462666469996,-0.3301018184226915,0.1191377585637578,-0.6660471728678846,0.31252967986112123,-0.33662198139416305,-0.0022805251066002966,-0.0006949735741660912,-0.0021827053673365154,-0.0006766269489699162,-0.07871739320754245,-0.9968439648647422,134.6596199094656,-114.90181305742489,67.2038873290331,-57.29215441160143,67.4563512696744,-57.61076328137758,67.33011929935375,-57.4514588464895,-0.0006186892419179912,0.0011046355541139974,-6.757398586430309,-52.45362508929201,-52.8216090793037,-0.00045899412958741405,-0.03914189218215679,0.050812689297941915
1.3472,0.11354142092294392,-0.6681209549423479,-0.19577561507485844,-0.3293154316877352,-0.19567845333875153,-0.32929804003309154,0.11801733015779851,-0.6667573917013054,0.3115064097471762,-0.3381324374614133,-0.002286535485480752,-0.0006904774478430076,-0.002189373749373842,-0.0006730857931994128,-0.07994765866643375,-0.99674590918224,134.03941023290855,-114.94125343276635,66.894280519077,-57.311559741475406,67.14574076442285,-57.630801830528995,67.02001064174993,-57.4711807860022,-0.0006110505913170527,0.0011081392380560828,-6.749570869995384,-52.43744074732918,-52.801384434388325,-0.0004602219356469224,-0.03922508096951728,0.05104260736601418
1.348,0.11240571991561303,-0.6688195645912864,-0.19587704531258054,-0.32851268249722415,-0.1957805741386498,-0.3284962381394166,0.11689433874680724,-0.6674640680581576,0.31047883905682533,-0.33963735600640166,-0.002292545002562478,-0.0006859704454682536,-0.0021960738286317255,-0.0006695260876606324,-0.08117878039440503,-0.9966462766430424,133.42226526427885,-114.97677736088828,66.58620317294438,-57.329008109366455,66.83666552890483,-57.6488808385727,66.7114343509246,-57.48894447396958,-0.0006034375703620753,0.001111587050885987,-6.74175262021601,-52.421245348436265,-52.781065353307525,-0.00046126637272403967,-0.03930896230071894,0.051274620282640626
1.3488,0.11126743715796107,-0.6695146008902142,-0.19597675143908808,-0.3277119156906189,-0.19588100325991423,-0.3276964102328821,0.11576879658230291,-0.6681672007106838,0.3094469942196331,-0.34113673783869847,-0.0022985538017578425,-0.0006814528186336322,-0.0022028056225839865,-0.000665947360896757,-0.08241076047936917,-0.9965450637621995,132.80818921037485,-115.00844329772049,66.27965742711302,-57.34452869553129,66.52912763364552,-57.66502958222092,66.40439253037927,-57.5047791388761,-0.0005958503836893669,0.0011149800317156178,-6.733943946018691,-52.4050382818607,-52.76065267589297,-0.0004621245480637674,-0.03939353498678858,0.05150876048224973
1.3496000000000001,0.11012658467668979,-0.6702060624088843,-0.19607474773946953,-0.3269131294360781,-0.1959797548441458,-0.3268985537587268,0.11464071585256734,-0.6688667884498174,0.3084109015564362,-0.3426305838319484,-0.0023045620356006505,-0.0006769248182090792,-0.0022095691402769027,-0.0006623491408577764,-0.08364360102717908,-0.9964422670267532,132.19718561979423,-115.03630906284103,65.9746450892877,-57.35815036337253,66.22312881972621,-57.679277018676984,66.09888695450695,-57.51871369102476,-0.0005882892196780176,0.0011183192084871507,-6.72614495419689,-52.38881891973001,-52.74014725926641,-0.0004627936125406785,-0.039478797760086545,0.05174506016285818
1.3504,0.10898317443533119,-0.6708939477339759,-0.1961710484621524,-0.3261163218556458,-0.19607684297919709,-0.32610266611649874,0.11351010868290845,-0.669562830084739,0.30737058727979455,-0.3441188949232852,-0.0023105698652662807,-0.000672386694191951,-0.002216364382310987,-0.0006587309550449283,-0.08487730416155492,-0.9963378828954297,131.58925740068614,-115.06043184022514,65.67116764724906,-57.369901659802856,65.91867050768796,-57.69165178602034,65.7949190774685,-57.5307767229116,-0.0005807542508762253,0.001121605598058295,-6.718355749436941,-52.37258661719345,-52.719549977516145,-0.00046327076164804336,-0.03956474927461763,0.051983551277743345
1.3512,0.10783721833450008,-0.6715782554686598,-0.1962656678191677,-0.3253214910250971,-0.19617228169933512,-0.32530874466034115,0.11237698713591482,-0.6702553244424513,0.30632607749445884,-0.34560167211283643,-0.0023165774606236644,-0.0006678386954822035,-0.002223191340791089,-0.0006550923307263035,-0.08611187202404397,-0.9962319077982746,130.98440683816455,-115.08086817927581,65.36922627752878,-57.37981081575424,65.61575380627002,-57.70218220372756,65.4924900418994,-57.5409965097409,-0.0005732456342570913,0.0011248402059891305,-6.7105764343422685,-52.35634071252184,-52.69886172141729,-0.0004635532369623885,-0.039651388106477635,0.052224265518134416
1.352,0.10668872821215512,-0.6722589842321562,-0.19635861998635315,-0.3245286349738582,-0.19626608498540032,-0.32451678669927586,0.11124136321171413,-0.6709442703673476,0.30527739819781136,-0.3470789164631849,-0.0023225850002559154,-0.0006632810696954872,-0.0022300499993030964,-0.0006514327951131493,-0.08734730677394212,-0.996124338136319,130.3826356114115,-115.0976739960867,65.06882185393317,-57.38790574680013,65.31437952099046,-57.71089627331338,65.19160068746181,-57.549401010056755,-0.0005657635121281146,0.0011280240268121133,-6.702807109458313,-52.34008052726917,-52.67808339810613,-0.00046363832735056207,-0.03973871275431817,0.052467234301161625
1.3528,0.1055377158438566,-0.6729361326592993,-0.19644991910356943,-0.3237377516848935,-0.19635826676497148,-0.323726789497485,0.11010324884823258,-0.6716296667207852,0.30422457528031505,-0.348550629098853,-0.0023285926714869676,-0.0006587140629613075,-0.0022369403328890147,-0.0006477518755528267,-0.08858361058822586,-0.9960151702812314,129.78394481046135,-115.11090457494923,64.7699549559062,-57.39421405390012,65.01454816256734,-57.717821679093014,64.89225155923677,-57.55601786649657,-0.0005583080121880357,0.001131158043904179,-6.695047873296791,-52.32380536642076,-52.657215930750255,-0.000463523370289623,-0.03982672163989387,0.05271248875610013
1.3536000000000001,0.10438419294301249,-0.6736096994001104,-0.196539579274914,-0.32294883909459393,-0.19644884091252565,-0.3229387502745856,0.10896265592144573,-0.6723115123806649,0.3031676345259489,-0.35001681120579786,-0.0023346006704107955,-0.0006541379197269048,-0.002243862308022447,-0.0006440490997186021,-0.08982078566149071,-0.9959044005749774,129.1883349526682,-115.12061457008556,64.47262587673526,-57.39876302425718,64.71625995518096,-57.722985789057816,64.59444291595811,-57.5608744066575,-0.0005508792480100055,0.0011342432294298987,-6.6872988223597405,-52.30751451851894,-52.63626025822855,-0.00046320575311053705,-0.039915413108572564,0.052960059710613905
1.3544,0.10322817116114538,-0.6742796831193618,-0.19662761456891112,-0.3221618950926485,-0.1965378212496086,-0.3221526662059131,0.10781959624563839,-0.6729898062410115,0.30210660161265174,-0.35147746403090585,-0.002340609201897756,-0.0006495528825428698,-0.00225081588259525,-0.0006403239958074902,-0.09105883420586798,-0.9957920253294674,128.59580599886445,-115.1268580076002,64.17683463160222,-57.401579632283536,64.41951484458173,-57.72641565586105,64.29817473809197,-57.56399764407229,-0.0005434773194963327,0.0011372805443699008,-6.67956005116325,-52.29120725587785,-52.6152173347711,-0.00046268291434794503,-0.0400047854300529,0.05320997767699964
1.3552,0.10206966208813167,-0.6749460824961606,-0.19671403901870335,-0.32137691752192354,-0.1966252215449731,-0.32136853442279284,0.1066740815736515,-0.6736645472115583,0.30104150211272984,-0.35293258888150125,-0.002346618479625036,-0.0006449591918664677,-0.0022578010058947814,-0.0006365760927358188,-0.09229775845094665,-0.9956780408262177,128.00635736920208,-115.1296882876325,63.882580965476976,-57.4026905406677,64.12431250603844,-57.72813801790357,64.0034467357577,-57.56541427928563,-0.000536102313333231,0.0011402709387624554,-6.671831652261178,-52.27488283468965,-52.59408812964381,-0.0004619523449664803,-0.04009483679887542,0.0534622728378622
1.356,0.10090867725246204,-0.675608896223519,-0.19679886662222487,-0.3205939041783253,-0.19671105551476317,-0.32058635201281177,0.10552612359713955,-0.6743357342173337,0.2999723614932948,-0.35438218712485786,-0.0023526287260696027,-0.000640357085849419,-0.0022648176186079103,-0.0006328049203359054,-0.09353756064369323,-0.995562443315995,127.41998795869443,-115.12915818671495,63.58986436086107,-57.402122101542076,63.83065235213681,-57.72817930052431,63.71025835649894,-57.56515070103319,-0.0005287543034455666,0.0011432153514334686,-6.66411371626824,-52.2585404952673,-52.57287362674525,-0.00046101158973076704,-0.04018556533531148,0.05371697503298378
1.3568,0.09974522812149143,-0.6762681230079381,-0.19688211134237016,-0.31981285281067534,-0.196795336822652,-0.3198061160200926,0.10437573394682104,-0.6750033661982507,0.29889920511666734,-0.35582626018771046,-0.002358640172523886,-0.0006357468001350619,-0.00227186565280571,-0.0006290100095523443,-0.09477824304835483,-0.9954452290184785,126.83669615244968,-115.1253198603113,63.298684045377996,-57.39990035774184,63.53853354042256,-57.726565617279604,63.41860879290028,-57.56323298751072,-0.0005214333508831714,0.0011461147101528013,-6.656406331883273,-52.24217946219213,-52.55157482428207,-0.00045985824841724744,-0.040276969085980927,0.0539741137452836
1.3576000000000001,0.09857932610168375,-0.6769237615689915,-0.1969637871071564,-0.31903376112056636,-0.1968780790800145,-0.3190278234455625,0.10322292419272577,-0.6756674421087019,0.2978220582407902,-0.3572648095557822,-0.002364653059091955,-0.0006311285676466882,-0.002278945031950072,-0.0006251908926429017,-0.09601980794638068,-0.9953263941219112,126.25647984060294,-115.11822484553927,63.0090389992134,-57.39605104415485,63.24795498089459,-57.72332277131623,63.128496990053996,-57.55968690773554,-0.0005141395050571873,0.0011489699318047997,-6.648709585911937,-52.22579894452916,-52.530192734371084,-0.0004584899771147181,-0.04036904602473892,0.05423371808703337
1.3584,0.09741098253886758,-0.6775758106389083,-0.1970439078098712,-0.31825662676220595,-0.1969592958460803,-0.31825147124721875,0.10206770584444766,-0.6763279609171527,0.29674094601963336,-0.3586978367733181,-0.0023706676346854846,-0.0006265026183713829,-0.002286055670894585,-0.0006213471033841844,-0.09726225763631811,-0.9952059347827429,125.67933643294977,-115.1079240640632,62.72092796240547,-57.39059958915669,62.95891534334783,-57.71847625682881,62.839921652876654,-57.55453792299275,-0.0005068728035411141,0.0011517819223030301,-6.641023563289171,-52.2093981360391,-52.50872838266713,-0.0004569044895933222,-0.04046179405353384,0.05449581678567483
1.3592,0.09624020871847652,-0.6782242689621691,-0.19712248730921572,-0.3174814473422748,-0.19703900062808777,-0.3174770563403969,0.1009100903513886,-0.6769849216057434,0.29565589350358434,-0.3601253434426204,-0.002376684157020019,-0.0006218691791518016,-0.0022931974758920518,-0.0006174781772739224,-0.09850559443371917,-0.9950838471252921,125.10526287328375,-115.09446782514563,62.4343494419884,-57.38357111612476,62.6714130645676,-57.71205126059749,62.552881253278,-57.54781118836112,-0.0004996332722555508,0.001154551576618701,-6.633348347101587,-52.19297621537426,-52.48718280798091,-0.0004550995585105453,-0.04055521100329021,0.05476043816960896
1.36,0.09506701586580045,-0.6788691352950911,-0.19719953942942495,-0.3167082204197723,-0.19711720688144338,-0.3167045755980316,0.0997500891030085,-0.6776383231698903,0.29456692563983866,-0.36154733122358873,-0.002382702892594811,-0.0006172284734707323,-0.0023003703446132506,-0.0006135836517300874,-0.09974982067102968,-0.9949601272413926,124.53425565344277,-115.07790582885346,62.149301718991154,-57.37499044502867,62.385446355378036,-57.70407266360384,62.267374037184595,-57.539531554316255,-0.0004924209264203228,0.0011572797790506684,-6.625684018609545,-52.176532346329545,-52.46555706187034,-0.0004530730167473842,-0.040649294634918585,0.055027610155207185
1.3608,0.09389141514623077,-0.6795104084054262,-0.19727507796039317,-0.3159369435058616,-0.1971939280098765,-0.3159340258509215,0.09858771342907081,-0.678288164617887,0.29347406727278563,-0.36296380183326504,-0.0023887241166783563,-0.0006125807212396528,-0.0023075741661616814,-0.0006096630662995595,-0.10099493869748405,-0.9948347711900483,123.96631082706776,-115.05828716941026,61.86578285529178,-57.364882094094206,62.10101320754633,-57.694565042719134,61.98339803141906,-57.529723568406666,-0.0004852357703555299,0.0011599674030691176,-6.618030657268984,-52.16006567806246,-52.44385220824785,-0.00045082275866638316,-0.04074404264031484,0.05529736023234477
1.3616000000000001,0.09271341766550137,-0.6801480870719571,-0.197349116657786,-0.3151676140637056,-0.1972691773656028,-0.3151654038879886,0.0974229745998837,-0.678934444970516,0.2923773431443869,-0.36437475704538946,-0.002394748113282774,-0.000607926138579018,-0.002314808821099551,-0.000605715962862019,-0.10224095087900187,-0.9947077749970836,123.40142402307391,-115.03566033868705,61.58379070032929,-57.3532702815357,61.81811140054275,-57.683552672462774,61.70095105043602,-57.51841147699923,-0.0004780777981210349,0.0011626153114150384,-6.610388340752963,-52.14357534535088,-52.42206932296342,-0.0004483467414053317,-0.04083945264342515,0.0555697154509005
1.3624,0.09153303446993435,-0.6807821700840988,-0.19742166924313811,-0.314400229508286,-0.197342968249463,-0.31439870645653406,0.09625588382654829,-0.6795771632606564,0.29127677789454187,-0.3657801986899676,-0.0024007751751445178,-0.0006032649375971033,-0.0023220741814694162,-0.0006017418858452195,-0.10348785959805924,-0.9945791346547876,122.83959045883722,-115.01007322982248,61.30332289767237,-57.34017892735374,61.53673850815845,-57.67105952682514,61.42003070291541,-57.50561922708944,-0.00047094699360172854,0.001165224356398653,-6.602757144972938,-52.12706046882252,-52.40020949340383,-0.0004456429862307327,-0.04093552220139257,0.055844702405636326
1.3632,0.09035027654668427,-0.6814126562414985,-0.19749274940393355,-0.3136347872062791,-0.1974153139110989,-0.3136339302625003,0.09508645226119714,-0.6802163185328973,0.29017239606145695,-0.36718012865280825,-0.002406805603673755,-0.000598597326189998,-0.002329370110839099,-0.0005977403824112271,-0.10473566725357551,-0.9944488461215876,122.28080495311326,-114.98157314096272,61.024376891457216,-57.325631655190065,61.256891904987185,-57.657109281152344,61.140634398222204,-57.491370468171205,-0.00046384333114701803,0.001167795379686254,-6.595137144100194,-52.11052015526519,-52.37827381804831,-0.00044270957962411553,-0.0410322488057083,0.05612234722531184
1.3639999999999999,0.08916515482397228,-0.682039544353646,-0.1975623707936976,-0.31287128447582174,-0.19748622754909,-0.31287107197072145,0.09391469099723711,-0.6808519098431532,0.2890642220819985,-0.368574548875128,-0.0024128397089362083,-0.0005939235077964677,-0.0023366964643286095,-0.0005937110026962289,-0.10598437626078913,-0.9943169053216712,121.72506193866386,-114.9502067791257,60.74694993267543,-57.309651794247884,60.978568772763964,-57.641725314090486,60.86275935271969,-57.47568855416918,-0.00045676677552819456,0.0011703292126696851,-6.58752841058628,-52.09395349785761,-52.35626340605031,-0.00043954467481965387,-0.04112962988354518,0.05640267555483547
1.3648,0.08797768017133421,-0.6826628332394749,-0.19763054703205668,-0.3121097185863928,-0.1975557223111188,-0.3121101282051777,0.09274061106958881,-0.6814839362582802,0.2879522802920492,-0.36996346135309227,-0.002418877809596244,-0.0005892436812048873,-0.0023440530886583433,-0.0005896532999897786,-0.10723398905112622,-0.9941833081446627,121.17235547463133,-114.91602026416473,60.47103908534095,-57.292262381258226,60.70176610657272,-57.624930709582706,60.586402595956834,-57.45859654542046,-0.0004497172823363371,0.0011728266761963368,-6.579931015184085,-52.07735957647977,-52.33417937681193,-0.00043614649286728604,-0.04122766279888292,0.056685712545146316
1.3656000000000001,0.0867878633998523,-0.6832825217269763,-0.19769729170480105,-0.31135008675859643,-0.19762381129412096,-0.31135109554924784,0.09156422345492586,-0.6821123968557001,0.2868365949268501,-0.37134686813741613,-0.002424920232876826,-0.0005845580403124329,-0.002351439822196745,-0.0005855668309637796,-0.10848450807207191,-0.9940480504452603,120.62267925862982,-114.87905913284273,60.196641232512235,-57.27348616250363,60.426480720916146,-57.60674825892028,60.31156097671419,-57.44011721071195,-0.00044269479856495764,0.0011752885811802116,-6.572345026967962,-52.06073745799877,-52.312022859527694,-0.00043251332403526854,-0.041326344854016,0.056971482837269605
1.3664,0.0855957152623999,-0.6838986086528115,-0.197762618363925,-0.3105923861640097,-0.19769050754444006,-0.3105939705459609,0.0903855390719126,-0.6827372907230186,0.2857171901213388,-0.37272477133292975,-0.002430967314498822,-0.0005798667739209118,-0.0023588564950138835,-0.0005814511558720481,-0.10973593578702628,-0.9939111280429003,120.07602663858368,-114.83936834299614,59.92375308219022,-57.25334559588504,60.152709255655765,-57.587200462839284,60.03823116892299,-57.420273029362164,-0.0004356992622973621,0.0011777157281898099,-6.564770513354217,-52.044086196586214,-52.28979499274678,-0.0004286435289783603,-0.041425673290856224,0.05726001054964058
1.3672,0.08440124645387036,-0.6845110928619264,-0.19782654052766682,-0.30983661392497974,-0.1977558240579806,-0.30983874969824043,0.08920456878143934,-0.6833586169576541,0.2845940899104785,-0.37409717309818014,-0.0024370193986276087,-0.0005751700655057812,-0.002366302928941383,-0.0005773058387664731,-0.11098827467516886,-0.9937725367214003,119.53239062429715,-114.79699227779399,59.65237117308148,-57.23186285303664,59.88044818181912,-57.566309533665205,59.7664096774503,-57.399086193350925,-0.0004287306034456151,0.0011801089078602445,-6.557207540120903,-52.02740483402553,-52.267496923911395,-0.00042453554007956535,-0.041525645292492114,0.05755131926420631
1.3679999999999999,0.0832044676114181,-0.6851199732071677,-0.1978890716805297,-0.30908276711446697,-0.19781977378036583,-0.3090854294691538,0.0880213233868606,-0.6839763746664644,0.28346731822958715,-0.37546407564500567,-0.0024430768378031764,-0.0005704680930082029,-0.0023737789376393134,-0.000573130447695025,-0.11224152723130842,-0.9936322722286265,118.99176389877636,-114.75197475007701,59.38249188023919,-57.2090598214797,59.609693807281,-57.544097397498035,59.496092843760096,-57.37657860948887,-0.0004217887438358048,0.0011824689007227107,-6.549656171427816,-52.01069240004873,-52.24512980889989,-0.00042018786259800657,-0.041626257984633964,0.05784543201411907
1.3688,0.08200538931468952,-0.6857252485489049,-0.1979502252733066,-0.3083308427558332,-0.1978823696070856,-0.3083340062821564,0.08683581363422456,-0.6845905629653766,0.28233689891465313,-0.37682548123814597,-0.002449139992878019,-0.0005657610286026182,-0.0023812843266570252,-0.0005689245549257427,-0.11349569596573908,-0.9934903302761355,118.4541388292903,-114.70435900677916,59.11411142057226,-57.18495810681919,59.34044228231562,-57.52058569643769,59.22727685144394,-57.352771901628444,-0.0004148735975775253,0.0011847964777302877,-6.542116469835863,-51.99394791265902,-52.22269481158179,-0.0004155990760154303,-0.04172750843716943,0.0581423712685023
1.3696000000000002,0.08080402208605948,-0.6863269177546499,-0.19801001472307406,-0.30758083782265633,-0.19794362438365043,-0.3075844765213373,0.08564805021251094,-0.6852011809790188,0.28120285570264747,-0.3781813921948376,-0.002455209232937544,-0.0005610490384750921,-0.0023888188935139235,-0.0005646877371560111,-0.11475078340407704,-0.9933467065388312,117.91950747818805,-114.65418773341949,58.84722585823352,-57.15957903497346,59.072689605025545,-57.49579579084595,58.95995773162953,-57.32768741290971,-0.0004079850710070332,0.001187092399931089,-6.534588496326471,-51.97717037849589,-52.20019310333048,-0.0004107678352765972,-0.04182939366589257,0.05844215891951876
1.3704,0.07960037639085912,-0.6869249796986809,-0.19806845341318313,-0.306832749238575,-0.19800355090575156,-0.3068368365316583,0.08445804375386103,-0.6858082278403562,0.28006521223182745,-0.3795318108844019,-0.0024612849352167385,-0.0005563322826206973,-0.00239638242778515,-0.0005604195757040187,-0.11600679208710729,-0.9932013966546351,117.38786161347335,-114.60150305865908,58.58183110988873,-57.13294365443598,58.80643162664793,-57.469748761641945,58.69413136826833,-57.301346208038964,-0.0004011230633125251,0.0011893574188519551,-6.527072310320968,-51.96035879319075,-52.177625862547146,-0.000405692871889807,-0.041931910634146856,0.05874481627131445
1.3712,0.07839446263761113,-0.6875194332616701,-0.1981255546932498,-0.3060865738770544,-0.1980621619194058,-0.30609108261919504,0.08326580483380662,-0.6864117026903274,0.27892399204203666,-0.380876739727874,-0.0024673674850197516,-0.0005516109146010417,-0.0024039747111757256,-0.0005561196567416826,-0.1172637245706189,-0.9930543962241234,116.85919271912955,-114.54634655892741,58.31792294985817,-57.105072738573945,58.5416640567379,-57.442465412629936,58.429793503298036,-57.27376907560194,-0.00039428746651992697,0.0011915922764700326,-6.51956796969917,-51.94351214173595,-52.15499427420461,-0.00040037299533502265,-0.04203505625455721,0.05905036402390351
1.3719999999999999,0.07718629117825464,-0.6881102773303132,-0.19818133187911607,-0.3053423085612313,-0.1981194701211123,-0.3053472110513758,0.08207134397150087,-0.6870116046774831,0.27777921857499194,-0.3822161811975946,-0.0024734572756250003,-0.0005468850813427628,-0.002411595517621226,-0.0005517875714872722,-0.11852158342523643,-0.9929057008102016,116.33349200521626,-114.48875926309779,58.055497015146884,-57.07598678794847,58.27838246823507,-57.41396627285463,58.16693974169098,-57.24497653040155,-0.00038747816570605664,0.0011937977053122495,-6.512075530818442,-51.926629398863625,-52.13229952934707,-0.00039480709413443045,-0.042138827390883385,0.059358822262225885
1.3728,0.07597587230837693,-0.6886975107969555,-0.19823579825281215,-0.3045999500637161,-0.1981754881580091,-0.30460521805722063,0.08087467162994684,-0.6876079329576281,0.27663091517457256,-0.38355013781682346,-0.0024795547081864835,-0.0005421549229114309,-0.0024192446133834075,-0.0005474229164159627,-0.11978037123624874,-0.9927553059377602,115.81075041772965,-114.42878165722057,57.79454881035626,-57.04570603266491,58.01658230241266,-57.3842715989844,57.90556555638446,-57.214988815824654,-0.00038069503926863035,0.0011959744287395324,-6.504595048532167,-51.90970952944844,-52.10954282460702,-0.0003889941370897989,-0.04224322085987728,0.05967021044310172
1.3736000000000002,0.07476321626744031,-0.6892811325592285,-0.19828896706250315,-0.3038594951063942,-0.19823022862802098,-0.30386509982757254,0.07967579821622475,-0.6882006866934638,0.2754791050870946,-0.3848786121593628,-0.002485660191633307,-0.0005374205722932235,-0.002426921757151132,-0.0005430252934714996,-0.12104009060342953,-0.9926032070933295,115.2909586482299,-114.36645368930347,57.53507371247924,-57.01425043474623,57.7562588737098,-57.35340137771806,57.64566629309452,-57.183825906232144,-0.0003739379591394254,0.0011981231608189091,-6.49712657620803,-51.892751488903066,-52.08672536171798,-0.0003829331745361958,-0.042348233433231394,0.059984547381958464
1.3744,0.07354833323900858,-0.6898611415196806,-0.19834085152242725,-0.30312094036025494,-0.19828370408001955,-0.3031268525153366,0.07847473408171715,-0.6887898650542333,0.2743238114615863,-0.38620160684916116,-0.002491774142558134,-0.0005326821551828176,-0.002434626700150419,-0.0005385943102644286,-0.12230074414086055,-0.9924493997247528,114.77410714324982,-114.30181477413353,57.27706697558746,-56.9816396905268,57.49740737445326,-57.32137532821339,57.38723717502036,-57.15150750937009,-0.00036720679089796704,0.001200244606650358,-6.489670165746332,-51.87575422359874,-52.06384834702134,-0.0003766233394249726,-0.04245386183952261,0.06030185124123477
1.3752,0.07233123335097036,-0.6904375365854185,-0.19839146481281966,-0.302384282445181,-0.19833592701396904,-0.302390472235707,0.07727148952233248,-0.6893754672153712,0.2731650573500458,-0.38751912455995086,-0.002497896985106371,-0.0005279397897606786,-0.002442359186255752,-0.0005341295802865909,-0.12356233447674295,-0.9922938792408389,114.2601861134723,-114.2349037981411,57.020523735402065,-56.94789323306736,57.24002287946443,-57.28821290453594,57.13027330743325,-57.11805306880165,-0.0003605013941978541,0.001202339462196278,-6.482225867597783,-51.85871667128371,-52.04091299097132,-0.00037006384859765483,-0.04256010276630622,0.0606221395168518
1.376,0.07111192667576378,-0.6910103166677403,-0.19844082007982478,-0.3016495179297786,-0.1983869098810868,-0.30165595506640264,0.07606607477873112,-0.6899574923581505,0.27200286570770327,-0.38883116801485473,-0.0025040291508526685,-0.0005231935864828396,-0.00245011895211468,-0.0005296307231069108,-0.12482486425320835,-0.9921366410110359,113.74918554269946,-114.16575912429548,56.76543901376168,-56.913030234585065,56.98410035056036,-57.25393329812518,56.874769682161016,-57.08348176635512,-0.000353821622567807,0.0012044084147646572,-6.474793730781476,-51.84163776152759,-52.017920507624254,-0.00036325400387174047,-0.04266695286222563,0.06094542902718558
1.3768,0.06989042323059941,-0.69157948068178,-0.19848893043539476,-0.30091664333118523,-0.19843666508399463,-0.30092329704789406,0.07485850003654484,-0.6905359396693345,0.2708372593932668,-0.3901377399860176,-0.002510171078672782,-0.0005184436478683496,-0.0024579057272726412,-0.0005250973645771762,-0.12608833612612258,-0.9919776803650969,113.2410951966006,-114.09441859703381,56.51180772297967,-56.877069608900094,56.72963464094486,-57.21855544027656,56.62072118196227,-57.04781252458832,-0.0003471673239374695,0.0012064521428385433,-6.4673738029024435,-51.824516416175605,-51.994872114134864,-0.00035619319320360685,-0.0427744087392084,0.061271735900589874
1.3776,0.06866673297768272,-0.6921450275461454,-0.1985358089571904,-0.3001856551148891,-0.19848520497687272,-0.30019249418363175,0.07364877542660096,-0.6911108083408313,0.2696682611691734,-0.3914388432942279,-0.002516323214617956,-0.0005136900682857215,-0.002465719234300272,-0.0005205291370283804,-0.12735275276488972,-0.9918169925927488,112.7359046312543,-114.0209195472178,56.25962467009945,-56.84003001389639,56.47662049949528,-57.182098004637645,56.36812258479736,-57.01106400926702,-0.0003405383404242457,0.0012084713162323624,-6.459966130169072,-51.807351549787754,-51.97176903026646,-0.00034888089181665805,-0.042882466974604336,0.06160107556408434
1.3784,0.06744086582443189,-0.6927069561825658,-0.19858146868844975,-0.2994565496945349,-0.19853254186561678,-0.299463542440271,0.07243691102513868,-0.6916820975693476,0.2684958937018186,-0.3927344808085538,-0.002522486011769874,-0.0005089329337411019,-0.002473559188936901,-0.0005159256794771694,-0.12861811685224797,-0.9916545729433597,112.23360320147846,-113.94529879711281,56.00888456104319,-56.80192985399293,56.22505257494437,-57.14457940971627,56.11696856799378,-56.9732546318546,-0.00033393450910068623,0.0012104665963903471,-6.452570757410331,-51.790142070134124,-51.948612477854645,-0.0003413166633467878,-0.04299112411360272,0.06193346273104794
1.3792,0.0662128316236998,-0.6932652655155348,-0.19862592263786338,-0.2987293234317658,-0.1985786880079891,-0.298736437747899,0.07122291685403155,-0.6922498065560466,0.26732017956179194,-0.3940246554459583,-0.002528659930103018,-0.0005041723216774874,-0.002481425300228747,-0.0005112866378106928,-0.1298844310840606,-0.9914904166256231,111.73418006896483,-113.86759266538645,55.75958200466451,-56.7627872826245,55.97492541996172,-57.10601782139812,55.867253712313115,-56.934402552011306,-0.0003273556613976325,0.0012124386361591633,-6.445187728092997,-51.77288687865074,-51.925403680320194,-0.0003335001608605032,-0.04310037667145792,0.062268911391157644
1.38,0.06498264017398844,-0.69381995447196,-0.19866918377942291,-0.29800397263600625,-0.19862365561377388,-0.2980111760002565,0.07000680288100067,-0.692813934506206,0.26614114122409294,-0.3953093701709516,-0.002534845436330632,-0.0004994083007519023,-0.002489317270681593,-0.0005066116650021546,-0.13115169816910383,-0.9913245188072144,111.23762421020342,-113.78783697212643,55.5117115166944,-56.72262020473249,55.72623349513289,-57.06643115547408,55.618972505913646,-56.894525680103285,-0.0003208016238716027,0.0012143880801431806,-6.4378170843383264,-51.75558487095731,-51.90214386212719,-0.0003254311280899857,-0.04321022113607461,0.06260743479725761
1.3808,0.06375030121967007,-0.6943710219808096,-0.1987112650522762,-0.29728049356434233,-0.19866745684493844,-0.29728775305495825,0.06878857901983404,-0.6933744806288789,0.2649588010683594,-0.3965886279951939,-0.0025410430037508674,-0.0004946409306574306,-0.002497234796413103,-0.0005019004212732936,-0.1324199208288553,-0.9911568746144945,110.74392442422655,-113.70606704386881,55.265267523600926,-56.6814462792598,55.4789711728437,-57.025837080173865,55.37211934822231,-56.85364167971683,-0.0003142722180768942,0.0012163155648465818,-6.430458866939116,-51.73823493733722,-51.878834248295334,-0.00031710940027946787,-0.04332065397023664,0.06294904545748636
1.3816,0.06251582445119923,-0.6949184669727638,-0.19875217936055134,-0.29655888242128847,-0.1987101038157823,-0.2965661647337161,0.06756825513060144,-0.6939314441365565,0.26377318137906713,-0.39786243197715787,-0.002547253112085618,-0.0004898702618898465,-0.00250517756731658,-0.0004971525743174832,-0.13368910179726648,-0.9909874791321625,110.25306934014365,-113.62231771864053,55.02024436633998,-56.63928292165355,55.23313274106435,-56.984253018705495,55.12668855370217,-56.811767970179524,-0.0003077672606792703,0.001218221718517043,-6.4231131153759415,-51.72083596327103,-51.85547606384798,-0.00030853490547324403,-0.04343167161442031,0.0632937551216628
1.3824,0.061279219505328573,-0.6954622883798688,-0.19879193957318456,-0.2958391353586689,-0.19875160859309557,-0.2958464068225546,0.06634584101986554,-0.6944848242448315,0.2625843043457371,-0.3991307852217384,-0.0025534762473129746,-0.00048509633557580756,-0.0025131452672239873,-0.0004923677994614906,-0.13495924382054303,-0.990816327402962,109.7650474245024,-113.53662335100428,54.776636304024166,-56.59614730636831,54.98871240704183,-56.941696151797565,54.882674355533,-56.76892172908293,-0.0003012865635980688,0.0012201071615862702,-6.4157798678338915,-51.70338682994344,-51.832070533320575,-0.00029970766533495306,-0.043543270489141805,0.06364157477324284
1.3832,0.060040495965323175,-0.6960024851351887,-0.19883055852372888,-0.2951212484754243,-0.19879198319631777,-0.295128475072028,0.06512134644089829,-0.6950346201720636,0.2613921920631341,-0.4003936908799,-0.002559712901493108,-0.00048031918326069123,-0.002521137574081997,-0.0004875457798643734,-0.1362303496569126,-0.9906434144273524,109.27984698845621,-113.4490178171136,54.534437517492236,-56.552056369374185,54.74570430089828,-56.89818342024592,54.64007090919526,-56.72511989481005,-0.0002948299343046301,0.001221972506499469,-6.408459161218609,-51.685886414791035,-51.8086188802165,-0.00029062779628505483,-0.04365544699776417,0.06399251461829181
1.384,0.058799663361169915,-0.6965390561724598,-0.19886804901015634,-0.29440521781745865,-0.19883123959769208,-0.294412365197437,0.06389478109388894,-0.6955808311390469,0.26019686653145363,-0.4016511521483055,-0.002565963572591645,-0.0004755388267173033,-0.0025291541601273893,-0.000482686206695615,-0.1375024220763948,-0.9904687351632011,108.79745619475405,-113.35953451976543,54.293642112791396,-56.507026810663966,54.504102479138396,-56.85373152745937,54.39887229596489,-56.680379169061666,-0.00028839717573703183,0.001223818357900086,-6.401151031172513,-51.66833359203735,-51.78512232649509,-0.0002812955104511724,-0.043768197529128056,0.06434658407593474
1.3848,0.057556731169790265,-0.6970720004257513,-0.19890442379464005,-0.2936910393774827,-0.19886938972242366,-0.29369807287904165,0.06266615462615546,-0.6961234563686786,0.2589983496565047,-0.4029031722689528,-0.002572228764290793,-0.00047075527775691794,-0.0025371946920743904,-0.0004777887793158686,-0.138775463860559,-0.9902922845254771,108.31786306455143,-113.26820639345405,54.054244124570175,-56.46107509676014,54.26390092806781,-56.808356942006675,54.159072526318994,-56.634716019383404,-0.00028198808655588437,0.001225645312757706,-6.3938555120907195,-51.65072723325974,-51.761582092034416,-0.00027171111661356516,-0.04388151846038819,0.0647037917689488
1.3856,0.05631170881525049,-0.6976013168291187,-0.1989396956033417,-0.29297870909486534,-0.19890644544883904,-0.2929855937622738,0.06143547663235482,-0.6966624950856293,0.25779666324989303,-0.4041497545288044,-0.002578508985803498,-0.0004659685380404843,-0.002545258831300839,-0.00047285320544898646,-0.14004947780228771,-0.9901140573859436,107.84105548404973,-113.17506590942205,53.81623751938642,-56.41421746322091,54.02509356712443,-56.7620759001617,53.920665543255424,-56.5881466816913,-0.00027560246111590914,0.0012274539605527934,-6.386572637136858,-51.63306620793886,-51.7379993941196,-0.00026187502116501924,-0.043995406159739556,0.06506414551498096
1.3864,0.0550646056689679,-0.6981270043162683,-0.1989738771261665,-0.2922682228554795,-0.19894241860854245,-0.2922749234579471,0.0602027566546882,-0.6971979465160145,0.25659182902918254,-0.4053909022594281,-0.002584804751672172,-0.0004611785988930528,-0.002553346234048119,-0.00046787920136071026,-0.1413244667055264,-0.9899340485728547,107.36702121095979,-113.08014508070414,53.5796161989269,-56.3664699171418,53.78767425212271,-56.71490440844546,53.683645225524806,-56.54068716279363,-0.00026924008982120995,0.0012292448831203728,-6.379302438258718,-51.61534938404951,-51.714375446897535,-0.0002517877290321151,-0.04410985698943364,0.06542765231725411
1.3872,0.053815431049921425,-0.698649061820213,-0.199006981016528,-0.29155957649157166,-0.1989773209865786,-0.291566057542466,0.05896800418311016,-0.6977298098870675,0.2553838686180691,-0.40662661883662143,-0.0025911165815690647,-0.0004563854411256396,-0.0025614565516196876,-0.00046286649201998653,-0.1426004333850375,-0.989752252870659,106.89574788080492,-112.98347546716512,53.344374003148225,-56.31784823965479,53.551636778415656,-56.66685824616539,53.448005390781944,-56.49235324291009,-0.0002629007589689536,0.0012310186550621438,-6.372044946203808,-51.597575628634296,-51.69071146086323,-0.00024144984455112128,-0.04422486730859905,0.06579431835695004
1.388,0.05256419422485413,-0.6991674882729397,-0.19903901989108583,-0.2908527657816139,-0.19901116432158766,-0.29085899155803274,0.05773122865553128,-0.6982580844268151,0.25417280354652944,-0.4078569076800541,-0.002597445000087663,-0.00045158903485287283,-0.0025695894305894987,-0.0004578148112717173,-0.14387738066614406,-0.9895686650197008,106.42722301305267,-112.88508818052607,53.11050471333133,-56.2683679884211,53.31697488397226,-56.617952967948476,53.213739798651794,-56.44316047818479,-0.0002565842509199001,0.0012327758435048963,-6.3648001905346625,-51.579743808401865,-51.667008642322486,-0.00023086207236216278,-0.04434043347630963,0.06616414898428502
1.3888,0.05131090440848047,-0.6996822826050703,-0.19907000632948277,-0.29014778645018513,-0.19904396030597005,-0.2901537210128544,0.056492439458024166,-0.698782769363753,0.2529586552509787,-0.4090817722528919,-0.0026037905365282124,-0.0004467893393239608,-0.002577744513015477,-0.0004527239019932461,-0.14515531138447407,-0.9893832797159314,105.96143401709244,-112.78501388937964,52.87800205506029,-56.218044500118346,53.08368225237638,-56.56820390626984,52.980842153718335,-56.39312420319409,-0.0002502903442263005,0.0012345170085410473,-6.357568199644153,-51.56185279032911,-51.64326819286412,-0.00022002521821751247,-0.04445655185463043,0.06653714871160332
1.3896,0.05005557076369023,-0.7001934437455257,-0.19909995287406604,-0.28944463416784605,-0.19907572058604397,-0.2894502413813465,0.05525164592502626,-0.6993038639265216,0.25174144507441326,-0.41030121606142733,-0.0026101537246790395,-0.00044198630275188444,-0.002585921436656976,-0.00044759351625228705,-0.14643422838569678,-0.9891960916106199,105.49836819805253,-112.6832828241904,52.64685970112092,-56.166892892920195,52.85175251574549,-56.51762617397309,52.7493061084332,-56.342259533446644,-0.00024401881387348112,0.00123624270288758,-6.350349000770612,-51.54390144227092,-51.61949130883393,-0.00020894018981490665,-0.04457321881169701,0.06691332120558968
1.3904,0.048798202401749625,-0.7007009706211951,-0.19912887202960183,-0.2887433045510234,-0.1991064567622112,-0.2887485481043331,0.05400885733954011,-0.699821367343588,0.2505211942665514,-0.4115152426547133,-0.002616535102590564,-0.00043717986214875104,-0.002594119835199929,-0.0004424234154583595,-0.14771413452526166,-0.9890070953100698,105.03801276246304,-112.57992478228064,52.417071274322666,-56.114928068968624,52.621179257571505,-56.46623466678451,52.51912526594708,-56.29058136787657,-0.00023776943112352456,0.0012379534724971109,-6.343142620012724,-51.52588863358269,-51.595679180803316,-0.0001976079975555928,-0.0446904307248977,0.06729266928095967
1.3912,0.04753880838250465,-0.7012048621565996,-0.19915677626297257,-0.28804379316189566,-0.19913618038911432,-0.28804863658925145,0.05276408293333595,-0.7003352788429219,0.24929792398396375,-0.41272385562418723,-0.00262293521234477,-0.00043236994316092625,-0.002602339338486522,-0.0004372133705167758,-0.14899503266812314,-0.9888162853753344,104.5803548237689,-112.47496913279684,52.18863035024571,-56.06216471683638,52.391956015486855,-56.41404406581668,52.29029318286628,-56.23810439132653,-0.0002315419636573779,0.001239649856216829,-6.335949082344459,-51.507813235750326,-51.57183299303759,-0.00018602975535247414,-0.044808183984118094,0.06767519489324059
1.392,0.04627739771457954,-0.7017051172735637,-0.19918367800287357,-0.28734609550830476,-0.199164902975805,-0.28735050221034814,0.051517331887149145,-0.7008455976516802,0.2480716552902036,-0.4139270586032955,-0.0026293545998190906,-0.0004275564599200421,-0.0026105795727505224,-0.0004319631619634223,-0.15027692568847495,-0.9886236563219484,104.12538140769567,-112.36844482165785,51.96153045991588,-56.00861731397992,52.164076283955495,-56.361068840063936,52.062803371935686,-56.184843077021924,-0.00022533617570275055,0.001241332386001659,-6.328768411629785,-51.4896741230222,-51.54795392297228,-0.00017420668127812372,-0.04492647499494629,0.06806089913354185
1.3928,0.04501397935557639,-0.7022017348908832,-0.19920958963949156,-0.28665020704365274,-0.199192635985904,-0.28665414030887726,0.05026861333087855,-0.701352322995887,0.24684240915592526,-0.4151248552671201,-0.002635793814444863,-0.00042273931488584493,-0.002618840160857304,-0.00042667258011036546,-0.1515598164694703,-0.9884292026196502,103.67307945746897,-112.26038037648178,51.735765092405686,-55.95430012918205,51.93753351689158,-56.307323248886824,51.83664930464863,-56.13081168903444,-0.00021915182828990964,0.0012430015870990019,-6.321600630637258,-51.47147017305568,-51.52404314068387,-0.00016214009830436358,-0.04504530018205077,0.06844978222235909
1.3936,0.043748562212274515,-0.702694713923996,-0.19923452352417634,-0.28595612316681984,-0.19921939083776774,-0.285959546193298,0.04901793634378529,-0.7018554541001181,0.24561020645900195,-0.4163172493319981,-0.0026422534089596827,-0.000417918398699868,-0.002627120722551085,-0.0004213414251780234,-0.15284370790294216,-0.9882329186921159,103.22343583889456,-112.15080391149066,51.511327697366625,-55.899227224982944,51.712321130206895,-56.25282134448565,51.61182441378676,-56.0760242847343,-0.00021298867896746287,0.0012446579779492595,-6.314445761054525,-51.45320026756999,-51.50010180835988,-0.0001498314349540401,-0.04516465599254122,0.06884184350462874
1.3944,0.04248115514082439,-0.7031840532846543,-0.19925849196910433,-0.28526383922209464,-0.19924517890465326,-0.285266715139465,0.047765309954685455,-0.702354990187185,0.24437506798463374,-0.4175042445551398,-0.0026487339391560623,-0.00041309359004948476,-0.002635420874704992,-0.0004159695074198444,-0.15412860288912386,-0.9880347989166993,102.77643734529865,-112.03974313239033,51.28821168749239,-55.843412460098804,51.488432504288404,-56.197576974361965,51.3883220958904,-56.020494717230385,-0.0002068464821576299,0.0012463020704416294,-6.307303823502714,-51.43486329299811,-51.476131079779215,-0.00013728222589489108,-0.04528453889934811,0.0692370814453227
1.3952,0.04121176694694695,-0.7036697518805968,-0.19928150724692953,-0.28457335049910026,-0.199270011514885,-0.28457564239082417,0.046510743142147495,-0.7028509304778212,0.24313701442545446,-0.41868584473424675,-0.0026552359636225417,-0.0004082647555258001,-0.0026437402315780054,-0.00041055664724976015,-0.15541450433636003,-0.9878348376241712,102.3320707023334,-111.92722534122673,51.066410440914396,-55.786869491828675,51.26586098640814,-56.141603783767884,51.16613571366127,-55.96423663779828,-0.00020072498914203152,0.0012479343698288403,-6.30017483755066,-51.41645814115848,-51.452132099783874,-0.00012449411254783122,-0.04540494540473145,0.06963549362481558
1.396,0.039940406386124075,-0.7041518086152225,-0.19930358159042508,-0.2838846522327408,-0.19929389995202088,-0.2838863231586016,0.04525424483468325,-0.7033432741903684,0.24189606638162667,-0.41986205370712426,-0.0026617600434816827,-0.0004034317494966966,-0.0026520784050774807,-0.0004051026753574827,-0.15670141516081929,-0.9876330290984665,101.89032257264932,-111.8132774412133,50.84591730353155,-55.72961177844652,51.044599893065765,-56.08491521814157,50.94525859829866,-55.90726349829404,-0.00019462394799063532,0.001249555374783995,-6.293058821729105,-51.39798370992139,-51.42810600375415,-0.00011146884363925932,-0.04552587204380351,0.07003707673538884
1.3968,0.038667082163794164,-0.7046302223872657,-0.19932472719211927,-0.2831977396031547,-0.19931685545502056,-0.283198752621992,0.04399582391094099,-0.7038320205404647,0.2406522443609375,-0.42103287535129186,-0.0026683067421227682,-0.00039859441398187867,-0.0026604350050240602,-0.0003996074328191934,-0.15798933828620235,-0.9874293675764385,101.45117956043873,-111.69792594153249,50.62672559127641,-55.67165258158066,50.824642512266294,-56.02752452552963,50.72568405177135,-55.849588553555144,-0.00018854310397387053,0.0012511655777984743,-6.285955793544722,-51.37943890388372,-51.404053917093115,-9.82082756896731e-05,-0.045647315388044056,0.07044182657810438
1.3976,0.037391802935544616,-0.7051049920904695,-0.19934495620391898,-0.28251260773567466,-0.19933888921841533,-0.2825129259283476,0.04273548919989732,-0.7043171687407326,0.23940556877888813,-0.42219831358358995,-0.0026748766249281783,-0.00039375257853202505,-0.0026688096394245284,-0.00039407077120490186,-0.15927827664344618,-0.9872238472476121,101.01462821585258,-111.58119696210785,50.408828592317704,-55.61300496857788,50.6059821057342,-55.96944475899472,50.50740534902595,-55.7912248637863,-0.00018248219932104348,0.001252765464741401,-6.278865769494065,-51.36082263505406,-51.37997695470201,-8.471437351574016e-05,-0.045769272048947804,0.07084973805999084
1.3984,0.0361145773073006,-0.7055761166132654,-0.19936428073672566,-0.2818292517008042,-0.1993600123924765,-0.28182883819336085,0.04147324948104462,-0.7047987180004694,0.23815605995877367,-0.4233583723597849,-0.0026814702589965968,-0.00038890606011959816,-0.002677201914747438,-0.00038849255267631166,-0.16056823317042848,-0.9870164622539499,100.58065503929237,-111.46311623834546,50.19221956920137,-55.55368181485257,50.38861191106435,-55.91068877900821,50.29041574013286,-55.73218529693039,-0.00017644097334823527,0.001254355515314387,-6.27178876507741,-51.34213382353459,-51.35587622046572,-7.098921063396243e-05,-0.045891738681655796,0.07126080519191191
1.3992,0.03483541383551753,-0.7060435948384465,-0.19938271286004314,-0.2811476665142012,-0.1993802360833865,-0.2811464845012504,0.04020911348458226,-0.7052766675253375,0.2369037381317647,-0.4245130556741662,-0.002688088212860682,-0.0003840546630299313,-0.002685611436204053,-0.0003828726500790802,-0.1618592108116649,-0.9868072066896177,100.14924648558241,-111.34370912584501,49.97689176093229,-55.493695806220444,50.17252514381281,-55.851269255827624,50.07470845237255,-55.67248253102403,-0.00017041916268567547,0.001255936203051533,-6.26472479481254,-51.323371398212636,-51.331752806738095,-5.703496966815491e-05,-0.04601471198862968,0.07167502108711687
1.4,0.03355432102736725,-0.7065074256428493,-0.19940026460157728,-0.28046784713667144,-0.1993995713534111,-0.2804658599049407,0.03894308989160167,-0.7057510165170557,0.23564862343697865,-0.42566236755914644,-0.0026947310562003,-0.0003791981787620857,-0.002694037808034122,-0.00037721094703141445,-0.16315121251800974,-0.9865960746007586,99.72038896802202,-111.22300060507901,49.76283838499596,-55.43305944121611,49.95771499952715,-55.79119867185793,49.86027669226155,-55.612129056537015,-0.00016441650107879013,0.001257507995021001,-6.257673872248336,-51.30453429745387,-51.30760779382755,-4.285394268841486e-05,-0.04613818872340497,0.0720923779599616
1.4008,0.032271307340926494,-0.706967607897029,-0.19941694794682718,-0.279789788474178,-0.19941802922107119,-0.27978695942624277,0.03767518733427344,-0.7062217641730917,0.23439073592154913,-0.4268063120848499,-0.002701399359551479,-0.00037433638593625806,-0.0027024806337954815,-0.0003715073380010092,-0.1644442412463492,-0.9863830599852708,99.2940688623234,-111.10101528603813,49.55005263932405,-55.37178503339415,49.74417465571901,-55.73048932399654,49.64711364752153,-55.55113717869534,-0.00015843271965820804,0.0012590713525497677,-6.250636009978408,-51.285621469798045,-51.28344224948944,-2.8448531524977463e-05,-0.04626216569433301,0.07251286712553906
1.4016,0.030986381185364335,-0.7074241404649411,-0.19943277483866936,-0.2791134853778595,-0.19943562066131695,-0.2791097780560323,0.036405414396033516,-0.7066889096863546,0.23313009554069208,-0.4279448933587019,-0.0027080936940107915,-0.00036946905020684984,-0.0027109395166583818,-0.00036576172837965437,-0.16573829995929423,-0.9861681567925937,98.87027251043584,-110.97777741284455,49.3385277042032,-55.30988471361347,49.53189727377958,-55.66915332596172,49.43521248899139,-55.48951901978759,-0.00015246754693976072,0.001260626730640979,-6.24361121965452,-51.26663187465877,-51.259257228417894,-1.3821248018386157e-05,-0.046386639768400885,0.07293647899973621
1.4024,0.029699550921124977,-0.7078770222036195,-0.19944775717693422,-0.27843893264406033,-0.19945235660570193,-0.27843431075442504,0.03513377961176457,-0.7071524522448899,0.23186672215776283,-0.42907811552501196,-0.0027148146309359453,-0.0003645959241824759,-0.002719414059703655,-0.0003599740345471836,-0.1670333916248733,-0.9859513589234974,98.44898622425899,-110.85331086832909,49.12825674412907,-55.24737043230401,49.320876000838794,-55.60720261060341,49.224566372483935,-55.42728652145371,-0.00014652070888132585,0.0012621745783292226,-6.236599512000012,-51.24756448302398,-51.23505377174327,1.0252857641266378e-06,-0.04651160787505075,0.07336320310011502
1.4032,0.028410824860114384,-0.7083262519628589,-0.19946190681797646,-0.2777661250143769,-0.1994682479425594,-0.27776055245095105,0.03386029146798149,-0.7076123910315735,0.23060063554431587,-0.43020598276455224,-0.002721562741642071,-0.00035971674735568726,-0.002727903866225019,-0.000354144183929761,-0.16832951921622,-0.9857326602298802,98.03019628924902,-110.72763917857455,48.91923290960716,-55.184253961716365,49.111103971570785,-55.544648932197,49.01516844058897,-55.36445144695668,-0.0001405919289254598,0.0012637153388084243,-6.229600896823082,-51.228418278157676,-51.21083290653169,1.6088337364369228e-05,-0.046637067010045115,0.0737930280469925
1.404,0.027120211265880993,-0.7087718285848953,-0.1994752355742368,-0.2770950571757111,-0.19948330551717802,-0.2770884980447272,0.032584958403010386,-0.708068725223806,0.2293318553801531,-0.43132849929413153,-0.0027283385970940863,-0.0003548312460365244,-0.002736408540035311,-0.0003482721150526724,-0.16962668571126172,-0.9855120545145698,97.61388896791848,-110.60078551742222,48.711449338900806,-55.12054689815297,48.902574309945564,-55.48150386871853,48.807011824423185,-55.30102538343575,-0.00013468092788571084,0.0012652494492755295,-6.222615383030034,-51.209192256304135,-51.18659564528709,3.13650638075285e-05,-0.04676301423938683,0.07422594156531659
1.4048,0.0258277183537983,-0.7092137509040876,-0.19948775521380102,-0.2764257237603433,-0.1994975401319808,-0.27641814240462675,0.031307788807170084,-0.708521453993211,0.22806040125337512,-0.43244566936616424,-0.0027351427675960105,-0.0003499391332965063,-0.0027449276857757776,-0.00034235777758001573,-0.1709248940924067,-0.9852895355311343,97.20005050323354,-110.47277271094272,48.50489915972902,-55.05626066418134,48.69528013092903,-55.4177788241025,48.60008964532902,-55.23701974414192,-0.00012878742450084246,0.0012667773411152439,-6.215642978638396,-51.18988542738913,-51.1623429854611,4.685251154886562e-05,-0.04688944670321521,0.07466193048747982
1.4056,0.02453335429124675,-0.7096520177465996,-0.1994994774599485,-0.2757581193460149,-0.1995109625467028,-0.2757494803694482,0.030028791022952545,-0.7089705765053294,0.2267862926604253,-0.4335574972682329,-0.0027419758224757427,-0.0003450401089184485,-0.0027534609092300464,-0.00033640113235178237,-0.17222414734622601,-0.985065096983696,96.788667121911,-110.34362324186944,48.29957549091387,-54.99140651082874,48.48921454213213,-55.35348503048054,48.394395016523,-55.17244577065464,-0.00012291113499429684,0.0012682994398431902,-6.208683690790026,-51.1704968157245,-51.13807590896104,6.254761644165854e-05,-0.04701636161976181,0.07510098075638894
1.4064,0.023237127197790572,-0.7100866279300843,-0.19951041399069983,-0.275092238456025,-0.19952358347857205,-0.27508250674808127,0.028747973345198144,-0.7094160919193174,0.22550954900613027,-0.4346639873226477,-0.002748838329767682,-0.00034013385935521834,-0.002762007817639904,-0.0003304021514115574,-0.1735244484631416,-0.984838732526754,96.37972503761611,-110.21335925399427,48.09547144397911,-54.925995519758054,48.28437064541029,-55.28863355040154,48.1899210446947,-55.107314535079794,-0.00011705177328735772,0.001269816165319071,-6.201737525764085,-51.15102546070753,-51.11379538166746,7.84472037813557e-05,-0.04714375628933943,0.07554307742910282
1.4072,0.021939045145359173,-0.7105175802633649,-0.19952057643835516,-0.2744280755593434,-0.19953541360248972,-0.2744172163196709,0.027465344021275567,-0.7098579993876454,0.2242301896037398,-0.43576514388599796,-0.0027557308558909116,-0.00033522005769598406,-0.0027705680200254684,-0.0003243608180235058,-0.17482580043710505,-0.9846104357650123,95.97321045406537,-110.08200255652592,47.892580124702086,-54.86003860542459,48.080741538414415,-55.22323527903291,47.986660831558254,-55.04163694222875,-0.0001112090511412589,0.0012713279315761383,-6.194804488989975,-51.131470417522806,-51.08950235295311,9.454798838640191e-05,-0.04727162809831521,0.0759882046817495
1.408,0.02063911615842202,-0.7109448735461213,-0.19952997638903142,-0.27376562507073543,-0.19954646355121267,-0.2737536038337797,0.02618091125125504,-0.7102962980557945,0.22294823367496056,-0.4368609713487004,-0.002762653965325889,-0.0003302983636412904,-0.002779141127507139,-0.0003182771266855289,-0.1761282062652835,-0.9843802002532155,95.56910956803492,-109.94957462840925,47.69089463461835,-54.793546517213954,47.87832031609465,-55.157300946342325,47.7846074753565,-54.975423731778136,-0.00010538267808613,0.001272835147020146,-6.187884585060196,-51.11183075783664,-51.065197755208416,0.00011084657475044959,-0.047399974523138357,0.07643634581424408
1.4088,0.01933734821416514,-0.7113685065685721,-0.199538625382192,-0.27310488135090255,-0.199556743915537,-0.27309166401054735,0.024894683188084316,-0.7107309870619568,0.22166370034998922,-0.4379514741345395,-0.0027696082202870956,-0.0003253684234852394,-0.0027877267536320863,-0.00031215108313004114,-0.17743166894773976,-0.9841480194959895,95.16740857227808,-109.81609662260594,47.49040807248177,-54.72652984156018,47.6771000721579,-55.090841119260276,47.583754072319834,-54.90868548041023,-9.957236159152671e-05,0.0012743382145146143,-6.180977817743133,-51.09210557049292,-51.04088250336774,0.00012733945721966599,-0.04752879313438096,0.07688748325645633
1.4096,0.01803374924266867,-0.7117884781111588,-0.19954653491017738,-0.2724458387066449,-0.19956626524448298,-0.2724313915408495,0.023606667937762844,-0.711162065536733,0.22037660866754594,-0.43903665670019865,-0.0027765941803942797,-0.00032042987011055013,-0.002796324514699886,-0.0003059827043151442,-0.17873619148711442,-0.983913886947693,94.7680936583547,-109.68158937033627,47.291113535681106,-54.658999004044645,47.47707390048058,-55.023866203822806,47.38409371808085,-54.841432603933725,-9.377780699537652e-05,0.0012758375311818781,-6.174084189995835,-51.07229396219979,-51.01655749445145,0.00014402302027420792,-0.047658081600707475,0.07734159857486134
1.4104,0.016728327127076628,-0.712204786944233,-0.19955371641772368,-0.2717884913910214,-0.19957503804547883,-0.2717727810864523,0.022316873559511913,-0.711589532602835,0.2190869775748955,-0.44011652353479713,-0.0027836124023400775,-0.00031548232298350687,-0.0028049340300952217,-0.0002997720184144681,-0.180041776888307,-0.9836777960122708,94.37115101936968,-109.54607338528092,47.09300412161117,-54.590964271474974,47.27823489647628,-54.95638644729464,47.185619509043725,-54.77367535938481,-8.799871777398494e-05,0.0012773334887015153,-6.167203703976597,-51.05239505821899,-50.9922236070961,0.00016089353882128737,-0.047787837693040514,0.07779867247941752
1.4112,0.015421089703773826,-0.7126174318277382,-0.19956018130148906,-0.27113283360354806,-0.19958307278455056,-0.2711158272801678,0.021025308065948545,-0.7120133873747819,0.217794825927881,-0.44119107915940214,-0.002790663439556612,-0.0003105253881682257,-0.0028135549226181167,-0.00029351906478797263,-0.18134842815815863,-0.9834397400431178,93.97656685263236,-109.40956886774349,46.89607292900546,-54.522435753944414,47.080576158422176,-54.88841194027226,46.988324543713816,-54.705423847108335,-8.223479527202926e-05,0.0012788264731824484,-6.160336361057679,-51.03240800304264,-50.96788170110771,0.0001779471785634704,-0.047918059288532225,0.07825868483200793
1.412,0.014112044762554593,-0.7130264115108985,-0.19956594090956867,-0.27047885949038886,-0.199590379886507,-0.2704605247260034,0.019731979423253068,-0.7124336289586044,0.21650017249094164,-0.44226032812655536,-0.002797747841880076,-0.00030555865833981066,-0.0028221868188183993,-0.0002872238939543026,-0.18265614830513402,-0.9831997123429476,93.58432736222672,-109.27209570877292,46.700313059224285,-54.45342340687136,46.88409078874156,-54.819952618766926,46.79220192398292,-54.63668801281914,-7.648573912888423e-05,0.0012803168653618968,-6.153482161837735,-51.01233196106789,-50.943532617010035,0.00019517999642484863,-0.0480487443746728,0.07872161465442673
1.4128,0.012801200046794558,-0.7134317247319013,-0.19957100654101398,-0.26982656314458825,-0.19959696973513139,-0.2698068679993119,0.01843689555133972,-0.712850256451543,0.21520303593713982,-0.44332427501977206,-0.0028048661552138796,-0.00030058171281727164,-0.002830829349331286,-0.0002808865675409944,-0.18396494033900554,-0.9829577061636723,93.19441876150651,-109.13367349424527,46.50571761750636,-54.3839370330182,46.68877189524707,-54.75101826626751,46.59724475637672,-54.56747764964285,-7.075124692335066e-05,0.0012818050404348469,-6.146641106154433,-50.992166117260425,-50.91917717560467,0.0002125879410562961,-0.04817989105332868,0.0791874401387247
1.4136,0.011488563253621213,-0.7138333702175844,-0.1995753894453438,-0.26917593860629724,-0.19960285267337116,-0.26915485164693964,0.01714006432402499,-0.713263268941751,0.21390343484818058,-0.4443829244530493,-0.002812018921188212,-0.00029559411759549903,-0.0028394821492155643,-0.00027450715823790217,-0.1852748072705344,-0.9827137147062861,92.80682727550742,-108.9943215089058,46.31227971417893,-54.31398628449089,46.49461259234317,-54.681618515783214,46.403446153261044,-54.49780240013705,-6.503101467103534e-05,0.001283291368295636,-6.139813193096833,-50.97190967782049,-50.89481617752965,0.00023016685337930688,-0.04831149754484519,0.07965613865673049
1.4144,0.010174142034080293,-0.7142313466831216,-0.19957910082206276,-0.2685269798630257,-0.19960803900352903,-0.26850447018736845,0.015841493569191942,-0.7136726655079941,0.21260138771443202,-0.4454362810703608,-0.002819206676822693,-0.00029059542539233707,-0.0028481448582889576,-0.0002680857497351363,-0.18658575211115977,-0.9824677311207549,92.42153914328391,-108.85405874037026,46.119992465830876,-54.24358066471792,46.3016060021895,-54.61176285186562,46.21079923401019,-54.427671758291766,-5.932473646907965e-05,0.0012847762132679463,-6.132998421017782,-50.95156187082562,-50.87045040283868,0.00024791246718576916,-0.04844356219208573,0.08012768677104987
1.4152,0.008857943993305488,-0.7146256528317084,-0.1995821518201731,-0.2678796808499197,-0.1996125389874583,-0.26785571811086134,0.01454119106895955,-0.7140784452193529,0.21129691293494823,-0.44648434954514016,-0.0028264299541844356,-0.0002855851757068706,-0.002856817121469614,-0.00026162243664856755,-0.18789777787268316,-0.9822197485059212,92.0385406201724,-108.71290388308532,45.928848996449915,-54.1727295304092,46.109745255827406,-54.54146061261078,46.01929712613866,-54.35709507150999,-5.363210492248527e-05,0.0012862599346590287,-6.126196787546321,-50.93112194687498,-50.846080610572024,0.0002658204098592444,-0.0485760834644878,0.08060206024697436
1.416,0.007539976690682854,-0.7150162873542487,-0.19958455353768811,-0.2672340354500349,-0.1996163628467546,-0.26720858987959906,0.013239164559843752,-0.7144806071349253,0.20999002881748466,-0.44752713457977006,-0.002833689280047208,-0.00028056289487959907,-0.0028654985891136964,-0.00025511732444377655,-0.18921088756695806,-0.9819697599094039,91.6578179799777,-108.57087534224894,45.73884243852123,-54.101442093494846,45.91902349426743,-54.4707209916404,45.82893296639433,-54.28608154256762,-4.795281097358384e-05,0.0012877428863049545,-6.119408289599882,-50.910589179720915,-50.821707538345734,0.00028388620305189,-0.0487090599621157,0.08107923406464579
1.4168,0.006220247640016272,-0.7154032489290404,-0.19958631702114554,-0.26659003749465054,-0.199619520762952,-0.2665630799278203,0.011935421732922632,-0.714879150303527,0.20868075357851823,-0.4485646409050483,-0.0028409851755499494,-0.0002755280961718176,-0.0028741889173564085,-0.0002485705293415741,-0.19052508420557934,-0.9817177583275191,91.27935751709208,-108.42799123768859,45.54996593409349,-54.02972742304303,45.729433869542554,-54.3995530400624,45.63969990181802,-54.214640231552714,-4.228654395888043e-05,0.0012892254168406225,-6.11263292339666,-50.88996286688777,-50.79733190194138,0.00030210526356002395,-0.048842490419688446,0.0815591824323576
1.4176,0.004898764309693884,-0.7157865362214607,-0.19958745326512317,-0.2659476807635791,-0.199622022877722,-0.26591918266195697,0.01062997023399968,-0.7152740737633949,0.20736910534326936,-0.4495968732796598,-0.0028483181558534906,-0.0002704802798439987,-0.0028828877684523076,-0.00024198217822180013,-0.19184037079957578,-0.9814637367051958,90.9031455485425,-108.28426940770103,45.36221263580905,-53.95759444715884,45.54096954572523,-54.32796566841181,45.45159109076714,-54.14278005778532,-3.663299177958379e-05,0.0012907078696144936,-6.105870684467719,-50.86924233028752,-50.77295439490358,0.0003204729041341133,-0.048976373710629545,0.08204187880036784
1.4184,0.0035755341228478474,-0.7161661478836536,-0.1995879732117613,-0.26530695898551276,-0.19962387929307093,-0.26527689246076386,0.009322817663762742,-0.7156653765418888,0.20605510214572142,-0.4506238364896329,-0.0028556887298026397,-0.00026541893325693344,-0.0028915948111122676,-0.00023535240850797168,-0.19315675035911084,-0.9812076879359095,90.52916841597093,-108.13972741284937,45.17557570790174,-53.88505195486203,45.353623699910074,-54.25596764857024,45.26459970390591,-54.070509801716135,-3.099184088739548e-05,0.0012921905829017533,-6.0991215676691946,-50.8484269168037,-50.74857568815717,0.00033898433446618356,-0.04911070885100276,0.08252729587576368
1.4192,0.00225056445751973,-0.7165420825542154,-0.19958788775027173,-0.26466786583837604,-0.19962510007153575,-0.2646362036754542,0.00801397157794713,-0.716053057655193,0.20473876192863716,-0.45164553534778906,-0.002863097399581689,-0.00026034353097209584,-0.002900309720845713,-0.0002286813680502653,-0.19447422589317032,-0.9809496048616193,90.1574124875486,-107.9943825397189,44.990048327161546,-53.81210859794407,45.16738952316336,-54.18356761566459,45.07871892516245,-53.99783810680433,-2.5362776298720746e-05,0.0012936738897622035,-6.0923855671944835,-50.82751599888695,-50.724196429613045,0.0003576346621926448,-0.04924549500352891,0.08301540563792287
1.42,0.0009238626468185974,-0.7169143388578801,-0.19958720771647442,-0.26403039494969616,-0.1996256952363923,-0.26399711062982256,0.006703439487492235,-0.7164371161080206,0.20342010254358878,-0.452661974693191,-0.0028705446603778883,-0.0002552535348665508,-0.0029090321802957507,-0.0002219692149929564,-0.19579280040927793,-0.9806894802727097,89.78786415982562,-107.8482518046355,44.80562368386795,-53.738772892806885,44.982260221439546,-54.11077406994672,44.89394195265375,-53.9247734813768,-1.9745481878885585e-05,0.001295158118111317,-6.085662676586202,-50.80650897511347,-50.69981724380276,0.0003764188939588186,-0.04938073148150804,0.08350617935471405
1.4208,-0.00040456402091748633,-0.717282915405206,-0.19958594389231074,-0.26339453989699635,-0.19962567477185073,-0.26335960762037225,0.005391228858700547,-0.7168175508933137,0.20209914175097224,-0.4536731593905755,-0.0028780310000390244,-0.00025014839425818725,-0.0029177618795790086,-0.0002152161176340872,-0.1971124769131892,-0.9804273069079441,89.42050985951796,-107.70135195733872,44.62229498269207,-53.665053222279006,44.79822901646594,-54.03759537865058,44.710261999579004,-53.851324300464796,-1.4139640043708823e-05,0.0012966435908765561,-6.078952888748338,-50.785405270750005,-50.67543873150382,0.00039533193657023186,-0.04951641775276152,0.08399958759972037
1.4216,-0.0017347083019604481,-0.7176478107922591,-0.1995841070053834,-0.26276029420820457,-0.19962504862326333,-0.2627236889164381,0.004077347113397089,-0.7171943609919458,0.20077589722004166,-0.45467909432978115,-0.0028855568987388083,-0.00024502754603994426,-0.0029264985166187387,-0.00020842225427342154,-0.19843325840860507,-0.9801630774544238,89.05533604523457,-107.55369948461875,44.44005544356975,-53.59095783741398,44.615289146596936,-53.96403977783059,44.52767229508334,-53.77749880762229,-8.544932114773474e-06,0.0012981306258268432,-6.0722561959582055,-50.764204338284344,-50.65106146939027,0.000414368598205604,-0.04965255344346411,0.08449560026988934
1.4224,-0.0030665629970394893,-0.7180090236003023,-0.19958170772848344,-0.26212765136207644,-0.19962382669732584,-0.2620893487603078,0.002761801629080252,-0.7175675453724264,0.199450386528925,-0.4556797844251722,-0.002893122828638675,-0.000239890414822308,-0.002935241797481078,-0.0002015878130536275,-0.19975514789688426,-0.9798967845475565,88.69232920914189,-107.40531061390875,44.258898302543486,-53.516494859266615,44.43343386763679,-53.89011537417808,44.34616608509014,-53.70330511672235,-2.961038390481008e-06,0.0012996195359420426,-6.065572589878448,-50.74290565795597,-50.626686009677364,0.0004335235897204523,-0.049789138342064596,0.08499418660409219
1.4232,-0.0044001209511780595,-0.718366552395477,-0.19957875667913838,-0.26149660478864784,-0.19962201886228814,-0.26145658136733574,0.0014445997390829161,-0.7179371029906001,0.1981226271646657,-0.4566752346150468,-0.0029007292535556074,-0.0002347364130944607,-0.002943991436705369,-0.00019471299178241974,-0.20107814837676083,-0.9796284207710303,88.33147587857505,-107.25620131684113,44.078816812578594,-53.441672280651225,44.25265645363432,-53.815830146818904,44.16573663310646,-53.628751213735065,2.612362123954881e-06,0.0013011106290008456,-6.058902061568947,-50.721508738255814,-50.60231287978923,0.0004527915260008117,-0.04992617240300737,0.08549531520310438
1.424,-0.005735375053542836,-0.7187203957284897,-0.1995752644191541,-0.2608671478696849,-0.19961963494815688,-0.26082538092606256,0.0001257487327208409,-0.71830303278935,0.19679263652324452,-0.4576654498610461,-0.0029083766286304453,-0.0002295649413809886,-0.0029527471576332193,-0.00018779799775864303,-0.20240226284406648,-0.9793579786567936,87.97276261758749,-107.10638731275957,43.89980424434856,-53.366497967878665,44.07295019764767,-53.741191949088886,43.986377220998115,-53.55384495848378,8.175591261760928e-06,0.0013026042079928857,-6.0522446014987334,-50.70001311641729,-50.57794258203026,0.000472166927368994,-0.050063655750532815,0.08599895404870495
1.4248,-0.007072318237286471,-0.7190705521342965,-0.1995712414541752,-0.2602392739391797,-0.19961668474691077,-0.26019574159832237,-0.0011947441445507576,-0.7186653336983,0.1954604319096244,-0.4586504351475472,-0.00291606540000007,-0.00022437538842695615,-0.0029615086927356343,-0.000180843047569601,-0.20372749429146159,-0.9790854506850494,87.61617602845044,-106.95588407219446,43.72185388699664,-53.290979662474435,43.89430841248198,-53.66620851029104,43.80808114973931,-53.47859408638274,1.372897182250199e-05,0.0013041005710192621,-6.045600199557851,-50.67841835888109,-50.55357559326818,0.0004916442211416684,-0.050201588682360014,0.08650507052598755
1.4256,-0.008410943479392557,-0.7194170201317869,-0.19956669823324033,-0.25961297628384095,-0.19961317801270406,-0.25956765751935695,-0.0025168716909856207,-0.7190240046335152,0.1941260305377831,-0.4596301954810521,-0.0029237960044716025,-0.00021916713137781763,-0.0029702757839353343,-0.0001738483668938251,-0.2050538457081613,-0.97881082928425,87.26170275309573,-106.80470682029576,43.54495904886876,-53.21512498287648,43.71672443139946,-53.59088743743055,43.630841740134116,-53.40300621015352,1.9272827501026768e-05,0.0013056000112783295,-6.038968845069224,-50.65672406174741,-50.52921236462971,0.0005112177431724754,-0.05033997167331847,0.08701363144413676
1.4264000000000001,-0.009751243800526745,-0.7197597982234674,-0.19956164514835034,-0.2589882481436079,-0.19960912446208418,-0.25894112279791764,-0.0038406267483986688,-0.7193790444972042,0.19278944953075455,-0.46060473588957307,-0.002931568869197123,-0.00021393953597664828,-0.0029790481829309566,-0.00016681419028646838,-0.20638132007967996,-0.9785341068310986,86.90932947450621,-106.65287054022738,43.369113058221046,-53.13894142611357,43.54019160880234,-53.51523621693105,43.45465233351169,-53.32708882152231,2.4807482830624394e-05,0.0013071028172362276,-6.032350526800396,-50.63492985121486,-50.50485332119326,0.0005308817394910254,-0.05047880537903844,0.0875246030593928
1.4272,-0.011093212264880043,-0.720098884895146,-0.1995560925340459,-0.2583650827121813,-0.19960453377419834,-0.25831613151637417,-0.005166002202012128,-0.7197304521774204,0.19145070592067603,-0.4615740614220054,-0.002939384411357745,-0.0002086919567663159,-0.002987825651510181,-0.00015974076095925938,-0.20770992038756822,-0.9782552756505609,86.5590429180569,-106.5003899765222,43.19430926390301,-53.062436369464635,43.36470332089081,-53.43926221633002,43.27950629239691,-53.25084929289733,3.0333263083548445e-05,0.0013086092724563514,-6.025745232975304,-50.61303538398303,-50.48049886171366,0.0005506303680054954,-0.05061809063943829,0.08803795109776047
1.428,-0.012436841980020067,-0.7204342786156137,-0.19955005066700968,-0.2577434731375975,-0.19959941559101635,-0.2576926777308103,-0.006492990980308456,-0.7200782265477608,0.19010981664884874,-0.46253817714748335,-0.0029472430378524703,-0.00020342373732007424,-0.002996607961859143,-0.00015262833053286684,-0.20903964960917729,-0.9779743280158911,86.21082985280911,-106.34727963839825,43.02054103601891,-52.98561707209902,43.190252966296015,-53.3629726859552,43.10539700115746,-53.17429487902711,3.585049418575181e-05,0.0013101196559688333,-6.019152951286092,-50.5910403476279,-50.45614935835982,0.0005704577003999588,-0.0507578284820636,0.08855364078030448
1.4288,-0.01378212609674311,-0.7207659778363282,-0.19954352976564865,-0.25712341252277837,-0.19959377951754187,-0.2570707554711246,-0.007821586054884078,-0.7204223664670705,0.18876679856578166,-0.4634970881547479,-0.002955145144982912,-0.00019813421045572488,-0.0030053948968761287,-0.00014547715880203205,-0.21037051071740887,-0.9776912561486508,85.86467709275041,-106.19355380303412,42.84780176656069,-52.90849067669615,43.016833966687045,-53.28637476058,42.93231786662387,-53.097432718638075,4.1359502674254145e-05,0.0013116342420289584,-6.01257366890473,-50.568944460985854,-50.431805156435516,0.0005903577239255927,-0.0508980201256579,0.08907163684716579
1.4296,-0.01512905780892033,-0.7210939809910959,-0.1995365399897045,-0.25650489392611514,-0.19958763512202762,-0.25645035874112754,-0.009151780440298128,-0.7207628707791379,0.18742166843125682,-0.4644507995514956,-0.0029630911181495337,-0.00019282269847281652,-0.0030141862504726594,-0.000138287513485158,-0.21170250668047527,-0.9774060522187382,85.52057149799157,-106.03922651880747,42.67608487002041,-52.831064211047845,42.84443976735548,-53.20947546105997,42.76026231868795,-53.020269836053906,4.686061566872013e-05,0.0013131533003445384,-6.006007372494672,-50.5467474744922,-50.407466574136166,0.0006103243433056145,-0.05103866698348344,0.08959190358257274
1.4304000000000001,-0.016477630353354412,-0.7214182864957527,-0.19952909143987596,-0.25588791036209246,-0.1995809919361975,-0.2558314815186298,-0.010483567193932982,-0.7210997383123993,0.186074442914393,-0.46539931646371485,-0.0029710813315499537,-0.00018748851340805173,-0.0030229818278714867,-0.00013105966994536589,-0.21303564046168044,-0.977118708344437,85.17849997591844,-105.88431160849278,42.50538378398179,-52.75334458963988,42.673063837775764,-53.1322816959488,42.58922381087878,-52.942813142794336,5.235416088567035e-05,0.0013146770958911702,-5.999454048222594,-50.524449170503644,-50.38313390231498,0.0006303513828638682,-0.05117977066647079,0.09011440484255218
1.4312,-0.017827837009629123,-0.7217388927478446,-0.199521194157457,-0.255272454801897,-0.19957385945546574,-0.2552141177555333,-0.011816939415842165,-0.7214329678796338,0.18472513859372575,-0.4663426440350241,-0.0029791161478891076,-0.00018213095728725204,-0.0030317814458978437,-0.00012379391092354197,-0.214369915019197,-0.9768292165924544,84.83844948229839,-105.72882267242431,42.335691969688156,-52.6753386152172,42.50269967214396,-53.05480026309642,42.41919582091606,-52.86506943915681,5.784046626899908e-05,0.0013162058893101403,-5.9929136817699025,-50.50204936358077,-50.35880740426236,0.0006504325885241364,-0.05132133298645627,0.09063910408110587
1.432,-0.019179671099964775,-0.7220557981263092,-0.19951285812398326,-0.2546585201740634,-0.1995662471391623,-0.2545982613779166,-0.01315189024861216,-0.7217625582776659,0.1833737719572843,-0.46728078742599755,-0.0029871959180867843,-0.00017674932239508667,-0.003040584933265824,-0.0001164905262482363,-0.21570533330586125,-0.9765375689779775,84.5004070223438,-105.57277309161843,42.16700291259003,-52.59705298032876,42.333340789893484,-52.9770378512263,42.25017185124176,-52.78704541577753,6.331986027419134e-05,0.001317739936624207,-5.986386258344323,-50.47954790076915,-50.33448731549755,0.0006705616300465954,-0.05146335595920344,0.09116596437840485
1.4328,-0.020533125989073826,-0.7223690009911535,-0.19950409326087726,-0.25404609936511935,-0.19955816441074514,-0.2539839062861192,-0.01448841287721697,-0.7220885082870611,0.18202035940266578,-0.468213751813488,-0.0029953209809944906,-0.0001713428915463,-0.0030493921308623754,-0.00010914981254617206,-0.21704189826895662,-0.9762437574647267,84.16435965173132,-105.41617603085693,41.99931012287037,-52.51849426885339,42.16498073618935,-52.8990010414931,42.08214542952986,-52.70874765517324,6.87926715983167e-05,0.0013192794895502402,-5.979871762691454,-50.456944661847345,-50.31017384356191,0.0006907321031851327,-0.05160584180751343,0.09169494846875637
1.4336,-0.021888195084013552,-0.7226784996831351,-0.1994949094291332,-0.2534351852202794,-0.19954962065803672,-0.25337104635482016,-0.015826500528875513,-0.7224108166718256,0.18066491723714043,-0.46914154238993055,-0.003003491663117256,-0.00016591093838441706,-0.003058202892020776,-0.00010177207292511037,-0.2183796128500295,-0.9759477739650302,83.83029447758567,-105.25904444173646,41.83260713595374,-52.43966895750874,41.997613082402715,-52.82069630902302,41.91511010917823,-52.630182633265875,7.425922920845096e-05,0.0013208247952860575,-5.973370179106331,-50.434239559550804,-50.285867167839406,0.0007109375320972259,-0.05174879296404359,0.09222601877107195
1.4344000000000001,-0.023244871834045267,-0.7229842925234375,-0.19948531642901576,-0.2528257705441079,-0.19954062523344313,-0.2527596754331146,-0.017166146472912095,-0.7227294821791023,0.17930746167775077,-0.47006416436265863,-0.0030117082783529103,-0.0001604527276642953,-0.0030670170827802722,-9.435761667103693e-05,-0.21971847998470814,-0.9756496103398811,83.49819865941794,-105.10139106568018,41.666887512991764,-52.36058341734309,41.831231426563946,-52.74213002443392,41.749059469777855,-52.551356720888506,7.971986222798932e-05,0.0013223760968372744,-5.966881491444706,-50.411432539743245,-50.26156743940837,0.0007311713716399646,-0.05189221207406663,0.09275913741720387
1.4352,-0.024603149730491932,-0.7232863778133503,-0.19947532399974036,-0.2522178481012463,-0.19953118745418194,-0.2521497873445882,-0.01850734402061566,-0.7230445035388685,0.17794800885140735,-0.4709816229531921,-0.003019971127717345,-0.00015496751556992594,-0.00307583458215893,-8.690675891181998e-05,-0.22105850260251494,-0.9753492583990266,83.16805941002832,-104.94322843690802,41.50214484133226,-52.2812439152048,41.66582939379612,-52.66330845533615,41.58398711756419,-52.47227618527047,8.51748999366464e-05,0.0013239336329320395,-5.960405683134729,-50.38852358161851,-50.23727478085231,0.0007514270099032018,-0.05203610199833678,0.09329426628417536
1.436,-0.0259630223065947,-0.7235847538339436,-0.19946494181922383,-0.25161141061712206,-0.19952131660251235,-0.2515413758873873,-0.01985008652509958,-0.7233558794636308,0.17658657479502096,-0.4718939233965325,-0.0030282804991033,-0.0001494545500237976,-0.003084655282391815,-7.941982028902839e-05,-0.22239968362671522,-0.9750467099010418,82.83986399637149,-104.78456888537798,41.338372734969674,-52.20165661519994,41.50140063673027,-52.58423776781614,41.419886685849974,-52.39294719150804,9.062467154308251e-05,0.0013254976381062988,-5.953942737188152,-50.36551269780333,-50.212989286160614,0.0007716977706963356,-0.05218046581546466,0.0938313670241655
1.4368,-0.02732448313737399,-0.7238794188457447,-0.199454179503796,-0.25100645077868544,-0.19951102192596323,-0.25093443483428546,-0.02119436738116664,-0.7236636086481222,0.17522317545560928,-0.472801070940448,-0.003036636667020049,-0.00014391307101124795,-0.003093479089187296,-7.189712661126446e-05,-0.22374202597414994,-0.974741956553419,82.5135997403824,-104.62542453968366,41.175564834975994,-52.12182758012662,41.337938835900054,-52.50492402789981,41.256751835438024,-52.31337580401322,9.606950635543399e-05,0.0013270683427748509,-5.947492636211791,-50.34239993450928,-50.18871102057144,0.0007919769161584358,-0.052325306824635875,0.0943704010973363
1.4376,-0.028687525839488998,-0.7241703710884131,-0.19944304660797552,-0.25040296123516786,-0.19950031263756554,-0.2503289579327481,-0.02254018002516635,-0.7239676897689943,0.17385782669044286,-0.4737030708447457,-0.0030450398923663104,-0.00013834231091930382,-0.0031023059219563356,-6.433900849950325e-05,-0.2250855325550982,-0.9744349900126617,82.18925401977097,-104.46580732992166,41.01371480991685,-52.04176277289596,41.175437700120455,-52.425373202998905,41.09457625501865,-52.23356798794743,0.00010150973366762628,0.0013286459732029243,-5.941055362418847,-50.31918537158448,-50.16444002048301,0.0008122576494531313,-0.052470628547835435,0.09491132980429029
1.4384000000000001,-0.03005214407109907,-0.7244576087804142,-0.19943155262423176,-0.2498009345988283,-0.19948919791608521,-0.24972493890499067,-0.023887517934863794,-0.7242681214845138,0.17249054426717708,-0.47459992838055454,-0.003053490422190913,-0.00013274149486902642,-0.0031111357140443663,-5.674580103137705e-05,-0.22643020627313992,-0.9741258018843735,81.86681426877634,-104.30572899052041,40.852816356247196,-51.96146805793382,41.01389096684657,-52.34559116333836,40.93335366154688,-52.15352961063609,0.00010694568257463288,0.0013302307517761847,-5.934630897640064,-50.295869122598866,-50.14017629334866,0.0008325331174499127,-0.05261643473223841,0.0954541143184997
1.4392,-0.03141833153172365,-0.7247411301186925,-0.19941970698280492,-0.24920036344576094,-0.19947768690625756,-0.24912237144803703,-0.02523637462930057,-0.7245649024342552,0.17112134386401914,-0.47549164882957484,-0.0030619884894852283,-0.00012710984108055268,-0.0031199684129378617,-4.9117843356705215e-05,-0.22777605002504334,-0.9738143837233728,81.54626797889533,-104.14520106303597,40.692863198696,-51.88094920256693,40.8532924025174,-52.26558368336593,40.7730778006067,-52.07326644296643,0.00011237768192984277,0.0013318228968870471,-5.9282192233351125,-50.27245133483257,-50.11591981763475,0.0008527964136541135,-0.05276272935207808,0.09599871572154939
1.44,-0.03278608196210976,-0.7250209332783432,-0.19940751905148738,-0.24860124031666989,-0.19946578871902115,-0.24852124923377275,-0.026586743668661445,-0.7248580312387908,0.16975024106986866,-0.4763782374833457,-0.003070534312957276,-0.00012144656122475839,-0.003128803980491054,-4.145547832762331e-05,-0.22912306670063987,-0.9735007270337883,81.22760269957,-103.98423489890881,40.53384909062853,-51.800211878388815,40.69363580288102,-52.185356443143036,40.61374244675477,-51.99278416076592,0.0001178060604587472,0.0013334226230341528,-5.92182032060379,-50.24893218931712,-50.09167054271141,0.0008730405809883055,-0.052909516611009316,0.09654509503664599
1.4408,-0.03415538914409235,-0.7252970164122828,-0.19939499813547323,-0.2480035577176607,-0.19945351243175494,-0.24792156590899703,-0.027938618654142572,-0.7251475064993854,0.1683772513844966,-0.47725969964250525,-0.003079128096834041,-0.00011575086078052799,-0.0031376423931157443,-3.3759052116888455e-05,-0.23047125918273154,-0.9731848232691629,80.91080603884618,-103.82284166219074,40.37576781439556,-51.719261662613,40.53491499330408,-52.10491502971875,40.455341403849815,-51.91208834616587,0.00012323114654577694,0.0013350301410071097,-5.915434170197008,-50.225311900794416,-50.06742838883675,0.0008932586147124456,-0.053056800943879615,0.09709321326280929
1.4416,-0.035526246900457574,-0.7255693776509211,-0.19938215347722751,-0.24740730812109377,-0.19944086708851827,-0.24732331509546454,-0.029291993227813076,-0.7254333267976857,0.16700239021873758,-0.4781360406160242,-0.0030877700306768743,-0.00011002193943232541,-0.0031464836419676304,-2.6028913803100018e-05,-0.23182063034700823,-0.9728666638325825,80.5958656640058,-103.66103233223646,40.218613181671145,-51.63810403940794,40.377123829066434,-52.024264938486326,40.29786850536879,-51.83118448894713,0.00012865326822009138,0.0013366456578012276,-5.909060752528071,-50.201590717634375,-50.043193247140664,0.000913443465567628,-0.05320458701832777,0.09764303141218988
1.4424000000000001,-0.036898649094813094,-0.725838015101828,-0.19936899425635413,-0.2468124839663928,-0.19942786170029012,-0.2467264903899318,-0.030646861072489522,-0.7257154906954099,0.1656256728946708,-0.47900726572045665,-0.003096460289193798,-0.0001042589914395653,-0.0031553277331297872,-1.8265414978568817e-05,-0.23317118306197346,-0.9725462400767813,80.28276930216222,-103.49881770635922,40.06237903377011,-51.55674440121493,40.22025619563899,-51.94341157452108,40.14131761470455,-51.750077987868,0.00013407275312715683,0.0013382693767880482,-5.902700047683672,-50.17776892176484,-50.018964979603986,0.0009335880427847373,-0.05335287973655473,0.09819451054497108
1.4432,-0.03827258963144674,-0.7261029268494019,-0.19935552958950079,-0.24621907766089415,-0.1994145052452098,-0.24613108536419384,-0.03200321591159938,-0.7259939967340368,0.16424711464583225,-0.47987338027917537,-0.0031051990320691697,-9.846120603274056e-05,-0.0031641746877781735,-1.0468909332428389e-05,-0.23452292018887833,-0.9722235433042633,79.9715047408304,-103.33620840245567,39.90705924195446,-51.47518805005113,40.0643060089475,-51.862360253902295,39.98568262545098,-51.66877415197671,0.0001394899284434814,0.0013399014977579782,-5.896352035434894,-50.153846828550776,-49.99474341907644,0.0009536852172222112,-0.05350168423672806,0.09874761180637392
1.444,-0.03964806245520361,-0.7263641109545368,-0.19934176853026114,-0.2456270815806786,-0.19940080666881496,-0.24553709356512482,-0.03336105150905487,-0.726268843434494,0.1628667306174088,-0.48073438962161374,-0.00311398640379746,-9.262776779822568e-05,-0.0031730245423512785,-2.639752244515403e-06,-0.2358758445816673,-0.9718985647674172,79.66205982846343,-103.17321486159338,39.75264770772185,-51.3934401987942,39.909267215620666,-51.781116205016275,39.83095746167126,-51.587278201905235,0.0001449051209050367,0.0013415422170908187,-5.890016695248147,-50.12982478666434,-49.97052836927076,0.0009737278245210494,-0.05365100589460216,0.09930229646246858
1.4448,-0.041025061551345304,-0.7266215654542865,-0.19932772006917135,-0.24503648807146883,-0.19938677488429452,-0.2449445085147038,-0.034720361669121735,-0.7265400292968444,0.1614845358664994,-0.4815902990824791,-0.0031228225335502013,-8.675785710354766e-05,-0.0031818773486733676,5.221699661439594e-06,-0.23722995908696645,-0.9715712956686517,79.35442247497178,-103.00984735057324,39.599138363088656,-51.31150597245594,39.75513379322646,-51.69968456984492,39.67713607815756,-51.505595271150426,0.00015031865666514932,0.0013431917276136573,-5.883694006296127,-50.10570317786089,-49.94631960487199,0.0009937086685142737,-0.05380085032422106,0.099858525939311
1.4456,-0.042403580945420884,-0.7268752883615291,-0.19931339313363225,-0.2444472894494696,-0.19937241877272424,-0.24435332371004492,-0.036081140236288965,-0.7268075527999721,0.16010054536232332,-0.4824411140009934,-0.00313170753501996,-8.085065049084905e-05,-0.0031907331741119517,1.3115088933812746e-05,-0.23858526654403317,-0.9712417271605078,79.04858065220263,-102.84611596445063,39.44652517084978,-51.22939040943455,39.60189975049155,-51.61807040523509,39.52421246067067,-51.423730407334816,0.00015573086129450076,0.001344850218998772,-5.877383947468569,-50.08148241682506,-49.92211687153919,0.001013620524383653,-0.05395122337942969,0.10041626185957853
1.4464000000000001,-0.04378361470314104,-0.7271252776646323,-0.19929879658796051,-0.24385947800227759,-0.19935774718332072,-0.2437635326234229,-0.037443381095143995,-0.7270714124012683,0.15871477398649808,-0.48328683972010006,-0.003140641506318421,-7.490532110937531e-05,-0.0031995921016786284,2.1040057745336238e-05,-0.23994176978478315,-0.9709098503458006,78.74452239440505,-102.68203062903218,39.294802124834675,-51.14709846275673,39.44955912751057,-51.53627868415302,39.37218062617262,-51.341688573454874,0.0001611420598095492,0.0013465178775646791,-5.871086497383139,-50.05716295086658,-49.89791988604864,0.0010334561422444316,-0.05410213115436102,0.10097546608156449
1.4472,-0.04516515693024031,-0.7273715313271104,-0.19928393923335147,-0.243273045989741,-0.1993427689336821,-0.24317512870229413,-0.038807078170242953,-0.7273316065363129,0.15732723653327513,-0.4841274815856941,-0.0031496245298333614,-6.892103912214953e-05,-0.0032084542301639984,2.8996248324641982e-05,-0.24129947163375842,-0.9705756562777292,78.44223579865854,-102.51760110333322,39.143963250142505,-51.064635001299,39.298105995939636,-51.454314296920664,39.22103462304107,-51.25947464910983,0.0001665525764025233,0.001348194886446663,-5.864801634396094,-50.03274525973645,-49.87372833633023,0.0010532082503596893,-0.05425357998464341,0.10153610073709274
1.448,-0.04654820177235344,-0.7276140472872882,-0.199268829807983,-0.24268798564487787,-0.19932749281004453,-0.24258810536930858,-0.04017222542598764,-0.7275881336185588,0.1559379477098432,-0.48496304494583026,-0.0031586566721521353,-6.289697214933998e-05,-0.0032173196742136673,3.698330341994627e-05,-0.24265837490818432,-0.9702391359600168,78.14170902528645,-102.35283698201215,38.994002603372536,-50.982004811000216,39.14753445917917,-51.37218205243775,39.07076853127585,-51.17709343171899,0.00017196273473985002,0.001349881425824151,-5.858529336612918,-50.008229855261334,-49.84954188164935,0.0010728695588039137,-0.054405576447554525,0.10209812827096698
1.4488,-0.04793274341488799,-0.7278528234579582,-0.1992534769870746,-0.24210428917476948,-0.19931192756752422,-0.24200245602232714,-0.04153881686649656,-0.7278409920390126,0.15454692213660712,-0.4857935351499371,-0.0031677379839709016,-5.6832285693919626e-05,-0.003226188564420522,4.5000866748357016e-05,-0.2440184824179917,-0.9699002803470338,77.8429302982396,-102.18774769776786,38.844914272838224,-50.89921259605478,38.99783865254378,-51.289886679386,38.921376462691,-51.09454963772039,0.00017737285759267252,0.0013515776729207118,-5.852269581898951,-49.98361728102473,-49.82536015272976,0.0010924327629548314,-0.0545581273626084,0.10266151147993696
1.4496,-0.049318776082892826,-0.7280878577260382,-0.1992378893829621,-0.24152194876146452,-0.19929608193037693,-0.24141817403443033,-0.04290684653548323,-0.7280901801659152,0.1531541743474815,-0.4866189575480293,-0.0031768684999973797,-5.0726143578594396e-05,-0.0032350610474122,5.3048583455561626e-05,-0.24537979696585752,-0.9695590803439241,77.54588790545651,-102.02234252370675,38.696692378769555,-50.816262980090826,38.849012743419884,-51.20743282741784,38.77285256109472,-51.01184790375433,0.00018278326706422376,0.0013532838019045812,-5.846022347889917,-49.95890811207139,-49.80118275187457,0.001111890547039122,-0.054711239792072916,0.10322621355220463
1.4504000000000001,-0.05070629404093558,-0.7283191479522274,-0.19922207554527754,-0.2409409565629057,-0.19927996459224673,-0.24083525275391754,-0.04427630851613084,-0.7283356963444205,0.15175971879022893,-0.4874393174899123,-0.003186048238917775,-4.457770839749742e-05,-0.0032439372858869588,6.112610059061385e-05,-0.24674232134729535,-0.9692155268067356,77.2505701992053,-101.85663057568453,38.54933107350824,-50.733160507338546,38.70105093141259,-51.1248250683302,38.62519100246041,-50.928992787834375,0.00018819428447613973,0.0013549999842155103,-5.839787612002337,-49.934102954442,-49.777009253210416,0.0011312355878708622,-0.05486492104063268,0.103792198107584
1.4512,-0.052095291592971944,-0.7285466919706614,-0.1992060439610799,-0.2403613047138399,-0.1992635842164176,-0.24025368550431545,-0.04564719693096886,-0.7285775388962731,0.15036356982677834,-0.48825462032438954,-0.003195277203332708,-3.838614195633694e-05,-0.0032528174586703845,6.923306756806413e-05,-0.24810605835071917,-0.968869610542545,76.95696559639899,-101.69062081461223,38.40282454168771,-50.649909643779566,38.553947448481,-51.04206789722124,38.47838599508435,-50.8459887705004,0.00019360623028319424,0.0013567263885647662,-5.833565351443946,-49.909202444801934,-49.75283920285978,0.001150460558495364,-0.05501917865555587,0.10435942923683683
1.452,-0.05348576308222411,-0.7287704875885626,-0.19918980305505496,-0.23978298532673326,-0.19924694943607502,-0.23967346558436697,-0.0470195059417525,-0.7288157061194833,0.14896574173357668,-0.4890648713984728,-0.0032045553797257625,-3.2150605722758296e-05,-0.003261701760745833,7.736913664352363e-05,-0.2494710107575533,-0.968521322309573,76.66506257889056,-101.52432204873685,38.25716700040414,-50.56651477828494,38.40769655906233,-50.95916573363311,38.332431779733234,-50.76284025595902,0.00019901942408750983,0.0013584631811909276,-5.827355543223894,-49.884207249988805,-49.728672119167534,0.0011695581318849695,-0.055174020426404194,0.10492787154191774
1.4528,-0.05487770289105826,-0.7289905325858944,-0.19917336118971615,-0.23920599049270327,-0.19923006885456068,-0.2390945862680266,-0.04839322974933935,-0.7290501962880053,0.14756624870193963,-0.4898700760565849,-0.0032138827384372015,-2.5870261282923135e-05,-0.0032705904032817174,8.553396339378017e-05,-0.25083718134233723,-0.9681706528173148,76.37484969374685,-101.35774293588916,38.112352699376686,-50.482980223736455,38.26229256018558,-50.87612292267836,38.187322629781136,-50.679551573207405,0.00020443418458171436,0.0013602105256467212,-5.821158164163043,-49.859118066555396,-49.70450749291933,0.0011885209847755055,-0.05532945438478981,0.10549749017684462
1.4536,-0.05627110544085156,-0.7292068247150103,-0.19915672666567194,-0.2386303122824378,-0.19921295104562553,-0.23851704080445277,-0.049768362593569586,-0.7292810076514075,0.14616510483843817,-0.4906702396397636,-0.003223259233664181,-1.954427079392529e-05,-0.0032794836136177848,9.372720719108552e-05,-0.2522045728728593,-0.9678175927266541,76.08631555350406,-101.19089198570677,37.968375921098755,-50.39931021813846,38.11772978157559,-50.792943736151464,38.04305285133717,-50.59612697714496,0.00020985082971947122,0.0013619685831542938,-5.814973190904052,-49.833935620251154,-49.680344787653084,0.0012073418014428483,-0.05548548880348912,0.10606825088686378
1.4544000000000001,-0.05766596519188121,-0.7294193617002998,-0.1991399077218878,-0.23805594274712547,-0.19919560455369562,-0.23794082241798328,-0.0511448987531458,-0.7295081384345468,0.1447623241652782,-0.49146536748486885,-0.0032326848034637916,-1.3171797447586453e-05,-0.0032883816352716165,0.00010194853169459561,-0.2535731881103052,-0.9674621326499776,75.79944883640039,-101.02377756182476,37.82523098097806,-50.315508925711455,37.97400258574601,-50.70963237362593,37.899616783362035,-50.51257064966869,0.00021526967631757543,0.0013637375126194229,-5.80880059992142,-49.80866066550699,-49.65618343989845,0.0012260132775719394,-0.055642132195957456,0.10664012005022983
1.4552,-0.05906227664319282,-0.7296281412378361,-0.199122912536003,-0.23748287391937883,-0.19917803789412933,-0.237365924308119,-0.05252283254551181,-0.7297315868372372,0.14335792062071384,-0.49225546492378774,-0.003242159369777335,-6.752005929422378e-06,-0.0032972847279036724,0.00011019760533043099,-0.25494302980941846,-0.9671042631512856,75.51423828659223,-100.85640788404173,37.682912227468115,-50.23158043797612,37.83110536808359,-50.626192963536226,37.75700879777585,-50.42888670075617,0.00022069104052491184,0.0013655174706173057,-5.8026403675314295,-49.78329398487478,-49.632022859510116,0.0012445281241314785,-0.055799393315225945,0.10721306471793923
1.456,-0.06046003433248301,-0.7298331609950219,-0.19910574922464314,-0.23691109781414862,-0.1991602595534767,-0.23679233964950291,-0.0539021583267385,-0.7299513510339224,0.14195190805944916,-0.4930405372826464,-0.0032516828384554636,-2.840628726685779e-07,-0.003306193167289029,0.00011847410177312501,-0.25631410071867067,-0.9667439747462979,75.23067271434759,-100.68879103045354,37.541414042188045,-50.14752877482072,37.68903255692206,-50.54262956424444,37.615223299555055,-50.34507916953258,0.00022611523748139462,0.0013673086116199329,-5.796492469901979,-49.75783638847712,-49.607862429965984,0.0012628790712562229,-0.055957281153001456,0.10778705265377653
1.4568,-0.061859232835975955,-0.7300344186102311,-0.19908842584383277,-0.23634060642965593,-0.19914227798974668,-0.23622006159188363,-0.055282870491401015,-0.7301674291733391,0.14054430025310122,-0.4938205898810153,-0.0032612550993305206,6.232862667876482e-06,-0.0033151072452444336,0.00012677770044011716,-0.25768640358047823,-0.9663812579025549,74.94874099622768,-100.52093493956708,37.40073084003795,-50.06335788556064,37.54777861360844,-50.458946165094694,37.4742547268232,-50.26115202532767,0.00023154258128954552,0.0013691110882518842,-5.790356883062275,-49.73228871334384,-49.58370150876455,0.001281058872248737,-0.05611580493802609,0.10836205237515628
1.4576,-0.06325986676830563,-0.730231911692447,-0.1990709503893398,-0.2357713917483029,-0.1991241016326693,-0.2356490832600836,-0.05666496347246358,-0.7303798193781873,0.13913511089061995,-0.49459562803112395,-0.003270876026256281,1.2799598760493414e-05,-0.0033240272695857775,0.00013510808697975163,-0.2590599411313892,-0.9660161030395105,74.66843207524342,-100.3528474123773,37.26085706929983,-49.97907164997758,37.407338032558286,-50.3751466874506,37.33409755092906,-50.17710916871409,0.00023697338529871104,0.0013709250508782134,-5.784233582912552,-49.70665182285023,-49.55953942772488,0.0012990603074595547,-0.05627497413504753,0.10893803319390827
1.4584000000000001,-0.06466193078239384,-0.7304256378209067,-0.1990533307971602,-0.23520344573760474,-0.1991057388839604,-0.23507939775396447,-0.05804843174116289,-0.7305885197447913,0.13772435357878193,-0.4953656570370644,-0.003280545477215374,1.9416970122143606e-05,-0.003332953564015584,0.00014346495376243995,-0.2604347161023387,-0.9656485005286337,74.38973496100297,-100.18453611442627,37.12178721173595,-49.89467387935403,37.26770534130519,-50.29123498572049,37.19474627652057,-50.09295443253726,0.00024240796183505608,0.0013727506482581475,-5.778122545233659,-49.680926605989725,-49.53537549345203,0.0013168761884429926,-0.05643479844268003,0.10951496525609627
1.4592,-0.06606541956933086,-0.7306155945447339,-0.19903557494389326,-0.23463676035104283,-0.19908719811758396,-0.23451099814838486,-0.05943326980689317,-0.7307935283427658,0.1363120418426266,-0.496130682194036,-0.003290263294373489,2.6085797686925538e-05,-0.0033418864680641903,0.00015184800034495627,-0.2618107312188506,-0.9652784406934637,74.11263872982873,-100.0160085778269,36.98351578266831,-49.810168317487104,37.12887510053811,-50.20721484836717,37.05619544160321,-50.00869158292714,0.0002478466223152509,0.0013745880273887678,-5.772023745696234,-49.655113976803236,-49.51120898764708,0.0013344993616307718,-0.0565952877923529,0.11009281958044426
1.46,-0.0674703278582586,-0.7308017793825755,-0.19901769064735628,-0.23407132752904738,-0.19906848768002788,-0.23394387749314255,-0.06081947221708761,-0.7309948432146739,0.13489818912601897,-0.4968907087875297,-0.003300029304249691,3.280689809675996e-05,-0.0033508263369212976,0.00016025693400162355,-0.2631879892013652,-0.9649059138097196,73.83713252488002,-99.84727220327369,36.84603733106731,-49.725558641700495,36.990841904135465,-50.123089998906664,36.918439617601386,-49.92432432030358,0.000253289677246471,0.0013764373334765878,-5.765937159870317,-49.62921487351834,-49.48703916767718,0.001351922712794246,-0.05675645234516428,0.11067156810153733
1.4608,-0.06887665041625199,-0.7309841898222366,-0.19899968566697437,-0.23350713919981705,-0.1990496158905643,-0.23337802881293668,-0.06220703355710908,-0.7311924623756886,0.1334828087920888,-0.4976457420925857,-0.003309843317776489,3.958108328583343e-05,-0.003359773541366417,0.00016869147016618236,-0.26456649276544986,-0.9645309101053394,73.56320555623407,-99.67833426200987,36.709346439611416,-49.64084846383101,36.853600379186396,-50.03886409688926,36.781473409398906,-49.83985628036014,0.00025873743625481893,0.0013782987104065114,-5.75986276323434,-49.603230257996216,-49.46286526688,0.0013691391706946896,-0.05691830249091921,0.11125118370608789
1.4616,-0.07028438204820116,-0.731162823320308,-0.19898156770444195,-0.2329441872802406,-0.19903059104152504,-0.23281344510730087,-0.0635959484501298,-0.7313863838132496,0.13206591412381802,-0.4983957873730081,-0.0033197051304941425,4.640916000092643e-05,-0.0033687284675772353,0.00017715133294066154,-0.265946244622149,-0.9641534197605495,73.29084710097312,-99.50920189778802,36.57343772475649,-49.556041331216825,36.71714518600857,-49.954540738871565,36.645291455382534,-49.755291035044195,0.0002641902080569025,0.001380172300372351,-5.753800531184181,-49.57716111484299,-49.43868649515919,0.0013861417113255061,-0.05708084884482746,0.1118316402736923
1.4624000000000001,-0.07169351759669491,-0.731337677301799,-0.1989633444042278,-0.2323824636767727,-0.19901142139856678,-0.23225011935054707,-0.06498621155702458,-0.7315766054867207,0.13064751832453758,-0.4991408498805999,-0.0033296145226656693,5.329192934799831e-05,-0.0033776915170046495,0.00018563625557366237,-0.26732724747825704,-0.9637734329079197,73.02004650324302,-99.33988212878783,36.43830583678697,-49.47114072766129,36.5814710181555,-49.87012345937101,36.50988842747123,-49.67063209351615,0.0002696483005593109,0.001382058244459472,-5.74775043904232,-49.55100845074857,-49.4145020393917,0.001402923361932581,-0.05724410224555375,0.11241291271645082
1.4632,-0.07310405194190413,-0.7315087491597622,-0.19894502335425213,-0.2318219602862799,-0.19899211520094742,-0.23168804449169503,-0.06637781757625066,-0.7317631253270405,0.1292276345185224,-0.49988093485441387,-0.0033395712594790766,6.023018634671029e-05,-0.003386663106174373,0.00019414598093159263,-0.26870950403667715,-0.9633909396323888,72.75079317430388,-99.17038184952528,36.30394545986418,-49.38615007439627,36.446572602419046,-49.78561573181129,36.37525903114161,-49.58588290310378,0.00027511202065966245,0.0013839566822753113,-5.741712462066339,-49.52477329361557,-49.39031106400741,0.0014194772050075567,-0.05740807375211186,0.11299497701574523
1.464,-0.07451598000146731,-0.7316760362549184,-0.19892661208648643,-0.2312626689969055,-0.1989726806617933,-0.23112721345440776,-0.06777076124374316,-0.7319459412363779,0.12780627575153464,-0.5006160475199914,-0.0033495750912086383,6.722471948089614e-05,-0.0033956436665155063,0.0002026802619786161,-0.2700930169967451,-0.9630059299713047,72.48307659256294,-99.0007078327229,36.170351312064994,-49.30107273102428,36.31244469882324,-49.70102096945104,36.24139800544412,-49.50104685023766,0.0002805816747013523,0.001385867752418335,-5.735686575457871,-49.498456691815775,-49.36611271147919,0.0014357963823851542,-0.057572774641258824,0.11357781026177349
1.4648,-0.07592929673037316,-0.7318395359152811,-0.19890811807766182,-0.23070458168890998,-0.19895312596838044,-0.23056761913690652,-0.06916503733279925,-0.7321250510877813,0.12638345499143494,-0.5013461930886229,-0.0033596257534276447,7.427631024836678e-05,-0.0034046336441462682,0.00021123886225182797,-0.27147778905460734,-0.9626183939144394,72.21688630359598,-98.830866731167,36.03751814541556,-49.21591199645624,36.1790821006124,-49.616342526303065,36.108300123013976,-49.41612726137966,0.00028605756803301574,0.001387791592307508,-5.729672754370963,-49.47205971333317,-49.34190610290487,0.001451874099286424,-0.05773821640422229,0.11416139069109477
1.4656,-0.0773439971208489,-0.7319992454357742,-0.19888954874998302,-0.2301476902354934,-0.19893345928240125,-0.23000925441189657,-0.07056064065396558,-0.732300452724826,0.12495918512878489,-0.5020713767566052,-0.0033697229672325496,8.138573272747918e-05,-0.0034136334996507714,0.00021982155632432887,-0.2728638229035994,-0.9622283214039951,71.95221192015468,-98.66086507953531,35.905440745916806,-49.13067110983513,36.04647963423265,-49.53158369803871,35.97596019007473,-49.33112740393692,0.000291540005221691,0.001389728338523355,-5.723670973920553,-49.44558344489839,-49.31769033859474,0.001467703628361924,-0.057904410743401746,0.1147456977236061
1.4664000000000001,-0.07876007620224584,-0.7321551620778528,-0.19887091147184016,-0.22959198650359833,-0.19891368874024493,-0.22945211212647876,-0.07195756605493296,-0.7324721439612617,0.12353347897745315,-0.5027916037045187,-0.0033798664394540587,8.855375314464897e-05,-0.003422643707858823,0.00022842813026424658,-0.27425112123463197,-0.9618357023345958,71.68904312215784,-98.49070929620065,35.774113933561296,-49.04535325144704,35.91463215930622,-49.44674772288025,35.84437304643376,-49.24605048716364,0.00029702929032282555,0.00139167812663743,-5.7176812091906815,-49.41902899117902,-49.293464498633455,0.0014832783136692624,-0.058071369569195966,0.11533071199903588
1.4672,-0.08017752904092093,-0.7323072830691167,-0.19885221355858998,-0.229037462354707,-0.1988938224532714,-0.22889618510206133,-0.07335580842042203,-0.7326401225806553,0.1221063492752592,-0.5035068790965018,-0.0033900558629087474,9.578112944641504e-05,-0.003431664757590158,0.0002370583820920924,-0.27563968673660216,-0.9614405265532702,71.42736965667363,-98.32040568501353,35.643532562346216,-48.95996154362373,35.78353456860091,-49.36183778248128,35.71353356547357,-49.160899663052504,0.00030252572649658305,0.0013936410914823227,-5.7117034352426135,-49.39239747388705,-49.269227643514064,0.001498591574691072,-0.05823910499629852,0.11591641541323838
1.468,-0.08159635074013255,-0.7324556056029268,-0.19883346227336782,-0.22848410964562843,-0.19887386850808916,-0.22834146613425899,-0.07475536267207657,-0.7328043863360355,0.12067780868462394,-0.5042172080795374,-0.003400290916667305,0.0001030686108696166,-0.003440697151388665,0.00024571212223911676,-0.27702952209683307,-0.9610427838594249,71.16718133788811,-98.14996043706088,35.51369152027925,-48.87449905163336,35.653181787992494,-49.276857002794706,35.58343665413587,-49.07567802721403,0.00030802961636311466,0.0013956173671800798,-5.705737627122815,-49.3656900308676,-49.24497881477795,0.0015136369104030599,-0.058407629339848645,0.11650279115423245
1.4688,-0.08301653643991973,-0.7326001268380106,-0.19881466482793722,-0.22793192022924808,-0.1988538349668357,-0.22778794799279464,-0.07615622376835332,-0.73296493294953,0.11924786979324993,-0.5049225957827489,-0.003410571266333956,0.00011041693753299775,-0.003449741405232444,0.0002543891739864579,-0.27842063000152295,-0.9606424640047917,70.90846804706295,-97.97937963240439,35.384585729378315,-48.78896878456244,35.52356877642272,-49.19180845492918,35.45407725290052,-48.990388619745815,0.0003135412619172939,0.0013976070872416813,-5.699783759870723,-49.33890781518156,-49.22071703570006,0.0015284079032031623,-0.05857695511133844,0.1170898237365634
1.4696,-0.08443808131699572,-0.732740843898078,-0.1987958283834876,-0.2273808859552531,-0.19883372986745407,-0.22723562342139264,-0.07755838670441488,-0.733121760112005,0.11781654511476553,-0.5056230473167187,-0.003420896564307198,0.00011782684003325272,-0.003458798048273648,0.00026308937389374343,-0.2798130131361761,-0.9602395566933644,70.65121973247442,-97.80866924178908,35.25621014566032,-48.70337369618139,35.39469052584954,-49.10669515599232,35.32545033575493,-48.90503442608686,0.0003190609645571385,0.0013996103846380947,-5.69384180852632,-49.31205199425965,-49.196441311882786,0.0015428982227577292,-0.05874709501509667,0.11767749903503955
1.4704000000000002,-0.08586098058463067,-0.7328777538714206,-0.19877696005160034,-0.22683099867087203,-0.19881356122397412,-0.2266844851376657,-0.07896184651201921,-0.7332748654827015,0.11638384708946228,-0.5063185677727922,-0.0034312664501188334,0.00012529903903724104,-0.0034678676224926194,0.00027181257224362376,-0.28120667418611217,-0.95983405158133,70.39542640935244,-97.63783512834043,35.1285597591326,-48.6177166858082,35.26654206119455,-49.02152006992411,35.19755091016357,-48.81961837786615,0.000324589025296973,0.0014016273918713296,-5.687911748137681,-49.28512374888189,-49.17215063204331,0.0015571016300694222,-0.05891806194329306,0.11826580431923617
1.4712,-0.08728522949254654,-0.7330108538105212,-0.19875806689511452,-0.2262822502215593,-0.19879333702679391,-0.22613452583299903,-0.0803665982594162,-0.7334242466888665,0.11494978808497285,-0.5070091622224148,-0.0034416805507254816,0.00013283424489252127,-0.003476950682404868,0.00028055863345277654,-0.2826016158369356,-0.959425938276973,70.14107815979779,-97.46688304922918,35.00162959376992,-48.532000599153555,35.13911844028327,-48.936286108316715,35.070374017026595,-48.734143353735135,0.0003301257445968986,0.0014036582410881238,-5.681993553768274,-49.258124272302325,-49.14784396865588,0.001571011981273176,-0.05908986897207734,0.11885472828535626
1.472,-0.0887108233268041,-0.7331401407316482,-0.1987391559290934,-0.2257346324516558,-0.19877306524295682,-0.22558573817242916,-0.08177263705123847,-0.7335699013253874,0.1135143803970038,-0.5076948357164753,-0.0034521384808511024,0.00014043315725620342,-0.0034860477947145363,0.00028932743648291126,-0.2839978407750464,-0.9590152063405603,69.88816513269293,-97.295818657321,34.87541470748947,-48.44622822916113,35.0124147537809,-48.85099613122408,34.943914730635186,-48.6486121801926,0.0003356714225617452,0.0014057030641936308,-5.676087200504004,-49.23105476926801,-49.12352027870956,0.0015846232314379134,-0.059262529356781425,0.11944426108792072
1.4727999999999999,-0.09013775740968918,-0.7332656116144602,-0.1987202341218025,-0.22518813720506584,-0.1987527538164396,-0.22503811479451535,-0.08317995802839559,-0.7337118269544168,0.11207763625007867,-0.508375593284648,-0.003462639843328272,0.0001480964647030958,-0.0034951595379653366,0.0002981188752534947,-0.28539535168816343,-0.9586018452842291,69.63667754360439,-97.12464750280263,34.749910192121376,-48.36040231683559,34.886426125124075,-48.76565294795984,34.818168158622726,-48.56302763239772,0.00034122635894107134,0.001407761992808787,-5.670192663460342,-49.20391645506963,-49.09917850445324,0.0015979294384974245,-0.059436056527145745,0.12003439437160068
1.4736,-0.0915660270996089,-0.7333872634015967,-0.19870130839571631,-0.2246427563258505,-0.19873241066843714,-0.22449164831119728,-0.08458855636796732,-0.733850021105004,0.11063956779828862,-0.5090514399347764,-0.0034731842294603923,0.00015582484437703936,-0.0035042865021812017,0.00030693285903027334,-0.2867941512658649,-0.9581858445718241,69.38660567466886,-96.95337503478879,34.625111173369675,-48.274525552062016,34.76114771044591,-48.68025931788516,34.69312944190779,-48.47739243497359,0.0003467908532712727,0.0014098351583839985,-5.66430991778881,-49.176710554561694,-49.07481757415236,0.0016109247668534088,-0.05961046408253085,0.12062512130077607
1.4744000000000002,-0.09299562779097788,-0.7335050929982736,-0.19868238562852963,-0.2240984816588443,-0.19871204369763504,-0.22394633130767666,-0.08599842728310092,-0.7339844812727142,0.10920018712604293,-0.5097223806522334,-0.00348377121938577,0.00016361896163646916,-0.003513429288491181,0.0003157693128041372,-0.28819424220012174,-0.9577671936187544,69.13793987447448,-96.78200660290231,34.50101281077069,-48.18860057441252,34.636574698498904,-48.59481795118224,34.5687937546348,-48.39170926279738,0.00035236520488979295,0.0014119226924407258,-5.658438938683937,-49.14943830120553,-49.050436402868705,0.0016236034912137571,-0.0597857657868969,0.12121643658829839
1.4752,-0.09442655491410634,-0.7336190972718708,-0.19866347265423667,-0.22355530505022064,-0.1986916607805055,-0.22340215634225166,-0.08740956602290138,-0.7341152049192528,0.10775950624886721,-0.5103884203993256,-0.003494400382468059,0.00017147946970652583,-0.0035225885087369,0.0003246281776754234,-0.28959562718587495,-0.9573458817917979,68.89067055792998,-96.61054745884238,34.37761029764572,-48.10262997394737,34.51270231057141,-48.50933150962138,34.445156304108565,-48.30598074178438,0.00035794971284985877,0.0014140247263867423,-5.652579701389419,-49.12210093607271,-49.02603389326355,0.0016359600001589222,-0.0599619755635043,0.12180833652473666
1.476,-0.09585880393509967,-0.7337292730515239,-0.1986445762642046,-0.22301321834803295,-0.198671269771592,-0.2228591159461771,-0.08882196787233115,-0.7342421894720843,0.10631753711418288,-0.511049564114699,-0.0035050712776905635,0.00017940700935231702,-0.0035317647850779607,0.0003335094112080772,-0.2909983089216137,-0.9569218984089091,68.64478820612379,-96.43900275792589,34.2548988610467,-48.01661629200313,34.38952580040082,-48.4238026073144,34.32221233072376,-48.22020944965877,0.00036354467627575104,0.0014161413916440324,-5.6467321812044,-49.094699706864226,-49.00160893639428,0.00164798879982206,-0.06013910748977828,0.12240081900472433
1.4768,-0.09729237035574352,-0.7338356171277021,-0.19862570320825854,-0.22247221340271986,-0.19865087850378463,-0.2223172026235092,-0.09023562815210541,-0.734365432324049,0.10487429160209713,-0.511705816712761,-0.0035157834540560165,0.00018740220856816592,-0.0035409587495821016,0.00034241298777881735,-0.29240229010994606,-0.9564952327389902,68.40028336617297,-96.26737756060835,34.132873761696956,-47.93056202197118,34.26704045408174,-48.3382338114571,34.19995710788935,-48.134397916714136,0.0003691503942775398,0.0014182728199187977,-5.640896353489549,-49.06723586694135,-48.977160412531866,0.0016596845173165581,-0.06031717579189654,0.1229938835533062
1.4776,-0.09872724971339802,-0.7339381262517934,-0.19860686019583926,-0.22193228206760487,-0.19863049478861802,-0.22177640885094166,-0.09165054221858682,-0.7344849308329761,0.10342978152623622,-0.5123571830831115,-0.0035265364510162073,0.00019546568225969896,-0.0035501710437949863,0.0003513388989229149,-0.29380757345822106,-0.9560658740016581,68.15714665106711,-96.09567683398978,34.011530293929425,-47.84446961006937,34.145241589971704,-48.25262764306341,34.078385941950565,-48.04854862656639,0.000374767165979506,0.001420419142988294,-5.635072193672937,-49.039710674311536,-48.95268719201098,0.001671041904331333,-0.06049619483911166,0.12358753135143274
1.4784000000000002,-0.10016343758088665,-0.7340367971356845,-0.19858805389715767,-0.22139341619933448,-0.19861012641655368,-0.22123672707763412,-0.09306670546368043,-0.734600682321295,0.10198401863457214,-0.5130036680900054,-0.0035373297989051006,0.00020359803195507675,-0.003559402318301118,0.0003602871536554919,-0.2952141616791392,-0.955633811366974,67.91536873949887,-95.92390545329894,33.89086378561684,-47.75834145610372,34.02412455859134,-48.166986577688135,33.95749417210409,-47.96266401689593,0.00038039529069067157,0.001422580492913994,-5.629259677255526,-49.01212539063016,-48.9281881360893,0.0016820558404754588,-0.060676179138014895,0.1241817652594932
1.4792,-0.10160092956639298,-0.7341316264513311,-0.19856929094435222,-0.22085560765830578,-0.19858978115726705,-0.22069814972504914,-0.0944841133147336,-0.7347126840756459,0.10053701461024633,-0.513645276571811,-0.0035481630193722816,0.0002117998455291037,-0.003568653232287111,0.0003692577787857143,-0.29662205749137294,-0.955199033955166,67.67494037568801,-95.7520682033541,33.770869598098116,-47.672179914217814,33.90368474252197,-48.08131304613837,33.837277170310045,-47.87674648017809,0.00038603506791901054,0.0014247570020842204,-5.623458779816809,-48.98448128022785,-48.90366209778561,0.001692721336659453,-0.0608571433269232,0.12477658984047935
1.48,-0.10303972131335186,-0.7342226108303332,-0.19855057793267925,-0.2203188483090466,-0.1985694667599356,-0.22016066918676397,-0.09590276123443316,-0.7348209333464839,0.09908878107241492,-0.5142820133405033,-0.0035590356258311737,0.00022007169693405437,-0.003577924453087522,0.00037825081921660786,-0.29803126362019994,-0.9547615308363139,67.43585236919458,-95.58016978000813,33.6515431260988,-47.58598729363521,33.7839175562983,-47.995609435176036,33.717730341198546,-47.790798364405624,0.0003916867974851357,0.0014269488031146693,-5.617669477019961,-48.956779609128375,-48.87910792274643,0.0017030335382856824,-0.06103910217001441,0.12537201138169962
1.4808,-0.10447980850034266,-0.7343097468635066,-0.19853192142177126,-0.2197831300205824,-0.19854919095352905,-0.21962427782828986,-0.09732264472070157,-0.7349254273476823,0.09763932957712804,-0.5149138831811584,-0.0035699471239416386,0.00022841414594160225,-0.0035872166556994434,0.0003872663382341046,-0.29944178279817224,-0.9543212910300305,67.19809559472914,-95.4082147915767,33.53287979765002,-47.4997658593952,33.66481844629955,-47.90987808821065,33.59884912197478,-47.70482197380292,0.000397350779579142,0.0014291560291468386,-5.611891744616911,-48.929021644009545,-48.85452445017311,0.0017129877285795632,-0.06122207055098337,0.12596803791515754
1.4816,-0.10592118684097926,-0.7343930311004425,-0.198513327936842,-0.2192484446667333,-0.19852896144709722,-0.2190889679868767,-0.09874375930659443,-0.7350261632561353,0.09618867161818277,-0.5155408908514839,-0.003580897012064793,0.00023682773791811051,-0.003596530522320021,0.0003963044177747177,-0.3008536177657564,-0.953878303505094,66.96166099194795,-95.23620776024339,33.41487507399813,-47.4135178330755,33.54638289063498,-47.82412130598164,33.48062898231656,-47.61881956952857,0.000403027314831661,0.0014313788137485517,-5.6061255584530825,-48.90120865125526,-48.829910513682115,0.0017225793315370698,-0.061406063467207596,0.12656467923676473
1.4824,-0.10736385208380844,-0.734472460049075,-0.19849480396994298,-0.21871478412642317,-0.19850878593006113,-0.21855473197132272,-0.10016610056019995,-0.7351231382113518,0.09473681862799786,-0.5161630410813405,-0.0035918847817451582,0.00024531300358815455,-0.00360586674186332,0.0004053651586886642,-0.30226677127200624,-0.9534325571790863,66.7265395652463,-95.0641531234461,33.2975244495136,-47.3272453935066,33.42860639902824,-47.73834134723041,33.36306542427092,-47.53279337036851,0.0004087167044559692,0.0014336172909139577,-5.600370894472249,-48.873341895970555,-48.80526494219943,0.0017318039150805357,-0.061591096023559215,0.1271619469249572
1.4832,-0.10880780001220078,-0.7345480301752384,-0.19847635598124094,-0.21818214028390848,-0.1984886720724979,-0.21802156206176593,-0.10158966408453778,-0.7352163493150531,0.09328378197850015,-0.5167803385723085,-0.003602909918203022,0.0002538704588360696,-0.0036152260094599806,0.00041444868097861853,-0.30368124607523866,-0.952984040917983,66.4927223835396,-94.89205523524761,33.18082345159263,-47.240950677479226,33.311484512696694,-47.65254042936357,33.24615398214466,-47.446745553421394,0.0004144192502764099,0.0014358715951772183,-5.594627728720797,-48.845422640994194,-48.78058656088582,0.0017406571939156208,-0.061777183426047426,0.12775985435678194
1.484,-0.1102530264442448,-0.734619737902226,-0.198457990400329,-0.2176505050289957,-0.1984686275254374,-0.21748945050947527,-0.10301444551745541,-0.7353057936307634,0.09182957298203309,-0.5173927879972592,-0.0036139719008405,0.00026250060450849766,-0.0036246090259488967,0.00042355512402891815,-0.3050970449437333,-0.9525327435357303,66.260200580041,-94.71991836768885,33.064767640556866,-47.15463578044326,33.19501280422935,-47.56672072910725,33.12989022239311,-47.36067825477525,0.0004201352547852366,0.00143814186165514,-5.588896037351918,-48.81745214590617,-48.75587419206694,0.0017491350324442493,-0.0619643409753481,0.12835841672361425
1.4848,-0.11169952723263941,-0.7346875796103368,-0.19843971362752746,-0.21711987025721793,-0.1984486599211504,-0.21695838953663119,-0.10444044053152828,-0.7353914681833983,0.09037420289225509,-0.518000393999943,-0.003625070203744092,0.0002712039262373622,-0.0036340164973670402,0.0004326846468241108,-0.3065141706564227,-0.9520786537937922,66.02896535202996,-94.5477467121212,32.949352609547816,-47.068302757196264,33.079186877460884,-47.48088438315096,33.01426974350435,-47.27459357017361,0.00042586502125629977,0.0014404282260187529,-5.583175796629684,-48.78943166606813,-48.73112665615424,0.0017572334474828509,-0.0621525840603309,0.1289576510457664
1.4856,-0.11314729826459424,-0.7347515516364311,-0.1984215320351565,-0.21659022786996643,-0.1984287768734355,-0.21642837133611345,-0.10586764483396081,-0.7354733699588523,0.08891768290501845,-0.5186031611946018,-0.0036362042961772187,0.0002799808942841042,-0.00364344913445621,0.0004418374281370263,-0.3079326260035735,-0.9516217604006816,65.79900796061068,-94.37554438051694,32.83457398441419,-46.981953622560276,32.96400236734263,-47.39503348878126,32.89928817587841,-47.18849355567077,0.0004316088538587337,0.0014427308245927861,-5.577466982932914,-48.761362451711214,-48.70634277251856,0.0017649486109286034,-0.06234192815202316,0.12955757618516373
1.4864,-0.11459633546171562,-0.734811650273471,-0.19840345196894255,-0.2160615697745809,-0.19840898597791795,-0.21589938807126352,-0.10729605416648182,-0.7355514959035782,0.08746002415933155,-0.5192010941656023,-0.003647373643129191,0.0002888319633949088,-0.0036529076521046033,0.0004510136667122966,-0.309352413787529,-0.9511620520114468,65.5703197304705,-94.20331540677454,32.7204274236004,-46.89559035205924,32.84945493981233,-47.30917010450952,32.784941181706365,-47.102380228284375,0.00043736705777064344,0.0014450497942135598,-5.57176957275856,-48.73324574691436,-48.68152136050307,0.0017722768523196865,-0.06253238879643701,0.13015821285600282
1.4872,-0.11604663477990672,-0.7348678717700677,-0.19838547974932638,-0.21553388788442604,-0.19838929481233247,-0.2153714318756522,-0.10872566430524948,-0.7356258429241688,0.08600123773825133,-0.5197941974670791,-0.003658577705825568,0.0002977575726635928,-0.0036623927688316654,0.00046021358143744084,-0.31077353682340747,-0.9506995172271573,65.34289204962609,-94.03106374799312,32.606908618027475,-46.80921488257869,32.73554029165953,-47.22329625068703,32.671224454843504,-47.01625556663286,0.0004431399390796287,0.001447385272598467,-5.566083542725272,-48.705082788700764,-48.65666124032152,0.0017792146613570493,-0.06272398160817577,0.13075958363623386
1.488,-0.1174981922092584,-0.7349202123300133,-0.19836762167283936,-0.21500717411887052,-0.19836971093682165,-0.21484449485283627,-0.1101564710607444,-0.7356964078869321,0.0845413346698291,-0.5203824756226193,-0.0036698159422658624,0.0003067581454423429,-0.0036719052062481466,0.0004694374114765365,-0.31219599793983194,-0.9502341445943261,65.11671636916398,-93.85879328573942,32.494013290969484,-46.72282911302314,32.622254150389395,-47.13741391011423,32.558133720679436,-46.930121511568686,0.0004489278051096335,0.0014497373979480699,-5.560408869576241,-48.67687480608696,-48.6317612340103,0.001785758690104233,-0.0629167222637556,0.13136171297446708
1.4888,-0.11895100377395029,-0.7349686681118212,-0.19834988401343195,-0.21448142040331977,-0.19835024189422248,-0.21431856907611913,-0.11158847027767771,-0.7357631876174656,0.08308032592801323,-0.5209659331249239,-0.0036810878077410264,0.00031583408922192246,-0.0036814456885315566,0.0004786854164225418,-0.31361979997964123,-0.9497659226043629,64.89178420297743,-93.68650782728604,32.38173719792891,-46.63643490495766,32.50959227408424,-47.0515250286376,32.44566473600658,-46.84397996679763,0.00045473096427883775,0.0014521063092303166,-5.554745530182678,-48.64862301921136,-48.606820166324106,0.001791905755470736,-0.0631106264951314,0.1319646272000341
1.4896,-0.12040506553213526,-0.735013235228255,-0.19833227302391052,-0.21395661866908994,-0.19833089521036254,-0.21379364658827912,-0.1130216578348809,-0.7358261789002242,0.08161822243362846,-0.521544574435555,-0.0036923927554011818,0.00032498579557915797,-0.003691014941853192,0.00048795787638999943,-0.3150449458006446,-0.9492948396929242,64.66808712749335,-93.51421110684956,32.27007612650499,-46.550034083252974,32.39755045126194,-46.96563151574276,32.33381328888346,-46.75783279949786,0.0004605497264265068,0.0014544921461663307,-5.549093501545807,-48.620328638357535,-48.58183686574682,0.0017976528410957777,-0.06330571008250344,0.13256835452571636
1.4904,-0.1218603735758432,-0.7350539097458549,-0.19831479493727938,-0.21343276085335292,-0.19831167839434846,-0.2132697194013269,-0.11445602964521742,-0.7358853784780879,0.08015503505528361,-0.5221184039846315,-0.0037037302367783353,0.00033421364010344234,-0.0037006136938474293,0.0004972550921295005,-0.3164714382763442,-0.9488208842393113,64.44561678139749,-93.3419067867941,32.1590258962615,-46.463628436709705,32.28612450073335,-46.87973524513352,32.222575198497424,-46.67168184092161,0.0004663844026424613,0.0014568950491167243,-5.543452760800017,-48.59199286311289,-48.55681016538271,0.0018029970996062401,-0.06350198884787155,0.13317292505482214
1.4912,-0.12331692403087356,-0.7350906876844627,-0.1982974559681491,-0.2129098388989519,-0.19829259893885845,-0.21274677949622484,-0.11589158165547483,-0.7359407830519233,0.07869077461032957,-0.5226874261706047,-0.003715099702344682,0.0003435179823667589,-0.0037102426730540386,0.0005065773850938537,-0.31789928029667797,-0.9483440445657814,64.22436486534897,-93.16959845883027,32.04858235858721,-46.37721971868291,32.1753102714562,-46.79383805530652,32.111946315021704,-46.585528886994716,0.00047223530556550486,0.001459315159166863,-5.537823285214704,-48.56361688145989,-48.53173890391048,0.0018079358543637175,-0.06369947864816213,0.13377837078229504
1.492,-0.12477471305668637,-0.7351235650167395,-0.19828026231414142,-0.2123878447542292,-0.19827366432043816,-0.21222481882261368,-0.11732830984626588,-0.735992389280145,0.07722545186581366,-0.5232516453600208,-0.0037265006020618663,0.00035289916589498205,-0.0037199026083586176,0.0005159250975105278,-0.3193284747687659,-0.9478643089368637,64.00432314169406,-92.997289645194,31.938741396556484,-46.290809647695795,32.06510364238829,-46.70794175011643,32.00192251947239,-46.499375698906114,0.00047810274928394847,0.0014617526182263418,-5.532205052196469,-48.53520186891263,-48.50662192652524,0.0018124666013408651,-0.06389819536836448,0.134384725597414
1.4928,-0.12623373684630074,-0.7351525376676831,-0.19826322015726489,-0.2118667703727958,-0.19825488199978342,-0.21170382929853399,-0.11876621023193344,-0.7360401937782692,0.07575907753940705,-0.5238110658873113,-0.003737932385924382,0.00036235751816215966,-0.003729594228442913,0.0005252985924240061,-0.3207590246176412,-0.947381665558641,63.785483434170324,-92.82498379980495,31.829498924783397,-46.20439990804293,31.95550052233739,-46.622048099330776,31.89249972356039,-46.41322400368685,0.0004839870495416676,0.0014642075687447687,-5.526598039291047,-48.506748987686024,-48.481458085852935,0.0018165870107857444,-0.06409815491484526,0.13499202528385013
1.4936,-0.12769399162619094,-0.7351776015141361,-0.19824633566532734,-0.2113466077132504,-0.1982362594220437,-0.2111838028101396,-0.1202052788604492,-0.7360841931184684,0.07429166230036546,-0.5243656920546073,-0.0037493945045126917,0.00037189335061071915,-0.0037393182612290507,0.0005346982537215439,-0.32219093278700556,-0.9468961025779972,63.567837627608455,-92.65268430941389,31.720850889273823,-46.11799215038845,31.846496849810762,-46.53615883917944,31.78367386954229,-46.32707549478395,0.0004898885238731054,0.0014666801540101915,-5.521002224184918,-48.478259385859836,-48.456246242870435,0.0018202949287975808,-0.06429937320864182,0.13560030751807517
1.4944,-0.1291554736561732,-0.7351987523842991,-0.19822961499337396,-0.21082734873885664,-0.19821780401710293,-0.21066473121139154,-0.12164551181331013,-0.7361243838291185,0.07282321677049677,-0.5249155281315847,-0.0037608864095670658,0.0003815069586771136,-0.0037490754332960147,0.0005441244861422723,-0.3236242022399801,-0.9464076080818329,63.351377667627396,-92.48039449473579,31.612793267274554,-46.031587992358475,31.7380885928615,-46.45027567289544,31.675440930068028,-46.240931832626956,0.000495807491340372,0.0014691705181206771,-5.515417584706493,-48.449734196516715,-48.43098526788034,0.0018235883787329492,-0.06450186617824416,0.13620961186626346
1.4952,-0.13061817922931318,-0.735215986057227,-0.19821306428502958,-0.21030898541719775,-0.19819952319987688,-0.2101466063237701,-0.12308690520544682,-0.7361607623943454,0.07135375152507324,-0.5254605783553022,-0.003772407554509541,0.0003911986218453345,-0.0037588664693568308,0.0005535777152729793,-0.32505883595983326,-0.9459161700962702,63.13609556032443,-92.30811761155616,31.505322067117266,-45.94518901911656,31.6302717489341,-46.364400271245295,31.567796908025684,-46.15479464518093,0.000501744273059046,0.001471678805700094,-5.50984409882772,-48.42117453701513,-48.405674041338465,0.0018264655625638696,-0.06470564975348449,0.1368199797809666
1.496,-0.1320821046718089,-0.7352292982623334,-0.19819668967396037,-0.2097915097197513,-0.19818142437060585,-0.20962941993594894,-0.12452945518511574,-0.7361933252535634,0.06988327709382079,-0.5260008469300983,-0.0037839573950238237,0.0004009686037138027,-0.003768692091669315,0.000563058387516191,-0.3264948369507454,-0.9454217765857986,62.9219833719613,-92.13585685183654,31.398433328061273,-45.85879678394293,31.52304234470797,-46.27853427305575,31.460737836384624,-46.06866552849934,0.0005076991920560658,0.0014742051621396968,-5.504281744664642,-48.3925815081476,-48.380311454828515,0.0018289248619969226,-0.06491073985829739,0.1374314545943207
1.4968,-0.13354724634288892,-0.7352386846788833,-0.19818049728524986,-0.20927491362146172,-0.1981635149151411,-0.20911316380348638,-0.12597315793380634,-0.7362220688010175,0.06841180396184783,-0.5265363380274763,-0.003795535389595678,0.0004108171520794679,-0.003778553019486902,0.0005725669700546998,-0.32793220823854313,-0.9449244154524244,62.70903322864534,-91.96361534479261,31.2921231201326,-45.7724128087972,31.416396435939436,-46.192679285728936,31.354259778036017,-45.98254604726307,0.0005136725733052572,0.0014767497335270718,-5.498730500478439,-48.36395619340601,-48.354896411933666,0.0018309648396252656,-0.06511715240416421,0.13804408151196412
1.4976,-0.13501360063471013,-0.7352441409354807,-0.19816449323678476,-0.20875918910023525,-0.19814580220523648,-0.20859782964850349,-0.12741800966613848,-0.7362469893853131,0.06693934257058631,-0.5270670557860275,-0.003807141000059966,0.000420744499050274,-0.003788449968511687,0.0005821039507820647,-0.3293709528714349,-0.9444240745347663,62.49723731600493,-91.79139615796022,31.186387543958613,-45.68603858487559,31.310330107302505,-46.10683688575121,31.24835882563056,-45.8964377353134,0.0005196647438054924,0.0014793126665750833,-5.493190344675956,-48.33529965824481,-48.32942782910229,0.0018325842397819,-0.06532490328365195,0.13865790760360142
1.4984,-0.1364811639722455,-0.7352456626095607,-0.19814868364067453,-0.20824432813641236,-0.19812829359884396,-0.20808340915934642,-0.12886400662976227,-0.7362680833089468,0.06546590331875535,-0.5275930043113743,-0.0038187736921568988,0.00043075086116006744,-0.003798383650326323,0.0005916698382260055,-0.33081107392076314,-0.9439207416071331,62.28658787886309,-91.61920229824996,31.08122273060199,-45.59967557316312,31.20483947222828,-46.0210086191956,31.143031101415133,-45.810342096179355,0.0005256760328222754,0.0014818941087497706,-5.487661255809966,-48.30661294934161,-48.30390463655131,0.0018337819894104178,-0.06553400836357838,0.13927298179319791
1.4992,-0.13794993281318646,-0.7352432452268651,-0.19813307460462773,-0.2077303227121973,-0.19811099644039534,-0.20756989399024928,-0.13031114510526268,-0.736285346827834,0.06399149656328697,-0.5281141876761263,-0.003830432936078071,0.00044083643951042806,-0.0038083547718456984,0.0006012651614584197,-0.33225257448173606,-0.9434144043785728,62.07707722090463,-91.4470367129803,30.976624841390596,-45.51332520497407,31.09992067274232,-45.93519600221422,31.03827275706646,-45.724260603594146,0.0005317067717101054,0.0014844942079861312,-5.482143212579467,-48.277897093893245,-48.27832577911724,0.0018345571987565506,-0.06574448347847188,0.13988935484815102
1.5,-0.13941990364782542,-0.7352368842609238,-0.1981176722332927,-0.20721716481102626,-0.19809391806109844,-0.20705727576099042,-0.1317594214060552,-0.7362987761508291,0.06251613262025525,-0.5286306099198681,-0.0038421182069822285,0.00045100141993470455,-0.003818364034787969,0.0006108904699705375,-0.3336954576741359,-0.9429050504918848,61.868697704338715,-91.27490229089793,30.872590067742866,-45.42698888248552,30.995569879301655,-45.84940052152544,30.93407997352226,-45.63819470200548,0.0005377572941966946,0.0014871131130291815,-5.476636193829533,-48.24915309899111,-48.252690217064604,0.0018349091618246084,-0.06595634442450554,0.14050707936564777
1.5008,-0.14089107299896053,-0.7352265751325228,-0.19810248262968724,-0.20670484641690928,-0.1980770657792242,-0.20654554605653247,-0.13320883187828703,-0.7363083674392433,0.06103982176583195,-0.5291422750491621,-0.0038538289855682556,0.0004612459731718199,-0.003828412135105236,0.0006205463335487438,-0.3351397266430795,-0.942392667522604,61.66144174956078,-91.10280186318704,30.769114630994277,-45.34066797926688,30.891783290630226,-45.76362363489315,30.83044896081225,-45.55214580708002,0.0005438279362763865,0.00148975097299342,-5.471140178551055,-48.220381950882654,-48.22699692697245,0.0018348373568745397,-0.06616960695258922,0.14112620975865298
1.5016,-0.14236343742178267,-0.735212313209175,-0.19808751189654197,-0.2061933595137223,-0.19806044690039618,-0.2060346964266619,-0.13465937290073932,-0.7363141168063605,0.059562574237208094,-0.5296491870375757,-0.003865564758594578,0.0004715702550625034,-0.00383849976244878,0.0006302333421229767,-0.3365853845597301,-0.9418772429779598,61.4553018348079,-90.93073820445967,30.66619478221842,-45.25436384079868,30.78855713355312,-45.67786677159872,30.72737595788577,-45.4661153061987,0.0005499190363593698,0.0014924079377323096,-5.465655145880235,-48.19158461436339,-48.201244902541866,0.0018343414467031644,-0.06638428676215452,0.14174680224013514
1.5024000000000002,-0.14383699350376714,-0.735194093804584,-0.19807276613759664,-0.20568269608446674,-0.1980440687178754,-0.20552471838562728,-0.1361110408847256,-0.7363160203169429,0.05808440023348965,-0.5301513498257164,-0.0038773250193814,0.0004819744067596776,-0.0038486275996601482,0.0006399521055991952,-0.33803243462198235,-0.9413587642958106,61.25027049581024,-90.75871403372757,30.563826802044872,-45.16807778498063,30.685887662829984,-45.59213133290448,30.624857232437428,-45.380104558942556,0.0005560309353853654,0.00149508415753985,-5.460181075098153,-48.16276203221762,-48.175433155341445,0.001833421278769354,-0.0666003994953423,0.14236891480618397
1.5032,-0.1453117378645697,-0.735171912178099,-0.19805825145900885,-0.20517284811047132,-0.19802793851285178,-0.20501560341175137,-0.13756383227398888,-0.7363140739867402,0.056605309916651025,-0.5306487673213083,-0.00388910926836894,0.0004924585549606619,-0.003858796322211866,0.000649703253680578,-0.3394808800552096,-0.9408372188435309,61.046340325442095,-90.58673201537042,30.462007000477925,-45.08181110264047,30.583771160987418,-45.50641869251318,30.52288908073267,-45.294114897576826,0.0005621639767525721,0.001497779783235842,-5.45471794562967,-48.13391512454337,-48.14956071565724,0.0018320768852499276,-0.06681796073031773,0.14299260721750784
1.504,-0.146787667155921,-0.7351457635341689,-0.1980439739706108,-0.20466380757057367,-0.1980120635547304,-0.2045073429470507,-0.13901774354460716,-0.7363082737819883,0.05512531341240651,-0.5311414433992664,-0.003900917013597127,0.0005030228121481461,-0.0038690065977167176,0.00065948743567118,-0.3409307241129347,-0.9403125939168908,60.84350397336582,-90.4147947600768,30.360731716709353,-44.99556505802574,30.482203938150015,-45.42073019701722,30.421467827429684,-45.208147627521484,0.0005683185064526697,0.0015004949661658884,-5.449265737042641,-48.105044788262305,-48.123626633187484,0.0018303084829337122,-0.067036985975743,0.14361794098061864
1.5048,-0.1482647780615138,-0.7351156430217923,-0.19802993978725206,-0.20415556644023194,-0.1979964511014136,-0.2039999283968501,-0.1404727712048891,-0.7362986156189057,0.05364442081113137,-0.5316293819018081,-0.003912747771231587,0.0005136672768658035,-0.003879259085393119,0.0006693053202476151,-0.3423819700775343,-0.9397848767388901,60.641754145675414,-90.24290482578071,30.25999731893075,-44.90934088929589,30.381182331871543,-45.33506716634284,30.320589825401147,-45.122204027819365,0.0005744948731205568,0.0015032298580166525,-5.443824429046556,-48.07615189652998,-48.09762997783552,0.0018281164729807616,-0.06725749066454063,0.14424497932492386
1.5056,-0.14974306729689374,-0.7350815457339615,-0.19801615503009526,-0.20364811669060895,-0.19798110839959307,-0.20349335112936412,-0.14192891179527045,-0.7362850953631881,0.05216264216876207,-0.5321125866385882,-0.0039246010660627245,0.0005243920339909058,-0.0038895544355605494,0.0006791575952357354,-0.34383462126092623,-0.9392540544585614,60.44108360453539,-90.07106471858212,30.15980020414332,-44.82313980900465,30.280702706963986,-45.24943089418852,30.22025145555365,-45.03628535159659,0.0005806934280911946,0.0015059846110574426,-5.438394001490973,-48.04723729821792,-48.0715698404249,0.0018255014405023794,-0.06747949014808569,0.14487378718149557
1.5064000000000002,-0.1512225316093563,-0.7350434667070949,-0.19800262582784656,-0.2031414502876452,-0.19796604268502882,-0.2029876024753055,-0.14338616188821754,-0.7362677088294923,0.050679987507650764,-0.5325910613868182,-0.003936476431978239,0.0005351971550288659,-0.0038998932891605165,0.0006890449673686017,-0.3452886810052246,-0.938720114149769,60.24148516781844,-89.8992768936453,30.060136797965846,-44.73696300456991,30.180761455327193,-45.16382264845316,30.12044912664652,-44.95039282651153,0.0005869145253996066,0.0015087593777707298,-5.432974434364385,-48.01830181745811,-48.04544533335657,0.001822464154170203,-0.06770299969083049,0.14550443116047518
1.5072,-0.15270316777783258,-0.7350014009204772,-0.19798935831803363,-0.2026355591910308,-0.19795126118283402,-0.20248267372746304,-0.144844518088123,-0.7362464517809231,0.04919646681745604,-0.5330648098914532,-0.003948373412454603,0.0005460826984390321,-0.003910276277254987,0.0006989681620068744,-0.34674415268341163,-0.938183042809947,60.0429517087375,-89.72754375609367,29.961003554438797,-44.65081163874373,30.081354995776884,-45.07824367166105,30.02117927510784,-44.864527655202394,0.0005931585218164059,0.001511554311122154,-5.427565707792056,-47.98934625314633,-48.019255591320054,0.00181900556548219,-0.06792803446459231,0.1461369795241012
1.508,-0.15418497261278058,-0.7349553432956849,-0.19797635864825908,-0.20213043535319133,-0.19793677110776248,-0.20197855614027144,-0.1463039770312045,-0.7362213199285083,0.04771209005601823,-0.5335338358653652,-0.003960291561036333,0.000557048709951713,-0.003920704020539734,0.0007089279228716383,-0.34820103970000327,-0.937642827358828,59.84547615547947,-89.55586766188755,29.862396955829723,-44.5646868500724,29.98247977387266,-44.992695181379425,29.922438364851192,-44.77869101572591,0.0005994257770822742,0.0015143695642763078,-5.422167802034221,-47.96037137848393,-47.992999771958516,0.0018151268080942957,-0.06815460954297142,0.146771502161954
1.5088,-0.15566794295607997,-0.7349052886960049,-0.19796363297735214,-0.2016260707182177,-0.19792257966448462,-0.2014752409293821,-0.14776453538540255,-0.7361923089306747,0.046226867150177126,-0.53399814298954,-0.003972230441772459,0.0005680952229170644,-0.00393117712890495,0.0007189250117526913,-0.3496593454916596,-0.9370994546371396,59.64905149083148,-89.38425091868145,29.76431351243313,-44.47858975334433,29.884132261744668,-44.90717837062796,29.8242228870889,-44.69288406198615,0.000605716653680588,0.0015172052908525302,-5.416780697484118,-47.93137794061028,-47.96667705643273,0.0018108291968553314,-0.06838273989659932,0.147408070564353
1.5096,-0.15715207568091186,-0.7348512319258563,-0.19795118747662993,-0.20112245722074795,-0.19790869404787026,-0.20097271927122376,-0.14922618985027797,-0.7361594143927163,0.04474080799665518,-0.5344577349133004,-0.003984189629696794,0.0005792222586678553,-0.003941696200937109,0.0007289602081920754,-0.351119073527845,-0.9365529114052722,59.45367075181047,-89.21269578667963,29.666749762372277,-44.3925214400401,29.786308957921136,-44.821694408284145,29.726529360146706,-44.60710792416212,0.0006120315170576873,0.0015200616446122694,-5.411404374665587,-47.90236666014362,-47.94028665011284,0.0018061142268920819,-0.06861244038737822,0.14804675779262766
1.5104000000000002,-0.15863736769165643,-0.734793167730201,-0.19793902833099433,-0.20061958678482816,-0.1978951214432691,-0.20047098230255092,-0.150688937156908,-0.7361226318662587,0.043253922462849495,-0.5349126152545403,-0.003996168711236842,0.0005904298268902264,-0.003952261823511591,0.0007390343091674967,-0.3525802273114139,-0.9360031843419194,59.259327029284655,-89.04120447946632,29.5697022713952,-44.30648297876526,29.68900638715384,-44.73624443948061,29.62935432927452,-44.52136370912294,0.0006183707356157697,0.001522938779558558,-5.406038814230746,-47.87333823087867,-47.91382778306759,0.0018009835723976002,-0.06884372576419028,0.1486876384507525
1.5112,-0.16012381592377467,-0.7347310907939479,-0.19792716174011635,-0.2001174513227213,-0.19788186902679294,-0.19997002111998272,-0.15215277406778457,-0.7360819568487177,0.041766220387675024,-0.5353627875999808,-0.004008167284656763,0.0006017179260155991,-0.003962874571333347,0.0007491481287541513,-0.3540428103792343,-0.9354502600426848,59.066013467597664,-88.86977916483153,29.473167632672567,-44.22047541568374,29.592221100244416,-44.650829585997634,29.532694366458493,-44.43565250084069,0.0006247346806773635,0.001525836849850748,-5.40068399695736,-47.8442933194097,-47.88729971066598,0.001795439085398412,-0.06907661065772436,0.1493307886543107
1.512,-0.16161141734370027,-0.7346649957413561,-0.19791559391955799,-0.1996160427336796,-0.19786894396558516,-0.1994698267795379,-0.15361769737670788,-0.7360373847827542,0.040277711582367495,-0.5358082555054464,-0.004020184960482606,0.0006130865436281274,-0.003973535006509779,0.0007593024977698981,-0.35550682630277564,-0.9348941250186639,58.87372326418818,-88.69842196558051,29.377142466592005,-44.134499774941645,29.49594967386954,-44.56545094664881,29.436546070230772,-44.34997536079523,0.0006311237266345415,0.001528756009946619,-5.3953399037460334,-47.815232564791,-47.86070171410918,0.001789482794346368,-0.06931110957579678,0.14997628599817858
1.5128,-0.16310016894872495,-0.734594877135427,-0.19790433110181554,-0.19911535290271495,-0.19785635341810354,-0.19897039029616073,-0.1550837039086838,-0.7359889110557226,0.03878840583125516,-0.5362490224961369,-0.004032221361876587,0.0006245356568706506,-0.003984243678164565,0.0007694982634249281,-0.356972278688664,-0.9343347656950127,58.682449669209035,-88.52713496032518,29.28162342055176,-44.048557059079585,29.400188710406304,-44.480109597659855,29.340906065479032,-44.264333328369716,0.0006375382509702376,0.001531696414247108,-5.390006515617614,-47.78615657830922,-47.83403310086743,0.0017831169026624074,-0.06954723689932833,0.15062420952588695
1.5136,-0.16459006776688573,-0.7345207294772941,-0.197893379537423,-0.1986153736992975,-0.19784410453439413,-0.19847170264323796,-0.15655079051981954,-0.7359365309991172,0.03729831289255593,-0.5366850920669379,-0.0040442761250475134,0.0006360652328817884,-0.003995001122018657,0.0007797362889412907,-0.3584391711792612,-0.9337721684094733,58.49218598514493,-88.35592018427036,29.18660716875346,-43.962648249444776,29.3049348377574,-44.39480659304306,29.24577100325543,-44.17872742124392,0.0006439786340664,0.0015346582174800005,-5.38468381371005,-47.757065943171135,-47.80729320519218,0.0017763437871242476,-0.06978500687771969,0.15127463969491828
1.5144000000000002,-0.1660811108568484,-0.734442547205608,-0.19788274549597196,-0.1981160969760267,-0.19783220445636482,-0.19797375475210005,-0.15801895409721614,-0.7358802398880068,0.035807442499136116,-0.537116467682744,-0.0040563488996196995,0.0006476752292360888,-0.004005807860012561,0.0007900174531627058,-0.35990750745320066,-0.9332063194108708,58.30292556642705,-88.18477962998327,29.092090411991887,-43.876774306592466,29.2101847091755,-44.30954296496494,29.15113756058369,-44.09315863577871,0.0006504452596658439,0.0015376415741457095,-5.3793717792752,-47.72796121427984,-47.78048138853894,0.00176916599606328,-0.07002443362491227,0.15192765834206057
1.5152,-0.1675732953077911,-0.7343603246959113,-0.19787243526713877,-0.19761751456726648,-0.19782066031805462,-0.19747653751152525,-0.15948819155886146,-0.7358200329404725,0.03431580435927041,-0.5375431527787959,-0.004068439349006914,0.0006593655944099885,-0.004016664399922751,0.0008003426501512201,-0.361377291225923,-0.9326372048575877,58.114661819047754,-88.01371524815215,28.998069877445097,-43.790936170682656,29.11593500308816,-44.22431972410849,29.05700244026663,-44.00762794739558,0.0006569385144956641,0.0015406466390004425,-5.374070393675479,-47.69884291799223,-47.75359704000216,0.0017615862475056597,-0.07026553111529482,0.15258334864734024
1.516,-0.16906661823929583,-0.7342740562600082,-0.19786245516159467,-0.19711961828780508,-0.1978094792459108,-0.1969800417672288,-0.1609584998535301,-0.7357559053170339,0.032823408157339765,-0.5379651507610042,-0.0040805471507248114,0.0006711362682247368,-0.004027571235040925,0.0008107127888010157,-0.3628485262501657,-0.932064810816038,57.92738820017401,-87.84272894832363,28.9045423184634,-43.70513476186235,29.0221824229223,-44.13913786002808,28.96336237069285,-43.92213631094521,0.0006634587883098675,0.0015436735668004076,-5.368779638380933,-47.66971155201233,-47.726639576606836,0.0017536074273250572,-0.07050831318059085,0.15324179510102454
1.5168,-0.17056107680122126,-0.7341837361453363,-0.1978528115120402,-0.1966223999313772,-0.1977986683590532,-0.19648425832133662,-0.1624298759606668,-0.7356878521200731,0.031330263554602666,-0.5383824650063478,-0.004092671996770755,0.0006829871823481604,-0.004038528843783723,0.0008211287923887145,-0.3643212163164907,-0.9314891232590616,57.7410982177589,-87.67182259964468,28.811504514356095,-43.61937098065485,28.928923696928464,-44.05399834150199,28.87021410564228,-43.83668466107842,0.0006700064743441203,0.001546722512159704,-5.363499494965064,-47.640567585123094,-47.699608443766415,0.001745232587004078,-0.07075279350557988,0.15390308346232473
1.5176,-0.17205666817359583,-0.7340893585343171,-0.1978435106740497,-0.19612585126926305,-0.19778823476954258,-0.19598917793186751,-0.16390231689028723,-0.7356158683932505,0.029836380189854614,-0.5387950988632185,-0.004104813593907866,0.0006949182607689508,-0.004049537689400737,0.0008315915981644828,-0.3657953652537377,-0.9309101280643491,57.555785430153406,-87.5009980315733,28.718953270178847,-43.53364570832768,28.836155578005744,-43.96890211687535,28.777554424092294,-43.75127391260152,0.0006765819688183683,0.0015497936297350634,-5.358229945101785,-47.61141145712476,-47.67250311551494,0.0017364649415789557,-0.07099898562539164,0.15456730072480696
1.5184,-0.17355338956648939,-0.733990917543713,-0.1978345590269702,-0.19562996404880129,-0.19777818558265114,-0.1954947913121858,-0.16537581968286216,-0.7355399491209192,0.028341767680134897,-0.5392030556518226,-0.004116971663973137,0.0007069294202953769,-0.004060598219654085,0.0008421021569108289,-0.36727097692948646,-0.9303278110128097,57.37144344571647,-87.3302570345891,28.626885416519364,-43.44795980726233,28.743874843525923,-43.88385011440088,28.685380130022644,-43.665904960831604,0.0006831856711855266,0.0015528870741121636,-5.352970970561453,-47.582243578711555,-47.64532309480826,0.0017273078672854522,-0.07124690292227763,0.15523453507745444
1.5192,-0.17505123821989924,-0.7338884072239739,-0.1978259629747954,-0.19513472999186102,-0.19776852789712215,-0.19500108913045563,-0.16685038140921285,-0.7354600892275275,0.026846435621402737,-0.5396063386645924,-0.004129145944179818,0.0007190205710741471,-0.004071710866506567,0.0008526614324794735,-0.3687480552505148,-0.9297421577869089,57.18806592242389,-87.15960136089,28.535297809281634,-43.36231412131705,28.65207829515806,-43.7988432425727,28.593688052219846,-43.58057868194487,0.0006898179841954288,0.0015560029997487845,-5.347722553206875,-47.55306433134962,-47.618067913812936,0.001717764899108427,-0.0714965586225043,0.15590487586365498
1.52,-0.1765502114036322,-0.7337818215585732,-0.19781772894694252,-0.19464014079335934,-0.19775926880543548,-0.194508062009095,-0.1683259991704002,-0.7353762835770236,0.025350393589172807,-0.5400049511665712,-0.004141336187369532,0.0007311916170930077,-0.00408287604586248,0.0008632704013573633,-0.3702266041632052,-0.9291531539690256,57.00564656747962,-86.98903272506972,28.444187329472044,-43.27670947617682,28.56076275869379,-43.713882390453925,28.502475044082917,-43.495295933315376,0.0006964793137882452,0.0015591415610316517,-5.342484674989843,-47.523874067259456,-47.5907371340717,0.0017078397284741782,-0.07174796579402133,0.156578413544338
1.5208,-0.17805030641717892,-0.7336711544633461,-0.19780986339904857,-0.1941461881196635,-0.19775041539406646,-0.19401570052419512,-0.1698026700976126,-0.7352885269722471,0.023853651139161755,-0.5403988963958672,-0.004153542162274218,0.0007434424567163145,-0.0040940941572921025,0.0008739300521847237,-0.3717066276539533,-0.9285607850397259,56.824179136921344,-86.81855280479249,28.35355088298094,-43.191146679703714,28.469925083871136,-43.62896842800096,28.411737983426036,-43.41005755385234,0.0007031700692721188,0.0015623029121911713,-5.337257317946649,-47.49467310936089,-47.5633303467206,0.0016975362004260784,-0.07200113734386683,0.15725523965545563
1.5216,-0.17955152058959103,-0.7335563997858113,-0.19780237281373908,-0.19365286360702016,-0.19774197474374722,-0.19352399520495364,-0.17128039135205433,-0.7351968141543194,0.022356217807920464,-0.5407881775640784,-0.004165763653764296,0.0007557729832207705,-0.004105365583772419,0.0008846413852872659,-0.37318812974956583,-0.9279650363760523,56.64365743523133,-86.6481632414527,28.263385400367724,-43.10562652227847,28.379562144200563,-43.54410220638146,28.321473772284143,-43.32486436432997,0.0007098906630460533,0.001565487207230376,-5.332040464194126,-47.465461751240085,-47.535847172664425,0.0016868583110586654,-0.07225608601574374,0.15793544676733973
1.5224,-0.18105385127936002,-0.7334375513044927,-0.19779526370129216,-0.19316015885997834,-0.19773395392972418,-0.19303293653308967,-0.17275916012483442,-0.7351011398020258,0.02085810311341095,-0.5411727978567252,-0.00417800046304681,0.0007681830853221716,-0.004116690691478811,0.0008954054122109478,-0.3746711145176054,-0.9273658932497932,56.46407531494433,-86.47786564081767,28.173687836643488,-43.02014977713116,28.289670836789867,-43.4592845582866,28.231679336716677,-43.239717167708875,0.0007166415109765012,0.001568694600081244,-5.326834095925693,-47.43624025721439,-47.508287262646235,0.001675810204757041,-0.07251282438841339,0.1586191284453662
1.5232,-0.18255729587429684,-0.7333146027282323,-0.19778854260035458,-0.19266806544973142,-0.19772636002201108,-0.19254251494224772,-0.17423897363685306,-0.7350014985311929,0.01935931655560788,-0.5415527604337231,-0.004190252407893641,0.0007806726477384562,-0.004128069829550135,0.0009062231552220967,-0.37615558606675775,-0.9267633408257021,56.28542667625493,-86.30766157366696,28.08445517105301,-42.93471720067219,28.20024808216977,-43.37451629823926,28.14235162661139,-43.15461674945573,0.0007234230321486734,0.0015719252444910126,-5.321638195406811,-47.40700886231541,-47.480650297384756,0.0016643961712782054,-0.07277136487359058,0.15930637920592972
1.524,-0.18406185179139695,-0.733187547695497,-0.19778221607855404,-0.19217657491248027,-0.19771920008564134,-0.19205272081739533,-0.17571982913868514,-0.734897884894059,0.017859867617056643,-0.5419280684298402,-0.004202519322812237,0.0007932415517385438,-0.004139503329899555,0.0009170956468235181,-0.3776415485471387,-0.9261573641597158,56.10770546662601,-86.13755257641506,27.99568440685716,-42.84932953281225,28.11129082411984,-43.2897982228967,28.0534876154885,-43.06956387785448,0.0007302356490086481,0.00157517929389428,-5.316452744970757,-47.37776777238469,-47.45293598761183,0.0016526206427707392,-0.07303171971455068,0.15999729447511868
1.5248,-0.18556751647672368,-0.7330563797736758,-0.19777629073312086,-0.19168567874778641,-0.19771248118092552,-0.19156354449420543,-0.17720172391046862,-0.7347902933786385,0.016359765763427042,-0.5422987249551612,-0.0042148010592251844,0.0008058896756908962,-0.004150991507029855,0.0009280239292718817,-0.37912900615061934,-0.9255479481971531,55.93090568039882,-85.967540151724,27.907372571116632,-42.763987497277164,28.022796029494895,-43.205131111348464,27.96508430030576,-42.98455930431281,0.0007370797872994217,0.0015784569016261685,-5.3112777270143665,-47.34851716414284,-47.425144074100345,0.0016404881908658746,-0.0732939009847119,0.16069197054758888
1.5256,-0.18707428740527274,-0.7329210924583712,-0.19777077319145148,-0.19119536841684043,-0.1977062103636904,-0.19107497625843747,-0.17868465526178678,-0.7346787184080802,0.01485902044404118,-0.5426647330955867,-0.004227097485623499,0.0008186168956529905,-0.004162534657862441,0.0009390090540559726,-0.3806179631111007,-0.9249350777708647,55.755021358399304,-85.79762576910652,27.819516714471902,-42.67869180191817,27.93476068805139,-43.12051572540918,27.877138701261647,-42.89960376366368,0.0007439558760111709,0.0015817582208370595,-5.30611312399329,-47.319257185286084,-47.39727432768226,0.001628003523367523,-0.07355792058646975,0.16139050454088988
1.5264,-0.1885821620808473,-0.7327816791726851,-0.19776567011161575,-0.1907056353408069,-0.19770039468553316,-0.19058700634529924,-0.1801686205315469,-0.7345631543400187,0.01335764109237736,-0.5430260959132989,-0.004239408487691498,0.0008314230859129967,-0.004174133061608909,0.000950052081420627,-0.38210842370477155,-0.9243187375994049,55.58004658754958,-85.62781086551371,27.732113910927232,-42.593443139011235,27.84718181227469,-43.03595280990671,27.78964786160096,-42.81469797445897,0.0007508643476583643,0.0015850834042367978,-5.300958918417851,-47.28998795464694,-47.36932654916265,0.0016151714812200112,-0.07382379025060672,0.16209299435601565
1.5272000000000001,-0.19009113803592523,-0.7326381332664982,-0.19776098818288818,-0.1902164708990659,-0.1976950411940629,-0.19009962493880586,-0.18165361708787045,-0.7344435954659195,0.011855637126577695,-0.5433828164472729,-0.004251733968440016,0.000844308119580639,-0.004185786979614747,0.0009611540798407092,-0.38360039225037335,-0.9236989122851447,55.4059755004767,-85.45809684591806,27.64516125763219,-42.50824218555699,27.760056437206536,-42.95144309296565,27.702608847419363,-42.72984263926132,0.0007578056379742293,0.0015884326045778607,-5.2958150928482075,-47.260709562308705,-47.341300569312914,0.0016019970351808122,-0.07409152153521503,0.1627995386310488
1.528,-0.19160121283153084,-0.7324904480157329,-0.1977567341261539,-0.18972786642750608,-0.19769015693314193,-0.18961282217112657,-0.18313964232796662,-0.7343200360104197,0.010353017949899193,-0.54373489771376,-0.0042640738482881135,0.0008572718691536863,-0.00419749665527612,0.0009723161255331125,-0.3850938731093967,-0.9230755863123927,55.23280227512367,-85.28848508387779,27.558655874664574,-42.42308960356641,27.673381620272966,-42.86698728628551,27.61601874746877,-42.64503844492596,0.0007647801861239145,0.0015918059741295565,-5.290681629890051,-47.231422069819445,-47.31319624870399,0.0015884852825087282,-0.07436112582577259,0.16351023670091536
1.5288,-0.19311238405709774,-0.7323386166216228,-0.19775291469437395,-0.18923981321674196,-0.19768574894312452,-0.1891265881219149,-0.18462669367801393,-0.7341924701306574,0.008849792951193397,-0.5440823427068117,-0.004276428065166621,0.0008703142071037617,-0.004209262313917189,0.0009835393019307914,-0.3865888706863051,-0.9224487440454685,55.060521134360165,-85.11897692209975,27.472594904812766,-42.33798604034919,27.58715444111283,-42.78258608541562,27.529874672962798,-42.56028606288241,0.000771788434569487,0.0015952036650759283,-5.28555851218969,-47.20212551034321,-47.28501347763754,0.0015746414435074633,-0.07463261433451207,0.1642251885513133
1.5296,-0.19462464933033857,-0.732182632209964,-0.19774953667291822,-0.188752302510382,-0.1976818242610965,-0.18864091281764178,-0.18611476859304066,-0.7340608919155985,0.007345971505317753,-0.5444251543987694,-0.004288796574559814,0.0008834350064471086,-0.004221084162738101,0.00099482469918738,-0.38808538942869697,-0.9218183697267932,54.889126345595486,-84.94957367298194,27.386975513359292,-42.252932128787535,27.501372001406928,-42.69824017002375,27.444173757383112,-42.47558614940564,0.0007788308292617785,0.0015986258293452238,-5.280445722429721,-47.172819888925886,-47.256752175927026,0.0015604708581714068,-0.07490599810088401,0.1649444947775578
1.5304,-0.19613800629710326,-0.73202248783036,-0.19774660687995468,-0.18826532550321579,-0.19767838992110534,-0.18815578623090554,-0.18760386455679837,-0.7339252953853542,0.005841562973579198,-0.5447633357407964,-0.004301179349577106,0.0008966341413420564,-0.004232962390727776,0.0010061734136522227,-0.3895834338274808,-0.9211844474749178,54.71861222039159,-84.78027661915552,27.30179488786438,-42.167928487612194,27.416031424707775,-42.61395020416195,27.35891315628608,-42.39093934588708,0.0007859078194343283,0.0016020726186383172,-5.275343243324084,-47.14350518267843,-47.22841229276518,0.0015459789825363905,-0.07518128799140171,0.16566825653910655
1.5312000000000001,-0.19765245263124956,-0.7318581764554654,-0.19774413216671347,-0.18777887333944798,-0.19767545295439462,-0.1876711982797365,-0.18909397908164088,-0.7337856744904945,0.004336576704108822,-0.5450968896633877,-0.00431357638096376,0.0009099114876588432,-0.004244897168644915,0.001017586547370275,-0.3910830084169993,-0.9205469612825722,54.54897311407649,-84.61108701400788,27.217050237949373,-42.08297572166543,27.331129856269342,-42.52971683652675,27.274090047109357,-42.30634627909609,0.0007930198577739134,0.0016055441843008111,-5.270251057613501,-47.114181341076176,-47.199993806450856,0.0015311713852039902,-0.07545849470055672,0.16639657551775144
1.532,-0.1991679860344952,-0.7316896909802127,-0.19774211941776038,-0.1872929371109024,-0.1976730203896319,-0.18718713882689228,-0.19058510970839637,-0.7336420231113503,0.0028310220322503438,-0.5454258190768841,-0.00432598767711366,0.0009232669235637592,-0.0042568886489851715,0.0010290652075737872,-0.3925841177751419,-0.9199058950146788,54.38020342536139,-84.44200608219985,27.132738795082506,-41.998074422161956,27.246664462878435,-42.44554070071548,27.189701628980472,-42.22180756143872,0.0008001674004418646,0.0016090406775930433,-5.265169148060883,-47.08484828623389,-47.17149672415169,0.0015160537436807004,-0.07573762875142194,0.16712955387455963
1.5328,-0.20068460423628579,-0.7315170242210375,-0.19774057555124008,-0.1868075078551998,-0.19767109925313295,-0.1867035976791411,-0.192077254006244,-0.7334943350573115,0.001324908280921619,-0.545750126872004,-0.00433841326407447,0.000936700330107676,-0.004268936965967321,0.001040610506166384,-0.3940867665234514,-0.9192612324063449,54.21229759595653,-84.27303502017314,27.048857812363515,-41.91322516694441,27.162632432686053,-42.36142241547828,27.105745122524784,-42.137323791211344,0.0008073509069603801,0.0016125622495479774,-5.260097497446479,-47.05550591317913,-47.14292108163856,0.0015006318407209541,-0.0760187004965508,0.16786729420573465
1.5336,-0.20220230499364478,-0.7313401689150916,-0.19773950751905786,-0.1863225765539366,-0.19766969656908587,-0.1862205645865293,-0.1935704095725819,-0.7333426040661185,-0.00018175523904147284,-0.5460698159203721,-0.00435085318551745,0.000950211591809802,-0.004281042235545443,0.0010522235592171358,-0.3955909593271852,-0.9186129570608379,54.04525011018888,-84.10417499664763,26.96540456430943,-41.82842852073232,27.079030975039267,-42.27736258496633,27.02221776967435,-42.05289555284932,0.0008145708401841034,0.0016161090510138365,-5.255036088563104,-47.02615409018061,-47.114266942970985,0.001484911560527426,-0.07630172011922379,0.1686098995000691
1.5344,-0.2037210860910371,-0.7311591177194525,-0.19773892230702111,-0.18583813413089195,-0.19766881935977093,-0.1857380292416529,-0.19506457403290006,-0.7331868238031436,-0.0016889592285725535,-0.5463848890750257,-0.004363307502693592,0.0009638005972260055,-0.004293204555443422,0.0010639054864650666,-0.39709670089536453,-0.9179610524475704,53.87905549462393,-83.93542715310541,26.88237634664244,-41.74368503536339,26.995857320314826,-42.19336179897461,26.939116833478636,-41.968523417168996,0.0008218276666553948,0.0016196812325830479,-5.2499849042117575,-46.99679265909326,-47.085534400141256,0.0014688988851788512,-0.0765866976350234,0.1693574730973637
1.5352000000000001,-0.20524094534021786,-0.7309738632103162,-0.19773882693496855,-0.18535417145016192,-0.1976684746457772,-0.18525598127889795,-0.19655974504064916,-0.7330269878606658,-0.0031966944000606373,-0.5466953491709611,-0.004375776294380046,0.0009774672395428396,-0.004305424005188671,0.0010756574108067296,-0.3986039959808064,-0.9173055019000209,53.71370831768493,-83.76679260427092,26.79977047607649,-41.65899525003343,26.91310871975218,-42.109420633182204,26.856439597914335,-41.88420794160781,0.0008291218562632707,0.0016232789447059304,-5.2449439271966,-46.96742143569546,-47.05672357273506,0.001452599890620087,-0.07687364289333312,0.17011011864479997
1.536,-0.206761880580085,-0.7307843978821921,-0.19773922845685105,-0.18487067931434112,-0.1976686694462142,-0.1847744102736822,-0.1980559202771066,-0.7328630897571402,-0.0047049514770631795,-0.5470011990256545,-0.004388259656807614,0.000991211417144644,-0.0043177006461707634,0.0010874804578034913,-0.4001128493801284,-0.9166462886136778,53.54920318927696,-83.59827243857852,26.71758429010657,-41.5743596915285,26.83078244528807,-42.02553964938775,26.77418336769732,-41.799949670458126,0.0008364538823215639,0.001626902337733327,-5.239913140320357,-46.938040210057146,-47.0278346075425,0.0014360207429548824,-0.07716256557919425,0.1708679400553592
1.5368,-0.20828388967653622,-0.73059071414708,-0.1977401339607414,-0.18438764846270025,-0.19766941077892536,-0.18429330574168643,-0.19955309745124616,-0.7326951229364573,-0.006213721194057817,-0.5473024414395753,-0.004400757703553054,0.001005033034181757,-0.004330034521737011,0.0010993757551955863,-0.4016232659337246,-0.915983395643962,53.38553476041171,-83.42986771862748,26.635815146798272,-41.48977887444903,26.748875789391683,-41.94171939574025,26.692345468094977,-41.71574913509464,0.000843824221753664,0.0016305515618029176,-5.234892526379865,-46.908648746957525,-46.99886767810396,0.0014191676946016967,-0.07745347521573004,0.17163104146769115
1.5376,-0.20980697052230862,-0.7303928043336444,-0.19774155056889356,-0.18390506956930505,-0.19767070566069284,-0.18381265713806685,-0.20105127429959693,-0.7325230807671955,-0.00772299429615958,-0.547599079196734,-0.00441327056545622,0.0010189320011564362,-0.004342425657255483,0.0011113444323946897,-0.40313525052574595,-0.9153168059041059,53.222697722833985,-83.26157948163747,26.55446042457833,-41.40525330143643,26.66738606490076,-41.85796040696801,26.610923244739546,-41.63160685420222,0.0008512333548935658,0.0016342267669671173,-5.229882068161053,-46.87924678623155,-46.969822984336375,0.0014020470803202722,-0.07774638116597114,0.1723995272022023
1.5384,-0.21133112103683246,-0.7301906606863751,-0.19774348543765094,-0.18342293324121461,-0.19767256110744086,-0.1833324538566659,-0.20255044858611038,-0.7323469565418654,-0.009232761538925521,-0.54789111506518,-0.004425798390466085,0.001032908235470864,-0.004354874060256003,0.0011233876200195114,-0.4046488080840173,-0.9146465021630605,53.060686808650765,-83.09340873988214,26.47351752202669,-41.32078346338431,26.586310604858305,-41.77426320460105,26.529914063442497,-41.54752333399268,0.0008586817657700863,0.0016379281032214976,-5.224881748434732,-46.84983404324904,-46.94070075200077,0.0013846653133962792,-0.0780412926359269,0.17317350172308466
1.5392000000000001,-0.2128563391660754,-0.7299842753647443,-0.19774594575742108,-0.1829412300166183,-0.19767498413443593,-0.18285268522920006,-0.20405061810202144,-0.7321667434761471,-0.010743013688119918,-0.5481785517975365,-0.0044383413435195584,0.0010469616619922517,-0.0043673797205344145,0.0011355064494105171,-0.4061639435799769,-0.9139724670433549,52.89949678996162,-82.9253564811243,26.392983857669737,-41.23636983965287,26.50564676235006,-41.69062829719192,26.4493153100099,-41.463499068422394,0.0008661699418155422,0.0016416557204905757,-5.21989154995179,-46.82041020930758,-46.911501232258885,0.0013670288817024922,-0.0783382186769801,0.17395306959716095
1.54,-0.21438262288238,-0.7297736404423489,-0.19774893875255564,-0.18245995036297646,-0.19767798175648404,-0.18237334052444223,-0.20555178066570284,-0.7319824347081185,-0.012253741519521577,-0.5484613921315245,-0.0044508996063743755,0.0010610922136176648,-0.004379942610302778,0.0011477020521519221,-0.40768066202856124,-0.9132946830189431,52.73912247849078,-82.75742366903853,26.312856869773647,-41.152012898274926,26.425391910342988,-41.607056180532226,26.369124390058317,-41.37953453940358,0.0008736983741428617,0.0016454097686278146,-5.214911455438561,-46.79097495209366,-46.88222470114997,0.001349144343651915,-0.07863716818901767,0.17473833545341222
1.5408,-0.21590997018430996,-0.7295587479060481,-0.19775247168120386,-0.18197908467521454,-0.19768156098812295,-0.18189440894739878,-0.20705393412252987,-0.7317940232974744,-0.013764935818756513,-0.5487396387904546,-0.004463473377430499,0.0010752998318053208,-0.0043925626843495935,0.001159975559620996,-0.40919896848808335,-0.912613132413068,52.579558725223976,-82.58961124362186,26.23313401614146,-41.06771309615507,26.345543441525017,-41.52354733786424,26.289338728833236,-41.29563021700965,0.0008812675575029516,0.0016491903974440447,-5.209941447592671,-46.76152791616171,-46.85287145904681,0.0013310183244246668,-0.0789381499236716,0.17552940394605798
1.5416,-0.2174383790964875,-0.7293395896550875,-0.19775655183515572,-0.18149862327384955,-0.19768572884381042,-0.1814158796384608,-0.208557076344731,-0.7316015022247404,-0.01527658738112618,-0.5490132944837588,-0.004476062871550904,0.001089584467132032,-0.004405239880205594,0.001172328102520881,-0.41071886806009233,-0.9119277973960691,52.42080042004407,-82.42192012160203,26.153812773909063,-40.983470879268026,26.266098768144833,-41.4401022400909,26.209955771026948,-41.21178655967947,0.0008888779901710109,0.0016529977569064158,-5.204981509078262,-46.732068723384856,-46.82344183012031,0.0013126575118804786,-0.07924117248759384,0.17632637971462373
1.5424,-0.2189678476694269,-0.7291161575002184,-0.19776118653962985,-0.18101855640315534,-0.1976904923381104,-0.18093774167255516,-0.21006120523124305,-0.731404864390475,-0.016788687011464853,-0.5492823619074915,-0.0044886683198516325,0.001103946079828222,-0.004417974118332196,0.001184760810428398,-0.4122403658892051,-0.9112386599832021,52.26284249137116,-82.25435119683394,26.074890639343664,-40.899286682849905,26.18705532185328,-41.356721345980944,26.13097298059847,-41.128004014415424,0.0008965301742165366,0.0016568319969110235,-5.200031622521677,-46.70259697345408,-46.7939361617666,0.0012940686526157394,-0.07954624434607152,0.17712936734636742
1.5432000000000001,-0.22049837397936983,-0.7288884431628023,-0.19776638315302325,-0.1805388742293349,-0.1976958584858729,-0.18045998405827393,-0.21156631870756265,-0.7312041026144662,-0.018301225524018166,-0.5495468437448299,-0.004501289969478767,0.0011183846403014508,-0.0044307653023284155,0.0011972748113624476,-0.41376346716291434,-0.9105457020324387,52.10567990580432,-82.0869053406875,25.996365127643877,-40.81516093158402,26.108410553545106,-41.273405102370944,26.05238784059449,-41.04428301697748,0.0009042246153398992,0.00166069326746765,-5.195091770507117,-46.673112244388086,-46.76435482400217,0.001275258547995397,-0.079853373826905,0.1779384713402976
1.544,-0.2220299561281195,-0.7286564382739088,-0.19777214906664134,-0.1800595668386995,-0.19770183430241162,-0.17998259573700526,-0.21307241472559738,-0.7309992096349158,-0.019814193742331954,-0.5498067426665599,-0.004513928083375904,0.001132900129656389,-0.004443613319146195,0.0012098712313506343,-0.4152881771113849,-0.9098489052422647,51.94930766776748,-81.91958340242735,25.9182337727418,-40.73109403978266,26.03016193320265,-41.19015394436341,25.974197852972225,-40.96062399207304,0.0009119618230286619,0.0016645817187281864,-5.190161935572521,-46.64361409304362,-46.7346982088571,0.0012562340502754099,-0.08016256912438946,0.17875379607099262
1.5448,-0.2235625922428635,-0.728420134373404,-0.19777849170440312,-0.17958062423579688,-0.1977084268036778,-0.1795055655820319,-0.21457949126351186,-0.7307901781076189,-0.02132758249914722,-0.5500620613315971,-0.004526582940038493,0.001147492540224948,-0.00445651803931317,0.0012225511939899514,-0.41681450100722817,-0.9091482511494259,51.79372081915343,-81.75238620958933,25.840494127104122,-40.64708641156722,25.952306949738833,-41.106968295523046,25.896400538421478,-40.87702735354513,0.0009197423104723157,0.0016684975009297887,-5.185242100204862,-46.61410205562666,-46.70496672977065,0.0012370020584416446,-0.08047383830335073,0.17957544575133966
1.5455999999999999,-0.22509628047600877,-0.7281795229090265,-0.1977854185224786,-0.17910203634165303,-0.19771564300642794,-0.17902888239764364,-0.2160875463255765,-0.7305770006051319,-0.022841382636339363,-0.5503128023874309,-0.004539254833241468,0.0011621618760479513,-0.0044694793171908,0.00123531582005737,-0.4183424441652459,-0.9084437211267276,51.638914438977054,-81.58531456833975,25.76314376153912,-40.56313844103717,25.87484311084313,-41.02384856806714,25.818993436191125,-40.79349350455215,0.0009275665948038636,0.0016724407645511974,-5.180332246836605,-46.58457564825539,-46.67516082091134,0.001217569514528846,-0.08078718930377116,0.18040352440092988
1.5464,-0.2266310190049991,-0.7279345952354535,-0.19779293700893294,-0.17862379299191083,-0.19772348992838787,-0.17855253491820547,-0.21759657794200699,-0.7303596696159319,-0.02435558500484264,-0.5505589684706346,-0.004551944071768579,0.0011769081533865577,-0.004482496991223522,0.0012481662270918958,-0.4198720119421634,-0.9077352963807508,51.48488364302451,-81.41836926383662,25.686180265001163,-40.479250512441475,25.797767942826457,-40.94079516305546,25.74197410391381,-40.71002283774847,0.0009354351968866581,0.0016764116603127377,-5.175432357841105,-46.55503436748774,-46.6452809365414,0.0011979433994381411,-0.08110262994520405,0.18123813581067338
1.5472000000000001,-0.2281668060321371,-0.727685342613359,-0.1978010546833292,-0.1781458839350318,-0.19773197458841416,-0.17807651180724351,-0.21910658416880757,-0.7301381775435671,-0.025870180464600656,-0.5508005622073254,-0.0045646509791223006,0.0011917314012098723,-0.0044955708842072395,0.0012611035289982198,-0.42140320973634404,-0.9070229579496007,51.33162358350969,-81.2515510605786,25.60960124439929,-40.39542300034262,25.721078990468875,-40.8578084705751,25.665340117434084,-40.626615735458856,0.0009433486415204584,0.001680410339105265,-5.170542415528761,-46.52547769087626,-46.61532755034999,0.0011781307291227681,-0.081420167931469,0.1820793835095742
1.548,-0.22970363978440664,-0.7274317562084596,-0.19780977909628777,-0.17766829883051766,-0.19774110400664716,-0.17760080165650116,-0.22061756308760994,-0.7299125167058002,-0.02738515988454082,-0.5510375862136205,-0.0045773758932186465,0.001206631661662072,-0.004508700803578042,0.0012741288356785119,-0.4229360429874757,-0.9063066867006393,51.17912944873224,-81.08486070274547,25.53340432440765,-40.31165626977523,25.644773816867115,-40.77488886992249,25.58908907063738,-40.54327256984886,0.0009513074574769576,0.0016844369522459601,-5.165662402143165,-46.49590507754066,-46.58530115475057,0.0011581385507351376,-0.0817398108556555,0.18292737073468857
1.5488,-0.2312415185132855,-0.7271738270905478,-0.19781911782903014,-0.17719102724707372,-0.19775088520466502,-0.17712539298498087,-0.22212951280551102,-0.7296826793337363,-0.028900514142550682,-0.5512700430961148,-0.0045901191660697865,0.001221608990547851,-0.004521886541704684,0.0012872432526406796,-0.42447051717624584,-0.9055864633281694,51.027396462735716,-80.91829891453565,25.45758714727497,-40.22795067640373,25.568850003283195,-40.69203672978314,25.513218575279083,-40.45999370309343,0.0009593121775495206,0.0016884916512083237,-5.160792299856892,-46.46631596873503,-46.555202260198584,0.001137973938534677,-0.0820615662051915,0.183782200397701
1.5495999999999999,-0.2327804404945596,-0.7269115462325189,-0.19782907849288464,-0.17671405866088305,-0.19776132520562778,-0.1766502742379866,-0.22364243145490578,-0.7294486575709497,-0.030416234125476477,-0.5514979354522994,-0.00460288116345535,0.0012366634577671842,-0.004535127876198475,0.0013004478806636355,-0.4260066378239889,-0.9048622683511691,50.87641988497423,-80.751866400491,25.382147372640745,-40.14430656667202,25.493305148995006,-40.609252408407066,25.437726260817875,-40.376779487539544,0.0009673633384821301,0.0016925745880911336,-5.155932090768158,-46.43670978843982,-46.52503139446496,0.001117643990293096,-0.08238544136710763,0.18464397505806573
1.5504,-0.2343204040281338,-0.7266449045093821,-0.19783966872877679,-0.176237382453782,-0.1977724310344188,-0.17617543378613398,-0.22515631719331933,-0.7292104434725926,-0.03193231072912878,-0.5517212658710293,-0.004615662264586234,0.0012517951477812317,-0.004548424570228249,0.0013137438154292025,-0.42754441049232433,-0.9041340821109454,50.72619500997548,-80.5855638458205,25.307082677347886,-40.060724277953135,25.41813687114636,-40.52653625378247,25.362609774247122,-40.293630265867804,0.000975461481232287,0.0016966859151068547,-5.1510817568966525,-46.40708594393422,-46.494789101933314,0.001097155823205878,-0.08271144363341788,0.18551279689165767
1.5512000000000001,-0.2358614074378372,-0.7263738926972658,-0.19785089620667864,-0.17576098791153255,-0.19778420971778174,-0.1757008599243712,-0.22667116820323646,-0.7289680290045003,-0.03344873485830664,-0.5519400369329313,-0.004628462861748825,0.001267004160036611,-0.0045617763728519195,0.0013271321471978736,-0.42908384078276707,-0.903401884768835,50.57671716701244,-80.41939191671206,25.232390755261697,-39.97720413869186,25.343342804599953,-40.44388860380531,25.287866779930823,-40.21054637124858,0.0009836071507933752,0.0017008257851074404,-5.146241280180273,-46.377443826403834,-46.46447594286162,0.001076516570274198,-0.08303958020670199,0.18638876766414114
1.552,-0.23740344907122887,-0.7260985014724066,-0.1978627686250404,-0.17528486422204542,-0.1977966682844518,-0.17522654087096287,-0.22818698269192755,-0.7287214060422841,-0.03496549742683211,-0.5521542512108412,-0.004641283359944959,0.0012822906093974407,-0.00457518301935636,0.0013406139604800194,-0.4306249343363243,-0.9026656563038495,50.42798171977376,-80.25335126064118,25.158069317087634,-39.893746468545515,25.268920601789592,-40.361309786447194,25.213494959438613,-40.127528127496355,0.0009918008965357217,0.001704994351527489,-5.141410642471316,-46.34778281153373,-46.43409249264826,0.0010557333763993972,-0.08336985820586686,0.1872719887036851
1.5528,-0.23894652729939858,-0.7258187214101277,-0.19787529371018892,-0.1748090004736502,-0.19780981376528126,-0.17475246476647244,-0.2297037588912741,-0.7284705663704123,-0.03648258935760125,-0.5523639112702087,-0.004654124176516075,0.0012976546265534017,-0.004588644231608416,0.0013541903337311867,-0.43216769683307144,-0.9019253765103313,50.27998406603924,-80.0874425066707,25.084116090192857,-39.81035157851955,25.194867932574436,-40.27880011991927,25.139492011383645,-40.04457584921941,0.0010000432719508012,0.0017091917681284485,-5.136589825533141,-46.318102260122124,-46.403639341082936,0.0010348133946701896,-0.08370228467201227,0.18816256087569627
1.5535999999999999,-0.24049064051676572,-0.7255345429838105,-0.19788847921571906,-0.17433338565336137,-0.1978236531933622,-0.17427861967273575,-0.23122149505758863,-0.7282155016812847,-0.03800000158263654,-0.552569019669499,-0.004666985740766974,0.0013130963584243038,-0.004602159718410118,0.0013678623390498967,-0.4337121339917178,-0.901181024995596,50.132719637358804,-79.9216662657458,25.010528818429385,-39.72701977110105,25.121182484094454,-40.19635991283407,25.06585565126192,-39.961689841967555,0.0010083348349638754,0.0017134181893112554,-5.131778811036826,-46.28840151867805,-46.373117091606105,0.0010137637827095439,-0.08403686657435315,0.18906058455780794
1.5544,-0.24203578714086946,-0.7252459565638475,-0.19790233292183015,-0.17385800864514828,-0.19783819360414004,-0.17380499357180373,-0.23274018947143438,-0.7279562035742929,-0.03951772504316682,-0.5527695789605942,-0.004679868493562597,0.0013286159685504395,-0.004615729175872482,0.0013816310418949818,-0.435258251569137,-0.9004325811775462,49.98618389873189,-79.75602313098169,24.937305261958056,-39.64375134038733,25.0478619606259,-40.113989464364515,24.992583611291977,-39.878870402375924,0.0010166761479339925,0.0017176737701589673,-5.1269775805577265,-46.25867992005449,-46.34252636054331,0.0009925916988748884,-0.08437361081649365,0.18996615961631846
1.5552000000000001,-0.24358196561216605,-0.7249529524165886,-0.19791686263466274,-0.17338285822825641,-0.19785344203552616,-0.17333157436489327,-0.23425984043743922,-0.7276926635548749,-0.04103575068970819,-0.5529655916891569,-0.0046927728869317065,0.0013442136374615665,-0.004629352287795124,0.0013954975008247383,-0.4368060553598971,-0.8996800242823066,49.840372348294075,-79.5905136779441,24.864443197077115,-39.56054657221061,24.974904083439306,-40.031689064399835,24.91967364025821,-39.79611781830522,0.0010250677776539874,0.0017219586663372866,-5.1221861155726085,-46.22893678406175,-46.31186777633589,0.0009713042988014678,-0.08471252424273248,0.19087938538518756
1.556,-0.24512917439381085,-0.724655520703272,-0.1979320761856159,-0.17290792307548133,-0.19786940552799978,-0.1728583498713059,-0.23578044628410955,-0.7274248730335531,-0.04255406948215236,-0.5531570603950189,-0.00470569938365871,0.0013598895630528296,-0.0046430287260425945,0.0014094627672282534,-0.438355551195768,-0.8989233333418062,49.69528051700282,-79.42513846492695,24.791940416050053,-39.477405744261965,24.902306590657304,-39.94945899369932,24.84712350335368,-39.71343236898064,0.0010335102954641684,0.0017262730343361454,-5.11740439745629,-46.19917141807997,-46.28114197879917,0.0009499087316794637,-0.08505361364429566,0.19180036064327055
1.5568,-0.246677411971446,-0.7243536514789445,-0.19794798143061743,-0.17243319175149543,-0.1978860911247097,-0.17238530782733813,-0.2373020053636394,-0.7271528233249657,-0.044072672389879136,-0.5533439876125383,-0.004718648456857155,0.0013756439609319826,-0.0046567581509494305,0.0014235278850892041,-0.43990674494520626,-0.8981624871913718,49.550903968327916,-79.25989803322098,24.71979472693662,-39.39432912620881,24.830067237113894,-39.86729952404331,24.774930982025257,-39.63081432512606,0.0010420042774015315,0.001730617031142856,-5.11263240747871,-46.169383117699226,-46.25034961833231,0.0009284121367257739,-0.08539688576609547,0.1927291835951621
1.5575999999999999,-0.24822667685298017,-0.7240473346913691,-0.1979645862494045,-0.17195865271118543,-0.19790350587156486,-0.17191243588518468,-0.23882451605171817,-0.7268765056468856,-0.045591550391864494,-0.5535263758709422,-0.004731620589550817,0.00139147706475784,-0.004670540211711177,0.0014376938907586512,-0.44145964251283387,-0.8973974644673124,49.40723829794637,-79.09479290737771,24.64800395342691,-39.31131697981111,24.758183794215327,-39.78521091838138,24.703093873821118,-39.548263949096246,0.001050550304135811,0.0017349908147821225,-5.107870126802176,-46.139571167333315,-46.21949135516591,0.0009068216397675284,-0.08574234731318985,0.1936659518523811
1.5584,-0.24977696756836282,-0.72373656017992,-0.19798189854475354,-0.17148429429798312,-0.19792165681732338,-0.1714397216118146,-0.2403479767473322,-0.7265959111192292,-0.047110694476809045,-0.5537042276946758,-0.004744616274230382,0.001407389126570291,-0.004684374546800235,0.0014519618127388223,-0.44301424983888593,-0.8966282436044735,49.264279133437796,-78.92982359546815,24.57656593467551,-39.228369559033545,24.686654049801014,-39.70319343097846,24.63160999223826,-39.465781495006,0.0010591489612750138,0.0017393945438470837,-5.103117536478395,-46.10973484086176,-46.18856785857959,0.0008851443496847181,-0.08609000495769036,0.1946107624156923
1.5592000000000001,-0.25132828266936147,-0.7234213176744625,-0.19799992624171692,-0.17101010474224126,-0.1979405510136744,-0.1709671524878462,-0.24187238587256588,-0.726311030763053,-0.04863009564326802,-0.5538775456037139,-0.004757636012419075,0.0014233804170977193,-0.004698260784376518,0.0014663326714928204,-0.4445705728986593,-0.8958548028338016,49.12202213398642,-78.76499058933464,24.50547852514046,-39.145487110154605,24.615475808006885,-39.62124730755812,24.560477166573673,-39.38336720885636,0.0010678008390740956,0.0017438283780819575,-5.098374617446055,-46.07987340225041,-46.15757980613356,0.0008633873551631906,-0.08643986534556351,0.19556371165978703
1.56,-0.2528806207293265,-0.7231015967942247,-0.1980186772868251,-0.1705360721595761,-0.19796019551531052,-0.17049471590639514,-0.24339774187239835,-0.7260218554995375,-0.05014974489979461,-0.5540463321138954,-0.004770680314221357,0.0014394512260659242,-0.004712198542706783,0.0014808074792468373,-0.44612861770193024,-0.8950771201798667,48.980462990082245,-78.60029436483956,24.434739594420975,-39.062669871873666,24.544646889128337,-39.53937278544366,24.489693241774656,-39.30102132865866,0.001076506532932342,0.001748292477770974,-5.093641350527958,-46.04998610618302,-46.1265278829078,0.0008415577211891227,-0.08679193510360225,0.1965248953166565
1.5608,-0.25443398034295756,-0.7227773870466522,-0.1980381596472756,-0.170062184549269,-0.19798059737999887,-0.17002239917191206,-0.244924043214496,-0.7257283761489637,-0.05166963326508954,-0.5542105897372174,-0.004783749697869155,0.0014556018624772848,-0.004726187430592388,0.0014953872398342227,-0.447688390292364,-0.8942951734583985,48.83959742322864,-78.43573538210651,24.364347027100223,-38.97991807541392,24.474165129485137,-39.457570093697015,24.41925607829268,-39.21874408455547,0.001085266643279681,0.0017527870044204974,-5.088917716428691,-46.02007219869457,-46.09541278072371,0.0008196624858635054,-0.0871462208465159,0.19749440846314315
1.5615999999999999,-0.25598836012606574,-0.7224486778262491,-0.1980583813101018,-0.16958842979266273,-0.19800176366864386,-0.16955018949901388,-0.2464512883890047,-0.7254305834296715,-0.05318975176816239,-0.554370320982122,-0.004796844689259477,0.0014718326548867622,-0.004740227047801554,0.0015100729485356124,-0.4492498967469081,-0.8935089402737986,48.69942118565236,-78.2713140857566,24.294298722589048,-38.897231944622455,24.404028381287677,-39.37583945325444,24.34916355193836,-39.136535698938445,0.0010940817756406318,0.0017573121202900666,-5.084203695732357,-45.9901309178042,-46.064235197379105,0.0007977086571721655,-0.08750272918411052,0.19847234550829285
1.5624,-0.25754375871532986,-0.722115458413409,-0.1980793502813397,-0.1691147956515524,-0.19802370144534037,-0.1690780740112829,-0.24797947590833389,-0.7251284679570131,-0.05471009144849184,-0.5545255283537934,-0.004809965821497661,0.0014881439516672978,-0.004754316985498344,0.0015248655919368748,-0.4508131431751719,-0.8927183980166287,48.559930060015105,-78.10703090514198,24.22459259497113,-38.81461169606945,24.33423451250316,-39.29418107706133,24.279413553737143,-39.05439638656539,0.0011029525408190466,0.0017618679887903,-5.079499268900042,-45.96016149412739,-46.032995835897886,0.0007757032097402499,-0.08786146672844375,0.19945880018121898
1.5632000000000001,-0.2591001747680465,-0.7217777179732275,-0.1981010745851536,-0.16864126976663252,-0.19804641777742604,-0.16860603974006685,-0.24950860430693922,-0.7248220202422891,-0.05623064335620302,-0.5546762143544086,-0.0048231136344173975,0.0015045361212479569,-0.00476845682668986,0.0015397661478136482,-0.45237813571878266,-0.8919235238611081,48.42111985913124,-77.94288625457098,24.15522657285212,-38.732057539141735,24.264781406724218,-39.21259517020352,24.21000398978817,-38.97232635467263,0.0011118795548981097,0.0017664547742839432,-5.074804416267944,-45.93016315152437,-46.001695403754105,0.0007536530817929508,-0.0882224401012835,0.20045386552251898
1.564,-0.2606576069618797,-0.7214354455543062,-0.19812356226297478,-0.16816783965591728,-0.19806991973552157,-0.16813407362325294,-0.25103867214110165,-0.7245112306916743,-0.05775139855224248,-0.5548223814834051,-0.004836288674115619,0.001521009552351904,-0.004782646146662406,0.001554775585016266,-0.45394488055073884,-0.8911242947625754,48.28298642568626,-77.77888053353146,24.086198599209197,-38.649569676136494,24.19566696303754,-39.13108193003717,24.140932781123368,-38.89032580308683,0.0011208634395245554,0.001771072642199556,-5.070119118045139,-45.900135107707946,-45.970334612132866,0.0007315651720640543,-0.08858565594137552,0.20145763387486681
1.5648,-0.26221605399460435,-0.7210886300875364,-0.19814682137260242,-0.16769449271319375,-0.19809421439356836,-0.16766216250403274,-0.25256967798870456,-0.7241960896051306,-0.05927234810856906,-0.5549640322377203,-0.00484949149246694,0.0015375646542166166,-0.004796884513432853,0.0015698948633775522,-0.45551338387473983,-0.8903206874549467,48.1455256319595,-77.61501412690724,24.01750663124354,-38.56714830235038,24.12688909589425,-39.04964154631593,24.072197863568896,-38.80839492433316,0.0011299048217097152,0.0017757217590741448,-5.065443354311702,-45.87007657487813,-45.938914175172705,0.0007094463367930969,-0.08895112091202974,0.20247019687573697
1.5655999999999999,-0.26377551458384646,-0.7207372603848744,-0.19817085998731462,-0.1672212162064928,-0.19811930882885567,-0.16719029312964684,-0.2541016204490022,-0.7238765871753081,-0.06079348310833918,-0.5551011691120215,-0.004862722646651607,0.0015542018567938909,-0.004811171488192656,0.0015851249336398254,-0.45708365192450945,-0.8895126784481611,48.00873337955066,-77.45128740519142,23.949148640235393,-38.48479360616747,24.058445734981046,-38.96827420131653,24.00379718760822,-38.726533903742,0.001139004334220317,0.0017804022925815843,-5.060777105016909,-45.83998676032959,-45.90743480922845,0.0006873033868670546,-0.08931884170856037,0.2034916454520328
1.5664,-0.2653359874668144,-0.7203813251380965,-0.19819568619494213,-0.16674799727654688,-0.19814521012204214,-0.16671845215011413,-0.2556344981423881,-0.7235527134864329,-0.06231479464610912,-0.5552337945989342,-0.004875982698663156,0.0015709216109518476,-0.004825506625763171,0.001600466737384565,-0.45865569096309333,-0.8887002440255951,47.87260559910747,-77.28770072469476,23.881122611399732,-38.402505769144284,23.99033482509216,-38.88698006996203,23.935728718245947,-38.64474291955315,0.0011481626155784852,0.0017851144115468287,-5.056120349977356,-45.80986486707581,-45.87589723213274,0.0006651430848192245,-0.08968882506598148,0.20452206981451582
1.5672000000000001,-0.2668974714000285,-0.7200208129175457,-0.19822130809695734,-0.1662748229352914,-0.19817192535717035,-0.16624662611694785,-0.257168309710157,-0.7232244585131803,-0.0638362738280289,-0.5553619111892434,-0.004889272214829293,0.0015877243886455172,-0.004839889475042269,0.0016159212069890572,-0.4602295072821566,-0.8878833602414826,47.73713825005919,-77.12425442774993,23.813426543745983,-38.320284966092956,23.92255432600312,-38.805759319942986,23.86799043487455,-38.563022143017974,0.0011573803100901614,0.0017898582860169654,-5.051473068875443,-45.779710094452845,-45.84430216247591,0.0006429721421365663,-0.0900610777665322,0.20556155945482146
1.568,-0.2684599651590473,-0.7196557121708558,-0.19824773380752642,-0.1658016800643722,-0.19819946162167285,-0.16577480148185736,-0.25870305381426373,-0.7228918121195389,-0.06535791177205588,-0.5554855213720825,-0.00490259176531857,0.0016046106830841511,-0.004854319579465,0.0016314892655989732,-0.46180510720125517,-0.8870620029183122,47.60232732035225,-76.96094884291004,23.746058449939095,-38.23813136516069,23.855102212345056,-38.7246121118365,23.800580331142076,-38.481371738498595,0.0011666580681009009,0.0017946340871475286,-5.046835241257922,-45.749521638733,-45.8126503188727,0.0006207972165187363,-0.09043560664752173,0.20661020314400957
1.5688,-0.2700234675381858,-0.7192860112216679,-0.19827497145257214,-0.16532855541364685,-0.1982278260063731,-0.16530296459542193,-0.2602387291370797,-0.722554764057656,-0.06687969960816012,-0.5556046276351275,-0.004915941923652578,0.0016215810088815452,-0.00486879647745353,0.0016471718271064972,-0.4633824970671054,-0.8862361476441963,47.468168826188005,-76.7977842851455,23.679016356162105,-38.156045127909195,23.787976473479915,-38.643538599223774,23.733496414821012,-38.399791863566485,0.0011759965459816613,0.0017994419874725054,-5.042206846534318,-45.719298693723935,-45.78094241926175,0.0005986249091563124,-0.09081241860897692,0.2076680889311433
1.5695999999999999,-0.27158797735022816,-0.718911698268325,-0.19830302916881845,-0.16485543559970978,-0.19825702560547354,-0.16483110170576193,-0.2617753343811396,-0.7222133039666732,-0.06840162847853788,-0.5557192324647632,-0.0049293232662167286,0.0016386359022001473,-0.004883319702871841,0.001662969796147995,-0.4649616832528298,-0.885405769770235,47.334658811765024,-76.63476105603537,23.61229830198156,-38.0740264093908,23.72117511337711,-38.5625389288053,23.666736707679334,-38.31828266909805,0.0011853964063561762,0.0018042821607338055,-5.037587863975679,-45.689040451358906,-45.749179180205,0.0005764617621362084,-0.09119152062144409,0.2087353041438007
1.5704,-0.27315349342613915,-0.7185327613825554,-0.19833191510282303,-0.16438230710444043,-0.19828706751654304,-0.1643591989571873,-0.26331286826888967,-0.7218674213715471,-0.06992368953783137,-0.5558293383462374,-0.004942736371764733,0.0016557759208692957,-0.00489788878548475,0.0016788840681224437,-0.4665426721571974,-0.884570844407865,47.201793349024456,-76.4718794439543,23.545902340215118,-37.992075358222046,23.654696150491255,-38.48161324051415,23.600299245353185,-38.2368442993681,0.0011948583180867445,0.0018091547819096832,-5.0329782727134145,-45.65874610229657,-45.71736131618675,0.0005543142559357129,-0.09157291973386719,0.20981193539040532
1.5712000000000002,-0.27472001461476436,-0.7181491885081386,-0.19836163741001253,-0.16390915627354918,-0.1983179588404892,-0.16388724238882535,-0.2648513295424262,-0.7215171056818563,-0.07144587395334441,-0.5559349477638102,-0.004956181820930772,0.001673001644496963,-0.004912503251407407,0.0016949155292207974,-0.46812547020384615,-0.8837313464261848,47.069568537398126,-76.30913972425712,23.47982653680109,-37.910192116656596,23.588537617640476,-38.400761667627876,23.534182077220784,-38.15547689214223,0.0012043829565584474,0.0018140600273426344,-5.0283780517381516,-45.62841483649835,-45.68548953893992,0.0005321888069511545,-0.09195662308137312,0.2108980685635231
1.572,-0.2762875397825291,-0.7177609674595541,-0.1983922042536981,-0.16343596931513205,-0.19834970668152765,-0.16341521793323877,-0.2663907169632322,-0.721162346190594,-0.07296817290526778,-0.5560360632008887,-0.004969660195733722,0.0016903136745733405,-0.0049271626235632415,0.0017110650564666208,-0.4697100838404935,-0.8828872504492595,46.937980503559565,-76.14654215945855,23.414068970669653,-37.82837682065526,23.52269756188626,-38.31998433687806,23.468383266277957,-38.07418057876666,0.0012139710036507267,0.0018189980747678192,-5.0237871798987,-45.598045843808976,-45.65356455677023,0.0005100917650515547,-0.09234263789322475,0.21199378884398357
1.5728,-0.27785606781313105,-0.717368085920615,-0.19842362380410003,-0.16296273229824756,-0.19838231814714025,-0.16294311141502094,-0.2679310293119098,-0.7208031320729449,-0.0744905775869003,-0.5561326871401457,-0.004983172079090492,0.0017077126345516613,-0.004941866422130736,0.0017273335177782623,-0.47129651953814056,-0.8820385308534141,46.807025401178954,-75.98408699940995,23.34862773361696,-37.74662959995471,23.457174044414074,-38.23928136855836,23.40290088901552,-37.992955484256534,0.0012236231479150206,0.0018239691031141092,-5.019205635901205,-45.567638314521595,-45.62158707390363,0.00048802941129998253,-0.0927309715006405,0.213099180706962
1.5735999999999999,-0.2794255976072263,-0.7169705314430846,-0.1984559042373484,-0.16248943115150458,-0.19841580034802642,-0.16247090854937749,-0.26947226538790586,-0.7204394523850505,-0.07601307920487867,-0.5562248220636266,-0.0049967180543211975,0.001725199169919367,-0.004956614164999235,0.0017437217720464582,-0.47288478379025345,-0.8811851617645086,46.676699410680854,-75.82177448147146,23.28350093018092,-37.66495057813368,23.391965140415113,-38.158652876630605,23.337733035298015,-37.91180172738214,0.0012333400848234533,0.0018289732928167268,-5.01463339830837,-45.537191439947904,-45.58955778982821,0.00046600795569797426,-0.0931216313447944,0.21421432792956807
1.5744,-0.2809961280821087,-0.7165682914452781,-0.19848905373449463,-0.16201605166163804,-0.19845016039804447,-0.16199859494068664,-0.271014424009232,-0.7200712960627565,-0.0775356689794008,-0.556312470452855,-0.005010298704663463,0.001742773948263554,-0.004971405368213305,0.0017602306692148795,-0.47447488311193997,-0.8803271170551796,46.54699873900407,-75.65960483068268,23.218686677518463,-37.58333987267879,23.327068938968992,-38.078098968829586,23.272877808243727,-37.83071942075419,0.001243122516612516,0.0018340108257035581,-5.010070445538634,-45.50670441296421,-45.55747739866929,0.0004440335349240926,-0.09351462498470803,0.21533931359820713
1.5752000000000002,-0.28256765817138374,-0.7161613532106429,-0.19852308048050735,-0.16154257947212972,-0.1984854054141452,-0.16152615608104376,-0.27255750401218065,-0.7196986519203473,-0.07905833814445593,-0.5563956347889084,-0.005023914612782648,0.0017604376593092774,-0.004986239546420468,0.001776861050395151,-0.4760668240391085,-0.8794643703420819,46.41791961936649,-75.49757825992789,23.154183105286208,-37.50179759504712,23.262483542927612,-37.997619746765665,23.20833332410691,-37.749708670906394,0.0012529711526667597,0.001839081884895677,-5.005516755865722,-45.476176428566035,-45.5253465885569,0.00042211221028841135,-0.09390996010521493,0.2164742201197214
1.576,-0.2841401868246365,-0.7157497038863252,-0.19855799266327517,-0.1610690000818073,-0.19852154251629636,-0.16105357734878972,-0.27410150425103763,-0.7193215086492641,-0.08058107794805129,-0.5564743175524961,-0.005037566360288848,0.0017781910149606839,-0.0050011162133100084,0.0017936137479782621,-0.4776606131276228,-0.8785968949830932,46.2894583110315,-75.33569497009938,23.08998835552202,-37.42032385072849,23.19820706879989,-37.917215306025945,23.144097712160956,-37.668769578377216,0.00126288670958985,0.0018441866550489294,-5.000972307418064,-45.44560668439858,-45.49316604102536,0.0004002499656483616,-0.09430764452486078,0.21761912923145132
1.5768,-0.28571371300709525,-0.7153333304817184,-0.198593798472594,-0.16059529884346715,-0.19855857882739822,-0.16058084400701725,-0.27564642359778485,-0.7189398548168091,-0.08210387965244394,-0.5565485212240215,-0.005051254527253107,0.0017960347493203854,-0.005016034882057291,0.0018104895857702918,-0.4792562569524361,-0.877724664074506,46.16161109907749,-75.17395515025717,23.02610058252873,-37.33891873930536,23.1342376466375,-37.836885736274,23.080169114583114,-37.58790223778968,0.0012728699112614095,0.0018493253221834038,-4.996437078178381,-45.41499438128811,-45.46093643040693,0.00037845270543251106,-0.09470768620393383,0.2187741220139401
1.5776,-0.2872882356992823,-0.714912219866992,-0.19863050609915914,-0.16012146096250138,-0.19859652147318876,-0.16010794120205926,-0.2771922609418014,-0.71855367886483,-0.08362673453436789,-0.5566182482836307,-0.005064979691725646,0.0018139696186979526,-0.005030995065755273,0.0018274893791400126,-0.48085376210671577,-0.8768476504481912,46.03437429417098,-75.01235897778555,22.962517952760287,-37.257582354511705,23.07057341992168,-37.7566311213476,23.016545686340983,-37.507106737929654,0.0012829214890146545,0.0018544980737544847,-4.991911045983396,-45.38433872376465,-45.42865842325433,0.0003567262526989952,-0.09511009325234232,0.2199392789046044
1.5784,-0.2888637538966667,-0.7144863587716039,-0.19866812373355722,-0.15964747149553785,-0.198635377582141,-0.15963485396196367,-0.27873901518955685,-0.7181629691083942,-0.08514963388526266,-0.5566835012112483,-0.005078742429263011,0.001831996401608027,-0.005045996277846826,0.0018446139351822044,-0.4824531352009609,-0.8759658266687498,45.90774423234272,-74.85090661854665,22.89923864470979,-37.17631478429013,23.007212545451097,-37.67645153935524,22.953225595080443,-37.426383161822685,0.0012930421818353466,0.0018597050987239072,-4.9873941885236475,-45.35363892056515,-45.39633267776856,0.00033507634735203306,-0.09551487393758627,0.2211146797125707
1.5792000000000002,-0.2904402666093011,-0.7140557337827949,-0.19870665956525113,-0.15917331534907425,-0.19867515428535018,-0.15916156719494332,-0.2802866852642989,-0.7177677137344428,-0.08667256901149935,-0.55674428248661,-0.0050925433124515695,0.001850115898758553,-0.0050610380325506465,0.001861864052889406,-0.4840543828621007,-0.8750791650306275,45.78171727476595,-74.68959822703184,22.83626084879898,-37.09511611084826,22.944153193230548,-37.59634706277102,22.890207021014763,-37.345731586809634,0.0013032327364257412,0.0018649465874318594,-4.982886483343302,-45.32289418513677,-45.36395984324691,0.00031350864430824396,-0.09592203669264843,0.22230040363456283
1.58,-0.2920177728614583,-0.7136203313440616,-0.1987461217815648,-0.15869897727813476,-0.19871585871641037,-0.15868806568780924,-0.2818352701057347,-0.71736790080043,-0.08819553123460892,-0.5568005945892738,-0.005106382910439022,0.001868328933021468,-0.005076119845284555,0.001879240523346981,-0.4856575117325841,-0.8741876375552178,45.65628980753833,-74.52843394650908,22.773582767270298,-37.01398641071285,22.881393546360712,-37.51631775852802,22.827488156815505,-37.26515208462044,0.001313493907318275,0.0018702227317959341,-4.978387907840167,-45.29210373612653,-45.33154055953656,0.0002920287118249125,-0.09633159012395628,0.22349652927272246
1.5808,-0.2935962716912599,-0.7131801377536134,-0.198786518566671,-0.15822444188492105,-0.19875749801128306,-0.1582143341043865,-0.2833847686697096,-0.7169635182329445,-0.0897185118915077,-0.5568524399986252,-0.005120261788469138,0.0018866363493982852,-0.00509124123308119,0.001896744129932737,-0.4872625284694617,-0.8732912159879327,45.53145824146649,-74.36741390916825,22.711202614080467,-36.93292575478332,22.8189318009289,-37.43636368811,22.765067207504686,-37.18464472144666,0.0013238264571171499,0.0018755337250695447,-4.973898439265753,-45.26126679785851,-45.299075456511474,0.0002706420298687054,-0.09674354301924593,0.22470313465299796
1.5816,-0.2951757621502935,-0.7127351391628098,-0.19882785810057743,-0.1577496936174778,-0.19880007930815324,-0.15774035698390682,-0.2849351799278742,-0.7165545538263144,-0.09124150233471852,-0.5568998211938698,-0.0051341805074217595,0.0019050390149668028,-0.005106401714997544,0.0019143756485377472,-0.4888694397434492,-0.8723898717952545,45.40721901185368,-74.20653823626374,22.649118614796322,-36.85193420838385,22.75676616590078,-37.35648490764202,22.70294239034855,-37.10420955801294,0.001334231156576493,0.0018808797621403528,-4.9694180547254305,-45.230382600803225,-45.266565153560535,0.00024935398854991414,-0.09715790435541796,0.2259202972451817
1.5824,-0.2967562433032266,-0.7122853215745765,-0.19887014855811033,-0.15727471676834456,-0.19884360974727755,-0.15726611873938526,-0.2864865028673483,-0.7161409952411971,-0.09276449393259349,-0.5569427406540219,-0.005148139623355558,0.0019235378188306451,-0.0051216008125227475,0.0019321358477900064,-0.49047825223798136,-0.8714835761617516,45.28356857828927,-74.0458070382548,22.58732900649163,-36.77101183131455,22.694894863012912,-37.276681467979444,22.64111193475227,-37.023846649647,0.0013447087847282546,0.0018862610392034185,-4.964946731178578,-45.1994503820313,-45.23401025909034,0.00022816988658558445,-0.09757468330642392,0.22714809398348734
1.5832000000000002,-0.2983377142274094,-0.7118306708418018,-0.19891339810790196,-0.1567994954732398,-0.19888809647081995,-0.15679160365597408,-0.2880387364903772,-0.7157228300031491,-0.09428747806953235,-0.5569812008578685,-0.005162139687057116,0.001942133672040769,-0.005136838049975084,0.0019500254893064506,-0.49208897264825424,-0.8705722999870824,45.16050342444268,-73.88522041494238,22.52583203764716,-36.69015867790097,22.633316126666443,-37.196953414795495,22.579574082156803,-36.943556046348235,0.001355260129074054,0.0018916777540880503,-4.960484445439026,-45.168469385663535,-45.20141137004121,0.0002070949299226804,-0.09799388925105737,0.2283866012896567
1.584,-0.2999201740124736,-0.7113711726657174,-0.19895761491138156,-0.15632401370972476,-0.19893354662267898,-0.15631679588930053,-0.289591879813982,-0.7153000455011788,-0.09581044614619753,-0.5570152042839355,-0.005176181243597089,0.0019608275075186365,-0.005152112954894511,0.001968045327942758,-0.49370160768025806,-0.8696560138829608,45.03802005785885,-73.72477845560472,22.4646259680514,-36.60937479704315,22.57202820382173,-37.11730078866758,22.518327085936566,-36.86333779285536,0.0013658859857201833,0.0018971301060020096,-4.956031174175383,-45.13743886330004,-45.1687690714239,0.00018613423035928407,-0.09841553178073256,0.229635895095754
1.5848,-0.30150362175992046,-0.7109068125942508,-0.19900280712176158,-0.15584825529587845,-0.19897996734830184,-0.15584167946377783,-0.29114593186960425,-0.7148726289862805,-0.09733338957973064,-0.5570447534104375,-0.005190264831888003,0.0019796202799645113,-0.005167425058428238,0.0019861961120651306,-0.49531616404979406,-0.8687346881700937,44.91611500975666,-73.56448123912952,22.40370906870346,-36.528660232263185,22.511029353893676,-37.03772362516208,22.45736921129857,-36.78319192871263,0.0013765871595197154,0.0019026182957446736,-4.951586893911552,-45.10635807444615,-45.136083935866495,0.00016529280422362158,-0.09883962070725838,0.23089605086903475
1.5856,-0.3030880565827016,-0.7104375760203647,-0.19904898288303155,-0.15537220388897324,-0.19902736579448876,-0.15536623827090237,-0.2927008917027393,-0.714440567569955,-0.09885629980396028,-0.5570698507152221,-0.0052043909842525715,0.0019985129657597023,-0.005182773895709758,0.002004478583830571,-0.4969326484814806,-0.8678082928750976,44.79478483483002,-73.40432883414476,22.343079621717727,-36.44801502175213,22.450317848648126,-36.958221954918145,22.396698735182927,-36.703118488335136,0.0013873644641648752,0.001908142525508083,-4.9471515810272395,-45.07522628691726,-45.10335652317796,0.0001445755711764903,-0.09926616607053973,0.23216714363789492
1.5864,-0.3046734776047909,-0.7099634481803704,-0.19909615032895359,-0.15489584298415923,-0.19907574910918682,-0.15489045606752685,-0.2942567583725681,-0.714003848222704,-0.1003791682696093,-0.5570904986756942,-0.005218560225994789,0.0020175065628506017,-0.005198159006228026,0.0020228934794830344,-0.4985510677077497,-0.8668767977273802,44.67402611105259,-73.24432129914635,22.28273592023067,-36.3674391984156,22.389891972099406,-36.87879580372969,22.33631394616504,-36.62311750107264,0.0013982187225138887,0.0019137029989337861,-4.94272521175872,-45.04404277724116,-45.070587379928774,0.00012398735304451896,-0.09969517814622633,0.23344924801881461
1.5872000000000002,-0.30625988396074666,-0.7094844141522226,-0.1991443175820567,-0.15441915591313293,-0.19912512444127045,-0.1544143164741114,-0.29581353095157636,-0.7135624577725129,-0.10190198644449794,-0.5571066997687456,-0.005232773074978242,0.0020366020906343874,-0.005213579934192025,0.0020414415296559074,-0.500171428467825,-0.8659401721559898,44.553835439483336,-73.08445868262463,22.222676268308476,-36.28693278991905,22.32975002040834,-36.79944519262685,22.276213144358408,-36.54318899127295,0.0014091507665199288,0.0019192999212691575,-4.938307762199425,-45.0128068310406,-45.03777703904565,0.00010353287269776274,-0.10012666745338765,0.23474243824435348
1.588,-0.3078472747952687,-0.7090004588537909,-0.1991934927526393,-0.15394212584282185,-0.19917549894031256,-0.1539378029729571,-0.2973712085251698,-0.7131163829033097,-0.10342474581374331,-0.5571184564706608,-0.005247030041212852,0.002055800589827017,-0.005229036228886069,0.002060123459691754,-0.5017937375066952,-0.8649983852864398,44.4342094440764,-72.92474102318774,22.162898980857257,-36.20649581873148,22.269890301781583,-36.72017013795539,22.216394641319418,-36.46333297834344,0.0014201614375650706,0.0019249334991400247,-4.933899208300835,-44.981517743405355,-45.00492601942051,8.321675305071137e-05,-0.10056064476205423,0.2360467881925956
1.5888,-0.3094356492627432,-0.7085115670411101,-0.19924368393777325,-0.15346473577405934,-0.19922687975634185,-0.1534608989064138,-0.2989297901912819,-0.7126656101534069,-0.104947437879955,-0.5571257712570219,-0.0052613316264463195,0.0020751031223256167,-0.00524452744501494,0.002078939989971218,-0.5034180015740701,-0.8640514059374951,44.31514477149253,-72.76516834968365,22.103402383534473,-36.12612830216887,22.21031113637154,-36.64097065145541,22.15685675995301,-36.38354947681214,0.0014312515865100295,0.0019306039406359332,-4.92949952587331,-44.95017481925299,-44.97203482553921,6.304351606520934e-05,-0.10099712110076194,0.23736237141741867
1.5896,-0.3110250065267786,-0.7080177233066085,-0.19929489922030946,-0.15298696854025798,-0.19927927403958962,-0.15298358747506882,-0.3004892750599706,-0.7122101259139243,-0.10647005416342506,-0.5571286466026031,-0.005275678323763938,0.002094510771063318,-0.005260053143044091,0.0020978918362524746,-0.5050442274233241,-0.8630992026179298,44.196638090913225,-72.6057406813201,22.044184812661975,-36.04583025243662,22.151010856177344,-36.56184674033879,22.09759783441966,-36.303838496387705,0.0014424220739073235,0.0019363114553101468,-4.925108690587027,-44.91877737367413,-44.93910394712093,4.301758185750908e-05,-0.10143610776403786,0.23868926117998512
1.5904,-0.31261534575973415,-0.7075189120773127,-0.19934714666789094,-0.15250880680608472,-0.19933268894022393,-0.15250585173591377,-0.30204966225301044,-0.7117499164271891,-0.10799258620231486,-0.5571270849812516,-0.005290070617195386,0.002114024639852774,-0.005275612889528353,0.00211697971002367,-0.5066724218104297,-0.8621417435232501,44.0786860938579,-72.44645802778219,21.985244615140978,-35.965601676671206,22.09198780494672,-36.48279840736517,22.03861621004385,-36.22420004201819,0.0014536737702002256,0.001942056254193858,-4.920726677973039,-44.88732473226696,-44.906133858776045,2.314326785545874e-05,-0.10187761631982839,0.2400275304813988
1.5912000000000002,-0.31420666614223547,-0.7070151176130296,-0.19940043433196733,-0.15203023306612717,-0.19938713160807084,-0.15202767460048727,-0.3036109509034735,-0.71128496778512,-0.1095150255528354,-0.5571210888657676,-0.005304508981329198,0.00213364585322523,-0.0052912062574327345,0.0021362043188651314,-0.5083025914928736,-0.861178996532382,43.96128549400264,-72.28732038934884,21.926580148368306,-35.88544257698134,22.03324033807865,-36.40382565091727,21.97991024322348,-36.14463411394931,0.0014650075556801312,0.0019478385497819772,-4.916353463424292,-44.85581623145623,-44.87312501967843,3.4247880038987253e-06,-0.10232165861684703,0.24137725209629934
1.592,-0.3157989668626837,-0.7065063240045059,-0.19945477024681507,-0.15155122964356008,-0.19944260919232365,-0.1515490388329973,-0.3051731401553041,-0.7108152659275859,-0.11103736378942455,-0.5571106607277672,-0.005318993880935485,0.002153375556258663,-0.005306832826444091,0.0021555663668214042,-0.5099347432285632,-0.8602109292043245,43.84443302700228,-72.12832775700669,21.86818978015433,-35.8053529504881,21.97476682252695,-36.32492846507449,21.921478301340642,-36.065140707781296,0.0014764243209981487,0.0019536585559052355,-4.911989022196844,-44.824251218800015,-44.84007787325354,-1.6133747948942896e-05,-0.10276824679193734,0.24273849860756513
1.5928,-0.3173922471167529,-0.7059925151715626,-0.1995101624285614,-0.15107177868880245,-0.19949912884123921,-0.15106992704841848,-0.30673622916288557,-0.7103407966407485,-0.11255959250491893,-0.557095803037545,-0.00533352577059476,0.0021732149144009782,-0.005322492183272576,0.002175066554784888,-0.5115688837747195,-0.8592375087747659,43.72812545031401,-71.96948011256275,21.810071888642412,-35.725332789364806,21.916565636704647,-36.24610683968588,21.86331876267353,-35.98571981452534,0.0014879249669519368,0.001959516487929136,-4.907633329411002,-44.79262905328415,-44.80699284688211,-3.5528335123590393e-05,-0.1032173932772689,0.24411134244198252
1.5936,-0.3189865061068774,-0.7054736748612069,-0.19956661887421498,-0.15059186217817455,-0.19955669770182102,-0.15059032171056813,-0.3083002170905954,-0.7098615455553804,-0.1140817033107184,-0.5570765182639223,-0.005348105094337974,0.002193165113283546,-0.0053381839219440175,0.0021947055808899107,-0.5132050198867544,-0.8582587021526651,43.612359543024105,-71.81077742875517,21.752224862229934,-35.645382080876,21.858635170389256,-36.16736076044172,21.805430016309593,-35.90637142065886,0.0014995104049191355,0.0019654125625407914,-4.903286360052669,-44.760949105600204,-44.77387035161817,-5.475507409274074e-05,-0.10366911080755539,0.24549585590730771
1.5944,-0.32058174304172843,-0.7049497866457185,-0.19962414756069793,-0.15011146191254238,-0.19961532291948908,-0.15011020513015885,-0.30986510311235343,-0.7093774981451629,-0.11560368783694742,-0.55705280887409,-0.005362732285291938,0.002213227358530412,-0.0053539076440830835,0.0022144841409140192,-0.5148431583171345,-0.8572744759167914,43.49713210567662,-71.6522196693622,21.69464709949068,-35.56550080741597,21.800973824628986,-36.08869020894417,21.74781046205983,-35.82709550818007,0.001511181556956842,0.001971346997947876,-4.8989480889746435,-44.72921075841239,-44.740710781922786,-7.381017145407233e-05,-0.1041234124271925,0.24689211122969823
1.5952000000000002,-0.32217795713567926,-0.7044208339207114,-0.19968275644388586,-0.1496305595159583,-0.19967501163773613,-0.1496295594628262,-0.3114308864111599,-0.7088886397249621,-0.11712553773260859,-0.5570246773334445,-0.005377407765334519,0.002233402875559287,-0.005369662959184812,0.0022344029286913702,-0.5164833058142306,-0.856284796312229,43.38243996010432,-71.49380678930994,21.637337009098808,-35.48568894654671,21.743580011649605,-36.0100951627768,21.690458510374206,-35.747892054661754,0.0015229393559081927,0.0019773200135659863,-4.894618490898034,-44.69741340660994,-44.707514515413685,-9.268994030275639e-05,-0.1045803114972971,0.24830018059279269
1.596,-0.32377514760826126,-0.703886799903171,-0.19974245345765224,-0.14914913643429079,-0.1997357709977704,-0.1491483667071336,-0.312997566178625,-0.7083949554490844,-0.11864724466573182,-0.5569921261054156,-0.005392131944759043,0.002253692909378102,-0.005385449484877208,0.002254462636535226,-0.5181254691211544,-0.8552896292468399,43.268279949261974,-71.33553873477828,21.580293009754122,-35.405946471035456,21.686452154762193,-35.93157559557318,21.633372582258158,-35.66876103330432,0.0015347847456581576,0.0019833318303597025,-4.890297540413695,-44.66555645754362,-44.67428191262798,-0.00011139080066731433,-0.10503982170269657,0.24972013617744437
1.5968,-0.3253733136836076,-0.703347667629465,-0.1998032465129164,-0.14866717393384699,-0.19979760813814443,-0.14866660870255272,-0.3145651416144895,-0.7078964303095054,-0.12016880032351815,-0.5569551576512853,-0.005406905221945063,0.0022740987243731192,-0.00540126684717307,0.002274663955667333,-0.5197696549745789,-0.8542889402876851,43.154648937061864,-71.17741544330508,21.5235135301088,-35.32627334889143,21.629588688271852,-35.853131477084226,21.576551109190326,-35.589702412987826,0.0015467186812117006,0.0019893826705725814,-4.88598521198376,-44.633639331253434,-44.641013316801626,-0.0001299092798914605,-0.10550195705888875,0.2511520502023643
1.5976,-0.3269724545898852,-0.7028034199533285,-0.19986514349669973,-0.1481846530999836,-0.19986053019436895,-0.1481842671274188,-0.31613361192613276,-0.7073930491340805,-0.12169019641247465,-0.5569137744300032,-0.005421727983041608,0.002294621604093605,-0.005417114680710822,0.0022950075766584033,-0.5214158701035434,-0.8532826946574057,43.04154380821144,-71.01943684388945,21.466997008695493,-35.246669543402454,21.572988057386937,-35.77476277324481,21.519992533041215,-35.51071615832363,0.001558742129013524,0.001995472757812422,-4.881681479943193,-44.60166146067587,-44.60770905366264,-0.0001482420129580704,-0.10596673191884844,0.25259599496604324
1.5984,-0.32857256955871506,-0.7022540395438231,-0.19992815227118374,-0.14770155483570738,-0.19992454429851347,-0.14770132349686213,-0.3177029763280736,-0.7068847965847287,-0.12321142465854572,-0.5568679788979911,-0.005436600601655878,0.0023152628510301754,-0.0054329926289855834,0.0023154941898753667,-0.523064121228243,-0.8522708572305606,42.92896146805321,-70.86160285709312,21.410741893856777,-35.16713501317095,21.516648718129467,-35.69646944623915,21.46369530599312,-35.43180222970505,0.0015708560669693838,0.002001602316980211,-4.877386318501417,-44.569622291843025,-44.574369431238566,-0.00016638574275912904,-0.1064341609798382,0.2540520428892137
1.5992000000000002,-0.33017365782458025,-0.7016995088832696,-0.1999922806727764,-0.14721785986026348,-0.19998965757879103,-0.1472177591607144,-0.31927323404145863,-0.7063716571555965,-0.12473247680723572,-0.5568177735089441,-0.005451523438553513,0.0023360237863888633,-0.005448900344568103,0.002336124485938007,-0.5247144150588032,-0.8512533925299219,42.81689884240667,-70.70391339514077,21.35474664367591,-35.08766971214959,21.460569137246054,-35.618251454565566,21.40765789046098,-35.35296058335758,0.0015830614847089919,0.00200777157438381,-4.873099701743977,-44.5375212840638,-44.54099473967943,-0.00018433732031069335,-0.10690425929012698,0.2555202665585625
1.6,-0.33177571862422134,-0.7011398102651515,-0.2000575365111816,-0.14673354870771083,-0.2000558771591287,-0.14673355530138815,-0.3208443842935416,-0.7058536151711955,-0.12625334462372634,-0.556763160713624,-0.005466496841366297,0.0023569057498606383,-0.0054648374893133955,0.0023568991561833674,-0.5263667582940366,-0.8502302647227229,42.70535287741236,-70.54636836201884,21.299009725908917,-35.00827358967653,21.404747792119643,-35.54010875309988,21.35187875901428,-35.2741911713882,0.0015953593837991775,0.002013980757567424,-4.868821603634267,-44.505357910093636,-44.50758525109382,-0.00020209370493022355,-0.10737704225557936,0.2570007387713247
1.6008,-0.3333787511960221,-0.7005749257919938,-0.200123927568475,-0.14624860172548387,-0.2001232101587227,-0.14624869293173198,-0.3224164263171526,-0.7053306547845148,-0.12777401989298853,-0.5567041429596464,-0.005481521144310886,0.0023779100993845947,-0.005480803734558615,0.002377818893136485,-0.5280211576201862,-0.8492014376168622,42.59432053937779,-70.38896765357286,21.243529617917783,-34.92894659051017,21.349183170682174,-35.462041293158066,21.296356394299977,-35.195493941834116,0.0016077507778362587,0.002020230095368447,-4.864551998015277,-44.4731316562891,-44.474141219399456,-0.00021965196434349483,-0.1078525256462563,0.2584935325803599
1.6016,-0.33498275477937767,-0.7000048373732118,-0.2001914615981847,-0.14576299907293938,-0.2001916636915778,-0.14576315289285913,-0.3239893593501539,-0.7048027599751113,-0.12929449441988453,-0.5566407226912624,-0.005496596667915327,0.002399038210909643,-0.00549679876130843,0.0023988843909898416,-0.529677619709647,-0.8481668746570608,42.48379881462576,-70.23171115760394,21.18830480660508,-34.84968865486374,21.29387377132796,-35.38404902255813,21.24108928896652,-35.116868838710936,0.0016202366927160483,0.0020265198179316712,-4.860290858611437,-44.44084202274935,-44.44066288018837,-0.0002370092747644815,-0.10833072560290016,0.2599987213407644
1.6024,-0.33658772861405284,-0.6994295267229311,-0.2002601463243774,-0.14527672071988784,-0.2002612448660314,-0.14527691585194932,-0.3255631826348867,-0.7042699145471747,-0.13081476002926537,-0.5565729023491344,-0.005511723718756079,0.0024202914781525364,-0.005512822260410055,0.0024200963460910274,-0.5313361512196741,-0.8471265389209715,42.37378470934423,-70.07459875396371,21.133333788349745,-34.77049971843945,21.238818102827707,-35.30613188568084,21.186075945588726,-35.03831580206015,0.0016328181667759623,0.0020328501565813895,-4.856038159030439,-44.40848852344219,-44.40715045060368,-0.0002541629209067458,-0.10881165864330163,0.2615163787570225
1.6032000000000002,-0.338193671939525,-0.6988489753577808,-0.20032998944074892,-0.14478974644510864,-0.20033196078426085,-0.1447899623000249,-0.3271378954176044,-0.7037321021275648,-0.1323348085660598,-0.556500684370106,-0.005526902589204352,0.0024416713123501244,-0.005528873932716255,0.00244145545743385,-0.5329967587910696,-0.8460803931152396,42.26427524943853,-69.91763031464816,21.078615068943996,-34.69137971246246,21.184014684243564,-35.22828982352977,21.13131487659378,-34.959834767996114,0.0016454962509726556,0.0020392213440629803,-4.8517938727651675,-44.37607068631813,-44.37360412923261,-0.0002711102959620096,-0.10929534166865701,0.263046578930755
1.604,-0.339800583994314,-0.6982631645946562,-0.20040099860972063,-0.14430205583484743,-0.20040381854177577,-0.14430227254969852,-0.32871349694789626,-0.7031893061638259,-0.13385463189535693,-0.5564240711869681,-0.005542133557181278,0.0024631791420103855,-0.005544953489236448,0.002462962427159321,-0.5346594490468534,-0.845028399571514,42.155267480385184,-69.76080570389055,21.024147163531417,-34.6123285637143,21.129462044844637,-35.15052277379032,21.076804604188027,-34.881425668752314,0.0016582720091307124,0.0020456336140739495,-4.847557973195622,-44.34358805341049,-44.34002409601115,-0.00028784890152662023,-0.10978179196980398,0.2645893964098889
1.6048,-0.3414084640152994,-0.6976720755484501,-0.20047318146153933,-0.14381362828129368,-0.200476825226892,-0.14381382673289358,-0.33028998647809804,-0.7026415099221714,-0.13537422190248305,-0.5563430652282171,-0.005557416885924316,0.002484816412660573,-0.005561060651277011,0.0024846179610607533,-0.5363242285909144,-0.8439705202424044,42.04675846708775,-69.60412477825253,20.96992859654616,-34.533346194566306,21.07515872402346,-35.07283067088795,21.02254366028481,-34.80308843272713,0.0016711465181273866,0.0020520872017328884,-4.843330433590901,-44.311040180919925,-44.30641051214187,-0.0003043763474903749,-0.11027102723340568,0.26614490623802567
1.6056,-0.34301731123702045,-0.697075689129757,-0.2005465455933839,-0.14332444298104247,-0.20055098792019083,-0.14332460479853842,-0.33186736326269045,-0.702088696485447,-0.1368935704930681,-0.5562576689178116,-0.005572752823761518,0.002506584586592975,-0.005577195150568454,0.0025064227690970164,-0.5379911040066429,-0.8429067166973925,41.938745293734456,-69.44758738671496,20.91595790165335,-34.45443252301259,21.021103271213082,-34.99521344604558,20.968530586433218,-34.724822984529084,0.0016841208680205,0.0020585823432099914,-4.839111227111222,-44.27842663928757,-44.27276352002512,-0.00032069035185684113,-0.11076306554800837,0.26771318400525956
1.6064,-0.34462712489096314,-0.6964739860425434,-0.2006210985684738,-0.14283447893353196,-0.20062631369395886,-0.1428345865102295,-0.33344562655768445,-0.7015308487510616,-0.13841266959310747,-0.5561678846749218,-0.005588141603896785,0.0025284851426078947,-0.005593356729381882,0.0025283775659103447,-0.5396600818555402,-0.8418369501186833,41.83122506365774,-69.29119337076717,20.862233621690443,-34.3755874627029,20.967294245804936,-34.91767102734022,20.91476393374769,-34.64662924502156,0.001697196162361081,0.0020651192759402193,-4.834900326809971,-44.24574701325345,-44.23908324320212,-0.00033678874056074947,-0.11125792541008953,0.26929430589933645
1.6072000000000002,-0.34623790420483075,-0.6958669467817897,-0.20069684791518452,-0.14234371493946188,-0.20070280961161205,-0.14234375144386924,-0.3350247756199933,-0.7009679494288931,-0.13993151114901373,-0.5560737149136759,-0.005603583444205001,0.002550519575755361,-0.005609545140632499,0.0025504830713479754,-0.5413311686758103,-0.8407611812970069,41.72419489919564,-69.13494256449543,20.80875430860975,-34.29681092297532,20.913730217067595,-34.84020333975865,20.861242262838672,-34.568507131366985,0.0017103735182928403,0.0020716982385380334,-4.830697705635814,-44.213000901901054,-44.20536978631252,-0.0003526694472149509,-0.11175562572994736,0.27088834875752354
1.608,-0.34784964840179994,-0.6952545516310985,-0.20077380112616508,-0.14185212959918983,-0.20078048272710142,-0.14185207898527194,-0.3366048097067936,-0.7003999810391678,-0.1414500871276635,-0.5559751620429023,-0.005619078547035028,0.0025726893970757225,-0.005625760147971365,0.002572740010993557,-0.54300437098093,-0.839679370627364,41.61765194155456,-68.9788347946703,20.755518523421905,-34.218102808888474,20.860409764065842,-34.76281030525242,20.807964143743874,-34.490456557070445,0.0017236540668150724,0.0020783194705842334,-4.826503336434786,-44.18018791869068,-44.17162323506151,-0.0003683305128120112,-0.1122561858375595,0.27249539011984325
1.6088,-0.3494623566997624,-0.6946367806602705,-0.2008519656574603,-0.1413597013111032,-0.20085934008430043,-0.1413595483277423,-0.33818572807487135,-0.6998269259103073,-0.1429683895164365,-0.5558722284658661,-0.005634627099025458,0.002594996133337968,-0.005642001525865581,0.002595149116698836,-0.5446796952581971,-0.8385914781047117,41.51159335067433,-68.82286988083284,20.702524836140377,-34.1394630212538,20.807331475580906,-34.685491842791954,20.75492815586064,-34.41247743202288,0.0017370389530526609,0.002084983212924385,-4.822317191952487,-44.147307691476485,-44.13784365620064,-0.00038377008541419446,-0.11275962548836,0.27411550828247755
1.6096,-0.3510760283105475,-0.6940136137228494,-0.20093134892763773,-0.14086640826996774,-0.20093938871637484,-0.14086613846962331,-0.3397675299799544,-0.6992487661767515,-0.14448641032324466,-0.5557649165800049,-0.005650229270928009,0.002617441326778769,-0.0056582690596651,0.002617711127123279,-0.5463571479672573,-0.837497463319596,41.40601630509438,-68.66704763538024,20.649771825726962,-34.060891456667626,20.75449395003111,-34.60824786842003,20.70213288787904,-34.33456966254383,0.0017505293363058172,0.0020916897074130247,-4.81813924483623,-44.114359862512266,-44.10403109752026,-0.0003989864197720424,-0.11326596486889604,0.2757487823521103
1.6104,-0.3526906624391292,-0.6933850304536315,-0.2010119583169153,-0.14037222846524997,-0.20102063564513273,-0.1403718282118139,-0.34135021467603033,-0.698665483776748,-0.14600414157655578,-0.5556532287766578,-0.005665885217440714,0.0026400265348401897,-0.005674562545658179,0.002640426788276251,-0.5480367355386038,-0.8363972854537217,41.30091800182204,-68.51136786365029,20.597258080038245,-33.98238800754295,20.701895795393362,-34.531078295304354,20.649576937715803,-34.25673315142365,0.0017641263904337734,0.0020984391970131355,-4.813969467637289,-44.08134408844474,-44.070185587853544,-0.0004139778769380913,-0.11377522460243905,0.27739529230112225
1.6112000000000002,-0.35430625828281664,-0.6927510102661432,-0.2010938011662952,-0.1398771396794173,-0.20110308788035655,-0.13987659615525755,-0.3429337814146504,-0.6980770604501156,-0.14752157532540766,-0.555537167440792,-0.0056815950770524315,0.0026627533299063977,-0.005690881791113794,0.0026632968540660773,-0.5497184643720594,-0.8352909032754668,41.196295656202416,-68.35583036400494,20.5449821957731,-33.90395256214118,20.649535629125353,-34.453983033789584,20.597258912449227,-34.178967797965385,0.0017778313039613636,0.002105231925824569,-4.80980783281314,-44.04826004029242,-44.03630713709107,-0.0004287429237995392,-0.11428742575450004,0.2790551190234112
1.612,-0.35592281503042744,-0.6921115323500842,-0.20117688477669826,-0.13938111948620388,-0.20118675241911474,-0.1393804206983971,-0.3445182294442184,-0.6974834777359743,-0.1490387036394164,-0.5554167349507287,-0.005697358971896271,0.0026856232990416506,-0.005707226614312777,0.0026863220868484916,-0.5514023408352294,-0.8341782751353297,41.09214650178948,-68.20043492791322,20.492942778420748,-33.82558500460374,20.59741207808834,-34.37696199144836,20.545177428254544,-34.101273498026046,0.0017916452803916627,0.0021120681388708817,-4.805654312729709,-44.01510740341233,-44.00239573620806,-0.0004432801326282294,-0.11480258983826128,0.2807283443907238
1.6128,-0.35754033186144313,-0.6914665756687327,-0.20126121640810055,-0.1388841452488545,-0.2012716362450552,-0.13888328003460054,-0.3461035580092664,-0.6968847169704464,-0.1505555186087769,-0.555291933677862,-0.005713177007611037,0.002708638043729894,-0.005723596844565693,0.002709503257983803,-0.5530883712619326,-0.8330593589613171,40.988467790219126,-68.04518134003283,20.441138442210107,-33.74728521498329,20.545523778470663,-34.30001507313176,20.493331110340385,-34.02365014405753,0.0018055695383552006,0.0021189480822272344,-4.801508879663701,-43.98188587745555,-43.9684513573005,-0.0004575881805582614,-0.11532073881994066,0.28241505131009603
1.6136,-0.3591588079451464,-0.6908161189563207,-0.20134680327867654,-0.13838619411833913,-0.20135774632767692,-0.13838515214955374,-0.3476897663497122,-0.6962807592843258,-0.15207201234425255,-0.5551627659863768,-0.005729049273216907,0.0027317991796098617,-0.005739992322217252,0.0027328411483952264,-0.554776561950606,-0.8319341122542696,40.88525679108384,-67.8900693782914,20.389567810059923,-33.66905306927528,20.493869375712045,-34.22314218101909,20.441718592885984,-33.94609762514719,0.0018196053118728628,0.002125872002977758,-4.797371505804913,-43.94859517630782,-43.934473953634765,-0.00047166584902305457,-0.11584189512403048,0.28411532378171955
1.6144,-0.3607782424397394,-0.6901601407153672,-0.20143365256393675,-0.13788724303153138,-0.20144508962158303,-0.13788601481862145,-0.3492768537001025,-0.695671585600717,-0.15358817697716104,-0.5550292342329657,-0.005744975840995287,0.002755108336219836,-0.005756412898641594,0.0027563365491298786,-0.5564669191626808,-0.8308024920831185,40.78251079180846,-67.73509881396669,20.338229513529466,-33.590888439448946,20.442447524428385,-34.14634321466694,20.390338518978925,-33.868615827057944,0.0018337538506116857,0.0021328401492013427,-4.793242163258563,-43.915235028019815,-43.90046345970368,-0.00048551202320297406,-0.11636608163852852,0.28582924695746215
1.6152000000000002,-0.3623986344914421,-0.68949861921398,-0.201521771395873,-0.13738726870936416,-0.201533673065711,-0.13738584560417486,-0.35086481928883867,-0.6950571766326392,-0.1551040046593484,-0.5548913407665401,-0.005760956766382691,0.002778567156734968,-0.005772858436220718,0.0027799902619242145,-0.5581594491209324,-0.8296644550800791,40.68022709752797,-67.58026941176607,20.28712219277045,-33.512791193478535,20.391256888337395,-34.069618071057484,20.339189540553924,-33.791204632268006,0.001848016420119336,0.002139852769943218,-4.78912082404769,-43.881805174724995,-43.86641979129749,-0.0004991256914015478,-0.11689332172000272,0.2875569072001838
1.616,-0.3640199832335741,-0.6888315324831185,-0.20161116686210215,-0.13688624765494667,-0.20162350358254422,-0.13688462185288755,-0.35245366233738806,-0.6944375128806008,-0.1566194875631579,-0.5547490879279426,-0.005776992087871968,0.00280217729771165,-0.005789328808314065,0.002803803099770741,-0.5598541580078042,-0.8285199574357767,40.57840303096632,-67.4255809299053,20.236244496479454,-33.43476119537425,20.34029614018486,-33.99296664464619,20.28827031833216,-33.71386392001022,0.0018623943020017464,0.0021469101151438963,-4.785007460115521,-43.84830537254533,-43.83234284558117,-0.0005125059443907771,-0.1174236391986413,0.28929839214345066
1.6168,-0.3656422877856149,-0.6881588583138156,-0.20170184600501065,-0.13638415615165217,-0.2017145880772999,-0.13638232069299425,-0.35404338205947766,-0.6938125746301381,-0.15813461788139102,-0.5546024780496537,-0.005793081826923979,0.0028259404288323298,-0.005805823899213247,0.0028277758874901693,-0.5615510519637016,-0.8273689548943001,40.47703593231701,-67.27103312018622,20.18559508185131,-33.35679830521306,20.289563961671405,-33.91638882740884,20.237579521761358,-33.63659356631095,0.0018768887942925971,0.002154012435681807,-4.780902043327898,-43.81473539148508,-43.7982325011825,-0.0005256519747467571,-0.1179570583831893,0.2910537907523576
1.6176,-0.3672655472522424,-0.6874805742543678,-0.20179381582089861,-0.13588097026116852,-0.2018069334370961,-0.135878919031519,-0.3556339776602692,-0.693182341949321,-0.15964938782725846,-0.5544515134555007,-0.005809225987887884,0.002849858232651825,-0.005822343604085345,0.002851909462301405,-0.5632501370852532,-0.8262114027481882,40.37612315912475,-67.11662572807421,20.13517261453305,-33.2789023791697,20.239059043380102,-33.839884508887906,20.18711582895658,-33.5593934440288,0.0018915012115954255,0.002161159983387506,-4.776804545475682,-43.78109501531461,-43.76408861829113,-0.0005385630761563195,-0.11849360406580431,0.2928231933844927
1.6184,-0.36888976072235363,-0.6867966576074798,-0.2018870832591245,-0.13537666582151459,-0.20190054653009684,-0.13537439355146694,-0.35722544833551834,-0.6925467946862256,-0.16116378963432532,-0.5542961964603619,-0.0058254245579314745,0.0028739324043491332,-0.0058388878289038215,0.0028762046743966985,-0.5649514194235467,-0.8250472558333435,40.27566208616882,-66.96235849277458,20.084975768578747,-33.20107326954723,20.18878008470471,-33.76345357623824,20.13687792664173,-33.482263422892736,0.0019062328853607369,0.0021683530108873583,-4.772714938277216,-43.747384041440554,-43.72991103876478,-0.0005512386426696221,-0.1190333015268612,0.29460669185161237
1.6192000000000002,-0.3705149272680607,-0.6861070854273731,-0.20198165522125186,-0.134871218445026,-0.20199543420463445,-0.1348687207089819,-0.35881779327071334,-0.6919059124663706,-0.16267781555644384,-0.5541365293698679,-0.00584167750698239,0.0028981646514766868,-0.00585545649036498,0.0029006623875207915,-0.5666549049823302,-0.8238764685238757,40.17565010534814,-66.80823114730846,20.03500322640538,-33.12331082480791,20.138725793778555,-33.6870959142723,20.086864510091967,-33.405203369540104,0.0019210851642057492,0.002175591771745644,-4.768633193380825,-43.71360228076614,-43.69569958624557,-0.0005636781679247253,-0.11957617653962044,0.2964043794824818
1.62,-0.3721410459436672,-0.6854118345168556,-0.20207753856018537,-0.13436460351628973,-0.20209160328830628,-0.13436187673046512,-0.36041101164019795,-0.6912596746901174,-0.16419145786768674,-0.5539725144801091,-0.005857984787674159,0.0029225566937185476,-0.005872049515795064,0.002925283479543239,-0.5683605997161784,-0.8226989947268639,40.076084625566374,-66.65424341858794,19.985253678748403,-33.04561488960373,20.08889488740384,-33.610811405504464,20.037074283076123,-33.328213147554095,0.0019360594141275556,0.0021828765202513978,-4.764559282367213,-43.67974955754268,-43.6614540662864,-0.0005758812444106965,-0.12012225537487681,0.29821635118523204
1.6208,-0.3737681157846241,-0.6847108814243451,-0.20217474007931988,-0.133856796190058,-0.20218906058705385,-0.1338538376096625,-0.3620051026062744,-0.6906080605300376,-0.16570470886226238,-0.5538041540773311,-0.005874346335307867,0.0029471102626485446,-0.005888666843041845,0.002950068843043996,-0.5700685095286362,-0.8215147878770517,39.976963072620116,-66.50039502749046,19.935725824619357,-32.967985304807,20.039286090982,-33.534599930195114,19.98750595780068,-33.25129261750106,0.00195115701875892,0.0021902075116599917,-4.7604931767520515,-43.645825709204814,-43.62717426648243,-0.0005878475625773295,-0.12067156480550392,0.3000427035115365
1.6216,-0.37539613580645753,-0.6840042024408562,-0.2022732665316709,-0.13334777138910703,-0.20228781288421105,-0.13334457910471054,-0.36360006531828637,-0.6899510489282384,-0.16721756085443096,-0.5536314504376385,-0.005890762067815525,0.002971827101492852,-0.005905308420355637,0.0029750193858893437,-0.5717786402703129,-0.8203238009314562,39.878282889086925,-66.34668568893262,19.886418371262923,-32.890421907540826,19.98989813844428,-33.4584613663937,19.9381582548536,-33.17444163696726,0.0019663793797235485,0.0021975850018947085,-4.756434847988426,-43.61183058620368,-43.59285995661506,-0.0005995769100759743,-0.12122413211091206,0.3018835347203037
1.6224,-0.3770251050036787,-0.6832917735969429,-0.20237312461901755,-0.13283750380206605,-0.20238786693953306,-0.13283407673514802,-0.3651958989116823,-0.6892886185936566,-0.1687300061784052,-0.5534544058266928,-0.005907231885740466,0.002996708964897843,-0.005921974206255953,0.00300013603181587,-0.5734909977369558,-0.8191259863639069,39.78004153421549,-66.19311511194357,19.83733003411546,-32.8129245312097,19.94072977218324,-33.38239558998157,19.88902990314935,-33.097660060595636,0.0019817279167924085,0.0022050092477030603,-4.752384267469384,-43.57776405181979,-43.55851088880204,-0.000611069170828659,-0.12177998508143101,0.30373894484270636
1.6232,-0.3786550223486644,-0.6825735706595999,-0.20247432099102955,-0.1323259678811992,-0.20248922948819922,-0.13232230577888843,-0.36679260250705775,-0.688620747999311,-0.17024203718824668,-0.5532730224994116,-0.00592375567221845,0.0030217576187001605,-0.0059386641693881526,0.0030254197210108913,-0.5752055876674754,-0.8179212961594993,39.682236483816794,-66.03968299973755,19.788459536763703,-32.73549300552996,19.891779742984795,-33.306402474714204,19.84011963987425,-33.02094774012208,0.0019972040682958436,0.002212480506614156,-4.748341406530484,-43.54362598197678,-43.52412679765514,-0.0006223243241714224,-0.12233915202265237,0.30560903574726694
1.624,-0.3802858867905201,-0.681849569129116,-0.2025768622443981,-0.1318131378401466,-0.20259190723978868,-0.13180924126915294,-0.36839017520918027,-0.6879474153795162,-0.1717536462577568,-0.5530873026996663,-0.005940333292974609,0.003046974839703287,-0.005955378288365204,0.0030508714106969315,-0.5769224157419436,-0.8167096818089659,39.584865230156254,-65.88638904978572,19.73980561090422,-32.65812715656002,19.843046809960704,-33.23048189226249,19.791426210432462,-32.94430452441125,0.0020128092913296314,0.002219999036782383,-4.744306236452307,-43.50941626503612,-43.48970740044638,-0.000633342443941666,-0.12290166175963928,0.30749391120579617
1.6248,-0.3819176972539105,-0.6811197442358887,-0.2026807549219609,-0.1312989876516231,-0.2026959068772333,-0.131294857991367,-0.3699886161059873,-0.6872685987270606,-0.17326482578035182,-0.5528972486599797,-0.005956964596325387,0.0030723624154578855,-0.005972116551597795,0.003076492075713977,-0.578641487579546,-0.8154910943029696,39.487925281847815,-65.73323295388782,19.691366996303636,-32.58082680673097,19.794529740482048,-33.154633712253975,19.74294836839284,-32.867730259492475,0.0020285450621315704,0.0022275650971295136,-4.740278728463078,-43.47513480158732,-43.455252397282145,-0.0006441236975201338,-0.12346754364109565,0.3093936769598429
1.6256,-0.3835504526378702,-0.6803840709371901,-0.20278600551181822,-0.1307834910450682,-0.20280123505574252,-0.13077913048001352,-0.3715879242675684,-0.6865842757903406,-0.17477556816893894,-0.5527028626012245,-0.005973649413188703,0.003097922144047971,-0.005988878957113031,0.003102282709102566,-0.5803628087364997,-0.8142654841263062,39.3914141637482,-65.58021439824277,19.643142440758993,-32.50359177487677,19.7462273101129,-33.078857802313216,19.694684875435946,-32.79122478859499,0.0020444128763088543,0.0022351789472025985,-4.736258853741175,-43.440781504229015,-43.420761471283214,-0.0006546683448988847,-0.12403682754345885,0.31130844078754194
1.6264,-0.38518415181458554,-0.6796425239138881,-0.2028926204464485,-0.13026662150425436,-0.2029078984017024,-0.13026203301544922,-0.3731880987451211,-0.6858944240704568,-0.17628586585577788,-0.5525041467323206,-0.0059903875571052645,0.0031236558338817444,-0.006005665512359176,0.0031282443226868795,-0.5820863847039288,-0.8130328012520243,39.295329416853214,-65.42733306351919,19.595130700059123,-32.42642187626469,19.698138302545,-33.00315402810173,19.64663450130206,-32.714787952183215,0.002060414249093867,0.00224284084724502,-4.732246583417746,-43.40635629733833,-43.38623428877351,-0.0006649767376817118,-0.12460954387492935,0.31323831257094525
1.6272,-0.38681879362814836,-0.6788950775671218,-0.20300060610181278,-0.129748352264845,-0.20301590351154689,-0.12974353962067814,-0.3747891385698841,-0.6851990208182677,-0.1777957112923364,-0.5523011032499332,-0.006007178824265075,0.003149565303489532,-0.00602247623399918,0.003154377947656384,-0.5838122209056961,-0.8117929951354562,39.19966859819487,-65.27458862492493,19.547330537946262,-32.34931692262564,19.65026150953276,-32.9275222533574,19.59879602373951,-32.63841958799152,0.0020765507158486685,0.0022505510581112276,-4.728241888579289,-43.371859116834386,-43.35167049947506,-0.0006750493181018771,-0.1251857235793819,0.3151834043641202
1.6280000000000001,-0.3884543768932872,-0.6781417060149263,-0.20310996879645785,-0.12922865631190972,-0.203125256950602,-0.12922362405808266,-0.3763910427520512,-0.6844980430314034,-0.1793050969491393,-0.5520937343381687,-0.006024022993545902,0.0031756523813250004,-0.006039311147690074,0.0031806846351520868,-0.5855403226961992,-0.810546014708161,39.10442928073967,-65.12198075227637,19.4997407260785,-32.27227672218427,19.60259573082896,-32.85196233993334,19.55116822845373,-32.562119531058805,0.002092823832214208,0.002258309841238315,-4.724244740270279,-43.33728990993063,-43.31706973670882,-0.0006848866179713288,-0.12576539814027068,0.3171438304618732
1.6288,-0.3900909003940627,-0.6773823830888157,-0.203220714790602,-0.12870750637737877,-0.20323596525190113,-0.1287022598261153,-0.3779938102796542,-0.6837914674512352,-0.18081401531560687,-0.5518820421682784,-0.0060409198265546915,0.0032019189055779718,-0.006056170287853824,0.003207165456841521,-0.5872706953581099,-0.8092918083717725,39.00960905328779,-64.96950911006729,19.452360043992158,-32.19530107968962,19.555139774121102,-32.776474147836325,19.50374990905663,-32.48588761376297,0.0021092351745295446,0.002266117458646022,-4.720255109495708,-43.30264863488167,-43.28243161760377,-0.0006944892576906335,-0.12634859958441486,0.319119707468019
1.6296,-0.3917283628825435,-0.6766170823303098,-0.20333285028522552,-0.12818487493746303,-0.20334803491497333,-0.1281794201559439,-0.3795974401174297,-0.6830792705598021,-0.18232245889988716,-0.5516660288983525,-0.006057869067683019,0.003228366723986631,-0.0060730536974308025,0.003233821505505663,-0.589003344100086,-0.8080303239917594,38.91520552037385,-64.81717335753677,19.40518727906546,-32.11838979644499,19.507892454968317,-32.70105753526462,19.456539867016886,-32.4097236658548,0.0021257863400805377,0.0022739741728230456,-4.716272967223778,-43.26793526071935,-43.24775574331067,-0.0007038579451305989,-0.12693536048573642,0.3211111543657239
1.6304,-0.39336676307744495,-0.6758457769874163,-0.2034463814211384,-0.12766073421000868,-0.20346147240459975,-0.12765507800805598,-0.38120193120565476,-0.6823614285766928,-0.1838304202286808,-0.5514456966730222,-0.00607487044416441,0.0032549976936618874,-0.006089961427625773,0.0032606538956145847,-0.5907382740544189,-0.8067615088910869,38.82121630216833,-64.66497314873688,19.358221226481966,-32.041542670338394,19.46085259673885,-32.62571235864531,19.40953691161041,-32.33362751449185,0.002142478947511961,0.0022818802468265176,-4.712298284388476,-43.23314976698482,-43.213041699222494,-0.0007129934746016153,-0.12752571396893728,0.3231182925868836
1.6312,-0.39500609966273925,-0.6750684400110605,-0.20356131427804802,-0.12713505615180645,-0.20357628414954282,-0.12712920606881756,-0.38280728245895773,-0.6816379174558868,-0.18533789184705307,-0.5512210476231616,-0.006091923666143362,0.003281813680918677,-0.006106893537638158,0.0032876637639076,-0.5924754902746439,-0.8054853098437855,38.727639034380324,-64.5129081326002,19.311460689194963,-31.964759495872947,19.414019030548165,-32.55043847267147,19.362739859871564,-32.25759898427221,0.002159314637196985,0.0022898359442109495,-4.708331031892223,-43.198292143448484,-43.17828905520138,-0.0007218967257361603,-0.12811969371307377,0.32514124608286465
1.6320000000000001,-0.39664637128624036,-0.674285044051463,-0.20367765487361247,-0.12660781245584435,-0.20369247654124323,-0.12660177674698608,-0.38441349276510695,-0.680908712882543,-0.18684486631824582,-0.5509920838655877,-0.006109028426751317,0.003308816561110872,-0.0061238500943820995,0.0033148522699691374,-0.5942149977331015,-0.804201673068418,38.63447136816118,-64.36097795300627,19.26490447789203,-31.888040064196847,19.367390595197662,-32.47523573033835,19.316147536544847,-32.1816378972676,0.0021762950714858675,0.002297841528928757,-4.7043711806084945,-43.163362389825735,-43.14349736581073,-0.0007305686623760849,-0.12871733395511165,0.32718014139544493
1.6328,-0.3982875765581488,-0.6734955614544681,-0.2037954091624809,-0.12607897454850822,-0.20381005593248772,-0.12607276217018037,-0.3860205609837664,-0.6801737902697498,-0.18835133622347328,-0.5507588075027646,-0.00612618440218779,0.0033360082184769047,-0.006140831172194577,0.003342220596804779,-0.5959568013184419,-0.8029105442214532,38.54171097000932,-64.20918224884798,19.218551410960185,-31.811384163133788,19.320966137114,-32.400103982979466,19.269758774037093,-32.10574407305663,0.002193421935132278,0.0023058972652734155,-4.700418701384491,-43.12836051548629,-43.10866617055167,-0.0007390103314396045,-0.12931866949339457,0.3292351077280671
1.6336,-0.3999297140495708,-0.6726999642578149,-0.2039145830353212,-0.12554851358671815,-0.20392902863604265,-0.12554213418130017,-0.3876284859452299,-0.6794331247552219,-0.18985729416171843,-0.5505212206225092,-0.006143391251809682,0.003363390545994549,-0.006157836852531157,0.0033697699514124713,-0.5977009058330822,-0.8016118683905276,38.44935552167564,-64.0575206540973,19.172400314451146,-31.734791577213166,19.274744510288823,-32.32504308030222,19.223572412369982,-32.02991732875769,0.0022106969356769923,0.002314003418078414,-4.696473565043718,-43.09328653915487,-43.07379499410692,-0.0007472228618046502,-0.1299237356910598,0.3313062770177453
1.6344,-0.40157278229100113,-0.6718982241873563,-0.20403518231784296,-0.12501640045502033,-0.2040494009232591,-0.12500986433490105,-0.38923726644912393,-0.6786866911979528,-0.1913627327495115,-0.5502793252976939,-0.006160648618230569,0.0033909654452385918,-0.006174867223646685,0.003397501565357841,-0.5994473159906135,-0.8003055900876153,38.357402720070915,-63.90599279787078,19.12645002204775,-31.65826208770026,19.22872457621937,-32.250052870422856,19.17758729913356,-31.954157479061557,0.002228121803796057,0.0023221602523335605,-4.692535742388733,-43.05814048860548,-43.038883346589614,-0.0007552074631005602,-0.13053256847934105,0.3333937840077681
1.6352,-0.4032167797707714,-0.6710903126532259,-0.20415721276979007,-0.12448260576260695,-0.20417117902264167,-0.12447592389352159,-0.3908469012630797,-0.677934464174818,-0.19286764462070968,-0.5500331235859577,-0.006177956127420031,0.0034187348262533224,-0.006191922380271664,0.00342541669533869,-0.6011960364131415,-0.7989916532420862,38.26585027717289,-63.75459830449442,19.080699375029745,-31.581795472626577,19.182905203849472,-32.1751331999013,19.13180228943961,-31.87846433626394,0.002245698293670273,0.002330368033454988,-4.688605204203715,-43.022922400353075,-43.00393072379383,-0.000762965424567244,-0.13114520436092733,0.3354977663199179
1.6360000000000001,-0.4048617049334682,-0.6702762007459427,-0.20428068008393804,-0.12394709984028612,-0.2042943691183862,-0.1239402838239583,-0.392457389121382,-0.6771764179771275,-0.19437202242626297,-0.5497826175294129,-0.00619531338881904,0.00344670060742841,-0.0062090024232671626,0.003453516623756314,-0.6029470716285872,-0.7976700011936573,38.17469591993548,-63.603336793568225,19.035147222240944,-31.505391506820008,19.137285269511132,-32.10028391377529,19.086216245876038,-31.802837710297652,0.0022634281834044145,0.0023386270270790988,-4.684681921257177,-42.98763231933219,-42.968936607454935,-0.0007704981138381208,-0.13176168041310737,0.3376183645283106
1.6368,-0.4065075561783079,-0.6694558592324663,-0.20440558988505683,-0.12340985273738218,-0.2044189773488827,-0.12340291479349498,-0.39406872872358084,-0.6764125266071294,-0.19587585883397463,-0.5495278091543593,-0.006212719995450616,0.0034748647153879375,-0.006226107459276459,0.003481802659275113,-0.6047004260679142,-0.7963405766852364,38.08393739019808,-63.45220788003042,18.98979242005592,-31.429049961935135,19.0918636568668,-32.02550485559431,19.04082803846136,-31.727277408764724,0.0022813132753611853,0.0023469374990270353,-4.680765864304593,-42.95227029857961,-42.933900465510675,-0.0007778069757567794,-0.13238203429101347,0.3397557222325531
1.6376,-0.40815433185748473,-0.6686292585521884,-0.20453194772887187,-0.12287083421858218,-0.2045450098051831,-0.12286378716607908,-0.3956809187330775,-0.6756427637744622,-0.1973791465282536,-0.5492687004709946,-0.006230175524048004,0.003503229084885373,-0.006243237600359247,0.0035102761373884683,-0.6064561040623085,-0.7950033218556558,37.993572444596424,-63.30121117422103,18.944633832347684,-31.352770606483375,19.046639256852025,-31.95079586745296,18.995636544599854,-31.651783236968168,0.002299355396715441,0.0023552997153046817,-4.676857004091092,-42.91683639890146,-42.89882175236748,-0.000784893531122235,-0.1330063042306839,0.3419099861324071
1.6384,-0.40980203027447315,-0.6677963688128674,-0.20465975910099685,-0.12233001376071183,-0.20467247252943377,-0.12232287099844588,-0.3972939577756765,-0.6748671028925524,-0.19888187820985953,-0.5490052934731311,-0.006247679535179879,0.00353179565870948,-0.006260392963616773,0.003538938420975468,-0.6082141098402901,-0.7936581782322887,37.903598854474005,-63.15034628194517,18.8996703304554,-31.276553205863245,19.001610967618916,-31.876156790023995,18.950640649037158,-31.576354997943618,0.0023175563996886694,0.002363713942067136,-4.672955311354111,-42.88133068854404,-42.86369990917205,-0.0007917593754929834,-0.1336345290521499,0.3440813061020265
1.6392,-0.41145064968229467,-0.6669571597865075,-0.20478902941585456,-0.12178736054944915,-0.2048013715132731,-0.12178013603619371,-0.3989078444381035,-0.6740855170749639,-0.20038404659563525,-0.5487375901379142,-0.006265231573386321,0.0035605663876004945,-0.006277573670804865,0.003567790900855905,-0.6099744475247629,-0.7923050867235572,37.81401440579471,-62.99961280453639,18.85490079315254,-31.200397522390794,18.95677769448009,-31.80158746259113,18.905839243816317,-31.500992492490962,0.0023359181620747904,0.002372180445533445,-4.669060756826081,-42.845753242854144,-42.828534364086565,-0.0007984061779071191,-0.1342667481624168,0.34626983526504773
1.6400000000000001,-0.41310018828175044,-0.6661116009051684,-0.20491976401557677,-0.12124284347597195,-0.20493171269619023,-0.1212355517098018,-0.40052257726649554,-0.6732979791316889,-0.20188564441823947,-0.5484655924255417,-0.006282831167320702,0.003589543230175185,-0.006294779847934195,0.0035968349963452773,-0.6117371211300064,-0.7909439876113156,37.724816899055966,-62.84901033891877,18.81032410661532,-31.124303315329605,18.91213834985302,-31.727087723081162,18.861231228234168,-31.425695519205384,0.002354442587630956,0.002380699492000815,-4.665173311237084,-42.81010414393534,-42.7933245325673,-0.0008048356796294257,-0.13490300155843818,0.3484757300702199
1.6408,-0.41475064421960567,-0.6652596612567225,-0.20505196816887816,-0.12069643113353676,-0.20506350196384768,-0.120689087130598,-0.40213815476484993,-0.6725044615653862,-0.2033866644258649,-0.548189302278987,-0.006300477829893125,0.0036187281528624604,-0.006312011624862612,0.003626072155801241,-0.6135021345585907,-0.7895748205431218,37.636004149203195,-62.69853847766952,18.76593916439137,-31.048270340921153,18.867691853205294,-31.652657408096,18.81681550879833,-31.350463874508577,0.002373131606532297,0.0023892713476314498,-4.661292945317551,-42.77438348030371,-42.75806981764627,-0.0008110496928781834,-0.13554332983003287,0.35069915036694965
1.6416,-0.41640201558673906,-0.6644013095805424,-0.20518564706991652,-0.12014809181398813,-0.2051967451463652,-0.12014071108666804,-0.40375457539344456,-0.6717049365675639,-0.20488709938195093,-0.5479087216237251,-0.006318171058422889,0.003648123129850689,-0.006329269134871612,0.003655503857170783,-0.6152694915982326,-0.7881975245243813,37.547573985544865,-62.54819680908069,18.721744867368905,-30.972298352415123,18.823437131000105,-31.57829635294422,18.772590999184505,-31.275297352679672,0.0023919871758550926,0.0023978962786515012,-4.657419629800917,-42.73859134653485,-42.72276961021859,-0.0008170500995423044,-0.13618777416271255,0.3529402594818407
1.6424,-0.4180543004162488,-0.6635365142631284,-0.20532080583712456,-0.1195977935041994,-0.20533144801656358,-0.1195903920387096,-0.4053718375672208,-0.670899376014703,-0.20638694206489072,-0.5476238523674613,-0.006335910334794498,0.003677730143042346,-0.006346552514233522,0.0036851316085321772,-0.6170391959185788,-0.7868120379103702,37.45952425166833,-62.397984917220725,18.677740123745956,-30.896387100099595,18.779373116642436,-31.504004391672222,18.728556620194198,-31.200195745885907,0.0024110112799320405,0.0024065745510881698,-4.653553335426301,-42.702727842910605,-42.6874232893319,-0.0008228388498752937,-0.13683637634050724,0.3551992242952622
1.6432,-0.419707496681513,-0.6626652433336692,-0.20545744951202172,-0.11904550388244253,-0.2054676162881704,-0.11903809811583282,-0.40698993965412555,-0.6700877514643274,-0.20788618526772323,-0.5473346963998607,-0.0063536951256193686,0.0037075511820243157,-0.006363861901768075,0.0037149569486339407,-0.6188112510679153,-0.7854182983981359,37.37185280535725,-62.24790238199583,18.633923849000283,-30.82053633133138,18.735498750426025,-31.429781357095237,18.684711299713154,-31.12515884421331,0.0024302059309420088,0.00241530643079102,-4.649694032941233,-42.66679307505857,-42.65203022247793,-0.0008284179611756826,-0.1374891787487195,0.3574762153186839
1.6440000000000001,-0.4213616022942116,-0.6617874644595363,-0.20559558305799702,-0.11849119031467906,-0.20560525561398402,-0.11848379711129711,-0.40860887997342427,-0.6692700341510088,-0.20938482179782741,-0.5470412555922846,-0.006371524882400198,0.003737588244045298,-0.006381197438387165,0.0037449814474272425,-0.6205856604698085,-0.7840162430182607,37.28455751850873,-62.097948779210604,18.590294965858924,-30.744745790566213,18.691812979480517,-31.355627080827734,18.64105397266972,-31.050186435696972,0.002449573169286623,0.00242409218333961,-4.645841693104292,-42.630787153592564,-42.616589765889266,-0.0008337895164751514,-0.13814622437666835,0.35977140677189823
1.6448,-0.42301661510229627,-0.6609031449417141,-0.20573521135906706,-0.11793481985078313,-0.20574437158399403,-0.11792745647819304,-0.41022865679396653,-0.6684461949823199,-0.21088284447660086,-0.5467435317975289,-0.006389399041701355,0.00376784333400787,-0.006398559266628356,0.0037752067065979777,-0.622362427419662,-0.782605808126505,37.19763627705201,-61.94812368062889,18.546852404268517,-30.669015219389106,18.64831475771936,-31.28154139331382,18.597583580993938,-30.975278306351463,0.002469115064137384,0.002432932074036387,-4.641996286687785,-42.594710193746515,-42.5811012648368,-0.0008389556632121617,-0.13880755682036464,0.3620849766612366
1.6456,-0.42467253288792034,-0.6600122517101576,-0.20587633921861076,-0.11737635922068515,-0.20588496972346357,-0.11736904332506308,-0.4118492683324199,-0.6676162045347184,-0.21238024613913298,-0.5464415268495639,-0.006407317025323794,0.003798318464469319,-0.00641594753017663,0.0038056343600914033,-0.6241415550812073,-0.7811869293953121,37.111086980868045,-61.798426654033996,18.50359510136578,-30.59334435654468,18.60500304578843,-31.207524123857088,18.554299073577106,-30.900434240200884,0.0024888337138335714,0.0024418263677716823,-4.638157784480468,-42.55856231500679,-42.545564053932694,-0.0008439186118554165,-0.13947322028514186,0.3644171068577009
1.6464,-0.42632935336531813,-0.6591147513190819,-0.2060189713580697,-0.11681577483043937,-0.20602705549096362,-0.11680852441145993,-0.41347071275146013,-0.6667800330493743,-0.21387701963387246,-0.5461352425632784,-0.006425278240482057,0.0038290156556564647,-0.006433362373375967,0.0038362660746358856,-0.6259230464829058,-0.7797595418051777,37.02490754370952,-61.64885726328845,18.460522001448126,-30.517732937967285,18.561876811014834,-31.133575100650198,18.51119940623148,-30.825654019308743,0.002508731246557261,0.002450775329037924,-4.63432615729022,-42.52234364074246,-42.509977457432704,-0.0008486806345735897,-0.14014325958825566,0.366767983176004
1.6472,-0.4279870741786344,-0.6582106099421843,-0.20616311241561958,-0.11625303275820838,-0.2061706342763659,-0.11624586614344481,-0.41509298815791745,-0.6659376504279328,-0.2153731578222832,-0.545824680734232,-0.006443282079985346,0.0038599369354924695,-0.006450803940731636,0.0038671035502561013,-0.6277069045142687,-0.7783235796358852,36.939095893121674,-61.49941506839415,18.417632055944352,-30.44218069681157,18.518935027356665,-31.05969415080434,18.468283541650507,-30.750937423807954,0.0025288098206601717,0.0024597792217591063,-4.630501375946689,-42.486054297833,-42.47434078954322,-0.0008532440638732104,-0.14081772016148222,0.3691377954531845
1.6480000000000001,-0.42964569289971155,-0.657299793367787,-0.20630876694481928,-0.1156880987501758,-0.2063157113987915,-0.11568103456902105,-0.41671609260088804,-0.6650890262282125,-0.21686865357849439,-0.5455098431384013,-0.006461327922425625,0.0038910843396353645,-0.0064682723763978545,0.003898148520790179,-0.6294931319221051,-0.7768789764575982,36.85364997036461,-61.35009962555145,18.374924223386174,-30.366687363482534,18.476176675353123,-30.9858811003782,18.42555044936965,-30.676284231930367,0.002549071625310262,0.002468838309283683,-4.626683411304065,-42.449694416290455,-42.438653354728956,-0.000857611291176732,-0.14149664805362505,0.3715267376287841
1.6488,-0.4313052070258141,-0.6563822669939156,-0.20645593941321072,-0.11512093821636578,-0.20646229210450698,-0.11511399537350234,-0.4183400240697939,-0.6642341296598384,-0.21836349978894515,-0.5451907315319429,-0.006479415132361971,0.003922459911529674,-0.006485767823658201,0.003929402754393185,-0.6312817313066629,-0.775425665121811,36.76856773033506,-61.20091048721846,18.332397469379025,-30.29125266566599,18.43360074207508,-30.912135774406785,18.382999105727052,-30.601694220036386,0.0025695188809535807,0.0024779528543135143,-4.622872234243667,-42.41326412888647,-42.40291444802463,-0.0008617847654941338,-0.1421800899330383,0.37393500782428646
1.6496,-0.43296561397731254,-0.6554579958232954,-0.2066046342009027,-0.11455151622638918,-0.20661038156478354,-0.11454471387481781,-0.4199647804924062,-0.6633729295798083,-0.21985768935201627,-0.5448673476509485,-0.006497543060512784,0.003954065702470755,-0.0065032904243935985,0.00396086805404211,-0.6330727051177025,-0.7739635777521554,36.68384714149036,-61.05184720217005,18.29005076657395,-30.215876328358856,18.391206221076487,-30.8384579969299,18.340628493825218,-30.52716716264438,0.0025901538399253354,0.0024871231187049148,-4.6190678156766936,-42.37676357077263,-42.36712335534651,-0.0008657669919710575,-0.14286809309008397,0.3763628084236643
1.6503999999999999,-0.4346269110953073,-0.6545269444582765,-0.20675485559910983,-0.113979797505098,-0.20675998487369812,-0.113973155018747,-0.4215903597328162,-0.6625053944879913,-0.2213512151776578,-0.5445396932112114,-0.0065157110439514054,0.003985903771681842,-0.006520840318539695,0.003992546258032914,-0.6348660556504657,-0.7724926457350564,36.599486185772285,-60.902909315556435,18.247883094639196,-30.140558073899506,18.348992112346174,-30.76484759102054,18.298437603492687,-30.452702832460023,0.002610978786911744,0.0024963493636107614,-4.615270126546901,-42.34019287909895,-42.33127935380739,-0.0008695605305150484,-0.1435607054395879,0.3788103461540402
1.6512,-0.4362890956391998,-0.6535890770956788,-0.20690660780865505,-0.11340574642815578,-0.20691110704589105,-0.11339928337409005,-0.4232167595893651,-0.6616314925225577,-0.2228440701870094,-0.5442077699079954,-0.006533918406299327,0.0040179761864065355,-0.006538417643535355,0.004024439240472355,-0.6366617850415555,-0.7710127997102412,36.51548285853184,-60.754096368961584,18.20589344023203,-30.06529762199797,18.30695742226015,-30.691304378812703,18.25642543124609,-30.378301000405337,0.002631996039660578,0.0025056318490896956,-4.611479137833272,-42.303552192634456,-42.295381712031656,-0.000873167994360056,-0.14425797552327452,0.3812778321666883
1.6520000000000001,-0.43795216478420584,-0.6526443575215634,-0.20705989493843793,-0.11282932701751895,-0.20706375301427038,-0.11282306312776479,-0.4248439777925219,-0.6607511914553396,-0.22433624731200974,-0.5438715794158095,-0.006552164457925724,0.0040502850220110465,-0.006556022533758199,0.0040565489117651565,-0.638459895264718,-0.7695239695610934,36.43183516845472,-60.605407900461664,18.164080796970843,-29.990094689766565,18.26510116353452,-30.617828181529468,18.21459098025268,-30.303961435648016,0.00265320794935775,0.0025149708343690236,-4.607694820552689,-42.266841651384894,-42.25942969047392,-0.0008765920486502128,-0.14495995251213573,0.3837654821186618
1.6528,-0.4396161156188151,-0.6516927491059162,-0.20721472100386398,-0.11225050293682946,-0.2072179276276688,-0.11224445807983799,-0.42647201200271556,-0.6598644586871182,-0.22582773949499893,-0.5435311233881834,-0.006570448496147352,0.004082832362105215,-0.006573655119952171,0.0040888772190967315,-0.6402603881265316,-0.768026084404851,36.3485411374881,-60.45684344468303,18.122444165407536,-29.91494899175001,18.22342235517916,-30.544418819510387,18.172933260293348,-30.229683905630196,0.002674616901401805,0.0025243665773615476,-4.603917145762667,-42.23006139620808,-42.223422541736056,-0.0008798354089821276,-0.1456666862088265,0.38627351625453343
1.6536,-0.44128094514218946,-0.6507342147972578,-0.2073710899252267,-0.11166923748671326,-0.20737363564844197,-0.11166343163847874,-0.42810085980811785,-0.6589712612428372,-0.22731853968831933,-0.5431864034574515,-0.006588769805428191,0.004115620298672407,-0.006591315528643449,0.004121426146907026,-0.642063265261988,-0.7665190725826435,36.26559880076697,-60.30840253285964,18.0809825529996,-29.83986023995576,18.181920022451468,-30.471076112238773,18.131451287725532,-30.155468176097266,0.002696225315908407,0.0025338193348929394,-4.600146084563987,-42.193211568433455,-42.187359510888676,-0.0008829008399847821,-0.14637822705002682,0.38880215948864816
1.6543999999999999,-0.4429466502615013,-0.6497687171171673,-0.2075290055260573,-0.11108549359998725,-0.2075308817500185,-0.11107994681484376,-0.42973051872236984,-0.6580715657667479,-0.22880864085389768,-0.5428374212345422,-0.006607127657585143,0.004148650932218556,-0.006609003881546338,0.004154197717361974,-0.6438685281299735,-0.7650028616493731,36.18300620654237,-60.16008469289129,18.039694974082913,-29.76482814388461,18.140593196811174,-30.39779987836904,18.090144085447044,-30.081314011126825,0.002718035648285877,0.00254332936236068,-4.5963816081033935,-42.15629230947358,-42.151239835791586,-0.0008857911538328717,-0.14709462610875604,0.3913516414877165
1.6552,-0.4446132277892089,-0.6487962181547212,-0.20768847153141823,-0.11049923383677086,-0.2076896705143919,-0.11049396621788458,-0.43136098618226093,-0.6571653385174704,-0.23029803596282986,-0.542484178308768,-0.006625521311987181,0.004181926371931433,-0.006626720294960836,0.004187193990817739,-0.64567617800864,-0.7634773783634234,36.100761416109606,-60.01188944940049,17.998580449844194,-29.689852410560814,18.099440915875412,-30.324589935753544,18.0490106828598,-30.007221173157177,0.0027400503900025797,0.0025528969138619573,-4.592623687576277,-42.11930376044528,-42.11506274741426,-0.0008885092088228246,-0.14781593509676003,0.3939221967537776
1.6560000000000001,-0.4462806744402702,-0.6478166795608503,-0.20784949156616447,-0.10991042037950208,-0.2078500064295567,-0.10990545204908075,-0.4329922595453507,-0.656252545362987,-0.23178671799494988,-0.5421266762476273,-0.00664395001576365,0.004215448735857719,-0.006644464879155876,0.004220417066279014,-0.6474862159906711,-0.7619425486762101,36.01886250373744,-59.86381632379033,17.957638008294026,-29.6149327445627,18.0584622233744,-30.251446101469423,18.008050115834212,-29.93318942301606,0.0027622720690132496,0.002562522241788656,-4.5888722942293505,-42.08224606178071,-42.07882747016104,-0.0008910579078465846,-0.1485422063667508,0.39651406470761685
1.6568,-0.44794898682929146,-0.6468300625426037,-0.20801206915314396,-0.10931901502784956,-0.20801189388688918,-0.10931436609709443,-0.434624336087538,-0.6553331517755494,-0.23327467993839815,-0.5417649165966045,-0.0066624130040041085,0.004249220151095301,-0.006662237737749349,0.0042538690818504366,-0.6492986429784312,-0.7603982977215485,35.93730755659785,-59.715864834300994,17.91686668423951,-29.54006884805285,18.01765616910773,-30.17836819184511,17.96726142667362,-29.859218519948982,0.002784703250611642,0.002572205596969468,-4.585127399363319,-42.04511935284684,-42.042533222191246,-0.0008934401969656874,-0.1492734929147781,0.3991274897722974
1.6576,-0.44961816146760986,-0.6458363278573306,-0.20817620771136325,-0.108724979193533,-0.20817533717846584,-0.10872066973234504,-0.43625721300057185,-0.6544071228265103,-0.2347619147891763,-0.5413989008789815,-0.0066809094999677465,0.004283242753995886,-0.006680038967070312,0.0042875522151837875,-0.6511134596790054,-0.7588445498048595,35.8560946746966,-59.568034496067156,17.876265519257522,-29.465260420808733,17.977021808901128,-30.105356022486845,17.926643664079325,-29.78530822164779,0.002807346537949229,0.0025819472284211997,-4.581388974335558,-42.00792377155917,-42.00617921574592,-0.0008956590638589919,-0.1500098483824782,0.40176272145745884
1.6583999999999999,-0.45128819476030485,-0.6448354358067664,-0.20834191055408763,-0.10812827389503135,-0.20834034049432532,-0.10812432390150588,-0.4378908873895042,-0.6534744231810744,-0.23624841555069806,-0.5410286305956518,-0.006699438715281475,0.004317518690391264,-0.0066978686555191624,0.0043214686839167515,-0.652930666599111,-0.757281228392189,35.77522197080427,-59.420324821174574,17.835833561667663,-29.39050716025288,17.936558204563845,-30.032409408304908,17.886195883115754,-29.711458284278894,0.0028302045727599534,0.0025917473832137716,-4.5776569905627715,-41.97065945400144,-41.96976465746899,-0.0008977175363793873,-0.15075132705942096,0.4044200144436161
1.6592,-0.4529590830031446,-0.6438273462310308,-0.20850918088689818,-0.10752885975219575,-0.208506907919665,-0.1075252891219161,-0.4395253562700837,-0.6525350170929639,-0.23773417523333257,-0.5406541072249414,-0.006717999850147038,0.004352050115826733,-0.006715726882913831,0.004355620746106403,-0.6547502640398957,-0.7557082560990532,35.694687570388005,-59.272735318716734,17.795569866505488,-29.315808761483417,17.896264423846503,-29.95952816353973,17.845917145175996,-29.637668462511574,0.0028532800360139277,0.002601606306413373,-4.57393141952366,-41.93332653404205,-41.93328874873199,-0.0008996186810179108,-0.1514979838853813,0.40709962866694127
1.6600000000000001,-0.454630822379455,-0.6428120185025303,-0.20867802180569586,-0.10692669698075055,-0.20867504343197762,-0.10692352547591112,-0.4411606165660874,-0.6515888683990023,-0.23921918685393445,-0.5402753322224355,-0.006736592093542937,0.004386839195816283,-0.0067336137198246715,0.0043900107006557,-0.656572252091608,-0.7541255546790971,35.61448961154432,-59.12526549485172,17.75547349549599,-29.241164917304623,17.85613954039963,-29.886712101787953,17.80580651794781,-29.56393850954629,0.0028765756486990313,0.0026115242408621953,-4.570212232761613,-41.895925142951896,-41.89675068596051,-0.0009013656013794379,-0.15224987445259708,0.4098018294046142
1.6608,-0.4563034089569195,-0.6417894115197675,-0.20884843629463884,-0.10632174538668754,-0.2088447508981232,-0.10631899260506679,-0.4427966651065908,-0.6506359405136122,-0.24070344343537414,-0.5398923070208127,-0.006755214623422157,0.0044218881061119375,-0.0067515292269065275,0.0044246408877327,-0.6583966306281362,-0.7525330450125671,35.53462624493171,-58.97791485285844,17.715543517026713,-29.166575318257234,17.816182633732623,-29.81396103602829,17.76586307537967,-29.49026817714276,0.0029000941723680285,0.002621501427078954,-4.5664994018873095,-41.858455409027016,-41.86014966095495,-0.0009029614366776591,-0.15300705500813863,0.4125268873598884
1.6616,-0.45797683868430467,-0.6407594837010497,-0.20902042722403172,-0.10571396436055132,-0.20901603407133246,-0.10571164970435536,-0.4444334986231747,-0.6496761964232227,-0.24218693800605762,-0.5395050330296829,-0.006773866606914619,0.004457199032988468,-0.006769473454215358,0.004459513689184513,-0.6602233993014217,-0.7509306470945896,35.45509563370456,-58.83068289319289,17.675779006121267,-29.09203965264883,17.776392789173237,-29.741274778647185,17.726085897647252,-29.41665721564801,0.0029238384100551684,0.002631538103123887,-4.562792898581411,-41.82091745720725,-41.82348486121559,-0.0009044093601991944,-0.15376958245618258,0.41527507874849334
1.6623999999999999,-0.4596511073881023,-0.6397221929781036,-0.20919399734815025,-0.10510331287161266,-0.209188896588146,-0.1051014555162157,-0.44607111374706304,-0.6487095986805929,-0.24366966359943454,-0.5391135116354341,-0.00679254720052172,0.004492774173546155,-0.006787446440517486,0.004494631528943083,-0.6620525575357308,-0.7493182800232625,35.375895953447596,-58.68356911354468,17.636179044412938,-29.017557606584468,17.736769097827786,-29.668653141464624,17.68647407112036,-29.343105374024546,0.002947811206873041,0.0026416345044140144,-4.55909269459721,-41.78331140870074,-41.78675547026623,-0.0009057125777474566,-0.15453751436033358,0.41804668538455303
1.6632,-0.4613262107691004,-0.6386774967895854,-0.20936914930300415,-0.10448974946192498,-0.20936334196528208,-0.10448836832453139,-0.44770950700619694,-0.6477361093990391,-0.24515161325350554,-0.5387177442010841,-0.006811255550312811,0.004528615736030028,-0.0068054482125907145,0.004529996873423703,-0.6638841045217918,-0.7476958619875405,35.29702539211069,-58.53657300889294,17.596742720118087,-28.943128863997025,17.69731065654176,-29.59609593575945,17.647026688329923,-29.269612399878238,0.0029720154508439123,0.0026517908635383947,-4.55539876176327,-41.74563738060635,-41.749960667976545,-0.0009068743261144841,-0.15531090894593905,0.4208419947671018
1.6640000000000001,-0.4630021443988641,-0.6376253520744952,-0.20954588560403234,-0.10387323224026836,-0.20953937359643338,-0.10387234594851621,-0.4493486748222344,-0.6467556902465763,-0.2466327800103164,-0.5383177320661434,-0.006829990792114327,0.0045647259401644935,-0.006823478784515391,0.004565612231916594,-0.6657180392107821,-0.7460633102549281,35.21848214994425,-58.389694071562865,17.5574691280097,-28.86875310667789,17.65801656786096,-29.52360297229516,17.60774284793533,-29.196178039486526,0.00299645407358895,0.0026620074101870728,-4.551711071986031,-41.707895485542835,-41.71309963088453,-0.0009078978715190214,-0.1560898251024614,0.42366130016708325
1.6648,-0.4646789037161423,-0.6365657152654791,-0.20972420864373836,-0.1032537188759724,-0.2097169947489944,-0.10325334573650842,-0.4509886135074855,-0.645768302439959,-0.2481131569154475,-0.5379134765464787,-0.006848752051700352,0.004601107017507988,-0.006841538156956428,0.004601480156971871,-0.6675543603081803,-0.7444205411589595,35.14026443943564,-58.242931791281386,17.51835736939111,-28.79443001430726,17.618885939993362,-29.451174061345007,17.568621654692237,-29.122802037826133,0.003021130051166665,0.002672284370881073,-4.548029597252489,-41.67008583127422,-41.67617153251767,-0.0009087865080349597,-0.15687432238582752,0.42650490071454783
1.6656,-0.4663564840231828,-0.6354985422820304,-0.20990412068924788,-0.10263116659261945,-0.2098962085607095,-0.10263132455966503,-0.45262931926176925,-0.6447739067386293,-0.24959273701749735,-0.5375049789341876,-0.006867538444975951,0.0046377612118222444,-0.006859626316437606,0.004637603244776689,-0.6693930662674547,-0.7427674700864721,35.06237048524559,-58.096285655233316,17.479406552069428,-28.72015926448473,17.57991788677124,-29.37880901271748,17.529662219420334,-29.049484138601105,0.0030460464049184566,0.0026826219688942388,-4.544354309632778,-41.632208520342076,-41.63917554371258,-0.0009095435560477491,-0.15766446102082649,0.42937310148624874
1.6663999999999999,-0.46803488048196357,-0.6344237885235833,-0.21008562387980523,-0.10200553216162672,-0.2100770180362506,-0.10200623880556313,-0.45427078816919897,-0.6437724634385684,-0.25107151336755335,-0.5370922404974809,-0.006886349078159659,0.004674690779460811,-0.006877743234604994,0.004673984135524334,-0.6712341552836092,-0.7411040114646708,34.984798524145646,-57.94975514811743,17.44061579032939,-28.645940532759845,17.54111152761418,-29.30650763578153,17.490863658971783,-28.976224084270687,0.0030712062020796793,0.0026930204239405953,-4.540685181282827,-41.59426364969653,-41.60211083293557,-0.000910172360631735,-0.1584603019035143,0.4322662135936639
1.6672,-0.46971408811033016,-0.6333414088624949,-0.2102687202241832,-0.10137677189569885,-0.2102594260437109,-0.10137804437169803,-0.4559130161948885,-0.6427639323660459,-0.2525494790186623,-0.536675262480572,-0.006905183047957009,0.004711897989775116,-0.006895888867484684,0.004710625513775879,-0.6730776252865565,-0.7394300787479688,34.907546804955786,-57.80333975220228,17.401984204906633,-28.571773492662604,17.502465987492272,-29.234269739491776,17.452225096199452,-28.90302161607719,0.0030966125568809844,0.0027034799521032937,-4.5370221844469105,-41.556251310333636,-41.56497656659934,-0.0009106762900287637,-0.15926190660367523,0.43518455427096114
1.6680000000000001,-0.4713941017780455,-0.632251357636917,-0.21045341159803335,-0.1007448416421589,-0.21044343531102497,-0.10074669665888265,-0.457555999181581,-0.6417482728712701,-0.2540266270252841,-0.5362540461035727,-0.006924039441736446,0.004749385125538463,-0.006914063154728062,0.004747530108814679,-0.6749234739343424,-0.7377455844046144,34.8306135884831,-57.65703894738241,17.363510922961687,-28.49765781573417,17.46398039689025,-29.162095132413835,17.41374565992597,-28.829876474074002,0.003122268631159386,0.0027140007655930276,-4.533365291460312,-41.51817158692937,-41.52777190938135,-0.0009110587339975634,-0.16006933736726708,0.4381284469637592
1.6688,-0.47307491620274117,-0.6311535886435549,-0.2106396997411375,-0.100109696776146,-0.21062904842230065,-0.10011215056454092,-0.4591997328461966,-0.6407254438219333,-0.2555029504427498,-0.5358285925624007,-0.006942917337690729,0.00478715448338668,-0.006932266018853855,0.004784700694991761,-0.676771698606188,-0.7360504399030876,34.753997147460225,-57.510852211234116,17.325195078053145,-28.42359317155726,17.42565389177175,-29.089983622749347,17.375424484912447,-28.756788397153304,0.003148177635331706,0.002724583072492237,-4.529714474751845,-41.480024557485144,-41.49049602453691,-0.000911323102266326,-0.1608826571189702,0.4410982214179171
1.6696,-0.4747565259457766,-0.6300480551303065,-0.21082758625459852,-0.09947129219368148,-0.21081626781407334,-0.09947436047589774,-0.4608442127762988,-0.6396954035966519,-0.25697844232670175,-0.5353989030286896,-0.00696181580500152,0.004825208374280854,-0.00695049736447631,0.004822140092064553,-0.6786222963953736,-0.7343445556982688,34.6776957664852,-57.36477901907136,17.287035810111483,-28.349579227786872,17.387485613544463,-29.01793501836118,17.337260711827973,-28.683757123074024,0.0031743428292543285,0.00273522707669116,-4.526069706846493,-41.441810292966466,-41.45314807421458,-0.0009114728228984991,-0.1617019294647037,0.44409421376877845
1.6703999999999999,-0.4764389254079945,-0.6289347097887873,-0.21101707259793198,-0.0988295823046013,-0.21100509577146853,-0.09883328026305917,-0.4624894344264732,-0.6386581100783003,-0.2584530957325336,-0.5349649786497136,-0.00698073390399237,0.004863549123985456,-0.006968757077528892,0.004859851165527562,-0.6804752641019342,-0.732627841217374,34.601707741961114,-57.21881884400189,17.24903226541242,-28.27561565018076,17.34947470902562,-28.945949126798645,17.29925348721902,-28.610782388489703,0.0032007675230758537,0.0027459329775183505,-4.522430960367931,-41.4035288569513,-41.415727219766666,-0.0009115113407039159,-0.16252721869426515,0.4471167666307849
1.6712,-0.4781221088253758,-0.627813504746736,-0.21120816008607748,-0.09818452102535169,-0.21119553442427988,-0.09818886327198513,-0.46413539311462076,-0.6376135206472342,-0.2599269037148196,-0.5345268205483167,-0.006999670686276355,0.004902179073565827,-0.006987045024478694,0.004897836826932345,-0.6823305982251769,-0.7309002048456535,34.526031382036564,-57.072971156983236,17.2111835965503,-28.201702102630225,17.311620330408083,-28.874025755322513,17.26140196347919,-28.53786392897637,0.0032274550781821176,0.0027567009695061984,-4.518798208041092,-41.365180305280134,-41.378232622060125,-0.0009114421156219652,-0.1633585897839165,0.4501662291870332
1.6720000000000002,-0.47980607026459104,-0.6266843915602952,-0.21140084988632088,-0.09753606177164441,-0.21138758574295602,-0.09754106231734838,-0.46578208401815996,-0.6365615921744037,-0.26139985932673704,-0.5340844298228531,-0.0070186251948979594,0.00494110057990621,-0.007005361051533127,0.004936100034202251,-0.684188294956014,-0.7291615539118459,34.45066500654661,-56.92723542687874,17.17348896241151,-28.12783824719067,17.273921635227058,-28.80216471093043,17.223705298819283,-28.46500147906055,0.0032544089080417393,0.0027675312423625087,-4.515171422694701,-41.32676468570756,-41.34066344178354,-0.0009112686210941663,-0.16419610839915108,0.45324295727945696
1.6728,-0.4814908036184423,-0.6255473212061692,-0.21159514301512328,-0.09688415745097131,-0.2115812515344935,-0.09688982967527965,-0.4674295021701383,-0.6355022810143516,-0.2628719556194819,-0.5336378075471349,-0.0070375964644669164,0.0049803160162453786,-0.007023704983837115,0.004974643791937017,-0.6860483501690987,-0.7274117946733859,34.375606946954285,-56.78161112051384,17.13594752814776,-28.05402374411236,17.23637778632716,-28.730365800382003,17.18616265723746,-28.39219477224718,0.003281632479364305,0.0027784239805228594,-4.511550577263823,-41.28828203755843,-41.30301883975417,-0.0009109943424512188,-0.16503984089737223,0.4563473134995206
1.6736,-0.4831763026011989,-0.6244022440736533,-0.21179104033485197,-0.09622876045497286,-0.21177653343823552,-0.09623511707599587,-0.4690776424552506,-0.6344355429980945,-0.264343185641681,-0.5331869547703896,-0.0070565835212823835,0.005019827772732077,-0.007042076624665966,0.005013471151709081,-0.6879107594147685,-0.7256508323013582,34.30085554629208,-56.63609770273184,17.098558465149186,-27.98025825187092,17.198987951830212,-28.658628830223915,17.1487732084897,-28.31944354104742,0.003309129312675907,0.0027893793630013874,-4.507935644792333,-41.2497323913891,-41.2652979772197,-0.0009106227752923503,-0.16588985433075637,0.4594796672785435
1.6743999999999999,-0.48486256074381606,-0.6232491099565379,-0.21198854255042,-0.09556982265166014,-0.21197343292157464,-0.0955768756963104,-0.47072649960575746,-0.6333613334258901,-0.26581354243878946,-0.5327318725172288,-0.00707558538345196,0.0050596382570011755,-0.007060475754606638,0.0050525852123509685,-0.6897755179107841,-0.7238785708651992,34.226409159104676,-56.49069463645066,17.06132095101744,-27.90654142719826,17.161751305103465,-28.586953606815488,17.11153612806045,-28.246747517006874,0.003336902983775758,0.002800397563085255,-4.504326598435452,-41.211115768648654,-41.22750001616101,-0.000910157423823206,-0.16674621644910337,0.4626403949787914
1.6752,-0.4865495713890389,-0.6220878680448777,-0.21218765020581332,-0.0949072953774868,-0.21217195127555022,-0.0949150561520206,-0.4723760681973062,-0.63227960705988,-0.2672830190524908,-0.5322725617876252,-0.007094601060997879,0.005099749894768024,-0.00707890213073481,0.0050919891202342304,-0.6916426205338543,-0.7220949133171325,34.15226615139116,-56.34540138271881,17.02423416953856,-27.83287292511309,17.124667024728335,-28.515339936353822,17.07445059713345,-28.174106430733456,0.0033649571242619913,0.0028114787481001713,-4.500723411462165,-41.172432181348256,-41.18962411958943,-0.0009096017992689762,-0.16760899570280594,0.4658298799847671
1.6760000000000002,-0.4882373276863887,-0.6209184669166289,-0.2123883636805254,-0.09424112942926906,-0.2123720896103508,-0.09424960849017315,-0.4740263426446489,-0.6311903181166111,-0.26875160852008073,-0.5318090235568989,-0.007113629555957207,0.005140165130443131,-0.007097355485782636,0.005131686069539065,-0.6935120618109569,-0.7202997614763411,34.07842490054867,-56.20021740077207,16.987297310655904,-27.75925239895186,17.087734294469858,-28.44378762489935,17.03751580256288,-28.101520011925604,0.003393295422910114,0.002822623079140385,-4.497126057257731,-41.13368163173138,-41.15166945184312,-0.0009089594181910958,-0.16847826124583976,0.4690485127946715
1.6768,-0.4899258225870251,-0.6197408545291495,-0.21259068318587493,-0.09357127505594935,-0.2125738488507034,-0.0935804821812014,-0.4756773171972557,-0.6300934202594336,-0.27021930387385124,-0.5313412587757163,-0.007132669862470464,0.005180886427768094,-0.0071158355272989415,0.005171679302515997,-0.6953838359104296,-0.7184930160128669,34.00488379531566,-56.05514214808996,16.95050957044276,-27.685679500399406,17.050952303246447,-28.37229647840135,17.000730936844604,-28.028987989400378,0.003421921626454605,0.002833830710791574,-4.4935345093260874,-41.094864111948574,-41.113635178880216,-0.0009082338008724302,-0.1693540829388804,0.47229669111223416
1.6776,-0.4916150488384869,-0.6185549782105609,-0.21279460876121564,-0.09289768195019983,-0.21277722973116045,-0.09290762611093482,-0.4773289859348232,-0.6289888665907674,-0.271686098140467,-0.5308692683700968,-0.007151720966859454,0.0052219162704706945,-0.007134341936804234,0.00521197210973573,-0.6972579366328431,-0.7166745764312314,33.931641235715794,-55.91017508045229,16.913870151074697,-27.612153879519738,17.01432024510025,-28.300866302723392,16.964095198087474,-27.956510091121565,0.003450839540846573,0.0028451017908395215,-4.489948741292257,-41.05597960373761,-41.07552046856907,-0.0009074284696619713,-0.17023653135246986,0.4755748199386858
1.6784,-0.4933049989792987,-0.617360784650969,-0.21300014027003025,-0.0922202992398686,-0.2129822327912715,-0.09223098857247633,-0.47898134276266663,-0.6278766096442412,-0.27315198434033183,-0.5303930532414326,-0.007170781847695401,0.0052632571629399605,-0.0071528743689366625,0.005252567830332233,-0.6991343574016335,-0.7148443410537776,33.85869563300243,-55.765315651996076,16.87737826080208,-27.53867518478689,16.97783731916824,-28.229496903669176,16.92760778998516,-27.884086044228034,0.0034800530321064116,0.002856436459993006,-4.486368726904758,-41.017028078106875,-41.03732449097556,-0.0009065469473407648,-0.17112567777030088,0.4788833116648732
1.6792,-0.4949956653334502,-0.6161582198935399,-0.21320727739590492,-0.09153907547925821,-0.21318885837064377,-0.09155051725794648,-0.48063438140700454,-0.6267566013767008,-0.274616955486953,-0.529912614266518,-0.007189851475853409,0.005304911630924558,-0.0071714324505922356,0.005293469852236277,-0.7010130912535018,-0.7130022070037227,33.78604540960312,-55.62056331527245,16.841033113922023,-27.465243063115615,16.941502729653436,-28.15818808700822,16.89126792178773,-27.811715575061918,0.0035095660276596163,0.0028678348513864194,-4.4827944400379325,-40.97800949502339,-40.999046418646415,-0.0009055927554647066,-0.1720215941925587,0.48222258616397085
1.6800000000000002,-0.4966870400047374,-0.6149472293254323,-0.21341601963838305,-0.09085395864023788,-0.21339710660388495,-0.09086615925008962,-0.4822880954101221,-0.6256287931600772,-0.2760810045862957,-0.529427952297591,-0.007208928814556731,0.005346882222248328,-0.007190015780058595,0.005334681612396586,-0.7028941308285638,-0.7111480701879186,33.713688999064786,-55.47591752130376,16.804833930750362,-27.391857159892467,16.90531568579712,-28.08693965850193,16.85507480827374,-27.7393984091972,0.0035393825173031246,0.0028792970906437176,-4.479225854694312,-40.93892380310596,-40.96068542689072,-0.0009045694127218208,-0.1729243533394137,0.4855930708839935
1.6808,-0.49837911487096453,-0.6137277576685771,-0.2136263663086903,-0.09016489610318584,-0.21360697741542325,-0.09017786101374078,-0.4839424781254169,-0.6244931357731214,-0.2775441246361339,-0.528939068162386,-0.007228012819407326,0.005389171507549639,-0.007208623926140301,0.005376206596994615,-0.7047774683602475,-0.7092818252793125,33.641624845998834,-55.331377719640805,16.768779937593372,-27.31851711900647,16.869275401851226,-28.015751423929526,16.8190276697223,-27.667134271467997,0.003569506554235602,0.0028908232951891932,-4.475662945006898,-40.89977093932195,-40.92224069405751,-0.0009034804332934115,-0.17383402865455044,0.48899520094076365
1.6816,-0.5000718815780083,-0.6124997489703058,-0.21383831652533328,-0.08947183464775738,-0.21381847051420874,-0.08948556838714919,-0.4855975227123242,-0.6233495793929937,-0.27900630862539527,-0.5284459626641965,-0.00724710243840429,0.005431782081039893,-0.00722725642727981,0.005418048341648052,-0.7066630956649372,-0.707403365699103,33.56985140602704,-55.18694335842008,16.732870366719144,-27.245222582880015,16.833381097051394,-27.944623189114203,16.78312573188527,-27.594922885997107,0.003599942256499844,0.0029024135741337886,-4.472105685241458,-40.860550828689206,-40.883711401809094,-0.0009023293251834035,-0.17475069430885715,0.4924294192109073
1.6824,-0.5017653315337273,-0.6112631465938261,-0.21405186920955582,-0.08877472044347592,-0.21403158538828213,-0.0887892265731575,-0.48725322213110983,-0.6221980735867156,-0.28046754953349956,-0.5279486365819541,-0.007266196611945525,0.005474716561285564,-0.0072459127906718546,0.005460210431603996,-0.7085510041313375,-0.7055125835985876,33.49836714572717,-55.04261388442151,16.69710445632871,-27.17197319249977,16.7976319955905,-27.873554759949535,16.747368225959605,-27.522763976224653,0.0036306938079633255,0.0029140680277919273,-4.46855404979874,-40.821263383983606,-40.84509673539118,-0.0009011195886132814,-0.17567442520424245,0.4958961764252763
1.6832,-0.503459455901727,-0.6100178932085369,-0.2142670230806676,-0.0880734990401448,-0.21424632129921867,-0.08808878013023168,-0.48890956913753986,-0.6210385673024694,-0.2819278403296903,-0.5274470906703149,-0.007285294272818071,0.005517977592009671,-0.0072645924913690985,0.00550269650192281,-0.7104411847095765,-0.7036093698406914,33.427170542579454,-54.89838874312614,16.66148145052712,-27.098768587447626,16.762027326592822,-27.802545942425898,16.71175438855997,-27.450657264936762,0.003661765459511912,0.0029257867473830856,-4.465008013216708,-40.781908505450275,-40.806395883900834,-0.0008998547143456765,-0.17660529697750144,0.49939593126225645
1.6840000000000002,-0.5051542455949687,-0.6087639307801885,-0.21448377665121943,-0.08736811535807545,-0.21446267727643414,-0.08738417296333989,-0.49056655627740986,-0.6198710088607527,-0.28338717397236246,-0.526941325659763,-0.007304394346172083,0.005561567842914339,-0.0072832949713867445,0.0055455102376498755,-0.7123336279000161,-0.7016936139811782,33.356260084912805,-54.754267378774166,16.626000599293835,-27.02560840593164,16.72656632408864,-27.73159654265721,16.676283461691238,-27.378602474294425,0.0036931615303288368,0.002937569814683627,-4.461467550172677,-40.74248608052113,-40.76760804054779,-0.0008985381820571558,-0.17754338600441208,0.502929150441247
1.6848,-0.5068496912692174,-0.6075012005608713,-0.2147021282220379,-0.08665851367812875,-0.21468065211135523,-0.08667534831467567,-0.4922241758809452,-0.6186953459453783,-0.28484554340838475,-0.5264313422567226,-0.0073234957494774655,0.0056054900105270145,-0.00730201963879476,0.0055886553739800116,-0.7142283237417779,-0.699765204249527,33.28563427185172,-54.61024923442299,16.590661158453187,-26.952492284816966,16.691248226989323,-27.660706366907636,16.640954692721255,-27.3065993258623,0.003724886409209205,0.0029494173016146874,-4.457932635485482,-40.70299598353763,-40.72873240291523,-0.000897173458700419,-0.17848876940384698,0.5064963088165086
1.6856,-0.5085457833163318,-0.6062296430788431,-0.2149220758771039,-0.08594463763156503,-0.21490024435144803,-0.08596224875422386,-0.4938824200570537,-0.6175115255943203,-0.2863029415724168,-0.5259171411436873,-0.007342597392466982,0.005649746819068047,-0.0073207658668111575,0.005632135696409191,-0.7161252618009687,-0.6978240275294761,33.21529161326284,-54.466333752005596,16.555462389644234,-26.87941985965676,16.65607227906298,-27.589875221618694,16.605767334353608,-27.234647540637727,0.0037569445556258074,0.0029613292698584814,-4.45440324411752,-40.66343807547685,-40.68976817321247,-0.0008957639968809787,-0.17944152504215555,0.5100978894710693
1.6864,-0.5102425118573821,-0.6049491981281865,-0.21514361747827512,-0.08522643018970219,-0.21512145229410062,-0.08524481617016579,-0.4955412806874378,-0.6163194941903989,-0.28775936138622205,-0.5253987229793586,-0.0073616981770594225,0.005694341021337979,-0.007339532992884895,0.005675955040874425,-0.7180244311585978,-0.6958699693392267,33.14523062970223,-54.322520372389036,16.52040356029031,-26.806390764723197,16.62103772891067,-27.519102913436313,16.57072064460049,-27.162746839079755,0.003789340501249683,0.00297330577047461,-4.450879351176827,-40.62381220368636,-40.65071455852805,-0.0008943132332251762,-0.18040173153760022,0.5137343838101458
1.6872,-0.5119398667355979,-0.603659804758292,-0.21536675065984856,-0.08450383365337565,-0.21534427398035685,-0.08452299175911879,-0.4972007494205555,-0.6151191974518078,-0.289214795757974,-0.5248760883988026,-0.0073807969972670695,0.005739275399629484,-0.007358320317775335,0.005720117293886329,-0.7199258203981793,-0.6939029138112971,33.07544985236254,-54.17880853543333,16.48548394356837,-26.733404633038447,16.586143829943033,-27.448389249238318,16.5358138867557,-27.090896941138382,0.003822078851136723,0.0029853468434311026,-4.447360931919057,-40.58411820162168,-40.611570771075016,-0.000892824586765575,-0.18136946826496192,0.517406291655675
1.6880000000000002,-0.5136378375091376,-0.6023614012631674,-0.21559147282295232,-0.08377678964219745,-0.21556870718849655,-0.0837967160162096,-0.4988608176654292,-0.6139105804224744,-0.290669237581559,-0.5243492380136173,-0.007399892739082092,0.0057845527666595675,-0.007377127104626291,0.0057646263926474095,-0.7218294175930078,-0.6919227436720244,33.00594782302037,-54.03519768005056,16.450702818377728,-26.660461096405715,16.551389840357523,-27.37773403616205,16.501046329367625,-27.019097566283882,0.0038551642851203383,0.0029974525172065114,-4.443847961749433,-40.544355888592136,-40.572336028434,-0.0008913014573273332,-0.1823448153603613,0.5211141213400197
1.6888,-0.5153364134436818,-0.6010539251705657,-0.21581778112976932,-0.08304523908360997,-0.21579474942745716,-0.08306592872497516,-0.5005214765852981,-0.612693587462251,-0.2921226797358767,-0.5238181724121158,-0.007418984280347929,0.005830175966525297,-0.007395952578035714,0.00580948632516004,-0.7237352102931032,-0.689929340220701,32.936723093983645,-53.89168724426389,16.416059469308415,-26.58755978544022,16.5167750231161,-27.307137081632124,16.46641724621226,-26.94734843353617,0.0038886015591259593,0.003009622808448853,-4.440340416224625,-40.50452506950889,-40.53300955379103,-0.0008897472239252027,-0.18332785372618865,0.5248583897999879
1.6896,-0.5170355835048331,-0.5997373132309314,-0.2160456724975792,-0.08230912220173252,-0.21602239793009348,-0.08233056894708804,-0.5021827170911095,-0.6114681622369349,-0.293575115084135,-0.523282892159523,-0.007438070490604687,0.005876147875679527,-0.007414795923118944,0.0058547011303239915,-0.7256431855118077,-0.6879225833083433,32.86777422803928,-53.748276665267184,16.381553186609224,-26.514700329600146,16.482298645923432,-27.236598193388406,16.43192591626633,-26.875649261494274,0.003922395506620546,0.0030218577213645403,-4.436838271054609,-40.464625534644334,-40.493590576171385,-0.0008881652431807959,-0.18431866503623212,0.5286396226710792
1.6904,-0.5187353363503311,-0.5984115014061612,-0.21627514359262084,-0.08156837850599405,-0.21625164964627003,-0.08159057501190493,-0.5038445298348413,-0.6102342477081145,-0.29502653647314075,-0.5227433977981883,-0.007457150230920306,0.005922471403932095,-0.00743365628456949,0.005900274898021252,-0.7275533297120317,-0.6859023513160873,32.79909979840076,-53.60496537948472,16.347183266155064,-26.44188235721769,16.447959981205628,-27.166117179514387,16.397571623680346,-26.80399976836604,0.0039565510400692006,0.0030341572473631118,-4.433341502104421,-40.42465705939124,-40.454078330668224,-0.0008865588477311901,-0.18531733174103265,0.5324583543813333
1.6912,-0.520435660322065,-0.5970764248581759,-0.21650619082376213,-0.08082294677955183,-0.2164825012357809,-0.08084588450583226,-0.505506905202658,-0.6089917861228346,-0.29647693673259,-0.5221996898478132,-0.007476222353694162,0.005969149495469561,-0.007452532765712894,0.00594621176918908,-0.729465628792133,-0.6838685211331973,32.73069838865566,-53.46175282263107,16.31294900941399,-26.36910549553006,16.413758306089406,-27.095693848465455,16.3633536577517,-26.732399671997758,0.00399107315226388,0.003046521364446164,-4.429850085395875,-40.384619404034474,-40.41447205866832,-0.0008849313446713008,-0.18632393707334033,0.536315128245235
1.6920000000000002,-0.5221365434378871,-0.5957320179372998,-0.21673881033597894,-0.08007276506748767,-0.2167149490610944,-0.08009643426150587,-0.5071698333078845,-0.6077407190030811,-0.2979263086743491,-0.5216517688056936,-0.0074952857024436215,0.006016185129899709,-0.0074714244275589925,0.005992515935881626,-0.7313800680714224,-0.6818209681346872,32.66256859271362,-53.31863842977158,16.278849723413746,-26.296369370710625,16.37969290238202,-27.025328009097915,16.32927131289788,-26.66084868990427,0.00402596691785817,0.003058950036958663,-4.426363997109239,-40.34451231352406,-40.37477100807102,-0.0008832860139953078,-0.18733856505386692,0.5402104965576768
1.6928,-0.5238379733832192,-0.5943782141704421,-0.21697299800362835,-0.07931777066478202,-0.21694898917991398,-0.07934216034678115,-0.5088333039838082,-0.6064809871350804,-0.29937464509174255,-0.5210996351469797,-0.0075143391115626845,0.00606358132331869,-0.007490330287848346,0.006039191641319552,-0.733296632275285,-0.6797595661585429,32.59470901475358,-53.17562163538258,16.244884720707457,-26.223673607899688,16.345763056551164,-26.955019470697717,16.295323888629312,-26.589346539298703,0.0040612374949589025,0.0030714432148215565,-4.422883213584759,-40.30433551725793,-40.334974433503675,-0.0008816261070525612,-0.18836130049721034,0.5441450206877505
1.6936,-0.5255399375024452,-0.5930149462490795,-0.21720874942351906,-0.07855790010405712,-0.2171846173375535,-0.07858299805352857,-0.510497306776288,-0.605212530558403,-0.30082193875883034,-0.5205432893249483,-0.007533381406061357,0.00611134112939743,-0.007509249320095834,0.006086243179926065,-0.7352153055199029,-0.6776841874825341,32.52711826917166,-53.03270187341217,16.211053319339126,-26.151017831235638,16.311968059706032,-26.884768043009743,16.26151068952258,-26.51789293712269,0.004096890126497499,0.003084000833204925,-4.419407711324217,-40.26408872886983,-40.295081596532434,-0.0008799548450401519,-0.18939222901799088,0.548119271172169
1.6944,-0.5272424227900814,-0.5916421460170367,-0.2174460599077647,-0.07779308914309117,-0.21742182895911816,-0.07781888188623325,-0.5121618309361758,-0.6039352885548818,-0.3022681824296872,-0.5199827317712971,-0.0075524114012759935,0.006159467640493577,-0.00752818045262954,0.006133674897351504,-0.73713607129657,-0.6755947028006214,32.4597949805285,-52.889878577341335,16.17735484280825,-26.078401663885924,16.2783072075783,-26.814573536267275,16.227831025193275,-26.4464876000766,0.004132930141949487,0.003096622811867178,-4.415937466992323,-40.223771646025185,-40.255091765868265,-0.0008782754174858514,-0.19043143703721754,0.5521338278087171
1.6952,-0.5289454158817264,-0.5902597444580575,-0.21768492447641796,-0.0770232727520923,-0.21766061914148935,-0.07704974555039142,-0.5138268654115411,-0.6026491996373247,-0.3037133688376801,-0.5194179628964493,-0.0075714279025569375,0.0062079639887831495,-0.00754712256762835,0.006181491190484001,-0.7390589124555874,-0.6734909811989329,32.392737783496706,-52.747151180245005,16.143788620033895,-26.00582472807795,16.244779800504006,-26.744435761221702,16.19428421026895,-26.375130244649824,0.004169362958805323,0.003109309054643461,-4.412472457418079,-40.18338395022344,-40.21500421756745,-0.0008765909807657861,-0.19147901178893317,0.5561892797493329
1.6960000000000002,-0.5306489030447736,-0.5888676716831669,-0.21792533784987644,-0.07624838510073452,-0.2179009826451024,-0.07627552194070207,-0.5154923988396899,-0.6013542015380323,-0.30515749069474235,-0.5188489830898813,-0.007590429704928903,0.006256833347416502,-0.00756607450015484,0.006229696507448923,-0.7409838111897211,-0.6713728901313178,32.32594532280809,-52.60451911485381,16.11035398531815,-25.933286645130146,16.21138514340572,-26.674354529172604,16.160869564361935,-26.303820587151375,0.0042061940842188505,0.0031220594489411724,-4.409012659596037,-40.14292530660673,-40.17481823522721,-0.0008749046566539494,-0.19253504132706653,0.5602862255931029
1.6968,-0.5323528701688902,-0.5874658569178184,-0.218167294441054,-0.07546835954494646,-0.218142913885517,-0.0754961431290479,-0.5171584195389834,-0.6000502311971022,-0.30660054069065135,-0.5182757927204631,-0.00760941559272188,0.006306078931692605,-0.007585035037184884,0.006278295347591223,-0.7429107490172223,-0.6692402953944574,32.25941625320063,-52.46198181361559,16.077050278308697,-25.860787035482847,16.178122545775217,-26.604329651997816,16.127586412041957,-26.23255834374033,0.004243429116712605,0.003134873865072052,-4.405558050687459,-40.10239536377959,-40.1345331101789,-0.0008732195308659438,-0.19359961453252736,0.5644252734785766
1.6976,-0.5340573027562494,-0.5860542284888208,-0.2184107883473114,-0.0746831286134496,-0.21838640692477057,-0.07471154035226123,-0.5188249155004349,-0.5987372247505286,-0.3080425114923011,-0.5176983921368192,-0.0076283843391777295,0.006355704000259699,-0.007604002916636821,0.00632729226144807,-0.744839706764383,-0.6670930611025301,32.19314923936539,-52.319538708757676,16.043876843960863,-25.788325518729234,16.144991321656747,-26.534360942184133,16.094434082808803,-26.161343230456684,0.004281073747783637,0.0031477521556908528,-4.402108608021394,-40.0617937536309,-40.09414814167266,-0.0008715386516509537,-0.19467282112064122,0.5686070411760227
1.6984,-0.53576218591151,-0.5846327138110453,-0.21865581334213371,-0.0738926239940449,-0.2186314554625072,-0.07392164399967288,-0.5204918743790908,-0.5974151175180834,-0.30948339574298,-0.5171167816677055,-0.007647334706022857,0.006405711856333041,-0.007622976826396344,0.006376691850705052,-0.7467706645476209,-0.6649310496614234,32.127142955892985,-52.17718923234885,16.010833032498667,-25.715901713646165,16.11199078963067,-26.464448212857903,16.061411911064667,-26.090174963252032,0.00431913376365145,0.0031606941552126955,-4.398664309095658,-40.02112009116932,-40.05366263705989,-0.0008698650284010922,-0.19575475164880002,0.572832156179004
1.6992,-0.5374675043315386,-0.5832012393739051,-0.2189023628665541,-0.07309677651963807,-0.21887805282687944,-0.07312638360043613,-0.5221592834851836,-0.5960838439909799,-0.3109231860616443,-0.5165309616224054,-0.007666265443014797,0.006456105848936411,-0.007641955403340173,0.006426498768138389,-0.7487036017550779,-0.6627541217424796,32.061396087219975,-52.034932816362165,15.977918199375251,-25.643515238225085,16.079120272797695,-26.39459127781618,16.028519236086474,-26.019053258020634,0.004357615047027252,0.0031736996791025263,-4.395225131577702,-39.98037397436282,-40.01307591197012,-0.0008682016302964432,-0.19684549752443145,0.5771012557956396
1.7000000000000002,-0.539173242294863,-0.581759730727606,-0.21915043002030826,-0.07229551615400272,-0.21912619196521224,-0.07232568781062469,-0.5238271297750502,-0.5947433378193127,-0.3123618750421963,-0.5159409322911456,-0.007685175287454382,0.006506889374164271,-0.007660937232358389,0.00647671771754238,-0.7506384970277168,-0.660562136255773,31.995907327574738,-51.892768892737664,15.945131705232297,-25.571165709702896,16.04637909876355,-26.32478995155803,15.995755401997922,-25.947977830630464,0.004396523578893863,0.0031867685232640497,-4.39179105330537,-39.93955498398876,-39.97238729048291,-0.0008665513849597592,-0.19794515101326204,0.5814149872389294
1.7008,-0.540879383650854,-0.5803081124691616,-0.21940000755271685,-0.071488771977275,-0.21937586543442414,-0.07151948440009635,-0.5254953998418129,-0.5933935317992683,-0.313799455252763,-0.5153466939455293,-0.00770406296366688,0.00655806587646407,-0.007679920845374166,0.0065273534536426925,-0.7525753282399039,-0.6583549503229007,31.93067538092297,-51.75069689344546,15.912472915858704,-25.49885274459277,16.01376659962412,-26.255044049316176,15.963119757741412,-25.876948396954475,0.004435865440147069,0.003199900463492611,-4.388362052287528,-39.89866268349231,-39.93159610529527,-0.0008649171771622832,-0.19905380524790392,0.5857740077171343
1.7016,-0.5425859118086259,-0.5788463082281716,-0.21965108785328455,-0.0706764721711747,-0.21962706539119786,-0.0707077002391204,-0.527164079905812,-0.5920343578601001,-0.31523591923497774,-0.5147482468389883,-0.007722927182450323,0.006609638849937094,-0.007698904720363553,0.0065784107819913396,-0.7545140724794601,-0.6561324192492834,31.865698960912937,-51.60871625054883,15.87994120214806,-25.426575958714807,15.981282111951153,-26.185353387088572,15.930611657049607,-25.805964672901688,0.004475646813723699,0.0032130952545443847,-4.384938106704615,-39.857696618854405,-39.89070169788509,-0.0008633018475565865,-0.20017155423674127,0.5901789845223959
1.7024,-0.5442928097256434,-0.5773742406523567,-0.2199036629420059,-0.06985854400394995,-0.21987978358189228,-0.06989026128476383,-0.5288331558047824,-0.5906657470508703,-0.3166712595032638,-0.5141455912072566,-0.007741766640487313,0.006661611839663739,-0.007717887280373703,0.00662989455884988,-0.756454706027162,-0.6538943964959704,31.800976790820084,-51.46682639626806,15.847535940055486,-25.35433496722689,15.948924976778356,-26.11571778167083,15.898230458416922,-25.73502637444886,0.004515873986239427,0.0032263526296603118,-4.3815191949090035,-39.81665631846792,-39.84970341866826,-0.0008617081914422048,-0.20129849287319462,0.5946305951196109
1.7032,-0.5460000598960356,-0.575891831392851,-0.2201577244593723,-0.06903491381503904,-0.2201340113321882,-0.0690670925670294,-0.5305026129837702,-0.5892876295269426,-0.31810546854412264,-0.5135387272688626,-0.007760580019724739,0.006713988443040941,-0.007736866892540661,0.006681809691050589,-0.7583972043356833,-0.651640733650931,31.736507603491162,-51.32502676304396,15.8152565105531,-25.282129384655327,15.916694539588093,-26.04613705068831,15.865975525070596,-25.664133217671818,0.004556553349971182,0.0032396722996779204,-4.378105295425271,-39.77554129302534,-39.80860062715428,-0.0008601389575563603,-0.2024347169452887,0.5991295272335151
1.7040000000000002,-0.5477076443385956,-0.5743990010892424,-0.22041326365606542,-0.06820550699944529,-0.22038973953645993,-0.06823811817474418,-0.532172436484777,-0.5878999345362325,-0.31953853881542366,-0.5129276552256427,-0.0077793659867120835,0.0067667723111444755,-0.007755841867106594,0.006734161135845629,-0.7603415420079489,-0.6493712803998322,31.67229014128798,-51.183316783602166,15.783102299584659,-25.209958824925685,15.884590150298488,-25.97661101262889,15.833846224941574,-25.593284918777286,0.00459769140483246,0.0032530539524060487,-4.374696386950318,-39.734351035416196,-39.767392692095044,-0.0008585968469244834,-0.2035803231455893,0.6036764789353697
1.7048,-0.5494155445844726,-0.5728956693543612,-0.22067027138233206,-0.0673702479918197,-0.22064695864686446,-0.06740326124118932,-0.5338426109361257,-0.5865025904051983,-0.3209704627457009,-0.5123123752632752,-0.007798123191907258,0.0068199671501033565,-0.007774810456439629,0.006786953900733694,-0.7622876927748974,-0.6470858844962842,31.608323156030323,-51.04169589101741,15.751072698018863,-25.137822901393413,15.852611163251169,-25.907139486875845,15.801841930635016,-25.522481194134627,0.00463929476029179,0.003266497251843248,-4.371292448353334,-39.693085020634975,-39.726078991630736,-0.0008570845117242484,-0.20473540908156188,0.6082721587278286
1.7056,-0.5511237416645337,-0.5713817547588078,-0.22092873807702684,-0.06652906025024657,-0.2209056586621389,-0.0665624439294689,-0.5355131205415459,-0.5850955245245753,-0.3224012327334569,-0.5116928875518337,-0.007816850268937914,0.006873576722494834,-0.0077937708540499195,0.006840193043272602,-0.7642356294726227,-0.6447843917315492,31.544605408938267,-50.900163518777724,15.719167101601599,-25.06572122687435,15.820756937199272,-25.837722293740704,15.769962019400435,-25.451721760307528,0.004681370137397778,0.003280001837332236,-4.367893458675608,-39.65174270570174,-39.68465891343204,-0.0008556045542055485,-0.20590007328623178,0.612917285629436
1.7064,-0.5528322160963907,-0.5698571748152279,-0.2211886537563142,-0.06568186623972838,-0.22116582911609767,-0.0657155874176126,-0.5371839490689543,-0.5836786633348466,-0.32383084114646654,-0.5110691922463668,-0.007835545833826507,0.00692760484875149,-0.007812721193609928,0.00689388367086724,-0.7661853240188784,-0.6424666459037078,31.48113567057387,-50.75871910084977,15.68738491090685,-24.993653413675723,15.789026835296214,-25.768359254496826,15.738205873101531,-25.381006334086273,0.004723924370807708,0.0032935673227783013,-4.3644993971301655,-39.61032352959415,-39.6431318548398,-0.0008541595256384485,-0.20707441522928247,0.617612589256737
1.7072,-0.5545409478710843,-0.5683218459623153,-0.22145000800201692,-0.06482858741536354,-0.22142745906581995,-0.06486261188340588,-0.5388550798389385,-0.5822519323114421,-0.32525928032109297,-0.510441289487494,-0.007854208484171399,0.006982055408584598,-0.007831659547974434,0.006948030940542249,-0.7681367473889299,-0.6401324887862634,31.417912720782095,-50.617362071743486,15.655725531286393,-24.921619073626655,15.757420225084843,-25.699050191412738,15.706572878185618,-25.310334632519698,0.004766964410858776,0.003307193295910338,-4.361110243101269,-39.56882691319271,-39.601497222999676,-0.0008527519253103279,-0.2082585353285517,0.6223588099055632
1.7080000000000002,-0.5562499164394109,-0.5667756835485552,-0.2217127899496015,-0.06396914420521452,-0.2216905370795184,-0.06400343648894387,-0.5405264957129213,-0.5808152559496632,-0.3266865425616061,-0.5098091794020301,-0.007872836798286376,0.0070369323424187,-0.007850583928203203,0.00700264005868928,-0.7700898695907261,-0.6377817600961884,31.354935348630907,-50.476091866577896,15.624188372818,-24.84961781810908,15.725936478487196,-25.62979492778607,15.675062425652598,-25.239706372947573,0.004810497325710372,0.003320879317250558,-4.357725976143689,-39.52725225923979,-39.55975443499567,-0.0008513841995481042,-0.20945253496194763,0.6271566986298751
1.7088,-0.5579591006978845,-0.5652186018156949,-0.2219769882757875,-0.06310345599285877,-0.22195505122407774,-0.06313797936490179,-0.5421981790810073,-0.5793685577493234,-0.32811262013951326,-0.5091728621036289,-0.007891429334293432,0.00709223965283573,-0.007869492282583712,0.007057716280792714,-0.7720446596393785,-0.6354142974613894,31.29220235235037,-50.33490792114651,15.592772850252253,-24.777649258088633,15.694574971794719,-25.56059328797735,15.643673911023486,-25.169121273032992,0.004854530303397553,0.0033346249194750044,-4.354346575981813,-39.4855989523155,-39.51790291798209,-0.0008500587407828953,-0.21065651647974948,0.6320070173192107
1.7096,-0.5596684789743225,-0.5636505138819401,-0.2222425911857701,-0.06223144109962016,-0.2222209890522548,-0.06226615759451817,-0.5438701118494916,-0.5779117601991018,-0.3295375052928946,-0.5085323376934519,-0.007909984629173084,0.007147981406029846,-0.007888382495657764,0.0071132649111319,-0.7740010855309196,-0.6330299363875902,31.229712539271013,-50.1938096719834,15.561478382957853,-24.705713004145572,15.663335085659167,-25.491445097444142,15.612406734308511,-25.098579050794857,0.004899070653991089,0.0033484296063122088,-4.350972022508563,-39.443866358826504,-39.47594210931284,-0.0008487778866571207,-0.21187058321737964,0.6369105387735772
1.7104,-0.5613780290130382,-0.562071331724884,-0.2225095864000408,-0.061353016766476996,-0.22248833758952766,-0.061387887197286245,-0.545542275428026,-0.5764447847606067,-0.3309611902257479,-0.5078876062608637,-0.007928501197762672,0.00720416173326599,-0.007907252387249541,0.007169291302456693,-0.7759591142153164,-0.630628510224627,31.167464725761135,-50.052796556429854,15.5303043948653,-24.633808666506216,15.632216205083918,-25.42235018277545,15.581260299974609,-25.028079424640833,0.004944125811917388,0.0033622928518113326,-4.347602295784056,-39.402053827016374,-39.4338714566711,-0.0008475439191586089,-0.2130948395085745,0.6418680467757838
1.7112,-0.5630877279596366,-0.5604809661641565,-0.2227779611407966,-0.060468099135641044,-0.2227570833205838,-0.06050308311234645,-0.54721465071643,-0.5749675518521317,-0.33238366710734313,-0.5072386678841504,-0.007946977531709642,0.007260784832340272,-0.007926099711496881,0.007225800855634845,-0.7779187115687236,-0.6282098501321378,31.10545773716297,-49.91186801270104,15.499250314408908,-24.561935855074296,15.601217719416072,-25.353308371725944,15.55023401691249,-24.95762211340012,0.004989703337987095,0.0033762140991981937,-4.344237376034106,-39.36016068699329,-39.39169041819945,-0.0008463590637711046,-0.2143293906989804,0.6468803361612459
1.7120000000000002,-0.564797552345391,-0.5588793268438043,-0.223047702117921,-0.05957660323180566,-0.22302721217543556,-0.05961165918157716,-0.5488872180911354,-0.5734799808321144,-0.3338049280715849,-0.5065855226312679,-0.007965412098370539,0.007317854969040805,-0.007944922155885048,0.007282799019269315,-0.7798798423649416,-0.6257737850446508,31.043690407727873,-49.77102347995376,15.468315574467052,-24.490094179463092,15.570339022339077,-25.284319493250795,15.519327298403065,-24.887206836356945,0.005035810921743433,0.003390192760129196,-4.340877243648428,-39.31818625078047,-39.34939846263181,-0.0008452254886527433,-0.21557434316021,0.6519482128842071
1.7128,-0.5665074780711946,-0.5572663222143907,-0.2233187955145251,-0.05867844294305788,-0.2232987095151511,-0.05871352813237635,-0.5505599573912506,-0.5719819899822737,-0.3352249652163845,-0.505928170560615,-0.007983803339659035,0.007375376478600704,-0.007963717340285004,0.007340291289282319,-0.7818424702460607,-0.6233201416360492,30.982161580550418,-49.63026239835436,15.437499612300579,-24.418283249027755,15.539579511866142,-25.215383377540217,15.48853956208336,-24.816833313283986,0.005082456383696865,0.0034042282136113045,-4.337521879178658,-39.27612981239073,-39.306995069427884,-0.0008441453038492491,-0.21682980430429893,0.657072494080694
1.7136,-0.5682174803910691,-0.5556418595148285,-0.22359122697203396,-0.05777353100145278,-0.22357156011718854,-0.05780860156013043,-0.5522328479042404,-0.5704734964904334,-0.3366437706030435,-0.5052666117218394,-0.008002149670837011,0.007433353767141326,-0.007982482815991676,0.007398283208463641,-0.783806557692266,-0.6208487442834225,30.9208701075009,-49.48958420914771,15.406801869489172,-24.34650267289843,15.50893859033415,-25.146499856054156,15.457870229911661,-24.746501264476294,0.005129647677577509,0.0034183198048793884,-4.334171263336027,-39.233990647928465,-39.264479728914004,-0.000843120560456017,-0.21809588259853754,0.6622540081272064
1.7144,-0.5699275338952121,-0.5540058447539451,-0.22386498157480145,-0.056861778963249884,-0.22384574816032038,-0.05689678991036725,-0.5539058683511934,-0.5689544164330178,-0.33806133625564183,-0.5046008461566729,-0.008020449479249903,0.007491791313095075,-0.008001216064768835,0.007456780365977689,-0.7857720659907637,-0.61835941503029,30.85981484915703,-49.34898835472706,15.376221791865763,-24.274752060014343,15.478415664398641,-25.07766876155732,15.427318728132203,-24.67621041078583,0.0051773928926230894,0.0034324668446004125,-4.330825376988846,-39.1917680157231,-39.221851942429616,-0.0008421532498226311,-0.21937268758074474,0.6674935946946903
1.7152,-0.5716376124925714,-0.552358182691787,-0.22414004383423997,-0.05594309718880786,-0.22412125720913523,-0.055978002460586485,-0.5555789968716776,-0.5674246647572135,-0.33947765416043685,-0.5039308738998032,-0.008038701122999259,0.007550693668602559,-0.00801991449789452,0.00751578839682393,-0.787738955203812,-0.6158519735491974,30.798994674733915,-49.20847427870529,15.345758829448618,-24.203031019158985,15.44801014502946,-25.008889928153927,15.396884487239038,-24.605960473656456,0.005225700255838461,0.0034466686076228825,-4.327484201159632,-39.14946115649931,-39.179111222485666,-0.0008412453026898722,-0.2206603298748312,0.6727921047969687
1.7160000000000002,-0.573347689392923,-0.5506987768206714,-0.22441639767244806,-0.055017394822140686,-0.22439807019810276,-0.0550521473017659,-0.5572522110081614,-0.5658841552627946,-0.3408927162652668,-0.5032566949797797,-0.008056902929553467,0.007610065460874171,-0.008038575455208197,0.007575312981248972,-0.7897071841358176,-0.6133262371036863,30.738408462013012,-49.06804142598758,15.31541243637129,-24.131339158996834,15.417721447507425,-24.940163191322704,15.366566941939357,-24.535751175159767,0.005274578134297769,0.003460924331953663,-4.324147717021949,-39.10706929358746,-39.136257092935125,-0.0008403985882823617,-0.2219589212066678,0.678150400833232
1.7168,-0.5750577370884391,-0.5490275293460016,-0.22469402640531883,-0.05408457977013476,-0.22467616941518795,-0.05411913131953837,-0.5589254876899866,-0.5643328005835981,-0.3423065144789595,-0.5025783094199633,-0.008075053194291637,0.00766991139350004,-0.008057196204160788,0.007635359844096468,-0.7916767102994662,-0.6107820205096365,30.678055097269375,-48.92768924284612,15.285182070809924,-24.059676088111996,15.387548991422056,-24.87148838795174,15.336365531115991,-24.465582238031867,0.005324035037393315,0.0034752332176140044,-4.3208159058969,-39.06459163318411,-39.09328908916217,-0.0008396149133221209,-0.22326857442018305,0.6835693566228258
1.7176,-0.5767677273347174,-0.5473443411668599,-0.22497291272511122,-0.053144558681432655,-0.22495553648500005,-0.05317886017503844,-0.5605988032168813,-0.5627705121686459,-0.34371904067074366,-0.5018957172395174,-0.008093150178973663,0.007730236247695921,-0.00807577393886244,0.0076959347540900835,-0.793647489880855,-0.6082191360959885,30.617933475197578,-48.78741717699707,15.2550671949081,-23.98804141504932,15.357492200670496,-24.802865356373346,15.306279697789298,-24.395453385711335,0.005374079618981398,0.0034895944256021494,-4.3174887492492795,-39.02202736467133,-39.0502067582953,-0.0008388960208955362,-0.224589403493588,0.6890498574318258
1.7184,-0.5784776311312483,-0.5456491118564064,-0.22525303868246582,-0.05219723692499144,-0.2252361523514595,-0.052231238285418535,-0.5622721332419841,-0.561197200262909,-0.3451302866696535,-0.5012089184544527,-0.008111192110135279,0.007791044883464826,-0.008094305779128896,0.007757043523037743,-0.7956194777035788,-0.6056373936648627,30.558042498836443,-48.64722467768115,15.225067274698887,-23.91643474835889,15.327550503457857,-24.734293936398903,15.276308889078372,-24.325364342378897,0.00542472067969868,0.003504007076642779,-4.314166228683333,-38.97937566100419,-39.00700965944981,-0.0008382435891746946,-0.22592152355555226,0.6945927999890955
1.7192,-0.5801874187012921,-0.5439417396421153,-0.22553438566784587,-0.051242518568324506,-0.22551799725996796,-0.05127616880403297,-0.5639454527543739,-0.5596127738877009,-0.34654024426392604,-0.5005179130787294,-0.008129177177398028,0.007852342240647014,-0.008112788769520152,0.007818692004938566,-0.79759262719174,-0.6030366004510869,30.498381079492138,-48.50711119574815,15.195181780024036,-23.844855696644615,15.29772333229921,-24.665773969353566,15.246452556161623,-24.25531483299909,0.005475967168891316,0.0035184702500288267,-4.310848325938122,-38.93663567918444,-38.96369736401238,-0.0008376592298744649,-0.22726505090119656,0.7001990924908625
1.7200000000000002,-0.5818970594711299,-0.5422221213858914,-0.22581693439238165,-0.050280306355444754,-0.22580105073906392,-0.05031355360029466,-0.5656187360610722,-0.558017140820701,-0.34794890520037824,-0.4998227011254265,-0.008147103531687738,0.00791413333982971,-0.00813121987837001,0.007880886094979833,-0.7995668903318238,-0.6004165610811659,30.438948136660397,-48.36707618374697,15.165410184450124,-23.77330386861837,15.268010124023554,-24.59730529811093,15.21671015423684,-24.185304583364648,0.005527828186718153,0.003532982982328292,-4.3075350228824565,-38.89380656083619,-38.920269455974804,-0.000837144486413497,-0.22862010300762128,0.7058696545902308
1.7208,-0.5836065220486495,-0.5404901525641251,-0.2261006648680975,-0.049310501684529585,-0.22608529158154606,-0.049343293239207726,-0.5672919567685039,-0.5564102075755922,-0.3493562611837549,-0.49912328260799,-0.008164969283348478,0.007976423283072631,-0.008149595996797099,0.007943631728394462,-0.8015422176333984,-0.5977770775317273,30.37974259794756,-48.22711909602234,15.13575196518152,-23.70177887316115,15.23841031978014,-24.528887767127475,15.18708114248083,-24.115333320144313,0.005580312985898672,0.003547544266282898,-4.30422630150939,-38.85088743291112,-38.87672553233625,-0.0008367008316393,-0.22998679854862356,0.7116054173698103
1.7216,-0.5853157742012136,-0.5387457272477659,-0.22638555638749672,-0.04833300458534048,-0.22637069782504624,-0.04836528696058609,-0.5689650877633855,-0.5547918793813162,-0.3507623038760281,-0.4984196575415778,-0.008182772500139268,0.008039217254397935,-0.008167913937688842,0.008006934879152383,-0.8035185580885711,-0.5951179490875044,30.320763398991033,-48.08723938882112,15.106206602969987,-23.630280319393506,15.208923365047692,-24.46052122247698,15.15756498400884,-24.045400770935245,0.005633430973354336,0.003562153049372796,-4.3009221439302125,-38.80787740855318,-38.83306520359171,-0.0008363296650093811,-0.23136525740815594,0.7174073232924911
1.7224,-0.5870247828327455,-0.5369887380825177,-0.22667158750247904,-0.04734771369644257,-0.22665724673203066,-0.047379432657974646,-0.5706381011930118,-0.5531620601609321,-0.3521670248956238,-0.49771182594451624,-0.008200511205091021,0.008102520519973233,-0.008186170434642648,0.008070801558441143,-0.8054958591301336,-0.5924389722989334,30.26200948338023,-47.947436520410356,15.076773582021147,-23.558807816758254,15.179548709647378,-24.392205511884633,15.128161145834262,-23.975506664321443,0.005687191711704287,0.0035768082325304817,-4.297622532368017,-38.76477558816829,-38.78928809433644,-0.000836032309066425,-0.23275560069180334,0.7232763261264097
1.7232,-0.588733513959954,-0.5352190762693002,-0.22695873600256145,-0.04635452624228291,-0.2269449147692102,-0.04638562685729217,-0.5723109684449058,-0.5515206525100818,-0.3535704158165441,-0.49699978783990345,-0.008218183374199717,0.008166338427895437,-0.008204362140848465,0.008135237812886165,-0.8074740665883158,-0.5897399409394786,30.203479802577757,-47.807709951211656,15.047452389897437,-23.487360975119234,15.150285807760325,-24.323940484761206,15.098869098828882,-23.90565072994022,0.005741604919993648,0.0035915086687836606,-4.294327449150719,-38.721581060754346,-38.745393844018494,-0.000835810004949044,-0.23415795073547116,0.7292133908366338
1.7240000000000002,-0.5904419326875813,-0.5334366315451639,-0.22724697889237064,-0.04535333801021533,-0.22723367758633436,-0.04538376469523173,-0.57398366012579,-0.5498675576750535,-0.35497246816733313,-0.4962835432573851,-0.008235786933913747,0.008230676407453008,-0.008222485627877474,0.008200249722436603,-0.8094531246460381,-0.5870206459628322,30.14517331584402,-47.668059143956796,15.018242517418338,-23.415939404881605,15.121134117951282,-24.255725992236997,15.069688317684811,-23.8358326985593,0.005796680474396965,0.003606253161805739,-4.2910368767036955,-38.67829290557127,-38.70138210789308,-0.0008356639067355744,-0.23557243110995185,0.7352194934362615
1.7248,-0.5921500031825357,-0.5316412921649212,-0.22753629236837025,-0.04434404332758797,-0.2275235099943463,-0.04437373989746345,-0.5756561460398323,-0.5482026755304404,-0.3563731734298257,-0.4955630922351551,-0.008253319758363686,0.00829553996769733,-0.008240537384339774,0.008265843397821881,-0.8114329757925423,-0.5842808754602065,30.087088990166144,-47.52848356387212,14.989143458558061,-23.34454271714079,15.092093103200032,-24.187561887195653,15.040618280879047,-23.76605230216822,0.0058524284080512246,0.0036210404643171046,-4.287750797542033,-38.634910194257486,-38.65725255824314,-0.000835595074188854,-0.2369991666195878,0.7412956207847969
1.7256,-0.5938576886466963,-0.5298329448838586,-0.227826651794779,-0.04332653503906268,-0.22781438594286937,-0.04335544475671117,-0.5773283951660978,-0.5465259045563992,-0.35777252303757284,-0.49483843482224193,-0.008270779666254058,0.008360934695094524,-0.008258513814344448,0.008332024977446062,-0.8134135607752213,-0.5815204146180157,30.02922580019556,-47.38898267890203,14.960154710342229,-23.273170523870565,15.063162230943538,-24.119448024307957,15.011658470642884,-23.69630927408926,0.005908858909794645,0.003635869276486403,-4.284469194262624,-38.59143199354249,-38.613004885963036,-0.0008356044634969254,-0.23843828329251843,0.7474427703193669
1.7264,-0.5955649512880998,-0.5280114749420285,-0.22811803167862416,-0.04230070448440576,-0.228106278496994,-0.04232877011080563,-0.5790003756351273,-0.5448371418155132,-0.3591705083738045,-0.49410957108116516,-0.008288164417301347,0.008426866249942266,-0.008276411235671188,0.008398800623542424,-0.8153948185494226,-0.5787390456763766,29.971582728200065,-47.249555959986296,14.931275772745677,-23.201822438164434,15.034340973132341,-24.051384260065884,14.982808372939008,-23.626603349115157,0.005965982322049257,0.0036507382440191805,-4.281192049536415,-38.547857368763616,-38.56863880263555,-0.000835692915399183,-0.23988990835884377,0.7536619496988521
1.7272,-0.5972717522900807,-0.5261767660508353,-0.22841040564386328,-0.0412664414770897,-0.22839915981332887,-0.041293605320861466,-0.5806720547045328,-0.543136282929267,-0.36056712076871067,-0.49337650109107556,-0.00830547170804119,0.00849334036110172,-0.008294225877506722,0.008466176517329949,-0.8173766862259028,-0.5759365478890267,29.914158764039463,-47.1102028814118,14.902506148595693,-23.130498074551085,15.005628806307133,-23.983370452816686,14.954067477451414,-23.556934263683885,0.006023809136635805,0.00366564595596941,-4.277919346101521,-38.504185388490406,-38.52415404329763,-0.0008358611399553591,-0.24135417021123795,0.759954176333423
1.728,-0.5989780517777353,-0.5243287003829261,-0.2287037464044808,-0.0402236342842096,-0.22869300111527024,-0.04024983824980344,-0.5823433987334632,-0.541423222054156,-0.36196235149572376,-0.49263922495153456,-0.008322699166741332,0.008560362818411882,-0.008311953877530809,0.008534158852818052,-0.8193590990154748,-0.5731126974855476,29.85695290517961,-46.97092292126877,14.873845343487641,-23.05919704941351,14.977025211703424,-23.915406462797495,14.925435277595533,-23.487301756105502,0.006082349988545843,0.0036805909422312766,-4.274651066758265,-38.460415130688695,-38.4795503701684,-0.000836109696986175,-0.24283119834002523,0.7663204767613081
1.7288000000000001,-0.6006838087807342,-0.5224671585668565,-0.22899802573643166,-0.039172169608450616,-0.22898777266743733,-0.039197355241572966,-0.5840143731557345,-0.5396978518574623,-0.36335619176629985,-0.49189774278714765,-0.008339844346997083,0.008627939461864076,-0.008329591278002701,0.008602753828741705,-0.8213419901701688,-0.5702672676371712,29.799964156769047,-46.831715562056104,14.845292865726012,-22.987918981555676,14.948529675397054,-23.847492152170517,14.896911270561533,-23.4177055668631,0.006141615645979925,0.003695571670093045,-4.271387194368267,-38.416545691073324,-38.43482757775497,-0.0008364389710312382,-0.24432112323051386,0.7727618858218079
1.7296,-0.6023889811909581,-0.5205920196886998,-0.22929321444824383,-0.03811193257323548,-0.22928344374919774,-0.03813604110153759,-0.5856849424513135,-0.5379600634927504,-0.36474863272241503,-0.49115205475333856,-0.008356904719345304,0.008696076166176292,-0.00834713402029924,0.0086719676378742,-0.8233252909198565,-0.5674000284281117,29.743191531819768,-46.692580291502225,14.816848226313681,-22.91666349298287,14.920141688510215,-23.77962738505909,14.868494957411947,-23.348145439020982,0.006201616995873849,0.0037105865397393245,-4.268127711861324,-38.37257619462338,-38.38998549995737,-0.0008368491394248104,-0.24582407620368188,0.7792794455496903
1.7304,-0.6040935257125167,-0.5187031613038314,-0.22958928234999473,-0.03704280671277565,-0.22957998262718807,-0.0370657790789042,-0.5873550701157229,-0.5362097465751708,-0.3661396654255284,-0.4904021610436612,-0.0083738776598003,0.008764778818733998,-0.008364577936993578,0.008741806452605416,-0.8253089304027112,-0.564510746835341,29.686634051560887,-46.5535166037025,14.78851093903014,-22.845430209995897,14.891860747508481,-23.711812027584376,14.84018584326931,-23.278621118790134,0.006262365022266181,0.0037256338777709175,-4.264872602256852,-38.32850581176217,-38.34502402013449,-0.0008373401319878326,-0.24734018917024486,0.7858742036893034
1.7312,-0.6057973978000987,-0.5168004594638427,-0.22988619822020356,-0.035964673969773354,-0.2298773565266854,-0.03598645085244352,-0.589024718626655,-0.5344467891567153,-0.3675292808399323,-0.48964806189917054,-0.008390760433480915,0.008834053287771426,-0.008381918739962801,0.008812276405101238,-0.8272928355868212,-0.5615991867213874,29.630290746088182,-46.414524000731454,14.760280520673739,-22.77421876475656,14.863686354640183,-23.644045947902008,14.811983437656961,-23.209132356329285,0.006323870774259888,0.0037407119271151146,-4.2616218487125295,-38.28433378157456,-38.299943085644166,-0.000837911581142245,-0.2488695942497104,0.7925472116807839
1.732,-0.6075005515787433,-0.5148837887662637,-0.2301839297698781,-0.03487741470523189,-0.23017553160161727,-0.034897936521677074,-0.5906938494067029,-0.5326710777016599,-0.3689174698069754,-0.48888975762050735,-0.008407550170150602,0.008903905375920673,-0.008399152001889787,0.008883383559475488,-0.8292769311784708,-0.5586651088474163,29.574160655530303,-46.27560199498019,14.732156491608434,-22.703028797575122,14.835618018603563,-23.576329016236375,14.783887255105999,-23.13967890690575,0.006386145318305836,0.0037558188313084884,-4.2583754346242,-38.24005944590246,-38.254742729309164,-0.000838562762577787,-0.2504124231735252,0.7992995219142074
1.7328000000000001,-0.6092029397328731,-0.5129530224393113,-0.23048244360238776,-0.0337809077278587,-0.23047447290287212,-0.03380011460720897,-0.5923624227803945,-0.5308824970625812,-0.37030422300400384,-0.4881272485834124,-0.008424243825997102,0.008974340751310095,-0.008416273126481466,0.008955133871959786,-0.8312611395092637,-0.5557082709184801,29.518242832142793,-46.1367501126262,14.704138376884941,-22.631859960329734,14.807655255591905,-23.508661104904363,14.755896816238423,-23.07026053261705,0.0064491996659477024,0.0037709526078941735,-4.25513334382374,-38.19568230073115,-38.2094231018833,-0.0008392925305594403,-0.2519688063334598,0.8061321839674918
1.7336,-0.6109045133422846,-0.5110080324814548,-0.2307817051667214,-0.032675030356112064,-0.23077414434434357,-0.032692862066771126,-0.5940303979224036,-0.5290809304576426,-0.37168953087681167,-0.4873605352581071,-0.008440838121129335,0.009045364843423442,-0.008433277298751596,0.009027533132764387,-0.8332453803878765,-0.5527284276809903,29.46253634412897,-45.99796789891316,14.676225708474979,-22.560711921705675,14.77979759099089,-23.441042088309334,14.728011649732935,-23.000877005007503,0.0065130446631016525,0.0037861111018457905,-4.251895560969713,-38.15120207589664,-38.163984522486196,-0.0008400992626205302,-0.25353887122864593,0.8130462394610731
1.7344,-0.6126052216225499,-0.5090486898885205,-0.23108167869942614,-0.03155965853657327,-0.23107450866571902,-0.03157605433919219,-0.5956977327913838,-0.5272662594503502,-0.3730733835243943,-0.4865896182315526,-0.0084573294324366,0.009116982682224328,-0.008450159398729506,0.00910058687960541,-0.8352295708895394,-0.549725331107318,29.40704028280247,-45.8592549263885,14.648418029733756,-22.489584375437676,14.752044562252394,-23.37347184285189,14.700231295993074,-22.931528109144786,0.006577690816321535,0.0038012919010697033,-4.248662072330049,-38.106618862815445,-38.11842755933892,-0.0008409808558647915,-0.25512273985609724,0.8200427151251972
1.7352,-0.6143050114845923,-0.5070748650232152,-0.23138232714557694,-0.03043466706387455,-0.23137552739017533,-0.030449565440328705,-0.5973643840389634,-0.52543836393406,-0.3744557704939017,-0.48581449822653594,-0.008473713600515242,0.009189198643649477,-0.00846691384511361,0.00917430026719529,-0.837213625029654,-0.5466987307307392,29.351753776533428,-45.720610808078256,14.620714904514502,-22.418477053638217,14.724395724005216,-23.305950246614575,14.67255531425986,-22.862213650126396,0.006643148013708355,0.003816492174536279,-4.245432867397617,-38.061933326817794,-38.07275316334879,-0.0008419348880879113,-0.25672052416933705,0.827122613906198
1.736,-0.6160038267331879,-0.5050864282191267,-0.23168361203758292,-0.02929992999372029,-0.2316771607733798,-0.029313268161385696,-0.5990303068731068,-0.523597122125698,-0.37583668039766593,-0.48503517609485935,-0.008489985562142144,0.009262016037118292,-0.008483534297938966,0.009248677869452882,-0.8391974532086286,-0.5436483742499654,29.296676019258655,-45.582035219001924,14.593115936502244,-22.347389748934184,14.696850657690213,-23.23847717841568,14.644983297096228,-22.79293346367493,0.006709425066198094,0.003831708347938445,-4.242207942372255,-38.01714707505916,-38.02696289722663,-0.0008429592461736712,-0.2583323178409882,0.8342869051821822
1.7368000000000001,-0.6177016064987684,-0.5030832507675213,-0.23198549328124218,-0.028155321447954976,-0.2319793677362559,-0.028167034484262703,-0.6006954548315392,-0.5217424105780121,-0.3772161001564047,-0.4842516527066578,-0.008506138606107716,0.00933543642339929,-0.00850001306112147,0.009323723387091531,-0.8411809611739027,-0.5405740086388755,29.241806332426663,-45.443527931574295,14.565620812433163,-22.276322351983673,14.669408991058805,-23.171052515004718,14.617514901745984,-22.723687433494195,0.006776528934693715,0.0038469354140957535,-4.23898730810975,-37.97226332428558,-37.98105934331775,-0.0008440540508018286,-0.2599581805961157,0.8415365200599467
1.7376,-0.6193982819230806,-0.5010652064843308,-0.23228792871521386,-0.027000717283823195,-0.23228210576456554,-0.027010736502119458,-0.6023597793625329,-0.5198741042314794,-0.37859401340291704,-0.4834639284649338,-0.008522162755597973,0.009409458482722455,-0.008516339804949646,0.009399439264426157,-0.8431640478826965,-0.5374753822508764,29.18714431014665,-45.30508887179944,14.538229405488522,-22.20527491484527,14.642070441238584,-23.103676122319595,14.590149923363553,-22.65447551858243,0.0068444634195437,0.003862165365418946,-4.23577100966247,-37.92728817536994,-37.935046853686856,-0.000845227263591082,-0.26159810682598267,0.8488723759995196
1.7384,-0.6210937685448887,-0.4990321738673407,-0.23259087304006307,-0.02583599888032766,-0.23258533073425883,-0.025844248671335775,-0.6040232289482632,-0.517992076558454,-0.379970396859415,-0.4826720014370657,-0.00853804095121491,0.009484076241060707,-0.008532498645410613,0.009475826450052599,-0.8451466006337369,-0.5343522489887291,29.1326901926192,-45.16671819053073,14.51094204457306,-22.1342477484449,14.614834921012946,-23.036347825429807,14.562888482793003,-22.585297786937353,0.0069132270331948575,0.0038773833439762484,-4.232559179071588,-37.882233168010515,-37.88893294298602,-0.0008465113124064101,-0.26325195949006486,0.8562955249323352
1.7392,-0.6227879472254779,-0.4969840369625949,-0.23289427466276394,-0.02466106289584865,-0.23288899655809264,-0.024667454232340253,-0.6056857469851413,-0.5160961999483662,-0.3813452114948813,-0.48187585989138615,-0.008553739172503905,0.009559277161131446,-0.008548461067832691,0.00955288582463984,-0.8471284827157379,-0.531204377019575,29.07844594425638,-45.0284162244427,14.483760291520113,-22.063241493243993,14.58770284228034,-22.969067288542515,14.535731566900226,-22.516154390893256,0.00698281045592708,0.0038925573438106653,-4.229352196204194,-37.83712053892711,-37.842730646082835,-0.0008480149988173934,-0.264919327930792,0.8638078041547885
1.74,-0.6244806131814872,-0.4949206701798823,-0.23319806370999616,-0.02347585156592516,-0.23319305444145785,-0.023480268560357016,-0.607347265587065,-0.5141863468327538,-0.38271838030854904,-0.48107544844317696,-0.008569178431480251,0.009635046823651683,-0.008564169162941948,0.009630629829219806,-0.8491094984600032,-0.5280315685694591,29.02441882931133,-44.89018229046786,14.456689449842667,-21.992256483234815,14.560676178864242,-22.90183341594784,14.508682814353454,-22.44704494959133,0.0070532006044210505,0.003907608714797561,-4.226151259170773,-37.79199303636159,-37.79645992079731,-0.0008500939911720351,-0.26659926480127505,0.8714145949122383
1.7408000000000001,-0.6261713538863017,-0.4928418097775464,-0.23350208414807216,-0.02228047868918103,-0.23349745386908183,-0.0222827713543466,-0.609007681520063,-0.5122623936780616,-0.3840897486946054,-0.4802704767060402,-0.00858415132261453,0.009711438282840407,-0.008579521043624194,0.00970914561767483,-0.8510892867117594,-0.5248337267495677,28.97063530983041,-44.752002938936684,14.429747148004571,-21.921285230250746,14.533763712881884,-22.83464004384946,14.481755430443227,-22.377962637050103,0.007124448943955031,0.0039223351635229164,-4.222960843559288,-37.746915262410916,-37.750121893844536,-0.0008538430855466814,-0.26829052983067264,0.8791352728485435
1.7416,-0.6278596318009411,-0.4907463569955529,-0.23380521706575288,-0.021076078171207355,-0.23380270877010081,-0.02107797590771076,-0.6106666975239405,-0.5103242404888444,-0.385459201744514,-0.4794582717027396,-0.008597721286326299,0.009789890614897434,-0.008595212990674228,0.009787992878394047,-0.8530671275803676,-0.5216123257816577,28.917255743623677,-44.61368804918159,14.402983427714755,-21.850230856406412,14.5070751729608,-22.76739366907953,14.455029300337777,-22.308812262742972,0.007197142948122348,0.0039364763043536755,-4.219811274845437,-37.701575481533574,-37.70362968992539,-0.0008558938968099854,-0.27000446363990915,0.8868760970946425
1.7424,-0.6295474367086863,-0.48863234086479745,-0.2341042913646757,-0.019845962690090747,-0.23410765898979047,-0.019851024081026142,-0.6123148046086336,-0.5083670078345083,-0.3868251454814269,-0.4786511809640944,-0.008614632237468944,0.009869864180323096,-0.008617999862583714,0.009864802789387728,-0.855037095835893,-0.5183481677352113,28.863685636936932,-44.4762308460261,14.375856276458254,-21.779525084915548,14.480558228118234,-22.700663235037325,14.428207252288244,-22.240094159976437,0.007271132360443744,0.003957473926774924,-4.2165808415921475,-37.654166471892154,-37.65522564821431,-0.000984838564959733,-0.2718663214208077,0.8938673441276421
1.7432,-0.6312371373084166,-0.4865033034183674,-0.2344164666228348,-0.018621766931606817,-0.23441254033872905,-0.01862148461908526,-0.6139845607071343,-0.5064038511322609,-0.3881963455269935,-0.47783195149996815,-0.008628251442694024,0.009950132700685982,-0.008624325158588297,0.009950415013207564,-0.8570253524885574,-0.5150752030506602,28.810273336413417,-44.337866527243285,14.34944349872962,-21.708442873538992,14.453481839910406,-22.63338905487125,14.401462669320013,-22.170915964205122,0.007347997773390347,0.003965401166958316,-4.213381287534757,-37.60821029354381,-37.60976596172932,-0.0008907441756172979,-0.2734648856849302,0.9030615226498924
1.744,-0.6329250166864032,-0.48436042513383876,-0.23472216364901408,-0.01738315904376032,-0.23471779910036464,-0.01737984949788532,-0.6156399317297038,-0.5044222391090851,-0.38956249283336414,-0.4770098278506391,-0.00864472475267447,0.010029252214685647,-0.008640360204024977,0.010032561760560665,-0.8590024555827429,-0.5117728363922848,28.757240372835366,-44.19986102210867,14.322848652845433,-21.63744856263969,14.426967752617141,-22.566394586236314,14.374908202731287,-22.101921574438002,0.0074239673727909405,0.003982126767333227,-4.210202353961448,-37.56175558239317,-37.5619796775566,-0.0008832069306686899,-0.2752543837051657,0.9111850823639145
1.7448000000000001,-0.6346103645853531,-0.482201744358457,-0.23502767050623488,-0.016132456233629668,-0.2350231796873756,-0.016126683442842304,-0.6172944229324004,-0.5024256578552382,-0.39092696866207155,-0.4761841312686116,-0.00866021623590596,0.010109070352996907,-0.008655725417046733,0.010114843143784302,-0.860977818855682,-0.5084432709450836,28.7043771807418,-44.061969764833165,14.296340530226717,-21.566522368726776,14.400536281634704,-22.499445508002175,14.348438405930711,-22.032983938364474,0.007500368880378971,0.003998111895782586,-4.207021456400776,-37.51554300028069,-37.51458757709396,-0.0008801247049430556,-0.2770440483206187,0.9193471696229665
1.7456,-0.63629356473905,-0.48002660037226635,-0.23533318960010655,-0.01487003812848411,-0.23532860228193608,-0.014861944044020473,-0.6189476566061151,-0.5004140862186633,-0.3922897147315612,-0.47535435220921257,-0.00867524772555267,0.010189695880966687,-0.008670660407382236,0.010197789965430304,-0.8629515066136038,-0.5050863343817171,28.6517156512611,-43.92415767130764,14.269938056157358,-21.49562655275794,14.374199885469306,-22.432544864736332,14.322068970813332,-21.964085708747135,0.007577709634436047,0.004013746186629419,-4.203844616324228,-37.46929087321885,-37.467219273780515,-0.0008795008664467943,-0.2788439337083151,0.927610410320483
1.7464,-0.6379747850762935,-0.4778347781803383,-0.23563870464512382,-0.013595886558293522,-0.23563400194100492,-0.013585509600044763,-0.6205995096297833,-0.4983873970310504,-0.393650794059974,-0.4745203895265252,-0.008689989075314541,0.010271120946231671,-0.008685286371195644,0.010281497904480408,-0.8649235006461027,-0.5017017856848636,28.599255404759337,-43.786412656298076,14.243639014084373,-21.424749899049118,14.347960299422297,-22.365691959821113,14.295799656753335,-21.895220929435116,0.007656091252666641,0.004029202572155555,-4.200672285762313,-37.42293027468224,-37.41977488530533,-0.0008802141944019948,-0.2806577519704657,0.9359815223965597
1.7472,-0.6396540536234603,-0.4756261285035991,-0.23594416724670075,-0.012309893531057284,-0.23593931565100043,-0.012297236379489766,-0.6222498979082516,-0.4963454467375062,-0.3950102343170053,-0.47368222266527915,-0.008704503655454499,0.010353330541169797,-0.008699652059754204,0.010365987692737305,-0.8668937172147065,-0.4982893525758262,28.546994048183617,-43.648730568271326,14.217440844731009,-21.35388873425361,14.321817662834867,-22.29888638869122,14.269629253782938,-21.826387561472416,0.007735540617741066,0.004044554673505729,-4.1975043456936065,-37.37644234883358,-37.37222370499798,-0.0008817253789422393,-0.28248699066166416,0.9444606404394733
1.748,-0.6413313399157946,-0.4734005027448717,-0.2362495198939534,-0.01101192058219115,-0.23624447975593268,-0.01099697138165556,-0.6238987469643457,-0.49428808581993566,-0.3963680436151271,-0.4728398483004803,-0.008718816544734831,0.010436316937264184,-0.008713776406714113,0.010451266137799758,-0.8688620432650132,-0.494848740264327,28.494929642774103,-43.51110963723576,14.191341812163397,-21.283041548128168,14.295771759108517,-22.232127924180794,14.243556785635956,-21.75758473615448,0.00781607150219088,0.004059835073199736,-4.194340662027514,-37.32982125585888,-37.32455494391115,-0.0008837664085624825,-0.2843323734566041,0.9530476307538152
1.7488000000000001,-0.6430065877592046,-0.47115774477004446,-0.23655470080585803,-0.009701815552924422,-0.23654942917912689,-0.009684556293887833,-0.6255459847056796,-0.4922151611404052,-0.3977242212399496,-0.4719932670318187,-0.008732937340128089,0.01052007855566206,-0.008727665713396948,0.010537337814698677,-0.8708283512249346,-0.49137963887863095,28.443060677624914,-43.37354888435523,14.165340713673638,-21.21220752834368,14.269822267441652,-22.16541641457072,14.217581490557645,-21.6888119714572,0.007897696509623131,0.004075058559166678,-4.191181136218705,-37.283064796741954,-37.276764384475584,-0.0008861953314719532,-0.28619433582693954,0.961742775270352
1.7496,-0.6446797281013171,-0.46889769141286153,-0.2368596452798182,-0.00837941856621381,-0.23685409710574185,-0.008359828982046487,-0.6271915390083246,-0.4901265166503764,-0.3990787623620409,-0.4711424802574888,-0.00874686863353441,0.010604617826673768,-0.008741320459458135,0.01062420741084108,-0.8727925047476008,-0.4878817278057491,28.391385902471963,-43.23604762298136,14.139436642462885,-21.141386112782065,14.243968830729296,-22.098751741719703,14.19170273659609,-21.620068927250884,0.007980429279783152,0.004090231520407883,-4.188025697595251,-37.2361717993787,-37.22885024690699,-0.0008889325163535739,-0.2880731933571423,0.9705467131859109
1.7504,-0.6463506844307316,-0.46662017380894627,-0.23716428612072896,-0.007044564505122243,-0.23715841481483615,-0.0070226241239895555,-0.6288353367245331,-0.488021993636905,-0.4004316601098498,-0.47028748940836973,-0.00876060950604568,0.010689939723413033,-0.008754738200152878,0.010711880104545712,-0.8747543610454149,-0.48435467803748156,28.339904219197845,-43.09860528390426,14.113628856135414,-21.07057683602926,14.218211078370654,-22.0321338039073,14.165919967253034,-21.55135531996828,0.00806428469177689,0.004105356032297891,-4.1848742932706005,-37.18914133570807,-37.180811743464645,-0.000891931350626037,-0.28996920789214564,0.9794603272131042
1.7512,-0.6480193752073831,-0.4643250184089735,-0.23746855377281217,-0.005697084153510178,-0.23746231156786302,-0.005672773497409942,-0.6304773032021995,-0.4859014308066043,-0.4017829065344537,-0.4694282957823288,-0.00877415710506635,0.010776050870765302,-0.00876791490011719,0.010800361526865504,-0.8767137718751289,-0.48079815343324894,28.288614620398622,-42.96122134804296,14.087916706324888,-20.99977927149966,14.192548635380538,-21.96556250831899,14.140232670852713,-21.482670889909322,0.008149278693196038,0.004120431775682221,-4.181726881346668,-37.14197248349554,-37.132648520135895,-0.0008951638806836004,-0.2918826161460085,0.9884846607437794
1.752,-0.649685715020359,-0.4620120476359545,-0.23777237633941406,-0.004336804758648105,-0.23776571452053927,-0.004310106111832909,-0.6321173620149165,-0.48376466430348203,-0.4031324930876611,-0.46856490053447775,-0.008787507412158613,0.010862959010356166,-0.008780845593283848,0.01088965765717137,-0.8786705839476144,-0.4772118114049588,28.237516154781414,-42.823895318415694,14.062299600101113,-20.92899300792582,14.166981126573752,-21.899037767492693,14.114640363337433,-21.414015387709256,0.008235428106548426,0.0041354570028175885,-4.178583426746988,-37.09466426076759,-37.084360423485336,-0.0008986133302088787,-0.2938136431444694,0.9976208646066027
1.7528000000000001,-0.6513496151590712,-0.4596810802931201,-0.23807567955486122,-0.002963550319388899,-0.23806854864475865,-0.002934448263923036,-0.6337554347876013,-0.48161152769645,-0.4044804108735263,-0.4676973047031291,-0.008800655640786192,0.010950672673932016,-0.008793524730683677,0.010979774729397873,-0.8806246390731461,-0.473595303286441,28.186607907169616,-42.68662670768911,14.036776977970813,-20.858217639240472,14.141508178720414,-21.83255949750235,14.089142578345614,-21.345388568371412,0.008322750478388485,0.004150429053716209,-4.175443898680992,-37.047215616099535,-37.035947397209505,-0.0009022699859987191,-0.2957625090147859,1.0068701634540957
1.7536,-0.6530109838956053,-0.45733193181191356,-0.23837838673323797,-0.0015771417338999354,-0.23837073665459918,-0.0015456235522499928,-0.6353914410686254,-0.4794418519514771,-0.4058266507881968,-0.4668255092386203,-0.008813596452809325,0.011039200978956804,-0.008805946374170537,0.011070719160606729,-0.882575774176034,-0.4699482745247703,28.13588898654999,-42.54941503232437,14.011348300807581,-20.78745276002043,14.11612942177061,-21.76612761695035,14.063738861289096,-21.27679018848539,0.008411263971797922,0.004165344646409608,-4.172308269074057,-36.99962543602127,-36.98740943410667,-0.0009061288289392672,-0.29772943264608437,1.0162338342769885
1.7544,-0.654669726616259,-0.4549644143990216,-0.2386804187046315,-0.0001773968709268443,-0.23867219893353925,-0.0001434528692509693,-0.637025298225638,-0.4772554653952033,-0.4071712036018631,-0.46594951502702353,-0.008826324080856651,0.011128553497252947,-0.008818104309764319,0.01116249749892878,-0.8845238212400339,-0.46627036476720135,28.08535851866677,-42.41225980966074,13.986013041761083,-20.716697963352505,14.090844489613318,-21.69974204635551,14.0384287656872,-21.208220004854006,0.008500987292368478,0.00418020004727282,-4.169176511570656,-36.951892556422436,-36.93874655306013,-0.0009101881163008647,-0.29971463378810054,1.0257131923461316
1.7551999999999999,-0.6563257458699462,-0.452578337119135,-0.23898169374363176,0.0012358694028070235,-0.23897285346136551,0.0012722456203427606,-0.6386569213536472,-0.4750521936733757,-0.408514060009298,-0.4650693229078302,-0.008838832399282626,0.011218740168352476,-0.008829992117016405,0.011255116385888247,-0.8864686072142953,-0.46256120788468047,28.035015641267567,-42.27516055635588,13.960770681042995,-20.64595283978832,14.065653020587002,-21.63340270774244,14.013211850814997,-21.139677773765378,0.00859193963757221,0.004194991174877316,-4.166048600883828,-36.90401577366188,-36.889958787813114,-0.0009144485064185542,-0.30171833433111667,1.0353095817537792
1.756,-0.6579789413683877,-0.45017350593604966,-0.23928212749237646,0.002662845221544529,-0.23927261573992215,0.00270165650954339,-0.640286223189309,-0.4728318597058401,-0.40985521066269903,-0.46418493368648883,-0.008851114965766516,0.011309771240895772,-0.008841603213312288,0.011348582528894646,-0.8884099538949977,-0.4588204319554009,27.98485950094265,-42.13811678746413,13.935620702429386,-20.57521697679399,14.040554657850677,-21.56710952433486,13.988087680140032,-21.071163250564425,0.008684140662587936,0.004209713664721448,-4.162924512358629,-36.85599385418699,-36.841046181487236,-0.0009189125050420183,-0.30374075913850573,1.0450243688513297
1.7568000000000001,-0.6596292099568738,-0.44774972372618255,-0.23958163287927045,0.004103721735910067,-0.2395713987171824,0.004144967184694684,-0.6419131140280149,-0.4705942836390392,-0.4111946461942179,-0.46329634814291326,-0.00886316504547352,0.011401657232036011,-0.008852930883385401,0.011442902680820655,-0.8903476777906707,-0.4550476592223085,27.93488925095001,-42.00112801581294,13.910562590818508,-20.50448995842161,14.015549049674378,-21.500862420302678,13.963055820246442,-21.00267618936214,0.008777610457126883,0.004224362911344315,-4.159804221671107,-36.80782554253831,-36.79200878396271,-0.000923584109439019,-0.30578213662646897,1.0548589375457595
1.7576,-0.6612764455661156,-0.4453067902733843,-0.23988012003394243,0.005558693139017665,-0.23986911270930114,0.005602367864885106,-0.6435375016417813,-0.4683392827965443,-0.4125323572323267,-0.4624035670369157,-0.008874975624487857,0.01149440889864628,-0.008863968299846536,0.011538083624513695,-0.8922815899755703,-0.4512425060330129,27.885104049666435,-41.86419375151114,13.885595830453926,-20.433771365072253,13.990635849682327,-21.434661320534648,13.938115840068127,-20.934216342803452,0.00887236953018089,0.004238934095766922,-4.156687704615109,-36.759509567945805,-36.74284665070224,-0.0009284685779755386,-0.30784269919737167,1.0648146858091252
1.7584,-0.6629205391512495,-0.4428445022507629,-0.24017749619870563,0.007027956699761716,-0.24016566532040715,0.007074051644119725,-0.6451592911966914,-0.46606667162793536,-0.413868334414414,-0.46150659111128983,-0.008886539416428307,0.011588037216407221,-0.008874708538129827,0.011634132160765254,-0.8942114959335268,-0.4474045827674084,27.835503059446268,-41.72731350150566,13.860719903577078,-20.363060773288336,13.965814717069136,-21.36850615042107,13.913267310323107,-20.865783461854704,0.008968438800053491,0.004253422203746027,-4.153574936947419,-36.71104464978997,-36.69355984229892,-0.0009335722817870838,-0.30992268358704766,1.0748930229916311
1.7591999999999999,-0.6645613786215887,-0.4403626531932586,-0.24047366563663028,0.008511712801091543,-0.2404609613599441,0.008560214535575582,-0.6467783851690877,-0.46377626165621283,-0.415202568397051,-0.4606054210930693,-0.008897848864593605,0.011682553364235071,-0.008885144587907401,0.011731055098719134,-0.8961371953936255,-0.44353349375640216,27.78608544575178,-41.59048676914349,13.83593428936189,-20.29235775554495,13.941085316801498,-21.30239683563693,13.888509803081694,-20.79737729559094,0.009065839588391356,0.004267822038393376,-4.150465894272432,-36.662429502183436,-36.64414842438041,-0.0009389026116202646,-0.3120223311614072,1.0850953676723236
1.76,-0.6661988487633013,-0.437861033463453,-0.24076852953624991,0.010010164981858865,-0.2407549027574062,0.01006105551750548,-0.6483946832599613,-0.46146786142384444,-0.4165350498648032,-0.4597000576933309,-0.00890889614109186,0.01177796871237241,-0.008895269362248104,0.011828859248019019,-0.8980584821584594,-0.43962883719396656,27.736850376468638,-41.45371305371612,13.811238463037967,-20.221661880025422,13.916447319813814,-21.23633330191938,13.86384289142589,-20.7289975909724,0.009164593616858951,0.004282128228680904,-4.147360551954378,-36.6136628378819,-36.594612467676775,-0.0009444679228544392,-0.31414188818378486,1.0954231458725587
1.7608000000000001,-0.6678328311563545,-0.43533943021230587,-0.24106198591286393,0.011523519981296273,-0.24104738847432763,0.01157677658049189,-0.6500080823071362,-0.45914127643751523,-0.4178657695381496,-0.4587905016058046,-0.00891967314387726,0.011874294813006864,-0.008905075705340992,0.011927551412202503,-0.8999751439253412,-0.43569020504401645,27.68779702134992,-41.31699184997432,13.786631895140594,-20.150972710374077,13.89190040320351,-21.170315474835668,13.839266149172051,-20.660644092604873,0.009264723005816933,0.0042963352354234985,-4.144258885049026,-36.5647433716906,-36.54495204815162,-0.0009502775075672753,-0.31628160606652134,1.1058777895128173
1.7616,-0.6694632040865467,-0.4327976273359721,-0.2413539295063728,0.013051987785495843,-0.24133831441339695,0.013107582775853657,-0.6516184761949407,-0.45679630911161206,-0.41919471818085885,-0.4578767535044668,-0.008930171492290917,0.01197154339264106,-0.008914556399315043,0.012027138382998903,-0.9018869621006287,-0.43171718294311734,27.63892455155193,-41.180322647606104,13.762114050847275,-20.080289805422964,13.867444250430218,-21.10434327953853,13.814779150638746,-20.592316542480745,0.00936625027443938,0.004310437355385943,-4.141160868249684,-36.515669823493134,-36.49516724714554,-0.0009563415864332909,-0.3184417416152461,1.1164607350321205
1.7624,-0.6710898424531425,-0.4302354054295141,-0.24164425167555606,0.014595781675440242,-0.241627573324572,0.014653682265060046,-0.6532257557611222,-0.45443275871046007,-0.42052188660706835,-0.4569588140402372,-0.0089403825215022,0.012069726345663084,-0.008923704170518132,0.012127626935282881,-0.9037937116071963,-0.427709350099737,27.59023213923649,-41.04370493067344,13.737684389372623,-20.009612718891013,13.84307855152187,-21.03841664050688,13.790381470447247,-20.524014679698947,0.009469198341996332,0.004324428724451934,-4.138066475843831,-36.46644092100284,-36.445258151506025,-0.0009626713154221085,-0.3206225572717374,1.1271734221120369
1.7631999999999999,-0.672712617672402,-0.4276525417380863,-0.24193284028868828,0.016155118276266263,-0.24191505470807176,0.016215286370045465,-0.6548298087007827,-0.4520504212893235,-0.4218472656882123,-0.4560366838368608,-0.008950297276117958,0.012168855728728972,-0.00893251169550141,0.012229023822508206,-0.9056951606849724,-0.423666279190549,27.541718957223196,-40.90713817700536,13.71334236340289,-19.93894099905508,13.818803003290508,-20.972535481270096,13.7660726833467,-20.45573824016259,0.009573590529797116,0.0043383033198196586,-4.1349756816780205,-36.4170554023107,-36.39522485369249,-0.0009692788040174589,-0.3228243213591852,1.1380172924643261
1.764,-0.6743313975771834,-0.42504881010599876,-0.24221957961038001,0.017730217607529686,-0.24220064471412345,0.017792609624350468,-0.6564305194671494,-0.4496490896341623,-0.42317084635991464,-0.45511036348602063,-0.008959906503145265,0.012268943755671363,-0.008940971606888781,0.012331335772492152,-0.9075910706844181,-0.41958753625414047,27.493384178679978,-40.7706218575447,13.68908741855643,-19.86827418839217,13.794617309559788,-20.906699724114326,13.741852364058108,-20.387486956253248,0.009679450563762515,0.0043520549617994675,-4.131888459129375,-36.36751201828785,-36.345067451850696,-0.0009761771426163575,-0.3250473083328208,1.1489937886527741
1.7648000000000001,-0.6759460463126948,-0.42242398092396377,-0.2425043501845181,0.019321303134287603,-0.24248422603933875,0.019385869825021662,-0.6580277691689981,-0.447228553200144,-0.42449261962891804,-0.45417985354170853,-0.008969200644438069,0.012370002792723073,-0.00894907649925869,0.012434569483457142,-0.9094811958527749,-0.4154726805823993,27.445226976844296,-40.634155435646655,13.66491899286061,-19.797611823192725,13.770521181406217,-20.840909289769357,13.717720087133413,-20.31926055648104,0.009786802577469444,0.004365677315426808,-4.128804781082565,-36.31780953488675,-36.294786049855816,-0.0009833804374777008,-0.327291799037926,1.1601043529256572
1.7656,-0.6775564242284091,-0.4197778210747435,-0.2427870287131751,0.02092860181885899,-0.24276567781959268,0.02099528808522404,-0.6596214354645585,-0.4447885980488972,-0.42581257658009997,-0.4532451545138618,-0.008978169828716465,0.012472045353894318,-0.008956818935134059,0.012538731620259397,-0.9113652831128678,-0.4113212646097788,27.397246524769695,-40.49773836632722,13.640836516238387,-19.726953433144303,13.746514337415853,-20.775164097074782,13.69367542682712,-20.25105876510954,0.009895671115454974,0.004379163891861992,-4.125724619911562,-36.267946735377635,-36.24438075732532,-0.0009909038521305929,-0.32955808097691414,1.1713504260427783
1.7664,-0.679162387766123,-0.41711009387736425,-0.24306748793134794,0.022552344173146232,-0.24304487551927415,0.022621088887518456,-0.6612113924517337,-0.44232900678449594,-0.42713070838361733,-0.4523062668612624,-0.008986803863231585,0.012575084096379724,-0.008964191451157788,0.012643828810751961,-0.9132430718342395,-0.4071328338005977,27.349441995094146,-40.361370095459115,13.616839409999196,-19.656298540885047,13.722596503958144,-20.709464062623955,13.669717956978669,-20.1828813017545,0.01000608113680812,0.004392508049882338,-4.122647947465627,-36.21792242254529,-36.193851689602575,-0.000998763654429495,-0.33184644858686374,1.1827334460824943
1.7671999999999999,-0.6807637893440951,-0.4144205590300263,-0.24334559647738147,0.024192764311412915,-0.24332169081677385,0.024263500137763024,-0.6627975105544586,-0.4398495584881679,-0.4284470063021992,-0.45136319098368505,-0.00899509222512207,0.012679131815895778,-0.008971186564514455,0.012749867642245866,-0.9151142935963545,-0.4029069265345091,27.301812559828242,-40.22505005891345,13.592927086330725,-19.585646661526248,13.6987674154787,-20.643809100384736,13.645847250904712,-20.114727880955492,0.010118058018818488,0.004405702997530625,-4.11957473505936,-36.16773542086992,-36.14319896771191,-0.0010069772687123987,-0.33415720352868394,1.1942548472187013
1.768,-0.6823604772371789,-0.4117089725517989,-0.24362121875892542,0.025850100003434334,-0.24359599148607006,0.02592275321960309,-0.6643796564050314,-0.4373500286517056,-0.4297614616986074,-0.45041592721327095,-0.009003024052501418,0.012784201441868981,-0.008977796779646052,0.012856854658037709,-0.9169786719436028,-0.3986430739902335,27.254357390162216,-40.08877768164472,13.569098947788756,-19.514997302143186,13.6750268148126,-20.57819912129544,13.622062881300678,-20.046598211719314,0.01023162756085938,0.004418741793905667,-4.116504953466656,-36.117384578708865,-36.09242271828832,-0.0010155633327419702,-0.3364906549888718,1.2059160584584276
1.7688000000000001,-0.6839522954528598,-0.40897508672318317,-0.2438942148142684,0.027524592727932475,-0.2438676412742697,0.027599083049509556,-0.6659576927222344,-0.4348301891095715,-0.431074066043278,-0.4494644758050983,-0.009010588135312081,0.012890306032405624,-0.008984014595313394,0.012964796353982705,-0.9188359221318162,-0.39434080002765637,27.207075656291163,-39.95255237671627,13.54535438678274,-19.444349961232874,13.651374453520216,-20.51263403283476,13.598364420151478,-19.978491997033817,0.01034681598820697,0.0044316173513649915,-4.113438572918555,-36.06686877049284,-36.04152307348053,-0.0010245417591250646,-0.33884711999508604,1.217718502331735
1.7696,-0.6855390836030714,-0.40621865002559226,-0.24416444016888353,0.02921648772622095,-0.24413649977495644,0.02929272813233232,-0.6675314781850747,-0.43228980796968314,-0.4323848109221531,-0.44850883692691434,-0.00901777290596184,0.01299745876898975,-0.008989832512034779,0.013073699175101122,-0.920685750865993,-0.38999962106836106,27.159966527258636,-39.816373544263804,13.521692785055794,-19.373704128137675,13.627810092246897,-20.447113738564138,13.574751438651345,-19.910408933350908,0.010463649955944732,0.0044443224380117385,-4.11037556310508,-36.01618689894943,-35.99050017082881,-0.0010339338011210936,-0.3412269237462433,1.2296635935284144
1.7704,-0.6871206767716607,-0.40343940707980813,-0.24443174568701925,0.030926034055979768,-0.2444024222971916,0.03100393061732705,-0.6691008673019471,-0.42972864954286005,-0.43369368804469843,-0.44754901064798747,-0.00902456642977062,0.013105672950852326,-0.00899524303994298,0.013183569512199594,-0.9225278560289094,-0.38561904597468066,27.113029170819814,-39.6802405703941,13.498113513157913,-19.30305928243353,13.604333501108984,-20.38163813764122,13.551223507133448,-19.842348710037378,0.01058215655291761,0.004456849680657626,-4.107315893181308,-35.965337897364556,-35.939354153119545,-0.0010437621227613264,-0.34363039995821626,1.2417527374739166
1.7711999999999999,-0.6886969053773728,-0.4006370985834513,-0.2446959774181562,0.0326534846450786,-0.24466525973000885,0.03273293635461366,-0.670665710275029,-0.4271464742709305,-0.4350006892521184,-0.446584996927037,-0.009030956395245593,0.013214961988972068,-0.009000238707098263,0.013294413698507118,-0.9243619264002834,-0.38119857592734474,27.066262753324573,-39.544152826015626,13.474615929911383,-19.232414893281017,13.580944460107755,-20.3162071243029,13.52778019500957,-19.77431100879196,0.010702363305433948,0.004469191568290398,-4.104259531777805,-35.914320731887756,-35.88808516821246,-0.0010540508732446176,-0.3460578912261384,1.2539873288400258
1.772,-0.6902675950321914,-0.3978114612475003,-0.24495697643815,0.03439909634537336,-0.24492485840223777,0.034479994952027034,-0.6722258528597084,-0.4245430386534756,-0.436305806525756,-0.4456167955991881,-0.009036930104197594,0.013325339399660824,-0.00900481206828535,0.013406238006314491,-0.9261876413661436,-0.37673770430178777,27.01966643962268,-39.408109665598154,13.451199381867934,-19.161770418737955,13.557642759573561,-20.250820587316266,13.504421070720747,-19.70629550302711,0.010824298181184133,0.004481340456067073,-4.1012064470158025,-35.86313440389215,-35.83669336884456,-0.0010648257656908197,-0.3485097494041318,1.2663687499840535
1.7728000000000002,-0.6918325663948847,-0.3949622277318955,-0.24521457868487115,0.036163129986388036,-0.24518105993748698,0.03624535983231027,-0.6737811362188295,-0.4219180951732089,-0.437609031995678,-0.44464440636190133,-0.009042474461719685,0.013436818797695593,-0.009008955714335465,0.013519048643617804,-0.9280046706180362,-0.37223591654320304,26.973239392992504,-39.272110425857754,13.42786320275711,-19.09112530503173,13.534428200642466,-20.185478409396076,13.481145701699788,-19.638301857213904,0.010947989592928309,0.0044932885700532665,-4.0981566065274695,-35.81177795239324,-35.78517891240616,-0.0010761141602772222,-0.35098633600364093,1.2788983693117473
1.7736,-0.6933916350195883,-0.3920891265802515,-0.24546861478814505,0.03794585042879768,-0.24543370110410728,0.038029288290604354,-0.6753313967715443,-0.4192713922199745,-0.4389103579494401,-0.44366782875981403,-0.009047575966040944,0.01354941388895814,-0.009012662282003092,0.01363285175076484,-0.9298126738416925,-0.367692690040412,26.92698077509521,-39.13615442436328,13.404606712925538,-19.020478985789175,13.511300595767608,-20.12018046658665,13.457953654346573,-19.570329726187914,0.011073466402063303,0.004505028012545154,-4.095109977481631,-35.760250456533726,-35.733541960689756,-0.0010879451518933437,-0.3534880226113194,1.2915775395586877
1.7744,-0.6949446111992458,-0.3891918821537122,-0.24571890989379222,0.039747526617620946,-0.24568261365995347,0.039832041552180945,-0.6768764660365356,-0.41660267401336043,-0.44020977684101786,-0.44268706216843723,-0.009052220698274438,0.013663138462544105,-0.00901592446443572,0.013747653397104126,-0.9316113003947635,-0.3631074939986354,26.880889745957163,-39.000240958061156,13.381429218767067,-18.94983088122253,13.48825976926798,-20.054926627606786,13.434844494017524,-19.502378754414657,0.011200757922114946,0.004516550768158822,-4.092066526615444,-35.70855103813903,-35.68178267960944,-0.001100349662423383,-0.3560151913275681,1.3044075959851114
1.7752,-0.6964912998037185,-0.3862702145639786,-0.24596528348155652,0.041568431635018534,-0.24592762419175324,0.041653884830355474,-0.6784161704693765,-0.41391168052392274,-0.4415072812998926,-0.4417021057766377,-0.009056394312072613,0.013778006382303615,-0.009018735022269353,0.013863459577640541,-0.9334001889732024,-0.3584797893112637,26.83496546398313,-38.8643693017138,13.35833001214369,-18.879180397269085,13.465305557917247,-19.989716753155722,13.411817785030468,-19.434448575212404,0.011329893922194856,0.0045278487110067545,-4.089026220272539,-35.65667886435017,-35.62990123888963,-0.0011133605378061994,-0.35856823522689624,1.3173898544788756
1.776,-0.6980315001123799,-0.3833238396055336,-0.24620754917670645,0.04340884275260132,-0.24616855394888623,0.043495087384525594,-0.6799503312937746,-0.4111981473930122,-0.4428028641402809,-0.4407129585678364,-0.00906008202321279,0.013894031577777133,-0.009021086795392541,0.013980276209701437,-0.9351789672658737,-0.35380902843070944,26.78920708600307,-38.7285387062481,13.335308369797325,-18.808526924682344,13.442437811575596,-19.92455069517821,13.38887309068646,-19.366538809930276,0.011460904630151703,0.004538913612449846,-4.085989024448146,-35.60463315033673,-35.57789781171912,-0.001127012650073829,-0.36114755884133987,1.3305256095615334
1.7768000000000002,-0.6995650056409796,-0.38035246868710215,-0.24644551455508465,0.04526904148313051,-0.24640521867136936,0.045355922578261015,-0.6814787643264423,-0.4084618058512067,-0.4440965183704839,-0.4397196192998502,-0.009063268599126317,0.014011228034487011,-0.00902297271541097,0.014098109129617564,-0.9369472515969379,-0.3490946552384587,26.743613767356056,-38.592748397009196,13.312363552752819,-18.73786983807249,13.419656393867582,-19.85942829608671,13.3660099733102,-19.2986490670796,0.011593820735654958,0.004549737150007616,-4.08295490484187,-35.552413162096926,-35.52577257437056,-0.0011413430045030617,-0.36375357866808683,1.3438161322919484
1.7776,-0.7010916039625786,-0.3773558087623686,-0.2466789809413733,0.04714931363149749,-0.2466374284118354,0.04723666793737795,-0.683001279795322,-0.40570238263534236,-0.445388237202346,-0.43872208648329325,-0.009065938348397307,0.014129609783546632,-0.009024385818859337,0.014216964089427103,-0.9387046465555546,-0.3443361049144178,26.698184662014643,-38.45699757191468,13.289494805712172,-18.66720849489354,13.396961182909365,-19.794349387938702,13.34322799431077,-19.23077894141612,0.011728673393104572,0.004560310917561594,-4.079923826918732,-35.50001821934768,-35.47352570577984,-0.0011563908521265193,-0.36638672370281056,1.3572626680620488
1.7784,-0.7026110765223255,-0.37433356225999476,-0.24690774320033643,0.04904994934485383,-0.2468649873512863,0.049137605207916366,-0.6845176821508772,-0.4029195999041524,-0.44667801406078994,-0.4377203583584587,-0.009068075110249207,0.014249190890547547,-0.009025319261199094,0.014336846753610077,-0.9404507446124126,-0.33953280380568845,26.65291892275392,-38.321285399505015,13.266701356440727,-18.596542234374713,13.374352072088843,-19.729313791566796,13.320526714264785,-19.162928012970752,0.011865494224348794,0.004570626436489533,-4.0768957559792725,-35.44744769851026,-35.42115738708364,-0.0011721978078265908,-0.3690474359999726,1.3708664342789518
1.7792,-0.7041231984458455,-0.3712854270129754,-0.24713158952078992,0.050971243161752895,-0.2470876936083921,0.051059020413931865,-0.6860277698701521,-0.40011317515252254,-0.44796584259340777,-0.4367144328705913,-0.009069662244045595,0.014369985443684091,-0.009025766331647755,0.014457762695863047,-0.94218512572259,-0.33468416929490663,26.607815701369322,-38.18561101688489,13.243982415145629,-18.525870376393375,13.35182897090243,-19.664321315659613,13.29790569302403,-19.095095846026496,0.012004315321263448,0.004580675168099901,-4.073870657239434,-35.39470103579535,-35.368667801110966,-0.0011888079742182855,-0.3717361712616669,1.3846286179276888
1.78,-0.705627738341007,-0.36821109618736747,-0.24735030119204313,0.052913494060164094,-0.24730533904210078,0.05300120391501613,-0.6875313352532908,-0.3972828211243657,-0.4492517166800769,-0.4357043076434567,-0.009070682618829262,0.014492007541073104,-0.009025720468886944,0.014579717395925118,-0.9439073569142209,-0.3297896096682765,26.56287414894772,-38.04997352754992,13.221337173847207,-18.455192220286577,13.329391805852554,-19.59937175579097,13.275364489849881,-19.027281988038773,0.012145169247958165,0.0045904485276224705,-4.0708484959211075,-35.341777730393,-35.31605713182451,-0.0012062680716100767,-0.3744533994565691,1.3985503730081064
1.7808000000000002,-0.7071244580928099,-0.3651102582104427,-0.24756365237254824,0.05487700550419879,-0.24751770904731293,0.054964450463440596,-0.6890281642121795,-0.394428245724136,-0.4505356304425641,-0.43468997995110903,-0.00907111860293286,0.014615271277225728,-0.009025175277697528,0.014702716236467572,-0.9456169918624253,-0.32484852398346964,26.518093416197352,-37.91437199909376,13.198764805744124,-18.384507043598443,13.30704052141023,-19.534464893395025,13.252902663577178,-18.959485968496736,0.01228808904299683,0.0045999378997123586,-4.067829237354308,-35.28867734777053,-35.263325563707525,-0.0012246275742855929,-0.3771996054706215,1.4126328178396932
1.7816,-0.7086131126511391,-0.3619825966983072,-0.2477714098504819,0.056862085489386864,-0.24772458234336964,0.05694905926082146,-0.6905180360508822,-0.3915491519269947,-0.4518175782540849,-0.4336714466877551,-0.009070952053684578,0.014739790728626467,-0.00902412454657231,0.01482676450006104,-0.9473135704479364,-0.3198603019375468,26.473472653841327,-37.77880546078949,13.176264464572938,-18.31381410076002,13.284775081047082,-19.469600494684762,13.230519772810009,-18.89170729772239,0.012433108221308942,0.004609134655289893,-4.064812847091864,-35.235399523085405,-35.210473281091765,-0.0012439388534108298,-0.3799752897912452,1.42687703222785
1.7824,-0.7100934498111159,-0.3588277903830404,-0.24797333279597752,0.05886904658632342,-0.24792573075508853,0.05895533401418738,-0.6920007232374976,-0.3886452376876503,-0.4530975547487737,-0.43264870433560076,-0.009070164307253659,0.014865579938372953,-0.009022562266364609,0.014951867366236937,-0.9489966182998398,-0.31482432373508995,26.42901101308111,-37.643272901039275,13.153835283963176,-18.243112621698558,13.26259546834217,-19.404778309511357,13.208215376152673,-18.823945465604957,0.012580260775763463,0.004618030170639997,-4.061799291037826,-35.18194396471485,-35.157500467419524,-0.0012642573268610393,-0.38278096922698235,1.4412840544839867
1.7832,-0.7115652099857537,-0.35564551303942077,-0.2481691725047165,0.06089820598249331,-0.24812091898607863,0.060983582991323004,-0.6934759911670676,-0.3857161958479079,-0.4543755548310131,-0.4316217489305725,-0.009068736168661995,0.014992652899828707,-0.009020482650024086,0.015078029908658419,-0.9506656463218082,-0.3097399599567562,26.384707646136125,-37.50777326468657,13.131476376789053,-18.172401810372882,13.240501688168429,-19.339998070161656,13.18598903247874,-18.75619994026727,0.012729581178643201,0.004626615847968196,-4.058788535590647,-35.12831045791003,-35.1044073044365,-0.0012856416162885683,-0.3856171776644096,1.4558548782927687
1.784,-0.7130281259706365,-0.3524354334112867,-0.2483586721325765,0.06294988552207412,-0.2483099043840491,0.06303411907525848,-0.6949435979151402,-0.3827617140429496,-0.45565157368457554,-0.43059057602578443,-0.009066647902011837,0.015121023539239303,-0.009017880153484481,0.015205257092423624,-0.9523201502012011,-0.3046065714284518,26.340561706866698,-37.372305450183944,13.109186834519004,-18.101680843231108,13.218493767964773,-19.275259490091017,13.163840301241889,-18.688470166661062,0.012881104382920228,0.004634883138180612,-4.055780547802445,-35.07449886857731,-35.051193971306375,-0.0013081537117597846,-0.38848446686460153,1.4705904494185518
1.7848000000000002,-0.7144819227003071,-0.3491972151376161,-0.2485415664210255,0.06502441174349517,-0.24849243669782306,0.06510725981775538,-0.6964032939815734,-0.37978147460639394,-0.45692560678151595,-0.4295551806526303,-0.009063879220968074,0.01525070569725881,-0.009014749497765595,0.015333553771519043,-0.9539596099003645,-0.2994235090913797,26.296572351487104,-37.23686830660991,13.086965726564406,-18.03094886758729,13.196571759099637,-19.210562262588667,13.14176874283202,-18.62075556508798,0.013034865823062347,0.004642823566051391,-4.052775295555654,-35.02050914719361,-34.99786064364205,-0.0013318591443269839,-0.39138340730118903,1.4854916622427083
1.7856,-0.7159263169960483,-0.3459305166783872,-0.24871758141294248,0.06712211591452505,-0.24866825782575186,0.06720332749163864,-0.6978548220241461,-0.3767751544741719,-0.45819764989074996,-0.4285155572793614,-0.009060409279546378,0.01538171310933556,-0.009011085692355758,0.015462924686449164,-0.9555834891294444,-0.2941901138731977,26.25273873937746,-37.101460630527896,13.064812099629123,-17.96020499991286,13.174735738332506,-19.145906059372514,13.119773918980815,-18.553055529642688,0.013190901415828904,0.004650428757479119,-4.049772747758532,-34.96634133285966,-34.94440749244505,-0.0013568271669157665,-0.3943145890425035,1.5005593561241142
1.7864,-0.7173610173047263,-0.3426349912403081,-0.24888643415853348,0.06924333406463538,-0.24883710155521815,0.06932264914180425,-0.6992979165815216,-0.37374242508727584,-0.4594676990862482,-0.4274716997670118,-0.009056216663260064,0.015514059384899442,-0.009006884059944653,0.015593374462068293,-0.9571912347999998,-0.2889057165605722,26.209060034002583,-36.9660811626799,13.04272497706156,-17.889448324039034,13.152985809380322,-19.08129052911035,13.097855393220941,-18.485369426574692,0.013349247560700661,0.004657690469485942,-4.046772874561046,-34.91199555749735,-34.89083468294503,-0.0013831309438796205,-0.397278622680181,1.5157943115731314
1.7872,-0.7187857234283481,-0.3393102867025091,-0.24904783241100145,0.07138840701437327,-0.24899869329290342,0.07146555663472033,-0.7007323037850821,-0.3706829522934443,-0.4607357507547627,-0.4264236013225235,-0.009051279380682065,0.015647757985294053,-0.009002140262583946,0.015724907605641103,-0.9587822764586675,-0.2835696376734299,26.16553540394751,-36.83072858450762,13.020703358211136,-17.81867788926614,13.13132210459628,-19.016715295864532,13.076012731403708,-18.417696592565335,0.013509941140092963,0.00466460062305174,-4.04377564759286,-34.85747205019666,-34.837142373330494,-0.0014108477496970655,-0.40027614030697656,1.5311972462303345
1.788,-0.7202001262439751,-0.33595604554228636,-0.24920147431162054,0.07355768040146253,-0.24915274978548493,0.07363238670623402,-0.7021577010591394,-0.36759639624784723,-0.4620018016030045,-0.4253712544489151,-0.009045574855485627,0.015782822200394703,-0.008996850329350048,0.01585752850516617,-0.96035602570011,-0.27818118734121855,26.122164024079233,-36.69540151449302,12.998746217791304,-17.747892708375193,13.109744786768632,-18.9521799574565,13.054245502279969,-18.35003633291585,0.013673019519295337,0.004671151338676793,-4.040781040225151,-34.802771141717685,-34.783330713360996,-0.0014400591771846752,-0.4033077965465063,1.54676881064006
1.7888000000000002,-0.721603907413616,-0.33257190476101045,-0.24934704806385294,0.07575150470332563,-0.2492989788304151,0.07582348100747029,-0.7035738168089894,-0.3644824113128549,-0.4632658486641687,-0.42431465089233067,-0.009039079919032189,0.01591926512384992,-0.00899101068559438,0.015991241427994546,-0.9619118755584368,-0.2727396651815347,26.078945076846107,-36.560098504310346,12.976852505251546,-17.677091755537596,13.088254051048327,-18.88768408374822,13.032553278149937,-18.282387919642908,0.013838520546233468,0.004677334975468739,-4.037789027858243,-34.74789326915361,-34.72939984285024,-0.0014708513557287637,-0.4063742696379352,1.5625095838086054
1.7896,-0.7229967390837109,-0.3291574958103075,-0.2494842315961361,0.07797023525570748,-0.2494370789764255,0.07803918614860725,-0.7049803500962645,-0.36134064595697385,-0.46452788930370686,-0.4232537815857981,-0.009031770803578476,0.01605709962688326,-0.00898461818386792,0.01612605051978308,-0.9634491998762684,-0.26724436018148334,26.03587775372592,-36.42481803478131,12.955021144160774,-17.606273964117968,13.06685012701424,-18.82322721483677,13.010935635587508,-18.21475058947737,0.014006482550904309,0.004683144173426967,-4.034799588237112,-34.69283898076132,-34.67534989000824,-0.0015033151799905323,-0.4094762625787932,1.5784200685360759
1.7904,-0.7243782835738011,-0.32571244451864056,-0.2496126922129592,0.08021423226705342,-0.24956673921338315,0.08027985374028576,-0.7063769903010005,-0.35817074265305227,-0.46578792122422963,-0.422188636589516,-0.009023623136188319,0.0161963383305897,-0.008977670136612215,0.016261959803822,-0.964967352650572,-0.26169455058217683,25.992961256835493,-36.28955851162448,12.933251031605,-17.53543822436531,13.045533280885827,-18.758808859158783,12.989392156245414,-18.14712354176205,0.014176944344665543,0.004688571899620797,-4.03181270179697,-34.63760894096448,-34.62118096963048,-0.001537546549599538,-0.41261450432927493,1.5945006865109121
1.7912,-0.7257481930539534,-0.32223637101843405,-0.24973208623383425,0.08248386082826843,-0.2496876386511174,0.08254584043239381,-0.7077634167698135,-0.3549723377758749,-0.4670459424694076,-0.42111920502748557,-0.009014611933428396,0.016336993576657716,-0.008970164350711574,0.016398973180783122,-0.9664656673543592,-0.2560895037668234,25.950194800715295,-36.154318260990806,12.911541037602515,-17.46458338098778,13.02430381789344,-18.694428491501146,12.967922427747977,-18.079505936244463,0.014349945219340299,0.00469361149811931,-4.0288283520413435,-34.58220393553808,-34.56689318112073,-0.001573646620353539,-0.415789751081466,1.6107517731549592
1.792,-0.7271061092105082,-0.3187288896738746,-0.2498420586197605,0.08477949091747129,-0.24979944618681946,0.08483750794995915,-0.7091392984495437,-0.35174506149926127,-0.468301951426736,-0.4200454750202831,-0.009004711596952764,0.01647907739644941,-0.00896209916401175,0.016537094428937277,-0.9679434562333159,-0.2504284761528527,25.90757761430341,-36.01909552477507,12.889890004539845,-17.39370823060531,13.00316208481755,-18.63008555091428,12.946526044678698,-18.011896890759793,0.01452552494601278,0.004698256744518403,-4.025846525955228,-34.52662487697762,-34.51248660633241,-0.001611722067514469,-0.41900278759751436,1.6271735722068854
1.7928000000000002,-0.7284516628996832,-0.31518960900956156,-0.2499422425867652,0.08710149739931751,-0.24990182016060722,0.0871552231258489,-0.7105042935056998,-0.34848853769282057,-0.46955594682900526,-0.41896743361377425,-0.008993895910070715,0.016622601478363808,-0.008953473483912733,0.016676327204895203,-0.9694000095763777,-0.24471071308860787,25.86510894311459,-35.883888455694695,12.86829674663218,-17.32281151907517,12.982108472708603,-18.565779438524302,12.925202609670391,-17.944295478799738,0.014703723773806132,0.004702501904780831,-4.0228672144560385,-34.470872810063085,-34.45796130721242,-0.001651885361747253,-0.4222544286205801,1.643766230030053
1.7936,-0.7297844737885595,-0.31161813164016783,-0.25003225920609856,0.08945026001845033,-0.24999440799883144,0.08949935792996874,-0.7118580489249999,-0.3452023838185103,-0.4708079277543147,-0.41788506670354864,-0.008982138035413367,0.016767577133412037,-0.008944286828146186,0.01681667504493045,-0.9708345949592447,-0.23893544875512954,25.822788051641037,-35.74869511212575,12.846760049412449,-17.251891938684572,12.961143419800155,-18.501509515240322,12.903951734606302,-17.876700726962447,0.014884582428432935,0.004706341799142422,-4.019890412885344,-34.41494891762255,-34.40331732323116,-0.0016942550583450271,-0.4255455203629063,1.6605297896322782
1.7944,-0.7311041499829504,-0.3080140542013016,-0.250111716990646,0.09182616338660077,-0.2500768458446868,0.09187028949462235,-0.7132002001012675,-0.3418862108271768,-0.4720578936244425,-0.41679835895485073,-0.008969410513821052,0.0169140152589268,-0.008934539367861871,0.01695814136694837,-0.9722464564597755,-0.23310190607362766,25.780614225993023,-35.613513452686234,12.825278669253379,-17.180948125204573,12.940267414628991,-18.43727509935302,12.882773041941185,-17.809111612278798,0.015068142110653326,0.004709771871361568,-4.016916121544558,-34.35885452650311,-34.34855466857887,-0.0017389561003895836,-0.42887694207564026,1.6774641843816767
1.7952,-0.7324102876416306,-0.3043769672817773,-0.25018021146711095,0.09422959696282517,-0.25014875817567944,0.09426840013566679,-0.714530370403905,-0.33853962305527735,-0.4733058442013726,-0.4157072937177733,-0.008955685264578572,0.01706192630032921,-0.008924231973147068,0.017100729473170817,-0.973634813844163,-0.22720929661928135,25.738586776798606,-35.47834133055674,12.803851332927334,-17.10997865479948,12.919480999376614,-18.373075464020776,12.861666166151974,-17.741527059410128,0.015254444494658514,0.004712788263518064,-4.013944346277995,-34.30259111375692,-34.29367332910885,-0.001786120136517582,-0.43224960770514154,1.694569231403932
1.796,-0.7337024705763896,-0.3007064553575027,-0.2502373247335147,0.09666095502634704,-0.2502097574074843,0.09669407736908645,-0.7158481707281316,-0.33516221812199043,-0.4745517795817611,-0.4146118529374633,-0.008940933587144206,0.01721132021087418,-0.008913366261113831,0.01724444255361357,-0.9749988617227601,-0.22125682054202983,25.696705042383496,-35.34317648752782,12.782476737209269,-17.03898204078547,12.8987847734477,-18.308909834639458,12.840630755328483,-17.673945937712464,0.015443531726528903,0.004715387897107348,-4.010975099106942,-34.24616031304882,-34.23867325900478,-0.0018358858540176055,-0.4356644676410099,1.711844624645039
1.7968000000000002,-0.7349802698373392,-0.2970020967272289,-0.2502826250015458,0.09912063664142039,-0.2502594434837165,0.0991477139225662,-0.717153199026126,-0.3317535868269582,-0.47579570018910144,-0.41351201705908686,-0.008925126164521346,0.01736220640929176,-0.008901944646691973,0.017389283690437574,-0.9763377686743637,-0.21524366649510024,25.65496839225307,-35.20801654776368,12.761153548528469,-16.967956730232153,12.878179397302066,-18.24477738609196,12.819666472915268,-17.606367058162057,0.015635446422535892,0.0047175685604372575,-4.008008398918681,-34.18956392129457,-34.18355437714971,-0.0018883993280242582,-0.43912251056129675,1.7292899275820162
1.7976,-0.7362432432828975,-0.2932634634504067,-0.2503156661232824,0.1016090456136089,-0.2502974034511205,0.10162970774163099,-0.718445039818172,-0.3283133130489177,-0.4770376067633333,-0.41240776492728215,-0.008908233068443683,0.017514593735244444,-0.00888997039628181,0.01753525586326654,-0.9776506763377362,-0.20916901157204226,25.613376230900883,-35.07285901127106,12.739880402675173,-16.89690110040059,12.857665596558,-18.180677239873845,12.798772999616586,-17.538789170137218,0.015830231667710137,0.004719329003371797,-4.005044272214654,-34.13280390553564,-34.128316563168816,-0.0019438143875848287,-0.4426247653807808,1.7469045655642503
1.7984,-0.7374909351338299,-0.2894901212874279,-0.25033598710180455,0.10412659043682611,-0.2503232110196729,0.10414046198987802,-0.7197232636828629,-0.32484097364551184,-0.47827750034760763,-0.41129907367982194,-0.008890223766549299,0.017668490402516,-0.008877447684417727,0.017682361955567938,-0.978936698469085,-0.2030320212531178,25.5719280019692,-34.93770124706262,12.718655904568834,-16.825813455010916,12.837244166385844,-18.116608461090934,12.777950035477339,-17.471210958050925,0.01602793101452349,0.004720669039230074,-4.0020827539222985,-34.07588241005944,-34.07295965311949,-0.0020022929994596627,-0.44617230330855073,1.7646878177664576
1.7992,-0.7387228755107121,-0.28568162964255545,-0.2503431115852015,0.10667368423043928,-0.2503364261070733,0.10668038504279542,-0.7209874267253636,-0.32133613835460645,-0.4795153822719005,-0.41018591863519827,-0.008871067131738353,0.017823903949847425,-0.008864381653610143,0.017830604762203578,-0.9801949199641753,-0.1968318493619636,25.530623192789488,-34.80254048600385,12.697478628095443,-16.754692020333245,12.816915976212325,-18.052570055325763,12.757197302153884,-17.403631037829506,0.016228588481720152,0.004721589655162006,-3.9991238882753715,-34.01880176377284,-34.01748343479814,-0.002064005670521071,-0.44976624002146554,1.7826388087334806
1.8,-0.7399385799541571,-0.2818375415098471,-0.2503365473434721,0.10925074466570589,-0.2503365943670876,0.10924989047463847,-0.7222370700226906,-0.31779836969745234,-0.480751254133144,-0.4090682731738219,-0.008850731453925564,0.01798084118933635,-0.00885077847754101,0.017979986998268915,-0.9814243958437037,-0.19056763803347754,25.489461339332266,-34.667373813331906,12.676347116021455,-16.683534941094155,12.79668197475721,-17.98856096536852,12.736514545389333,-17.336047953231336,0.016432248553599038,0.004722093130766325,-3.9961677297679667,-33.96156448783601,-33.9618876426296,-0.002129131869687868,-0.4534077379607433,1.8007564994962593
