freq_ghz,s11_re,s11_im,s12_re,s12_im,s21_re,s21_im,s22_re,s22_im,sdd_re,sdd_im,sdc_re,sdc_im,scd_re,scd_im,scc_re,scc_im,zdd_re,zdd_im,zb1_re,zb1_im,zb2_re,zb2_im,zavg_re,zavg_im,zdd_minus_2zavg_re,zdd_minus_2zavg_im,sdd_db,sdc_db,scd_db,scc_db,branch_mag_imbalance_db,branch_phase_error_deg
1.0,0.5459341845677375,0.23503463236483282,0.4142799522552354,-0.5146194653174396,0.41428217400317335,-0.5146157723204929,0.5457909390753388,0.2352287654123374,0.13158149869233376,0.7497493177075514,7.051187223033883e-05,-9.891302222564402e-05,7.27336201682971e-05,-9.522002527895257e-05,0.9601436249507426,-0.2794859199303812,31.95094909244947,113.9198829872448,15.973083521633265,56.923021361437605,15.977863226349175,56.99685415121323,15.975473373991221,56.95993775632542,2.3444670276262514e-06,7.474593971323884e-06,-2.369932290414385,-78.31039886042976,-78.42935309942828,-5.142088883524986e-05,-0.010627303928615685,-0.014853572114304825
1.0008,0.5470722008424301,0.23439518021817388,0.412844328085279,-0.5142127177651192,0.412845116433909,-0.5142092653027859,0.5469320169129088,0.23459185986899497,0.1341573866180755,0.7487045115775369,6.969779044568858e-05,-0.00010006605657723877,7.048613907567614e-05,-9.66135942438856e-05,0.9598468311372634,-0.27971747149036813,32.16530912498849,114.28493087146137,16.07951612704686,57.10562234323638,16.085790412497435,57.17930108676126,16.082653269772145,57.14246171499882,2.5854442000650124e-06,7.441463736768128e-06,-2.3765411018578013,-78.27659894364422,-78.44588578151948,-0.001964310339778781,-0.010626163725039758,-0.013436906641601354
1.0016,0.5482070460293537,0.23375218262280897,0.41141531287760374,-0.5138012987513936,0.41141468389409647,-0.5137980679440685,0.5480699106651132,0.23395135202898423,0.13672347996138334,0.7476514506736276,6.88821738739076e-05,-0.00010120010675020163,6.825319036657396e-05,-9.796929942508525e-05,0.9595534767330836,-0.27994791602183444,32.3811220894165,114.6503300790892,16.186683046304005,57.28840229571975,16.19443621822502,57.36192037960632,16.190559632264513,57.32516133766303,2.8248874741620966e-06,7.403763135016561e-06,-2.383156739334432,-78.24308027058012,-78.45987641339484,-0.0038508135661538653,-0.010623782043305115,-0.012043459052620165
1.0024,0.5493387044219972,0.23310565508904288,0.4099929001191043,-0.5133852646572952,0.4099908699194445,-0.5133822369730296,0.5492046043143521,0.23330725778994402,0.13927976934890027,0.7465902072546559,6.806515365243015e-05,-0.000102315192583316,6.603495399259973e-05,-9.928750831779409e-05,0.959263539387449,-0.28017729437566896,32.59839704036068,115.0160774693434,16.29458878031984,57.47135964784266,16.303805197321687,57.54471045993216,16.299196988820764,57.50803505388741,3.0627191520693486e-06,7.361568577834987e-06,-2.3897791687415104,-78.20986706509376,-78.47142416245772,-0.005711015714147594,-0.010620171263236377,-0.010672950410224757
1.0032,0.5504671604355006,0.23245561320799865,0.4085770829487545,-0.5129646714212762,0.408573667693382,-0.5129618286730334,0.550336081968979,0.23265959313215043,0.14182624588117154,0.7455208532172294,6.724686094705667e-05,-0.00010341133619727605,6.383160557454914e-05,-0.0001005685879544721,0.9589769965233079,-0.28040564687708025,32.81714309534906,115.38216983108619,16.403237862224614,57.65449279250936,16.413901934262157,57.72766972362044,16.408569898243385,57.6910812580649,3.298862289113913e-06,7.314956391724081e-06,-2.3964083574656545,-78.17698222832144,-78.48063063892108,-0.007545004867355478,-0.010615343818140228,-0.009325106400808636
1.004,0.5515923986071288,0.2318020726504572,0.4071678541646636,-0.5125395745398117,0.4071630700541929,-0.5125368988826983,0.551464327863786,0.23200837411730238,0.14436290112602915,0.7444434600951348,6.642742690682324e-05,-0.00010448856197929624,6.164331643604415e-05,-0.00010181290486589722,0.9586938253448856,-0.28063301332737517,33.03736943490327,115.7486038817279,16.512634857387177,57.83780008603139,16.52473104427508,57.910796531692796,16.518682950831128,57.874298308862095,3.5332410135424652e-06,7.2640037132032376e-06,-2.4030442743703637,-78.1444473916987,-78.48759934664977,-0.009352871991733975,-0.01060931219204383,-0.007999657228879187
1.0048,0.5527144035967367,0.23114504916569117,0.40576520623104817,-0.5121100290680715,0.4057590695020686,-0.512107502996547,0.5525893263604772,0.2313536168873012,0.1468897271120486,0.7433580990588053,6.560698261953712e-05,-0.0001055468965672629,5.94702536400038e-05,-0.00010302082504277943,0.9584140028451653,-0.28085943300581306,33.259085302624925,116.11537626611725,16.622784363436224,58.021279847580274,16.636297173408103,58.09408920974926,16.629540768422164,58.057684528664765,3.7657805975754854e-06,7.2087877214244145e-06,-2.4096868897835853,-78.11228296917955,-78.49243515313708,-0.011134710880738379,-0.010602088917149586,-0.0066963375152226945
1.0056,0.5538331601872198,0.23048455858029782,0.40436913128513174,-0.5116760896206611,0.4043616582060852,-0.511673695965728,0.5537110619481259,0.23069533766303005,0.1494067163220644,0.7422648409148586,6.478565907025446e-05,-0.00010658636883269235,5.731258002367179e-05,-0.00010419271389953966,0.9581375058132813,-0.2810849446715306,33.48230000527447,116.4824835554184,16.733691010277724,58.204930358632794,16.74860499858959,58.2775460473994,16.741148004433658,58.241238203016096,3.996407151873882e-06,7.149386206606323e-06,-2.41633617548526,-78.08050820846971,-78.49524378288223,-0.012890618100609543,-0.010593686571388502,-0.005414886196632551
1.0064,0.5549486532849502,0.22982061679702914,0.4029796211439663,-0.5112378103724305,0.402970828011102,-0.5112355322988019,0.5548295192436198,0.23003355274312967,0.15191386168675086,0.7411637561056956,6.396358709742644e-05,-0.00010760700986457705,5.517045423308886e-05,-0.00010532893623595163,0.9578643108418192,-0.28130958656553684,33.70702291284299,116.84992224597578,16.845359460108995,58.388749862411714,16.861659227685916,58.46116529768685,16.853509343897457,58.42495758004928,4.225048073180915e-06,7.085877214763059e-06,-2.422992104694935,-78.04914124122634,-78.49613133789221,-0.014620692935830619,-0.010584117775682031,-0.00415504642754172
1.0072,0.5560608679202047,0.22915323979361815,0.4015966673111722,-0.5107952450593441,0.40158657044457924,-0.5107930660625967,0.5559446829920924,0.22936827850277072,0.15441115657827284,0.7400549147091648,6.314089735265371e-05,-0.00010860885295004008,5.3044030759674676e-05,-0.0001064298562025584,0.9575943943340244,-0.28153339641277597,33.93326345861662,117.21768875816724,16.95779440742958,58.572736563318756,16.975464599555313,58.64494517650934,16.96662950349245,58.60884086991405,4.451631724577965e-06,7.018339147180086e-06,-2.4296546520593862,-78.01819913214239,-78.49520384764222,-0.01632503733480512,-0.010573395191713832,-0.0029165654846394773
1.008,0.5571697892475733,0.2284824436216049,0.400220260983607,-0.5103484469794181,0.4002088767233229,-0.5103463508831241,0.5570565380673405,0.22869953139242596,0.15689859480399193,0.7389383864382866,6.23177202584424e-05,-0.00010959193355751518,5.093345997436716e-05,-0.00010749583726350764,0.9573277325109218,-0.2817564114242556,34.16103113923317,117.58577943524352,17.071000579048345,58.75688862636227,17.090025884097244,58.828883862030466,17.080513231572795,58.79288624419637,4.67608757759308e-06,6.946850788835945e-06,-2.436323793640284,-77.9876979266985,-78.49256685118009,-0.01800375585570608,-0.010561531519302884,-0.001699194672738713
1.0088,0.5582754025463611,0.22780824440515787,0.39885039305795167,-0.5098974689937138,0.398837737760146,-0.5098954399465613,0.558165069472228,0.22802732793663824,0.1593761706002457,0.7378142406410356,6.14941859693463e-05,-0.00011055628931642969,4.883888816376025e-05,-0.00010852724216391108,0.9570643014183434,-0.28197866829923945,34.39033551473124,117.95419054215597,17.184982734086617,58.941204176577855,17.205347882298085,59.01297949408678,17.19516530819235,58.97709183533232,4.898346539050635e-06,6.871491336823965e-06,-2.4429995069019066,-77.9576526976826,-78.48832501223583,-0.019656955612555208,-0.010548539494171628,-0.0005026892328032773
1.0096,0.5593776932209734,0.22713065833989496,0.39748705413722313,-0.5094423635273959,0.39747314417045676,-0.5094403860002922,0.5592702623390782,0.22735168473278736,0.16184387862618585,0.7366825463001853,6.067042433083314e-05,-0.00011150195999805323,4.676045756446534e-05,-0.00010952443289431735,0.9568040769338657,-0.2822002032275029,34.62118620859079,118.32291826437103,17.299745663977927,59.1256812984432,17.3214354262725,59.19723017358746,17.310590545125216,59.16145573601533,5.118340361320861e-06,6.79234037193055e-06,-2.4496817706988736,-77.92807759034702,-78.48258176881725,-0.021284746221519546,-0.01053443188549796,0.0006731917481488381
1.0104,0.5604766468012878,0.22644970169170323,0.39613023453721036,-0.5089831825708455,0.3961150862787677,-0.5089812413540064,0.5603721019300466,0.2266726184498562,0.1643017139576782,0.7355433720332056,5.984656484198103e-05,-0.00011242898749608266,4.469830639924899e-05,-0.00011048777065691961,0.9565470347736562,-0.28242105189164624,34.85359290776587,118.69195870667136,17.41529419246396,59.31031803528583,17.438293379299687,59.38163396190782,17.426793785881824,59.34597599859683,5.336002224964886e-06,6.70947770231578e-06,-2.4563705652639394,-77.89898586604147,-78.47543901720495,-0.02288723974746221,-0.010519221493604472,0.0018286854240727735
1.0112,0.561572248943016,0.22576539079555405,0.39477992429283043,-0.5085199776808297,0.39476355412512537,-0.5085180578808582,0.5614705736374886,0.2259901458271928,0.16674967208127445,0.7343967860922174,5.902273661623214e-05,-0.0001133374158051037,4.2652568911172306e-05,-0.00011141761583366439,0.9562931504992302,-0.28264124946947056,35.087565362708865,119.06130789194528,17.531633175585746,59.49511238868524,17.555926635856732,59.56618888027646,17.543779905721237,59.53065063448085,5.551266390568799e-06,6.6229835766762335e-06,-2.4630658721958283,-77.8703899446054,-78.46699683028034,-0.02446455065071538,-0.01050292114764301,0.002964025277606197
1.012,0.5626644854280504,0.22507774205432035,0.3934361131644128,-0.5080527999817266,0.3934185374714681,-0.5080508870186801,0.562565662984306,0.22530428367327368,0.16918774888823773,0.7332428563640003,5.8199068344533256e-05,-0.00011422729099992701,4.0623375399839734e-05,-0.00011231432795337504,0.9560423995241185,-0.2828608306364063,35.32311338738581,119.43096175996133,17.64876750167165,59.68006231786711,17.674340121645663,59.75089290915568,17.661553811658656,59.715477613511396,5.764068497171593e-06,6.532938542136435e-06,-2.4697676744471084,-77.84230144518045,-78.4573532096663,-0.026016795734128455,-0.010485543703416509,0.0040794412027480575
1.0128,0.563753342164799,0.22438677193758894,0.3920987906439037,-0.5075817001668035,0.39208002580790047,-0.5075797797712501,0.563657355624284,0.22461504886446362,0.17161594066863942,0.7320816503700531,5.737568825908701e-05,-0.00011509866121402201,3.8610852255926975e-05,-0.00011317826566066558,0.9557947571204435,-0.28307982956800054,35.56024685928314,119.80091616613124,17.766702091320475,59.86516573909233,17.79353879361727,59.93574398761544,17.78012044246887,59.900454863353886,5.974345398840342e-06,6.439423472670569e-06,-2.4764759563121266,-77.81473122560615,-78.44660387064377,-0.027544094090371108,-0.010467102041073512,0.005175159588361566
1.0136,0.564838805188507,0.2236924969804744,0.39076794596099673,-0.5071067284995463,0.3907480083588967,-0.5071047867096121,0.5647456373424147,0.22392245834377536,0.17403424410551413,0.730913235266704,5.6552724096214924e-05,-0.00011595157661757616,3.661512199615302e-05,-0.00011400978668342499,0.9555501984254076,-0.2832982799424544,35.798975719405114,120.17116688025835,17.885441897380744,60.050420525038675,17.913527639989187,60.12074001270031,17.899484768684964,60.08558026886949,6.182035185986479e-06,6.342519370150512e-06,-2.483190703414993,-77.78768942041482,-78.4348420587352,-0.029046567049529633,-0.010447609062894617,0.006251403398209732
1.0144,0.5659208606615646,0.2229949337824306,0.3894435680891891,-0.506627934815039,0.38942247408942593,-0.5066259579734481,0.5658304940552037,0.2232265291196293,0.1764426562690766,0.7297376778452735,5.573030306205151e-05,-0.00011678608939477697,3.463630329880729e-05,-0.00011480924780390978,0.9553086984476916,-0.28351621494321355,36.039309972261805,120.54170958527284,18.00499190492471,60.235824504175184,18.034311680259627,60.305878838789795,18.01965179259217,60.27085167148249,6.387077462477464e-06,6.242307861725749e-06,-2.4899119026976058,-77.76118547734593,-78.4221583961028,-0.030524338126974186,-0.0104270776912017,0.007308392250450879
1.0152,0.5669994948738039,0.22229409900606045,0.3881256457517584,-0.5061453685213916,0.3881034117109988,-0.5061433432724983,0.5669119118109686,0.22252727826460938,0.1788411746110076,0.7285550445322799,5.4908551797461236e-05,-0.00011760225372109412,3.267451103788899e-05,-0.00011557700482783817,0.955070232073765,-0.28373366726161003,36.281259685848,120.91253987595411,18.12535713121898,60.42137546013171,18.15589596521608,60.49115827695192,18.14062654821753,60.45626686854182,6.589412940627426e-06,6.13887047506978e-06,-2.4966395424077623,-77.73522819246125,-78.40864075649033,-0.03197753297153151,-0.01040552086602885,0.008346342494604642
1.016,0.568074694242781,0.2215900093759273,0.38681416742767016,-0.5056590786012162,0.38679080968764445,-0.5056569918880317,0.5679898767901164,0.22182472291422276,0.18122979695879138,0.727365401389699,5.4087596345175903e-05,-0.00011840012573995085,3.07298563194669e-05,-0.00011631341255548266,0.954834774074106,-0.2839506690995489,36.52483499161132,121.28365325763797,18.246542625689273,60.607071131058404,18.27828557693823,60.676576094290084,18.26241410131375,60.641823612674244,6.7889838177848105e-06,6.0322894768205515e-06,-2.5033736120872874,-77.70982574382985,-78.3943741665212,-0.03340627931397062,-0.010382951543260797,0.009365467286642115
1.0168,0.5691464453140463,0.22088268167736244,0.38550912135740517,-0.5051691136131466,0.385484656241805,-0.5051669526743607,0.5690643753054169,0.2211188802656537,0.18360852151012652,0.7261688141152617,5.326756211482264e-05,-0.00011917976353857662,2.8802446514653024e-05,-0.00011701882475266545,0.9546022991093368,-0.2841672521722456,36.770046084411504,121.65504514491174,18.36855346988095,60.79290920898231,18.401485628796877,60.862130013282496,18.385019549338914,60.8275196111324,6.985733676856398e-06,5.922646934664044e-06,-2.5101141025602702,-77.68498572394574,-78.37944073168755,-0.03481070691577973,-0.010359382692250155,0.010365976664076015
1.0176,0.570214734761403,0.22017213275527492,0.3842104955487169,-0.5046755216934048,0.384184939360161,-0.5046732740604016,0.570135393802254,0.22040976757652228,0.18597734682738956,0.7249653480428018,5.244857385244828e-05,-0.00011994122712526145,2.6892385296628518e-05,-0.00011769359412210079,0.9543727817362675,-0.2843834477110046,37.016903222468365,122.02671086029419,18.491394777414982,60.9788873391538,18.525501265445975,61.04781771111513,18.50844802143048,61.013352525134465,7.1796074081476036e-06,5.8100252573467515e-06,-2.5168610059213137,-77.66071517058604,-78.36391958487829,-0.03619094751829614,-0.010334827293875148,0.01134807761684442
1.0184,0.5712795493871493,0.21945837951296032,0.3829182777823145,-0.5041783505574083,0.38289164679937976,-0.5041760040512818,0.5712029188588679,0.2196974021636398,0.18833627183216145,0.7237550681426451,5.163075560810082e-05,-0.00012068457840300195,2.499977267333975e-05,-0.00011833807227648596,0.9541461964138557,-0.28459928646604504,37.265416727299346,122.39864563290169,18.61507169393753,61.165003119387165,18.65033766281046,61.23363681900716,18.632704678373997,61.19931996919716,7.370551351471022e-06,5.694507365205936e-06,-2.523614315523879,-77.63702059662927,-78.34788685552057,-0.03754713479213725,-0.010309298338497133,0.01231197415924612
1.0192,0.5723408761223118,0.2187414389109073,0.3816324556174684,-0.5036776475014194,0.3816047660917875,-0.5036751902299833,0.5722669371865847,0.21898180140176426,0.1906852957998203,0.7225380390220373,5.081423070396607e-05,-0.00012140988114653362,2.312470502308095e-05,-0.00011895260971039878,0.9539225175090762,-0.2848147987093656,37.515596983646944,122.77084459710102,18.73958939706584,61.35125409939528,18.77600002806779,61.419584921529804,18.757794712566813,61.38541951046254,7.558513317462712e-06,5.576175936994332e-06,-2.5303740259686966,-77.61390801836995,-78.33141565743779,-0.03887940428700579,-0.010282808823791833,0.013257867398664303
1.02,0.5733987020268636,0.21802132796560764,0.38035301639754926,-0.503173459404235,0.38032428455097306,-0.5031708797590341,0.5733274356300282,0.2182629827223583,0.19302441835418474,0.7213143249256175,4.999912170577936e-05,-0.0001221172009757826,2.126727512963278e-05,-0.0001195375557749151,0.9537017193027071,-0.2850300142376515,37.7674544393939,123.1433027911465,18.86495309632771,61.53763778011486,18.902493599623625,61.605659555917526,18.883723347975668,61.571648668016195,7.743442566265912e-06,5.455114106212022e-06,-2.537140133092227,-77.59138298272136,-78.31457609329219,-0.040187893381807845,-0.010255371752862725,0.014185955603068123
1.0208,0.5744530142899309,0.21729806374836327,0.37907994725548777,-0.5026658327289146,0.37905018927731193,-0.5026631193822331,0.5743844011673227,0.2175409636123445,0.19535363946222695,0.7200839897359277,4.9185550392016886e-05,-0.00012280660533141308,1.9427572216179634e-05,-0.00012009325864985321,0.9534837759950267,-0.28524496237521996,38.02099960546797,123.5160151558042,18.99116803309618,61.72415161302669,19.029823647082015,61.7918582113723,19.0104958400891,61.758004912199496,7.925289772003907e-06,5.331405205311057e-06,-2.543912633955199,-77.56945059314346,-78.29743527411638,-0.041472741235161474,-0.0102270001321606,0.015096434267348968
1.0216,0.575503800229987,0.21657166338409495,0.377813235119167,-0.5021548135245466,0.3777824671634209,-0.5021519554264169,0.5754378209102825,0.21681576161286306,0.19767295942884083,0.7188470969739607,4.837363772530745e-05,-0.00012347816344891738,1.760568197922696e-05,-0.00012062006531919633,0.9532686617114288,-0.2854596719770027,38.276243055734476,123.88897653296118,19.118239480518028,61.91079299946793,19.15799547120939,61.978178328360514,19.13811747586371,61.94448566391422,8.104007058307161e-06,5.205132737273743e-06,-2.550691526831224,-77.54811553443452,-78.28005735174382,-0.04273408873622933,-0.010197706969478628,0.015989496178349327
1.0224,0.5765510472950315,0.21584214405015206,0.37655286671674154,-0.5016404474280495,0.37652110489954166,-0.5016374338032636,0.5764876821045821,0.21608739431803015,0.1999823788916652,0.7176037097997476,4.756350382462138e-05,-0.0001241319463319568,1.580168662473902e-05,-0.0001211183215461542,0.9530563505079483,-0.2856741714315655,38.533195426876965,124.26218166421918,19.246172743436883,62.09755928993667,19.287014403891973,62.164617297902566,19.26659357366443,62.13108829391962,8.27954810489473e-06,5.076379949287002e-06,-2.557476811195472,-77.52738209642268,-78.26250356268386,-0.04397207845595617,-0.010167505272036501,0.016865331477504242
1.0232,0.5775947430627603,0.2151095229751206,0.3752988285818827,-0.5011227796660093,0.3752660889788461,-0.5011196000111294,0.5775339721299225,0.2153558793736954,0.202281898815977,0.7163538910129774,4.6755267937126366e-05,-0.000124768026727326,1.40156649006129e-05,-0.00012158837184746141,0.9528468163767059,-0.2858884886641614,38.791867418266136,124.63562518947583,19.374973158310464,62.284447783390135,19.416885808087592,62.351172460854855,19.395929483199026,62.317810122122495,8.451868083625413e-06,4.945230841713055e-06,-2.5642684877134396,-77.50725419647878,-78.24483228195375,-0.04518685459866189,-0.010136408044452799,0.017724127723369065
1.024,0.5786348752407193,0.21437381743763492,0.3740511070589577,-0.5006018550565501,0.3740174057026768,-0.5005984991369232,0.5785766785001757,0.21462123447620268,0.20457152048963026,0.7150977030536554,4.594904841231928e-05,-0.00012538647909729472,1.2247692131317489e-05,-0.0001220305594704374,0.9526400332512648,-0.2861026511398178,39.052269791815355,125.00930164548885,19.504646093121192,62.471455726535,19.547615077770537,62.5378411071849,19.526130585445863,62.50464841685995,8.62092363007605e-06,4.811768945955919e-06,-2.5710665582297647,-77.48773540108765,-78.22709908507746,-0.046378562954034835,-0.010104428286885597,0.018566069952044018
1.0248,0.57967143166645,0.2136350447651877,0.37280968830813377,-0.5000777180112365,0.37277504118571214,-0.500074175858012,0.5796157888635212,0.2138834773711497,0.2068512455180626,0.713835208002793,4.5144962675214284e-05,-0.00012598737959326756,1.0497840253587132e-05,-0.00012244522636875588,0.9524359750119085,-0.28631668586645553,39.31441337182393,125.38320546442688,19.63519694728153,62.65858031311029,19.67920763786945,62.724620475238396,19.65720229257549,62.691600394174344,8.78667295012292e-06,4.6760781913235405e-06,-2.577871025757137,-77.46882894635394,-78.20935681719914,-0.04754735084948489,-0.010071578993057462,0.019391340735751328
1.0256,0.5807044003076173,0.21289322233294194,0.37157455831041425,-0.49955041253700844,0.37153898136106095,-0.4995466744441581,0.5806512910025675,0.21314262585215016,0.2091210758193548,0.7125664675831294,4.434312720152933e-05,-0.00012657080602926363,8.766177848229528e-06,-0.00012283271317897748,0.9522346154908301,-0.2865306193980372,39.578309044807554,125.75733097240483,19.766631151532337,62.845818683163344,19.811668944199393,62.91150775099899,19.789150047865867,62.87866321708117,8.949075819941754e-06,4.538242492913014e-06,-2.584681894465306,-77.450537757505,-78.19165566794831,-0.04869336710293663,-0.010037873148357915,0.020200120241241848
1.0264,0.5817337692621288,0.2121483675625453,0.37034570287260654,-0.4990199822381459,0.37030921198528965,-0.49901603875949047,0.5816831728344609,0.2123986977595979,0.21138101361934677,0.7112915431598898,4.354365749242861e-05,-0.00012713683785403607,7.052770175541845e-06,-0.0001231933591985812,0.952035928477243,-0.2867444778377466,39.84396775931401,126.13167238800402,19.89895416783451,63.033167922317915,19.945004483386057,63.09850006734047,19.921979325610284,63.06583399482919,9.108093443899179e-06,4.3983456379237396e-06,-2.5914991696701097,-77.43286446755793,-78.17404325080891,-0.04981676197598528,-0.010003323727946158,0.020992586286240567
1.0272000000000001,0.5827595267582403,0.21140049792094298,0.3691231076322171,-0.4984864703182611,0.3690857186433749,-0.4984823122645005,0.5827114224109813,0.21165171097943014,0.21363106144681476,0.7100104957415674,4.2746668050597236e-05,-0.00012768555612388544,5.357679208395361e-06,-0.000123527502363302,0.9518398877224068,-0.28695828684119423,40.11140052572679,126.50622382077763,20.03217148925467,63.22062506103464,20.079219772783397,63.2855945032712,20.055695631019034,63.25310978215292,9.26368872455896e-06,4.256471797248196e-06,-2.5983228578226507,-77.41581143502421,-78.15656468615873,-0.05091768712748569,-0.009967943694894593,0.021768914394527883
1.028,0.5837816611546486,0.2106496309191944,0.367906758062283,-0.49794991958232143,0.3678684867535927,-0.49794553801807134,0.583736027918624,0.21090168344189558,0.21587122212869844,0.7087233859807414,4.195227235742616e-05,-0.00012821704347565355,3.680963667151982e-06,-0.0001238354792255647,0.9516464669445741,-0.2871720716196514,40.3806184160531,126.88097926974051,20.16628863984338,63.40818707386455,20.214320360383596,63.472788083171224,20.190304500113488,63.44048757851789,9.415826127678883e-06,4.112704729664074e-06,-2.605152966498508,-77.3993807607275,-78.139262686902,-0.05199629556752912,-0.009931745998309434,0.022529277849770324
1.0288,0.5848001609405727,0.20989578411129078,0.36669663947613085,-0.4974103724386956,0.3666575015723319,-0.4974057586795306,0.5847569776786706,0.21014863312032156,0.2181014987853903,0.7074302741749192,4.116058285053015e-05,-0.00012873138409791318,2.022679051583154e-06,-0.00012411762493286238,0.951455639833853,-0.287385856943307,40.65163256369847,127.25593262184402,20.301311174506743,63.595850878694534,20.350311824720166,63.66007777602107,20.325811499613454,63.6279643273578,9.564471561418486e-06,3.967128421322741e-06,-2.6119895043870525,-77.38357430391025,-78.1221776459657,-0.05305274161187209,-0.009894743571455438,0.023273847748782828
1.0296,0.5858150147358222,0.2091389750929733,0.3654927370320701,-0.4968678709012288,0.3654527481988463,-0.4968630165107322,0.5857742601472454,0.20939257802988523,0.22032189482607561,0.7061312202674098,4.037171090026659e-05,-0.00012922866370425334,3.8287767650801996e-07,-0.0001243742732076475,0.951267380056992,-0.28759966714455126,40.92445416322596,127.6310776504353,20.437244678870616,63.78361333598505,20.4871997747627,63.84746049462359,20.462222226816657,63.81553691530432,9.7095926463453e-06,3.8198266594235974e-06,-2.6188324812808417,-77.36839369745076,-78.10534772479521,-0.0540871808367583,-0.009856949329996726,0.024002793052432025
1.0304,0.5868262112908526,0.20837922150055543,0.3642950357380214,-0.49632245659134083,0.36425421157993454,-0.4963173533781614,0.5867878639153588,0.20863353622638575,0.22253241394412768,0.7048262838482218,3.9585766790306565e-05,-0.00012970896950487143,-1.238391296509711e-06,-0.00012460575632547433,0.9510816612620836,-0.2878135261212805,41.19909447010049,128.00640801370068,20.57409476913756,63.97147124800057,20.624989849804418,64.03493309481672,20.59954230947099,64.00320217140865,9.851158509377456e-06,3.6708833874854463e-06,-2.625681908065107,-77.35384036235837,-78.0888089424501,-0.05509977003418233,-0.009818376170049653,0.02471628063631215
1.0312,0.58783373948681,0.2076165410097446,0.3631035204560738,-0.4957741707401465,0.3630618765145535,-0.4957688107550653,0.5877977777089393,0.20787152580501905,0.22473306011256095,0.7035155241549877,3.8802859695541425e-05,-0.0001301723901778462,-2.841081824800362e-06,-0.00012481240509662483,0.9508984570831882,-0.28802745734022406,41.47556480041785,128.38191725309437,20.711867091936206,64.15942135803215,20.763687719341654,64.22249237468009,20.73777740563893,64.19095686635612,9.989139989841078e-06,3.5203821369123034e-06,-2.632537796707311,-77.3399155216304,-78.07259526435584,-0.056090667167589106,-0.009779036966502348,0.02541447533994301
1.032,0.5888375883355637,0.20685095133446768,0.36191817590697983,-0.49522305419060153,0.36187572765836556,-0.4952174297236058,0.5888039903888523,0.20710656489915466,0.2269238375795353,0.7021990000739148,3.8023097662820415e-05,-0.00013061901584136837,-4.4251509515036425e-06,-0.00012499454884563888,0.9507177411448806,-0.28824148384029247,41.753876530617454,128.757598791751,20.850567324163073,64.34746034961196,20.903299082944955,64.41013507373242,20.876933203554014,64.37879771167219,1.0123509426307464e-05,3.368406623849296e-06,-2.6394001602468107,-77.3266202133172,-78.05673869061998,-0.05706003132799505,-0.009738944571166587,0.026097540014546894
1.0328,0.5898377469797239,0.20608247022569873,0.3607389866745851,-0.49466914739966833,0.36069574952822103,-0.494663250977035,0.5898064909509041,0.20633867167911735,0.22910475086391094,0.7008767701407597,3.724658759191035e-05,-0.00013104893802595718,-5.990558772095422e-06,-0.00012515251539263472,0.950539487066717,-0.2884556282359436,42.03404109717897,129.13344593288193,20.990201172816175,64.5355848457204,21.043829670122005,64.59785787212127,21.01701542146909,64.56672135892083,1.0254240791596203e-05,3.2150402660136024e-06,-2.646269012784586,-77.31395530293918,-78.04126934322004,-0.05800802269056808,-0.009698111810983958,0.026765635570171753
1.0336,0.5908342046926508,0.2053111154702879,0.35956593721018903,-0.4941124904405012,0.35952192650657067,-0.4941063148218908,0.5908052685258376,0.20556786435096638,0.23127580475086434,0.6995488925418232,3.647343521578916e-05,-0.00013146224964442899,-7.537268402579844e-06,-0.0001252866310340467,0.950363668467624,-0.28866991272056886,42.316069996303064,129.50945185815698,21.1307743748211,64.72379140798543,21.18528524017235,64.78565738980532,21.158029807496725,64.75472439889538,1.0381309614615475e-05,3.060366225327016e-06,-2.6531443694730994,-77.30192149543758,-78.02621555186663,-0.0589348024716474,-0.009656551486269972,0.027418921021364895
1.0344,0.5918269508784503,0.20453690488979406,0.3583990118368474,-0.49355312300465454,0.3583542428458194,-0.49354666118021406,0.5918003123793109,0.20479416115528407,0.23343700428754716,0.6982154251149734,3.570374508371499e-05,-0.00013185904496522405,-9.065245944295253e-06,-0.00012539722052475055,0.950190258970214,-0.28888435906989524,42.599974783574055,129.88560962606897,21.272292696848304,64.91207653587338,21.327671582032544,64.97353018572801,21.299982139440424,64.9428033608007,1.0504693207735727e-05,2.9044675784462015e-06,-2.6600262465061912,-77.2905193462844,-78.0116039381221,-0.05984053288618993,-0.009614276368970023,0.028057553531510848
1.0352,0.5928159750719556,0.2037598563393201,0.3572381947536055,-0.49299108440430606,0.35719268267260884,-0.4929843295917842,0.5927916119118664,0.20401758036596251,0.2355883547788038,0.6968764253506864,3.493762054296301e-05,-0.00013223941958215302,-1.0574460453716128e-05,-0.00012548460706029996,0.9500192322050182,-0.28909898864540384,42.885767073606,130.26191217028344,21.414761935121927,65.10043666587276,21.470994514113695,65.16147275698339,21.44287822461781,65.13095471142807,1.0624370375467151e-05,2.7474272883409867e-06,-2.66691466110911,-77.27974927227814,-77.99745949758835,-0.06072537710571708,-0.009571299200893422,0.028681688457453447
1.036,0.593801266938703,0.20297998770634892,0.3560834700396704,-0.49242641357449984,0.35603722999204096,-0.49241935921637137,0.5937791566588876,0.20323814028899484,0.23772986178293964,0.6955319503931074,3.4175163722449664e-05,-0.00013260347038721032,-1.206488390698146e-05,-0.00012554911225873266,0.9498505618146509,-0.2893138223977637,43.17345853967108,130.63835229797198,21.558187915221048,65.28886817066942,21.615259884128545,65.34948153797453,21.586723899674794,65.31917485432197,1.0740321492619387e-05,2.5893280337641045e-06,-2.67380963152862,-77.2696115615893,-77.98380568004005,-0.061589499216654464,-0.009527632692041333,0.029291479390423092
1.0368,0.5947828162748877,0.20219731690958606,0.3549348216585225,-0.49185914907540607,0.3548878686918371,-0.49185178883601033,0.5947629362905403,0.20245585926127124,0.23986153110753422,0.6941820570411369,3.341647551641236e-05,-0.0001329512955404455,-1.3536491169030551e-05,-0.00012559105614470822,0.9496842214578938,-0.2895288808702795,43.46306091330914,131.01492268812862,21.70257649187016,65.47736735831407,21.760473568910204,65.53755289956257,21.73152503039018,65.50746012893832,1.0852528781413184e-05,2.430251981877518e-06,-2.680711177023189,-77.26010638348255,-77.97066446711148,-0.06243306417917711,-0.009483289518846196,0.029887078199010375
1.0376,0.5957606130073142,0.20141186189780175,0.35379223346196115,-0.49128932909459583,0.3537445825464306,-0.4912816568572852,0.5957429406117063,0.20167075564937584,0.24198336880531437,0.6928268017495293,3.266165556919942e-05,-0.00013328299444236025,-1.4989259961351031e-05,-0.00012561075713173053,0.949520184813706,-0.2897441842023517,43.7545859839196,131.39161588987176,21.84793354872232,65.6659304713819,21.906641474221487,65.72568314820847,21.877287511471906,65.69580680979519,1.0960975785678784e-05,2.2702813851083192e-06,-2.6876193178533008,-77.25123379738821,-77.95805644773104,-0.06325623778650676,-0.009438282322462565,0.030468635069269112
1.0384,0.5967346471933319,0.2006236406486787,0.3526556891940914,-0.4907169914493333,0.35260735522100356,-0.49070900131363515,0.5967191595618995,0.2008828478483896,0.2440953811700682,0.6914662406300185,3.191080226017107e-05,-0.00013359866770451534,-1.6423170827728484e-05,-0.00012560853200638267,0.9493584255851631,-0.28995975213295005,44.04804559833328,131.7684243207285,21.994264998132152,65.85455368612358,22.05376953455326,65.91386852510695,22.024017266342707,65.88421110561526,1.1065647868235828e-05,2.1094979842928296e-06,-2.6945340752718105,-77.2429937616285,-77.94600089095734,-0.06405918662465347,-0.009392623707178907,0.031036298543796192
1.0392,0.5977049090207612,0.1998326711676615,0.3515251724952489,-0.49014217358887835,0.3514761702754561,-0.4901338598676694,0.5976915832151759,0.200092154280694,0.24619757473261608,0.6901004294524516,3.116401268909996e-05,-0.00013389841712072026,-1.783820710377082e-05,-0.00012558469591172905,0.9491989175033211,-0.29017560400409614,44.343451660366455,132.1453402649037,22.141576780919944,66.04323311160951,22.201863712914527,66.102105205311,22.171720246917236,66.07266915846026,1.116653198351969e-05,1.947983179206858e-06,-2.701455471514475,-77.23538614166958,-77.93451581630595,-0.06484207803263528,-0.009346326238556484,0.03159021556061248
1.04,0.5986713888078061,0.1990389714868098,0.3504006669058638,-0.4895649125968071,0.3503510111683171,-0.4895562698135011,0.5986602017800265,0.19929869339478173,0.2482899562568259,0.6887294236459499,3.0421382663126106e-05,-0.00013418234563897236,-1.923435488354608e-05,-0.00012553956233293806,0.9490416343310069,-0.2903917587643583,44.64081613035316,132.5223558715322,22.289874866125288,66.23196478886425,22.350930000611278,66.29038929684992,22.320402433368283,66.26117704285708,1.1263616592316339e-05,1.7858180285657e-06,-2.7083835297904812,-77.22841071789675,-77.92361806137248,-0.06560508006317664,-0.00929940244200195,0.032130531490622616
1.0408,0.5996340770029547,0.19824255966365678,0.3492821558702675,-0.48898524519334136,0.34923186126059624,-0.48897626807909134,0.5996250055992596,0.1985024836640699,0.2503725327356753,0.6873532783000796,2.96830066831566e-05,-0.00013445055733156408,-2.061160298805209e-05,-0.00012547344308151687,0.948886549866539,-0.290608234972353,44.940151024658626,132.89946315291454,22.43916525075137,66.42074468999391,22.500974417015264,66.4787168398374,22.470069833883315,66.44973076491566,1.1356891995717433e-05,1.6230832216024282e-06,-2.715318274273158,-77.22206719312386,-77.91332334694567,-0.0663483614438555,-0.009251864800997529,0.03265739017436431
1.0416,0.6005929641848725,0.1974434537800678,0.3481696227404355,-0.4884032077376928,0.3481187038195703,-0.48839389122860566,0.600585985149874,0.19770354358571507,0.25244531138737036,0.6859720481660406,2.894897793181972e-05,-0.00013470315736718863,-2.196994293335308e-05,-0.00012538664828004586,0.9487336379473762,-0.2908250508002578,45.241468415171695,133.27665398273763,22.58945395949932,66.60956871730593,22.652003009322524,66.66708380557259,22.62072848441092,66.63832626143926,1.1446349851951254e-05,1.4598591064896027e-06,-2.722259730090726,-77.21635519959182,-77.9036463395017,-0.06707209153873117,-0.00920372575546373,0.03317093395747861
1.0424,0.6015480410622783,0.19664167194110727,0.34706305077967736,-0.4878188362304166,0.34701152202251845,-0.48780917546478264,0.6015431310429156,0.19690189167943759,0.254508299651499,0.684585787657872,2.8219388260808387e-05,-0.00013494025198214354,-2.330936889805013e-05,-0.00012527948634820374,0.9485828724536949,-0.29104222403732716,45.54478042877546,133.65392009427705,22.74074704449154,66.7984327024192,22.80402185230035,66.8554860956323,22.772384448395947,66.82695939902575,1.1531983567181214e-05,1.2962255482307228e-06,-2.729207923317174,-77.21127430568393,-77.89460071105245,-0.0677764403104531,-0.009154997700194721,0.03367130372558336
1.0432,0.6024992984738144,0.19583723227390448,0.3459624231662624,-0.4872321663157752,0.3459102989603896,-0.4872221566313134,0.6024964340233262,0.19609754648634478,0.25656150518524434,0.6831945508536689,2.7494328180499572e-05,-0.00013516194845104856,-2.4629877692305957e-05,-0.00012515226398927826,0.9484342273118962,-0.2912597720934197,45.85009924679737,134.03125307858494,22.89305058498495,66.98733240536751,22.957037048024237,67.04391954095556,22.925043816504594,67.01562597316153,1.1613788181819018e-05,1.1322618718168087e-06,-2.736162880963238,-77.20682402231282,-77.88619919640995,-0.06846157828284004,-0.009105692983271808,0.034158638938180275
1.044,0.6034467273879021,0.19503015292652812,0.34486772299699286,-0.48664323328411335,0.34481501764141925,-0.4866328702152301,0.6034458849697802,0.19529052656776166,0.25860493585963507,0.6817983914968165,2.6773886847741846e-05,-0.00013536835505841005,-2.5931468725926e-05,-0.00012500528617516438,0.9482876764980472,-0.29147771200252687,46.157437104436156,134.40864438266,23.046370687073328,67.17626351369412,23.111054725602607,67.23237990091897,23.078712706337967,67.20432170730655,1.1691760221310687e-05,9.68046890648111e-07,-2.743124630967446,-77.20300380896894,-77.87845364807156,-0.06912767650391337,-0.009055823904407657,0.03463307766170942
1.0448,0.6043903189025859,0.194220452066862,0.3437789332907189,-0.48605207207424145,0.34372566099468443,-0.4860413513493048,0.604391474894505,0.19448085050406733,0.26063859975584375,0.6803973629972379,2.605815205769524e-05,-0.00013555958107097643,-2.7214143976772576e-05,-0.00012483885613437384,0.948143194041247,-0.29169606042630847,46.46680629016658,134.78608530760155,23.200713483378205,67.36522164153772,23.266081040890477,67.42086286240465,23.23339726213434,67.39304225197118,1.1765897902193956e-05,8.036591907512047e-07,-2.7500932021872924,-77.19981307937556,-77.87137508846226,-0.06977490650946207,-0.009005402713496431,0.03509475660146677
1.0456,0.6053300642453707,0.19340814788148544,0.342696036991794,-0.48545871727582507,0.34264221187360205,-0.48544763481445546,0.6053331949430981,0.1936685368935307,0.2626625051615364,0.6789915184326484,2.534721023222941e-05,-0.00013573573670741523,-2.847790795967864e-05,-0.00012465327533781045,0.9480007540269324,-0.29191483365763216,46.77821914512191,135.16356700674794,23.356085132729373,67.55420232871168,23.422122176191554,67.60936403885981,23.389103654460463,67.58178318378575,1.1836200982884293e-05,6.391764486579632e-07,-2.7570686243905094,-77.1972512070754,-77.86497375994169,-0.07040344028701676,-0.00895444160897884,0.03554381113312388
1.0464,0.6062659547730428,0.1925932585745602,0.34161901697348074,-0.4848632031317857,0.3415646530593732,-0.48485175504216127,0.6062710363943247,0.19285360435115853,0.26467666056725675,0.6775809105498328,2.4641146412818227e-05,-0.00013589693311140405,-2.9722767694695396e-05,-0.00012444884348696006,0.9478603306001107,-0.29213404762411416,47.09168806245108,135.54108048379666,23.51249181983273,67.74320103977348,23.579184339947584,67.79787896934701,23.545838079890157,67.77054000456025,1.1902670763674905e-05,4.746761703700031e-07,-2.7640509282464203,-77.19531753049061,-77.85925917234867,-0.07101345024035573,-0.008902952736298219,0.03598037533285492
1.0472,0.6071979819714833,0.19177580236671796,0.340547856041295,-0.4842655635407051,0.34049296726436873,-0.48425374611688393,0.6072049906599098,0.19203607150754157,0.2666810746628647,0.6761655917659243,2.394004424988161e-05,-0.00013604328232240392,-3.094873267639464e-05,-0.00012422585850123402,0.9477218979685285,-0.29235371789166475,47.40722548665364,135.91861659090992,23.66993975492701,67.93221316308706,23.737273766416426,67.98640311758805,23.70360676067172,67.95930814033755,1.1965310200423573e-05,3.102348102856922e-07,-2.771040145317405,-77.19401135792113,-77.8542401483465,-0.07160510915446217,-0.008850948186473678,0.03640458200726471
1.048,0.6081261374554693,0.19095579749395628,0.33948253693630004,-0.4836658320592376,0.33942713713546113,-0.48365364177849607,0.6081350492843166,0.19121595700770966,0.26867575633401236,0.6747456141696998,2.324398599579114e-05,-0.00013617489724745968,-3.215581484311558e-05,-0.00012398461650595105,0.9475854304057736,-0.29257385966803384,47.724843912889035,136.29616602680267,23.82843517342828,68.12123400987647,23.896396715337012,68.17493187099765,23.862415944382647,68.14808294043706,1.2024123741127823e-05,1.4592853858630406e-07,-2.778036308050477,-77.19333197220382,-77.84992486655929,-0.07217859016097575,-0.008798439994523904,0.03681656272226519
1.0488,0.6090504129684658,0.19013326220653723,0.338423042338345,-0.4830640419045283,0.33836714525730177,-0.4830514754247154,0.6090612039445116,0.19039327950999158,0.2706607146586653,0.6733210295228863,2.2553052498763826e-05,-0.00013629189163363864,-3.334402854449081e-05,-0.00012372541182073538,0.9474509022543122,-0.2927944878063574,48.04455588626087,136.67371933481436,23.98798433556238,68.31025881327139,24.056559471581146,68.36346053971002,24.022271903571763,68.3368596764907,1.2079117347241208e-05,-1.816704298107652e-08,-2.7850394497689255,-77.19327863510544,-77.84632090262107,-0.07273406670411392,-0.008745440138000304,0.03721644783038869
1.0496,0.6099708003824047,0.18930821476789073,0.3373693548692489,-0.48246022595663396,0.33731297415554284,-0.4824472801135434,0.6099834464497246,0.18956805768487828,0.27263595890366876,0.6718918892614731,2.1867323193092147e-05,-0.00013639438003906768,-3.451339051296909e-05,-0.0001234485369484839,0.9473182879284605,-0.2930156168087042,48.36637400107629,137.05126690096458,24.14859352598395,68.49928272734468,24.21776834479363,68.55198435559717,24.18318093538879,68.52563354147092,1.2130298706836129e-05,-1.8197727058577584e-07,-2.792049604664113,-77.19385059163442,-77.84343526810993,-0.07327171250708442,-0.008691960535600554,0.037604366499010666
1.0504,0.6108872916974541,0.18848067345352482,0.3363214570959353,-0.4818544167609519,0.3362646063000077,-0.48184108856571023,0.610901768741192,0.18874031021389331,0.2746014985213515,0.6704582444970402,2.118687609486969e-05,-0.00013648247780509437,-3.5663919832673585e-05,-0.0001231542825634313,0.9471875619172946,-0.293237260829622,48.690310900077904,137.42879895199184,24.310269053383507,68.68830082614218,24.38002966901772,68.74049847127762,24.345149361200612,68.7143996487099,1.21776766803805e-05,-3.4542796356618055e-07,-2.7990668077873107,-77.19504707403033,-77.84127444765107,-0.07379170153895681,-0.008638013045510179,0.03798044673686718
1.0512,0.6117998790417803,0.18765065654993726,0.33527933153350925,-0.48124664653064886,0.3352220241078073,-0.48123293316712124,0.6118161628918911,0.18791005578846862,0.2765573431461774,0.669020146018088,2.051178779560736e-05,-0.00013655630102947514,-3.6795637906317236e-05,-0.00012284293750185193,0.947058698787494,-0.2934594336796821,49.01637927365061,137.8063055533767,24.47301725008137,68.87730810270256,24.54334980230712,68.92899795911973,24.508183526194244,68.90315303091114,1.2221262117861897e-05,-5.084455949599942e-07,-2.8060910950416966,-77.19686730553016,-77.83984443403511,-0.07429420798203835,-0.008583609464292704,0.038344815418156486
1.052,0.6127085546712937,0.18681818235353687,0.33424296064828785,-0.480636947149095,0.3341852099464034,-0.48062284597130933,0.6127266211062651,0.1870773131088241,0.27850350259143375,0.6675776442913827,1.9842133456571265e-05,-0.0001366159665364547,-3.7908568427946765e-05,-0.00012251478875079103,0.946931673186125,-0.29368214882902166,49.34459185899977,138.1837766073476,24.63684447160744,69.06629946807166,24.707735126325375,69.11747781023365,24.672289798966407,69.09188863915266,1.2261066956398281e-05,-6.709577178298787e-07,-2.813122503174414,-77.19931050414843,-77.83915076158438,-0.07477940619971919,-0.008528761525219227,0.03869759830953967
1.0528,0.6136133109693881,0.18598326916956673,0.3332123268607771,-0.48002535017230236,0.33315414613662153,-0.4800108587018883,0.6136331357199354,0.18624210088285592,0.2804399868459624,0.6661307894633066,1.917798680411975e-05,-0.0001366615918516334,-3.9002737351467864e-05,-0.000122170121437587,0.946806459843361,-0.293905419410884,49.674961439302216,138.5612018508715,24.80175709626787,69.25526975030695,24.8731920459295,69.3059329334568,24.837474571098685,69.28060134188188,1.2297104845515605e-05,-8.328922547207185e-07,-2.820161069768738,-77.20237588598903,-77.83919853784765,-0.07524747070478925,-0.008473480896927418,0.03903892009347487
1.0536,0.6145141404466693,0.1851459353110331,0.3321874125485983,-0.479411886831361,0.332128814955612,-0.47939700275500935,0.6145356991994049,0.18540443782502694,0.28236680607093195,0.6646796313612152,1.8519420125373554e-05,-0.00013669329517272677,-4.0078172860946726e-05,-0.00012180921882108675,0.9466830335751423,-0.2941292582251552,50.00750084282908,138.93857085362748,24.96776152469759,69.44421369347427,25.039726988740643,69.49435815433122,25.003744256719116,69.46928592390275,1.2329390848719868e-05,-9.941780092503905e-07,-2.8272068332363727,-77.20606266865883,-77.83999247353418,-0.07569857612823823,-0.008417779182128077,0.03936890439217677
1.0544,0.6154110357406719,0.18430619909764287,0.3311682000493656,-0.47879658803488034,0.3311091986397635,-0.47878130920182,0.6154343041417474,0.18456434265526764,0.2842839705966451,0.6632242194948055,1.7866504263330807e-05,-0.0001367111953425454,-4.113490533874664e-05,-0.000121432362282195,0.9465613692857742,-0.2943536777418949,50.34222294203873,139.31587301596392,25.134864179398924,69.63312595663604,25.207346404698367,69.68274821407252,25.171105292048644,69.65793708535428,1.2357941443497111e-05,-1.1547446376880544e-06,-2.8342598328098108,-77.21037007440603,-77.84153691099417,-0.07613289718854399,-0.008361667916250162,0.03968767378947291
1.0552,0.6163039896155705,0.18346407885474075,0.33015467166351226,-0.4781794843714304,0.3300952793875578,-0.47816380879092174,0.6163289432742936,0.18372183409787804,0.286191490919397,0.6617646030574855,1.7219308615756823e-05,-0.0001367154118229602,-4.217296733877163e-05,-0.00012103983131432627,0.9464414419704671,-0.29457869010486665,50.67914065264154,139.69309756684152,25.303071504264743,69.82200111283353,25.37605676560211,69.87109776853086,25.339564134933426,69.8465494406822,1.2382774691843679e-05,-1.3145228763278283e-06,-2.8413201085348256,-77.2152973330328,-77.84383585112892,-0.07655060866141006,-0.00830515856602817,0.03999534985487685
1.056,0.6171929949618745,0.18261959291225827,0.32914680965706905,-0.4775606061119836,0.329087039362387,-0.47754453195083113,0.6172196094542994,0.1828769308804386,0.28808937769835896,0.6603008309277557,1.6577901128522754e-05,-0.00013670606466639756,-4.31923935534928e-05,-0.00012063190351394026,0.946323226717815,-0.2948043071350589,51.018266932633324,140.0702335617581,25.472389964088258,70.01083364805831,25.545864564635053,70.05940138714351,25.509127264361656,70.03511751760091,1.2403910012892538e-05,-1.4734437172592152e-06,-2.848387701263051,-77.22084368488409,-77.8468929790297,-0.0769518853500109,-0.008248262528226826,0.04029205316317075
1.0568,0.6180780447961165,0.18177275960366587,0.32814459626439796,-0.4769399832123564,0.32808446069531355,-0.47692350879244055,0.6181062956686053,0.18202965173272895,0.2899776417525052,0.6588329516705959,1.5942348297770526e-05,-0.0001366832744894575,-4.419322078658139e-05,-0.0001202088545735891,0.9462066987122166,-0.29503054033420106,51.359614781297964,140.44726988065764,25.642826044055816,70.19961796021741,25.71677631587399,70.24765355187975,25.679801179964905,70.22363575604858,1.2421368154491574e-05,-1.6314395168137708e-06,-2.8554626526446625,-77.22700838351757,-77.85071168800829,-0.07733690205569287,-0.008190991128367955,0.04057790331648903
1.0576,0.6189591322605338,0.18092359726492774,0.3271480136908707,-0.4763176453156512,0.3270875254877843,-0.4763007691114764,0.6189889950332926,0.18118001538564743,0.29185629405758573,0.6573610135388515,1.531271516380661e-05,-0.00013664716244723984,-4.517548792265513e-05,-0.00011977095827245265,0.9460918332362407,-0.2952574008882762,51.70319723818021,140.82419522582595,25.814386249225905,70.38834835809078,25.888798553782987,70.43584865617854,25.851592401504448,70.41209850713466,1.2435171313995852e-05,-1.7884433702874958e-06,-2.862545005121185,-77.23379069828697,-77.85529510259009,-0.07770583354913574,-0.008133355619460495,0.040853018964440935
1.0584,0.619836250622733,0.18007212423347066,0.3261570441155077,-0.4756936217546964,0.3260962158142995,-0.4756763423909601,0.6198677007933187,0.18032804057014423,0.2937253457431222,0.6558850644746357,1.4689065311268568e-05,-0.0001365978502049503,-4.613923589696922e-05,-0.00011931848646865029,0.9459786056729294,-0.2954848996710209,52.04902738202415,141.2009981197671,25.987077103991304,70.57701906027972,26.061937832689622,70.62398100387654,26.024507468340463,70.60050003207813,1.2445343223532745e-05,-1.944389168784255e-06,-2.869634801918366,-77.24118991694637,-77.86064610020293,-0.07805885454201937,-0.00807536718068732,0.04111751782303941
1.0592,0.6207093932753524,0.1792183588471485,0.325171669693565,-0.47506794155448634,0.325110513725028,-0.4750502578036653,0.620742406322153,0.17947374601615337,0.2955848080894562,0.6544051521107267,1.4071460868125829e-05,-0.0001365354599129759,-4.7084507668826436e-05,-0.00011885170909191334,0.9458669915080493,-0.29571304724742487,52.397118329681184,141.5776669030676,26.16090515152527,70.76562419414901,26.236200726247105,70.81204480813057,26.198552938886188,70.78883450113979,1.2451908808941425e-05,-2.0992119686980004e-06,-2.8767320870391746,-77.24920534795417,-77.8667673316214,-0.0783961396591249,-0.00801703691626701,0.04137151669502259
1.06,0.6215785537357107,0.17836231944322198,0.3241918725590785,-0.4744406334346178,0.3241304012483853,-0.474422544214573,0.6216131051213941,0.17861715045153828,0.29743469252482047,0.6529213237719755,1.3459962504902556e-05,-0.00013646011418054493,-4.8011348188270464e-05,-0.00011837089413578583,0.9457569663322845,-0.29594185387721533,52.74748323498342,141.95418973224267,26.335876953212562,70.95415779475968,26.41159382687652,71.00003419033054,26.37373539004454,70.97709599254512,1.2454894338986833e-05,-2.2528475653871283e-06,-2.8838369052569126,-77.2578363227782,-77.87366124053284,-0.07871786341093645,-0.007958375854177833,0.041615131486224755
1.0608,0.6224437256454455,0.1775040243573398,0.32321763482736254,-0.473811725811727,0.3231558603935577,-0.47379323018332864,0.6224797908203842,0.17775827260103993,0.2992750106224547,0.6514336264767175,1.285462943306781e-05,-0.00013637193604923437,-4.891980437177201e-05,-0.0001178763076509215,0.945648505843375,-0.29617132951833797,53.10013528758326,142.3305545775679,26.51199908806109,71.14261380379557,26.588123745194622,71.18794317900529,26.550061416627855,71.16527849140043,1.2454327546151944e-05,-2.4052329479218315e-06,-2.890949302108395,-77.26708219813514,-77.88133008179976,-0.07902420016667681,-0.007899394945003562,0.041848477225698844
1.0616,0.6233049027701483,0.1766434919225263,0.3222489385974614,-0.4731812468019204,0.32218687315298467,-0.4731623439666908,0.6233424571758095,0.17689713118523204,0.30110577409775585,0.6499421069381848,1.22555194077556e-05,-0.00013627104896768438,-4.9809925068977634e-05,-0.00011736821373808937,0.9455415858482019,-0.2964014838304264,53.455087711759134,142.70674922089728,26.68927815209964,71.33098606848152,26.76579710942225,71.37576570872157,26.727537630760946,71.35337588860155,1.2450237242944695e-05,-2.5563058159150387e-06,-2.8980693238872703,-77.27694235805363,-77.88977593900627,-0.07931532412782015,-0.007840105060773768,0.04207166808095053
1.0624,0.6241620789989805,0.1757807404681776,0.32128576595455965,-0.47254922422320667,0.3212234215047965,-0.4725299135209819,0.624201098071293,0.17603374491948526,0.30292699480545865,0.6484468115659258,1.1662688725377901e-05,-0.00013615757676621598,-5.068176103784072e-05,-0.00011684687454144305,0.9454361822648147,-0.29663232617826285,53.812353765185016,143.08276125346285,26.86772075775529,71.51926834049418,26.944620564775903,71.56349561897396,26.906170661265598,71.54138197973407,1.2442653819277893e-05,-2.70600529006515e-06,-2.9051970176374247,-77.28741621590706,-77.89900074087005,-0.07959140930208934,-0.007780516993792709,0.042284817375985995
1.0632,0.6250152483442925,0.17491578831906157,0.32032809897234504,-0.47191568559792085,0.3202654874152056,-0.4718959665045329,0.6250557075169786,0.17516813251293525,0.30473868473686017,0.6469477864672254,1.1076192226677772e-05,-0.0001360316436308101,-5.153536491281363e-05,-0.0001163125502428447,0.9453322711244108,-0.2968638656352285,54.17194673766487,143.45857807366372,27.047333533215685,71.70745427486565,27.12460077284063,71.75112665306916,27.085967153028157,71.7292904639674,1.2431608553242768e-05,-2.8542710879264632e-06,-2.9123324311464875,-77.29850321639182,-77.90900627691498,-0.07985262947786793,-0.007720641455553431,0.04248803760640385
1.064,0.6258644049412221,0.17404865379432746,0.3193759197153322,-0.4712806581551485,0.31931305284085604,-0.47126053028012493,0.6259062796491034,0.17430031266746104,0.3065408560170686,0.645445077448531,1.0496083297450998e-05,-0.00013589337407859947,-5.2370791178757425e-05,-0.00011576549905500944,0.9452298285732568,-0.2970961109867425,54.53387994982981,143.83418688483675,27.228123121770693,71.8955374288797,27.30574441092461,71.9386524570014,27.266933766347652,71.91709494294055,1.2417134506392813e-05,-3.0010443481387483e-06,-2.9194756129394412,-77.31020283736761,-77.91979421226242,-0.08009915819911989,-0.0076604890755912385,0.04268144045579447
1.0648,0.6267095430472918,0.17317935520651886,0.31842921024114124,-0.47064416883314375,0.3183660997311306,-0.4706236319174284,0.6267528087295633,0.173430304076668,0.3083335209022916,0.6439387300168795,9.922413869545288e-06,-0.00013574289293226405,-5.318809614107689e-05,-0.00011520597721691173,0.9451288308745635,-0.29732907073369264,54.898166751797845,144.2095746930148,27.410096181137682,72.08351126095997,27.488058171394826,72.12606657832183,27.449077176266254,72.1047889196409,1.2399265337137422e-05,-3.146267005149639e-06,-2.926626612272336,-77.32251459171317,-77.93136610162412,-0.08033116874071473,-0.0076000704005304495,0.042865136810149806
1.0656,0.6275506570419946,0.17230791086059546,0.3174879526027346,-0.4700062442817433,0.31742461003041067,-0.4699852981954336,0.6275952891454682,0.17255812542487903,0.31011669177715884,0.6424287893813256,9.35523442513464e-06,-0.00013558032529661923,-5.3987337898797616e-05,-0.00011463423898691594,0.945029254410304,-0.2975627530958512,55.26482052179667,144.58472830467034,27.593259382766796,72.27136912955284,27.671548760993467,72.31336246499987,27.63240407188013,72.29236579727635,1.2378036409188553e-05,-3.289882357648821e-06,-2.933785479126118,-77.3354380289802,-77.943723402643,-0.08054883408425251,-0.007539395892866884,0.043039236772699496
1.0664,0.6283877414263698,0.17143433905296207,0.3165521288506124,-0.46936691086477544,0.316488565680302,-0.4693455556048822,0.6284337154086883,0.17168379538613376,0.31189038115207185,0.6409153004543768,8.79459399594218e-06,-0.0001354057965324562,-5.4768576314478956e-05,-0.00011405053663920972,0.9449310756829863,-0.2977971660152809,55.63385466474591,144.95963432444435,27.77761941112756,72.45910429200079,27.856222900134384,72.50053346427816,27.816921155630972,72.47981887813947,1.2353483967331158e-05,-3.431834585398974e-06,-2.9409522642005346,-77.34897273720394,-77.9568674884471,-0.08075232689430605,-0.007478475930103829,0.04320384967743962
1.0672,0.6292207908225741,0.17055865807050183,0.3156217210349674,-0.4687261946624645,0.31555794862180947,-0.46870443035068776,0.6292680821553929,0.17080733262319253,0.31365460166059506,0.6393983078534233,8.240540169568433e-06,-0.00013521943223374078,-5.553187298834583e-05,-0.00011345512045699002,0.9448342713173719,-0.298032317159729,56.005282610802105,145.33427915286285,27.96318296297608,72.6467099034117,28.04208732218046,72.68757282152038,28.00263514257827,72.66714136246604,1.2325645563748822e-05,-3.5720692324048287e-06,-2.9481270189081723,-77.36311834442961,-77.97079965965357,-0.08094181949512351,-0.007417320803588033,0.043359084102945644
1.068,0.630049799973439,0.16968088618961857,0.31469671120779835,-0.4680841214738288,0.3146327407974784,-0.46806194835435616,0.630098384145579,0.16992875578655092,0.31540936605687064,0.6378778559021773,7.69311909004644e-06,-0.00013502135820248062,-5.627729122992253e-05,-0.00011284823872986793,0.9447388180621473,-0.29826821392600766,56.37911781386123,145.70864898403843,28.14995674660121,72.83417901551861,28.229148772700288,72.87447367905243,28.18955275965075,72.85432634728552,1.2294559731174104e-05,-3.710532610057271e-06,-2.9553097953685556,-77.37787452038022,-77.98552115558932,-0.08111748384777696,-0.007355940717732936,0.04350504788590115
1.0688,0.6308747637420238,0.16880104167528753,0.3137770814249847,-0.4674407168190739,0.3137129241534921,-0.46741813525639564,0.6309246162625899,0.16904808351346112,0.3171546872130684,0.636353988632109,7.152375463226335e-06,-0.00013481170042592416,-5.700489602933345e-05,-0.00011223013774769308,0.9446446927915453,-0.29850486344336047,56.75537375002176,146.08272980335877,28.337947481052332,73.02150457553475,28.41741400870304,73.06122907499673,28.377680744877686,73.04136682526574,1.22602663878979e-05,-3.847172706628044e-06,-2.9625006464023995,-77.39324097792547,-78.0010331651898,-0.0812794915277614,-0.007294345788869538,0.043641848132352834
1.0696,0.6316956771111598,0.16791914278010783,0.31286281374832053,-0.46679600594197873,0.31279848064173,-0.466773016418724,0.6317467735126314,0.16816533442695775,0.3188905781168704,0.6348267497838842,6.6183525594953885e-06,-0.0001345905850523299,-5.771475403104631e-05,-0.00011160106179758378,0.9445518725069209,-0.2987422725768185,57.13406391600559,146.45650738516338,28.527161895344936,73.20867942500088,28.606889797854528,73.2478319421006,28.567025846599734,73.22825568355074,1.2222806120121277e-05,-3.981938107244787e-06,-2.969699625525916,-77.40921747462774,-78.01733683710407,-0.08142801370300107,-0.007232546044489324,0.04376959123075608
1.0704,0.6325125351829829,0.1670352077433694,0.31195389024751125,-0.466150013812277,0.31188939222178674,-0.4661266169270682,0.6325648510242704,0.16728052713489605,0.32061705186897765,0.6332961828088053,6.0910922185519745e-06,-0.00013435813836773502,-5.8406933506005565e-05,-0.00011096125315893102,0.9444603343382756,-0.2989804479305399,57.51520182753616,146.82996729040542,28.717606727645663,73.39569629862756,28.79758291766955,73.43427510655717,28.75759482265761,73.41498570259236,1.21822209422362e-05,-4.114779301289673e-06,-2.9769067869452575,-77.42580381419458,-78.03443328948514,-0.08156322111233844,-0.007170551422145706,0.04388838286342889
1.0712,0.6333253331784642,0.16614925479012013,0.311050293002129,-0.4655027651280285,0.3109856408629504,-0.46547896159335633,0.633378844047933,0.1663936802289944,0.3223341216806589,0.6317623308702497,5.570634854901169e-06,-0.0001341144867732097,-5.908150432371029e-05,-0.00011031095210102537,0.9443700555457382,-0.29921939585113516,57.898801017674224,147.20309486430364,28.90928872443635,73.582547823129,28.989500154684073,73.62055128682196,28.949394439560212,73.60154955497549,1.2138553799445617e-05,-4.245647346579062e-06,-2.9841221855510316,-77.44299984788064,-78.0523236191655,-0.0816852840444234,-0.00710837176882471,0.04399832801718162
1.072,0.6341340664369268,0.1652613021302444,0.3101520041035334,-0.46485428431798814,0.31008720854614585,-0.46483007495810397,0.6341887479553912,0.165504812283885,0.3240418008713194,0.6302252368451107,5.057019461629508e-06,-0.0001338597567624028,-5.97385379259574e-05,-0.00010965039687822753,0.9442810135209986,-0.29945912243098133,58.28487503510866,147.57587523398018,29.102214639655926,73.76922651605365,29.182648303604303,73.80665309242141,29.142431471630115,73.78793980423754,1.2091848432760344e-05,-4.374494892545044e-06,-2.9913458769129604,-77.4608054758612,-78.07100891050332,-0.08179437231704031,-0.007046016839845827,0.04409953099442987
1.0728,0.6349387304155572,0.16437136795755058,0.30925900565675357,-0.46420459554396337,0.30919407726583814,-0.4641799812927942,0.6349945582392409,0.16461394185617595,0.32574010286610317,0.6286849433252422,4.5502836158450854e-06,-0.0001335940748972697,-6.0378107299585704e-05,-0.00010897982372806703,0.9441931857886949,-0.2996996335115155,58.67343744240244,147.94829330608746,29.296391233819186,73.95572478460616,29.37703416643335,73.99257302275706,29.33671270012627,73.97414890368161,1.2042149897695253e-05,-4.501275753909795e-06,-2.9985779172745635,-77.47922064870697,-78.09049024368167,-0.081890655256875,-0.006983496298235948,0.044192095423653655
1.0735999999999999,0.6357393206889084,0.16347947044885996,0.3083712797823328,-0.4635537227031676,0.3083062290318985,-0.4635287046022472,0.6357962705123734,0.1637210874835154,0.3274290411935252,0.6271414926188951,4.050463484617239e-06,-0.00013331756778790782,-6.100028694966397e-05,-0.00010829946686753689,0.9441065500077566,-0.29994093468651967,59.0645018141941,148.32033376442345,29.491825273114955,74.14203492446535,29.572664551575116,74.17830346590293,29.532244912345035,74.16016919518414,1.198950403136223e-05,-4.625944825420447e-06,-3.005818363548045,-77.49824536858411,-78.11076870273241,-0.08197430167969365,-0.006920819713792694,0.04427612426889027
1.0744,0.6365358329483979,0.16258562776310778,0.30748880861813654,-0.46290168943056303,0.3074236458714334,-0.4628762686269836,0.6365938805074399,0.16282626768366742,0.3291086294831339,0.6255949267521609,3.5575938305831833e-06,-0.00013303036206954721,-6.160515287262358e-05,-0.00010760955849012377,0.9440210839727039,-0.3001830313053857,59.45808173535191,148.69198106753666,29.68852352847975,74.32814911859643,29.769546272914624,74.36383669739875,29.729034900697187,74.34599290799758,1.1933957537735296e-05,-4.7484585081747355e-06,-3.013067273309193,-77.51787969063425,-78.13184538317046,-0.08204547987093441,-0.006857996562358332,0.04435171983931241
1.0752,0.6373282630017933,0.1616898580404518,0.30661157432112657,-0.4622485191011982,0.3065463098305786,-0.4622226968455822,0.6373873840763032,0.16192950095359643,0.3307788814631957,0.6240452874704143,3.071708019053432e-06,-0.00013273258438029067,-6.219278252889149e-05,-0.00010691032876430917,0.9439367656149009,-0.30042592847636607,59.85419079908057,149.06321944631895,29.886492774648243,74.51405943605675,29.967686148874222,74.54916487903674,29.927089461761234,74.53161215754675,1.1875558101337447e-05,-4.868774539090737e-06,-3.0203247047924138,-77.53812372430164,-78.15372139923494,-0.08210435756675018,-0.006795036225100579,0.04441898379818099
1.076,0.6381166067726948,0.16079217940138657,0.3057395590690971,-0.46159423483253403,0.3056742029762559,-0.46156801247702445,0.6381767771894903,0.1610308057685579,0.332439810958416,0.6224926162397515,2.5928380228412706e-06,-0.00013242436134046354,-6.276325481835432e-05,-0.00010620200583087713,0.9438535730037689,-0.30066963106980704,60.25284260498083,149.4340329015899,30.08573978918008,74.69975783079775,30.167091001446472,74.73428005764359,30.126415395313277,74.71701894422067,1.1814354273553818e-05,-4.986851450894392e-06,-3.027590716885876,-77.5589776345603,-78.17639789080526,-0.08215110193542735,-0.006731947987743398,0.04447801717191169
1.0768,0.638900860300007,0.1598926099458662,0.3048727450623795,-0.4609388594867658,0.3048073073978962,-0.46091223848303536,0.6389620559356282,0.16013020058119695,0.33409143188767976,0.6209369542484321,2.12101443108903e-06,-0.00013210581953056189,-6.331665005221421e-05,-0.00010548481580015256,0.9437714843479554,-0.300914143721369,60.6540507570594,149.8044052016694,30.28627135146273,74.88523614046107,30.36776765520118,74.91917416385805,30.327019503331954,74.90220515215955,1.1750395493947963e-05,-5.102649708987883e-06,-3.0348653691267415,-77.58044164322966,-78.19987603016963,-0.08218587955922813,-0.006668741039884805,0.04452892035791933
1.0776,0.6396810197374071,0.1589911677524343,0.3040111145255067,-0.460282415673132,0.3039456052091241,-0.46025539757041245,0.6397432165208805,0.15922770382065707,0.3357337582618284,0.6193783424083179,1.6562664546526662e-06,-0.0001317770854711714,-6.385304992800878e-05,-0.00010475898275162654,0.9436904779964592,-0.30115947083522654,61.05782886168969,150.17431987994328,30.488094241689055,75.07048608517073,30.56972293626875,75.10383901090337,30.5289085889789,75.08716254803704,1.168373189130989e-05,-5.216130801954932e-06,-3.0421487216964844,-77.60251603017308,-78.22415702828161,-0.08220885641666646,-0.0066054244743099936,0.0445717931330023
1.0784,0.6404570813528021,0.15808787087736317,0.3031546497088507,-0.4596249257502175,0.30308907854941425,-0.4595975121933476,0.6405202552683706,0.15832333389169542,0.3373668041814539,0.6178168213563119,1.198621933928834e-06,-0.00013143828560106818,-6.437253750246619e-05,-0.00010402472873115298,0.9436105324397188,-0.3014056165872533,61.46419052552173,150.54376023241753,30.69121523981042,75.25549926631935,30.77296367129672,75.28826629335578,30.73208945555357,75.27188277983757,1.1614414589189437e-05,-5.327257611043024e-06,-3.049440835416339,-77.6252011346208,-78.24924214100487,-0.08222019786514344,-0.006542007286409797,0.04460673466039111
1.0792,0.641229041527781,0.15718273735379984,0.30230333289022243,-0.45896641182824677,0.30223770958570867,-0.45893860455574,0.6412931686176009,0.15741710917380836,0.3389905838347254,0.6162524314557974,7.481073469595145e-07,-0.00013108954625765112,-6.487519716680268e-05,-0.00010328227375089316,0.9435316263106566,-0.30165258492818925,61.87314935334025,150.91270931526537,30.895641124463488,75.4402671653516,30.97749668638147,75.47244758590787,30.93656890542248,75.45635737562974,1.1542495293781485e-05,-5.435994097524599e-06,-3.0567417717428085,-77.64849735635171,-78.2751326748851,-0.08222006862400875,-0.006478498373493139,0.04463384349759281
1.08,0.6419968967570614,0.156275785190919,0.3014571463764384,-0.4583068957713668,0.3013914805140015,-0.4582786966134963,0.6420619531238638,0.15650904802036253,0.34060511149524264,0.6146852127980724,3.047478172035767e-07,-0.00013073099365701335,-6.536111461963312e-05,-0.00010253183578648462,0.9434537383856826,-0.3019003795867907,62.284718945871816,151.28114994236702,31.101378671872375,75.62478114254337,31.183328805973012,75.65637434212962,31.142353738922694,75.64057774233649,1.1468026428929079e-05,-5.542305956396376e-06,-3.0640515927633145,-77.67240515691277,-78.30182999297776,-0.0822086327580305,-0.006414906534198055,0.044653217602615314
1.0808,0.6427606436479252,0.15536703237308722,0.30061607250485706,-0.4576463991999223,0.3005503735608928,-0.4576178100768278,0.6428266054576474,0.15559916875773736,0.34221040151991133,0.6131152052037873,-1.3143287896921763e-07,-0.00013036275387233454,-6.583037684321225e-05,-0.00010177363077783219,0.9433768475856612,-0.30214900407296275,62.69891289753714,151.64906468284045,31.308434654722426,75.80903243577629,31.39046685175338,75.84003789322415,31.349450753237903,75.82453516450022,1.1391061335075392e-05,-5.64615999110174e-06,-3.071370361191899,-77.6969250609662,-78.32933552014899,-0.08218605366122558,-0.006351240467968466,0.04466495434135709
1.0816,0.6435202789196531,0.15445649685902832,0.2997800936448807,-0.4569849434927199,0.29971437098510884,-0.45695596641253156,0.6435871224040319,0.1546874896844727,0.3438064683468478,0.6115424482243762,-5.604123034519404e-07,-0.000129984952816381,-6.6283072075346e-05,-0.00010100787262803945,0.9433009329768373,-0.30239846168087525,63.11574479415113,152.01643585856664,31.516815841009652,75.99301215930952,31.59891764148768,76.02342944678175,31.557866741248667,76.00822080304563,1.1311653793200094e-05,-5.747524625121514e-06,-3.0786981403650717,-77.72205765738218,-78.3576507484875,-0.08215249404109867,-0.006287508774528179,0.04466915049289355
1.0824,0.6442757994029463,0.15354419658100785,0.29894919219942884,-0.45632254978928427,0.2988834550789897,-0.4562931868462655,0.6443435008620804,0.1537740290704296,0.34539332649330406,0.6099669811434937,-9.82169347463202e-07,-0.00012959771622024496,-6.671928978657649e-05,-0.00010023477320149354,0.9432259737717226,-0.30264875549205617,63.53522821056591,152.38324554170748,31.726528992860423,76.17671130254817,31.808687987847183,76.20654008552842,31.7676084903538,76.1916256940383,1.1229858309036445e-05,-5.846369106166094e-06,-3.0860349942377017,-77.74780360060288,-78.38677724241333,-0.08210811590327774,-0.006223719953248869,0.044665902256269874
1.0832,0.6450272020393475,0.15263014944401287,0.29812335060637724,-0.45565923899210264,0.29805760816994636,-0.4556294923648122,0.6450957378442246,0.15285880515595476,0.34697099055362424,0.6083888429784413,-1.3966842231649679e-06,-0.0001292011696161638,-6.713912065398064e-05,-9.945454232569706e-05,0.9431519493299478,-0.3028998883784736,63.95737670826056,152.7494755522192,31.93758086532508,76.36012072880911,32.01978469720532,76.38936076607479,31.9786827812652,76.37474074744195,1.1145730162809286e-05,-5.942664699887246e-06,-3.0933809873790645,-77.7741636117574,-78.41671664355401,-0.08205308053649943,-0.006159882402806712,0.04465530525581585
1.084,0.6457744838806512,0.15171437332494975,0.29730255133996725,-0.4549950317688588,0.2972368126218864,-0.45496490371833254,0.6458438304756416,0.1519418361510569,0.3485394751972196,0.6068080724815991,-1.8039384548362847e-06,-0.00012879543831671725,-6.754265653569069e-05,-9.866738779044926e-05,0.9430788391590732,-0.3031518630055923,64.38220383287214,153.1151074553593,32.14997820514306,76.54323117408315,32.23221456840419,76.57188231765988,32.19109638677362,76.55755674587152,1.1059324890538846e-05,-6.036383751961694e-06,-3.1007361849689374,-77.80113848004383,-78.44747067563159,-0.08198754849801038,-0.0060960044206634974,0.044637454546347044
1.0848,0.6465176420883111,0.15079688607184574,0.29648677691218694,-0.45432994855466097,0.29642105083660925,-0.4542994414226109,0.6465877759936256,0.15102314023459076,0.3500987951665703,0.6052247081418541,-2.2039148683816734e-06,-0.00012838064739752186,-6.792999044613612e-05,-9.787351534747135e-05,0.9430066229153664,-0.3034046818354177,64.80972311166978,153.48012255919016,32.363727749478656,76.72603324579592,32.44598439149212,76.75409544089412,32.40485607048539,76.74006434334501,1.0970699008794327e-05,-6.127499858621377e-06,-3.1081006527937998,-77.8287290639061,-78.47904114918498,-0.08191167959930067,-0.006032094202645321,0.04461244461822389
1.0856,0.6472566739328378,0.14987770550305884,0.29567600987411874,-0.45366400955425273,0.29561030525516974,-0.4536331257612857,0.6473275717469529,0.15010273555344897,0.35164896527525114,0.6036387881860231,-2.5965975830599675e-06,-0.00012795692167856532,-6.830121653200738e-05,-9.707312871155838e-05,0.9429352804045396,-0.30365834712951534,65.23994805097097,153.84450191207824,32.57883622462883,76.90851742156684,32.66110094643307,76.93599070649982,32.619968585530955,76.92225406403332,1.0879909055461212e-05,-6.215988406665929e-06,-3.115474457243168,-77.85693629232966,-78.51142996607366,-0.08182563289225872,-0.005968159842492427,0.04458036940252441
1.0864,0.6479915767931936,0.1489568494064966,0.29487023281726077,-0.45299723474421905,0.29480455835921515,-0.4529659767880738,0.6480632151952426,0.14918064022176325,0.35319000040598014,0.6020503505802763,-2.981972001658839e-06,-0.00012752438570595714,-6.865643004727584e-05,-9.626642956073184e-05,0.9428647915824561,-0.30391286095201653,65.67289213349778,154.20822630019035,32.79531034470055,77.09067404796549,32.8775710017847,77.11755855405069,32.83644067324263,77.10411630100809,1.078701252765768e-05,-6.301825834498231e-06,-3.1228576653059847,-77.88576116614168,-78.54463912399513,-0.08172956665563857,-0.005904209331542321,0.04454132227530749
1.0872,0.6487223481561797,0.14803433553884487,0.294069428374819,-0.45232964387518093,0.2940037926722902,-0.4522980143289823,0.6487947039083067,0.14825687232011764,0.3547219155086886,0.6004594330315629,-3.3600247991150134e-06,-0.00012708316373569173,-6.899572732793624e-05,-9.545361753704462e-05,0.9427951365557978,-0.30416822517260034,66.10856881567183,154.5712762449872,33.013156810258415,77.27249333926746,33.09540131334627,77.29878929070972,33.05427906180235,77.2856413149886,1.0692067135664729e-05,-6.3849900016066385e-06,-3.1302503445670897,-77.9152047592106,-78.57867072090401,-0.08162363838192871,-0.005840250558323233,0.044495396061677184
1.088,0.6494489856158185,0.14711018162480002,0.2932735792229674,-0.4516612564739749,0.2932079907611132,-0.45162925798450926,0.6495220355655011,0.14733144989476218,0.3562447255986195,0.5988660729890232,-3.7307439142431065e-06,-0.0001266333797139002,-6.931920576835893e-05,-9.463489024823246e-05,0.9427262955827002,-0.30442444146946096,66.54699152485078,154.9336320007161,33.23238230694235,77.45396537620927,33.31459862277727,77.47967308996726,33.273490464859805,77.46681923308827,1.05951311724084e-05,-6.46546044436036e-06,-3.137652563203852,-77.94526821991556,-78.6135269592515,-0.08150800476456103,-0.00577629130828953,0.04444268304001753
1.0888,0.6501714868727272,0.14618440535631697,0.2924826680820861,-0.4509920918458278,0.2924171352368263,-0.4509597271318343,0.6502452079550635,0.1464043909568459,0.35775844575443916,0.5972703076454124,-4.0941185382448175e-06,-0.00012617515726122408,-6.962696379803068e-05,-9.381044326774168e-05,0.9426582490733515,-0.30468151133224963,66.98817365649886,155.2952735519013,33.45299350405299,77.63508010474239,33.535169656182724,77.66019999037674,33.49408158011786,77.64764004755956,1.0496263143977558e-05,-6.543217835996984e-06,-3.1450643899828226,-77.97595277237782,-78.64921015025195,-0.08138282168548802,-0.005712339263431758,0.04438327494600003
1.0896,0.6508898497334916,0.14525702439185675,0.2916966777179654,-0.4503221690765157,0.29163120875621446,-0.4502894409269969,0.6509642189734515,0.14547571348164925,0.3592630911163816,0.5956721739385094,-4.450139104439366e-06,-0.0001257086196556484,-6.991910085540898e-05,-9.298047013688027e-05,0.9425909775905615,-0.30493943606500334,67.43212857129818,155.65618061083586,33.67499705310769,77.81582733478731,33.75712112266842,77.84035989429294,33.716059087888056,77.82809361454014,1.0395522068051832e-05,-6.6182444129481155e-06,-3.152485894256544,-78.00725971783437,-78.6857227181087,-0.08124824420308568,-0.005648402002082659,0.044317262975539506
1.0904,0.6516040721100289,0.1443280563556501,0.2909155909429866,-0.4496515070345143,0.2908501940228997,-0.4496184183070652,0.6516790666246721,0.14454543540783305,0.3607586768844074,0.5940717085525313,-4.79879727816046e-06,-0.00012523388981600103,-7.019571736505137e-05,-9.21451623669689e-05,0.9425244618502937,-0.3051982167890482,67.87886959219303,156.01633261507305,33.89839958636269,77.99619673898786,33.98045971286295,78.02014256660901,33.93942964961282,78.00816965279844,1.0292967388636498e-05,-6.6905238327308325e-06,-3.159917145960396,-78.03919043600656,-78.72306720406817,-0.081104426540434,-0.005584486998657656,0.04424473778831839
1.0912,0.6523141520189465,0.14339751883696608,0.2901393906172762,-0.4489801243731387,0.29007407378850614,-0.44894667799229304,0.652389749019606,0.1436135746366908,0.36224521831638506,0.5924689479195444,-5.140085944710382e-06,-0.00012475109028521614,-7.045691471480042e-05,-9.130470943953528e-05,0.9424586827221674,-0.30545785444588747,68.32841000137023,156.37570872491943,34.123207715303835,78.17617785146626,34.20519209740766,78.19953763349405,34.16419990635575,78.18785774248016,1.018865873447794e-05,-6.76004088973059e-06,-3.167358215609571,-78.07174638653323,-78.76124627056373,-0.0809515220739187,-0.0055206016233625855,0.044165789511311004
1.092,0.6530200875808985,0.14246542938938817,0.28936805964983014,-0.44830803953266835,0.2893028308537984,-0.44827423848826353,0.6530962643753291,0.14268014903141293,0.3637227307262995,0.5908639282208665,-5.473999199423485e-06,-0.00012426034321479096,-7.070279523119227e-05,-9.045929880997783e-05,0.9423936212299281,-0.3057183498000654,68.78076303717444,156.73428782093092,34.349428029104715,78.35576006657934,34.43132492541373,78.37853458113375,34.390376477259224,78.36714732385654,1.0082655990117928e-05,-6.826782168900536e-06,-3.1748091742961475,-78.10492911036137,-78.80026270522085,-0.08078968332217092,-0.005456753142096435,0.044080507741341535
1.0928,0.6537218770199316,0.14153180553010314,0.288601580999617,-0.44763527074246573,0.2885364480697971,-0.44760111808802494,0.6537986110144226,0.14174517641636017,0.36519122948247,0.589256685388477,-5.800532335620279e-06,-0.00012376177034890967,-7.09334621554758e-05,-8.960911590809306e-05,0.9423292585518841,-0.30597970344201364,69.2359418909544,157.09204850141066,34.5770670930509,78.53493263767572,34.65886482288407,78.55712275447063,34.617965957967485,78.54602769607317,9.97501942379131e-06,-6.8907356762792915e-06,-3.1822700936862187,-78.13874023121228,-78.84011942502097,-0.08061906193536356,-0.005392948716182381,0.043988981547244066
1.0936,0.6544195186628318,0.14059666473919188,0.2878399376766493,-0.44696183602307904,0.28777490833886143,-0.446927334874212,0.6544967873642871,0.14080867457634344,0.36665073000580406,0.5876472551064131,-6.119681833727242e-06,-0.0001232554930093166,-7.114901962157472e-05,-8.875434414226668e-05,0.9422655760213148,-0.3062419157908779,69.69395970384397,157.4489690799139,34.80613144693073,78.71368467585609,34.887818391103764,78.73529135594822,34.84697491901724,78.72448801590215,9.865809488474042e-06,-6.951890412665307e-06,-3.1897410460171467,-78.17318145704137,-78.8808194801622,-0.08043980868480982,-0.0053291954022928285,0.043891299473301615
1.0944,0.6551130109384609,0.13966002445893572,0.2870831127430353,-0.4462877531883355,0.28701819461575373,-0.4462529067211567,0.6551907919564434,0.13987066125591452,0.36810124776805764,0.5860356728121712,-6.431445350452147e-06,-0.0001227416320788155,-7.134957263205122e-05,-8.789516489998705e-05,0.9422025551268467,-0.306504987097321,70.15482956347253,157.8050275827547,35.03662760339203,78.89200514873497,35.1181922049938,78.91302944425685,35.07740990419291,78.90251729649592,9.755086708196359e-06,-7.010237141003017e-06,-3.197222104094913,-78.20825458164452,-78.92236605824534,-0.08025207345291094,-0.005265500152302158,0.04378754954080932
1.0952,0.6558023523770924,0.13872190209312676,0.28633108931400447,-0.4456130398474239,0.28626628990867453,-0.4455778512969883,0.6558806234258321,0.1389311541586677,0.3695427982901227,0.5844219736981033,-6.735821704850764e-06,-0.00012222030798825223,-7.153522703484683e-05,-8.703175755264692e-05,0.9421401775128018,-0.30676891744630885,70.61856450060574,158.1602017465208,35.26856204626327,79.06988287920564,35.349992811430496,79.09032593308316,35.30927742884688,79.0801044061444,9.642911976470714e-06,-7.06576798847891e-06,-3.2047133412915176,-78.24396148608429,-78.96476248819188,-0.08005600522340534,-0.0052018698132388925,0.04367781925026293
1.096,0.656487541609739,0.1377823150063886,0.28558385055890556,-0.44493771340696325,0.28551917728027304,-0.44490218606571885,0.65656628051011,0.13799017094654561,0.37097539714033523,0.5828061927128081,-7.032810869223027e-06,-0.00012169164070070793,-7.170608950179957e-05,-8.616429945633441e-05,0.9420784249795138,-0.30703370675987396,71.08517748571687,158.51446901559564,35.501941228840664,79.24730654420972,35.58322672752999,79.26716958986233,35.54258397818533,79.25723806703603,9.529346215231271e-06,-7.118476418099817e-06,-3.2122148315425196,-78.28030414034912,-79.00801224434369,-0.07985175207195348,-0.005138311127066166,0.04356219558374619
1.0968,0.6571685773674781,0.1368412805235056,0.28484137970218376,-0.44426179107306213,0.28477683984863494,-0.44422592828932167,0.6572477620489384,0.13704772923915995,0.3723990599327989,0.5811883645625247,-7.322413955790363e-06,-0.00012115574969741305,-7.186226750455216e-05,-8.529296595695401e-05,0.9420172794836177,-0.3072993547998591,71.55468142548455,158.8678065396878,35.73677157213817,79.42426467350863,35.817900438896004,79.4435490345364,35.777336005517085,79.43390685402252,9.414450374833905e-06,-7.1683572571146215e-06,-3.219726649344616,-78.31728460496359,-79.05211895046847,-0.07963946115703023,-0.005074830730872322,0.0434407650062667
1.0976,0.6578454584807718,0.13589881592876024,0.2841036600243335,-0.44358528985336354,0.28403926078824504,-0.44354909502979134,0.6579250669832687,0.1361038466131151,0.37381380232573097,0.5795685237125151,-7.60463320420568e-06,-0.00012061275396352267,-7.200386929268054e-05,-8.441793039129508e-05,0.9419567231383095,-0.3075658611706398,72.02708915922024,159.22019117137012,35.97305946310313,79.60074564846207,36.05402039783149,79.61945273831502,36.01353993046731,79.61009919338855,9.298285618797308e-06,-7.215406981231354e-06,-3.227248869753381,-78.35490503266485,-79.09708638394383,-0.07941927871112488,-0.00501143515658586,0.04331361346743279
1.0984,0.6585181838787826,0.1349549384652787,0.28337067486282563,-0.44290822655907996,0.2833064233309258,-0.4428717031511974,0.658598194354624,0.1351585406013473,0.37521964001982755,0.5779467043884516,-7.879471970784202e-06,-0.00012006277197559867,-7.213100387060134e-05,-8.353936409302709e-05,0.941896738213579,-0.30783322532182567,72.50241345522022,159.57159946362998,36.21081125279346,79.77673770080924,36.29159302151362,79.7948690224437,36.25120213715354,79.78580336162648,9.180913139061886e-06,-7.259622975652746e-06,-3.2347815683810226,-78.39316767000972,-79.14291847976033,-0.07919135003225347,-0.004948130831224956,0.04318082640287457
1.0992,0.6591867525886835,0.13400966533438854,0.28264240761301607,-0.4422306178070172,0.28257831076675466,-0.44219376932172527,0.6592671433043742,0.1342118286924678,0.3766165887566435,0.5763229405777994,-8.146934714625687e-06,-0.00011950592168562257,-7.224378097603346e-05,-8.265743639367107e-05,0.9418373071364142,-0.30810144655094307,72.98066700704325,159.9220076674293,36.450033254518594,79.95222891145777,36.53062469013061,79.96978605697606,36.490328972324605,79.9610074842169,9.062394042302913e-06,-7.301004501414354e-06,-3.2423248213942606,-78.43207485930691,-79.18961933480459,-0.07895581947576752,-0.004884924076734061,0.043042488735522966
1.1,0.6598511637349667,0.13306301369497897,0.2819188417290268,-0.44155248002158337,0.28185490644495564,-0.44151531001570116,0.6599319130730106,0.13326372833011801,0.3780046643169974,0.5746972660311909,-8.407026986345656e-06,-0.00011894232051062881,-7.23423110575716e-05,-8.177231462838663e-05,0.9417784124909798,-0.30837052400609377,73.46186242971427,160.27139172927969,36.690731741942784,80.1272072092777,36.77112174498198,80.14419185955418,36.73092674346238,80.13569953441595,8.942789506249937e-06,-7.339552212215494e-06,-3.2498787055123075,-78.47162904019875,-79.23719321196599,-0.07871283044646014,-0.004821821110169802,0.0428986848769739
1.1008,0.6605114165387441,0.13211500066287674,0.2811999607246088,-0.4408738294367887,0.28113619377477117,-0.4408363415156099,0.660592502999413,0.13231425691233314,0.3793838825193886,0.5730697142638044,-8.65975541558539e-06,-0.00011837208531760568,-7.2426705253259e-05,-8.08841641387753e-05,0.9417200370187686,-0.30864045668859436,73.94601225584967,160.6197272888295,36.93291294714982,80.30166036990288,37.013090486539205,80.31807429419433,36.973001716844514,80.30986733204861,8.822160637578236e-06,-7.375267728093604e-06,-3.2574432980049117,-78.51183275165508,-79.2856445444414,-0.07846252539097184,-0.004758828043671747,0.042749498728483104
1.1016,0.6611675103170491,0.13116564331022507,0.28048574817397987,-0.4401946820982318,0.28042215622631,-0.4401568799140973,0.6612489125201134,0.13136343179091484,0.3807542592184363,0.5714403185567346,-8.905127697189652e-06,-0.00011779533241214335,-7.249707536710615e-05,-7.999314827759896e-05,0.9416621636187261,-0.3089112434555946,74.43312893170676,160.96698967646753,37.17658305867013,80.47557601453934,37.256537172468086,80.4914210700825,37.21656011556911,80.48349854231091,8.700568542963083e-06,-7.4081542891235586e-06,-3.2650186766904987,-78.55268863377285,-79.33497794011441,-0.07820504579048303,-0.004695950884669585,0.04259501368119345
1.1024,0.6618194444821293,0.13021495866487454,0.27977618771264257,-0.43951505386507483,0.27971277733137223,-0.4394769411159615,0.6619011411685588,0.130411270270812,0.38211581030333663,0.5698091119583615,-9.143152579604852e-06,-0.00011721217752541646,-7.255353384993946e-05,-7.909942841205497e-05,0.9416047753473515,-0.3091828830226749,74.92322481315418,161.31315391094307,37.42174821946772,80.6489416087836,37.501468015612346,80.66421974037598,37.46160811754004,80.6565806745798,8.578074101706079e-06,-7.438216528043995e-06,-3.272604919934403,-78.59419942975563,-79.38519818587599,-0.07794053215368452,-0.004633195535833664,0.0424353126181245
1.1032,0.6624672185407379,0.12926296370978255,0.2790712630381809,-0.43883496041200537,0.2790080406842574,-0.43879654084013375,0.6625491885743654,0.1294577896095148,0.3834685516963325,0.5681761272857183,-9.373839852055976e-06,-0.00011662273580191618,-7.25961937755315e-05,-7.82031639302988e-05,0.9415478554187708,-0.30945537396642087,75.41631216156257,161.65819469700259,37.66841452488798,80.82174446144639,37.747889181936486,80.83645770101663,37.70815185341223,80.8291010812315,8.454738107843696e-06,-7.4654604134138935e-06,-3.280202106647176,-78.63636798791806,-79.436310252095,-0.07766912401005265,-0.00457056779549833,0.042270477913433524
1.104,0.6631108320934223,0.12830967538241914,0.27837095791103617,-0.4381544172311882,0.27830792994254544,-0.4381156946216428,0.6631930544625735,0.128503007016451,0.3848124993512071,0.5665413971258505,-9.597200330224709e-06,-0.00011602712178865326,-7.262516882100556e-05,-7.730451224324808e-05,0.9414913872047886,-0.30972871472698044,75.91240313961696,162.00208642304767,37.91658802056615,80.99397172339025,37.99580678842953,81.00812218955063,37.95619740449784,81.00104695647045,8.330621270147276e-06,-7.489893221190869e-06,-3.2878103162830112,-78.67919726366587,-79.48831929723822,-0.07739095990336708,-0.004508073357495749,0.042100591434291346
1.1048,0.6637502848338062,0.127355110574186,0.2776752561552607,-0.43747343963420277,0.2776124288278624,-0.43743441781357195,0.6638327386528956,0.1275469396524003,0.38614766925178934,0.5649049538371805,-9.81324584559129e-06,-0.00011542544942257094,-7.264057324385398e-05,-7.640362879175744e-05,0.9414353542349123,-0.31000290361059424,76.41150980704491,162.3448031588117,38.16627470029426,81.16561038637317,38.245226900966735,81.17920028396212,38.2057508006305,81.17240533516764,8.205783913695086e-06,-7.511523591574587e-06,-3.2954296288381997,-78.72269032166363,-79.54123067245956,-0.07710617738553918,-0.0044457178116361845,0.04192573453991599
1.1056,0.6643855765478714,0.12639928612983845,0.2769841416592535,-0.4367920427539695,0.27692152112662083,-0.4367527255890001,0.6644682410589651,0.12658960462890825,0.3874740774104811,0.5632668295508582,-1.0021989230446504e-05,-0.00011481783201959528,-7.264252186311992e-05,-7.55006670501851e-05,0.9413797401963555,-0.31027793879211146,76.91364411626661,162.68631865306048,38.417480503847884,81.33664728190669,38.49615553213229,81.34967890151525,38.45681801799009,81.34316309171098,8.080286434619666e-06,-7.530361472163349e-06,-3.3030601248497407,-78.76685033798724,-79.59504992628277,-0.0768149130106761,-0.004383506643748309,0.041745988083221164
1.1064,0.6650167071132345,0.125442218846922,0.27629759837647444,-0.43611024154666467,0.2762351906907427,-0.43607063294293225,0.6650995616875761,0.12563101900771745,0.3887917398667967,0.5616270561721182,-1.0223444305013096e-05,-0.00011420438226394936,-7.26311300366933e-05,-7.459577853152766e-05,0.9413245289340139,-0.31055381831747875,77.41881790795824,163.02660633131495,38.67021131477148,81.50706908012371,38.748598638998104,81.51954479760953,38.70940497688479,81.51330693886662,7.954188660619366e-06,-7.546418288484347e-06,-3.3107018853939763,-78.81168060232588,-79.64978280952378,-0.07651730232945152,-0.004321445235919241,0.04156143241021937
1.1072,0.6656436764984188,0.12448392547521428,0.2756156103261403,-0.4354280507936222,0.27555342143836425,-0.43538815469421915,0.6657267006379253,0.12467119980020472,0.39010067268591975,0.5599856653816302,-1.0417625865233315e-05,-0.00011358521219671791,-7.260651364127124e-05,-7.368911279369283e-05,0.9412697044504243,-0.3108305401062112,77.9270429065335,163.36563929359951,38.924472958120916,81.67686228865843,39.002562120862095,81.68878456464755,38.963517539491505,81.68282342665299,7.82755049044681e-06,-7.5597064608246e-06,-3.318354992085339,-78.85718452031988,-79.70543528011729,-0.07621347988368396,-0.0042595388668802674,0.041372147360476674
1.108,0.6662664847621278,0.12352442271617581,0.27493816159389933,-0.4347454851032228,0.2748761973545172,-0.43470530548746034,0.6663496581008481,0.12371016396682565,0.3914008919572797,0.5583426886368423,-1.0604549669113172e-05,-0.00011296043320615373,-7.256878905126385e-05,-7.278081744365589e-05,0.9412152509056962,-0.31110810195384087,78.43833071554062,163.7033903122177,39.18027119816569,81.84601325154134,39.25805181694367,81.85738463091623,39.21916150755468,81.85169894122879,7.700431254420437e-06,-7.570239887400021e-06,-3.3260195270751973,-78.90336561586341,-79.76201350825727,-0.07590357920121955,-0.0041977927121532805,0.041178212266828496
1.1088,0.6668851320525089,0.12256372722241307,0.2742652363324907,-0.4340625589127728,0.2742035024917928,-0.43402209979489925,0.6669684343580502,0.12274792841657323,0.3926924137931378,0.5566981571733292,-1.078423242173443e-05,-0.00011233015601685992,-7.251807311958736e-05,-7.187103814332296e-05,0.9411611526174213,-0.3113865015343429,78.95269281297202,164.03983182955457,39.437611736045994,82.01450814810698,39.51507350403597,82.02533125948152,39.47634262004098,82.01991970379424,7.572890055485004e-06,-7.578033915933702e-06,-3.333695573050754,-78.95022753359113,-79.81952388145677,-0.07558773279106126,-0.004136211844370878,0.04097970595609013
1.1096,0.6674996186064208,0.12160185559714358,0.27359681876237996,-0.4333792864903693,0.2735353209709886,-0.43333855191830445,0.6675830297813419,0.12178451000643992,0.39397525432719704,0.5550521020061285,-1.0956691764874016e-05,-0.00011169449068057502,-7.24544831561813e-05,-7.095991861577611e-05,0.9411073940605656,-0.31166573640254513,79.47014054648974,164.37493595591138,39.69650020738871,82.1823329919165,39.773632894115345,82.19261054709973,39.73506655075202,82.18747176950811,7.444985698157325e-06,-7.583104832065146e-06,-3.3413832132340486,-78.99777404130192,-79.87797300985665,-0.07526607213871107,-0.0040748012336620605,0.04077670674809042
1.1104,0.6681099447486945,0.120638824393677,0.27293289317238056,-0.432695681936752,0.27287163698173367,-0.43265467599083657,0.6681934448318634,0.12081992554089249,0.3952494297132218,0.553404553931079,-1.1121946261016813e-05,-0.0001110535465654594,-7.23781369079135e-05,-7.004760065001947e-05,0.941053959867336,-0.31194580399650956,79.99068512856215,164.70867446736986,39.956942179879036,82.34947362969707,40.03373563190674,82.35920842314349,39.995338905892886,82.35434102642029,7.316776375887457e-06,-7.585470712001552e-06,-3.3490825313810553,-79.04600903263125,-79.93736773168686,-0.07493872770181102,-0.004013565747891255,0.040569292455984396
1.1112,0.6687161108913894,0.11967465011490191,0.2722734439202566,-0.4320117591871474,0.2722124347830977,-0.43197048597890775,0.6687996800593101,0.11985419177135842,0.3965149561236726,0.5517555435261577,-1.1280015380865649e-05,-0.00011040743234808081,-7.228915253981727e-05,-6.913422410845249e-05,0.9410008348270269,-0.3122267016398974,80.5143376315115,165.04101880369058,40.21894315078664,82.51591574029618,40.295387292404726,82.52511064854443,40.257165221595685,82.5205131944203,7.188320125806058e-06,-7.585150029854049e-06,-3.356793611780807,-79.09493652958821,-79.99771511862926,-0.07460582890599118,-0.003952510153113451,0.04035754038625328
1.112,0.6693181175330533,0.11870934921277976,0.27161845543330565,-0.4313275320130952,0.271557698704182,-0.43128599568402354,0.6694017361011566,0.11888732539571314,0.3977718497483611,0.5501051011528059,-1.1430919489852087e-05,-0.00010975625600252725,-7.218764861349758e-05,-6.821992693088752e-05,0.9409480038858488,-0.31250842654431293,81.04110898247535,165.3719400662469,40.482508544450766,82.68164483365517,40.558593378350096,82.69030281475504,40.52055096140043,82.6859738242051,7.0596744876638695e-06,-7.582163306096845e-06,-3.364516539254691,-79.14456068542069,-80.05902248171479,-0.07426750414096012,-0.003891639113873967,0.04014152733748233
1.1128,0.6699159652579723,0.11774293808785152,0.2709679122089273,-0.4306430140242663,0.27090741314469197,-0.43060121874461604,0.669999613681876,0.11791934305778824,0.3990201267931145,0.5484532569572611,-1.1574679834258639e-05,-0.0001091001247934889,-7.207374406953404e-05,-6.730484514323037e-05,0.9408954521467338,-0.3127909758116213,81.57100995827477,165.70140901599524,40.74764370971626,82.84664624980017,40.823359317662074,82.85477034272712,40.78550151368917,82.85070829626365,6.930896432777445e-06,-7.57653205596398e-06,-3.3722513991557337,-79.19488578727811,-80.12129737685014,-0.07392388075684489,-0.003830957193652929,0.039921329601469324
1.1136,0.6705096547354242,0.11677543308874848,0.2703217988151706,-0.42995821867026734,0.27026156257549294,-0.4299161686378637,0.670593313612158,0.11695026134687657,0.40025980347845935,0.546800040871878,-1.171131852806262e-05,-0.00010843914526586368,-7.194755820572052e-05,-6.638911286224042e-05,0.9408431648691229,-0.313074346436253,82.10405118019493,166.02939607148502,41.014353917328286,83.01090515785216,41.08969046082385,83.01849848191158,41.05202218907607,83.01470181988188,6.80204279035479e-06,-7.568278732605904e-06,-3.379998277368046,-79.24591625924377,-80.18454761100304,-0.07357508506074613,-0.003770468855291383,0.03969702296123501
1.1144,0.6710991867189255,0.11580685051171617,0.26968009989126873,-0.42927315924243253,0.2696201315391481,-0.4292308586814971,0.6711828367881246,0.11598009679725507,0.40149089603831667,0.5451454826164505,-1.1840858539224897e-05,-0.00010777342323717298,-7.180921065985668e-05,-6.547286230171312e-05,0.9407911274687335,-0.31335853530747915,82.64024310867202,166.35587130690837,41.282644357279,83.17440655505862,41.35759207822386,83.1814723092771,41.32011821775143,83.17793943216786,6.673169167470405e-06,-7.557427352367085e-06,-3.3877572603063033,-79.29765666526035,-80.24878124817924,-0.07322124231352795,-0.0037101784613382746,0.03946868269179049
1.1152,0.671684562045479,0.11483720660014574,0.26904280014815607,-0.42858784887560636,0.2689831046504417,-0.4285453020355972,0.6717681841905423,0.11500886588771671,0.40271342071871175,0.5434896116995329,-1.1963323674479831e-05,-0.00010710306379006079,-7.165882138882029e-05,-6.455622378093856e-05,0.9407393255173095,-0.31364353921167054,83.17959603788849,166.68080445019334,41.55252013610814,83.33713526584454,41.62706935744899,83.34367672835151,41.589794746778566,83.34040599709803,6.544331355939903e-06,-7.544002727399857e-06,-3.3955284349153025,-79.35011171217135,-80.31400661567034,-0.07286247672682873,-0.0036500902746163955,0.03923638355891512
1.116,0.6722657816348161,0.11386651754411112,0.2684098843689661,-0.42790230054990935,0.26835046659688294,-0.4278595117043759,0.6723493568840359,0.11403658504110444,0.40392739377650144,0.5418324574197504,-1.207873856828856e-05,-0.00010642817126339105,-7.149651065146978e-05,-6.363932572995418e-05,0.9406877447423505,-0.3139293548345349,83.7221200902766,167.0041648811418,41.823986274158614,83.49907594088776,41.898127400533745,83.5050964682851,41.86105683734618,83.50208620458643,6.415584238084193e-06,-7.528031062520313e-06,-3.4033118886696414,-79.40328625295125,-80.38023231041731,-0.07249891146028913,-0.003590208458630082,0.039000199819440695
1.1168,0.6728428464886406,0.11289479947992012,0.267781337409516,-0.42721652709249625,0.2677222021391959,-0.4271735005379478,0.6729263560162951,0.11306327062386227,0.4051328314781119,0.5401740488671132,-1.2187128667184854e-05,-0.00010574884924532263,-7.132239898732795e-05,-6.272229469685836e-05,0.9406363710268237,-0.31421597876333085,84.26782521092672,167.32592162961396,42.09704770278465,83.66021305621611,42.17077122115988,83.66571608293772,42.133909461972266,83.66296456957691,6.286982184633416e-06,-7.5095398699431826e-06,-3.411107709573436,-79.45718528993527,-80.44746720570589,-0.07213066861900642,-0.0035305370780510216,0.038760205219602994
1.1176,0.6734157576898683,0.11192206848966958,0.2671571441987754,-0.4265305411792989,0.2670982961117926,-0.42648728123408886,0.6734991828172854,0.11208893894559005,0.40632975009829286,0.5385144149243237,-1.228852021711857e-05,-0.00010506520056526025,-7.113660719992865e-05,-6.180525535522119e-05,0.9405851904088609,-0.3145034074890641,84.8167211619024,167.64604337376204,42.37170926151245,83.82053091232953,42.445005741811045,83.82551994998998,42.40835750166175,83.82302543115975,6.158578898407541e-06,-7.4885574576910585e-06,-3.418915986160144,-79.51181397823262,-80.51572045772353,-0.07175786925117023,-0.0034710800992561208,0.03851647299526917
1.1184,0.6739845164018643,0.11094834060081359,0.26653728973931995,-0.42584435533675974,0.2664787334232317,-0.4258008663399831,0.6740678385984504,0.11111360625861119,0.40751816591888157,0.5368535842680837,-1.2382940248967245e-05,-0.0001043773272871168,-7.09392563371658e-05,-6.088833051050291e-05,0.9405341890814332,-0.314791637408659,85.36881751645943,167.96449843831428,42.64797569515372,83.98001363334755,42.72083579087807,83.98449227008012,42.684405743015894,83.98225295171383,6.030427641690039e-06,-7.465113384341748e-06,-3.426736807492456,-79.56717762917391,-80.58500151255734,-0.07138063334595256,-0.0034118413907949065,0.03826907587097139
1.1192,0.67454912386768,0.10997363178573515,0.2659217591077671,-0.42515798194355175,0.2658634990566581,-0.4251142682539568,0.6746323247519187,0.11013728875754729,0.4086980952275867,0.5351915853703955,-1.2470416564880349e-05,-0.0001036853307035332,-7.073046767386293e-05,-5.9971641108623464e-05,0.9404833533920121,-0.3150806648271131,85.92412365317008,168.28125479291344,42.92585165087131,84.1386451661835,42.99826609971811,84.14261706596838,42.96205887529471,84.14063111607594,5.9025806677937e-06,-7.439238430606565e-06,-3.4345702631622563,-79.62328171379744,-80.65532011309172,-0.07099907983156052,-0.003352824723993884,0.038018086059764755
1.12,0.6751095814092867,0.10899795796133355,0.2653105374552001,-0.42447143323228603,0.26525257807023245,-0.4244274992272008,0.6751926427497043,0.10916000257890199,0.4098695543167792,0.5335284464998612,-1.2550977724956613e-05,-0.00010298931132683709,-7.051036269262179e-05,-5.905530624160382e-05,0.9404326698422116,-0.31537048595962563,86.48264874995073,168.59628005050988,43.20534167519712,84.29640927974594,43.27730129966373,84.299878181728,43.241321487430426,84.29814373073697,5.775089874759942e-06,-7.410964059317848e-06,-3.4424164432906967,-79.68013186672937,-80.72668630638509,-0.07061332657352987,-0.003294033773441217,0.03776357526174934
1.1208,0.6756658904268105,0.10802133498861298,0.2647036100075749,-0.4237847212912094,0.2646459555975426,-0.4237405713654816,0.67574879414291,0.10818176380065483,0.41103255948230144,0.5318641957229794,-1.2624653033588285e-05,-0.00010228936888483087,-7.027906306594778e-05,-5.813944315703756e-05,0.9403821250874189,-0.3156610969337116,87.04440177799249,168.90954146581274,43.4864502110011,84.45328956416947,43.557945918985084,84.45625928196662,43.52219806499309,84.45477442306805,5.648006307978903e-06,-7.380323353345375e-06,-3.4502754385282994,-79.7377338898034,-80.7991104509093,-0.07022349037315356,-0.003235472117612226,0.03750561466409863
1.1216,0.6762180523977622,0.10704377867228483,0.26410096206611455,-0.42309785806588796,0.2640436168480012,-0.4230534966308383,0.6763007805609255,0.10720258844186377,0.412187127022286,0.5301988609054374,-1.2691472524972713e-05,-0.00010158560231430386,-7.003669063826434e-05,-5.7224167264620374e-05,0.9403317059364018,-0.3159524937912888,87.60939149559472,169.22100593380137,43.76918159441203,84.6092694300747,43.8402043798024,84.61174385107664,43.80469298710722,84.61050664057566,5.52138028808713e-06,-7.347349963993111e-06,-3.4581473400551883,-79.79609375601012,-80.87260322415575,-0.06982968696618141,-0.00317714323945045,0.03724427493989424
1.1224,0.6767660688762681,0.1060653047603778,0.2635025790076875,-0.42241085536087974,0.2634455471072283,-0.42236628684327027,0.6768486037106266,0.10622249246227493,0.41333327323598945,0.5285324697134014,-1.2751466949623147e-05,-0.0001008781097533093,-6.978336740887103e-05,-5.630959214383141e-05,0.9402813993509052,-0.31624467249074867,88.17762644190057,169.53063998829955,44.05354005168911,84.76433210786088,44.12408099494992,84.7663151925175,44.088810523319516,84.76532365018919,5.39526153886527e-06,-7.312078821541945e-06,-3.466032239581364,-79.85521761368224,-80.94717563028124,-0.06943203102165843,-0.0031190505269033295,0.036979626247756414
1.1232,0.6773099414922971,0.1050859289438565,0.2629084462851743,-0.42172372484139675,0.26285173173742216,-0.4216789536824107,0.6773922653755725,0.105241491761947,0.41447101442263656,0.5268650496148055,-1.2804667761656674e-05,-0.00010016698853827777,-6.951921551379137e-05,-5.539582955223221e-05,0.9402311924452329,-0.316537628909002,88.74911493053281,169.83840980061356,44.33952969604401,84.91846064702924,44.409579964790076,84.91995642813002,44.37455483041704,84.91920853757964,5.269698732490724e-06,-7.274545708924052e-06,-3.4739302293470598,-79.91511179040737,-81.0228390079728,-0.06903063614096118,-0.0030611972735639565,0.03671173823124718
1.124,0.6778496719508905,0.10410566685624555,0.26231854942781735,-0.42103647803495237,0.26226215617771265,-0.42099150868918955,0.6779317674152028,0.10425960218087629,0.4156003668802817,0.5251966278806319,-1.2851107103750703e-05,-9.945233519677299e-05,-6.924435720845334e-05,-5.4482989433959905e-05,0.9401810724858116,-0.31683135884351005,89.32386504313357,170.1442811782399,44.62715452441442,85.07163791554109,44.696705373979164,85.07265049748625,44.66192994919679,85.07214420651367,5.144739986917557e-06,-7.2347874322531425e-06,-3.481841402123193,-79.97578279747738,-81.09960503841162,-0.06862561485701663,-0.0030035866793860803,0.03644068001784717
1.1248,0.6783852620313876,0.10312453407326912,0.26173287404156065,-0.4203491263329997,0.2616768059445042,-0.4203039632674842,0.6784671117640304,0.10327683949863774,0.41672134690467655,0.5235272315861954,-1.2890817793209663e-05,-9.87342454420656e-05,-6.895891484959282e-05,-5.35711799265412e-05,0.9401310268907415,-0.31712585801428855,89.90188462280146,170.44821956364078,44.91641841418753,85.22384659921048,44.985461188181425,85.224380157272,44.950939801184475,85.22411337824124,5.020432510605133e-06,-7.192841707137632e-06,-3.4897658512118754,-80.03723733432571,-81.17748575356485,-0.06821707863371773,-0.002946221851168519,0.03616652021798927
1.1256,0.678916713586649,0.10214254611249175,0.26115140580937357,-0.4196616809925571,0.2610956666318046,-0.41961632868575793,0.6789983004308395,0.10229321943403236,0.41783397078815515,0.5218568876124196,-1.2923833310807264e-05,-9.801281416987884e-05,-6.86630108797659e-05,-5.2660507370738685e-05,0.9400810432293333,-0.31742112206589546,90.48318126743133,170.75019003309365,45.20732511987287,85.37506920113321,45.27585125073564,85.3751279807078,45.24158818530425,85.37509859092052,4.896822829891789e-06,-7.1487473860543105e-06,-3.4977036704470037,-80.09948229289844,-81.25649354424822,-0.06780513786548566,-0.002889105803359771,0.03588932692520075
1.1264,0.679444028542284,0.10115971843297326,0.2605741304915634,-0.41897415313782144,0.26051872391153785,-0.41892861607868725,0.6795253354978761,0.10130875764474237,0.4189382548185294,0.5201856226471122,-1.295018778324497e-05,-9.728813545163695e-05,-6.835676780880817e-05,-5.1751076317455014e-05,0.9400311092216307,-0.31771714656939654,91.06776232295294,171.05015729561606,45.49987826972684,85.52528804115362,45.56787927926974,85.5248763570064,45.53387877449829,85.52508219908,4.773956362669196e-06,-7.102543946757578e-06,-3.5056549541949336,-80.16252476255485,-81.33664116875154,-0.06738990187703237,-0.0028322414586050217,0.03560916771456846
1.1272,0.679967208895871,0.10017606643492905,0.2600010339260742,-0.41828655376177165,0.25994596353384886,-0.4182408364487772,0.680048219120043,0.10032346972699775,0.42003421527799545,0.5185134631862378,-1.2969915973326529e-05,-9.65603025315856e-05,-6.804030819862472e-05,-5.0842989537149e-05,0.9399812127379186,-0.318013927024311,91.65563487646949,171.34808569196764,45.794081362325315,85.67448525536993,45.86154886226633,85.67360749086973,45.82781511229582,85.67404637311984,4.651877844707997e-06,-7.0542720322919195e-06,-3.513619797355218,-80.2263720347068,-81.41794176118447,-0.06697147892327374,-0.0027756316484783003,0.035326109642880965
1.1280000000000001,0.6804862567161822,0.0991916054594004,0.25943210202877304,-0.41759889372775877,0.2593773713273919,-0.4175530006679654,0.6805669535240914,0.09933737121524965,0.42112186844205435,0.5168404355351871,-1.2983053263970756e-05,-9.582940782131705e-05,-6.771375464514895e-05,-4.993634802796104e-05,0.9399313417982194,-0.3183114588605371,92.24680574929535,171.6439391937339,46.089937763087335,85.82264279567994,46.15686345557694,85.82130340202677,46.12340060933214,85.82197309885336,4.530631073862423e-06,-7.0039728257143e-06,-3.521598295361423,-80.291031607917,-81.50040884024608,-0.06654997618942257,-0.002719279114184677,0.035040219247122195
1.1288,0.6810011741424047,0.09820635078793342,0.25886732079372493,-0.41691118377108566,0.2588129331996079,-0.41686511947921373,0.681081541007812,0.09835047758185445,0.42220123057844194,0.5151665658100436,-1.298963564516642e-05,-9.509554289646727e-05,-6.737722976218885e-05,-4.9031251024539424e-05,0.9398814845717747,-0.3186097374402558,92.84128148989303,171.9376814024926,46.387450700747586,85.96974242936868,46.45382637888653,85.96794592481268,46.42063853981706,85.96884417709069,4.410258910070297e-06,-6.951688789058608e-06,-3.529590544182027,-80.3565111929415,-81.5840563179057,-0.06612549979123293,-0.002663186507233464,0.03475156254421563
1.1296,0.6815119633833614,0.09722031764226428,0.25830667629345394,-0.41622343450057353,0.2582526351369893,-0.4161772034980887,0.6815919839392274,0.09736280423676373,0.4232723179460728,0.5134918799388452,-1.298969970070507e-05,-9.435879849214318e-05,-6.703085616527327e-05,-4.812779600731759e-05,0.9398316293765161,-0.3189087580598171,93.43906836671025,172.22927554906752,46.6866232637791,86.11576573873879,46.75244081212765,86.11351670779166,46.71953203795337,86.11464122326522,4.290803502726703e-06,-6.8974629243712116e-06,-3.5375966403214014,-80.42281871805683,-81.66889850813564,-0.0656981547754138,-0.0026073563902145724,0.034460205030171664
1.1304,0.6820186267167322,0.09623352118401644,0.2577501546791937,-0.41553565640012075,0.2576964632053317,-0.41548926321432983,0.6820982847557837,0.09637436652722664,0.42433514679399525,0.5118164036628468,-1.2983282594747347e-05,-9.361926450054958e-05,-6.66747564567749e-05,-4.722607870963347e-05,0.9397817646785207,-0.31920851595160377,94.04017236091379,172.51868449287133,46.9874583967646,86.26069412078672,47.05270979184347,86.2579972134236,47.02008409430404,86.25934566710515,4.172305708038948e-06,-6.841338972662925e-06,-3.545616680820831,-80.4899623343662,-81.7549501357222,-0.06526804512019968,-0.002551791237377061,0.03416621168022971
1.1312,0.6825211664882739,0.09524597651440485,0.2571977421811269,-0.4148478598302463,0.2571444035499778,-0.41480130899340983,0.682600445963539,0.09538517973749921,0.42538973336035407,0.51014016253778,-1.2970422058000697e-05,-9.287702996541025e-05,-6.630905320709202e-05,-4.632619312897046e-05,0.9397318790914588,-0.3195090062858761,94.6445991590231,172.80587072133952,47.28995889671786,86.40450878692269,47.35463620749955,86.40136871777858,47.32229755210871,86.40293875235064,4.054805685882457e-06,-6.783361754969519e-06,-3.5536507632596326,-80.5579504215766,-81.84222634518916,-0.06483527373605459,-0.0024964934355172683,0.033869646946925513
1.1320000000000001,0.6830195851110406,0.09425769867394593,0.25664942510861033,-0.41416005502962366,0.2565964423960437,-0.4141133510780775,0.6830984701363565,0.09439525908856188,0.4264360938713715,0.5084631819351045,-1.2951156374674255e-05,-9.213218308106591e-05,-6.593386894127029e-05,-4.5428231534909436e-05,0.9396819613760256,-0.3198102241725967,95.2523541454442,173.09079634946215,47.594127409354485,86.54719076274054,47.65822279774728,86.5436123102982,47.62617510355088,86.54540153651936,3.938342445053422e-06,-6.7235765754958265e-06,-3.5616989857563706,-80.62679159352365,-81.930742709453,-0.06439994246656214,-0.002441465284696146,0.033570574760574345
1.1328,0.6835138850646028,0.0932687026421809,0.2561051898503924,-0.4134722521166042,0.2560525660486385,-0.41342539958989394,0.6835923599150938,0.09340461973784694,0.42747424454033284,0.506785487043263,-1.2925524368656571e-05,-9.138481118815822e-05,-6.554932612246045e-05,-4.45322844778856e-05,0.9396320004393637,-0.32011216466323517,95.86344239490029,173.3734231194115,47.899966425311945,86.68872088783559,47.96347214663406,86.68470889360549,47.931719285973,86.68671489072054,3.822954283805302e-06,-6.662029562676253e-06,-3.569761446970092,-80.69649470419776,-82.02051523865205,-0.0639621520894285,-0.0023867089989015435,0.03326905852827622
1.1336,0.6840040688942671,0.09227900333740317,0.25556502287481614,-0.41278446109072814,0.2555127608930708,-0.4127374645307563,0.6840821180067933,0.09241327677897336,0.42850420156658675,0.5051071028689305,-1.2893565390359463e-05,-9.063500077099301e-05,-6.515554713576455e-05,-4.36384407991805e-05,0.9395819853344737,-0.32041482275255395,96.47786866476234,173.653712400273,48.20747827631941,86.82907981567324,48.27038667976471,86.82463918336724,48.23893247804206,86.82685949952024,3.7086782214146297e-06,-6.5987674702228105e-06,-3.5778382461016784,-80.76706885379595,-82.11156038878009,-0.06352200231764632,-0.0023322267069110746,0.032965161133205356
1.1344,0.6844901392102951,0.09128861561639688,0.2550289107300138,-0.4120966918342234,0.2549770133950439,-0.4120495557844088,0.6845677471838743,0.09142124524149196,0.4295259811345558,0.5034280542382605,-1.2855319304616586e-05,-8.988283745483411e-05,-6.47526542745247e-05,-4.2746787640261796e-05,0.9395319052596136,-0.32071819338037166,97.09563738727915,173.9316251878794,48.51666513131669,86.9682480135102,48.57896866041207,86.96338370820732,48.547816895864386,86.96581586085875,3.595550381874091e-06,-6.533838103450762e-06,-3.585929482895258,-80.83852339495343,-82.20389506999413,-0.06307959180080827,-0.0022780204530140815,0.032658944934695455
1.1352,0.6849720986871234,0.09029755427418279,0.254496840044091,-0.41140895411349826,0.25444531010084265,-0.41136168311794574,0.6850492502833212,0.09042854009063868,0.43053959941275544,0.5017483657981328,-1.2810826474751735e-05,-8.91284060042033e-05,-6.434076972305913e-05,-4.185741045168584e-05,0.9394817495576891,-0.32102227143331125,97.71675266170534,174.20712210475406,48.827528992523256,87.1062057623688,48.889220185576285,87.10092280967467,48.858374589049774,87.10356428602174,3.4836057949405586e-06,-6.467289409783916e-06,-3.594035257639676,-80.91086793912162,-82.29753665506888,-0.06263501812652333,-0.0022240921978242127,0.032350471767045974
1.1360000000000001,0.6854499500625822,0.08930583404377136,0.25396879752529666,-0.41072125758061606,0.2539176376375051,-0.41067385618329894,0.6855266302058788,0.08943517622709354,0.43154507255282964,0.50006806201739,-1.2760127752475814e-05,-8.837179031966069e-05,-6.392001554406113e-05,-4.097039300253458e-05,0.9394315077156314,-0.3213270517465251,98.34121824633174,174.4801634001651,49.14007169145738,87.24293315706848,49.20114318199582,87.2372366422669,49.1706074367266,87.24008489966769,3.37287853824364e-06,-6.3991702745624934e-06,-3.602155671170058,-80.9841123632031,-82.39250298711383,-0.062188377822011,-0.002170443818990649,0.03203980293969266
1.1368,0.6859236961371151,0.08831346959592613,0.2534447699621872,-0.4100336117747641,0.2533939827129889,-0.40998608451871865,0.6859998899152377,0.08844116848675457,0.4325424166885884,0.49838716718808174,-1.2703264462232688e-05,-8.761307343695124e-05,-6.349051366044689e-05,-4.008581739149697e-05,0.9393811693637645,-0.3216325291054011,98.96903755041241,174.75070895029293,49.45429488490462,87.37841010631162,49.51473940210621,87.37230517351145,49.484517143505414,87.37535763991153,3.263401580966274e-06,-6.329530123139193e-06,-3.6102908248694376,-81.05826681623034,-82.48881238735763,-0.06173976635581267,-0.0021170771121484847,0.03172699923601385
1.1376,0.6863933397729984,0.08732047553893453,0.2529247442237783,-0.4093460261237101,0.25287433211632404,-0.40929837755024084,0.6864690324372328,0.08744653164051272,0.43353164793506443,0.4967057054266991,-1.2640278390041448e-05,-8.685233752374344e-05,-6.305238584430883e-05,-3.920376405446013e-05,0.9393307242751667,-0.32193869824725185,99.60021362599485,175.01871825851742,49.770200050836934,87.5126163328317,49.83001041995112,87.50610818410479,49.80010523539403,87.50936225846824,3.1552067980555876e-06,-6.258419062987741e-06,-3.6184408206704473,-81.13334172640741,-82.58648366202738,-0.0612892781395995,-0.0020639937915555543,0.03141212091389889
1.1384,0.6868588838935615,0.08632686641838463,0.2524087072596859,-0.4086585099452465,0.2523586727177563,-0.40861074459314284,0.6869340608590313,0.08645128039403989,0.4345127823875753,0.49502370067540696,-1.2571211770118218e-05,-8.6089663879442e-05,-6.26057536996516e-05,-3.832431177578505e-05,0.9392801623650175,-0.32224555386298237,100.2347491596507,175.28415045582506,50.08778848428287,87.64553137359916,50.14695762704281,87.6386252681134,50.11737305566284,87.64207832085629,3.048325027066312e-06,-6.185887514220667e-06,-3.626605761057105,-81.2093478080798,-82.68553610904603,-0.060837006530166375,-0.0020111954910079547,0.031095227704639683
1.1392,0.6873203314824069,0.08533265671695589,0.25189664610026125,-0.40797107244862685,0.25184699146888156,-0.4079231948533917,0.6873949783283264,0.08545542938758655,0.4354858361207953,0.4933411767032805,-1.2496107269888146e-05,-8.532513293291188e-05,-6.215073864956899e-05,-3.744753769774345e-05,0.9392294736899381,-0.32255309059873805,100.87264646410576,175.54696430134078,50.40706129314694,87.77713458009104,50.46558222817288,87.76983583323661,50.43632176065991,87.77348520666382,2.942785940263093e-06,-6.111986863288621e-06,-3.634785749066628,-81.28629606912328,-82.78598952374563,-0.06038304383149916,-0.001958683764631072,0.030776378813044403
1.1400000000000001,0.6877776855826309,0.08433786085421038,0.2513885478567101,-0.4072837227359893,0.2513392754027702,-0.4072357374290774,0.6878517880525326,0.08445899319578234,0.43645082518784156,0.49165815710752975,-1.2415007980881576e-05,-8.455882424189543e-05,-6.168746192081187e-05,-3.6573517330038e-05,0.9391786484473218,-0.32286130305753696,101.5139074697758,175.8071181829893,50.728019393982265,87.90740511862415,50.785885237175286,87.89971910113361,50.75695231557877,87.90356210987889,2.8386182577833097e-06,-6.036768468220544e-06,-3.642980888291372,-81.36419781827455,-82.88786420402893,-0.05992748129698934,-0.001906460087681152,0.030455632916840614
1.1408,0.6882309492960443,0.08334249318639923,0.2508843997212094,-0.406596469803769,0.25083551163408135,-0.40654838131183885,0.6883044932979776,0.08346198632745058,0.43740776561936556,0.4899746653147289,-1.2327957402635814e-05,-8.379081649075026e-05,-6.121604453068752e-05,-3.570232456058531e-05,0.9391276769746564,-0.323170185800879,102.1585337162023,176.06457011828627,51.05066350771284,88.03632197075423,51.10786747264018,88.02825410781658,51.07926549017651,88.0322880392854,2.73584927867887e-06,-5.960284539696659e-06,-3.6511912828808013,-81.44306467292009,-82.99118095425995,-0.05947040913175006,-0.0018545258574143256,0.03013304816664686
1.1416,0.6886801257823962,0.08234656800627217,0.2503841889670097,-0.4059093225441026,0.2503356873591693,-0.40586113538827695,0.6887530973891003,0.08246442322542817,0.43835667342265877,0.4882907245820399,-1.2234999431814941e-05,-8.302118749083792e-05,-6.0736607272238174e-05,-3.48340316651749e-05,0.9390765497488378,-0.32347973335033964,102.80652634339368,176.3192777552668,51.37499415530873,88.16386393374276,51.43152955357937,88.15541970411181,51.40326185444405,88.15964181892728,2.6345055914589466e-06,-5.88258777156625e-06,-3.6594170375435398,-81.52290856673189,-83.09596108826476,-0.059011916495056424,-0.0018028823939034776,0.029808682185631596
1.1424,0.6891252182585942,0.08135009954289543,0.2498879029485298,-0.4052222897462192,0.24983978985617686,-0.4051740084413571,0.6891976037076445,0.08146631826639274,0.439297564580766,0.4866063579984322,-1.2136178348665094e-05,-8.225001417972583e-05,-6.024927070163999e-05,-3.3968709317606927e-05,0.9390252573854727,-0.3237899401891441,103.45788608307139,176.57119837355197,51.70101165341376,88.29000962109316,51.75687189504532,88.28119455618967,51.72894177422954,88.28560208864141,2.5346123067038207e-06,-5.803730857678602e-06,-3.667658257549512,-81.60374175764065,-83.20222643073461,-0.05855209150291158,-0.0017515309408839886,0.029482592069513203
1.1432,0.6895662299979284,0.08035310196148486,0.24939552910144527,-0.40453538009782375,0.2493478064851265,-0.404487009151804,0.6896380156918566,0.08046768576070396,0.44023045505160663,0.48492158848590833,-1.20315388047465e-05,-8.147737261940402e-05,-5.975415512343707e-05,-3.310642659967722e-05,0.9389737906381783,-0.32410080076371944,104.11261324981857,176.82028888555732,52.028716109924574,88.4147374631583,52.08389470370052,88.40555714616643,52.05630540681255,88.41014730466236,2.4361934691796705e-06,-5.7237674013776996e-06,-3.6759150487321057,-81.68557683607006,-83.30999931730388,-0.05809102123069154,-0.0017004726665656505,0.02915483438638944
1.1440000000000001,0.6900031643292963,0.07935558936323378,0.24890705494276313,-0.40384860218646734,0.24885972468799608,-0.40380014609948195,0.6900743368356853,0.07946853995224364,0.4411553607671112,0.4832364388007134,-1.1921125810998578e-05,-8.070333799762436e-05,-5.925138057799595e-05,-3.224725101223097e-05,0.9389221403978705,-0.3244123094852359,104.77070773214095,177.06650583785003,52.35810741952546,88.53802570782138,52.41259797334337,88.52848577277986,52.38535269643441,88.53325574030062,2.339272128892844e-06,-5.642751204959495e-06,-3.684187517490476,-81.76842673301395,-83.41930259250164,-0.05762879171590619,-0.0016497086645293954,0.028825465176453235
1.1448,0.6904360246364266,0.07835757578516181,0.24842246807089305,-0.4031619645009088,0.24837553198878926,-0.40311342776476783,0.6905065706879786,0.07846889501827332,0.44207229763236144,0.4815509315345559,-1.18049847240842e-05,-7.9927984626256e-05,-5.8741066827905364e-05,-3.139124848528657e-05,0.9388702976920438,-0.32472446073112077,105.43216898343016,177.30980541265393,52.68918525917461,88.65985242125127,52.742981480385616,88.6499585521391,52.71608336978011,88.65490548669518,2.2438699431859277e-06,-5.560736440202163e-06,-3.6924757707918463,-81.85230472860746,-83.53015960575564,-0.05716548796109652,-0.001599239954596948,0.02849453995244744
1.1456,0.6908648143571057,0.07735907519996377,0.2479417561657055,-0.4024754754324661,0.24789521599359718,-0.4024268625299119,0.6909347208516856,0.0774687650692942,0.4429812815247443,0.479865089115818,-1.1683161235842565e-05,-7.91513859423193e-05,-5.822333334409846e-05,-3.053848338811782e-05,0.9388182536840469,-0.32503724884656,106.09699601283957,177.55014342951026,53.021949083547014,88.78019548873537,53.07504477928494,88.76995341855226,53.048496931415976,88.77507445364381,2.150007617274241e-06,-5.477777364149006e-06,-3.700779916173924,-81.93722446052038,-83.64259420498387,-0.05670119393679475,-0.0015490674836502597,0.028162113698954272
1.1464,0.6912895369824049,0.0763601015158684,0.24746490698858625,-0.4017891432763573,0.24741876439065044,-0.4017404586803889,0.6913587909830576,0.07646816414891586,0.4438823282931129,0.4781789338107652,-1.155570135846773e-05,-7.837361450792335e-05,-5.7698299294250965e-05,-2.9689018539516554e-05,0.9387659996723496,-0.32535066814598096,106.76518737606997,177.78747534709532,53.35639812043187,88.89903261559189,53.408787197933506,88.88844812543228,53.38259265918269,88.89374037051209,2.0577045916070347e-06,-5.393928859120933e-06,-3.709100061747379,-82.02319993266512,-83.7566307270823,-0.05623599258459172,-0.0014991921264344795,0.02782824087310587
1.1472,0.6917101960559076,0.07536066857650699,0.24699190838247856,-0.4011029762330309,0.24694616495036492,-0.40105422440624017,0.6917787847908518,0.0754671062337371,0.44477545375695793,0.47649248772475755,-1.142265141529375e-05,-7.759474201041866e-05,-5.71660835289034e-05,-2.884291521971366e-05,0.9387135270898013,-0.3256647129145135,107.43674116606577,178.0217562652004,53.69253136608506,89.01634132816118,53.744207833001724,89.00542024628515,53.718369599543394,89.01088078722316,1.9669789850240704e-06,-5.309245921125694e-06,-3.7174363161983703,-82.11024552391345,-83.8722939853092,-0.05576996582032278,-0.0014496146865952337,0.02749297540432849
1.1480000000000001,0.6921267951729396,0.07436079016078578,0.2465227482719201,-0.40041698240948626,0.24647740552537714,-0.4003681678034034,0.6921947060355351,0.07446560523322812,0.44566067370558876,0.47480577280345176,-1.1284058026250765e-05,-7.681483926259836e-05,-5.662680456924862e-05,-2.8000233179739653e-05,0.938660827502886,-0.3259793774094379,108.11165500362763,178.2529409268775,54.03034758054045,89.132098974882,54.08130554523921,89.12084717577942,54.055826562889834,89.12647307533071,1.8778479642378443e-06,-5.223783915653257e-06,-3.7257887887911725,-82.19837599699282,-83.98960925288362,-0.05530319453731638,-0.001400335897381157,0.027156370694541465
1.1488,0.6925393379797974,0.07336047998277058,0.24605741466307177,-0.399731169820586,0.24601247405057441,-0.39968229687503454,0.6926065585284903,0.0734636749896268,0.4465380038973208,0.4731188108340089,-1.1139968097817476e-05,-7.603397620384311e-05,-5.6080580595085916e-05,-2.7161030652395057e-05,0.9386078926109669,-0.3262946558616116,108.78992602793707,178.48098372075395,54.36984528287658,89.24628272745096,54.42007895473307,89.23470613090117,54.39496211880483,89.24049442917607,1.7903274169839278e-06,-5.137598179771885e-06,-3.7341575893708496,-82.28760650728466,-84.10860224215352,-0.054835758609772106,-0.0013513564225942358,0.026818479618725632
1.1496,0.6929478281729837,0.0723597516915742,0.24559589564373693,-0.3990455463903548,0.2455513585431145,-0.3989966195328169,0.6930143461312246,0.07246132927783847,0.44740746005867843,0.4714316234462922,-1.0990428809198871e-05,-7.525222190106484e-05,-5.5527529431664835e-05,-2.632536436318611e-05,0.9385547142455298,-0.3266105424768795,109.47155088700136,178.70583868352227,54.71102274644437,89.35886958206993,54.76052643612512,89.3469741521968,54.735774591284745,89.35292186713336,1.70443186675584e-06,-5.05074444845377e-06,-3.742542828365998,-82.37795261175313,-84.22929907896702,-0.054367736896176425,-0.001302676857430133,0.026479354524553855
1.1504,0.6933522694984372,0.07135861887125679,0.24513817938337515,-0.39836011995327186,0.24509404710243995,-0.3983111435982642,0.6934180727545766,0.07145858180534703,0.44826905788359933,0.4697442321140699,-1.083548760211217e-05,-7.446964454896343e-05,-5.4967768537250716e-05,-2.549328954129515e-05,0.9385012843694145,-0.32692703143746615,110.15652572801446,178.92745950260598,55.0538779940518,89.46983636078116,55.10264611378773,89.45762810510337,55.078262053919765,89.46373223294226,1.620174927552398e-06,-4.9632785419362335e-06,-3.7509446167915765,-82.46943027791205,-84.35172627131018,-0.05389920724286456,-0.0012542977293917507,0.02613904723284577
1.1512,0.6937526657507677,0.07035709504073001,0.24468425413310826,-0.39767489825555236,0.24464052791028368,-0.39762587680401096,0.6938177423579287,0.070455446212132,0.4491228130326522,0.4680566581562126,-1.067519216824131e-05,-7.368631147169208e-05,-5.44014149927996e-05,-2.466485993029427e-05,0.938447595076044,-0.3272441169033507,110.84484618764016,179.1457995190079,55.39840879311018,89.57915971289391,55.44643585696113,89.56664468137032,55.422422325035654,89.57290219713212,1.5375688491303663e-06,-4.875256337300016e-06,-3.7593630662517703,-82.56205589265554,-84.4759106712267,-0.05343024648763393,-0.001206219499146785,0.025797609038448854
1.152,0.6941490207724937,0.06935519365367013,0.2442341082257183,-0.3969898889564188,0.24419078923066784,-0.396940826795093,0.6942133589484195,0.06945193607059293,0.44996874113226354,0.46636892273788744,-1.0509590437635108e-05,-7.290228912430058e-05,-5.382858548813596e-05,-2.38401277985259e-05,0.9383936385886498,-0.32756179301362437,111.53650738221887,179.36081173034472,55.74461265074301,89.68681611650435,55.79189327485136,89.6740004005746,55.768252962797185,89.68040825853947,1.456624502793602e-06,-4.7867342232166266e-06,-3.767798288942963,-82.65584627103637,-84.60187942982796,-0.05296093046342248,-0.0011584425613572528,0.025455090709840533
1.1528,0.6945413384532794,0.06835292809843702,0.24378773007563784,-0.39630509962936195,0.24374481940989465,-0.3962560011302202,0.6946049265801583,0.06844806488548222,0.4508068577739526,0.4646810468717507,-1.0338730567882592e-05,-7.211764309347779e-05,-5.3249396311016994e-05,-2.3019143951724663e-05,0.9383394072594851,-0.3278800538878315,112.23150389789956,179.57244879407128,56.092486808855625,89.79278188010856,56.13901571169198,89.77967161173059,56.115751260273804,89.78622674591958,1.3773519498272435e-06,-4.69776787781484e-06,-3.7762503976567574,-82.75081866500605,-84.72965994338354,-0.05249133400212326,-0.0011109672456999155,0.025111542489895555
1.1536,0.6949296227291725,0.06735031169800561,0.24334510817893648,-0.3956205377633959,0.24330260687653146,-0.3955714072830383,0.6949924493534402,0.06744384609384678,0.4516371785135723,0.4629930514191433,-1.0162660931345435e-05,-7.133243809939044e-05,-5.266396333636347e-05,-2.2201957741795064e-05,0.9382848935690402,-0.3281988936272909,112.9298297806972,179.78066303089773,56.44202823916963,89.89703314431544,56.487800241767786,89.88363449499617,56.46491424046871,89.89033381965581,1.2997597877983935e-06,-4.6084138887181325e-06,-3.784719505783057,-82.8469907718992,-84.85927979001006,-0.052021530938419595,-0.0010637938175548662,0.024767014096681805
1.1544,0.6953138775818473,0.06634735770989789,0.2429062311132964,-0.3949362107642992,0.2428641401413876,-0.394887052643381,0.6953759314139661,0.06643929306497523,0.4524597188705647,0.4613049570912766,-9.981430105054923e-06,-7.054673799779254e-05,-5.2072402013825236e-05,-2.1388617079579064e-05,0.9382300901252487,-0.32851830631640355,113.6314785264837,179.9854064284068,56.79323363822254,89.99954588365595,56.83824366440576,89.98586506347925,56.81573865131415,89.99270547356761,1.223855406351504e-06,-4.518728417224338e-06,-3.7932057273132243,-82.94438074261262,-84.99076665541189,-0.05155159411372466,-0.0010169224790084698,0.024421554723687677
1.1552,0.6956941070378466,0.0653440793261272,0.24247108753798338,-0.39425212595584935,0.2424294077974857,-0.39420294451851334,0.6957553769520616,0.06543441910035427,0.45327449432721956,0.4596167844504221,-9.795086858610524e-06,-6.976060578155197e-05,-5.14748273563459e-05,-2.0579168445541973e-05,0.9381749896626888,-0.3288382860239406,114.33644307090923,180.18663064487217,57.146099422333805,90.10029590849426,57.190342498930434,90.08633916514546,57.16822096063212,90.09331753681985,1.1496449872083758e-06,-4.428767539366163e-06,-3.8017091768433096,-83.0430071895863,-85.12414824616813,-0.05108159538020126,-0.0009703533697646141,0.02407521303990734
1.156,0.696070315167826,0.06434048967314915,0.2420396661938112,-0.39356829058104675,0.2419983985200248,-0.3935190901343651,0.6961307902018995,0.06442923743363195,0.45408152032794474,0.45792855391109644,-9.603680143521753e-06,-6.89741035822325e-05,-5.087135392994879e-05,-1.977365690056937e-05,0.9381195850417807,-0.3291588268043154,115.04471577926019,180.3842870132834,57.50062172253804,90.19925886704353,57.54409297958854,90.18503248482752,57.52235735106329,90.19214567593552,1.0771336036441426e-06,-4.338587643815117e-06,-3.810229969577345,-83.14288919437303,-85.259452188669,-0.0506116056048379,-0.0009240865678958056,0.023728037191546036
1.1568,0.6964425060858006,0.06333660181181787,0.24161195590309917,-0.3928847118033306,0.24157110106633867,-0.3928354966367552,0.6965021754407252,0.06342376123058838,0.45488081227854404,0.45624028574124603,-9.407259082050423e-06,-6.818729267295265e-05,-5.0262095842579235e-05,-1.8972126097541175e-05,0.9380638692479818,-0.3294799226988398,115.75628843625502,180.57832654558237,57.85679637948823,90.296410247485,57.89949105044185,90.28192054634198,57.87814371496504,90.28916539691349,1.0063249362701754e-06,-4.248244607651941e-06,-3.818768221330701,-83.24404631458137,-85.39670591202507,-0.05014169467358575,-0.0008781220908304914,0.023380074801821138
1.1576,0.6968106839483932,0.06233242873735149,0.24118794556962306,-0.39220139670778464,0.2411475042758463,-0.39215217109260747,0.6968695369880824,0.062418003589114375,0.4556723855455031,0.454552000063429,-9.20587295621944e-06,-6.74002334700198e-05,-4.964716673300229e-05,-1.817461829284675e-05,0.9380078353909724,-0.3298015677369631,116.47115223578179,180.76869993711327,58.21461893832884,90.3917253801957,58.256532360231304,90.37697871471241,58.23557564928007,90.38435204745406,9.37221642516306e-07,-4.1577948479698534e-06,-3.827324048533513,-83.3464985903767,-85.5359365126673,-0.049671931495594214,-0.0008324598962130146,0.02303137297215585
1.1584,0.6971748529540855,0.061327983379303695,0.2407676241785601,-0.39151835230233334,0.2407275970699965,-0.3914691204911547,0.6972328792050422,0.0614119775391971,0.45645625545528556,0.4528637168559944,-8.999571196488532e-06,-6.661298553604575e-05,-4.902667976014463e-05,-1.738117435738304e-05,0.9379514767038422,-0.3301237559374936,117.1892977705809,180.95535757129346,58.57408464354269,90.4851794400851,58.61521225721316,90.47018219850239,58.594648450377925,90.47768081929374,8.69825043992023e-07,-4.0672940144759195e-06,-3.83589756823419,-83.450266550091,-85.67717059811554,-0.04920238400748436,-0.0007870998827654409,0.022681978282548698
1.1592,0.6975350173424694,0.06032327860154471,0.2403509807964282,-0.3908355855189313,0.2403113684522072,-0.3907863517451372,0.6975922064934343,0.06040569604291304,0.45723243729363416,0.4511754559542631,-8.788403371984277e-06,-6.582560758124079e-05,-4.840074759299151e-05,-1.6591833787119037e-05,0.9378947865422695,-0.3304464813098054,117.91071502187404,181.13824952450574,58.93518843376998,90.57674744904408,58.97552578396883,90.56150605225967,58.95535710886941,90.56912675065188,8.041352259624546e-07,-3.976798012672589e-06,-3.844488898102962,-83.55537121518061,-85.82043410707071,-0.048733119177699055,-0.0007420418911261807,0.02233193679282408
1.16,0.6978911813935026,0.05931832720224509,0.23993800457101783,-0.3901531032147407,0.23989880750779685,-0.39010387169198985,0.6979475232950813,0.05939917199442894,0.4580009463048846,0.4494872370517023,-8.57241917878726e-06,-6.503815746735503e-05,-4.77694823998176e-05,-1.5806634716473977e-05,0.9378377583836992,-0.3307697378550283,118.6353933489468,181.31732557121973,59.29792493660425,90.66640427850649,59.337467672191266,90.65092517907564,59.31769630439776,90.65866472879107,7.401512931437537e-07,-3.886362407001798e-06,-3.8530981564355127,-83.66183410386527,-85.96575210266397,-0.0482642030109088,-0.0006972857048380369,0.021981294043172284
1.1608,0.6982433494267647,0.05831314191387084,0.23952868473131947,-0.389470912173302,0.2394899034039114,-0.3894216870950202,0.6982988340910333,0.05839241822000849,0.45876179769128356,0.4477990797011007,-8.35166843027313e-06,-6.425069220973925e-05,-4.71329958383615e-05,-1.50256139279277e-05,0.9377803858265146,-0.3310935195672214,119.36332147868472,181.49253518934347,59.6622884633658,90.75412465212754,59.70103233744803,90.7384143332587,59.68166040040691,90.74626949269313,6.778709007448924e-07,-3.796042790327192e-06,-3.861725462156696,-83.76967723376873,-86.11314853539145,-0.047795700552483014,-0.000652831051122096,0.02163009505517266
1.1616,0.6985915258007165,0.057307735403185414,0.23912301058744578,-0.3887890191056963,0.23908464538944557,-0.38873980464457997,0.6986461434008083,0.057385447478029525,0.4595150066123167,0.4461110033157456,-8.126201045788317e-06,-6.3463267980228e-05,-4.6491399046055815e-05,-1.4248806863896568e-05,0.9377226625892081,-0.33141782043453066,120.09448749506713,181.66382756581214,60.02827300385326,90.83988314857991,60.06621387392334,90.82394812312658,60.0472434388883,90.83191563585325,6.172905244739013e-07,-3.7058943576084857e-06,-3.8703709348242645,-83.87892312307466,-86.26264597148398,-0.04732767589300587,-0.0006086776017624716,0.02127838433307261
1.1624,0.6989357149119612,0.05630212027125387,0.23872097153054386,-0.3881074306516953,0.23868302279495618,-0.3880582309592238,0.698989455781632,0.05637827245900276,0.4602605881840466,0.44442302717058785,-7.896067041601729e-06,-6.26759401101823e-05,-4.584480262920243e-05,-1.3476247638713468e-05,0.9376645825095467,-0.33174263444033125,120.8288788286278,181.83115160241644,60.395872221078875,90.92365420446897,60.43300604914317,90.9075010139193,60.414439135111024,90.91557760919414,5.58405744754964e-07,-3.6159718490580417e-06,-3.879034694632741,-83.98959478997409,-86.4142652824774,-0.04686019217287251,-0.0005648249740295662,0.020926205864128633
1.1632,0.6992759211945081,0.055296309053460745,0.23832255703270883,-0.38742615338090786,0.23828502503257343,-0.3873769725868642,0.6993287758276809,0.055370905785605176,0.4609985574784534,0.442735170403419,-7.661316518747796e-06,-6.188876309404928e-05,-4.5193316654090765e-05,-1.2707969050403112e-05,0.9376061395437356,-0.33206795556435303,121.56648224587585,181.99445592187368,60.76507944598413,91.0054121173709,60.80140229868123,90.9890473308331,60.783240872332684,90.997229724102,5.012104793422623e-07,-3.5263303175270266e-06,-3.8877168624172906,-84.10171575017714,-86.56802529037674,-0.04639331158691276,-0.0005212727315386643,0.02057360312022638
1.164,0.6996121491190387,0.05429031421952957,0.23792775664688512,-0.3867451937939139,0.2378906415959029,-0.3866960360059133,0.6996641081693306,0.05436336001271197,0.4617289295227906,0.44104745201603435,-7.421999654810829e-06,-6.110179059151677e-05,-4.453705063706126e-05,-1.1944002590885683e-05,0.9375473277655786,-0.33239377778379287,122.30728383869398,182.15368887415008,61.13588767214372,91.08513104899497,61.17139572085245,91.06856126217892,61.153641696498084,91.07684615558694,4.456978075495499e-07,-3.4370237926850677e-06,-3.896417559657703,-84.21531001232427,-86.72394236323396,-0.04592709538907537,-0.00047802038505060794,0.020220619058761713
1.1648,0.6999444031921752,0.05328414817355222,0.23753656000676696,-0.3860645583233913,0.23749986205992493,-0.38601542762641805,0.6999954574724034,0.0533556476274437,0.4624517192989434,0.4393598908754026,-7.178166693100341e-06,-6.031507543238085e-05,-4.3876113535123995e-05,-1.118437845911563e-05,0.9374881413656353,-0.3327200950744067,123.05126901370753,182.3087985430329,61.50828955045498,91.16278502847166,61.542979071392956,91.14601686266788,61.52563431092397,91.15440094556976,3.918595865570751e-07,-3.348106616840596e-06,-3.9051369084824095,-84.33040207049663,-86.88202995421135,-0.04546160389717807,-0.0004350673934190063,0.01986729612383442
1.1656,0.7002726879557508,0.052277823254024615,0.23714895682669185,-0.38538425333523485,0.2371126760808869,-0.38533515379118793,0.7003228284374202,0.052347781049214476,0.46316694174279616,0.4376725057148309,-6.9298679322704615e-06,-5.952866961837777e-05,-4.321061373718793e-05,-1.042912557146225e-05,0.9374285746503748,-0.3330469014115918,123.79842248163474,182.45973275295964,61.882277383818355,91.23834795576879,61.91614475813002,91.22138805682332,61.89921107097419,91.22986800629604,3.396863661464522e-07,-3.259632450181016e-06,-3.9138750316726068,-84.44701689416985,-87.04229807721559,-0.04499689649769233,-0.00039241316438116193,0.019513676247584044
1.1664,0.7005970079860849,0.05127135173388712,0.2367649369015287,-0.3847042851296655,0.2367290733961917,-0.3846552207769118,0.7006462257988556,0.05133977262978916,0.4638746117436101,0.4359853151351268,-6.677153716883044e-06,-5.874262432786076e-05,-4.254065905379134e-05,-9.67827157415807e-06,0.9373686220413304,-0.3333741907714505,124.54872824662284,182.6064390761091,62.25784312181035,91.3117936052382,62.290884835644775,91.29464864252544,62.274363978727564,91.30322112388183,2.891677155503203e-07,-3.1716545549898e-06,-3.9226320526664082,-84.56517991433863,-87.2047527112643,-0.04453303165055579,-0.00035005705547720906,0.019159800851014097
1.1672,0.7009173678932572,0.050264745820575635,0.23638449010656093,-0.38402465994233276,0.23634904382428026,-0.38397563479526864,0.7009656543243954,0.05033163465335,0.4645747441434057,0.43429833760576353,-6.420074428747924e-06,-5.795698991922782e-05,-4.186635670944128e-05,-8.93184285510884e-06,0.9373082780742469,-0.33370195713183787,125.30216959557035,182.748864839755,62.634978355349645,91.38309562929477,62.66719099992882,91.36577229468617,62.65108467763923,91.37443396199046,2.4029188239182986e-07,-3.0842259377550363e-06,-3.9314080955630786,-84.68491700587452,-87.36939512409357,-0.04407006689407988,-0.00030799837487276166,0.01880571084589633
1.168,0.701233772320388,0.04925801765607486,0.23600760639736557,-0.383345383945408,0.2359725772645085,-0.3832964019940284,0.7012811188141957,0.04932337933656408,0.46526735373635486,0.43261159146603767,-6.158680475321088e-06,-5.717181593441201e-05,-4.1187813332455026e-05,-8.18986455482229e-06,0.937247537398229,-0.33403019447339877,126.05872908744728,182.88695713388924,63.01367431136276,91.452227562229,63.04505458303858,91.43473256905932,63.02936444720067,91.44348006564417,1.930459347931901e-07,-2.9973990933740424e-06,-3.9402032851273465,-84.80625446542261,-87.53622110619301,-0.04360805884985469,-0.00026623638221430176,0.018451446635424418
1.1688,0.7015462259429196,0.04825117931698165,0.23563427580968593,-0.38266646324866893,0.23559966369702032,-0.3826175284581443,0.7015926241001486,0.04831501882866275,0.46595245526818097,0.43092509492622877,-5.893022281655558e-06,-5.638715110287823e-05,-4.050513494729957e-05,-7.452360578232009e-06,0.9371863947748873,-0.3343588967805844,126.81838854261335,183.02066281911766,63.39392184744782,91.51916282415684,63.424466547749404,91.50150290618677,63.40919419759861,91.5103328651718,1.474161308578914e-07,-2.911225948309948e-06,-3.9490177467937784,-84.92921898400718,-87.7052201035018,-0.04314706322771756,-0.00022477028944883714,0.01809704811611823
1.1696,0.7018547334678992,0.04724424281457426,0.2352644884593011,-0.38198790390057824,0.23523029318261632,-0.3819390202108408,0.7019001750451468,0.04730656521152718,0.4666300634355643,0.42923886606876027,-5.6231502814640955e-06,-5.5603043345162084e-05,-3.981842696620941e-05,-6.719353607728684e-06,0.9371248450774816,-0.3346880580426588,127.58112903213917,183.1499285348308,63.77571144654033,91.58387472510617,63.80541748221161,91.56605663548264,63.79056446437597,91.57496568029441,1.0338723654967907e-07,-2.82575803112195e-06,-3.9578516066711877,-85.05383761382163,-87.87637423768153,-0.04268713483075525,-0.0001835992617399459,0.01774255467933017
1.1703999999999999,0.7021592996332681,0.04623722009488693,0.23489823454188877,-0.3813097118893522,0.23486445586261523,-0.38126088321468704,0.7022037765423533,0.0462980304997781,0.4673001928855587,0.42755292284935215,-5.349114905850438e-06,-5.4819539778178106e-05,-3.9127794179416586e-05,-5.990865113020272e-06,0.9370628832900627,-0.3350176722546871,128.34693086714208,183.27470070765645,64.15903321158689,91.64633646924469,64.18789759461211,91.62836697945824,64.1734654030995,91.63735172435146,6.094307991588721e-08,-2.741046472465314e-06,-3.966704991547175,-85.18013772804024,-88.0496572016684,-0.04222832756034815,-0.0001427224182352635,0.017388005211927293
1.1712,0.7024599292071502,0.04523012303879073,0.23453550433288547,-0.38063189314402135,0.2345021419587134,-0.38058312337266775,0.7025034335144744,0.04528942664087322,0.4679628582150128,0.4258672830981765,-5.07096657609285e-06,-5.403668671805778e-05,-3.84333407481563e-05,-5.266915364461611e-06,0.9370005045066118,-0.3353477334185126,129.11577358813537,183.3949255601941,64.54387686022443,91.70652115924845,64.57189670784463,91.68840705808746,64.55788678403454,91.69746410866796,2.0066295292053837e-08,-2.657141806139407e-06,-3.975578028892686,-85.30814697324439,-88.22503301586653,-0.04177069442125449,-0.0001021388329342156,0.0170334380986219
1.172,0.7027566269871448,0.04422296346208511,0.23417628818734104,-0.3799544535354854,0.23414334177283863,-0.3799057465292449,0.7027991509130346,0.044280765515213746,0.4686180739699999,0.4241819645210146,-4.788755693707625e-06,-5.325452968456962e-05,-3.773517019606265e-05,-4.547523444080326e-06,0.9369377039301796,-0.33567823554371573,129.88763595439903,183.51054912003815,64.9302317194711,91.76440180081468,64.95740425418937,91.74614989331738,64.94381798683023,91.75527584706603,-1.9261420902694226e-08,-2.5740939122442796e-06,-3.9844708468666385,-85.43789321287504,-88.40245463186264,-0.041314287526728305,-6.184753552773936e-05,0.016678891223136816
1.1728,0.7030493977996238,0.04321575311558823,0.23382057653976812,-0.37927739887755774,0.2337880456869985,-0.3792287584714086,0.7030909337176572,0.04327205893625196,0.46926585464525716,0.42249698470040326,-4.502532631844858e-06,-5.2473113406444755e-05,-3.7033385401508134e-05,-3.832707257286211e-06,0.9368744768720239,-0.33600917264856306,130.66249593338253,183.62151722909167,65.318086720433,91.81995130732035,65.34440927000922,91.80156841372346,65.3312479952211,91.8107598605219,-5.705967964786396e-08,-2.491952130867503e-06,-3.9933835743206525,-85.56940446050751,-88.58186236824515,-0.04085915810365488,-2.1847512182028197e-05,0.016324401969853852
1.1736,0.7033382464990282,0.042208503685242565,0.23346835990398934,-0.3786007349280039,0.23343624416312653,-0.3785521649297249,0.7033787869353444,0.042263318650612565,0.46990621468362836,0.420812361096792,-4.212347726684218e-06,-5.1692481824492514e-05,-3.6328088589498986e-05,-3.122483545479199e-06,0.9368108187507442,-0.3363405387609368,131.44033069013668,183.72777555317404,65.70743039302525,91.87314250462694,65.73290039046053,91.85463545931235,65.72016539174288,91.86388898196964,-9.33490866827924e-08,-2.4107652336624597e-06,-4.002316340803802,-85.70270880208552,-88.76318216389234,-0.040405356497756305,1.786229358615512e-05,0.01597000722566122
1.1743999999999999,0.7036231779671719,0.04120122679221843,0.23311962887297732,-0.3779244673895712,0.23308792774292128,-0.37787597157937186,0.7036627155997638,0.0412545563382123,0.4705391684755185,0.4191281110496869,-3.918251267942541e-06,-5.0912678096599884e-05,-3.561938132395914e-05,-2.416867897266084e-06,0.9367467250914172,-0.33667232791925616,132.22111657679196,183.82926959192733,66.09825086071669,91.92394813603497,66.12286584422645,91.90532378647393,66.11055835247157,91.91463596125445,-1.281511856632278e-07,-2.3305815659568907e-06,-4.011269276567489,-85.83783430489834,-88.94632363397433,-0.03995293217879087,5.7282980117141586e-05,0.015615743381204084
1.1752,0.7039041971125461,0.04019393399302944,0.23277437411869306,-0.37724860191101234,0.23274308704768365,-0.37720018404116984,0.7039427247705377,0.04024578361239328,0.47116473035835355,0.41744425177880246,-3.6202934910467555e-06,-5.0133744603164665e-05,-3.490736450045828e-05,-1.7158747606660363e-06,0.9366821915247302,-0.3370045341733797,133.0048291220802,183.92594468902385,66.49053583529604,91.97234086738861,66.51429344827274,91.95360607308332,66.50241464178438,91.96297347023597,-1.6148857184816734e-07,-2.251448080414775e-06,-4.020242512570325,-85.9748089117001,-89.1311779149435,-0.03950193374580586,9.641568678327362e-05,0.015261646332845658
1.176,0.7041813088696265,0.039186636779653936,0.23243258639191905,-0.37657314408810066,0.2324017127781489,-0.3765248078826046,0.7042188195325335,0.039237012020058415,0.47178291461604605,0.4157608003852088,-3.318524568474146e-06,-4.935572295025614e-05,-3.419213833860679e-05,-1.0195174542093621e-06,0.936617213786114,-0.3373371515854965,133.79144302091174,184.01774604267646,66.88427261166628,92.01829329233307,66.90717060263061,91.99945492375531,66.89572160714845,92.00887410804418,-1.9338514789524197e-07,-2.1734119002303487e-06,-4.029236180483124,-86.11366031845492,-89.3176152870337,-0.03905240893240696,0.00013526159325258125,0.014907751484457776
1.1768,0.7044545181981854,0.03817934657965794,0.232094256522087,-0.37589809946463676,0.23206379571431338,-0.3758498486188415,0.7044910049951613,0.03822825304181362,0.47239373547847313,0.4140777738524749,-3.012994601092611e-06,-4.85786539754611e-05,-3.347380237478381e-05,-3.2780818022201674e-07,0.9365517877148735,-0.3376701742310033,134.58093212401593,184.1046187164592,67.27944806266966,92.06177793772477,67.3014842852119,92.0428428752535,67.29046617394079,92.05231040648914,-2.2386564069165615e-07,-2.0965190685728885e-06,-4.038250412693943,-86.25441583257472,-89.50548256553027,-0.03860440461206637,0.00017382191855481338,0.014554093749126196
1.1776,0.7047238300826054,0.037172074756329825,0.2317593754171045,-0.37522347353345004,0.23172932671526028,-0.3751753117137337,0.7047592862916712,0.0372195180921173,0.4729972071209559,0.41239518904781547,-2.7037536107776816e-06,-4.780257775190491e-05,-3.275245545497629e-05,3.592419644364575e-07,0.9364859092533206,-0.33800359619936826,135.37326942764707,184.18650765043546,67.67604863394686,92.10276726919724,67.69722104665595,92.08374240205312,67.68663484030141,92.09325483562517,-2.5295574346273497e-07,-2.0208148896472267e-06,-4.047285342313209,-86.39710220981762,-89.69460025716714,-0.03815796680344316,0.0002120979203943741,0.014200707550912739
1.1784,0.7049892495311979,0.03616483260881749,0.23142793406317522,-0.37454927173739144,0.23139829671897794,-0.3745012025808216,0.7050236685784574,0.036210818519435556,0.4735933436637511,0.410713062723233,-2.3908515311421574e-06,-4.702753359396572e-05,-3.2028195728395215e-05,1.0416229758863915e-06,0.9364195744459042,-0.33833741159498004,136.16842706336868,184.26335767260187,68.07406033883414,92.1412336968839,68.09436700521651,92.12212592206178,68.08421367202533,92.13167980947284,-2.80681973663377e-07,-1.9463438150069123e-06,-4.056341103178897,-86.54174546635558,-89.8847594844928,-0.037713140675737236,0.00025009089431286363,0.013847626826873238
1.1792,0.7052507815755235,0.03515763137227269,0.23109992352461614,-0.3738754994703189,0.23107069674217617,-0.37382752658432533,0.7052841570343629,0.03520216560640236,0.474182159171547,0.4090314115166596,-2.074338199709036e-06,-4.625356006162165e-05,-3.130112063970403e-05,1.7193259319418785e-06,0.9363527794383394,-0.3386716145379846,136.96637628791984,184.33511351064612,68.47346875330285,92.17714958129832,68.49290784168937,92.15796580249773,68.48318829749611,92.16755769189803,-3.0707238352079003e-07,-1.873149926723272e-06,-4.065417829861783,-86.68837066321385,-90.07571869127608,-0.03726997055406891,0.000287802172934588,0.013494885028848103
1.18,0.7055084312697154,0.03415048221800247,0.23077533494367092,-0.37320216207807716,0.23074651788009992,-0.3731542890401324,0.70554075685999,0.034193570569989284,0.4747636676529673,0.40735025195310065,-1.7542633518052853e-06,-4.548069496576601e-05,-3.05713269228014e-05,2.392342978968509e-06,0.936285520476738,-0.33900619916510893,137.76708747317224,184.4017198040257,68.87425901094267,92.21048723937379,68.892828794385,92.19123436592791,68.88354390266383,92.20086080265085,-3.321554231661139e-07,-1.8012759994689986e-06,-4.07451565767076,-86.8370016589557,-90.26720015320532,-0.03682849992487419,0.0003252331251253181,0.013142515125366572
1.1808,0.7057622036898089,0.03314339625362404,0.23045415954032,-0.3725292648594679,0.2304257513063351,-0.3724814952167732,0.7057934732770128,0.0331850445616756,0.4753378830600833,0.4056696004457704,-1.4306766095151247e-06,-4.470897537312349e-05,-2.983891059438193e-05,3.060667321582583e-06,0.9362177939067384,-0.33934115963047073,138.57053009618852,184.46312111636524,69.27641579799717,92.24121895066386,69.294114654152,92.22190389646586,69.28526522607459,92.23156142356487,-3.5596065117715625e-07,-1.730764495277981e-06,-4.08363472265825,-86.98766082672157,-90.45888633556265,-0.03638877144132169,0.0003623851552957295,0.012790549603636236
1.1816,0.7060121039330706,0.0321363845232282,0.23013638861208577,-0.3718568130672159,0.23010838827261576,-0.37180915033639517,0.7060423115274956,0.03217659866763061,0.4759048192879324,0.4039894732972349,-1.1036274775166888e-06,-4.393843761157576e-05,-2.910396694755235e-05,3.724293209165369e-06,0.9361495961726338,-0.3396764901063761,139.37667272938464,184.51926194817986,69.67992334845039,92.26931696370416,69.69674975945293,92.24994664613219,69.68833655395166,92.25963180491817,-3.785186777349736e-07,-1.6616564835203462e-06,-4.09277516162563,-87.14036873065938,-90.650416159757,-0.03595082692875649,0.0003992597025718046,0.012439020471759932
1.1824,0.7062581371173339,0.031129458007546323,0.22982201353383555,-0.3711848119089253,0.2297944201086235,-0.37113725957572485,0.7062872768732116,0.03116824390889665,0.4764644901740432,0.40230988670054657,-7.731653328124644e-07,-4.316911727538647e-05,-2.8366590544892656e-05,4.383215925087003e-06,0.9360809238165022,-0.3400121847841036,140.18548303081025,184.57008674992164,70.084765439173,92.29475350253695,70.10071799149823,92.27533484137743,70.09274171533562,92.2850441719572,-3.9986099409361486e-07,-1.5939927493491268e-06,-4.101937112128797,-87.29514375664704,-90.84138126609723,-0.035514707390157586,0.00043585824007134075,0.012087959260355774
1.1832,0.7065003083803373,0.030122627624124477,0.2295110257575799,-0.37051326654803135,0.22948383822178578,-0.370465828067027,0.7065283745949683,0.030159991241580513,0.47701690949797,0.4006308567403817,-4.3933941845653024e-07,-4.240104923019204e-05,-2.76268752125719e-05,5.037431774166171e-06,0.9360117734773357,-0.34034823787467666,140.99692773455172,184.61553993535577,70.49092538512957,92.31750077339947,70.50600276944185,92.29804068976887,70.49846407728572,92.30777073158417,-4.200197167847364e-07,-1.5278125715667557e-06,-4.111120712483749,-87.45200169132139,-91.03132239029756,-0.03508045301160381,0.00047218227413227707,0.011737397024717211
1.184,0.7067386228790641,0.029115904227503927,0.22920341681226866,-0.3698421821047438,0.22917663409706987,-0.3697948608990542,0.7067656099919365,0.029151851557052078,0.477562090980831,0.39895239939417704,-1.0219883683770803e-07,-4.163426761885636e-05,-2.6884914035574248e-05,5.686938070709191e-06,0.9359421418901694,-0.34068464360962103,141.81097264126677,184.65556589526395,70.89838603465125,92.33753097157722,70.9125870456435,92.3180363868417,70.90548654014738,92.32778367920946,-4.39027985521534e-07,-1.4631549731802806e-06,-4.12032610177225,-87.61095524258847,-91.21972600715739,-0.03464810316778297,0.0005082333435429832,0.011387364347569928
1.1848,0.7069730857890898,0.02810929860940446,0.22889917830358156,-0.36917156365698384,0.22887279929677265,-0.36912436311799035,0.7069989883809795,0.02814383568214382,0.4781000482848576,0.3972745305332613,2.3820745959080014e-07,-4.0868805866414726e-05,-2.614079934931679e-05,6.3317331270712485e-06,0.9358720258852118,-0.34102139624171296,142.62758260886284,184.69010901148053,71.30712976478208,92.3548162884218,71.32045330100084,92.33529412311638,71.31379153289146,92.34505520576909,-4.569200768855808e-07,-1.4000576413764065e-06,-4.12955341984759,-87.77201349455544,-91.40602143657523,-0.034217696427483055,0.000544013018847792,0.011037891339981343
1.1856,0.7072037023039283,0.027102821498917403,0.22859830191371794,-0.3685014162413156,0.22857232546030887,-0.36845433972838876,0.707228515095992,0.027135954379362344,0.47863079501294675,0.395597265923992,5.818306726412814e-07,-4.0104696685892144e-05,-2.5394622736429895e-05,6.971816240954748e-06,0.9358014223869736,-0.3413584900457123,143.44672154332247,184.71911367125963,71.71713847669614,92.36932891853571,71.72958354035696,92.34978609128143,71.72336100852655,92.35955750490857,-4.737306369406724e-07,-1.3385574959556834e-06,-4.138802807340373,-87.93518128827759,-91.5895786464209,-0.0337892705591256,0.0005795229015445657,0.010689007644685944
1.1864,0.7074304776343865,0.02609648356270125,0.22830077940118146,-0.3678317448538692,0.22827520430399406,-0.36778479569410094,0.7074541954872376,0.026128218347100104,0.4791543447082243,0.39392062122888577,9.286221681059637e-07,-3.93419720835491e-05,-2.4646475019263203e-05,7.607187684723418e-06,0.9357303284133998,-0.3416959193190844,144.2683523896908,184.74252428197755,72.12839359119869,92.38104106712407,72.13995928798747,92.36148449354381,72.13417643959308,92.37126278033395,-4.894953633538535e-07,-1.2786903482719936e-06,-4.148074405664403,-88.10045851951067,-91.76970703601923,-0.03336286253629442,0.0006147646234481445,0.010340742437477957
1.1872,0.7076534170079181,0.025090295405182404,0.22800660260056138,-0.36716255445125756,0.2279814276208253,-0.3671157359392015,0.707676034920693,0.0251206382198553,0.4796707108536122,0.3922446120077484,1.2785334805864856e-06,-3.858066336447086e-05,-2.3896446255500248e-05,8.237848691597383e-06,0.9356587410749989,-0.34203367838271065,145.09243712323087,184.76028528616715,72.54087604430879,92.38992495751198,72.55156158317277,92.37036154914622,72.54621881374078,92.3801432533291,-5.042506927566137e-07,-1.2204910433410987e-06,-4.157368357022657,-88.26783934323727,-91.945655520352,-0.03293850854328103,0.0006497398458281879,0.009993124429826139
1.188,0.7078725256679842,0.024084267568765562,0.22771576342231226,-0.36649384995148876,0.2276909872802587,-0.3664471653489046,0.7078940387773953,0.024113224568458446,0.48017990687140427,0.3905692537188087,1.631516321209947e-06,-3.782080113851581e-05,-2.3144625732329782e-05,8.863801445652478e-06,0.9355866575739752,-0.34237176158158467,145.9189367407556,184.77234117689042,72.9545662829321,92.395952838832,72.96437097585735,92.37638950205215,72.95946862939473,92.38617117044208,-5.18033857588307e-07,-1.1639937440577341e-06,-4.166684804413275,-88.43731127395598,-92.11661427012616,-0.03251624398065729,0.0006844502588382503,0.00964618187100541
1.1888,0.7080878088734174,0.023078410534044073,0.22742825385252857,-0.3658256362348686,0.2274038752279831,-0.36577908877047416,0.7081082124527942,0.023105987900300853,0.48068194612285,0.3888945617198438,1.987522584345758e-06,-3.7062415325595996e-05,-2.239110196111671e-05,9.485049068823706e-06,0.9355140752033617,-0.3427101632854989,146.74781125215065,184.77863651344563,73.36944426062828,92.39909699387745,73.3783675224051,92.37954062879939,73.3739058915167,92.38931881133843,-5.30882743987604e-07,-1.1092312206528732e-06,-4.176023891635673,-88.60885417001475,-92.28171847882655,-0.032096103470820946,0.000718897580707676,0.009299942550256901
1.1896,0.7082992718977866,0.02207273472002086,0.227144065952718,-0.3651579181449003,0.22712008348569135,-0.3651115110141298,0.7083185613561062,0.022098938659573197,0.48117684190774174,0.3872205512693121,2.346504353545331e-06,-3.6305535161406874e-05,-2.1635962673072218e-05,1.0101595609069217e-05,0.935440991346151,-0.343048877889718,147.57901967209114,184.77911593741084,73.78548943347525,92.39932974712482,73.79353078145195,92.37978724652112,73.7895101074636,92.38955849682297,-5.428360623227491e-07,-1.0562351064891118e-06,-4.185385763296701,-88.78243908888605,-92.4400545201384,-0.0316781208636021,0.00075308355705309,0.008954433799431172
1.1904,0.7085069200287702,0.02106725048432953,0.22686319185956952,-0.3644907004891748,0.22683960415084806,-0.364444436853942,0.7085250909096746,0.02109208722750446,0.4816646074640137,0.3855472375274754,2.708413908536489e-06,-3.555018920387877e-05,-2.0879294812925497e-05,1.0713446028922866e-05,0.9353674034744313,-0.34338789981564144,148.4125200119702,184.77372418902394,74.20268075604037,92.39662347292452,74.209839809863,92.37710172113617,74.20626028295169,92.38686259703034,-5.539331766613032e-07,-1.0050367507119518e-06,-4.194770564816898,-88.9580269995838,-92.59066882021776,-0.03126232924182497,0.0007870099602265541,0.008609682494693516
1.1912,0.7087107585675295,0.020061968123465414,0.2265856237847209,-0.3638239880402568,0.22656242939645427,-0.363777871028726,0.7087278065483331,0.02008544392260987,0.4821452559673437,0.38387463555752904,3.0732037314962213e-06,-3.479640533763338e-05,-2.0121184535093484e-05,1.1320606193155128e-05,0.9352933091485189,-0.34372722351145374,149.24826927204174,184.76240612389992,74.62099667745761,92.39095060385878,74.62727315879822,92.37145647570658,74.62413491812791,92.38120353978269,-5.642140763484349e-07,-9.556654561038158e-07,-4.204178442436788,-89.13556733851168,-92.73257968441368,-0.030848760926922694,0.0008206785885615394,0.008265715059422973
1.192,0.7089107928280874,0.01905689787302029,0.22631135401452196,-0.36315778553656475,0.22628855147080992,-0.3631118182429265,0.7089267137187737,0.019079019000944403,0.4826188005307646,0.38220276032672795,3.440826512879358e-06,-3.404421078118981e-05,-1.9361717199128936e-05,1.1923082857070652e-05,0.9352187060160966,-0.3440668434527633,150.08622343379184,184.74510673008263,75.04041513761985,92.38228363926892,75.0458088698916,92.3628239989639,75.04311200375572,92.3725538191164,-5.737196033805958e-07,-9.081501843866135e-07,-4.21360954322325,-89.31499639282428,-92.86479218869287,-0.030437447484521794,0.0008540912657365595,0.007922557466400804
1.1928,0.7091070281367104,0.0180520499079199,0.2260403749097935,-0.3624920976832422,0.22601796269727173,-0.36244628316749516,0.7091218178789173,0.01807282265635716,0.4830852542042812,0.3805316267075072,3.8112351574692838e-06,-3.329363209213579e-05,-1.8600977364280347e-05,1.2520883654897758e-05,0.9351435918113464,-0.3444067541432302,150.92633745255176,184.72177114543294,75.46091356349166,92.37059515394853,75.46542447155095,92.35117685400269,75.4631690175213,92.36088600397561,-5.824908271279128e-07,-8.62518277244817e-07,-4.223064015076018,-89.49623549760045,-92.98631606245235,-0.03002841973007269,0.000887249840071331,0.007580235240112643
1.1936,0.7092994698312969,0.017047434342671263,0.2257726789055869,-0.36182692915302717,0.22575065547401038,-0.36178127044076697,0.7093131244972907,0.017066865020757667,0.48354462997449515,0.37886124947861155,4.184382791372343e-06,-3.254469517330674e-05,-1.783904878516207e-05,1.3114017086892499e-05,0.9350679643540925,-0.3447469501151826,151.76856525035416,184.69234467535108,75.88246886554421,92.35585780700511,75.88609697537987,92.33648768714234,75.88428292046204,92.34617274707372,-5.905699254071806e-07,-8.187963658201625e-07,-4.232542006734153,-89.6791890317462,-93.09618625917642,-0.0296217077344295,0.0009201561838383852,0.007238773459107506
1.1944,0.7094881232607644,0.016043061231610378,0.2255082585109376,-0.3611622845871114,0.22548662227376282,-0.3611167846693238,0.7095006390524062,0.016061156164379607,0.4839969407642351,0.37719164332621263,4.5602227664587325e-06,-3.179742527843407e-05,-1.7076014408312634e-05,1.3702492509194003e-05,0.9349918215489355,-0.3450874259302226,152.61285970905507,184.65677281083114,76.30505743432249,92.33804435088764,76.30780287273188,92.31872923695332,76.30643015352719,92.32838679392049,-5.979993034088693e-07,-7.770098306991713e-07,-4.242043667782706,-89.86374220004913,-93.19348564756825,-0.02921734082949605,0.0009528121926614799,0.00689819675869785
1.1952,0.7096729937844456,0.015038940569159132,0.2252471063086171,-0.36049816859599654,0.2252258556435831,-0.36045283042885756,0.7096843670321457,0.015055706096056908,0.4844421994321955,0.3755228228450351,4.938708666968328e-06,-3.1051847018386675e-05,-1.63119563670322e-05,1.428632012058853e-05,0.9349151613843958,-0.3454281761798191,153.45917266372152,184.61500124684878,76.72865513714589,92.31712764057974,76.73051813139767,92.2978743434518,76.72958663427178,92.30750099201578,-6.048220484444755e-07,-7.371827734914405e-07,-4.251569148659354,-90.04975859019639,-93.27736898481896,-0.028815347613833586,0.0009852197848118276,0.006558529333148044
1.196,0.7098540867714869,0.014035082290084079,0.22498921495488228,-0.35983458576034305,0.22496834820458955,-0.35978941226502476,0.7098643139331492,0.014050524763500176,0.48488041877258214,0.37385480253947606,5.319794315172821e-06,-3.0307984367186104e-05,-1.554695597755229e-05,1.4865510951109738e-05,0.934837981932054,-0.34576919548589174,154.30745489630337,184.566975901078,77.15323731495053,92.29308064295822,77.15421819243456,92.27389595745797,77.15372775369255,92.28348830020809,-6.11081730994556e-07,-6.993381873598992e-07,-4.261118600661161,-90.23707749789602,-93.34708707771419,-0.02841575595828528,0.0010173809005409819,0.006219794938260748
1.1968,0.7100314076002496,0.013031496269761668,0.22473457717922196,-0.3591715406318144,0.2247140926517102,-0.3591265346942956,0.7100404852602076,0.013045622053579543,0.48531161151476254,0.3721875968247256,5.703433776926836e-06,-2.9565860668313154e-05,-1.4781093734872464e-05,1.5440076850458534e-05,0.9347602813456947,-0.34611047850138443,155.1576561295964,184.51264293293468,77.578778779278,92.26587644631448,77.57887796714076,92.24676715011836,77.57882837320938,92.25632179821642,-6.16822347865309e-07,-6.634981559727748e-07,-4.270692175951428,-90.42551101816365,-93.40200984828861,-0.02801859301159906,0.001049297501487026,0.005882016893622222
1.1976,0.7102049616577163,0.012028192324449433,0.22448318578410056,-0.35850903773391424,0.2244630817534245,-0.35846420220479785,0.7102128865256596,0.012041007792613459,0.48573579032292546,0.37052122002788745,6.089581366386376e-06,-2.8825498640190454e-05,-1.4014449309707189e-05,1.6010030476192212e-05,0.9346820578604504,-0.34645201991082464,156.0097250215087,184.4519487629474,78.00525380941474,92.23548827003997,78.00447183418251,92.21646112259064,78.00486282179862,92.2259746963153,-6.220885495622497e-07,-6.296831998042762e-07,-4.280290027566562,-90.6148409089109,-93.44164692521643,-0.027623885206055535,0.0010809715700306403,0.00554521808572872
1.1984,0.7103747543389018,0.0110251802115587,0.22423503364469885,-0.35784708156281797,0.22421530835150313,-0.357802419257154,0.7103815232487936,0.011036691746659853,0.4861529677957467,0.36885568638909527,6.478191652004028e-06,-2.8086920382568853e-05,-1.3247101543711892e-05,1.6575385281398375e-05,0.9346033097919487,-0.3467938144308767,156.86360915964374,184.3848400924489,78.43263614969092,92.20188947447089,78.43097363687835,92.182951215891,78.43180489328464,92.19242034518095,-6.269255266033724e-07,-5.979129866773292e-07,-4.28991230942309,-90.80481524231763,-93.46566441683817,-0.02723165826309319,0.0011124051086126195,0.005209420969748635
1.1992,0.7105407910462677,0.010022469629936095,0.2239901137086531,-0.3571856765882004,0.22397076536074453,-0.3571411902853137,0.7105464009552519,0.010032683621815475,0.48656315646606096,0.36719101006263277,6.8692194621355895e-06,-2.7350147383031764e-05,-1.2479128446374332e-05,1.7136155503638673e-05,0.9345240355354585,-0.3471358568108813,157.7192550562071,184.3112639235883,78.86089900694006,92.16505357089426,78.85835668064544,92.1462109208999,78.85962784379275,92.15563224589708,-6.313784126632527e-07,-5.682058485945163e-07,-4.299559176324688,-90.9951448739109,-93.47389669455622,-0.0268419371989395,0.0011436001391632563,0.004874647572506774
1.2,0.7107030771891394,0.009020070220147584,0.22374841899579037,-0.35652482725405626,0.22372944576870957,-0.3564805196973803,0.710707525176442,0.009028993064517318,0.4869663688005407,0.3655272051180507,7.262619889092381e-06,-2.6615200522854196e-05,-1.171060719168393e-05,1.769235615309457e-05,0.9344442335650407,-0.3474781418333859,158.57660814325195,184.23116757965846,79.29001504812956,92.12495423171087,79.28659373061572,92.10621388852634,79.28830438937264,92.11558406011861,-6.35493336176296e-07,-5.405787533163675e-07,-4.309230783969324,-91.18549977683827,-93.46635232819705,-0.02645474633022674,0.0011745587024951016,0.0045409194949002085
1.2008,0.7108616181831309,0.008017991564767134,0.22350994259786222,-0.3558645379795147,0.22349134263545312,-0.3558204118764314,0.7108649014489504,0.008025629661849604,0.487362617199383,0.3638642855412814,7.658348294747874e-06,-2.5882100082888666e-05,-1.0941614114357012e-05,1.8244003000408675e-05,0.9343639024326984,-0.3478206643146647,159.43561276827472,184.14449872573596,79.71995639816467,92.08156530075472,79.71565700942658,92.06293394002884,79.71780670379562,92.07224962039177,-6.393165108420362e-07,-5.150475885784545e-07,-4.318927288956472,-91.37550531007,-93.44321372888942,-0.026070109279627097,0.0012052828576494601,0.004208257914626756
1.2016,0.7110164194495707,0.007016243188672024,0.2232746776782761,-0.35520481315965075,0.22325644909325362,-0.35516087118133466,0.7110185353139614,0.007022602941857099,0.4877519139960012,0.3622022652357572,8.056360315922273e-06,-2.515086575059257e-05,-1.0172224706617161e-05,1.8791112565494025e-05,0.9342830407675309,-0.34816341910522813,160.29621219016875,184.0512053896292,80.15069463787273,92.03486080376625,80.14551819519025,92.01634507749023,80.14810641653149,92.02560294062823,-6.428942356251355e-07,-4.916272757782281e-07,-4.328648848794386,-91.5647385162834,-93.40483052571686,-0.025688048981463714,0.0012357746813393203,0.0038766835884302964
1.2024,0.7111674864149328,0.006014834559340047,0.2230426174718225,-0.35454565716628783,0.22302475834633922,-0.3545019019475572,0.71116843231668,0.0060199223738596035,0.4881342714567255,0.3605411580235223,8.456611867990738e-06,-2.442151662509183e-05,-9.402513615253127e-06,1.933370210553155e-05,0.9342016472748873,-0.34850640109032266,161.15834857555336,183.95123598313012,80.58220080217501,91.984814959017,80.57614841965199,91.96642149444398,80.5791746109135,91.97561822673049,-6.462736337198294e-07,-4.703308604803169e-07,-4.33839562190748,-91.75272457860711,-93.35170717167358,-0.025308587687334273,0.0012660362673190205,0.003546216854999784
1.2032,0.7113148245102718,0.005013775087153108,0.2228137552844021,-0.3538870743487987,0.22279626367061262,-0.3538435084879703,0.7113145980057604,0.0050175973687742355,0.4885097017805088,0.3588809776463482,8.8590591504345e-06,-2.3694071224747773e-05,-8.632554638954293e-06,1.987178960362844e-05,0.9341197207355234,-0.3488496051904208,162.02196299548447,183.844539323564,81.01444537844864,91.93140218808432,81.00751826653756,91.9131375866505,81.01098182249311,91.9222698873674,-6.495017430552252e-07,-4.5117081981516094e-07,-4.348167767643773,-91.93893359957187,-93.2844856788364,-0.024931746971728716,0.0012960697258233536,0.0032168776375272046
1.204,0.7114584391706636,0.004013074125706645,0.22258808449274883,-0.35322906903489903,0.2225709584133729,-0.35318569509364944,0.7114570379327366,0.004015637279442237,0.48887821709863927,0.3572217377668486,9.263658651448292e-06,-2.2968547492605886e-05,-7.86242072442489e-06,2.04053937569856e-05,0.9340372600047611,-0.3491930263616998,162.88699542256094,183.7310646556339,81.44739830508752,91.8745971267719,81.43959777009945,91.85646796302005,81.44349803759349,91.86553254489598,-6.526260278860718e-07,-4.341580677191814e-07,-4.357965446282391,-92.12277791014657,-93.20392467987341,-0.024557547737632447,0.001325877182993182,0.002888685446208683
1.2048,0.7115983358346484,0.0030127409721187647,0.22236559854415106,-0.3525716455314344,0.22234883599303476,-0.35252846603466664,0.7115957576514607,0.0030140514009565976,0.4892398294744616,0.3555634519695882,9.670367151992654e-06,-2.2244962802775914e-05,-7.092183964274579e-06,2.093453396496644e-05,0.9339542640116474,-0.34953665959651287,163.7533847284411,183.61076167355193,81.88102897026738,91.81437463617416,81.87235641386783,91.79638745667984,81.8766926920676,91.805381046427,-6.556941229973745e-07,-4.1930206862161867e-07,-4.367788819041194,-92.30361015775401,-93.11087617098329,-0.024186010222141972,0.0013554607802509341,0.0025616593808592825
1.2056,0.711734519943678,0.0020127848673513363,0.22214629095617047,-0.3519148081251661,0.222129889898846,-0.3518718255608807,0.7117307627175421,0.002012848970999556,0.48959455090310183,0.35390613376219887,1.007914173017932e-05,-2.1523333966814995e-05,-6.3219155942983996e-06,2.1459230318605915e-05,0.9338707317581183,-0.349880499923848,164.62106868177352,183.48358054345252,82.31530621091886,91.75070981388238,82.30576312960858,91.73287113618152,82.31053467026372,91.74179047503195,-6.587539189695235e-07,-4.0661137745701126e-07,-4.377638048084452,-92.48072246654385,-93.0062613099114,-0.023817154002064043,0.0013848226738265212,0.0022358181338404393
1.2064,0.7118669969415703,0.0010132149965271938,0.22193015531635876,-0.35125856108354797,0.2219141136906017,-0.35121577790272,0.7118620586877946,0.001012039170179686,0.48994239331120226,0.3522497965764874,1.0489939766378242e-05,-2.080367724023092e-05,-5.551685990701216e-06,2.1979503587723484e-05,0.9337866623181627,-0.35022454240978057,165.4899839465635,183.34947192608124,82.75019831191781,91.68357800532692,82.73978629649913,91.66589431684758,82.74499230420847,91.67473616108725,-6.618534200697468e-07,-3.9609327018297336e-07,-4.38751329653061,-92.65334700150152,-92.89104653719973,-0.02345099799950304,0.0014139650341020006,0.0019111799922484352
1.2072,0.7119957722739643,1.4040489258062335e-05,0.22171718528197107,-0.35060290865549976,0.2217015009983576,-0.3505603272719606,0.7119896511196858,1.1631122376194476e-05,0.4902833685566607,0.35059445376954734,1.090271894593764e-05,-2.0086008328626956e-05,-4.781564667488691e-06,2.2495375210503923e-05,0.9337020548369894,-0.35056878215791304,166.36006608097924,183.20838699975235,83.18567300549599,91.61295481525485,83.17439374052415,91.59543257225086,83.18003337301008,91.60419369375285,-6.650409147823666e-07,-3.8775334587626276e-07,-4.3974147284601335,-92.82065829687502,-92.76622108507868,-0.023087560487461762,0.0014428900451375194,0.00158776284095552
1.208,0.712120851387782,-0.0009847295800251483,0.2215073745796791,-0.3499478550721761,0.22149204552213933,-0.34990547786250115,0.7121135455707918,-0.0009883661049125076,0.4906174884283777,0.3489401186248698,1.1317437265012664e-05,-1.9370342393787692e-05,-4.011620274746441e-06,2.3006867281138727e-05,0.9336169085301962,-0.35091321430980743,167.23124953661218,183.06027748356738,83.62169747087837,91.53881611933754,83.60955273409829,91.52146174582614,83.61562510248834,91.53013893258185,-6.683644926397392e-07,-3.815963225406449e-07,-4.407342508923431,-92.98177771795794,-92.63277668567908,-0.022726859095418876,0.0014715999040603523,0.001265584165025757
1.2088,0.7122422397306934,-0.0019830861917399713,0.22130071700527928,-0.34929340454772845,0.2212857410316508,-0.34925123385112894,0.7122337475982568,-0.001987943500218266,0.49094476464601006,0.34728680435344955,1.1734053032619318e-05,-1.865669406061121e-05,-3.2419205959199893e-06,2.351400253889713e-05,0.9335312226829402,-0.35125783404540784,168.10346765820566,182.9050956608866,84.05823833415526,91.46113807590496,84.04522999592305,91.44395796260716,84.05173416503916,91.45254801925606,-6.718726694998622e-07,-3.7762552551612316e-07,-4.4172968039488865,-93.13578041052479,-92.49169001346462,-0.022368910814908105,0.001500096820573508,0.0009446610526993027
1.2096,0.7123599427505873,-0.002981020380811188,0.2210972064234018,-0.3486395612800655,0.2210825813659802,-0.348597599398286,0.7123502627582566,-0.002987092107744693,0.491265208859731,0.3456345240948978,1.2152524876130055e-05,-1.7945077422992827e-05,-2.4725325454277858e-06,2.4016804356524714e-05,0.933444996649113,-0.3516026365834537,168.97665268385734,182.7427944030478,84.4952616683909,91.37989713780284,84.48139169108009,91.36289764108793,84.4883266797355,91.37139738944538,-6.756136485819297e-07,-3.7584294432235765e-07,-4.427277780550916,-93.28170503833094,-92.34390813787785,-0.022013732005077002,0.0015283830164277074,0.0006250101976945643
1.2104,0.7124739658950444,-0.003978523236330228,0.22089683676721422,-0.3479863294516043,0.22088256043330237,-0.347944578648825,0.7124630966054674,-0.003985803027008931,0.4915788326499976,0.34398329091854507,1.2572811744493428e-05,-1.7235506050304085e-05,-1.7035221673844525e-06,2.4515296728990464e-05,0.9333582298505143,-0.3519476171818842,169.85073574571504,182.57332719332004,84.93273299397924,91.2950700643678,84.91800343137203,91.27825750520172,84.92536821267564,91.28666378478476,-6.796362299610337e-07,-3.7624948845405015e-07,-4.437285606738185,-93.41856651345792,-92.19033703622026,-0.02166133839825805,0.0015564607248702317,0.0003066479021072155
1.2112,0.7125843146108166,-0.004975585901207577,0.22069960203812566,-0.3473337132300202,0.2206856722105813,-0.3472921757327647,0.712572254692539,-0.004984067412475363,0.49188564752732433,0.342333117824551,1.2994872910954136e-05,-1.6527992993844824e-05,-9.34954633380336e-07,2.5009504261650113e-05,0.9332709217760313,-0.35229277113823393,170.72564687116997,182.39664815108696,85.37061727924748,91.20663393351674,85.35503027591115,91.1900145964146,85.36282377757931,91.19832426496566,-6.839886452780775e-07,-3.788443621033366e-07,-4.4473204515218585,-93.5453717771642,-92.03183304047707,-0.02131174510551352,0.001584332190128487,-1.0409920747633805e-05
1.212,0.7126909943433108,-0.0059721995718206855,0.22050549630548685,-0.3466817167689913,0.22049191074326818,-0.3466403947660384,0.7126777425695718,-0.005981876473186547,0.49218566493206384,0.34068401774501117,1.3418667978881693e-05,-1.5822550793518405e-05,-1.6689423987248375e-07,2.549945215935207e-05,0.9331830719808188,-0.3526380937900185,171.6013149845622,182.21271205624817,85.80887894131729,91.11456615394526,85.79243673196422,91.09814628592878,85.80065783664075,91.10635621993703,-6.88719296704221e-07,-3.836258883893606e-07,-4.457382484923927,-93.66113849079541,-91.86919696494104,-0.020964966622180146,0.0016119996669147906,-0.00032614774423223025
1.2128,0.7127940105360753,-0.0069683554976601595,0.22031451370628935,-0.34603034420893597,0.22030127014499898,-0.3459892398512376,0.7127795657836005,-0.006979221472392173,0.4924788962341937,0.33903600354506064,1.3844156882603098e-05,-1.511919148319222e-05,6.005955922039341e-07,2.5985166215192722e-05,0.933094680085482,-0.35298358051511297,172.47766790941157,182.021474373829,86.24748184722745,91.01884447743073,86.2301867560607,91.00263028698917,86.23883430164408,91.01073738220995,-6.938765864106244e-07,-3.9059091250237543e-07,-4.467471877985676,-93.76491625909303,-91.70317058513703,-0.02062101683339815,0.0016394654199465893,-0.0006405504248618854
1.2136,0.7128933686302923,-0.007964044980969302,0.22012664844486166,-0.3453795996777489,0.22011374459728864,-0.34533871507835223,0.7128777298780802,-0.007976093727169672,0.4927653527331111,0.3373890880239811,1.427129989256537e-05,-1.4417926598149847e-05,1.3674523195450483e-06,2.6466672798512378e-05,0.9330057457752614,-0.35332922673212,173.3546323711799,181.82289127879014,86.68638931532271,90.91944701123387,86.66824375536595,90.90344466729144,86.67731653534433,90.91144583926265,-6.995087744599005e-07,-3.9973517118596646e-07,-4.4775888027761805,-93.85580973436643,-91.53443510203672,-0.02027990901964202,0.0016667317233857002,-0.0009536032001733474
1.2144,0.7129890740642754,-0.008959259376382036,0.2199418947925641,-0.34472948729153,0.21992932834922418,-0.3446888245255046,0.7129722403923784,-0.008972484608045336,0.49304504565743273,0.33574328391630365,1.4700057618444173e-05,-1.3718767181066308e-05,2.133614278532203e-06,2.6943998844368086e-05,0.9329162687992211,-0.35367502790073096,174.23213400058145,181.61691968102363,87.12556411691702,90.81635223059433,87.10657058932836,90.80056786148214,87.11606735312269,90.80846004603823,-7.056639219626959e-07,-4.110528379897005e-07,-4.48773343240093,-93.9330026868071,-91.36361122045923,-0.01994165586222406,0.001693800860400962,-0.0012652916859678953
1.2152,0.7130811322729697,-0.009953990090555196,0.21976024708748038,-0.3440800111553101,0.2197480157171548,-0.34403957225967985,0.7130631028612725,-0.009968385538609199,0.4933179861648035,0.3340986038929128,1.5130391011364264e-05,-1.3021723788133807e-05,2.899020685787068e-06,2.741717184213434e-05,0.9328262489694386,-0.35402097952207723,175.11009733744797,181.40351725052676,87.5649684782336,90.7095389913152,87.54512957160438,90.69397868374864,87.55504902491899,90.70175883753191,-7.123900047645293e-07,-4.245370632816048e-07,-4.4979059410105116,-93.99578188656335,-91.19126049119276,-0.01960626944880549,0.001720675122678839,-0.001575601873355481
1.216,0.7131695486874583,-0.010948228581796693,0.2195816997341089,-0.34343117536377243,0.2195698010843808,-0.3433909623374524,0.7131503228144496,-0.010963787995124678,0.4935841853417091,0.33245506056215174,1.5562261368451402e-05,-1.2326806496002797e-05,3.6636116402810615e-06,2.7886219824010093e-05,0.9327356861601988,-0.35436707713907306,175.98844583515984,181.1826424427404,88.00456408262858,90.5989865424286,87.98388247226615,90.58365634049136,87.99422327744736,90.59132144145998,-7.197348850240814e-07,-4.401795763442351e-07,-4.5081065038093975,-94.043559477922,-91.0178875988164,-0.019273761278874573,0.001747356809920523,-0.0018845201263388844
1.2168,0.7132543287344713,-0.011941966359692285,0.21940624720304971,-0.34278298400196716,0.21939467890083908,-0.34274299880570536,0.7132339057760144,-0.011958683506138868,0.49384365420329845,0.3308126664709207,1.5995630333720534e-05,-1.163402490761932e-05,4.4273281231133055e-06,2.8351171354185425e-05,0.9326445803071872,-0.3547133163367518,176.8671018656581,180.9542545240401,88.44431207310436,90.48467453893916,88.4227905202998,90.46958044307193,88.43355129670208,90.47712749100555,-7.277460554178106e-07,-4.579709980134794e-07,-4.518335297064828,-94.07589247224819,-90.84394331885991,-0.018944142269242913,0.0017738482294123211,-0.002192033178573638
1.2176,0.7133354778359019,-0.012935194984724598,0.21923388403069174,-0.3421354411460255,0.21922264368278832,-0.342095685702349,0.7133138572639975,-0.012953063652083468,0.4940964036932097,0.3291714341057832,1.643045990390446e-05,-1.094338815883257e-05,5.190112000452718e-06,2.8812055517682053e-05,0.9325529314066898,-0.3550596927425913,177.74598672503947,180.71831359736854,88.8841730551157,90.36658305463577,88.86181440639467,90.35173102063328,88.87299373075518,90.35915703763453,-7.364708949353371e-07,-4.779005280397541e-07,-4.528592498115768,-94.09249805619758,-90.66982791231445,-0.018617422759505873,0.0018001516955247013,-0.0024981281314921944
1.2184,0.7134130014083253,-0.013927906067892513,0.21906460481889595,-0.3414885508638654,0.21905369001249073,-0.34144902705703145,0.7133901827898735,-0.01394692006487688,0.4943424446834061,0.3275313758940637,1.6866712428509345e-05,-1.02549049248047e-05,5.951906023260456e-06,2.9268901909169573e-05,0.9324607395147928,-0.3554062020268331,178.62502063975396,180.47478062799496,89.32410709967581,90.24469259496877,89.30091428603451,90.23008853298222,89.31251069285517,90.2373905639755,-7.459563846623496e-07,-4.999560303531325e-07,-4.538878285381966,-94.0932636360216,-90.49589476858714,-0.01829361251749807,0.0018262695292865438,-0.002802792450893321
1.2192,0.7134869048625225,-0.01492009127032402,0.21889840423467793,-0.3408423172158956,0.2188878125378921,-0.3408030268918479,0.7134628878580802,-0.014940244427519442,0.49458178797401636,0.32589250420495003,1.730435061408908e-05,-9.568583426135258e-06,6.712653828233606e-06,2.972174062156746e-05,0.9323680047465864,-0.35575283990279344,179.50412277340624,180.22361746938853,89.76407374676518,90.11898410998285,89.74004978289048,90.1046338835301,89.75206176482783,90.11180899675648,-7.562494204194081e-07,-5.241244309672766e-07,-4.549192838373097,-94.07825087572944,-90.32245414750734,-0.01797272074473521,0.00185220405789191,-0.0031060139644125684
1.22,0.7135571936030092,-0.015911742302885334,0.2187352770098876,-0.34019674425571444,0.2187250059723003,-0.3401576892220432,0.7135319779655436,-0.015933028473685586,0.49481444429318244,0.32425483135059335,1.774333752646573e-05,-8.884431435495638e-06,7.47229993913745e-06,3.0170602235746885e-05,0.9322747272753703,-0.3560996021271643,180.38321123417646,179.96478688919245,90.20403200904966,89.98943900730038,90.17917999252292,89.9753484322833,90.1916060007863,89.98239371979184,-7.673961306409183e-07,-5.503912348103768e-07,-4.559536337698009,-94.04769342786336,-90.1497769058468,-0.01765475608185585,0.001877957614303225,-0.0034077808589643155
1.2208,0.7136238730275686,-0.01690285092578916,0.21857521794088722,-0.3395518360308043,0.21856526509406118,-0.33951301805671114,0.7135974586012083,-0.016925263987314476,0.49504042429691425,0.3226183695872059,1.8183636593172015e-05,-8.202456283912252e-06,8.230789767138535e-06,3.0615517809251536e-05,0.9321809073318625,-0.3564464845003096,181.26220308286725,179.69825259528338,90.64394037591254,89.85603916514735,90.6182634863975,89.84221400887662,90.63110193115502,89.849126587012,-7.794427858698327e-07,-5.787406109902804e-07,-4.569908965074059,-94.00198852712353,-89.9780981248553,-0.017339726614030236,0.001903532536821685,-0.003708081677842756
1.2216,0.7136869485267898,-0.017893408948194932,0.2184182218882279,-0.3389075965832224,0.21840858474623287,-0.33886901739949055,0.7136593352455723,-0.017916942802193005,0.49525973856895067,0.3209831311161625,1.8625211606282388e-05,-7.522664866876222e-06,8.98806961119325e-06,3.105651886496988e-05,0.9320865452034115,-0.35679348286655044,182.1410143415849,179.42397926190287,91.08375681780214,89.71876694541491,91.05725831621774,89.7052129256437,91.07050756700994,89.71198993552932,-7.924349745280779e-07,-6.091557622767141e-07,-4.580310903336528,-93.94168306979891,-89.807620579147,-0.017027639876367188,0.0019289311685824677,-0.004006905318135523
1.2224,0.7137464254836102,-0.01888340822781012,0.2182642837763229,-0.33826402995028626,0.21825495983625748,-0.33822569124925483,0.7137176133702267,-0.018908056801540132,0.4954723976206282,0.3193491280850954,1.9068026724522458e-05,-6.845063650694205e-06,9.744086659047024e-06,3.149363738073202e-05,0.9319916412332085,-0.3571405931144457,183.01956000306748,179.14193255584365,91.52343879090444,89.57760520674836,91.4961220185809,89.56432799071355,91.50978040474267,89.57096659873096,-8.064178587119386e-07,-6.416182714019669e-07,-4.590742336448158,-93.86745517704071,-89.63851800739704,-0.016718502859315112,0.0019541558572176983,-0.004304241027995204
1.2232,0.7138023092728624,-0.01987284067048487,0.2181133985931199,-0.3376211401652565,0.21810438533563176,-0.33758304360079905,0.7137722984374,-0.019898597917583735,0.49567841189075534,0.3177163725889935,1.9512046475322897e-05,-6.169658679312795e-06,1.0498788987123309e-05,3.1926905778155434e-05,0.931896195819507,-0.35748781117706213,183.89775404066268,178.85207916267703,91.9629432421398,89.43253731765671,91.93481161995926,89.41954252112929,91.94887743104954,89.42603991939299,-8.214364015657338e-07,-6.761089537121734e-07,-4.601203449508768,-93.78009249472349,-89.47093816199711,-0.016412322014029264,0.0019792089543883033,-0.00460007840379717
1.224,0.7138546052608264,-0.020861698229803056,0.21796556138977136,-0.3369789312580151,0.21795685627957515,-0.33694107844552346,0.7138233958995075,-0.02088855813113507,0.49587779174549373,0.3160848766713002,1.9957235757595004e-05,-5.496455579807186e-06,1.1252125561356241e-05,3.235635691182723e-05,0.9318002094148402,-0.35783513303223835,184.77550941896757,178.55438681300436,92.40222661449044,89.28354716963337,92.3732836420117,89.27084035597824,92.38775512825107,89.27719376280581,-8.375345714739524e-07,-7.126072603114153e-07,-4.611694428764962,-93.68046859849237,-89.30500562595108,-0.01610910325774864,0.002004092815364067,-0.004894407387752153
1.2248,0.713903318804786,-0.0218499729066731,0.21782076728030222,-0.3363374072557382,0.21781236776669557,-0.3362997997721101,0.7138709111987063,-0.02187792947116252,0.49607054747824725,0.3144546523250063,2.040355984317399e-05,-4.8254595693391494e-06,1.2004046236524513e-05,3.278202405873794e-05,0.931703682525245,-0.35818255470284194,185.65273810513773,178.24882430871563,92.84124485266341,89.1306191902814,92.81149410723071,89.11820586952551,92.82636947994706,89.12441252990345,-8.54756393664502e-07,-7.510912780617218e-07,-4.622215461619968,-93.56951885128609,-89.14082439504179,-0.015808851979135306,0.002028809798669253,-0.005187218264779858
1.2256,0.7139484552525902,-0.0228376567489106,0.21767901144127633,-0.335696572183568,0.21767091495865415,-0.3356592115671996,0.7139148497664533,-0.022866704014356837,0.49625668930955646,0.31282571149375005,2.085098437959454e-05,-4.156675461094994e-06,1.2754501757361592e-05,3.320394090734757e-05,0.9316066157094869,-0.3585300722570175,186.52935108086882,177.93536154924018,93.2799534090889,88.9737383564334,93.24939854492496,88.96162398434515,93.26467597700693,88.96768117038928,-8.731450407140073e-07,-7.915383832823863e-07,-4.632766736643513,-93.44821692168435,-88.97848022954332,-0.015511573043620485,0.0020533622656260303,-0.005478501660292068
1.2264,0.7139900199422198,-0.0238247418508223,0.21754028911146056,-0.3350564300652768,0.21753249307982697,-0.3350193178160596,0.7139552170230702,-0.023854873884698386,0.4964362273870012,0.31119806607290784,2.1299475391589606e-05,-3.4901076705531192e-06,1.350344375800061e-05,3.362214154665512e-05,0.9315090095782887,-0.35887768180842855,187.40525835506463,177.61396955776914,93.7183072502622,88.8128902072579,93.68695199754552,88.80108018443538,93.70262962390386,88.80698519584664,-8.927430883431953e-07,-8.339241333032987e-07,-4.643348443581869,-93.31755295299732,-88.81804278462653,-0.015217270798717035,0.0020777525800000957,-0.005768248537094678
1.2272,0.7140280182013564,-0.024811220352783516,0.21740459559148675,-0.33441698492393024,0.217397097416966,-0.33438012250325233,0.7139920183773126,-0.024842431253017806,0.49660917178510816,0.30957172791069065,2.1748999282256154e-05,-2.825760221796675e-06,1.4250824761530279e-05,3.403666045611112e-05,0.9314108647935608,-0.3592253795164919,188.28036897719034,177.28462050743457,94.15626086342829,88.64806085734396,94.12410902735476,88.63656052831423,94.14018494539152,88.6423106928291,-9.135927143688605e-07,-8.782236307069979e-07,-4.653960773367965,-93.17851410811386,-88.65956753111584,-0.014925949079341668,0.00210198310760002,-0.006056450192829743
1.228,0.7140624553469606,-0.02579708444081258,0.2172719262435127,-0.333778240782546,0.21726472331885688,-0.3337416296132979,0.7140252592259428,-0.025829368336553006,0.49677553250526696,0.30794670880923913,2.21995228367744e-05,-2.1636367538262202e-06,1.499659818093857e-05,3.44475324942535e-05,0.9313121820676364,-0.35957316158660474,189.15459105132163,176.9472877474264,94.59376826361424,88.47923700975358,94.56082372344275,88.4680516620833,94.5772959935285,88.47364433591844,-9.357353576433525e-07,-9.244104717254231e-07,-4.664603918131574,-93.03206794290928,-88.50309748074463,-0.014637611213090977,0.0021260562158823804,-0.006343098257559632
1.2288000000000001,0.7140933366848496,-0.026782326346144303,0.21714227649087967,-0.33314020166474656,0.21713536619597548,-0.33310384313133107,0.7140549449533098,-0.026815677398506533,0.4969353194756521,0.3063230205257134,2.2651013222019234e-05,-1.503740526631256e-06,1.5740718317835967e-05,3.48547928888613e-05,0.9312129621625073,-0.35992102427036426,190.02783175089613,176.6019458290275,95.03078300101252,88.30640596903416,94.99704970909542,88.29554083245057,95.01391635505396,88.30097340074236,-9.59211803319704e-07,-9.72457229408974e-07,-4.675278071209677,-92.87914881431522,-88.34866473030652,-0.014352260025534122,0.002149974273597385,-0.006628184690697481
1.2296,0.7141206675092845,-0.027766938344796998,0.21701564181776972,-0.33250287159541164,0.2170090215201426,-0.33246676704375855,0.7140810809309327,-0.02780135074759555,0.4970885425511524,0.3047006747733888,2.3103437989446807e-05,-8.460744272652254e-07,1.648314036234444e-05,3.5258477225828116e-05,0.9311132058890648,-0.3602689638657814,190.8999973341667,176.24857053154957,95.46725816871552,88.12955565418044,95.4327401495132,88.11901589970448,95.44999915911436,88.12428577694246,-9.84062012321374e-07,-1.0223353399396728e-06,-4.685983427156835,-92.72064731306622,-88.19629183996679,-0.014069897845465144,0.002173739650411359,-0.006911701778619772
1.2304,0.7141444531025585,-0.02875091275713926,0.21689201776885944,-0.33186625460132346,0.21688568482417625,-0.33183040533890884,0.7141036725170894,-0.028786380737601768,0.4972352115133061,0.30307968322274564,2.3556765076149233e-05,-1.906409760558253e-07,1.722382039293091e-05,3.565862143856645e-05,0.9310129141063417,-0.36061697671748666,191.77099316036737,175.88713888814908,95.90314641080633,87.94867461153626,95.86784775988671,87.93846535062794,95.88549708534651,87.9435699810821,-1.0103256613547273e-06,-1.0740151310528745e-06,-4.696720181755761,-92.55740255500483,-88.04599306015771,-0.013790526510153644,0.0021973547165176593,-0.007193642131881006
1.2312,0.7141646987345925,-0.029734241947451858,0.2167713999489729,-0.33123035471181084,0.21676535170154218,-0.33119476200767917,0.7141227250564103,-0.029770759766916836,0.49737533607024387,0.30146005750256066,2.401096280646442e-05,4.625576666660025e-07,1.7962715375796634e-05,3.6055261798336596e-05,0.9309120877207588,-0.36096505921692934,192.64072370659233,175.51762921150507,96.33839993080575,87.76375202762786,96.30232481382782,87.7538783113432,96.3203623723168,87.75881516948553,-1.0380412618360424e-06,-1.1274659925675223e-06,-4.707488532027933,-92.39019705147733,-87.89777542121172,-0.013514147370578374,0.0022208218423324356,-0.007473998682684169
1.232,0.7141814096625342,-0.03071691832348586,0.21665378402273253,-0.3305951759593885,0.21664801780600296,-0.33055984104418085,0.7141382438794778,-0.030754480278084324,0.49750892585663825,0.29984180920099957,2.4465999892975265e-05,1.1135196954035337e-06,1.8699783163433903e-05,3.6448434903033414e-05,0.9308107276853737,-0.3613132078025698,193.5090925853907,175.1400211193381,96.7729705004773,87.5747777419167,96.73612315216025,87.56524456007776,96.75454682631877,87.57001115099723,-1.067246842012537e-06,-1.1826563763861486e-06,-4.71828867624433,-92.21975381656137,-87.75163969968031,-0.01324076129663607,0.0022441433980997577,-0.007752764681839608
1.2328000000000001,0.7141945911303628,-0.031698934336020466,0.2165391657142072,-0.3299607223803917,0.2165336788512641,-0.32992564644637734,0.7141502343024285,-0.03173753475734041,0.49763599043366,0.29822494986670406,2.4921845438674595e-05,1.7622436528016983e-06,1.943498249556974e-05,3.6838177667163075e-05,0.9307088349991313,-0.36166141896006493,194.3760025630852,174.75429555974915,97.20680946899424,87.3817422594619,97.16919419207031,87.37255453984073,97.18800183053227,87.37714839965132,-1.0979793501064705e-06,-1.2395534838560707e-06,-4.729120813936297,-92.04673534202497,-87.60758127300664,-0.012970368682357413,0.0022673217535449522,-0.008029933696974467
1.2336,0.7142042483684969,-0.032680282478414424,0.21642754080655985,-0.3293269980156101,0.21642233061061927,-0.32929218221672235,0.7141587016265629,-0.032719915734149355,0.49775653928894037,0.2966094910098843,2.5378468937353738e-05,2.4087284235876916e-06,2.0168272996723413e-05,3.722452731134279e-05,0.9306064107061195,-0.36200968922244814,195.2413555788083,174.3604348363599,97.63986777246504,87.18463676348445,97.60148893661864,87.17579937099909,97.62067835454184,87.18021806724177,-1.13027536485788e-06,-1.2981236352516135e-06,-4.739985145906493,-91.87174407623021,-87.46559087502908,-0.012702969451077056,0.002290359277553004,-0.008305499608837863
1.2344,0.714210386593411,-0.03366095528615761,0.21631890514169153,-0.3286940069109149,0.21631396891659305,-0.32865945236279137,0.7141636511379594,-0.03370161578073824,0.4978705818365429,0.2949954441034052,2.5835840274990307e-05,3.0529732285705657e-06,2.0899615176539488e-05,3.760752135208156e-05,0.9305034558948274,-0.36235801517030103,196.1050527642684,173.95842263323212,98.07209594382395,86.98345312781917,98.03295798461474,86.97497086374503,98.05252696421934,86.9792119957821,-1.1641702712950064e-06,-1.3583320708221436e-06,-4.750881874239951,-91.69532406494675,-87.32565526219503,-0.012438563060604129,0.0023132583378180295,-0.008579456609680847
1.2352,0.7142130110072512,-0.03464094533641738,0.216213254619885,-0.3280617531178835,0.21620858966058162,-0.328027460897911,0.714165088107092,-0.03468262751162764,0.4979781274169383,0.29338282058387477,2.6293929731302512e-05,3.694977618894091e-06,2.1628970427900462e-05,3.798719759137009e-05,0.930399971697405,-0.3627063934319198,196.96699446423722,173.54824403954362,98.50344412308186,86.77818392924618,98.4635515408541,86.7700615304407,98.48349783196798,86.77412272984344,-1.1996987439033546e-06,-1.420143263430873e-06,-4.761811202315289,-91.51796344970762,-87.18775780073119,-0.012177148508380652,0.002336021300504325,-0.008851799199902644
1.236,0.7142121267974609,-0.035620245247581755,0.21611058519944557,-0.3274302406944229,0.2161061887924922,-0.3273962118417853,0.7141630177884553,-0.03566294358315833,0.4980791852969892,0.291771631852734,2.6752707979527113e-05,4.334741469505521e-06,2.2356301026149605e-05,3.8363594107096444e-05,0.9302959592889269,-0.36305482068347417,197.8270802577639,173.12988557400365,98.93386206794091,86.5688224596911,98.89321942671751,86.56106459783325,98.91354074732921,86.56494352876217,-1.2368945192520187e-06,-1.4835206911811838e-06,-4.77277333481596,-91.34009756214512,-87.05187898302927,-0.01191872433661735,0.0023586505299498252,-0.009122522185776916
1.2368000000000001,0.7142077391364093,-0.036598847678803045,0.2160108928963401,-0.326799473705385,0.21600676232037952,-0.32676570922111653,0.7141574454201916,-0.0366425566930184,0.4981737646699406,0.29016188927734,2.7212146089194977e-05,4.972264973444884e-06,2.3081570128591355e-05,3.873674924189524e-05,0.9301914198866603,-0.36340329364916146,198.68520898011752,172.7033352089806,99.3632991647729,86.35536273828093,99.32191109113526,86.34797401912648,99.34260512795407,86.3516683787037,-1.2757906233673566e-06,-1.5484268089949182e-06,-4.783768477741707,-91.162112394316,-86.9179968816421,-0.011663288637407804,0.0023811483883175045,-0.009391620677007495
1.2376,0.714199853181024,-0.03757674532953346,0.2159141737838344,-0.3261694562231832,0.21591030631008154,-0.3261359570702254,0.7141483762237265,-0.037621459579763525,0.49826187465541727,0.28855360419205583,2.7672215525131882e-05,5.607548636120396e-06,2.3804741772326388e-05,3.9106701593925874e-05,0.9300863547493332,-0.3637518091013528,199.5412787454508,172.2685823943243,99.79170443995791,86.13779952324823,99.74957562191166,86.13078448589941,99.77064003093479,86.13429200457382,-1.3164187748770928e-06,-1.6148233328294737e-06,-4.794796838420039,-90.98434827093774,-86.78608754756957,-0.011410839057839392,0.002403517235294979,-0.009659090083772526
1.2384,0.7141884740724296,-0.03855393093906322,0.21582042399212814,-0.3255401923284017,0.21581681688485202,-0.3255069594316645,0.714135815403407,-0.038599645022338605,0.4983435242994282,0.2869467878993322,2.8132888149401403e-05,6.240593269098149e-06,2.4525780873252412e-05,3.947349000627681e-05,0.9299807651764084,-0.364100363860734,200.39518697019108,171.82561808085796,100.21902657158722,85.91612832366859,100.17616175741398,85.90949143986035,100.1975941645006,85.91280988176447,-1.358810123974763e-06,-1.6826709838824172e-06,-4.80585862551791,-90.8071035833872,-86.65612535947795,-0.011161372805074933,0.0024257594277786784,-0.009924926114422306
1.2392,0.714173606935592,-0.0395303972860522,0.21572963970798856,-0.3249116861104041,0.21572629022499218,-0.3248787203568311,0.7141197681461454,-0.03957710583959318,0.49841872257437836,0.2853414516707949,2.8594136221415933e-05,6.871399983985477e-06,2.5244653225120484e-05,3.9837153557018695e-05,0.9298746525073591,-0.3644489547964403,201.2468303971501,171.37443474351988,100.64521390152481,85.69034541102366,100.60161789861999,85.68409108442604,100.6234159000724,85.68721824772484,-1.402994712407235e-06,-1.7519298012302897e-06,-4.816954049053451,-90.63063848242805,-86.52808332928507,-0.010914886651424443,0.002447877319563807,-0.010189124772807645
1.24,0.7141552568789649,-0.04050613718805917,0.2156418171743816,-0.32428394166793767,0.21563872256747973,-0.3242512439065755,0.7141002396210676,-0.040553834889795394,0.4984874783790856,0.2837376067483293,2.9055932399546514e-05,7.499970187025556e-06,2.5961325497703136e-05,4.019773154919151e-05,0.9297680181209469,-0.36479757882618385,202.0961051203521,170.91502640413003,101.07021444782839,85.4604478305758,101.02589212152532,85.45458039611314,101.04805328467685,85.45751411334447,-1.4490016155832564e-06,-1.8225589144549303e-06,-4.828083320407857,-90.45517845239965,-86.40193336938098,-0.010671376939411841,0.0024698732610362235,-0.010451682355920866
1.2408000000000001,0.714133428994144,-0.04148114350107118,0.21555695269010144,-0.3236569631097333,0.2155541102055962,-0.3236245341518047,0.7140772349791688,-0.04152982507014545,0.49854980053880754,0.2821352643451607,2.9518249740234648e-05,8.126305572835058e-06,2.6675765235018023e-05,4.0555263501433625e-05,0.9296608634345052,-0.3651462329163773,202.94290661058056,170.44738865376027,101.49397591752931,85.22643341254545,101.44893218990998,85.22095713573164,101.47145405371964,85.22369527413855,-1.496858715199778e-06,-1.8945168278605706e-06,-4.839246652337384,-90.28091771526222,-86.27764652577807,-0.010430839586792237,0.002491749598929876,-0.010712595451110474
1.2416,0.7141081283555252,-0.04245540911902594,0.21547504260939793,-0.32303075455510427,0.2154724494885525,-0.3229985951740863,0.7140507593529715,-0.04250506931628205,0.4986056978052731,0.28053443564694125,2.998106169960213e-05,8.750408119061193e-06,2.7387940854106674e-05,4.090978913703219e-05,0.9295531899032236,-0.3654949140822493,203.7871297416297,169.97151867468608,101.91644571976488,84.98830078307726,101.87068556845813,84.98321985936981,101.8935656441115,84.98576032122354,-1.5465932960978535e-06,-1.9677609941481933e-06,-4.850444258985455,-90.10802242875762,-86.15519318146906,-0.010193270091586486,0.0025135086759473396,-0.01097186093363689
1.2424,0.7140793600199666,-0.04342892697333568,0.21539608334160223,-0.3224053201345393,0.21539373682111193,-0.32237343106624405,0.71402081785619,-0.04347956060179089,0.4986551788567212,0.2789351318128284,3.044434213345104e-05,9.372280079977119e-06,2.8097821643202625e-05,4.126134837524262e-05,0.9294449990194353,-0.365843619387955,204.62866881726734,169.4874152618941,102.33757097926636,84.74604937498599,102.29109943623214,84.74136792915651,102.31433520774925,84.74370865207125,-1.5982311651896453e-06,-2.0422483828497207e-06,-4.861676355894925,-89.93663366047598,-86.03454323306207,-0.009958663537087659,0.0025351528305673798,-0.011229475964171343
1.2432,0.7140471290264575,-0.044401690032406,0.2153200713507502,-0.3217806639902938,0.215317968663212,-0.32174904593295484,0.7139874155833998,-0.04445329193770789,0.49869825229794756,0.2773373639765674,3.090806529792989e-05,9.99192398144777e-06,2.880537775973302e-05,4.1609981320425704e-05,0.9293362923119098,-0.36619234594668126,205.4674175988934,168.99507884412577,102.75729855019438,84.49967943826849,102.71012070049636,84.49540152379262,102.73370962534537,84.49754048103055,-1.6517973335794522e-06,-2.1179353382194677e-06,-4.872943160020434,-89.76687012861447,-85.91566624445585,-0.009727014596841417,0.0025566843966886178,-0.011485437986436864
1.244,0.7140114403957909,-0.045373691301151584,0.2152470031552044,-0.3211567902769789,0.21524514152958366,-0.32112544389134,0.7139505576097126,-0.04542625637201906,0.49873492666035774,0.27574114324757415,3.1372205849533596e-05,1.0609342614282397e-05,2.9510580228764294e-05,4.195572825317975e-05,0.9292270713451458,-0.36654109092074477,206.3032693338927,168.4945115044338,103.17557503032144,84.24919205037308,103.12769601088684,84.2453216488378,103.15163552060415,84.24725684960544,-1.7073155902380677e-06,-2.194777067643372e-06,-4.8842448897408826,-89.5988307099144,-85.79853157964978,-0.009498317539622542,0.0025781057033946687,-0.011739744724451384
1.2448000000000001,0.7139722991302407,-0.04634492382051244,0.2151768753272733,-0.32053370316214375,0.21517525198936874,-0.3205026290715533,0.7139102489904544,-0.04639844698916218,0.49876521040202654,0.27414648071201125,3.1836738845436585e-05,1.1224539029658365e-05,3.0213400940892754e-05,4.2298629620102224e-05,0.9291173377186686,-0.3668898515216858,207.13611678467436,167.98571700022356,103.59234677555787,83.99458912621076,103.54377177392527,83.9911301467416,103.56805927474157,83.99285963647617,-1.7648087862198736e-06,-2.2727287785073713e-06,-4.895581764872102,-89.43259672004123,-85.68310851773506,-0.00927256623438931,0.0025994190746691454,-0.011992394180253996
1.2456,0.7139297102132462,-0.04731538066696368,0.21510968449282922,-0.31991140682685876,0.21510829666573555,-0.3198806056173666,0.7138664947608523,-0.04736985690952041,0.49878911190776687,0.2725533874338706,3.230163974382583e-05,1.1837516532286346e-05,3.091381265013515e-05,4.2638726024456924e-05,0.9290070930663317,-0.36723862501035476,207.96585225838763,167.46870078276572,104.00755991481546,83.73587342790196,103.95829416787078,83.73282970660851,103.98292704134312,83.73435156725523,-1.8242986072891654e-06,-2.351744740280992e-06,-4.906954006679541,-89.26823397675834,-85.56936635185275,-0.009049754155217716,0.0026206268291550008,-0.012243384631290155
1.2464,0.7138836786090983,-0.04828505495202654,0.21504542733092394,-0.31928990546629255,0.21504427223549233,-0.3192593776867521,0.7138192999357225,-0.04834047928891845,0.49880663948920223,0.2709618744560498,3.276688440367881e-05,1.2448278675726565e-05,3.161178897215233e-05,4.2976058216161184e-05,0.9288963390556185,-0.36758740869699486,208.79236763730677,166.94347001614696,104.42116036520527,83.47304857424162,104.37120915790695,83.47042387368376,104.3961847615561,83.4717362239627,-1.8858054318116046e-06,-2.431778426625897e-06,-4.9183618378912,-89.10579465818876,-85.45727447422612,-0.008829874386232941,0.002641731279819398,-0.012492714628109525
1.2472,0.7138342092626334,-0.04925393982177443,0.21498410057340253,-0.3186692032902875,0.2149831754286985,-0.31863894945246113,0.7137686695091662,-0.04931030731811344,0.49881780138484927,0.26937195280143034,3.3232449085651705e-05,1.3056829256324204e-05,3.230730438158469e-05,4.331066708266815e-05,0.9287850773869504,-0.36793619994131826,209.61555440987496,166.41003359564309,104.83309384756586,83.2061190498764,104.78246251165803,83.20391705854989,104.80777817961194,83.20501805421316,-1.9493489276101172e-06,-2.5127832259386196e-06,-4.929805482710604,-88.94531897011706,-85.34680244886408,-0.008612919626498568,0.0026627347337766743,-0.012740382991864863
1.248,0.7137813070989312,-0.05022202845633676,0.214925701004515,-0.31804930452393193,0.21492500302827464,-0.3180193251026001,0.7137146084542698,-0.050279334222283666,0.49882260576020565,0.2677836334739558,3.369831045085814e-05,1.3663172307536858e-05,3.300033421049786e-05,4.364259363935294e-05,0.9286733097929953,-0.36828499615257626,210.43530370239554,165.8684021654898,105.24330590231358,82.93509021417955,105.19199981502905,82.93331454602188,105.21765285867131,82.93420238010071,-2.0149470856267726e-06,-2.5947116171209927e-06,-4.941285166829973,-88.78683663768979,-85.23792007342612,-0.008398882194919537,0.002683639492003329,-0.012986388811839333
1.2488000000000001,0.7137249770230166,-0.051189314069402615,0.2148702254605257,-0.3174302134081279,0.21486975186960935,-0.31740050884120274,0.7136571217228099,-0.05124755326051721,0.49882106070784576,0.26619692745970536,3.4164445561535306e-05,1.4267312094719958e-05,3.369085464516308e-05,4.397187901985719e-05,0.9285610380379807,-0.3686337947896252,211.25150631136188,165.3185881360252,105.651741905613,82.6599683098117,105.59976648836593,82.65862250372919,105.62575419698946,82.65929540677044,-2.0826170441523573e-06,-2.6775156811709167e-06,-4.952801117443493,-88.63036823541563,-85.1305974317705,-0.008187754035108739,0.002704447849062653,-0.013230731443030663
1.2496,0.7136652239195698,-0.05215578990771837,0.21481767082932166,-0.31681193420015835,0.21481741884016506,-0.3167825048888009,0.7135962142449641,-0.05221495772529491,0.4988131742475236,0.26461184572797297,3.463083188115501e-05,1.4869253109544428e-05,3.437884272450287e-05,4.42985644670095e-05,0.9284482639170103,-0.36898259336098627,212.06405273640934,164.76060570018834,106.05834708585802,82.38076047096013,106.0057078029262,82.37984799037555,106.0320274443921,82.38030423066783,-2.1523748614526994e-06,-2.761147328556035e-06,-4.964353563260725,-88.47592637064898,-85.02480493795187,-0.007979526720229816,0.0027251620929064713,-0.013473410503848982
1.2504,0.7136020526526365,-0.05312144925058733,0.21476803405001765,-0.31619447117424837,0.21476800087908124,-0.3161653174829898,0.7135318909290258,-0.05318154094197461,0.49879895432628174,0.2630283992323382,3.509744727359099e-05,1.5469000064369243e-05,3.5064276337148925e-05,4.4622691322923624e-05,0.9283349892553806,-0.3693313894249,212.87283321388188,164.19447084934322,106.46306654045969,82.09747473123929,106.40976889765754,82.09699896366163,106.43641771905862,82.09723684745046,-2.2242353736601217e-06,-2.845557702357837e-06,-4.975942734520185,-88.3235167345018,-84.92051337316508,-0.0077741914578606216,0.0027457845045824134,-0.013714425873644132
1.2512,0.7135354680653481,-0.054086285409363555,0.2147213121125601,-0.31557782862212563,0.21472149497677567,-0.31554895087899204,0.7134641566611262,-0.054147296268270785,0.4987784088185693,0.2614465989117417,3.5564270003174414e-05,1.6066557886818683e-05,3.574713421872211e-05,4.494430102041161e-05,0.928221215907905,-0.369680180589376,213.67773775099457,163.62020138841356,106.8658452529321,81.81012003124823,106.81189479627429,81.81008428786305,106.8388700246032,81.81010215955564,-2.2982118252912187e-06,-2.9306977182841365e-06,-4.987568863003022,-88.17313903287729,-84.81769391611945,-0.007571739094792472,0.002766317358045289,-0.01395377769020456
1.252,0.7134654749796445,-0.05505029172694429,0.21467750205732855,-0.3149620108535771,0.21467789817454397,-0.3149334093502185,0.7133930163049594,-0.05511221709373225,0.4987515455263657,0.25986645569155953,3.603127873486045e-05,1.666193171467184e-05,3.642739595027811e-05,4.5263435073265856e-05,0.9281069457582383,-0.3700289645122361,214.47865616057902,163.03781695030224,107.26662811027002,81.5187062257684,107.21203042462582,81.51911374105171,107.23932926744791,81.51890998341005,-2.374316807163268e-06,-3.0165178657171055e-06,-4.99923218204685,-88.02478781001332,-84.71631816785782,-0.007372160121839523,0.0027867629198874855,-0.014191466347909909
1.2528000000000001,0.7133920781960007,-0.05601346157726243,0.2146366009747355,-0.3143470221970021,0.2146372075641564,-0.3143186971888253,0.7133184747015141,-0.056076296839219573,0.4987183721793115,0.2582879804846727,3.649845253284045e-05,1.7255126890169253e-05,3.7105041953755524e-05,4.5580135066957544e-05,0.9279921807182034,-0.3703777389011547,215.27547809639802,162.44733900957365,107.66535992060953,81.22324409059442,107.6101206283499,81.22409802194743,107.63774027447971,81.22367105627092,-2.4525614037429477e-06,-3.1029681792915653e-06,-5.010932926559751,-87.87845317621075,-84.61635817192261,-0.007175444678638083,0.0028071234491214184,-0.014427492494547778
1.2536,0.7133152824931622,-0.056975788364772774,0.21459860600482333,-0.31373286699996356,0.2145994202874535,-0.31370481870626865,0.7132405366688096,-0.05703952895637758,0.49867889643484753,0.25671118419254096,3.6965770861263625e-05,1.7846148954940577e-05,3.778005349136526e-05,4.5894442649845046e-05,0.9278769227271244,-0.3707265015136913,216.06809308901,161.84879089538106,108.06198543116524,80.92374532898589,108.00611019080037,80.9250487563939,108.0340478109828,80.92439704268989,-2.5329555910502677e-06,-3.189998722064047e-06,-5.022671333034387,-87.73412144920445,-84.51778642983193,-0.006981582558407907,0.0028274011969581193,-0.014661857029864223
1.2544,0.7132350926278817,-0.05793726552394036,0.21456351433686027,-0.3131195496297354,0.21456453353593855,-0.31309177823385576,0.7131592070016379,-0.05800190692710868,0.4986331258783604,0.25513607770627106,3.743321358273821e-05,1.8435003644328568e-05,3.845241266098309e-05,4.620639952400071e-05,0.9277611737511592,-0.3710752501573201,216.85639058216884,161.2421978036135,108.45644934643323,80.62022257772993,108.39994385124389,80.62197850344276,108.42819659883855,80.62110054058635,-2.6155082650802797e-06,-3.2775592160305678e-06,-5.03444763956228,-87.59177571953165,-84.42057591326316,-0.006790563212711234,0.0028475984065858256,-0.014894561102437365
1.2552,0.7131515133346636,-0.058897886518723665,0.21453132320893328,-0.31250707447384735,0.21453254455036883,-0.31247958012329424,0.71307449047131,-0.05896342426304206,0.49858106802333574,0.25356267190768794,3.790076095905315e-05,1.902169688263594e-05,3.912210239459535e-05,4.651604743573928e-05,0.9276449357826378,-0.37142398268945365,217.64025996973984,160.62758680824643,108.84869634665282,80.31268941280395,108.79156632331372,80.31490076104114,108.82013133498327,80.31379508692254,-2.700226701790598e-06,-3.3655986442227004e-06,-5.046262085848228,-87.45139634736458,-84.32470007275225,-0.006602375756186462,0.0028677173129312067,-0.01512560610814262
1.256,0.7130645493255114,-0.0598576448420563,0.21450202990753947,-0.31189544594062685,0.21450345062034445,-0.3118682287472373,0.7129863918254085,-0.059924074505001236,0.498522730311518,0.2519909776704033,3.836839364901312e-05,1.9606234777692216e-05,3.978910645396905e-05,4.682342816724264e-05,0.927528210839402,-0.37177269701746085,218.4195906331119,160.00498687187138,109.23867110651602,80.00116035462993,109.18092231371313,80.00382997130801,109.20979671011457,80.00249516296897,-2.7871172392224253e-06,-3.4540665581062058e-06,-5.05811491322489,-87.31296139956713,-84.2301328437221,-0.0064170089712835094,0.002887760142476507,-0.015354993687168417
1.2568000000000001,0.7129742052896824,-0.060816534015328556,0.21447563176717527,-0.31128466845973785,0.21447724908389487,-0.3112577284998261,0.7128949157875444,-0.060883851222470975,0.49845812011307833,0.25042100586088223,3.883609270916022e-05,2.018862361533036e-05,4.045340942882003e-05,4.712858352709515e-05,0.9274110009641484,-0.3721213910986817,219.19427197909,159.37442885538798,109.62631831411684,79.68565087290759,109.56795654115815,79.68878152539224,109.5971374276375,79.68721619914992,-2.8761850217051688e-06,-3.542911855447528e-06,-5.0700063646675115,-87.17644703268607,-84.13684864997067,-0.006234451312961382,0.0029077291130265473,-0.015582725722140367
1.2576,0.7128804858934461,-0.06177454758786369,0.2144521261699232,-0.3106747464827173,0.2144539373270635,-0.31064808379723075,0.7128000670571197,-0.061842748013060125,0.4983872447267896,0.24885276733951212,3.930383959305228e-05,2.07688698549216e-05,4.1114996733315756e-05,4.743155534150251e-05,0.9272933082237763,-0.37247006294043594,219.96419347824312,158.73594552683886,110.01158269012808,79.36617739101999,109.95261375554884,79.36977176790234,109.98209822283846,79.36797457946116,-2.967433800904473e-06,-3.632083462434821e-06,-5.08193668480879,-87.04182782872306,-84.0448224051357,-0.006054690913374975,0.0029276264334873003,-0.015808804335875948
1.2584,0.7127833957798481,-0.0627316791363953,0.2144315105450368,-0.3100656844835077,0.21443351278349024,-0.3100392990781857,0.7127018503090957,-0.06280075850196491,0.49831011138020836,0.24728627296166658,3.9771616149486544e-05,2.134698012381392e-05,4.1773854602855653e-05,4.773238544578812e-05,0.9271751347087354,-0.3728187106000268,220.72924470369117,158.08957156936668,110.39440900719734,79.0427572900003,110.33483875735999,79.04681800089662,110.36462388227866,79.04478764544845,-3.0608661631958967e-06,-3.7215302199911093e-06,-5.0939061199539335,-86.90907708925704,-83.95402951229514,-0.0058777155865618125,0.0029474543037138648,-0.016033231888968658
1.2591999999999999,0.7126829395684784,-0.06368792226454106,0.21441378236852351,-0.30945748695898767,0.21441597293399142,-0.3094313788045249,0.7126002701937654,-0.06375787634142827,0.49822672722986444,0.24572153357877163,4.023940462255515e-05,2.1922961212228476e-05,4.24299700904629e-05,4.8031115674973535e-05,0.9270564825323793,-0.37316733218474096,221.4893153703041,157.43534358827688,110.77474210954898,78.71540891205056,110.71457641723897,78.71993848742729,110.74465926339397,78.71767369973892,-3.1564838423037145e-06,-3.811200969039419e-06,-5.105914918095849,-86.7781670921456,-83.86444586214412,-0.005703512833085313,0.002967214914236969,-0.016256010977485857
1.26,0.712579121855247,-0.06464327060227473,0.21439893916272484,-0.3088501584294994,0.21440131530613815,-0.3088243274617122,0.7124953313365322,-0.06471409521019891,0.4981370993614581,0.24415856003936898,4.070718765075698e-05,2.2496820068454437e-05,4.3083331064008856e-05,4.832778785571201e-05,0.9269373538303212,-0.3735159258518426,222.244295374296,156.77330011718914,111.15252693278295,78.38415156360502,111.09177169579951,78.3891524546282,111.12214931429122,78.3866520091166,-3.2542864403239946e-06,-3.901044067333714e-06,-5.117963328930502,-86.64906931564802,-83.77604782962581,-0.005532069844686772,0.002986910446143718,-0.01647714443097925
1.2608000000000001,0.7124719472121619,-0.06559771780539587,0.21438697849589516,-0.30824370343937396,0.21438953747383202,-0.30821814955937066,0.7123870383376932,-0.06566940881298676,0.49804123479006396,0.242597363190181,4.117494826588741e-05,2.306856379379746e-05,4.373392620277139e-05,4.86224437971014e-05,0.9268177507597912,-0.3738644898085636,222.99407483318413,156.1034816232579,111.52770852385665,78.04900551792821,111.46636966360076,78.0544800963383,111.4970390937287,78.05174280713325,-3.3542732751357107e-06,-3.991008611592406e-06,-5.130051603872426,-86.52175463373085,-83.6888122696079,-0.00536337350891424,0.003006543070815659,-0.016696635310097463
1.2616,0.7123614201871149,-0.06655125755499897,0.21437789798177764,-0.307638126557452,0.21438063705687868,-0.3076128496318074,0.7122753957722284,-0.0666238108799185,0.4979391404603435,0.24103795387717092,4.1642669892705264e-05,2.3638199637479596e-05,4.438174499377112e-05,4.89151252820591e-05,0.9266976754989997,-0.3742130223120885,223.7385441260968,155.42593051144817,111.90023206123992,77.70999201723984,111.8383155212988,77.71594257525163,111.86927379126936,77.71296729624574,-3.4564419308935612e-06,-4.081043300629972e-06,-5.142179996070414,-86.39619348578665,-83.60271651156216,-0.005197410413719682,0.003026114949769028,-0.016914486904539672
1.2624,0.7122475453036702,-0.06750388355694004,0.21437169527917815,-0.30703343237760317,0.2143746117205596,-0.30700843223853586,0.7121604081895944,-0.06757729516599123,0.4978308232467634,0.23948034294660392,4.211033634721195e-05,2.4205734991941674e-05,4.5026777728607303e-05,4.920587405925214e-05,0.9265771302465011,-0.37456152166953516,224.47759393439915,154.740691127849,112.2700428752296,77.36713327435906,112.20755461995844,77.37356202458673,112.23879874759402,77.3703476494729,-3.5607888833055767e-06,-4.1710968048391805e-06,-5.154348760423381,-86.27235602409817,-83.51773835334188,-0.005034166852062083,0.003045628234479572,-0.01713070273083872
1.2631999999999999,0.7121303270608595,-0.0684555895413009,0.21436836809153728,-0.3064296255192427,0.21437145917520078,-0.30640490196479675,0.7120420801135243,-0.0685298554505225,0.4977162899538229,0.237924541246108,4.2577931835818816e-05,2.4771177387812593e-05,4.5669015499405496e-05,4.949473183376435e-05,0.926456117220561,-0.3749099862379314,225.2111152826127,154.04780976201138,112.63708646840973,77.02045247386087,112.57403248151226,77.02736154926872,112.605559474961,77.0239070115648,-3.667309300681154e-06,-4.261118220938442e-06,-5.166558153596373,-86.15021224141472,-83.43385605449136,-0.004873628826488573,0.0030650850661610874,-0.017345286530030535
1.264,0.7120097699329824,-0.06940636926185229,0.2143679141664998,-0.30582671062784395,0.21437117717574022,-0.30580226342207406,0.7119204160418323,-0.0694814855366008,0.4975955473162873,0.23637055962573245,4.3045440954847525e-05,2.5334534489315774e-05,4.630845019520935e-05,4.97817402591999e-05,0.9263346386585274,-0.37525841442418556,225.93899957960474,153.34733464829452,113.00130853624748,76.66997377273603,112.93769481935459,76.67736522661491,112.96950167780103,76.67366949967547,-3.7759973281481507e-06,-4.351056418272492e-06,-5.178808434036765,-86.02973208103747,-83.35104832882237,-0.004715782053694586,0.0030844875756037326,-0.01755824226563618
1.2648000000000001,0.7118858783694116,-0.0703562164955146,0.2143703312954818,-0.3052246923754503,0.21437376352129225,-0.3052005212486101,0.7117954204462233,-0.07043217925053284,0.4974686019994305,0.23481840893900643,4.351284868892025e-05,2.5895814089009483e-05,4.6945074499371575e-05,5.006694092923175e-05,0.9262126968162046,-0.37560680468505386,226.6611386600177,152.63931596620876,113.36265498780827,76.31572230054982,113.29848755905539,76.3235981065198,113.33057127343183,76.31966020353481,-3.886845945544337e-06,-4.440860863041962e-06,-5.19109986199061,-85.91088553181997,-83.26929433651077,-0.00456061196906985,0.003103837883008473,-0.017769574121643927
1.2656,0.7117586567944033,-0.07130512504181759,0.21437561731323598,-0.30462357546118224,0.21437921605471022,-0.30459968010991695,0.7116670977721092,-0.0713819304412898,0.4973354605992832,0.2332681000439959,4.3980140409904944e-05,2.6455024103470837e-05,4.7578881884169366e-05,5.035037536876147e-05,0.9260902939672293,-0.3759551555271033,227.377424825914,151.92380583974045,113.72107196657782,75.95772415909151,113.65635685918286,75.96608621112988,113.68871441288034,75.9619051851107,-3.999846683200303e-06,-4.530480936182357e-06,-5.203432699519205,-85.79364270952739,-83.18857367611113,-0.004408103731230263,0.003123138097794534,-0.017979286500235503
1.2664,0.7116281096069128,-0.07225308872235862,0.21438377009741424,-0.30402336461174223,0.21438753266214625,-0.30399974469928437,0.7115354524384291,-0.07233073297995324,0.49719612964289067,0.23171964380435736,4.4447301875860656e-05,2.7012172568369186e-05,4.8209866607862306e-05,5.0632085026230955e-05,0.9259674324024512,-0.37630346550666927,228.0877508886067,151.20085833564772,114.07650587137775,75.59600642150929,114.01124913221909,75.60485653400492,114.04387750179842,75.6004314777571,-4.1149901335302275e-06,-4.619866473376533e-06,-5.215807210515794,-85.67797392641204,-83.10886637597073,-0.004258242226536662,0.003142390318420344,-0.018187384019540787
1.2671999999999999,0.7114942411804162,-0.07320010138025818,0.21439478756812827,-0.3034240645819173,0.2143987112726096,-0.3034007197382863,0.7114004888374749,-0.07327858075915697,0.4970506155885766,0.2301730510903942,4.491431922998279e-05,2.7567267633907266e-05,4.883802371130619e-05,5.091211126488637e-05,0.9258441144293144,-0.3766517332298094,228.79201021064753,150.4705294607174,114.428903377359,75.23059713092505,114.36311106555394,75.23993703875955,114.39600722145647,75.23526708484229,-4.232265411019398e-06,-4.708967196620506e-06,-5.228223660722477,-85.56384975035876,-83.03015288557049,-0.004111012073599568,0.0031615966322314664,-0.018393871512103033
1.268,0.7113570558627352,-0.07414615687961464,0.2144086676875077,-0.30282568015507877,0.2144127498575216,-0.3028026099772844,0.7112622113347236,-0.07422546769252927,0.4968989248262148,0.2286283327801097,4.538117899888228e-05,2.812031756015132e-05,4.946334901279048e-05,5.119049535450004e-05,0.925720342371244,-0.3769999573522535,229.49009674794232,149.73287715797017,114.77821145705877,74.86152529852465,114.71188964254449,74.87135665717881,114.74505054980163,74.86644097785174,-4.351660948032077e-06,-4.797733311079355e-06,-5.24068231774729,-85.45124105500508,-82.95241406682285,-0.003966397627760309,0.0031807591152584027,-0.01859875402200828
1.2688000000000001,0.7112165579758698,-0.0750912491049563,0.21442540845925592,-0.3022282161436795,0.21442964643026916,-0.30220542019592783,0.7111206242686737,-0.07517138771413215,0.4967410636775092,0.22708549976025943,4.584786809141983e-05,2.8671330712090604e-05,5.008583910465214e-05,5.146727846376542e-05,0.9255961185670343,-0.3773481365793479,230.18190509196697,148.98796130180708,115.12437740150737,74.48882090111796,115.05753216362314,74.49914528680495,115.09095478256526,74.49398309396145,-4.473163556895088e-06,-4.886115817726022e-06,-5.2531834510814726,-85.34011906179428,-82.87563118505952,-0.0038243829855630403,0.003199879832110786,-0.01880203680346426
1.2696,0.7110727518158348,-0.0760353719606932,0.21444500792820373,-0.30163167738974733,0.21444939904575552,-0.30160915520365156,0.7109757319506872,-0.0761163347779007,0.49657703839628137,0.2255445629274025,4.63143737979288e-05,2.922031555585569e-05,5.070549134972291e-05,5.174250165163041e-05,0.9254714453702406,-0.3776962696659964,230.8673305120511,148.23584369208825,115.46734884136885,74.11251487816409,115.39998626744125,74.12333378798937,115.43366755440505,74.11792433307673,-4.596758998332007e-06,-4.974065205942679e-06,-5.26572733211691,-85.23045537485972,-82.79978590007556,-0.003684951989216737,0.003218960835759751,-0.019003725318469833
1.2704,0.7109256416525014,-0.07697851937056728,0.21446746417986057,-0.3010360687653767,0.21447200579994855,-0.30101381984017045,0.7108275386648373,-0.07706030285708014,0.49640685516876476,0.22400553318894986,4.6780683788050226e-05,2.9767280653313077e-05,5.132230387605574e-05,5.2016205859560516e-05,0.9253463251485738,-0.37804435541659726,231.5462689977004,147.47658804713424,115.80707376810031,73.73263912826015,115.73919995203227,73.74395398040716,115.77313686006629,73.73829655433366,-4.722432180415126e-06,-5.0615330735581665e-06,-5.2783142341638145,-85.12222201009168,-82.72486025722179,-0.003548088231026953,0.0032380041673993496,-0.01920382523474018
1.2711999999999999,0.7107752317294451,-0.0779206852771,0.214492775339963,-0.30044139517321716,0.21449746482942703,-0.30041941897597235,0.7106760486677609,-0.07800328594366161,0.496230520113908,0.22246842146421394,4.724678611012223e-05,3.0312234658401438e-05,5.193627557409375e-05,5.228843190321214e-05,0.925220760283298,-0.37839239268497554,232.21861730092553,146.71025999564756,116.1435005551146,73.34922650508771,116.07512159597766,73.36103863903097,116.10931107554613,73.35513257205935,-4.8501667322398134e-06,-5.1484711320881615e-06,-5.2909444324685335,-85.01539141846601,-82.65083667836242,-0.003413775057831156,0.0032570118562867483,-0.01940234242405836
1.272,0.7106215262637973,-0.07886186364103917,0.21452093957402163,-0.29984766154695963,0.21452577431092418,-0.2998259575128069,0.7105212661885179,-0.07894527804781609,0.4960480392836847,0.22093323868545564,4.7712669188459955e-05,3.085518631207318e-05,5.254740609095254e-05,5.255922046483452e-05,0.9250947531686304,-0.3787403803743109,232.88427297854705,145.936927067546,116.47657797892995,72.96231081281711,116.40769997956218,72.97462148956048,116.44213897924607,72.96846615118879,-4.979945089189641e-06,-5.2348315762174025e-06,-5.303618204231604,-84.90993650507272,-82.57769795306069,-0.0032819955754068136,0.003275985919578576,-0.019599282959660513
1.2728,0.7104645294461045,-0.07980204844080326,0.21455195508686492,-0.29925487285181995,0.21455693246086857,-0.2992334403841727,0.7103631954284535,-0.07988627319732672,0.49585941866341227,0.21939999579893135,4.817832182363313e-05,3.1396144438117224e-05,5.315569582731161e-05,5.282861208535938e-05,0.9249683062111457,-0.3790883174370613,233.5431344344441,145.15665868370448,116.80625524029263,72.57192680096483,116.73688430590038,72.58473720330694,116.7715697730965,72.57833200213588,-5.1117488908403175e-06,-5.320567282751654e-06,-5.316335828625961,-84.80583064357526,-82.5054272296476,-0.003152732652872526,0.0032949283622250966,-0.0197946531147295
1.2736,0.7103042454401906,-0.080741233671927,0.21458582012218066,-0.29866303408501826,0.21459093753492361,-0.29864187255580116,0.7102018405610684,-0.08082626543702233,0.49566466417207733,0.2178687037659351,4.8643733189579486e-05,3.193511793912057e-05,5.376114593258485e-05,5.309664715622692e-05,0.9248414218291816,-0.3794362028748844,234.19510096171632,144.3695261446001,117.13248198525366,72.17811015870254,117.06262422202079,72.19142139152869,117.09755310363722,72.18476577511561,-5.245558128308403e-06,-5.40563112849668e-06,-5.32909758681541,-84.70304768750039,-82.43400800654975,-0.003025968927066833,0.003313841176731357,-0.019988459360234856
1.2744,0.7101406783830259,-0.08167941334650185,0.21462253296205558,-0.2980721502762584,0.21462778782752323,-0.298051259026138,0.7100372057318928,-0.0817652488282052,0.4954637816626699,0.21633937356384467,4.910889283271658e-05,3.24721157914723e-05,5.436375830036866e-05,5.3363365911864025e-05,0.9247141024522487,-0.37978403573855174,234.84007278472274,143.57560261786142,117.45520832618647,71.78089750861919,117.38486983988878,71.7947105992194,117.42003908303762,71.7878040539193,-5.3813525084933644e-06,-5.489977183970041e-06,-5.3419037619732235,-84.60156197823775,-82.36342412365241,-0.002901686806917261,0.0033327263430957027,-0.02018070836314223
1.2752,0.7099738323846007,-0.08261658149261841,0.21466209192651176,-0.29748222648820144,0.2146674816714062,-0.2974616048268212,0.7098692950583668,-0.08270321744808228,0.4952567769225248,0.214812016187161,4.957379066966583e-05,3.3007147041817786e-05,5.4963535564167554e-05,5.3628808422044594e-05,0.9245863505204428,-0.3801318151278617,235.47795110097135,142.7749631247173,117.77438486272689,71.3803263999321,117.7035717573547,71.39464229834475,117.73897831004079,71.38748434913842,-5.519110231944069e-06,-5.573559548111007e-06,-5.354754639301023,-84.50134835039705,-82.29365975377789,-0.0027798684777977432,0.003351585828611398,-0.020371406984025953
1.276,0.7098037115278046,-0.08355273215380564,0.21470449537304115,-0.2968932678169389,0.2147100174371472,-0.29687291502315716,0.7096981126297253,-0.08364016538919186,0.49504365567367076,0.2132866426485493,5.003841698664191e-05,3.35402208022223e-05,5.556048109273126e-05,5.38930145839861e-05,0.9244581684838591,-0.3804795401915468,236.10863812282034,141.96768452534653,118.08996270262054,70.97643530114843,118.01868107900822,70.99125488053123,118.05432189081438,70.98384509083982,-5.6588084191844246e-06,-5.656333115666712e-06,-5.367650506047808,-84.40238213472739,-82.22469939435695,-0.002660495905871542,0.0033704215877511552,-0.020560562275704797
1.2768,0.7096303198683119,-0.08448785938846806,0.21474974169613725,-0.29630527939246293,0.21475539353268588,-0.2962851947145945,0.7095236625068893,-0.08457608675882944,0.494824423573189,0.21176326397988,5.050276243701024e-05,3.407134624647257e-05,5.6154598985669324e-05,5.415602411489029e-05,0.9243295588020122,-0.38082721012717746,236.7320371189607,141.15384550313098,118.40189348245985,70.56926359217938,118.33014943692456,70.58458764920539,118.3660214596922,70.57692562069238,-5.80042370756928e-06,-5.73825377614412e-06,-5.380591651529226,-84.30463915915072,-82.15652785919266,-0.0025435508424062345,0.0033892355620015286,-0.020748181480882977
1.2776,0.7094536614344702,-0.08542195726932479,0.21479782932682462,-0.29571826637913173,0.21480360840285317,-0.2956984490351932,0.709345948722362,-0.08551097567847475,0.4945990862135772,0.2102418912332627,5.096681803984371e-05,3.46005326057261e-05,5.674589406839958e-05,5.4417876544247956e-05,0.9242005239432549,-0.38117482418106224,237.3480524556497,140.33352654780862,118.71012938829593,70.15885155590306,118.63792901128498,70.17468081118291,118.67402919979045,70.16676618354299,-5.943931199681174e-06,-5.819277362206776e-06,-5.393578367147067,-84.20809574798504,-82.08913027045581,-0.0024290148280993714,0.0034080296797416474,-0.020934272030388
1.2784,0.7092737402271969,-0.08635501988284328,0.2148487567321855,-0.2951322339761355,0.2148546605288952,-0.2951126831540932,0.7091649752801308,-0.08644482628321397,0.4943676491231235,0.20872253548208577,5.143057517820182e-05,3.512778916419518e-05,5.7334371887929336e-05,5.4678611206497585e-05,0.9240710663842042,-0.38152238164814295,237.95658963765604,139.50680993753687,119.01462317610682,69.7452403691837,118.9419725508547,69.76157546771381,118.97829786348076,69.75340791844876,-6.089305486511876e-06,-5.899360644434637e-06,-5.40661094640895,-84.1127287197054,-82.02249205075108,-0.0023168691973675967,0.0034268058561026686,-0.02111884154140853
1.2792,0.7090905602198795,-0.0872870413286753,0.21490252241488436,-0.29454718741795705,0.21490854842799442,-0.29452790227597897,0.7089807461555744,-0.08737763272116424,0.4941301177662875,0.20720520782204824,5.1894025597520876e-05,3.565312525542069e-05,5.792003870758178e-05,5.493826723349665e-05,0.9239411886091663,-0.3818698818718878,238.55755534889016,138.673779719864,119.31532819210699,69.32847209334479,119.24223339330305,69.34531360498059,119.27878079270502,69.3368928491627,-6.23651988007623e-06,-5.978461388167489e-06,-5.419689684948254,-84.01851538336986,-81.95659891545375,-0.0022070950826388104,0.0034455659928252966,-0.021301897815334314
1.28,0.7089041253582822,-0.08821801571908984,0.2149591249126892,-0.2939631319748304,0.21496527065278834,-0.29394411164154133,0.7087932652953755,-0.08830938915289509,0.49388649754409003,0.2056899193721934,5.2357161403782104e-05,3.617655025808103e-05,5.850290150294368e-05,5.5196883547180275e-05,0.9238108931095675,-0.38221732424417837,239.15085749268144,137.83452169161802,119.61219839288094,68.90858966410025,119.53866548534754,68.92593808405557,119.57543193911424,68.91726387407792,-6.385547038689765e-06,-6.0565378134924686e-06,-5.432814880544257,-83.92543353402331,-81.89143686510943,-0.0020996734186175194,0.0034643119781346543,-0.021483448836306707
1.2808,0.7087144395604569,-0.08914793717840416,0.21501856279799128,-0.29338007295319796,0.21502482579088575,-0.2933613165279382,0.7086025366174398,-0.08924008975084817,0.4936367937945098,0.2041766812759419,5.281997506129121e-05,3.669807359212712e-05,5.908296795581469e-05,5.545449885189374e-05,0.9236801823833868,-0.3825647082051942,239.7364052316714,136.98912337771893,119.9051883653234,68.4856368809485,119.83122340270654,68.50349263031916,119.86820588401497,68.49456475563383,-6.53635854064305e-06,-6.133548737352612e-06,-5.445986833142506,-83.83346144720086,-81.82699217819354,-0.001994584946545604,0.003483045686595869,-0.02166350276877438
1.2816,0.7085215067166607,-0.09007679984241675,0.2150808346773214,-0.29279801569616254,0.21508721246438017,-0.29277952224924925,0.7084085640108186,-0.090169728698759,0.49338101179288885,0.20266550470211803,5.328245939162368e-05,3.7217704714487265e-05,5.966024645043255e-05,5.571115162777973e-05,0.9235490589345905,-0.3829120332432938,240.31410902729021,136.13767400891766,120.19425334637222,68.05965839602928,120.11986236984345,68.07802182234246,120.15705785810783,68.06884010918587,-6.6889254526358854e-06,-6.209454085137622e-06,-5.459205844875443,-83.74257787256327,-81.76325140379247,-0.001891810218446958,0.003501768978992794,-0.021842067956157507
1.2824,0.7083253306892788,-0.09100459785783496,0.21514593919086397,-0.2922169655839397,0.2151524293293606,-0.2921987341569322,0.70821135133564,-0.09109830019107361,0.4931191567523471,0.20115640084598166,5.374460757112676e-05,3.77354531155491e-05,6.0234746067755474e-05,5.5966880123083096e-05,0.9234175252725716,-0.38325929889489024,240.88388067878222,135.28026449847968,120.4793492425141,67.63069970245311,120.4045382794857,67.64957108024088,120.4419437609999,67.640135391347,-6.843217590812856e-06,-6.2842143222496816e-06,-5.472472220083207,-83.65276202699413,-81.70020135469855,-0.001791329601357017,0.003520483702216362,-0.022019152918858254
1.2832,0.7081259153127515,-0.09193132538170556,0.2152138750119683,-0.2916369280343039,0.21522047507542003,-0.2916189576402724,0.7080109024230415,-0.09202579843236783,0.4928512338242024,0.19964938093025147,5.420641312908758e-05,3.825132831537792e-05,6.0806476580854696e-05,5.622172234688583e-05,0.9232855839115908,-0.38360650474432484,241.44563336174858,134.41698741781133,120.76043264904953,67.19880712210221,120.68520771190343,67.21818665349981,120.72282018047648,67.208496887801,-6.999204373414614e-06,-6.357790681477127e-06,-5.485786265334747,-83.56399358711407,-81.63782910056582,-0.0016931232815400995,0.0035391916891008893,-0.022194766352328088
1.284,0.7079232643935086,-0.09285697658084183,0.2152846408466577,-0.2910579085030345,0.2152913484251608,-0.2910401981268316,0.7078072210751125,-0.09295221763676352,0.4925772480984013,0.19814445620613036,5.466786994645645e-05,3.876533985940761e-05,6.137544844964093e-05,5.647571606230001e-05,0.9231532373702198,-0.3839536504237357,241.9992816661754,133.54793697105015,121.03746086909973,66.76402779291361,120.96182795392978,66.78391560828204,120.99964441151477,66.77397170059783,-7.156854138656854e-06,-6.430145504054963e-06,-5.499148289449121,-83.47625268134891,-81.57612196126487,-0.0015971712687003936,0.00355789475832592,-0.02236891712558986
1.2848,0.7077173817099077,-0.0937815456312491,0.21535823543313515,-0.29047991248435884,0.21536504813369747,-0.29046246108289425,0.7076003110648393,-0.0938775520273435,0.4922972046039572,0.19664163795433026,5.512897225301572e-05,3.927749731489488e-05,6.194167281536878e-05,5.672889877949422e-05,0.9230204881707897,-0.38430073561292283,242.5447416339114,132.67320896862688,121.31039193233806,66.32640965564852,121.23435701770788,66.34680581422005,121.27237447502297,66.33660773493429,-7.316134542634245e-06,-6.5012416996523825e-06,-5.512558603517048,-83.38951988176531,-81.51506750044638,-0.00150345340016444,0.003576594714293007,-0.022541614278850375
1.2856,0.7075082710121784,-0.09470502671755238,0.21543465754128713,-0.28990294551139056,0.21544157298815741,-0.2898857520139099,0.7073901761360565,-0.09480179583556816,0.4920111083093952,0.19514093748608996,5.5589714625770004e-05,3.978781026757472e-05,6.250516149614027e-05,5.698130774821342e-05,0.9228873388388397,-0.3846477600392105,243.08193079556898,131.79290079980973,121.57918461343309,65.88600144015219,121.50275365914852,65.90690593070062,121.54096913629081,65.8964536854264,-7.477012644585557e-06,-6.571043059011572e-06,-5.526017520922752,-83.30377619549444,-81.45465351924061,-0.0014119493450669813,0.0035952933469870696,-0.022712867022391947
1.2864,0.7072959360223743,-0.09562741403241894,0.21551390597218406,-0.289327013156568,0.2155209218071778,-0.2893100764649338,0.7071768200034054,-0.09572494330068748,0.4917189641232089,0.1936423661441977,5.605009198750288e-05,4.0296288317170914e-05,6.306592698129831e-05,5.723297995138821e-05,0.9227537919025708,-0.3849947234773041,243.61076820681185,130.90711140425358,121.84379845018444,65.44285265111729,121.76697739608196,65.46426539265073,121.8053879231332,65.45355902188402,-7.639454537411439e-06,-6.639514452899675e-06,-5.539525357365966,-83.21900305602774,-81.39486805014164,-0.0013226386085122411,0.003613992431882089,-0.022882684734469194
1.2872,0.7070803804343255,-0.0965487017759837,0.21559597955757875,-0.28875212103208703,0.21560309344040068,-0.28873544002106366,0.7069602463522955,-0.09664698866915608,0.4914207768943208,0.19214593530400548,5.651009960405684e-05,4.080294107451643e-05,6.362398242598655e-05,5.7483952097883706e-05,0.9226198498923003,-0.3853416257491452,244.13117448400058,130.01594124255882,122.10419376133719,64.99701355335185,122.02698852608941,65.01893439582825,122.0655911437133,65.00797397459004,-7.803426029795446e-06,-6.706621263674606e-06,-5.5530824308843165,-83.1351823143845,-81.335699351112,-0.0012355005357338202,0.0036326937297851093,-0.02305107695951847
1.288,0.7068616079136014,-0.0974688841552712,0.2156808771594013,-0.288178274790333,0.21568808676796516,-0.2881618483078746,0.7067404588388734,-0.09756792619404447,0.49111655141255417,0.19065165637444595,5.696973308211284e-05,4.1307778157445574e-05,6.417934164593131e-05,5.773426061581044e-05,0.9224855153399207,-0.38568846672376167,244.64307183916506,129.11949226586609,122.36033166405988,64.54853515656546,122.28274814399715,64.57096388163096,122.32153990402853,64.5597495190982,-7.968891992504723e-06,-6.772330323201459e-06,-5.566689061875848,-83.05229623022487,-81.27713589980226,-0.0011505143162320298,0.0036513989867631314,-0.023218053406480976
1.2888,0.7066396220974774,-0.09838795538361685,0.21576859766925216,-0.28760548012431003,0.21577590069999616,-0.28758930699185153,0.7065174610899974,-0.09848775013445013,0.4908062924091132,0.1891595407990473,5.742898836802457e-05,4.181080918740088e-05,6.473201911205706e-05,5.798394164589771e-05,0.9223507907783616,-0.3860352463171143,245.14638411427282,128.21786788450075,122.61217409106973,64.0974691996803,122.53421815901987,64.1204055214293,122.5731961250448,64.1089373605548,-8.135816784715644e-06,-6.83660886124926e-06,-5.580345573121872,-82.97032746275734,-81.21916638794774,-0.0010676589879021934,0.00367010993400061,-0.02338362394718274
1.2896,0.7064144265949064,-0.09930590968008955,0.21585914000789158,-0.2870337427680654,0.2158665341760914,-0.2870178217808164,0.7062912567032165,-0.09940645475490983,0.4904900045570699,0.18766960005694122,5.78878617450429e-05,4.231204378563058e-05,6.528202994487975e-05,5.823303103463795e-05,0.9222156787410529,-0.3863819644919406,245.6410368147649,127.31117293568201,122.85968380739136,63.64386813467509,122.78136131153764,63.667311700432194,122.82052255946451,63.65558991755364,-8.304164111905266e-06,-6.899425272877124e-06,-5.594052289810088,-82.88925906182924,-81.16177971596257,-0.0009869134411491394,0.003688828287687786,-0.023547798614401927
1.2904,0.706186024986497,-0.10022274126890976,0.21595250312472708,-0.2864630684971138,0.21595998616480483,-0.2864473984243568,0.706061849246756,-0.10032403432480767,0.49016769247186054,0.18618184566387655,5.8346349831595035e-05,4.2811491570475535e-05,6.582938990934428e-05,5.848156432745194e-05,0.9220801817613924,-0.38672862125759394,246.12695714232711,126.39951365032539,123.10282442673345,63.18778510997541,123.02414118949093,63.21173550109887,123.06348280811218,63.19976030553714,-8.473897253225005e-06,-6.960748891060575e-06,-5.6078095395579375,-82.80907445885524,-81.10496498766084,-0.0009082564229956287,0.003707555748901312,-0.023710587600447752
1.2912,0.7059544208244967,-0.10113844437887094,0.21604868599729746,-0.28589346312885666,0.21605625566312758,-0.28587804271424666,0.7058292422595086,-0.10124048311778622,0.48983936071179013,0.1846962891732231,5.880444957895303e-05,4.33091621526438e-05,6.637411540910687e-05,5.872957676264501e-05,0.9219443023722151,-0.3870752166698802,246.60407402687292,125.4829976189502,123.34156042747034,62.729273953397524,123.2625222443814,62.7537306861027,123.30204133592588,62.74150231975011,-8.64497883412696e-06,-7.020550029324113e-06,-5.6216176524362655,-82.7297574580013,-81.04871150512635,-0.0008316665411673935,0.0037262940035330677,-0.02387200125517097
1.292,0.7057196176327802,-0.10205301324275692,0.2161476876307546,-0.28532493252299984,0.2161553416959661,-0.28530976048486856,0.705593439251031,-0.10215579541115423,0.4895050137785453,0.18321294217697862,5.9262158268902354e-05,4.3805065132997145e-05,6.69162234803733e-05,5.897710326429467e-05,0.921808043105266,-0.3874217508308898,247.07231815770467,124.56173375672037,123.57585716821274,62.26838915465824,123.49646980686302,62.293351680862,123.53616348753788,62.28087041776012,-8.817371082159298e-06,-7.078799868054375e-06,-5.6354769609932545,-82.65129222726189,-80.99300876384032,-0.0007571222681847184,0.003745044722112945,-0.024032050084429102
1.2928,0.7054816189068459,-0.10296644209675923,0.21624950705734183,-0.2847574825819686,0.21625724331561694,-0.2847425576136309,0.7053544437015469,-0.10306996548529403,0.48916465611771703,0.1817318163067731,5.971947351196549e-05,4.42992100985265e-05,6.745573178706943e-05,5.922417843625544e-05,0.9216714064906758,-0.38776822388882637,247.53162201382952,123.63583226764004,123.80568090295574,61.80518584746295,123.72595010190948,61.83065355564777,123.76581550243262,61.81791970155536,-8.991035713279416e-06,-7.135470681873812e-06,-5.649387800278603,-82.5736632897079,-80.93784644779029,-0.0006846019454162348,0.0037638095597646503,-0.024190744748437965
1.2936,0.705240428113814,-0.10387872517989591,0.21635414333586994,-0.2841911192513178,0.21636195960123972,-0.28417644002138165,0.705112259061954,-0.10398298762307044,0.48881829211932915,0.18025292323486652,6.0176393245181536e-05,4.479160661918086e-05,6.799265861495707e-05,5.947083655533786e-05,0.9215343950564387,-0.3881146360378329,247.98191989340333,122.70540460792357,124.03099879579031,61.33971979118087,123.95093026354685,61.3656920072783,123.99096452966859,61.35270589922958,-9.165933846588814e-06,-7.190535598056158e-06,-5.6633505078680715,-82.49685551482867,-80.88321442485955,-0.0006140837871431802,0.0037825901560535505,-0.024348096060066382
1.2944,0.7049960486924337,-0.10478985673342579,0.21646159555119027,-0.2836258485201426,0.21646948965832594,-0.28361141367282183,0.704866888753839,-0.10489485610923564,0.48846592611837825,0.1787762746751515,6.063291572955265e-05,4.528226424454357e-05,6.852702286519463e-05,5.971711156532028e-05,0.9213970113278944,-0.38846098751781294,248.4231479422733,121.77056344857252,124.25177893516398,60.87204735212421,124.1713783491358,60.89852334041713,124.21157864214989,60.88528534627067,-9.342026487502153e-06,-7.243968823900104e-06,-5.677365423888226,-82.42085411004129,-80.82910274234766,-0.0005455458845984715,0.0038013881348904206,-0.024504114983130876
1.2952,0.7047484840530948,-0.10569983100026611,0.2165718628136648,-0.2830616764214826,0.21657983261816596,-0.28304748457691253,0.7046183361694967,-0.1058055652298371,0.48810756239538033,0.17730188238414596,6.108903954848977e-05,4.5771192500439206e-05,6.90588440496187e-05,5.9963037070530356e-05,0.9212592578272111,-0.3888072786142492,248.85524418160026,120.8314226371771,124.46799034768149,60.402225484439796,124.38726335319302,60.42920444848299,124.42762685043726,60.415714966461394,-9.519274271951872e-06,-7.2957456893618655e-06,-5.6914328910415515,-82.34564461224934,-80.77550162253624,-0.0004789662100037716,0.0038202051044641076,-0.02465881263094616
1.296,0.7044977375778433,-0.10660864222440679,0.21668494425863322,-0.2824986090327257,0.21669298763731254,-0.28248465878728235,0.7043666046719554,-0.10671510927162234,0.4877432051769265,0.17582975816198948,6.154476360431538e-05,4.6258400886081685e-05,6.958814228358312e-05,6.020864632945433e-05,0.9211211370728722,-0.3891535096580186,249.27814853453106,119.88809715897554,124.67960301142904,59.93031171062961,124.59855522073892,59.957792794188066,124.63907911608398,59.94405225240884,-9.697636897953998e-06,-7.345842135464409e-06,-5.705553254631832,-82.27121287969078,-80.72240145856695,-0.0004143226205881816,0.0038390426570585282,-0.024812200264364037
1.2968,0.7042438126204078,-0.1075162846503241,0.21680083904587746,-0.2819366524760084,0.2168089538970413,-0.28192294240263005,0.7041116975950085,-0.10762348252144352,0.4873728586362488,0.1743599138534354,6.200008711770844e-05,4.674389887053543e-05,7.011493828162907e-05,6.045397224889448e-05,0.9209826515791675,-0.38949968102520305,249.69180285190015,118.94070309719515,124.88658786881511,59.45636410171291,124.80522486015968,59.484346389717814,124.8459063644874,59.47035524571536,-9.877074660380458e-06,-7.394235566948737e-06,-5.719726862589813,-82.19754508371913,-80.6697928102168,-0.0003515928625905226,0.0038579023690373804,-0.024964289290636543
1.2976,0.7039867125062244,-0.10842275252239653,0.2169195463590831,-0.2813758129186116,0.21692773060280865,-0.2813623415671239,0.7038536182432504,-0.1085306792656637,0.4869965268937915,0.17289236134883762,6.245500962415163e-05,4.722769588975939e-05,7.063925334976906e-05,6.0699047377418824e-05,0.9208438038556832,-0.3898457931368979,250.09615093693944,117.98935759270202,125.08891683891265,58.98044125704277,125.0072441555737,59.00892377656338,125.04808049724318,58.994682516803074,-1.0057546916186766e-05,-7.440904127520298e-06,-5.733954065499249,-82.12462770098048,-80.61766640009112,-0.000290754575272234,0.003876785800670776,-0.025115091261255884
1.2984,0.7037264405324739,-0.109328040084316,0.21704106540529775,-0.28081609657335665,0.21704931698370644,-0.2808028624707999,0.7035923698921209,-0.10943669378955928,0.4866142140177953,0.17142711258514062,6.290953097215501e-05,4.770980134324865e-05,7.116110938082398e-05,6.094390390001814e-05,0.9207045964067995,-0.39019184645901595,250.49113856897208,117.03417880299472,125.28656282929502,58.5026022837948,125.20458597868996,58.531584005026886,125.24557440399249,58.51709314441084,-1.0239012908641598e-05,-7.485826969855225e-06,-5.748235216623161,-82.05244750562176,-80.56601310965189,-0.0002317852948859531,0.003895694496083326,-0.02526461787076073
1.2992,0.7034629999681212,-0.11023214157850249,0.21716539541438673,-0.280257509698995,0.21717371229191426,-0.28024451134995515,0.7033279557879517,-0.1103415203767252,0.48622592402488596,0.16996417954686122,6.33636513209801e-05,4.8190224591446174e-05,7.168052884853893e-05,6.118857363128505e-05,0.920565031731187,-0.39053784150208887,250.87671352607137,116.0752858605626,125.47949974735329,58.02290677613834,125.39722420014962,58.05238661340876,125.43836197375146,58.03764669477355,-1.0421431539953119e-05,-7.528984497184865e-06,-5.762570671930506,-81.98099156166377,-80.51482397554909,-0.00017466245865959185,0.003914629983121251,-0.025412880955173023
1.3,0.7031963940539604,-0.1111350512455158,0.21729253563848558,-0.2797000586005966,0.21730091580214733,-0.2796872944875388,0.7030603791480232,-0.11124515330847803,0.4858316608806753,0.1685035742670708,6.38173711376977e-05,4.866897495221789e-05,7.219753479947855e-05,6.143308801000169e-05,0.9204251123213083,-0.3908837788210647,251.25282560666636,115.11279883064827,125.66770251108706,57.54141479411079,125.58513370034134,57.57139160689535,125.62641810571421,57.55640320050307,-1.0604762053390004e-05,-7.5703578659158666e-06,-5.776960790123125,-81.91024721566654,-80.46409018614257,-0.00011936340875929428,0.00393359377326191,-0.025559892489923186
1.3008,0.7029266260026682,-0.11203676332346653,0.2174224853514496,-0.2791437496299362,0.217430926811103,-0.27913121821354103,0.7027896431606228,-0.11214758686325807,0.4854314285003692,0.16704530882837632,6.427069119602224e-05,4.914606169818814e-05,7.271215084941884e-05,6.167747809336654e-05,0.9202848406629218,-0.39122965901510093,251.61942665007348,114.14683866844027,125.85114705935779,57.058186842206254,125.76829037967832,57.08865943616324,125.80971871951806,57.07342313918475,-1.0788962640617683e-05,-7.609929227214707e-06,-5.791405932663002,-81.84020208935738,-80.41380307784786,-6.586539623998098e-05,0.003952587361531037,-0.02570566458882695
1.3016,0.7026536989988603,-0.1129372720474295,0.21755524384830055,-0.2785885891858739,0.2175637446369032,-0.2785762889053768,0.7025157509851115,-0.11304881531603386,0.4850252307493841,0.16558939536389367,6.472361257309212e-05,4.9621494053617154e-05,7.322440117568663e-05,6.192177455076331e-05,0.9201442192345879,-0.391575482727357,251.9764705559387,113.1775271757268,126.02981036159795,56.57328384769578,125.9466711683329,56.60425097571303,125.98824076496543,56.5887674117044,-1.09739921470009e-05,-7.647682011224788e-06,-5.805906463799914,-81.77084407264289,-80.36395413190877,-1.4145584988328966e-05,0.003971612226387202,-0.025850209502436883
1.3024,0.702377616199156,-0.11383657164885284,0.21769081044467017,-0.2780345837147358,0.21769936861853426,-0.27802251298826886,0.7022387057519974,-0.11394883293770272,0.4846130714439745,0.1641358460582245,6.51761366472492e-05,5.0095281191472885e-05,7.373431051127532e-05,6.21660076583902e-05,0.9200032505071789,-0.3919212506447801,252.32391330257335,112.20498695704904,126.20367042696577,56.086767138697724,126.12025403541637,56.118227501951964,126.16196223119107,56.102497320324844,-1.115980879262679e-05,-7.683600642849342e-06,-5.820462750599356,-81.70216131669518,-80.31453497110498,3.58189443552879e-05,0.003990669829635189,-0.02599353961613815
1.3032,0.7020983807322458,-0.11473465635497045,0.2178291844762407,-0.27748173971068857,0.21783779811528342,-0.27746989693562607,0.7019585105630116,-0.11484763399449477,0.48419495435186666,0.16268467314842472,6.562826509576292e-05,5.0567432230919085e-05,7.424190413846121e-05,6.24102072934174e-05,0.9198619369433907,-0.3922669634978899,252.66171296416857,111.22934137537932,126.3727063129402,55.598698422010045,126.28901799759953,55.63065067103943,126.33086215526987,55.61467454652474,-1.1346371167064717e-05,-7.717670158058354e-06,-5.83507516297086,-81.63414222719086,-80.26553735663083,8.405119046404926e-05,0.004009761616310463,-0.026135667449040056
1.304,0.701815995698968,-0.11563152038821171,0.2179703652981826,-0.27693006371611323,0.21797903250617268,-0.2769184472694186,0.701675168491193,-0.11574521274737398,0.4837708831929029,0.16123588892497306,6.607999989244329e-05,5.103795623381813e-05,7.474720788253064e-05,6.265440292843594e-05,0.9197202809972581,-0.3926126220605588,252.98982972687423,110.25071450736309,126.53689813334712,55.10913976072622,126.4529431271645,55.141582496513976,126.49492063025582,55.1253611286201,-1.1533637405136687e-05,-7.749877113383263e-06,-5.84974407369665,-81.56677545779624,-80.21695318505421,0.00013057422743124997,0.004028889014619538,-0.026276605652128637
1.3048,0.7015304641723898,-0.11652715796561096,0.21811435228458864,-0.27637956232197536,0.2181230711893887,-0.27636817056055174,0.7013886825809789,-0.11664156345143943,0.4833408616396957,0.15978950573273834,6.653134330547594e-05,5.1506862202420345e-05,7.525024810550729e-05,6.289862362603843e-05,0.9195782851136731,-0.39295822714978873,253.30822590372995,109.26923109815876,126.69622706581204,54.61815355164893,126.61201055948351,54.651085326718515,126.65411881264777,54.63461943918372,-1.1721565584821292e-05,-7.780208690633117e-06,-5.8644698584606045,-81.50004990372895,-80.16877448537039,0.0001754112008621464,0.0040480534358147925,-0.026416367006873998
1.3056,0.7012417891978933,-0.11742156329821897,0.21826114482790565,-0.27583024216819035,0.2182699135817109,-0.2758190734292342,0.7010990558482989,-0.11753668035532852,0.4829048933182878,0.1583455359719385,6.698229789459109e-05,5.197415907669256e-05,7.575105169982388e-05,6.314289803287243e-05,0.9194359517279045,-0.39330377962548596,253.61686594843556,108.28501651590365,126.8506753586324,54.125802502518155,126.76620249991751,54.159221822038816,126.80843892927496,54.142512162278486,-1.1910114352531309e-05,-7.808653322172177e-06,-5.879252895877673,-81.43395469556802,-80.12099341618865,0.00021858532399349453,0.004067256274111712,-0.026554964423809224
1.3064,0.7009499737932688,-0.11831473059051081,0.2184107423383625,-0.2752821099439886,0.21841955911793515,-0.2752711625453447,0.7008062912806788,-0.11843055770061667,0.482462981808825,0.1569039920991029,6.743286650862101e-05,5.2439855731001295e-05,7.624964608132778e-05,6.338725437486648e-05,0.9192932832651226,-0.3936492803902304,253.9157164679522,107.2981967058503,127.00022633706433,53.63214960907443,126.91550223012949,53.66605493197612,126.9578642835969,53.649102270525276,-1.2099241615715073e-05,-7.835200250383423e-06,-5.894093567523562,-81.36847919323844,-80.07360226299343,0.0002601198738195407,0.00408649890659648,-0.026692410940796663
1.3072,0.7006550209488139,-0.11920665403979681,0.2185631442433956,-0.27473517238827444,0.21857200725029508,-0.27472444462879503,0.7005103918373468,-0.11932318972122026,0.482015130646235,0.1554648866280262,6.788305228389024e-05,5.2903960972024155e-05,7.674605918328581e-05,6.363172045143611e-05,0.9191502821399257,-0.39399473038904326,254.20474623392235,106.3088981441988,127.14486440901996,53.1372581319704,127.05989411380835,53.171647872068064,127.10237926141416,53.15445300201923,-1.2288905963941943e-05,-7.859839655566248e-06,-5.908992257964865,-81.30361298001652,-80.02659343548913,0.0003000381872254087,0.004105782693135507,-0.02682871972174894
1.308,0.7003569336274382,-0.12009732783563133,0.21871834998707088,-0.27418943628998377,0.21872725744788016,-0.2741789264498895,0.7002113604493474,-0.12021457064279734,0.4815613433209173,0.1540282321307223,6.833285864077387e-05,5.336648353587714e-05,7.724031945005594e-05,6.387632363014095e-05,0.9190069507558684,-0.39434013060915096,254.4839261929039,105.317247791668,127.28457507017053,52.641191573552305,127.1993636017991,52.67606410067867,127.24196933598482,52.65862783711549,-1.2479065730985894e-05,-7.882562982786112e-06,-5.923949354789534,-81.23934585689442,-79.97995946503251,0.00033836365712978835,0.004125108976273379,-0.026963904055008925
1.3088,0.7000557147647736,-0.12098674615922109,0.21887635902950248,-0.2736449084884385,0.21888530919605023,-0.2736346148296818,0.6999092000196627,-0.12110469468214835,0.4811016232794418,0.15259404123837544,6.878228928158814e-05,5.3827432085290505e-05,7.773245582931576e-05,6.412109084195927e-05,0.9188632915049946,-0.39468548207974485,254.75322947540724,104.32337304683739,127.41934490845173,52.14401365452727,127.33389723663501,52.17936729567259,127.37662107254337,52.16169047509993,-1.2669679506416287e-05,-7.903362472916342e-06,-5.938965248637725,-81.17566783699195,-79.93369300221546,0.0003751197286504063,0.0041444790811693746,-0.027097977351758118
1.3096,0.6997513672692915,-0.12187490318283596,0.21903717084626892,-0.27310159587369576,0.21904616199584756,-0.2730915166403279,0.6996039134233358,-0.12199355604661888,0.4806359739252554,0.1511623266422844,6.923134818853649e-05,5.4286815207527095e-05,7.822249776717749e-05,6.436604857540384e-05,0.9187193067673719,-0.39503078587173923,255.01263140373416,103.32740169929487,127.5491616079695,51.64578829053298,127.46348265647069,51.68162133099318,127.50632213222009,51.66370481076308,-1.2860706021911028e-05,-7.92223129053582e-06,-5.954040333233083,-81.11256914007514,-79.887786814404,0.00041032989526332823,0.004163894315462655,-0.02723095314507873
1.3104,0.6994438940224257,-0.12276179306921602,0.21920078492782574,-0.272559505386897,0.21920981536340464,-0.27254963880543576,0.6992955035076056,-0.12288114893349933,0.48016439861940047,0.1497331010948087,6.968003962054548e-05,5.474464141103086e-05,7.871047519947272e-05,6.461122287226839e-05,0.9185749989106308,-0.39537604309752405,255.26210949861058,102.32946188263067,127.67401395230252,51.14657956863269,127.58810859841205,51.18289025316153,127.63106127535728,51.16473491089711,-1.3052103980726315e-05,-7.939163552350692e-06,-5.9691750054143435,-81.0500401873925,-79.84223378352547,0.0004440176949888601,0.004183355969239613,-0.02736284508748099
1.3112,0.699133297878701,-0.12364740997098231,0.2193672007789146,-0.2720186440206101,0.21937626882935007,-0.2720089883004123,0.698983973092042,-0.12376746752942795,0.4796869006812392,0.14830637741030608,7.012836811182144e-05,5.520091912394193e-05,7.919641854725601e-05,6.485663932171565e-05,0.9184303702895038,-0.3957212549107163,255.50164348461232,101.3296820273077,127.79389182720168,50.64645172374617,127.707764901243,50.68323825771577,127.75082836422234,50.66484499073097,-1.324383237033544e-05,-7.954154241929245e-06,-5.984369665167428,-80.98807159641186,-79.7970269037467,0.000476206706578956,0.004202865314879789,-0.027493666950647366
1.312,0.6988195816658677,-0.124531748030045,0.2195364179179702,-0.2714790188191711,0.21954552193821028,-0.27146957215280615,0.6986693249686918,-0.1246525060097916,0.4792034833891895,0.1468821684660703,7.057633846785372e-05,5.5655656690821453e-05,7.968035870797863e-05,6.51023230557532e-05,0.9182854232453699,-0.39606642250590696,255.73121529437918,100.32819081344894,127.90878622268326,50.145469115042374,127.82244250754633,50.18272966560613,127.8656143651148,50.16409939032425,-1.343585040558537e-05,-7.96719956497327e-06,-5.999624715657893,-80.92665417600999,-79.75215927944025,0.0005069205457080443,0.004222423607023228,-0.02762343262290301
1.3128,0.6985027481850437,-0.12541480137701178,0.2197084358765229,-0.27094063687902176,0.2197175742478083,-0.2709313974426474,0.698351561902229,-0.12553625853812694,0.47871414998147077,0.1454604872032652,7.102395576458198e-05,5.610886237039647e-05,8.016232705004844e-05,6.534829874477177e-05,0.9181401601058019,-0.396411547118404,255.95080907162063,99.32511712357805,128.0186892345183,49.64369620230657,127.93213346522012,49.68142889956785,127.9754113498692,49.66256255093721,-1.3628117784492133e-05,-7.978296366673021e-06,-6.0149405632637665,-80.86577892149816,-79.70762412299999,0.0005361828612019672,0.0042420320824568735,-0.027752156108590498
1.3136,0.6981828002108594,-0.12629656413059862,0.21988325419859872,-0.2704035053490421,0.21989242532865938,-0.27039447130278377,0.6980306866301099,-0.12641871926552364,0.4782189036568556,0.14404134662785184,7.147122534439942e-05,5.656054433332558e-05,8.064235540511389e-05,6.559459059168882e-05,0.9179945831841136,-0.39675663002397404,256.16041117290945,98.3205899953438,128.123594065115,49.14119752230141,128.03683092838853,49.179400460484715,128.08021249675176,49.16029899139306,-1.382059406296321e-05,-7.987442330659178e-06,-6.030317617608904,-80.8054370100281,-79.6634147529537,0.0005640173312336603,0.004261691960026023,-0.027879851525966615
1.3144,0.6978597404916143,-0.12717703039703704,0.22006087244011624,-0.2698676314308821,0.22007007476336327,-0.2698588009192139,0.6977067018627375,-0.12729988233002495,0.47771774757543617,0.142624759811517,7.191815281487601e-05,5.701071065984664e-05,8.112047606184669e-05,6.584122232806966e-05,0.9178486947789157,-0.39710167253857903,256.36001016826845,97.31473857427329,128.22349502379882,48.63803766514195,128.13652915770882,48.67670890376765,128.18001209075382,48.6573732844548,-1.4013239194810012e-05,-7.99463630585251e-06,-6.045756291596644,-80.74561979593364,-79.61952459194245,0.000590447659583911,0.004281404440561206,-0.028006533106292864
1.3152,0.6975335717494328,-0.1280561942694854,0.2202412901682801,-0.26933302237928786,0.2202505221459935,-0.26932439353141596,0.697379610283628,-0.12817974185603148,0.4772106848593936,0.14121073989259347,7.236474404564985e-05,5.745936933709839e-05,8.159672175905852e-05,6.608821720899272e-05,0.9177024971736673,-0.39744667601811035,256.54959684054944,96.3076920665802,128.31838752648824,48.13428125069866,128.23122352007488,48.173418815759376,128.27480552328154,48.15385003322902,-1.4206013645434723e-05,-7.999877837505665e-06,-6.061257001444043,-80.68631880636225,-79.57594716487958,0.0006154975718533959,0.004301170706776151,-0.028132215192187005
1.316,0.6972042966804319,-0.1289340498274373,0.22042450696097093,-0.26879968550242506,0.22043376708148274,-0.2687912564326736,0.6970494145495886,-0.12905829195370305,0.4766977185937834,0.13979930007697913,7.281100516576267e-05,5.79065282571567e-05,8.207112567759633e-05,6.633559800860167e-05,0.9175559926362371,-0.39779164185811955,256.72916418361393,95.29957969207234,128.40826809477076,47.629992905050926,128.32091048772116,47.669594790188825,128.36458929124598,47.649793847619875,-1.4398878022348072e-05,-8.003167408787704e-06,-6.076820166716416,-80.62752573695835,-79.5326760972178,0.0006391908117455523,0.004320991923190805,-0.028256912236003018
1.3168,0.6968719179548921,-0.12981059113613125,0.22061052240613271,-0.2682676281621996,0.22061980918500554,-0.26825939697039874,0.6967161172908963,-0.12993552671836114,0.4761788518273251,0.138390453639053,7.325694256149484e-05,5.835219521450885e-05,8.254372143429167e-05,6.658338701538702e-05,0.9174091834184634,-0.39813657149354537,256.89870739931456,94.29053063718837,128.49313435438035,47.1252372370045,128.40558763672718,47.16530140468997,128.44936099555377,47.145269320847234,-1.4591792989904206e-05,-8.004506099723585e-06,-6.092446210362416,-80.56923244766799,-79.48970511316207,0.0006615511373064822,0.004340869236052438,-0.028380638798722657
1.3176,0.6965364382174354,-0.1306858122459618,0.2207993361011562,-0.26773685777457273,0.22080864808135767,-0.26772882254644903,0.696379721111486,-0.13081144022989372,0.47565408757320377,0.13698421392258311,7.370256287392296e-05,5.879637790409675e-05,8.301454307541034e-05,6.683160602781457e-05,0.9172620717557176,-0.3984814663984386,257.05822389328927,93.28067400819955,128.5729850330809,46.62007881469286,128.48525364492858,46.66060319740288,128.52911933900475,46.64034100604787,-1.4784720235638815e-05,-8.003896184050063e-06,-6.108135558749561,-80.51143095865312,-79.4470280339596,0.0006826023172105912,0.004360803773239389,-0.0285034095484491
1.3184,0.6961978600872095,-0.13155970719188834,0.2209909476522595,-0.2672073818098751,0.2210002834043316,-0.26719954061744416,0.6960402285891459,-0.13168602655215725,0.47512342880988223,0.13558059434163683,7.414787299570014e-05,5.9239083919013225e-05,8.348362506788165e-05,6.708027634991232e-05,0.9171146598664732,-0.39882632808568236,257.2077132695734,92.27013878461639,128.64781995795812,46.11458214228068,128.5599082892366,46.15556464367633,128.60386412359736,46.135073392978505,-1.4977621333400748e-05,-8.001340617624919e-06,-6.123888641700152,-80.4541134464003,-79.40463877639384,0.0007023681270437321,0.004380796644178318,-0.028625239258957436
1.3192,0.6958561861580784,-0.13243226999284738,0.2211853566738654,-0.2666792077931144,0.22119471479608963,-0.26667155869507575,0.6956976422757151,-0.13255927973238216,0.4745868784819192,0.1341796083814803,7.459288006955722e-05,5.968032074805951e-05,8.395100229380281e-05,6.732941878670462e-05,0.9169669499518742,-0.39917115810670983,257.34717732403766,91.25905377282575,128.71764005212526,45.608811636783074,128.629552442371,45.65025013288566,128.67359624724813,45.62953088483437,-1.51704585960033e-05,-7.99684298158354e-06,-6.13970589252779,-80.39727223982764,-79.36253135113529,0.0007208723455954134,0.004400848939757593,-0.02874614280830201
1.32,0.6955114189988181,-0.13330349465116292,0.2213825627879752,-0.266152343304282,0.22139194190653264,-0.26614488434641576,0.695351964697291,-0.13343119380057716,0.4740444395008006,0.13278126959947884,7.50375914848056e-05,6.0120095773996685e-05,8.44167100422788e-05,6.757905364024319e-05,0.9168189441953084,-0.399515958051219,257.4766200366652,90.24754756000179,128.78244733084796,45.102831605022374,128.69418806901166,45.144723945387256,128.7383176999298,45.123777775204815,-1.5363194393103186e-05,-7.990407837610292e-06,-6.155587748074259,-80.34089981660793,-79.320699861288,0.0007381387511697019,0.00442096173226767,-0.028866135177338492
1.3208,0.695163561153321,-0.13417337515195718,0.22158256562353915,-0.26562679597865446,0.22159196439266637,-0.2656195251942206,0.6950031983544431,-0.1343017627689335,0.4734961147457793,0.13138559162599223,7.548201487533879e-05,6.055841627124192e-05,8.488078400253896e-05,6.782920070508291e-05,0.9166706447619849,-0.39986072954688284,257.5960475626752,89.23574846831939,128.8422448970924,44.59670622073574,128.7538182213744,44.63905022962385,128.79803155923338,44.617878225179794,-1.555579154910447e-05,-7.982040202136886e-06,-6.171534648746947,-80.2849887995243,-79.2791385009376,0.0007541911179013091,0.004441136075279801,-0.028985231448587
1.3216,0.6948126151408038,-0.13504190546256423,0.22178536481582403,-0.2651025735070906,0.221794781917964,-0.26509548891722995,0.6946513457224301,-0.1351709806312323,0.472941907064723,0.129992588165262,7.592615811685688e-05,6.0995289403717456e-05,8.534326025683159e-05,6.807987926436831e-05,0.916522053798511,-0.40020547425905856,257.7054682225083,88.22378450950157,128.89703693650512,44.09049950185131,128.80844703421695,44.133292979396685,128.85274198536104,44.111896240624,-1.574821379790592e-05,-7.971746427415383e-06,-6.187547038556778,-80.22953195297809,-79.23784155373524,0.0007690532120768484,0.00446137300359026,-0.02910344680452681
1.3224,0.6944585834560241,-0.13590907953194045,0.22199096000577692,-0.26457968363632717,0.2220003941517251,-0.2645727832504647,0.6942964092514269,-0.13603884136224909,0.47238181927497447,0.12860227299630117,7.637002932447956e-05,6.143072222306034e-05,8.58041752727079e-05,6.83311080855592e-05,0.9163731734324765,-0.40055019389049074,257.8048924906846,87.21178333974095,128.94682871182818,43.58427528795039,128.85807971928136,43.62751601132351,128.90245421555477,43.60589564963695,-1.594042493024972e-05,-7.959532950962966e-06,-6.2036253651566025,-80.17452217955136,-79.19680339158879,0.0007827487884805403,0.004481673533139539,-0.029220796526374215
1.3232,0.6941014685695021,-0.13677489129007947,0.22219935083938608,-0.26405813416926804,0.2222088007684318,-0.26405141598551757,0.6939383913667562,-0.13690533891716236,0.47181585416422017,0.1272146599737719,7.681363685013709e-05,6.186472166620771e-05,8.626356589580553e-05,6.858290541668366e-05,0.9162240057720381,-0.40089489018101376,257.89433298355266,86.1998722150178,128.99162655676065,43.078097217929084,128.90272255918143,43.121782942495884,128.94717455797104,43.099940080212484,-1.6132389418999082e-05,-7.94540716242409e-06,-6.219770079880133,-80.11995251671941,-79.15601847334561,0.0007953015867489247,0.004502038660912243,-0.029337295992718282
1.324,0.693741272927748,-0.1376393346474243,0.22241053696703825,-0.26353793296527095,0.22242000144710145,-0.263531394970843,0.6935772944691255,-0.13777046723096045,0.4712440144913669,0.12582976302886462,7.725698927968372e-05,6.229729455410615e-05,8.672146934279867e-05,6.883528898204982e-05,0.9160745529055065,-0.4012395649072493,257.97380444593796,85.1881779468538,129.0314378692696,42.57202870787809,128.94238290074034,42.61615716835304,128.986910385005,42.594092938115566,-1.6324072021234315e-05,-7.929377332516196e-06,-6.235981637781429,-80.06581613361607,-79.11548134353934,0.0008067353277075754,0.004522469364865925,-0.029452960678042928
1.3248,0.6933779989534987,-0.1385024034942817,0.22262451804287242,-0.2630190879404312,0.22263399587063543,-0.2630127281120413,0.6932131209348735,-0.13863422021784935,0.4706663029874322,0.12444759617017075,7.770009543106582e-05,6.272844758885288e-05,8.71779231941261e-05,6.90882759787903e-05,0.9159248169009401,-0.4015842198823018,258.0433237367154,84.17682685852996,129.06627110436386,42.06613292919424,128.97706914778985,42.110701840787755,129.02167012607686,42.088417384991,-1.6515438289843587e-05,-7.91145203038468e-06,-6.252260497674822,-80.01210632790716,-79.0751866311559,0.0008170737097785148,0.0045429666038618345,-0.029567806151561626
1.3256000000000001,0.6930116490459574,-0.13936409170023795,0.222841293724131,-0.26250160706785874,0.22285078372516523,-0.26249542337213855,0.6928458731162213,-0.1394965917706631,0.4700827223564412,0.12306817348454813,7.81429643509357e-05,6.315818735247447e-05,8.763296538516485e-05,6.934188307267108e-05,0.9157747998057374,-0.40192885695544917,258.10290981331804,83.16594474179551,129.09613576633473,41.56047278693889,129.00679075343734,41.60547984649736,129.05146325988602,41.582976316718124,-1.6706454005088744e-05,-7.891640734669636e-06,-6.268607122175471,-79.95881652277055,-79.03512904857455,0.000826340405327187,0.004563531317555198,-0.029681848075455264
1.3264,0.692642225581042,-0.1402243931135728,0.22306086367050668,-0.2619854983779543,0.2230703646993947,-0.2619794887718647,0.6924755533415284,-0.1403575757602723,0.46949327527633455,0.12169150913798699,7.858560531281977e-05,6.358652030497014e-05,8.808663420079021e-05,6.95961263945527e-05,0.915624503646236,-0.40227347801183205,258.15258371519997,82.15565681410419,129.12104240047546,41.05511089845923,129.0315582118103,41.10055378559849,129.07630030614288,41.07783234202886,-1.6897085799882916e-05,-7.869953535077912e-06,-6.285021977740426,-79.90594026389942,-78.99530339031242,0.0008345590570801175,0.004584164426345249,-0.029795102203991064
1.3272,0.6922697309116387,-0.14108330156067747,0.22328322754348678,-0.26147076995867974,0.22329273848393943,-0.26146493238992474,0.6921021639155587,-0.14121716603499623,0.46889796439988557,0.1203176173764654,7.90280278136768e-05,6.401345278189696e-05,8.853896826632734e-05,6.985102153687917e-05,0.9154739304273117,-0.4026180849721391,258.19236854627667,81.14608767639888,129.14100258428857,40.55010957228491,129.05138304928883,40.595985950514816,129.0961928167887,40.57304776139986,-1.7087300705043162e-05,-7.846400848166013e-06,-6.301505534710262,-79.85347121672409,-78.95570453203008,0.000841753274514898,0.004604866831286717,-0.029907584381732022
1.328,0.6918941673678634,-0.1419408108454708,0.22350838500569375,-0.2609574299558242,0.22351790477066186,-0.26095176236326745,0.6917257071197506,-0.142075356420014,0.46829679235562915,0.11894651252680344,7.947024157234361e-05,6.443899099323191e-05,8.899000654044587e-05,7.010658354998645e-05,0.9153230821319849,-0.4029626797922882,258.2222894563603,80.137361271479,129.15602891819083,40.045530787315855,129.06627781523576,40.091838305157296,129.1111533667133,40.068684546236575,-1.7277066319820733e-05,-7.82099415630455e-06,-6.318058267351253,-79.80140316352089,-78.91632742946663,0.0008479466302938487,0.004625639413982039,-0.0300193105424853
1.3288,0.6915155372573284,-0.14279691474881642,0.2237363357202225,-0.26044548657326777,0.22374586325200385,-0.26043998688735076,0.6913461852124942,-0.14293214071677615,0.46768976174879817,0.11757820899751299,7.991225652642653e-05,6.486314102134572e-05,8.943978830777688e-05,7.036282693836937e-05,0.9151719607210246,-0.40330726446310555,258.24237362160926,79.12960084297535,129.16613501572618,39.54143617231436,129.07625607223378,39.58817246440603,129.12119554397998,39.564804318360196,-1.7466350698214228e-05,-7.793745041340117e-06,-6.33468065389815,-79.74973000075416,-78.87716711743188,0.0008531626566661344,0.004646483036546817,-0.030130296707710613
1.3296000000000001,0.6911338428654161,-0.1436516070279435,0.22396707934997417,-0.25993494807323914,0.22397661362031587,-0.25992961421640043,0.6909636004294156,-0.14378751270242027,0.46707687516227087,0.1162127212796379,8.03540828294147e-05,6.528590881903218e-05,8.98883531710859e-05,7.061976565773953e-05,0.9150205681325609,-0.4036518410100017,258.2526502240178,78.12292889495549,129.17133549329844,39.03788698571243,129.0813323858421,39.08504967390881,129.12633393957026,39.06146832981062,-1.7655122690030112e-05,-7.764665753029476e-06,-6.351373176597558,-79.69844573647721,-78.83821870882491,0.0008574248419270475,0.004667398541509754,-0.030240558985354937
1.3304,0.6907490864555601,-0.14450488141586434,0.22420061555698695,-0.25942582277657056,0.2242101555671817,-0.2594206526636671,0.6905779549836676,-0.14464146612918338,0.46645813515752954,0.11485006394759495,8.079573084884828e-05,6.570730020777349e-05,9.03357410436123e-05,7.087741311125051e-05,0.9148689062816981,-0.4039964114926427,258.25315042996584,77.11746715219283,129.17164595943402,38.5349440957519,129.08152231388348,38.58253079021034,129.12658413665875,38.55873744298112,-1.7843351656665618e-05,-7.733769407991531e-06,-6.368136321751851,-79.64754448772685,-78.79947739371755,0.0008607566268669487,0.004688386751727998,-0.030350113568431425
1.3312,0.6903612702695306,-0.14535673162079663,0.22443694400176312,-0.2589181190629474,0.22444648878274132,-0.2589131106016774,0.690189251066226,-0.14549399472381974,0.46583354427562607,0.1134902516600042,8.123721116326532e-05,6.612732087654671e-05,9.078199214140881e-05,7.113578214658356e-05,0.9147169770601306,-0.4043409780046206,258.24390736785125,76.11333652111523,129.1670830035867,38.03266796096375,129.07684239527208,38.08067626122066,129.1219626994294,38.056672111092205,-1.803100752795217e-05,-7.701069179688602e-06,-6.384970579763775,-79.59702047804348,-78.76093843843134,0.0008631814012214388,0.004709448470319846,-0.030458976733513055
1.332,0.6899703965277294,-0.14620715132558457,0.22467606434259296,-0.25841184537115447,0.22468561295500905,-0.2584069964624814,0.6897974908461942,-0.14634509218701633,0.4652031050381608,0.1121332991605175,8.167853455959273e-05,6.65459763793258e-05,9.12271469756254e-05,7.139488505242264e-05,0.9145647823357628,-0.40468554267311835,258.2249561048318,75.1106570514637,129.1576641844968,37.53111861100322,129.06731013839573,37.57954610703926,129.11248716144627,37.55533235902124,-1.821806074531196e-05,-7.66657878159549e-06,-6.4018764451816,-79.54686803510131,-78.72259718467944,0.0008647225001516804,0.004730584480585883,-0.030567164839681027
1.3328,0.6895764674294896,-0.14705613418712102,0.22491797623487494,-0.2579070101993176,0.2249275277691888,-0.2579023187378964,0.6894026764711145,-0.14719475219281078,0.4645668199482702,0.11077922127864108,8.211971203064827e-05,6.696327213424891e-05,9.167124634446022e-05,7.165473355549845e-05,0.914412323952334,-0.4050301076585729,258.1963336226988,74.10954789868126,129.14340801811693,37.03035562785065,129.05294400906436,37.0791999011434,129.09817601359066,37.054777764497025,-1.8404482545975043e-05,-7.630312794049132e-06,-6.418854416744923,-79.49708158831285,-78.6844490487332,0.000865403200739442,0.004751795545918558,-0.030674694326876306
1.3336000000000001,0.689179485153382,-0.14790367383577288,0.22516267933043344,-0.25740362210514023,0.22517223290698646,-0.2573990859797443,0.6890048100672831,-0.14804296838801173,0.46392469149162263,0.10942803293054995,8.256075477292013e-05,6.737921342148123e-05,9.211433132599867e-05,7.191533881738266e-05,0.9142596037290425,-0.40537467515433456,258.1580787929079,73.11012728705141,129.12433396511625,36.53043812738616,129.03376341803647,36.57969675195096,129.07904869157636,36.55506743966856,-1.8590244849292503e-05,-7.592285712121338e-06,-6.4359049974311455,-79.44765566655136,-78.64648952057816,0.0008652467184660044,0.00477308240974646,-0.030781581714791173
1.3344,0.6887794518575296,-0.14874976387480415,0.22541017327683163,-0.2569016897061375,0.22541972804591764,-0.25689730680008716,0.6886038937400767,-0.14888973439161773,0.46327672213742854,0.1080797491199014,8.300167418351379e-05,6.779380538160518e-05,9.255644326944257e-05,7.217671143197602e-05,0.9141066234601778,-0.40571924738632326,258.1102323507955,72.1125124736138,129.10046241797747,36.031424741354726,129.0097887081379,36.08109528477189,129.0551255630577,36.05626001306331,-1.8775319858832518e-05,-7.552512812480927e-06,-6.453028694502523,-79.3985848959633,-78.60871416316235,0.0008642762037347117,0.004794445795436194,-0.03088784360130603
1.3352,0.688376369679927,-0.14959439787980408,0.22566045771668256,-0.2564012216798636,0.22567001285861332,-0.2563969898714557,0.6881999295742813,-0.14973504379424057,0.46262291433945624,0.10673438493863732,8.344248185743197e-05,6.820705301430197e-05,9.299762378822685e-05,7.243886142220546e-05,0.9139533849147521,-0.40606382661268203,258.0528368690033,71.11681971286801,129.07181468769892,35.53337359972417,128.98104114098496,35.58345362415332,129.02642791434192,35.55841361193875,-1.8959680573971127e-05,-7.511009485483555e-06,-6.470226019553963,-79.34986399780685,-78.5711186115979,0.0008625147383966668,0.00481588640624822,-0.030993496661295694
1.336,0.6879702407387684,-0.15043756939811395,0.2259135322869558,-0.2559022267641356,0.22592308701212127,-0.25589814392707544,0.6877929196344306,-0.15057889015752776,0.461963270537061,0.10539195556778465,8.38831895861869e-05,6.861896117681121e-05,9.343791475169283e-05,7.270179823698486e-05,0.913799889836138,-0.4064084151234264,257.9859367301411,70.12316422229243,129.03841299011532,35.03634231345188,128.9475428833266,35.086829376632494,128.99297793672096,35.06158584504219,-1.9143300846735656e-05,-7.467791945714453e-06,-6.487497488561438,-79.30148778627998,-78.53369857246196,0.0008599853322737859,0.004837404925207898,-0.031098557645435676
1.3368,0.6875610671327808,-0.15127927194825488,0.22616939661828087,-0.25540471375725426,0.22617895016720407,-0.25540077776108694,0.6873828659651503,-0.15142126701358632,0.4612977931562231,0.10405247627825001,8.432380935358141e-05,6.902953458207128e-05,9.38773582768726e-05,7.296553074938317e-05,0.913646139941708,-0.4067530152400912,257.9095780987135,69.13166014869292,129.00028043185097,34.54038795766628,128.90931699301757,34.59127961390283,128.95479871243427,34.565833785784555,-1.9326155040744197e-05,-7.422876194596029e-06,-6.50484362193109,-79.2534511666009,-78.4964498230619,0.0008567109197119958,0.004859002015094111,-0.031203043378354778
1.3376000000000001,0.6871488509415636,-0.15211949901935998,0.226428050334248,-0.2549086915182171,0.22643760197763455,-0.25490490022876194,0.6869697705915091,-0.15226216786441063,0.4606264846105951,0.10271596243160423,8.476435333404364e-05,6.9438777797734e-05,9.431599672055091e-05,7.323006725290515e-05,0.9134921369224778,-0.4070976293153748,257.82380889233957,68.14242053539482,128.95744099591911,34.045567055270254,128.86638740463832,34.09686085640361,128.91191420027872,34.07121395583693,-1.950821786067536e-05,-7.3762790435694114e-06,-6.522264944549077,-79.20574913294105,-78.45936821079404,0.0008527143561433597,0.00488067831829681,-0.031306970757754016
1.3384,0.686733594225939,-0.15295824407060415,0.22668949305070446,-0.25441416896693003,0.22669904208948652,-0.2544105202467147,0.6865536355193765,-0.15310158618130798,0.4599493473025623,0.10138242948086629,8.520483389024003e-05,6.984669524423559e-05,9.475387267227076e-05,7.349541545959015e-05,0.9133378824427534,-0.4074422597327784,257.7286787522927,67.15555729030204,128.90991952698312,33.551935560977896,128.81877891477455,33.60362905734155,128.86434922087884,33.57778230915972,-1.9689464977545867e-05,-7.328017403551712e-06,-6.5397619858320475,-79.15837676650763,-78.42244965238993,0.0008480184146513498,0.0049024344568037205,-0.0314103567530708
1.3392,0.6863152990283035,-0.15379550053063842,0.22695372437504852,-0.25392115508441226,0.22696327014042358,-0.25391764679310824,0.6861344627357886,-0.1539395154043295,0.45926638362431,0.1000518929712763,8.56452635699112e-05,7.025329119354773e-05,9.519102894495202e-05,7.376158249755571e-05,0.9131833781397821,-0.4077869089062442,257.62423901338923,66.1711811548293,128.8577417162905,33.059548845789166,128.76651716697137,33.11163958714863,128.81212944163093,33.0855942164689,-1.986987263080664e-05,-7.278108498098845e-06,-6.557335279778428,-79.11132923369276,-78.38569013334795,0.0008426457825681916,0.0049242710320964505,-0.03151321840368837
1.34,0.6858939673729898,-0.15463126179702408,0.22722074390551938,-0.25342965891299707,0.22723028575898316,-0.2534262889078568,0.6857122542093185,-0.15477594894170008,0.45857759595890285,0.09872436854106485,8.608565510376254e-05,7.065856976785911e-05,9.562750856756397e-05,7.402857490813874e-05,0.9130286256234055,-0.408131579279789,257.51054267325577,65.18940167372811,128.80093408629756,32.56846168191015,128.70962863637573,32.62094721838781,128.75528136133664,32.59470445014898,-2.0049417514655943e-05,-7.226569849194675e-06,-6.574985365020377,-79.06460178421375,-78.34908570728545,0.0008366190580657163,0.0049461886250658825,-0.03161557281811156
1.3408,0.6854696012666358,-0.15546552123566826,0.22749055123048392,-0.2529396895565283,0.2275000885638581,-0.25293645569282275,0.6852870118904565,-0.15561088016925023,0.45788298668137517,0.09739987192221627,8.652602140257759e-05,7.106253493821546e-05,9.60633547767431e-05,7.429639864375837e-05,0.9128736264757171,-0.40847627332713476,257.387644361003,64.21032716581664,128.7395239749976,32.07872822812659,128.64814061408288,32.131606111109235,128.69383229454024,32.105167169617914,-2.022807746016042e-05,-7.173419191985886e-06,-6.592712784876512,-79.0181897493537,-78.31263249534005,0.0008299607467647897,0.004968187795956471,-0.03171743717231834
1.3416000000000001,0.6850422026985584,-0.15629827218026304,0.22776314592772054,-0.2524512561805514,0.2277726781631748,-0.2524481563120083,0.6848587377119946,-0.15644430242985177,0.45718255815982883,0.09607841894122245,8.69663755547756e-05,7.146519052279865e-05,9.649861100907708e-05,7.456505906593136e-05,0.9127183822507242,-0.4088209935513372,257.25560030533666,63.234064695623175,128.67353951996728,31.590402015634027,128.5820811911998,31.643669798663836,128.62781035558353,31.61703590714893,-2.0405830412073556e-05,-7.118674687944804e-06,-6.610518087405413,-78.9720885402417,-78.27632668554602,0.000822693258374894,0.004990269084293212,-0.03181882870842401
1.3424,0.6846117736411368,-0.15712950793172345,0.22803852756369872,-0.2519643680125,0.22804805415376722,-0.25196139999174333,0.6844274335894195,-0.15727620903285236,0.4564763127565452,0.09476002551983374,8.740673082435757e-05,7.18665401861357e-05,9.69333208929446e-05,7.483456094278806e-05,0.9125628944740112,-0.4091657424844095,257.11446830213396,62.26072004595892,128.6030096421466,31.103535934332243,128.51147924264234,31.157191173981218,128.55724444239445,31.13036355415673,-2.0582654940426437e-05,-7.062354541176319e-06,-6.62840182545986,-78.926293646112,-78.24016453227668,0.0008148389033156544,0.005012433008802825,-0.03191976473368641
1.3432,0.6841783160502,-0.15795922175763003,0.2283166956928564,-0.2514790343418774,0.22832621612044854,-0.25147619602086735,0.6839931014213135,-0.1581065932535144,0.45576425282910427,0.09344470767580015,8.784710064713153e-05,7.226658743714198e-05,9.73675282393005e-05,7.510490844721274e-05,0.9124071646424092,-0.4095105226869446,256.9643076815159,61.290397691424275,128.52796402936696,30.618182219587794,128.4363644106798,30.672222476313635,128.48216422002338,30.645202347950715,-2.075853086580537e-05,-7.0044771547372875e-06,-6.646364556741901,-78.88080063276901,-78.20414235573593,0.0008064198893916651,0.005034680067329146,-0.032020262618488005
1.344,0.6837418318654229,-0.1587874068916713,0.2285976498568731,-0.2509952645204324,0.22860716363527894,-0.2509925537509067,0.6835557430897584,-0.1589354483324545,0.45504638073151465,0.09213248152360665,8.828749862938023e-05,7.26653356287188e-05,9.780127703518104e-05,7.537610515445659e-05,0.9122511942236666,-0.40985533674773245,256.80517927444504,60.32320077286076,128.44843311964195,30.1343924394681,128.35676708824104,30.188815278453745,128.4026001039415,30.161603858960923,-2.0933437951953238e-05,-6.945061088003968e-06,-6.66440684385872,-78.83560514087563,-78.1682565413369,0.0007974583184376972,0.00505701073678903,-0.03212033979576745
1.3448,0.6833023230107309,-0.15961405653308797,0.22888138958393986,-0.2505130679623327,0.22889089625682957,-0.25051048259624703,0.6831153604607523,-0.15976276747508425,0.45432269881535686,0.09082336327520375,8.872793854447503e-05,7.306278795531085e-05,9.82346114341559e-05,7.564815404097203e-05,0.9120949846561264,-0.410200187283376,256.63714537887955,59.359231072756955,128.36444808423693,29.652217482454105,128.2727184019996,29.707020474428248,128.31858324311827,29.679618978441177,-2.1107356985794468e-05,-6.884125397732532e-06,-6.682529254379265,-78.79070288450623,-78.13250353921511,0.0007879761830230024,0.005079425473095455,-0.032220013759086896
1.3456000000000001,0.6828597913947076,-0.16043916384612128,0.2291679143880269,-0.25003245414432873,0.2291774135294446,-0.2500299920343004,0.6826719553846282,-0.1605885438510558,0.4535932094309322,0.08951736924072601,8.91684343308774e-05,7.345894745308668e-05,9.866757574855667e-05,7.592105748144284e-05,0.9119385373484037,-0.4105450769379031,256.460269725511,58.398588991609344,128.2760408105301,29.17170754562916,128.1842501952501,29.22688826766901,128.23014550289008,29.199297906649086,-2.1280269152157416e-05,-6.821688828040351e-06,-6.700732360891799,-78.74608964953272,-78.09687986373459,0.0007779953631356498,0.005101924711032472,-0.032319302061495137
1.3464,0.6824142389110139,-0.16126272195945998,0.22945722376814606,-0.24955343260591786,0.22946671498249804,-0.24955109160566674,0.6822255296964832,-0.16141277059370582,0.45285791492842653,0.0882145158292094,8.960900008936346e-05,7.385381699735738e-05,9.910021444137218e-05,7.619481724847887e-05,0.9117818536790706,-0.4108900083823752,256.2746174431187,57.44137352525211,128.1832438846834,28.69291212335358,128.09139501059175,28.74846815966906,128.1373194476376,28.72069014151132,-2.1452156488521723e-05,-6.757770528054152e-06,-6.719016741062215,-78.70176129223056,-78.06138209291306,0.0007675376228931843,0.005124508864284343,-0.03241822231433389
1.3472,0.6819656674388107,-0.16208472396569287,0.229749317207612,-0.2490760129494983,0.229758800129649,-0.249073790914291,0.6817760852166126,-0.16223544079950478,0.4521168176590812,0.08691481954929582,9.004965008058141e-05,7.424739930229907e-05,9.953257211758881e-05,7.646943450960453e-05,0.9116249349963421,-0.41123498431449346,256.0802550235682,56.48768224315189,128.08609057413432,28.21587999642135,127.99418607243551,28.271808939120305,128.0401383232849,28.243844467770828,-2.1623001600801217e-05,-6.69238976769293e-06,-6.737382977693278,-78.65771373779394,-78.02600686800685,0.000756624607277688,0.005147178325279639,-0.03251679218558934
1.348,0.6815140788431903,-0.1629051629207608,0.2300441941732987,-0.2486002048405211,0.2300536684680927,-0.24859809962761395,0.6813236237509528,-0.16305654752750684,0.4513699199763758,0.08561829700993369,9.049039872172093e-05,7.463969691945405e-05,9.996469351575277e-05,7.674490982659266e-05,0.9114677826177672,-0.41158000745820134,255.8772502864853,55.53761126767744,127.98461480992623,27.740659221704206,127.89265726934657,27.796958671538974,127.9386360396364,27.76880894662159,-2.179278752123537e-05,-6.625565738715977e-06,-6.755831658784715,-78.61394297899912,-77.990750892996,0.000745277838875959,0.005169933465139451,-0.03261502939872685
1.3488,0.681059474975616,-0.1637240318434113,0.23034185411489294,-0.248126018007636,0.23035131947780785,-0.2481240274767192,0.6808681470915303,-0.16387608379880136,0.4506172242372228,0.08432496492107128,9.09312605854029e-05,7.503071223660673e-05,0.00010039662350030953,7.702124315343839e-05,0.9113103978299235,-0.4119250805632839,255.66567234363413,54.591255254344695,127.87885116889187,27.267297122283978,127.78684313624026,27.323964689378528,127.83284715256607,27.295630905831253,-2.1961498021028092e-05,-6.5573178105182706e-06,-6.774363377594176,-78.57044507475929,-77.95561093409677,0.0007335187146325376,0.00519277463364292,-0.03271295173132671
1.3496000000000001,0.6806018576743669,-0.16454132371465718,0.23064229646414552,-0.24765346224283133,0.23065175262080218,-0.24765158425647274,0.6804096570169182,-0.16469404259596943,0.4498587328031687,0.08303484009433873,9.13722503959602e-05,7.542044747683996e-05,0.00010082840705261109,7.729843383541546e-05,0.9111527818881164,-0.4122702064049653,255.4455915630288,53.64870737303549,127.76883485570272,26.795840278071495,127.67677883644359,26.852873582629528,127.72280684607315,26.82435693035051,-2.212911749666091e-05,-6.487665530130471e-06,-6.79297873269917,-78.52721614885749,-77.9205838193126,0.0007213685026329364,0.005215702159131115,-0.0328105770136915
1.3504,0.6801412287649903,-0.16535703147723468,0.23094552063411755,-0.24718254740156936,0.23095496734035278,-0.24718077982565897,0.6799481552927,-0.16551041686253917,0.44909444804161,0.08174793944372723,9.181338302749475e-05,7.580890469705004e-05,0.00010126008926275576,7.75764806074386e-05,0.9109949360160803,-0.4126153877835011,255.21707953280932,52.71005929019753,127.65460168480129,26.326334516916333,127.56250014363891,26.383731189909426,127.6085509142201,26.35503285341288,-2.2295630884627826e-05,-6.416628231420418e-06,-6.8116783280598705,-78.48425238863771,-77.88566643797928,0.0007088483388785155,0.005238716348441751,-0.032907923127424965
1.3512,0.6796775900607627,-0.16617114803506677,0.23125152601842514,-0.24671328340291573,0.23126096306024516,-0.24671162410710992,0.6794836436719405,-0.16632519950244698,0.44832437232701644,0.08046427998625595,9.225467350110206e-05,7.619608578721127e-05,0.000101691715321095,7.785538159300887e-05,0.9108368614056868,-0.41296062752376966,254.98020902490856,51.77540115201774,127.53618806222946,25.85882490620338,127.44404342370296,25.916582590039937,127.49011574296621,25.88770374812166,-2.2461023860387286e-05,-6.344225575105611e-06,-6.830462773082903,-78.44155004374278,-77.8508557403137,0.0006959792241108659,0.005261817486834261,-0.033005008004238334
1.352,0.679210943363156,-0.16698366625272676,0.23156031199047986,-0.2462456802296632,0.23156973918400744,-0.2462441270878298,0.6790161238956637,-0.16713838337949902,0.44754850804216617,0.07918387884263363,9.269613698237311e-05,7.65819924694322e-05,0.00010212333050996225,7.813513430282581e-05,0.9106785592166535,-0.4133059284748594,254.73505395854122,50.84482156857341,127.41363096736757,25.393355744938006,127.32144561645609,25.451472094112447,127.36753829191183,25.422413919525226,-2.262528244045825e-05,-6.270477044267864e-06,-6.849332682686084,-78.3991054248792,-77.81614873697359,0.0006827820206182113,0.0052850058379437966,-0.033101849624586066
1.3528,0.6787412904623134,-0.16779457895490466,0.23187187790272598,-0.24577974792845111,0.23188129509414215,-0.2457782988191133,0.67854559769334,-0.16794996131683523,0.4467668575793926,0.07790675323791225,9.313778877861889e-05,7.696662629638751e-05,0.00010255498019473563,7.84157356341908e-05,0.9105200305762609,-0.4136512935096522,254.48168936354298,49.91840759895719,127.28696793459937,24.92997055631905,127.194744217337,24.988443238040347,127.2408560759682,24.959206897179698,-2.2788393408745833e-05,-6.195402207254119e-06,-6.868288677364109,-78.35691490265845,-77.78154249862897,0.0006692774490951926,0.00530828164369669,-0.03319846601593213
1.3536000000000001,0.6782686331375292,-0.16860387892587805,0.23218622308587586,-0.24531549660987698,0.23219563015135491,-0.2453141494166583,0.6780720667833765,-0.16875992609639873,0.44597942334183743,0.07663292050212925,9.357964433681643e-05,7.734998865099874e-05,0.00010298670981584435,7.869718186967467e-05,0.9103612765790683,-0.41399672552440603,254.2201913435862,48.99624473736976,127.15623703491505,24.46871208079469,127.06397725901499,24.52753877559566,127.11010714696502,24.498125428195173,-2.2950343833372244e-05,-6.119020589778756e-06,-6.8873313832553285,-78.31497490637143,-77.74703415552119,0.0006554860854711895,0.005331645124243244,-0.033294875251840494
1.3544,0.6777929731577406,-0.1694115589089821,0.23250334684813975,-0.2448529364486053,0.2325127436937791,-0.2448516890606736,0.677595532873619,-0.16956827045840342,0.4451862077447203,0.07536239807094668,9.40217192411108e-05,7.773208074479676e-05,0.0001034185648804975,7.897946867652106e-05,0.9102022982866392,-0.4143422274383322,253.95063703930245,48.07841690018338,127.02147685746894,24.009622269604165,126.9291832929555,24.068800671930887,126.97533007521221,24.039211470767526,-2.311112197617149e-05,-6.04135167492359e-06,-6.906461432209414,-78.27328192287906,-77.71262089701436,0.0006414283578171147,0.00535509647791753,-0.033391095450554076
1.3552,0.6773143122820215,-0.1702176116060864,0.23282324847445532,-0.24439207768346774,0.2328326350361987,-0.24439092799597975,0.6771159976618587,-0.17037498710080934,0.4443872132166131,0.07409520348627588,9.446402920976205e-05,7.811290361749157e-05,0.00010385059095308069,7.926259110546674e-05,0.9100430967272672,-0.4146878021931716,253.6731045913386,47.16500641396276,126.88272649110236,23.55274227879886,126.79040137095205,23.6122700975789,126.8365639310272,23.58250618818888,-2.327071578633877e-05,-5.962415002613852e-06,-6.925679461856201,-78.2318324955071,-77.67829997124794,0.0006271245432130515,0.005378635881133583,-0.033487144773204136
1.356,0.6768326522600882,-0.171022029677071,0.2331459272257115,-0.24393293061755963,0.23315530346926674,-0.24393187653210455,0.6766334628363475,-0.17118006867879748,0.44358244220072873,0.07283135439689783,9.490659009270264e-05,7.84924581356955e-05,0.00010428283364793955,7.954654359078328e-05,0.9098836728957069,-0.4150334527527664,253.38767310337303,46.25609400444507,126.74002550584933,23.098112463741842,126.64767102663814,23.157987422933203,126.69384826624373,23.128049943337523,-2.342911443520279e-05,-5.882229977771658e-06,-6.9449861156754755,-78.1906232229742,-77.64406868461926,0.0006125947646712413,0.005402263488352905,-0.03358304142292923
1.3568,0.6763479948328097,-0.17182480573930664,0.2334713823379708,-0.24347550561833006,0.233480748258721,-0.2434745450433734,0.6761479300763202,-0.1719835078042477,0.44277189715621906,0.07157086855907455,9.534941786965012e-05,7.887074499221547e-05,0.00010471533861983184,7.98313199488615e-05,0.9097240277529108,-0.4153791821026289,253.09442260511904,45.35175878646973,126.59341393443397,22.645772374083023,126.50103225699245,22.70599221320262,126.5472230957132,22.67588229364282,-2.3586307378309357e-05,-5.800815912948565e-06,-6.96438204306789,-78.1496507582918,-77.60992440145442,0.0005978589880662201,0.0054259794320018736,-0.03367880364325515
1.3576000000000001,0.6758603417327265,-0.1726259323671392,0.23379961302168817,-0.24301981311766555,0.23380896864459713,-0.24301894396899212,0.6756594010525238,-0.17278529704522247,0.4419555805594825,0.070313763837148,9.579252864688748e-05,7.924776470494277e-05,0.0001051481515558228,8.011691337835025e-05,0.9095641622257677,-0.4157249932495097,252.79343401534214,44.45207825484822,126.44293225377636,22.19576074920421,126.35052550385032,22.256323223836063,126.39672887881335,22.226041986520137,-2.3742284554373327e-05,-5.718192056747284e-06,-6.983867899426989,-78.10891180778175,-77.57586454354522,0.0005829370190721154,0.0054497838224238345,-0.033774449716759136
1.3584,0.6753696946845773,-0.17342540209137416,0.23413061846092628,-0.24256586361196864,0.2341399638404379,-0.2425650838131252,0.6751678774277556,-0.1735854289254497,0.44113349490548437,0.06906005820413497,9.623593865504265e-05,7.962351761606201e-05,0.00010558131816662542,8.040331645949028e-05,0.9094040772068486,-0.4160708892209588,252.4847891049174,43.55712827617215,126.28862136651819,21.748115514133403,126.19619163543558,21.80901839641649,126.24240650097688,21.778566955274947,-2.3897036356856916e-05,-5.634377743035657e-06,-7.003444346212298,-78.06840313005095,-77.54188658975268,0.0005678485001418258,0.005473676747802304,-0.033869997963620335
1.3592,0.6748760554058311,-0.17422320739876726,0.23446439781256861,-0.2421136676622297,0.2344737330324998,-0.24211297514496716,0.6746733608574065,-0.17438389592381254,0.44030564270908457,0.06780976974230851,9.667966424675711e-05,7.9998003891385e-05,0.00010601488417788518,8.069052115390607e-05,0.909243773554153,-0.41641687306488834,252.16857045994885,42.66698308154391,126.13052258258011,21.302873775919977,126.03807192792272,21.36411485501597,126.08429725525141,21.333494315467973,-2.4050553975030198e-05,-5.549392035675282e-06,-7.023112051023633,-78.02812153499222,-77.50798807559926,0.000552612907481814,0.005497658274116923,-0.03396546674031242
1.36,0.6743794256072295,-0.17501934073151643,0.23480095020552894,-0.2416632358940929,0.234810275378957,-0.2416626285988079,0.6741758529900136,-0.17518069047383988,0.4394720265063786,0.06656291664377223,9.712372189391028e-05,8.037122351924053e-05,0.00010644889532201995,8.097851880421725e-05,0.9090832520908645,-0.41676294784912854,251.84486144498203,41.78171526022588,125.96867760076535,20.8600718204693,125.87620804704538,20.92164890301042,125.92244282390536,20.89086036173986,-2.420282868342838e-05,-5.46325384220836e-06,-7.042871687676495,-77.98806388285347,-77.47416659284333,0.0005372495480688072,0.005521728445062806,-0.034060874438296196
1.3608,0.6738798069933344,-0.17581379448675635,0.2351402747399575,-0.2412145789979172,0.23514959000910096,-0.24121405487409253,0.6736753554678208,-0.17597580496320023,0.43863264885604836,0.06531951721102656,9.7568128185066e-05,8.074317630958616e-05,0.000106883397328561,8.126730013427452e-05,0.9089225136051068,-0.41710911666098316,251.51374616632765,40.90139575419668,125.80312849041988,20.419745109831453,125.7106420297606,20.48165602034743,125.75688526009024,20.45070056508944,-2.4353852836611622e-05,-5.3759822051802075e-06,-7.062723936278683,-77.94822708330832,-77.44041978910998,0.0005217775566717754,0.005545887282006522,-0.0341562394823427
1.3616000000000001,0.6733772012630843,-0.1766065610160591,0.23548237048644574,-0.24076770772882877,0.235491676022539,-0.2407672647354738,0.6731718699273443,-0.17676923173320155,0.437787512340722,0.06407958985752095,9.801289982336314e-05,8.111386189374459e-05,0.0001073184359166035,8.155685524871559e-05,0.9087615588497067,-0.4174553826067816,251.17530943552396,40.02609385360034,125.6339176731612,19.98192827993519,125.54141626598125,20.044170861260795,125.58766696957123,20.013049570597992,-2.4503618504922997e-05,-5.287595648439947e-06,-7.0826694833081305,-77.9086080944995,-77.40674536744243,0.0005062158928984869,0.005570134783911216,-0.03425158032942477
1.3624,0.6728716101103577,-0.1773976326249342,0.2358272364852257,-0.24032263290676983,0.23583653248838793,-0.2403222690128593,0.6726653979999485,-0.17756096307829067,0.4369366195683463,0.06284315310820213,9.84580536234625e-05,8.148327972296032e-05,0.00010775405678570271,8.184717363350635e-05,0.90860038854196,-0.41780174881142695,250.8296367329592,39.1558771930835,125.46108790468887,19.54665513876715,125.36857348038922,19.609227252429363,125.41483069253904,19.577941195598257,-2.465211889557395e-05,-5.19811301558093e-06,-7.102709021691933,-77.86920392220625,-77.37314108589797,0.0004905833382589383,0.005594470927302246,-0.03434691546715385
1.3632,0.6723630352245439,-0.1781870015723361,0.23617487174536886,-0.23987936541653918,0.23618415844446625,-0.23987907860145158,0.6721559413124274,-0.17835099124555986,0.43607997317356806,0.06161022560004739,9.890360650954833e-05,8.185142906808052e-05,0.00010819030560693665,8.213824415567728e-05,0.9084390033634032,-0.41814821841794336,250.47681417167797,38.290811749001826,125.28468225668553,19.113958664984537,125.19215671433962,19.176858191569934,125.23841948551257,19.145408428277236,-2.4799347158932505e-05,-5.107552645711166e-06,-7.122843250886661,-77.83001161892876,-77.33960475716871,0.000474898493264958,0.005618895666173037,-0.03444226341238732
1.3639999999999999,0.6718514782911221,-0.1789746600701723,0.23652527524398065,-0.2394379162078274,0.23653455289648276,-0.23943770446178203,0.6716435014875943,-0.17913930843425488,0.4352175758191265,0.06038082608259114,9.934957551288592e-05,8.221830901862515e-05,0.00010862722801496805,8.24300550639756e-05,0.90827740395959,-0.41849479458701827,250.11692846139218,37.43096183748816,125.10474409882205,18.683871006959293,125.01220930786732,18.74709584646172,125.0584767033447,18.715483426710506,-2.4945297212752848e-05,-5.0159328495169575e-06,-7.143072876959947,-77.7910282830442,-77.30613424811776,0.00045917977453128204,0.00564340893197,-0.03453764270994952
1.3648,0.671336940992247,-0.17976060028281637,0.23687844592539264,-0.23899829629524547,0.23688771481722243,-0.23899815761973855,0.6711280801448806,-0.17992590679528755,0.43434943019725625,0.059154973418440046,9.97959777683799e-05,8.258391848212088e-05,0.0001090648695981078,8.27225939890458e-05,0.9081155909398713,-0.41884148049654396,249.75006687271906,36.57639011336671,124.92131708087553,18.25642348224538,124.82877488180691,18.31997155439322,124.87504598134122,18.2881975183193,-2.508996337269309e-05,-4.923271887946612e-06,-7.163398612673365,-77.75225105802375,-77.27272747943707,0.0004434454119147601,0.005668010633504182,-0.03463307193092646
1.3656000000000001,0.6708194250073436,-0.18054481432662384,0.23723438270035135,-0.23856051675834705,0.23724364314572907,-0.23856044916658659,0.6706096789009385,-0.18071077843075112,0.4334755390311008,0.05793268658377934,0.00010024283051368599,8.294825618340718e-05,0.0001095032758914316,8.301584794387362e-05,0.9079535648771813,-0.4191882793411543,249.3763172016671,35.727157569901294,124.73444511497163,17.831646577461967,124.64189732003562,17.895515822026994,124.68817121750362,17.86358119974448,-2.5233340153363315e-05,-4.829587666677071e-06,-7.183821177566636,-77.7136771315381,-77.23938242514139,0.0004277134456647032,0.005692700656918831,-0.03472856967167104
1.3664,0.6702989320137073,-0.1813272942694526,0.23759308444520522,-0.23812458874164397,0.23760233678648585,-0.23812459025898336,0.6700882993702558,-0.1814939153934411,0.432595905076136,0.05671398466886683,0.00010069015108543633,8.331132066392855e-05,0.00010994249236601084,8.33098033245494e-05,0.907791326307827,-0.4195351943317605,248.9957677343881,34.88332353936108,124.54417235796043,17.409569948586707,124.45162075185041,17.473758325672307,124.49789655490542,17.441664137129507,-2.5375422751494625e-05,-4.734897935065874e-06,-7.204341298043212,-77.6753037347334,-77.20609711224793,0.00041200172359981673,0.0057174788656030075,-0.0348241545518988
1.3672,0.6697754636871144,-0.18210803213018756,0.23795455000108798,-0.23769052345461475,0.2379637946085929,-0.23769059211898522,0.6695639431657752,-0.18227530968637948,0.4317105311216043,0.055498886878516465,0.00010113795691713001,8.367311028120716e-05,0.0001103825644220846,8.360444591072602e-05,0.9076288757312853,-0.4198822286950835,248.608507212218,34.04494569439117,124.35054319393694,16.9902224216504,124.2579895344876,17.054727911961194,124.30426636421228,17.022475166805798,-2.5516206562770094e-05,-4.639220428259705e-06,-7.2249597074572245,-77.63712814143149,-77.17286962026938,0.0003963278983194475,0.005742345100184196,-0.034919845213636336
1.3679999999999999,0.6692490217024374,-0.18288701987826766,0.23831877817309974,-0.23725833217170766,0.2383280154449417,-0.23725846603404885,0.6690366118995217,-0.1830549532623421,0.43081941999195883,0.054287412532573354,0.00010158626553691263,8.403362320781593e-05,0.00011082353737879025,8.389976086663198e-05,0.9074662136100002,-0.42022938567318313,248.21462479702197,33.212080050173384,124.15360221691367,16.573631993826965,124.06104823579574,16.63845259891896,124.1073252263547,16.606042296372962,-2.5655687437620145e-05,-4.542572540344736e-06,-7.245677146201855,-77.59914766737614,-77.13969808085983,0.0003807094244163734,0.005767299178441928,-0.03501566031960124
1.3688,0.6687196077342706,-0.18366424943321838,0.23868576772948513,-0.23682802623233581,0.23869499809138708,-0.2368282233570253,0.668506307183239,-0.18383283802339123,0.4299225745483187,0.05307958106637575,0.00010203509456485627,8.439285743117031e-05,0.00011126545646678032,8.419573274168202e-05,0.907303340369191,-0.42057666852298536,247.81421003686475,32.384780967360015,123.95339421365641,16.159825834909697,123.86084161707024,16.2249595774218,123.90711791536333,16.192392706165748,-2.5793861908596227e-05,-4.444971480666027e-06,-7.2664943617991264,-77.56135966948806,-77.1065806773313,0.00036516355573164874,0.005792340895256076,-0.03511161855192313
1.3696000000000002,0.668187223457562,-0.18443971266418702,0.2390555174008087,-0.2363996170408665,0.2390647413059165,-0.23639987550614766,0.6679730306290332,-0.18460895582041165,0.42901999768993504,0.05187541203120774,0.00010248446171046144,8.475081075287605e-05,0.00011170836681828611,8.449234547174e-05,0.9071402563966602,-0.42092408051580643,247.40735283202275,31.563101155766454,123.74996414669062,15.748830289167259,123.65741461605833,15.814275213033497,123.70368938137447,15.781552751100378,-2.5930726195610987e-05,-4.346434302249236e-06,-7.287412108991166,-77.52376154514464,-77.0735156442736,0.00034970734262645053,0.0058174700225783055,-0.03520773861035309
1.3704,0.6676518705482524,-0.1852134013894835,0.23942802587912795,-0.2359731160666033,0.23943724380781678,-0.2359734339650111,0.6674367838500229,-0.18538329845265125,0.42811169235566526,0.05067492509473982,0.00010293438477032568,8.510748078777164e-05,0.00011215231345912402,8.478958237996548e-05,0.90697696204261,-0.4212716249368746,246.99414340135314,30.747091678804967,123.54335713748738,15.340670877569664,123.45081233014334,15.406425048213137,123.49708473381536,15.3735479628914,-2.606627757018032e-05,-4.246977834299059e-06,-7.308431149832979,-77.48635073148121,-77.04050126709299,0.00033435762928251073,0.005842686309370741,-0.03530403921124048
1.3712,0.6671135506839244,-0.1859853073761251,0.23980329181716395,-0.23554853484376054,0.23981250427683828,-0.23554891028254618,0.6668975684609983,-0.18615585766726714,0.42719766152546024,0.049478140041457244,0.00010338488162586756,8.546286496383115e-05,0.00011259734130020238,8.508742617820142e-05,0.9068134576194625,-0.4216193050848495,246.57467224903925,29.93680195864338,123.33361844983668,14.93537230037667,123.2410799997157,15.001433804885366,123.2873492247762,14.968403052631018,-2.620051313328986e-05,-4.146618657330237e-06,-7.329552253786726,-77.44912470466997,-77.00753588155547,0.000319131051027292,0.005867989481548513,-0.0354005390859129
1.3719999999999999,0.666572265544456,-0.18675542233938477,0.24018131382746885,-0.23512588497143228,0.24019052135235616,-0.23512631607298545,0.6663553860790877,-0.18692662515887407,0.42627790822185935,0.04828507677307946,0.00010383597024049562,8.581696052122056e-05,0.00011304349512780698,8.538585896805673e-05,0.9066497434016845,-0.42196712427133826,246.1490301317247,29.132279782073635,123.12079347341626,14.532958440081643,123.02826299173907,14.599325387365326,123.07452823257766,14.566141913723484,-2.6333430639624567e-05,-4.045373334093938e-06,-7.35077619781759,-77.41208097927817,-76.97461787340137,0.0003040440316762088,0.005893379241951203,-0.035497256979056147
1.3728,0.6660280168126846,-0.187523737942345,0.2405620904815911,-0.23470517811355324,0.24057129363252974,-0.2347056630158227,0.6658102383244316,-0.18769559256909948,0.4253524355114977,0.04709575530896572,0.00010428766865716588,8.616976451197855e-05,0.00011349081959582952,8.568486224250216e-05,0.9064858196256185,-0.4223150858204102,245.71730802605367,28.33357130707046,122.90492770756282,14.133452364699124,122.8124067835188,14.20012288562917,122.8586672455408,14.166787625164147,-2.646502792913452e-05,-3.94325783403815e-06,-7.372103766491192,-77.37521710759637,-76.9417456778447,0.00028911278091505084,0.005918855270268045,-0.03559421164757737
1.3736000000000002,0.6654808061750779,-0.18829024579545484,0.24094562030923838,-0.23428642599885308,0.24095481967345841,-0.23428696285576533,0.6652621268208654,-0.18846275148614153,0.4244212465066232,0.045910195786511024,0.00010473999499621689,8.652127379947527e-05,0.00011393935921627518,8.598441688721647e-05,0.90632168648932,-0.4226631930681074,245.2795970966297,27.540721070025253,122.68606674525373,13.736876331391514,122.59355694667941,13.803848578921986,122.63981184596656,13.77036245515675,-2.6595303438625706e-05,-3.840288247403123e-06,-7.393535752072643,-77.33853067897725,-76.9089177791657,0.0002743532917052675,0.005944417223038298,-0.0356914218587292
1.3744,0.6649306353224128,-0.18905493745609292,0.24133190179743766,-0.23386964042080352,0.24134109798833614,-0.23387022740267904,0.6647110531966086,-0.18922809344433322,0.4234843443666238,0.0447284184615282,0.00010519296745287177,8.687148505792663e-05,0.00011438915835132457,8.628450318239056e-05,0.9061573441523976,-0.42301144936195434,244.83598866440755,26.75377199363513,122.46425625730437,13.34325179042149,122.37175913135893,13.410523939693931,122.41800769433165,13.37688786505771,-2.672425574701265e-05,-3.736480291394173e-06,-7.415072954627239,-77.30201931920382,-76.87613271021019,0.00025978133770441386,0.005970064733559106,-0.035788906389086605
1.3752,0.6643775059504606,-0.18981780442813528,0.24172093338969375,-0.2334548332375579,0.2417301270466033,-0.2334554685315253,0.6641570190849619,-0.1899916099237112,0.42254173229956277,0.04355044370861834,0.00010564660429457362,8.722039477165877e-05,0.00011484026120411883,8.658510080425397e-05,0.9059927927358598,-0.42335985806046483,244.3865741755291,25.972765395430734,122.23954197678852,12.952599389425046,122.1470590506242,13.020169637855105,122.19330051370636,12.986384513640076,-2.6851883632161844e-05,-3.631849416763089e-06,-7.436716182122899,-77.26568068989012,-76.84338905196057,0.00024541247073456025,0.005995797411878162,-0.03588668402272788
1.376,0.6638214197606824,-0.19057883816152676,0.24211271348514438,-0.23304201637188393,0.24212190527309552,-0.23304269818229223,0.6636000261250136,-0.19075329234958877,0.42159341356372804,0.042376292021530315,0.00010610092385887615,8.756799923514968e-05,0.0001152927118099889,8.688618882685128e-05,0.9058280323219678,-0.42370842253264585,243.9314451706187,25.19774099692567,122.01196968368822,12.564938977994473,121.91950246511672,12.632805545342137,121.96573607440247,12.598872261668305,-2.697818624142201e-05,-3.5264109392585397e-06,-7.4584662505342365,-77.229512487837,-76.8106854330754,0.00023126201826010812,0.00602161484472472,-0.03598477355004093
1.3768,0.6632623784609301,-0.19133803005185845,0.2425072404377138,-0.23263120181108907,0.24251643104719128,-0.2326319283599169,0.6630400759623523,-0.19151313209213475,0.4206393914691886,0.04120598401350638,0.00010655594455011297,8.791429455204391e-05,0.00011574655402768474,8.718774572423482e-05,0.9056630629540937,-0.42405714615749956,243.47069325454618,24.42873693336729,121.78158518977781,12.180289612562433,121.68913516793141,12.248450740984822,121.73536017885462,12.214370176773627,-2.7103163063202373e-05,-3.420179965019088e-06,-7.480323983948454,-77.19351244450299,-76.77802052941274,0.00021734508090974356,0.006047516595486835,-0.03608319376581903
1.3776,0.6627003837661574,-0.19209537143994906,0.24290451255526344,-0.2322224016069387,0.2429137027019559,-0.23222317113420157,0.6624771702497877,-0.19227112046595632,0.41967966937936285,0.04003954041761744,0.00010701168483862045,8.82592766350554e-05,0.00011620183153104868,8.748974937218545e-05,0.9054978846365822,-0.4244060323235228,243.00441006667006,23.665789764073217,121.54843432374835,11.798669561577853,121.45600296973541,11.86712351566652,121.50221864674188,11.832896538622187,-2.7226813699599006e-05,-3.3131711560940857e-06,-7.502290214672977,-77.15767832532791,-76.74539306354897,0.0002036765300116852,0.006073502204175146,-0.03618196346815239
1.3784,0.6621354373991367,-0.1928508536114332,0.2433045280987413,-0.23181562787556584,0.2433137185232849,-0.2318164386397206,0.6619113106480795,-0.19302724872968938,0.418714250712595,0.03887698208708194,0.00010746816325679642,8.860294120546786e-05,0.00011665858780041116,8.779217705071063e-05,0.9053324973346213,-0.4247550844282045,242.53268725157022,22.908934483331354,121.3125629165768,11.420096310964496,121.22015168413171,11.488841377766065,121.26635730035426,11.45446884436528,-2.7349138292720454e-05,-3.205399206507309e-06,-7.524365783344988,-77.1220079292399,-76.71280180428212,0.0001902710051750291,0.00609957118737894,-0.03628110145695018
1.3792,0.6615675410911849,-0.1936044677963529,0.2437072852813281,-0.23141089279737534,0.24371647674904387,-0.23141174307572207,0.661342498826675,-0.1937815080855914,0.41774313894374393,0.03771832999557655,0.0001079253983971018,8.894528379260747e-05,0.0001171168661128208,8.809500544587623e-05,0.9051669009741159,-0.42510430587752085,242.05561643028105,22.15820453185035,121.07401678714515,11.044586569854033,120.98162711327254,11.113621058874742,121.02782195020885,11.079103814364387,-2.747013664361475e-05,-3.096878423036742e-06,-7.546551539042757,-77.08649908808118,-76.68024556621398,0.00017714291189020569,0.00612572303821836,-0.03638062653200791
1.38,0.6609966965828965,-0.19435620516875618,0.24411278226758204,-0.23100820861693813,0.24412197556820714,-0.23100909670601938,0.6607707364644513,-0.19453388967914248,0.4167663376057793,0.03656360523752941,0.00010838340891006215,8.928629973375957e-05,0.00011757670953516097,8.839821065252662e-05,0.9050010954415685,-0.42545370008542804,241.57328917203054,21.413631808736216,120.83284172811393,10.67215627658176,120.74047503372589,10.741478519777317,120.7866583809199,10.706817398179538,-2.7589809263872667e-05,-2.987622860217698e-06,-7.568848339398928,-77.05114966602902,-76.64772320916215,0.0001643064191639925,0.006151957226319757,-0.03648055749215473
1.3808,0.6604229056248851,-0.1951060568462999,0.24452101717258154,-0.23060758764287986,0.24453021311999387,-0.2306085118588767,0.66019602525047,-0.1952843845986499,0.41578385029138987,0.035412829028403384,0.00010884221350138112,8.962598417343315e-05,0.00011803816091371377,8.870176817658837e-05,0.9048350805839653,-0.4258032704733532,241.08579696649787,20.675246683981356,120.58908349205396,10.302820604939456,120.49674118260094,10.372428956688353,120.54291233732745,10.337624780813904,-2.7708157034567193e-05,-2.8776464517932254e-06,-7.591257050715727,-77.01595755909695,-76.61523363775538,0.00015177545718909934,0.006178273197792964,-0.036580913133036574
1.3816,0.6598461699785326,-0.195854013889858,0.24493198806106506,-0.23020904224776106,0.24494118749300178,-0.2302100009268868,0.6596183668847369,-0.19603298387485907,0.4147956806546013,0.0342660227049654,0.00010930183092955348,8.996433206338861e-05,0.00011850126286622187,8.900565293767926e-05,0.9046688562086682,-0.4261530204696825,240.59323119659427,19.943078011445294,120.34278777784004,9.936593970672618,120.25047124393461,10.00648680773537,120.29662951088733,9.971540389203994,-2.7825180382023973e-05,-2.76696269452259e-06,-7.613778548082143,-76.9809206945936,-76.58277580089862,0.00013956371503098266,0.006204670375183524,-0.03668171224603611
1.3824,0.6592664914167452,-0.19660006730313734,0.2453456929465702,-0.22981258486794898,0.24535489672434047,-0.22981357636683933,0.659037763078968,-0.19677967848057104,0.4138018324124013,0.03312320772553998,0.00010976228000342259,9.030133816202712e-05,0.00011896605777378388,8.930983927167568e-05,0.904502422083312,-0.4265029535092484,240.09568311177284,19.217153142307072,120.09400021731003,9.573490038214217,120.00171083534339,9.643665759677845,120.04785552632671,9.60857789894603,-2.794088058521993e-05,-2.655584989241788e-06,-7.636413715493207,-76.94603703062036,-76.55034869124744,0.00012768463837240654,0.00623114815743648,-0.036782973616794834
1.3832,0.6586838717247198,-0.19734420803229621,0.2457621297905698,-0.2294182280034832,0.24577133879876065,-0.22941925069958352,0.6584542155573686,-0.1975244593302642,0.41280230934637896,0.03198440567025315,0.00011022357958012652,9.063699703415473e-05,0.00011943258777102894,8.961430093382128e-05,0.9043357779357093,-0.42685307303281356,239.59324380187843,18.49749793897539,119.84276636219332,9.213521727647205,119.75050549494404,9.2839787548549,119.79663592856868,9.248750241251052,-2.8055258923131987e-05,-2.5435267154705343e-06,-7.659163445971236,-76.91130455554716,-76.51795134474366,0.00011615142726176359,0.006257705919891009,-0.03688471602336563
1.384,0.6580983127007152,-0.19808642696557177,0.24618129650160706,-0.22902598421793158,0.24619051164778352,-0.22902703650988107,0.6578677260574138,-0.19826731727972383,0.41179711530436924,0.030849638241258512,0.00011068574856243352,9.097130305077417e-05,0.0001199008947389002,8.991901110128042e-05,0.9041689234537598,-0.4272033824865541,239.08600417153735,17.78413678943235,119.58913167130927,8.856701221882588,119.49690066854453,8.927437998350157,119.5430161699269,8.892069610116373,-2.8168316447363395e-05,-2.430800396524546e-06,-7.682028641689297,-76.87672128752695,-76.4855828400481,0.00010497703392495903,0.006284343014221096,-0.036986958235047496
1.3848,0.6575098161568336,-0.19882671493291143,0.24660319093442842,-0.2286358661382396,0.2466124131488272,-0.22863694644625177,0.6572782963306424,-0.19900824312567664,0.4107862542021102,0.029718927262951653,0.00011114880589618847,9.13042503886824e-05,0.00012037102029499591,9.022394237652442e-05,0.9040018582853657,-0.42755388532153976,238.57405491509599,17.077092621996957,119.33314149804144,8.503039974049159,119.24094169710958,8.574054965366813,119.28704159757551,8.538547469707986,-2.8280055033746976e-05,-2.317419014019606e-06,-7.705010214096765,-76.84228527402267,-76.45324229805806,9.417416058301402e-05,0.006311058768445588,-0.03708971901059499
1.3856,0.6569183839198087,-0.1995650627056105,0.24702781088911416,-0.2282478864545714,0.24703704112433136,-0.22824899322081157,0.6566859281434556,-0.19974722760543095,0.4097697300249094,0.028592294682170755,0.00011161277056798147,9.163583303033185e-05,0.00012084300578513174,9.052906679013484e-05,0.903834582038355,-0.4279045849932122,238.05748649211262,16.376386920488457,119.07484107808675,8.15254871508104,118.98267380450196,8.22384040880219,119.02875744129435,8.188194561941614,-2.839047607494649e-05,-2.2033947715272006e-06,-7.728109084047087,-76.8079945913239,-76.42092888138801,8.375525732361923e-05,0.006337852486874659,-0.03719301709662659
1.3864,0.6563240178318016,-0.20030146099595783,0.24745515411020869,-0.2278620579201421,0.24746439334088136,-0.22786318960910143,0.6560906232779232,-0.20048426139652545,0.4087475468293174,0.027469762568380116,0.0001120776616028718,9.196604476346959e-05,0.00012131689227551368,9.0834355804148e-05,0.9036670942804075,-0.4282554849608634,237.53638910340223,15.682039739769456,118.81427551748286,7.805237461496034,118.7221420855012,7.876804367013435,118.76820880149202,7.8410209142547345,-2.8499581816276987e-05,-2.088740012951007e-06,-7.751326181927873,-76.7738473440793,-76.38864179380343,7.373251999000955e-05,0.006364723450079398,-0.037296871226430994
1.3872,0.6557267197512062,-0.2010359004568847,0.24788521828584775,-0.2274783933510436,0.247894467508329,-0.22747954844990895,0.6554923835326011,-0.20121933511638132,0.4077197087448153,0.026351353113843276,0.00011254349806194552,9.229487918099855e-05,0.00012179272054319012,9.11397803156494e-05,0.903499394538992,-0.42860658868710927,237.01085266764525,14.99406972165527,118.5514897809166,7.461115523356824,118.45939149410262,7.5329561717651075,118.50544063750961,7.497035847560966,-2.8607373963041027e-05,-1.973466661198131e-06,-7.774662447793163,-76.73984166483827,-76.35638027972591,6.411788813731977e-05,0.006391670914919225,-0.03740130011800602
1.388,0.6551264915534595,-0.20176837168162332,0.24831800104688506,-0.22709690562606022,0.24832726127891372,-0.22709808264508105,0.6548912107233519,-0.201952439321964,0.4066862199755063,0.025237088633776966,0.00011301029903948434,9.262232968075546e-05,0.0001222705310681138,9.14453106599239e-05,0.903331482301305,-0.4289578996373643,236.4809667985538,14.312494111165766,118.28652868031178,7.120191512402883,118.1944668320969,7.192304456349262,118.24049775620433,7.156247984376073,-2.8713854874240496e-05,-1.8575863798275805e-06,-7.798118831498174,-76.70597571362296,-76.32414362367956,5.4923042988933284e-05,0.0064186941144536635,-0.037506322472694364
1.3888,0.6545233351318626,-0.20249886520336988,0.24875349996601712,-0.2267176076864776,0.2487627722463806,-0.22671880515932843,0.6542871066841759,-0.20268356450944927,0.4056470848018203,0.024126991566493436,0.00011347808366163337,9.294838946510842e-05,0.00012275036402503714,9.175091661428603e-05,0.9031633570142181,-0.4293094212793126,235.94682078260507,13.637328773107058,118.01943686370049,6.782473350347317,117.92741273793135,6.854857163870534,117.97342480081592,6.8186652571089255,-2.881902676676873e-05,-1.7411107933185122e-06,-7.8216962928363944,-76.6722476774473,-76.2919311497227,4.6159405439125926e-05,0.006445792257990966,-0.03761195697384778
1.3896,0.6539172523984087,-0.20322737149495396,0.24919171255690595,-0.22634051253588336,0.2492009979450975,-0.22634172902002306,0.6536800732680521,-0.20341270111389678,0.40460230758222865,0.02302108447352784,0.00011394687108251533,9.327305154124832e-05,0.00012323225927407533,9.205656740156332e-05,0.9029950180842321,-0.42966115708237856,235.4085035573417,12.968588208963398,117.75025880437782,6.447968277328968,117.65827367585578,6.520621555685423,117.7042662401168,6.484294916507196,-2.892289188594077e-05,-1.6240509932430314e-06,-7.845395801679055,-76.63865576993635,-76.25974222095289,3.783813411744873e-05,0.006472964531009533,-0.03771822228469546
1.3904,0.6533082452846177,-0.20395388096851705,0.24963263627330196,-0.22596563323995797,0.24964193584917177,-0.22596686731698432,0.6530701123477819,-0.20413983950893172,0.40355189275496295,0.02191939003974676,0.00011441668048300935,9.359630872050884e-05,0.0001237162563528238,9.236223169416247e-05,0.9028264648774367,-0.4300131105171955,234.86610369023546,12.306285574079382,117.47903879033893,6.116682860509044,117.38709392534952,6.189604219988567,117.43306635784423,6.153143540248806,-2.9025452988662437e-05,-1.506418229269002e-06,-7.869218338117278,-76.60519823086845,-76.22757623892211,2.9970123462790318e-05,0.0065002100951872584,-0.037825137047377666
1.3912,0.6526963157423809,-0.20467838397519467,0.2500762685081635,-0.22559298292625937,0.2500855833715638,-0.22559423320226005,0.6524572258168447,-0.20486497000643103,0.40249584483974915,0.02082193107344686,0.00011488753106786431,9.39181536185052e-05,0.00012420239446819803,9.266787761784412e-05,0.9026576967194764,-0.43036528505507254,234.3197093581237,11.650432695121003,117.20582091400198,5.788623002807199,117.1139175708345,5.861811080537066,117.15986924241824,5.825217041672133,-2.9126712774996122e-05,-1.3882232625661572e-06,-7.89316489260662,-76.57187332577182,-76.19543264307599,2.2566001841848777e-05,0.0065275280883769285,-0.037932719880927834
1.392,0.6520814657448111,-0.2054008708048088,0.2505226065927773,-0.22522257478399707,0.2505319378632014,-0.22522383988989628,0.6518414155902595,-0.20558808285621955,0.40143416843954594,0.019728730506432507,0.00011535944206370052,9.423857865499541e-05,0.00012469071248782937,9.297347275577517e-05,0.9024887128955246,-0.4307176841674608,233.7694083272105,11.001040087791761,116.93064906221328,5.463793951764686,116.83878849167064,5.53724740550372,116.88471877694195,5.500520678634203,-2.9226673404991743e-05,-1.269476644694123e-06,-7.917236466114346,-76.53867934549923,-76.16331091020514,1.563612971781287e-05,0.0065549176245854575,-0.03804098938007883
1.3928,0.6514636972871017,-0.206121331685565,0.2509716477958757,-0.22485442206379902,0.2509809966120914,-0.22485570065570007,0.6512226836054552,-0.20630916824577145,0.40036686824229495,0.018639811394081315,0.00011583243271540145,9.455757605374149e-05,0.0001251812489310722,9.327898415269209e-05,0.9023195126502619,-0.43107031132541773,233.21528793363674,10.358116974792527,116.65356690653829,5.142200308530221,116.56175035243665,5.215917816451125,116.60765862948747,5.179059062490673,-2.9325338203989304e-05,-1.1501888188547582e-06,-7.941434070269318,-76.50561460588379,-76.13121055391146,9.190597846122485e-06,0.0065823777939666385,-0.03814996411318816
1.3936,0.6508430123873957,-0.20683975678375732,0.25142338932275443,-0.22448853807747027,0.25143275684243094,-0.22448982883699317,0.6506010318231478,-0.2070282162999189,0.39929394902267906,0.017555196915393603,0.00011630652228572513,9.487513784224577e-05,0.00012567404196223153,9.358437831934185e-05,0.9021500951878645,-0.4314231699990698,232.65743506461823,9.721671304006245,116.37461789383514,4.823846036956425,116.28284659349305,4.897826297419698,116.32873224366409,4.8608361671880616,-2.942270995731633e-05,-1.0303698783076243e-06,-7.9657587275146335,-76.47267744726169,-76.09913112396771,3.2392255262516182e-06,0.00660990766281773,-0.03825966262121483
1.3944,0.6502194130876573,-0.207556136203482,0.25187782831438804,-0.22412493619774132,0.2518872157137178,-0.22412623783235666,0.6499764622282257,-0.20774521708057073,0.39821541564388857,0.016474910373022622,0.00011678173005097436,9.519125585202848e-05,0.00012616912938068214,9.388962123668687e-05,0.9019804596719945,-0.43177626365707533,232.09593614014847,9.09170976688949,116.0938452371114,4.508734472801251,116.00212042182844,4.582976204118182,116.04798282946992,4.545855338459717,-2.9518791365035213e-05,-9.100299429576353e-07,-7.990211471263077,-76.43986623416072,-76.06707220582629,-2.208441130974556e-06,0.006637506273593408,-0.03837010341572977
1.3952,0.649592901454557,-0.20827045998635624,0.25233496184654525,-0.22376362985800952,0.25234437031985896,-0.2237649411013674,0.6493489768306444,-0.20846016058643496,0.39713127305939855,0.015398975193292863,0.00011725807529938681,9.550592171830852e-05,0.0001266665486131524,9.419467836041528e-05,0.9018106052258028,-0.432129595766084,231.5308770952663,8.468237817059023,115.81129190666317,4.196868333025549,115.71961480218886,4.2713702732121135,115.76545335442601,4.234119303118831,-2.961358572406425e-05,-7.891786388825039e-07,-8.01479334605538,-76.40717935489566,-76.03503342002291,-7.143130864584612e-06,0.006665172644825268,-0.03848130497732427
1.396,0.6489634795803605,-0.2089827181112471,0.252794786928903,-0.22340463255207096,0.2528042176882799,-0.22340595216432513,0.6487185776663245,-0.20917303675275267,0.39604152631475104,0.014327414926198156,0.00011773557732958073,9.581912687986471e-05,0.0001271663367064524,9.449951462570105e-05,0.9016405309319339,-0.43248316979019796,230.96234336288546,7.851259689052919,115.52700062149552,3.8882497251780705,115.43537244848608,3.9630106317004277,115.4811865349908,3.925630178439249,-2.970709613236977e-05,-6.678255788372667e-07,-8.039505407721482,-76.3746152211623,-76.00301442155566,-1.1555848907177298e-05,0.006692905771239851,-0.038593285754359385
1.3968,0.6483311495838273,-0.20969290049400618,0.25325730050416,-0.22304795783384349,0.25326675477903143,-0.22304928460197102,0.6480852667980626,-0.20988383545103756,0.3949461805493492,0.013260253245385378,0.00011821425544666919,9.613086257943826e-05,0.00012766853031809244,9.48040944519224e-05,0.9014702358325407,-0.4328369891904291,230.39041985718433,7.240778417254159,115.24101384102207,3.582880156861947,115.14943581548778,3.657898806372401,115.19522482825492,3.620389481617174,-2.9799325517387842e-05,-5.459801890594917e-07,-8.06434872354469,-76.34217226772327,-75.97101489936162,-1.5437878567742268e-05,0.006720704623647318,-0.03870606416103328
1.3976,0.647695913611116,-0.21040099698721282,0.2537224994471485,-0.2226936193170816,0.25373197848389634,-0.22269495205519743,0.6474490463164472,-0.21059254648882342,0.3938452409982592,0.012197513948121394,0.00011869412896053921,9.644111986321924e-05,0.00012817316570834514,9.510838174738023e-05,0.9012997189293039,-0.43319105742415764,229.81519095755232,6.636795854960056,114.95337375704446,3.2807605452734094,114.86184709078528,3.3560357333381603,114.90761042391486,3.318398139305785,-2.9890277403410437e-05,-4.23651513870027e-07,-8.089324372428935,-76.30984895203721,-75.93903457573231,-1.8780782788288707e-05,0.00674856814901514,-0.038819658575732774
1.3984,0.6470577738366989,-0.2111069973799262,0.25419038056394705,-0.2223416306750815,0.25419988562549634,-0.22234296822474817,0.6468099183407819,-0.21129915960942186,0.39273871299401875,0.011139220955240808,0.00011917521718385338,9.674988958115194e-05,0.0001286802787331398,9.541233991450238e-05,0.901128979183462,-0.4335453779445889,229.23674049309048,6.039312693581421,114.66412228600737,2.981891226805203,114.57264818703786,3.0574217676248026,114.61838523652261,3.019656497215003,-2.9979954746295334e-05,-3.0084858426704386e-07,-8.114433445069155,-76.27764375387804,-75.90707320568065,-2.157640562991085e-05,0.006776495270435808,-0.038934087339811185
1.3992,0.6464167324642817,-0.21181089139744366,0.25466094059099076,-0.22199200564037802,0.25467047295639655,-0.2219933468709102,0.6461678850200179,-0.2120036644916853,0.3916266019684561,0.01008539831107963,0.0001196575394289967,9.705716238690709e-05,0.0001291899048347922,9.571593185472849e-05,0.9009580155158434,-0.4338999542002086,228.65515172766106,5.448328481959547,114.37330106152933,2.686271966709242,114.2818807344927,2.762056692830484,114.32759089801101,2.724164329769863,-3.0068360956647666e-05,-1.7758017900604273e-07,-8.139677044124834,-76.24555517501959,-75.87513057641664,-2.3816873756746115e-05,0.0068044848871330645,-0.03904936875557041
1.4,0.6457727917277334,-0.21251266870106947,0.25513417619418316,-0.22164475800443187,0.25514373715821165,-0.22164610181319605,0.6455229485336926,-0.21270605074978122,0.3905089134545156,0.009036070183388617,0.00012014111500613378,9.736292873796515e-05,0.0001297020790346215,9.601911997378365e-05,0.9007868268069105,-0.4342547896342393,228.07050734548474,4.863841645783416,114.08095142720661,2.393901968808777,113.98958607377733,2.4699397308295232,114.03526875049198,2.43192084981915,-3.015549921769889e-05,-5.385488410780681e-08,-8.16505628439685,-76.2135817388739,-75.84320650673165,-2.5494597824274605e-05,0.006832535874493209,-0.03916552108481142
1.4008,0.6451259538920222,-0.21321231888789036,0.25561008396800544,-0.22129990161730848,0.2556196748407101,-0.22130124693001677,0.6448751110928764,-0.21340630793297305,0.3893856530880916,0.007991260863230917,0.0001206259632205442,9.766717889549137e-05,0.00013021683592523425,9.632186618720173e-05,0.900615411896807,-0.43460988768409436,227.4828894372781,4.285849507095589,113.7871144296879,2.1047798852548425,113.69580524896324,2.1810695515218868,113.74145983932557,2.1429247183883646,-3.0241373053740972e-05,7.031886006814148e-08,-8.190572293007635,-76.181721990175,-75.8113008463937,-2.6602273863560383e-05,0.006860647084055925,-0.03928256254715734
1.4016,0.644476221254161,-0.21390983149055953,0.25608866043462664,-0.22095745038734757,0.2560982825409181,-0.22095879615834685,0.644224374941128,-0.2141044255254097,0.38825682660987215,0.006950994764862592,0.00012111210337073519,9.796990292471053e-05,0.00013073420966225324,9.662413192544628e-05,0.9004437695854169,-0.4349652517808318,226.89237948693074,3.714348303872385,113.49183081201812,1.818903826319513,113.40057900089843,1.8954442826201046,113.44620490645828,1.8571740544698088,-3.0325985818535628e-05,1.9493276726123554e-07,-8.216226209584713,-76.14997449461755,-75.77941347558433,-2.713288458813474e-05,0.006888817343534014,-0.03940051131871769
1.4024,0.6438235961441566,-0.21460519597709132,0.25656990204301355,-0.22061741828082307,0.25657955672222466,-0.22061876349337792,0.6435707423554551,-0.21480039294592587,0.38712243986718675,0.0059152964255918955,0.000121599554745222,9.827109069468487e-05,0.00013125423395632385,9.692587813985021e-05,0.900271898632425,-0.43532088534860913,226.29905835871205,3.149333209662657,113.19514100724751,1.5362713702188984,113.10394776080538,1.6130615194648357,113.14954438402646,1.574666444841867,-3.040934086584457e-05,3.1997892291357743e-07,-8.242019186447827,-76.11833783858056,-75.74754430430154,-2.7079700682335357e-05,0.006917045456815794,-0.0395193855298146
1.4032,0.6431680809259718,-0.21529840175066162,0.25705380516803944,-0.22027981932159466,0.2570634937734847,-0.22028116298816555,0.6429142156472849,-0.2154941995478481,0.38598249881586627,0.004884190505625247,0.00012208833662080698,9.857073187867493e-05,0.00013177694206606416,9.722706530779224e-05,0.9000997977573905,-0.435676791804135,225.70300628500812,2.590798353276551,112.89708513230603,1.256879572960159,112.80595164414379,1.333918334867107,112.85151838822492,1.295398953913633,-3.0491441719959766e-05,4.45449285013666e-07,-8.267952388799516,-76.08681062877154,-75.71569327175185,-2.6436282014195944e-05,0.006945330204004103,-0.03963920326407333
1.404,0.6425096779984901,-0.21598943814942007,0.2575403661095939,-0.2199446675907493,0.25755009000812346,-0.2199460087532643,0.6422547971634405,-0.2161858346188134,0.38483700952210664,0.003857701787890064,0.00012257846826008167,9.886881595419506e-05,0.00013230236678962726,9.752765343916392e-05,0.899927465639824,-0.43603297455612355,225.10430285457824,2.0387368385061015,112.59770298213672,0.9807249782048757,112.50663044473293,1.0580112889650337,112.55216671343483,1.0193681335849547,-3.057229142200413e-05,5.713361921344529e-07,-8.294026994919458,-76.05539149192127,-75.68386034576625,-2.519647881723597e-05,0.006973670341410992,-0.039759982556347495
1.4048,0.6418483897964912,-0.21667829444630968,0.2580295810916921,-0.2196119772262338,0.2580393416632405,-0.2196133149563552,0.641592489287125,-0.21687528738059425,0.3836859781643418,0.0028358551778425306,0.00012306996890887323,9.916533220298562e-05,0.00013283054045731824,9.78276020815877e-05,0.8997549009192743,-0.43638943700474647,224.50302700132784,1.493140763869681,112.29703402408856,0.7078036271439316,112.20602362913297,0.7853364390937543,112.25152882661077,0.746570033118843,-3.065189369522159e-05,6.97631995061343e-07,-8.320244196362479,-76.02407907448924,-75.65204552221604,-2.335443281799739e-05,0.007002064601589017,-0.03988174139124112
1.4056,0.6411842187916322,-0.2173649598488953,0.2585214462615833,-0.21928176242247865,0.2585312448987128,-0.21928309582186314,0.6409272944389146,-0.21756254698893385,0.3825294110351254,0.00181867570325632,0.0001235628577940795,9.946026971151267e-05,0.0001333614949236006,9.812687032702272e-05,0.8995821021954216,-0.4367461825410855,223.89925699359375,0.9540012423661095,111.99511739256437,0.4381110683772107,111.90417033128146,0.515889349659588,111.94964386192291,0.47700020901839935,-3.073025206390412e-05,8.243293108112226e-07,-8.34660519816039,-75.99287204234011,-75.62024882441678,-2.090457831124824e-05,0.007030511693358692,-0.040004497701261243
1.4064,0.6405171674934377,-0.21804942349920362,0.2590159576888609,-0.21895403743001096,0.25902579579630064,-0.2189553656305643,0.6402592150777556,-0.2182476025333922,0.38136731454301587,0.0008061885139897251,0.00012405715412117102,9.9753617370954e-05,0.00013389526156087905,9.842541681762129e-05,0.8994090680281774,-0.4371032145465855,223.29307042393043,0.421308421225291,111.69199188391946,0.17164236779083808,111.60110934738063,0.24966510201358005,111.64655061565004,0.21065373490220907,-3.0807369654439754e-05,9.514208728633733e-07,-8.373111219027798,-75.96176908045763,-75.5884703024868,-1.784164319538097e-05,0.007059010301830155,-0.0401282693657663
1.4072,0.6398472384502949,-0.21873167447356942,0.25951311136457184,-0.2186288165550596,0.25952299035875,-0.21863013871918494,0.6395882537019733,-0.21893044303719886,0.38019969521447317,-0.00020158111826186487,0.00012455287707180407,0.00010004536387736573,0.00013443187124989597,9.872319975205712e-05,0.899235796937795,-0.4374605363925064,222.68454419939584,-0.1049484983522927,111.38769595161078,-0.09160788156994215,111.2968791310352,-0.01334169568190191,111.34228754132299,-0.05247478862592203,-3.088325013322901e-05,1.0788995513655308e-06,-8.39976349157184,-75.93076889265313,-75.55671003284081,-1.4160649936174622e-05,0.007087559088422901,-0.04025307420840818
1.408,0.6391744342504588,-0.2194117017824949,0.2600129032003266,-0.21830611415914972,0.26002282450889946,-0.21830742947998982,0.6389144128502835,-0.2196110574571189,0.37902655969575816,-0.001204607800237123,0.0001250500458012671,0.00010033549773205697,0.00013497135437412489,9.902017689195075e-05,0.8990622874049843,-0.43781815143937663,222.0737545323271,-0.6247812414830707,111.08226770158993,-0.3516455496432229,110.99151778863393,-0.27313689859812484,111.03689274511193,-0.3123912241206739,-3.095789676876848e-05,1.2067582770836083e-06,-8.426563262506097,-75.89987020127916,-75.52496811751814,-9.85691650230817e-06,0.007116156690908652,-0.04037892999630799
1.4088,0.638498757523063,-0.22008949437051611,0.2605153290274096,-0.217985944658688,0.26052529408878417,-0.21798725236036118,0.6382376951028148,-0.22028943468332604,0.37784791475484203,-0.002202866017396485,0.00012554867943681547,0.00010062400724156206,0.00013551374081133272,9.931630556837823e-05,0.8988885378710357,-0.4381760630364457,221.46077693160106,-1.1382024399218345,110.77574488793948,-0.6084769595089767,110.68506307497461,-0.529726815403194,110.73040398145704,-0.5691018874560854,-3.10313130285067e-05,1.334990336276931e-06,-8.453511792868639,-75.8690717469245,-75.49324468363501,-4.926057235008912e-06,0.007144801723436867,-0.04050585443798127
1.4096,0.6378202109391383,-0.22076504111608003,0.26102038459588933,-0.217668322524539,0.2610303948587423,-0.21766962186236893,0.6375581030821371,-0.22096556353928673,0.3766637672833219,-0.0031963301342294165,0.00012604879707411865,0.00010091088051832064,0.000136059059927085,9.96115426883798e-05,0.8987145467379535,-0.43853427452113736,220.84568619437206,-1.6452256124291675,110.46816490874726,-0.8621088775707619,110.37755238912709,-0.7831181984472977,110.42285864893717,-0.8226135380090298,-3.1103502266205396e-05,1.4635888920810913e-06,-8.480610358244393,-75.83837228817025,-75.46153988276247,6.360163404560837e-07,0.00717349277656605,-0.04063386518180323
1.4104,0.6371387972126386,-0.22143833083143277,0.26152806557373115,-0.21735326228159063,0.26153812249652153,-0.21735455254232933,0.6368756394542953,-0.2216394327816553,0.3754741242983406,-0.004184974394584054,0.00012655041777642762,0.0001011961054806082,0.0001366073405668078,9.990584474191266e-05,0.8985403123685931,-0.43889278921850405,220.22855639827853,-2.1458651451963378,110.15956480221553,-1.1125485037669165,110.06902277053092,-1.0333182339768854,110.11429378637322,-1.072933368871901,-3.11744679208914e-05,1.5925474641242943e-06,-8.507860248991925,-75.80777060126151,-75.42985389035879,6.83309474216526e-06,0.007202228417314308,-0.0407629798143887
1.4112,0.6364545191014732,-0.22210935226251613,0.2620383675459075,-0.21704077850831135,0.26204847259638614,-0.21704205901035573,0.6361903069298532,-0.22231103110017758,0.3742789929445164,-0.005168772922013315,0.00012705356057068906,0.00010147966985291079,0.00013715861104929283,0.0001001991678085401,0.8983658330868101,-0.4392516104406804,219.60946089411385,-2.640136272334365,109.8499812430019,-1.3598034618133,109.75951089532526,-1.2803345323805786,109.80474606916358,-1.3200689970969393,-3.124421331790472e-05,1.721859513637014e-06,-8.535262770474677,-75.77726547989755,-75.39818690515757,1.3668669819025646e-05,0.007231007189179096,-0.0408932158589721
1.412,0.6357673794085474,-0.22277809408887628,0.2625512860135128,-0.21673088583629643,0.26256144066822534,-0.21673215592989836,0.6355021082649429,-0.222980347117607,0.3730783804958761,-0.006147699720144242,0.00012755824444604658,0.00010176156116634139,0.00013771289915853746,0.00010049146756439808,0.8981911071776143,-0.43961074148633905,218.9884722989514,-3.1280550564401186,109.53945053878738,-1.6038817894848876,109.44905307290563,-1.5241751184739343,109.4942518058465,-1.564028453979411,-3.1312741612055106e-05,1.8515187032441816e-06,-8.562819243296868,-75.74685573492499,-75.36653914862464,2.1145934099323432e-05,0.007259827612185848,-0.04102459077338949
1.4128,0.6350773809828091,-0.22344454492358165,0.26306681639287555,-0.21642359894980506,0.2630770221366629,-0.21642485801727435,0.6348110462623198,-0.22364736938963006,0.37187229435779523,-0.007121728673066152,0.0001280644883510096,0.0001020417667588619,0.00013827023213830447,0.0001007826992895644,0.8980161328873336,-0.4399701856401455,218.36566248971675,-3.6096383692462513,109.22800862706868,-1.8447919289400545,109.13768524270462,-1.7648484218249934,109.18284693488664,-1.804820175382524,-3.1380056526586486e-05,1.981518796601023e-06,-8.590531003544084,-75.71654019409829,-75.3349108642987,2.9267780190703725e-05,0.007288688182965521,-0.041157121949140674
1.4136,0.6343845267203035,-0.22410869331315159,0.26358495401467363,-0.2161189325852879,0.2635952123401657,-0.21612018004118888,0.6341171237724278,-0.22431208640480202,0.370660742068946,-0.008090833545738418,0.00012857231119184354,0.00010232027377572728,0.0001388306366839065,0.00010107281787472,0.8978409084237853,-0.4403299461722152,217.74110259720254,-4.084903872364175,108.91569107217,-2.082542717090348,108.82544297119338,-2.0023632671275635,108.8705670216817,-2.042452992108956,-3.144616084682639e-05,2.1118537363307155e-06,-8.618399403028674,-75.68631770178654,-75.30330231727683,3.803680023158394e-05,0.00731758737473386,-0.04129082670897333
1.4144,0.6336888195652333,-0.22477052773749712,0.26410569412305057,-0.21581690153090416,0.2641160065301572,-0.215818136822245,0.6334203436944678,-0.2249744865844959,0.3694437313032466,-0.009054987984421933,0.00012908173182946125,0.00010259706916980471,0.00013939413893609975,0.00010136177782897604,0.8976654319564543,-0.4406900263375711,217.11486300051095,-4.553869998130459,108.60253306247114,-2.31714337602331,108.51236144909788,-2.2367288646245527,108.55744725578451,-2.2769361203239313,-3.151105806864507e-05,2.2425174037721263e-06,-8.646425809540176,-75.65618711875148,-75.27171379358671,4.745528541039837e-05,0.007346523637395912,-0.04142572230588826
1.4152,0.6329902625110272,-0.22543003660986993,0.2646290318747314,-0.2155175206260295,0.26463939987012797,-0.21551874323244435,0.6327207089774766,-0.22563455828285922,0.3682212698718222,-0.010014165517127652,0.00012959276907703599,0.00010287213970208708,0.00013996076447359007,0.00010164953328721527,0.8974897016166816,-0.44105042937560146,216.4870133219249,-5.016555930561525,108.2885694078478,-2.5486035034784464,108.19847548882862,-2.4679548005869947,108.24352244833821,-2.5082791520327206,-3.157475151738254e-05,2.3735039160754923e-06,-8.674611607100704,-75.62614732189338,-75.24014559963986,5.75252255314624e-05,0.007375495397586953,-0.04156182592086566
1.416,0.6322888586014143,-0.22608720827682596,0.26515496233814195,-0.21522080476075323,0.265165387434751,-0.2152220141946776,0.6320182226214085,-0.22629228978678512,0.3669933657249649,-0.010968339554090129,0.00013010544169839156,0.00010314547194177626,0.00014053053830737072,0.0001019360380173917,0.8973137154978579,-0.44141115850952095,215.85762242219226,-5.472981586428262,107.97383453731935,-2.776933063384547,107.88381952211711,-2.69605102785124,107.92882702971824,-2.7364920456178936,-3.163724420573999e-05,2.504807524950081e-06,-8.702958196225657,-75.5961972039836,-75.20859806162068,6.824830864288839e-05,0.007404501058719183,-0.04169915466178509
1.4168,0.6315846109315055,-0.22674203101819715,0.265683480492528,-0.21492676887536624,0.26569396420899644,-0.21492796468220493,0.6313128876782272,-0.22694766931589289,0.36576002695410414,-0.011917483388259431,0.00013061976840489375,0.00010341705226721287,0.00014110348487339497,0.00010222124542852429,0.8971374716556286,-0.4417722169458306,215.22675839621945,-5.923167596454798,107.65836249690105,-3.0021423764578543,107.56842759785778,-2.921027856419343,107.61339504737941,-2.9615851164385987,-3.16985393737923e-05,2.6364223995045677e-06,-8.731466994189619,-75.56633567343557,-75.17707152493267,7.962592073041334e-05,0.00743353900103807,-0.041837725561407524
1.4176,0.630877522648883,-0.22739449304707565,0.2662145812270761,-0.21463542795983884,0.26622512508724827,-0.21463660971812665,0.6306047072530037,-0.22760068502251976,0.36452126179378114,-0.012861570195814964,0.00013113576785356296,0.00010368686686594575,0.00014167962802574818,0.0001025051085781492,0.8969609681081054,-0.4421336078737805,214.5944885691663,-6.367135286650327,107.34218694765683,-3.224242110868005,107.25233338014948,-3.1428959441253,107.29726016390316,-3.1835690274966524,-3.175864003424067e-05,2.7683429779656876e-06,-8.760139435297766,-75.53656165405806,-75.14556635364988,9.165914545978232e-05,0.007462607581680597,-0.041977555575783754
1.4184,0.6301675969546917,-0.22804458250981063,0.2667482593400365,-0.21434679705328807,0.26675886487242384,-0.21434796437484302,0.6298936845050159,-0.22825132499172654,0.3632770786236237,-0.01380057303670304,0.00013165345864418754,0.00010395490173542576,0.00014225899103154083,0.00010278758018048006,0.896784202836084,-0.44249533446483413,213.96087949292826,-6.804906659781566,107.02534116394594,-3.443243272973902,106.93557014653176,-3.361666287371392,106.98045565523884,-3.402454780172647,-3.1817549427159975e-05,2.9005637278700647e-06,-8.788976971162935,-75.50687408483306,-75.11408292988861,0.0001043487639773328,0.007491705134747019,-0.04211866158280486
1.4192,0.6294548371047453,-0.22869228748601464,0.2672845095378473,-0.2140608912434358,0.26729517827509286,-0.21406204377350468,0.6291798226488646,-0.22889957724131227,0.36202748597033485,-0.01473446485519321,0.00013217285931754752,0.00010422114268326954,0.00014284159656308137,0.00010306861261437372,0.896607173783275,-0.4428573998721337,213.32599694300927,-7.23650437699025,106.70785803186435,-3.6591571981320072,106.61817078641542,-3.5773502119373433,106.66301440913989,-3.6182537050346752,-3.1875270508407993e-05,3.033079100767111e-06,-8.817981070988212,-75.47727191966652,-75.08262165330504,0.00011769525479771013,0.007520829971357177,-0.04226106038021271
1.42,0.6287392464106296,-0.22933759598858378,0.26782332643426116,-0.21377772566605582,0.2678340599126011,-0.2137788630834526,0.6284631249555844,-0.22954542972184316,0.3607724925096759,-0.015663218480459262,0.0001326939883525835,0.00010448557532806435,0.00014342746669254725,0.00010334815793131003,0.8964298788565381,-0.4432198072299677,212.689905915762,-7.661951739564287,106.38977004787046,-3.871995541582308,106.30016779969783,-3.7899593638657905,106.34496892378414,-3.830977452724049,-3.193180626226422e-05,3.165883811107051e-06,-8.847153221855633,-75.44775412716879,-75.05118294050229,0.00013169879371314143,0.0075499803797280255,-0.042404768684207284
1.4208,0.6280208282408196,-0.22998049596372894,0.2683647045494727,-0.21349731550441153,0.2683755043081936,-0.21349843752164754,0.6277435947537692,-0.23018887031669244,0.35951210706846126,-0.01658680662718115,0.00013321686416473133,0.0001047481850997567,0.00014401662288571204,0.00010362616786374623,0.8962523159261275,-0.4435825596532402,212.05267062600092,-8.081272670867149,106.07110931759667,-4.081770269412743,105.98159329556414,-3.9995057004268517,106.02635130658041,-4.0406379849197975,-3.198715990038181e-05,3.2989724463305947e-06,-8.876494929020698,-75.41831969040514,-75.01976722447588,0.0001463592537936986,0.007579154625231873,-0.04254980312774137
1.4216,0.6272995860217997,-0.23062097529101838,0.2689086383092483,-0.21321967598868333,0.2689195058901412,-0.2132207823520901,0.6270212354307009,-0.23082988684209188,0.3582463386265555,-0.017505201896168415,0.00013374150510298,0.00010500895724012416,0.00014460908599583933,0.00010390259383336042,0.896074482825945,-0.4439456602369418,211.4143545049721,-8.49449169843112,105.75190755483932,-4.288493649606238,105.66247899146684,-4.206001481164634,105.70719327315308,-4.247247565385436,-3.2041334065979754e-05,3.43233975286239e-06,-8.90600771621311,-75.38896760669934,-74.98837495406674,0.0001616762054399775,0.007608350950477748,-0.042696180258957384
1.4224,0.6265755232391885,-0.23125902178343477,0.2694551220440596,-0.21294482239538534,0.2694660589908696,-0.21294591288522935,0.626296050433484,-0.23146846704719812,0.35697519631887165,-0.0184183767750091,0.0001342679294472071,0.00010526787680369132,0.00014520487625724332,0.0001041773869596696,0.8958963773538009,-0.4443091120556238,210.77502019867154,-8.90163393622165,105.43219608072322,-4.492178243172987,105.34285621228014,-4.409459259029248,105.38752614650167,-4.450818751101117,-3.209433180018095e-05,3.565980584596673e-06,-8.935693125943892,-75.35969688741558,-74.95700659342786,0.00017764891650362132,0.007637567575375423,-0.04284391653922626
1.4232,0.6258486434388749,-0.23189462318744214,0.27000414998821587,-0.21267277004677274,0.27001515784608954,-0.21267384447736215,0.6255680432701873,-0.23210459861416846,0.3556986894373784,-0.019326303638737857,0.00013479615540695766,0.00010552492865785468,0.00014580401328062598,0.00010445049806845352,0.8957179972716838,-0.44467291816287274,210.13472956650904,-9.302725067075047,105.1120058230385,-4.692836895369879,105.02275588962652,-4.609891871594968,105.0673808563325,-4.651364383482424,-3.214615597357806e-05,3.6998898007567504e-06,-8.965552719818833,-75.33050655771144,-74.92566262143802,0.00019427635246411468,0.0076668026972437405,-0.04299302834192531
1.424,0.6251189502281538,-0.23252776718306764,0.2705557162790029,-0.21240353431023826,0.27056679659393085,-0.21240459253002175,0.6248372175109896,-0.232738269158252,0.3544168274331049,-0.020228954750529812,0.00013532620111805782,0.00010578009748392347,0.00014640651604608257,0.00010472187770042829,0.8955393403060385,-0.4450370815907898,209.49354368030166,-9.697791325317125,104.79136731574218,-4.8904827270102516,104.70220856136879,-4.807312432369159,104.74678793855549,-4.848897579689705,-3.2196809314655184e-05,3.834062285434925e-06,-8.995588078858749,-75.30139565635264,-74.89434353121217,0.00021155717667341903,0.00769605449084187,-0.04314353195056242
1.4248,0.6243864472768734,-0.23315844138399477,0.27110981495582076,-0.21213713059769826,0.2711209692740781,-0.21213817248935582,0.6241035767893345,-0.23336946622789237,0.3531296199181545,-0.021126302262416533,0.0001358580846408386,0.00010603336777759154,0.0001470124028981057,0.00010499147612001714,0.8953604041480534,-0.4454016053494706,208.85152282359581,-10.086859479565842,104.47031069862447,-5.085129125865848,104.38124437126604,-5.001734322193073,104.42577753494525,-5.04343172402946,-3.224629469400497e-05,3.968493079042901e-06,-9.025800803826382,-75.27236323548499,-74.86304982954215,0.0002294897506742315,0.007725321108498826,-0.04329544355704229
1.4256,0.6236511383185858,-0.23378663333766916,0.271666439959326,-0.2118735743649697,0.27167766982690855,-0.21187459984549484,0.623367124803088,-0.23399817730484312,0.3518370766677196,-0.022018318216023874,0.00013639182395758231,0.0001062847238495479,0.00014762169154020066,0.00010525924332441261,0.8951811864539541,-0.44576649242648847,208.20872649130482,-10.469956815721863,104.14886571713214,-5.27678973816289,104.05989306878756,-5.19317118073613,104.10437939295986,-5.23498045944951,-3.2294614896954954e-05,4.103177156267179e-06,-9.056192515560339,-75.24340836043675,-74.83178203635694,0.0002480721345667935,0.007754600680179402,-0.043448779260444326
1.4264000000000001,0.6229130271517018,-0.23441233052541946,0.2722255851305761,-0.211612881111135,0.2722368920926348,-0.21161389013190907,0.6226278653157026,-0.23462438980429812,0.3505392076220968,-0.02290497454333676,0.00013692743697030219,0.000106534149826365,0.00014823439902894586,0.00010552512905229183,0.8950016848453077,-0.4461317457863808,207.5652133896549,-10.847111120153386,103.8270617223464,-5.465478460175277,103.73818400908098,-5.381636898087763,103.78262286571369,-5.42355767913152,-3.2341772481458975e-05,4.238109653442734e-06,-9.086764855316263,-75.21453010950276,-74.80054068422658,0.0002673020874589594,0.007783891313571279,-0.04360355506494784
1.4272,0.6221721176406565,-0.23503552036258832,0.2727872442101768,-0.21135506637789833,0.2727986298104475,-0.21135605892475617,0.6218858021573889,-0.23524809107503267,0.34923602288871053,-0.02378624306748324,0.00013746494149852184,0.00010678162965109539,0.00014885054176916324,0.00010578908279325339,0.8948218969093349,-0.4464973683701377,206.92104143643274,-11.218350663075501,103.50492767111155,-5.651209429915028,103.41614615309149,-5.567145606446147,103.46053691210152,-5.609177518180587,-3.238777028968798e-05,4.3732856731537595e-06,-9.117519485115169,-75.18572757374132,-74.76932631781509,0.00028717706796673625,0.007813191094193348,-0.04375978687826887
1.428,0.6214284137170739,-0.23565619019868037,0.27335141083743236,-0.2111001457489302,0.2733628766176644,-0.21110112184221752,0.6211409392262889,-0.23586926839956088,0.347927532744133,-0.024662095503546755,0.0001380043552764998,0.00010702714708392402,0.00014947013550853372,0.00010605105379660196,0.8946418201992297,-0.4468633630946945,206.27626776152394,-11.583704182131452,103.1824921263086,-5.8339970189243076,103.0938080678261,-5.749711671907448,103.13815009706735,-5.791854345415878,-3.2432610765908976e-05,4.508700303773594e-06,-9.148458088099506,-75.15699985679473,-74.73813949338592,0.00030769423480578903,0.00784249808547124,-0.04391749051046645
1.4288,0.6206819193809419,-0.23627432731752077,0.27391807854949857,-0.2108481348492024,0.2739296260488796,-0.21084909454382453,0.6203932804896581,-0.23648790899430489,0.3466137476361109,-0.025532503459399364,0.00013854569595134203,0.00010727068570313969,0.0001500931953323792,0.0001063109910809934,0.8944614522344891,-0.4472297328524263,205.63094870773665,-11.943200866175854,102.85978325727208,-6.0138558241678055,102.77119792676126,-5.929349686356915,102.81549059201667,-5.97160275526236,-3.247629669544949e-05,4.644348866378323e-06,-9.17958236889678,-75.12834607466857,-74.70698077828987,0.000328850447421836,0.00787181032883793,-0.04407668167175416
1.4296,0.6199326387017919,-0.23688991893742847,0.27448724078053877,-0.2105990493443127,0.27449887153511743,-0.21059999272977473,0.619642829985052,-0.2371040000097779,0.3452946781855939,-0.02639743843655948,0.00013908898108061507,0.00010751222890573175,0.0001507197356592771,0.0001065688434437051,0.8942807905012501,-0.44759648051064693,204.98513983190182,-12.296870339264382,102.53682884034423,-6.190800660029041,102.44834351038794,-6.10607445946178,102.49258617536609,-6.14843755974541,-3.251883035204628e-05,4.780226438683144e-06,-9.210894053991144,-75.09976535554571,-74.67585075044431,0.00035064226670621367,0.007901125843838171,-0.044237375971334814
1.4304000000000001,0.6191805758198812,-0.2375029522114044,0.2750588908608849,-0.21035290493979844,0.27507060640299,-0.21035383214023648,0.6188895918215158,-0.23771752853078304,0.343970335188761,-0.027256871831076265,0.0001396342281301255,0.00010775175990833386,0.00015134977023523177,0.0001068245594702949,0.8940998324526359,-0.4479636089111112,204.33889590623866,-12.644742644853482,102.21365625956284,-6.364846550411286,102.12527220689033,-6.279901010770587,102.16946423322659,-6.322373780590937,-3.2560214521026865e-05,4.916328391502134e-06,-9.242394892103194,-75.07125683958662,-74.6447499978704,0.00037306595578696304,0.007930442628248331,-0.0443995889154678
1.4312,0.6184257349473832,-0.23811341422733143,0.2756330220161987,-0.21010971738044032,0.2756448238738575,-0.21011062855464438,0.6181335701807822,-0.23832848157662342,0.34264072961905456,-0.028110774934435076,0.00014018145447103336,0.00010798926174804269,0.00015198331212989968,0.00010707808754396864,0.8939185755091108,-0.44833112086951976,203.69227091998368,-12.986848230210342,101.89029250747964,-6.536008720944011,101.80201101295566,-6.450844561916156,101.84615176021765,-6.493426641430084,-3.260045161823655e-05,5.05264982564313e-06,-9.274086654577967,-75.04281967876298,-74.6136791181726,0.00039611748086842985,0.007959758658157713,-0.04456333590599115
1.432,0.6176681203695816,-0.2387212920081911,0.27620962736663973,-0.2098695024495554,0.27622151706299286,-0.20987039779098313,0.6173747693184711,-0.23893684610132956,0.3413058726292101,-0.02895911893449106,0.0001407306773786865,0.00010822471728308414,0.00015262037373181547,0.00010732937585537783,0.8937370170588428,-0.44869901917502963,203.04531808126893,-13.32321793103831,101.56676418610374,-6.704302591297349,101.47858653470911,-6.618920528927191,101.52267536040642,-6.66161156011227,-3.2639543917412084e-05,5.189186230936116e-06,-9.305971135781613,-75.01445303663206,-74.58263871805835,0.0004197925121656585,0.007989071888061399,-0.04472863223895729
1.4328,0.6169077364460692,-0.2393265725122927,0.27678869992603494,-0.20963227596827988,0.2768006789787496,-0.2096331557050613,0.6166131935652965,-0.2395426089938994,0.3399657755532906,-0.029801874916425455,0.00014128191402901225,0.00010845810919407617,0.0001532609667436735,0.00010757837241263946,0.8935551544580752,-0.4490673065897667,202.39808981924588,-13.653882956317485,101.24309750796847,-6.869743767603595,101.1550249887714,-6.784144514646769,101.19906124836993,-6.826944141125182,-3.267749397650732e-05,5.325932878719186e-06,-9.338050153506797,-74.98615608819173,-74.55162941286324,0.00044408642488728606,0.008018380251053298,-0.04489549310272878
1.4336,0.6161445876119528,-0.23992924263351703,0.27737023260105254,-0.20939805379484142,0.2773823025217333,-0.209398918189775,0.6158488473282776,-0.24014575707855254,0.3386204499087223,-0.030639013863726583,0.00014183518149718521,0.00010868941998454229,0.00015390510217799802,0.00010782502505096714,0.8933729850315082,-0.449435985848343,201.750637786446,-13.978874873363258,100.91931829731502,-7.03234803498809,100.83135220343515,-6.94653230126022,100.87533525037509,-6.989440168124155,-3.271430418294585e-05,5.462885050988575e-06,-9.370325549387076,-74.95792801967272,-74.5206518260853,0.00046899430029971313,0.008047681658813017,-0.04506393357644356
1.4344000000000001,0.61537867837906,-0.24052928920157676,0.2779542181903807,-0.2091668518238207,0.2779663804839788,-0.20916770117435987,0.6150817350919523,-0.24074627711500152,0.3372699073983264,-0.03147050665919886,0.0001423904967547962,0.00010891863198196627,0.00015455279035292424,0.00010806928144278805,0.8931905060726859,-0.44980505965737944,201.10301286136814,-14.298225593105647,100.59545199139095,-7.192131350210772,100.50759361995405,-7.10609984293302,100.5515228056725,-7.149115596571896,-3.274997686730785e-05,5.600038145203712e-06,-9.402799189320657,-74.9297680283761,-74.48970658891581,0.0004945109268744739,0.008076974001848992,-0.04523396862845175
1.4352,0.6146100133371553,-0.2411266989822883,0.27854064938390827,-0.20893868598540297,0.27855290554812867,-0.20893952062363427,0.6143118614195987,-0.2413441557987352,0.3359141599123585,-0.03229632408599313,0.00014294787666807585,0.00010914572733909667,0.00015520404088847917,0.00010831108910779041,0.8930077148443953,-0.45017453069503033,200.45526515129075,-14.611967355588353,100.2715236418598,-7.3491098344174475,100.18377429394516,-7.262863258558355,100.22764896790248,-7.305986546487901,-3.278451421806494e-05,5.737387448689901e-06,-9.435472963903473,-74.90167532246598,-74.45879433976702,0.0005206308014821509,0.008106255149527722,-0.04540561311492297
1.436,0.6138385971551549,-0.24172145867786213,0.27912951876191167,-0.20871357224461864,0.27914187028661924,-0.2087143925372296,0.6135392309544571,-0.24193937976131963,0.3345532195305405,-0.03311643682866676,0.00014350733799511906,0.00010937068803422434,0.00015585886270269578,0.00010855039542327638,0.8928246085790714,-0.450544401610515,199.8074439952929,-14.920132715691803,99.94755791631604,-7.503299766003224,99.85991889689562,-7.416838824617031,99.90373840660584,-7.460069295310127,-3.2817918764749265e-05,5.874928451277128e-06,-9.468348788872204,-74.87364912083427,-74.42791572381226,0.000547348130679114,0.008135522950245593,-0.045578881778112645
1.4368,0.6130644345823497,-0.24231355492720577,0.2797208187942455,-0.20849152660057366,0.2797332671608686,-0.20849233294881234,0.6127638484209583,-0.242531935570713,0.333187098524097,-0.03393081547426639,0.00014406889738416417,0.00010959349587295886,0.00015651726400722765,0.00010878714763427888,0.892641184479211,-0.45091467502365234,199.1595979674857,-15.222754529078797,99.62357909990425,-7.654717573587064,99.53605171777382,-7.5680429681481485,99.57981540883904,-7.611380270867606,-3.2850192383193644e-05,6.012656415421702e-06,-9.501428605557184,-74.845688652884,-74.39707139256492,0.0005746568320523559,0.008164775231544822,-0.045753789244855625
1.4376,0.6122875304496322,-0.2429029743062426,0.2803145418395356,-0.20827256508566966,0.2803270885204692,-0.20827335792529444,0.611985718625958,-0.24312180973159522,0.3318158093577927,-0.034739430513436864,0.00014463257137037333,0.00010981413248871419,0.0001571792523039628,0.00010902129286391449,0.8924574397177976,-0.45128535352440097,198.5117748804411,-15.519865938364722,99.29961109703773,-7.803379829099001,99.21219666474101,-7.716492259832464,99.25590388088938,-7.759936044465732,-3.2881337659773635e-05,6.150566742135766e-06,-9.53471438134558,-74.81779315841105,-74.3662620034278,0.000602550535664845,0.008194009800213951,-0.045930350024946165
1.4384000000000001,0.6115078896707254,-0.2434897033282475,0.2809106801443806,-0.2080567037648129,0.28092332660238756,-0.20805748356603262,0.6112048464599688,-0.2437089886857154,0.330439364691963,-0.03554225234155868,0.00014519837637488875,0.00011003257934381894,0.00015784483438180397,0.00010925277812408318,0.8922733714387312,-0.4516564396724042,197.86402178881133,-15.811500359514024,98.97567743321171,-7.949303240980427,98.88837726695621,-7.862203407188446,98.93202735008396,-7.905753324084436,-3.29113565840089e-05,6.288654848418673e-06,-9.568208110155265,-74.78996188738368,-74.33548821924148,0.0006310225855358136,0.00822322444247507,-0.04610857850965999
1.4392,0.6107255172434173,-0.24407372844419548,0.2815092258425538,-0.20784395873461323,0.28152197353016545,-0.20784472600201873,0.6104212368984024,-0.244293458812252,0.3290577773845502,-0.036339251259907765,0.0001457663287016131,0.00011024881773101514,0.00015851401631322704,0.00010948155032551588,0.8920889767572695,-0.4520279359965397,197.21638499313485,-16.097691468461033,98.65180125690989,-8.09250464749671,98.56461667647633,-8.005193247880356,98.60820896669311,-8.048848947688533,-3.294025137279277e-05,6.426916034030228e-06,-9.6019118129194,-74.76219409980109,-74.30475070787226,0.0006600660412331112,0.008252416924041914,-0.04628848897036164
1.44,0.6099404182507983,-0.24465503604312916,0.28211017095421326,-0.2076343461225728,0.28212302131312833,-0.20763510139505775,0.6096348950028123,-0.2448752064281923,0.3276710604931345,-0.03713039747684545,0.00014633644453543315,0.00011046282877404112,0.00015918680345050618,0.00010970755628909867,0.891904252760476,-0.452399844994476,196.56891004381814,-16.37847318795853,98.32800534159935,-8.233001010163392,98.24093767024297,-8.145478743140899,98.28447150592116,-8.189239876652145,-3.296802418617517e-05,6.565345760378705e-06,-9.63582753808224,-74.7344890655264,-74.27405014179374,0.0006896736795139697,0.00828158499033018,-0.0464700955566002
1.4408,0.6091525978625016,-0.24523361245253955,0.28271350738511475,-0.2074278820862633,0.2827264618455987,-0.20742862593693656,0.6088458259221384,-0.24545421778872473,0.32627922727696335,-0.0379156611090322,0.00014690873993966624,0.00011067459342919972,0.00015986320042354896,0.00010993074275596204,0.8917191965076767,-0.45277216913223206,195.9216417452884,-16.653879674651662,98.00431208781,-8.37080940728572,97.91736265215556,-8.283076971305235,97.96083736998278,-8.326943189295477,-3.29946771557843e-05,6.70393929169677e-06,-9.669957362106382,-74.70684606412387,-74.24338719765485,0.0007198379960508133,0.008310726366558,-0.04665341229514297
1.4416,0.6083620613359502,-0.2458094439387638,0.28331922692583017,-0.2072245828124944,0.28333228690611234,-0.20722531584858173,0.6080540348939597,-0.2460304790876487,0.3248822911989837,-0.03869501218266819,0.00014748323085417292,0.00011088409248610764,0.0001605432111362881,0.00011015105639877731,0.8915338050309263,-0.4531449108437443,195.27462416031173,-16.923945306378595,97.68074352529734,-8.505947027611043,97.59391365522686,-8.418005121459643,97.6373285902621,-8.461976074535343,-3.302021247009179e-05,6.842692091169056e-06,-9.704303389991713,-74.67926438469748,-74.21276255588496,0.0007505512072382378,0.008339838757894581,-0.046838453087985954
1.4424000000000001,0.6075688140176017,-0.24638251670740036,0.2839273212509724,-0.20702446451646944,0.28394048815664336,-0.20702518737920644,0.6072595272457445,-0.24660397645780174,0.32348026592786516,-0.03946842063476311,0.00014805993309313648,0.0001110913065691943,0.000161226838764017,0.0001103684438321928,0.891348075335481,-0.453518072530439,194.62790061446557,-17.18870466969852,97.35732131528175,-8.63843116409511,97.27061234381588,-8.550280487202912,97.31396682954882,-8.59435582564901,-3.304463206177388e-05,6.9815995011879295e-06,-9.738867755806558,-74.65174332572381,-74.1821769003003,0.0007818052520618692,0.00836891984959341,-0.0470252317109896
1.4432,0.6067728613442009,-0.2469528169037381,0.28453778191842305,-0.20682754344093293,0.2845510571418321,-0.20682825680544778,0.6064623083961079,-0.24717469597150107,0.32207316534002683,-0.04023585631442923,0.00014863886234200985,0.00011129621613889529,0.00016191408575100263,0.0001105828516240609,0.8911620044002819,-0.45389165656081,193.981513700764,-17.44819254764447,97.03406675276479,-8.76827920778112,96.94748001593726,-8.679920460520137,96.99077338435103,-8.724099834150628,-3.306793806245878e-05,7.120656785986057e-06,-9.773652623231133,-74.62428219492794,-74.15163091769466,0.0008135917940618662,0.008397967307165924,-0.04721376181268511
1.444,0.6059742088440345,-0.24752033061320464,0.28515060036856843,-0.206633835855306,0.28516398528821946,-0.20663454043049226,0.605662383856069,-0.24774262364100386,0.32066100352165783,-0.04099728898420511,0.00014922003415723806,0.00011149880149273483,0.00016260495380832074,0.00011079422630648483,0.8909755891784457,-0.4542656652700034,193.33550528442575,-17.702443907703486,96.71100076891607,-8.895508641792063,96.6245376056421,-8.806942525770665,96.66776918727908,-8.851225583781364,-3.3090132404822725e-05,7.259859241770528e-06,-9.808660186113853,-74.59688030906119,-74.12112529744127,0.00084590222336213,0.008426978776514705,-0.047404056912426995
1.4448,0.6051728621381847,-0.24808504386182928,0.2857657679235391,-0.20644335805481218,0.2857792639034874,-0.2064440545831921,0.6048597592303124,-0.2483077454189828,0.3192437947707353,-0.0417526883214039,0.00014980346396192834,0.00011169904276671361,0.00016329944391024753,0.00011100251438679598,0.8907888265977618,-0.4546401009594082,192.68991650777963,-17.951493890021037,96.38814393352945,-9.020137035435468,96.30180568546763,-8.931364253787876,96.34497480949854,-8.975750644611672,-3.31112174478676e-05,7.399202306856978e-06,-9.843892669040741,-74.56953699382544,-74.09066073116361,0.0008787276587690628,0.008455951884085917,-0.0475961303990573
1.4456,0.6043688269417916,-0.2486469426167234,0.2863832757864553,-0.2062561263595926,0.28639688417570425,-0.2062568156171703,0.6040544402184527,-0.24887004719901878,0.3178215535990424,-0.04250202391948965,0.00015038916704501748,0.00011189691993654383,0.00016399755629392665,0.0001112076623588365,0.8906017135612019,-0.45501496589625257,192.0447877953035,-18.1953777958307,96.06551645754509,-9.142182038420756,95.97930446895342,-9.053203296091084,96.02241046324926,-9.09769266725592,-3.3131195010582815e-05,7.5386811388966635e-06,-9.879352327918268,-74.54225158367356,-74.06023791229337,0.000912058949968788,0.008484884237031396,-0.04778999552954133
1.4464000000000001,0.603562109065312,-0.24920601278657897,0.2870031150406798,-0.20607215711381058,0.28701683717257753,-0.20607283990991535,0.6032464326162974,-0.24942951481611195,0.316394294734176,-0.0432452652894825,0.00015097715855844074,0.0001120924128188705,0.0001646992904561495,0.00011140961671410321,0.8904142469474334,-0.45539026231320845,191.4001588587846,-18.43413107610805,95.74313819563298,-9.26166137518885,95.65705381321882,-9.172477379210306,95.7000960044259,-9.217069377199579,-3.315006719617486e-05,7.678291108703661e-06,-9.915041450570193,-74.51502342168784,-74.02985753575211,0.0009458866797784642,0.008513773423362988,-0.047985665427376034
1.4472,0.6027527144157862,-0.2497622402221819,0.28762527664907483,-0.2058914666847461,0.2876391138407107,-0.20589214386186586,0.6024357423171184,-0.24998613404720818,0.31496203312155946,-0.04398238186138907,0.00015156745351596612,0.00011228550107303392,0.0001654046451518565,0.00011160832395325226,0.8902264236113451,-0.455765992408001,190.75606870260415,-18.6677893204472,95.42102864883773,-9.378592839353004,95.33507322160219,-9.289204299121593,95.37805093521996,-9.333898569237299,-3.316783576678972e-05,7.818027398798222e-06,-9.950962357348486,-74.48785185938469,-73.99952029757542,0.0009802011664998885,0.008542617012114603,-0.04818315308139631
1.448,0.6019406489981003,-0.2503156107169454,0.2882497514532663,-0.2057140714618796,0.28826370500486953,-0.2057147438954841,0.6016223753129184,-0.25053989061174453,0.31352478392644145,-0.044713342985663124,0.0001521600667893086,0.00011247616420181905,0.00016611361839258265,0.00011180373059729853,0.8900382403845772,-0.4561421583430268,190.11255562912984,-18.89638824616003,95.09920696727812,-9.492994288251154,95.01338184635472,-9.40340191579422,95.05629440681642,-9.448198102022687,-3.3184502996164156e-05,7.957885344467286e-06,-9.987117401759116,-74.46073625665099,-73.96922689456152,0.0010149924663310204,0.008571412553500413,-0.04838247134412654
1.4488,0.6011259189162564,-0.2508661100074585,0.288876530172914,-0.20553998785596575,0.28889060136725087,-0.20554065645432001,0.600806337695703,-0.2510907701722112,0.3120825625358973,-0.04543811793469198,0.00015275501310829664,0.00011266438155349556,0.00016682620744518095,0.00011199578319923131,0.8898496940760621,-0.45651876224497767,189.46965724422003,-19.119963687595998,94.77769195290158,-9.604883637608381,94.69199849138933,-9.515088147847678,94.73484522214545,-9.55998589272803,-3.320007087381782e-05,8.097860060729545e-06,-10.023508971102778,-74.43367598149781,-73.93897802391413,0.0010502503758624074,0.008600157579105764,-0.048583632930473186
1.4496,0.6003085303746415,-0.2514137237740533,0.28950560340498765,-0.20536923229809678,0.2895197935067611,-0.20536989800206404,0.5999876356587552,-0.2516387583347313,0.31063538456082396,-0.0461566759043119,0.00015335230705637581,0.00011285013232262275,0.00016754240882987936,0.0001121844283553941,0.8896607814725728,-0.4568958062044727,188.82741046282857,-19.338551585682143,94.45650206228908,-9.714278856309718,94.37094161508071,-9.624280967319066,94.41372183868489,-9.669279911814392,-3.3214541218740123e-05,8.237946641287408e-06,-10.06013948713115,-74.4066704100234,-73.90877438292954,0.001085964434668143,0.008628849602014517,-0.0487866504163037
1.4504000000000001,0.599488489679297,-0.25195843764139025,0.29013696162305075,-0.20520182123875497,0.2901512718783003,-0.20520248502159014,0.5991662754979062,-0.2521838406496592,0.3091832658379261,-0.04686898601535218,0.00015395196307060877,0.00011303339555204794,0.00016826221832016985,0.00011236961271690604,0.8894714993392772,-0.45727329227569724,188.18585151470447,-19.55218797768171,94.13565540950796,-9.821197961282465,94.05022933311264,-9.730998394539682,94.0929423713103,-9.776098177911074,-3.322791613413756e-05,8.37814043563867e-06,-10.097011406719202,-74.37971892618036,-73.87861666863122,0.0011221239279354128,0.008657486117009588,-0.04899153623725283
1.4512,0.5986658032391926,-0.25250023717905956,0.2907705951765496,-0.20503777114685617,0.29078502681205226,-0.20503843401398833,0.5983422636128138,-0.25272600261219597,0.30772622243170233,-0.04757501731520551,0.00015455399543801152,0.00011321415013429426,0.00016898563094075447,0.00011255128300211026,0.8892818444203041,-0.45765122247605006,187.54501595018536,-19.760908987169444,93.81516976901094,-9.925659012486207,93.72987942137209,-9.835258493119724,93.77252459519151,-9.880458752802966,-3.3240197666373206e-05,8.51843648774775e-06,-10.134127222553797,-74.35282092169776,-73.84850557746421,0.0011587178892348204,0.008686064600748422,-0.049198302687045725
1.452,0.5978404775674976,-0.25303910790220363,0.2914064942901104,-0.20487709850878125,0.2914210485127831,-0.20487776149758674,0.5975156065082359,-0.2532652296630232,0.30626427063642,-0.04827473877942941,0.00015515841829449872,0.00011339237481253206,0.00016971264096721228,0.00011272938600700999,0.8890918134393134,-0.4580295987857974,186.9049386460735,-19.964750814223432,93.4950625785764,-10.02768010801185,93.40990931888484,-9.937079365041512,93.45248594873061,-9.982379736526681,-3.32513877197016e-05,8.658829930396905e-06,-10.171489463839297,-74.32597579592093,-73.81844180498994,0.0011957351032984185,0.008714582511924975,-0.04940696191633265
1.4528,0.5970125192828557,-0.2535750352721545,0.29204464906284283,-0.20471981982739912,0.2920593270591466,-0.20472048400696385,0.5966863107953077,-0.25380150718895556,0.304797426978087,-0.048968119313373554,0.00015576524562210814,0.00011356804818288269,0.00017044324192588833,0.00011290386861814716,0.8889014031000764,-0.4584084231477365,186.26565381159426,-20.163749725830183,93.17535094229011,-10.127279379286989,93.0903361307926,-10.036479145858976,93.13284353654134,-10.081879262572983,-3.326148842575094e-05,8.79931578268156e-06,-10.209100697020483,-74.29918295568166,-73.78842604552986,0.001233164108944269,0.008743037291452873,-0.04961752593138158
1.4536,0.5961819351106609,-0.25410800469709155,0.29268504946764984,-0.2045659516210783,0.2926998524029949,-0.20456661809195023,0.5958543831928198,-0.25433482052361067,0.30332570821641797,-0.04965512775383685,0.0001563744912480014,0.0001137411486955009,0.000171177426593061,0.0001130746778235936,0.8887106100870628,-0.4587876974668654,185.62719499443017,-20.357942046502735,92.85605163356445,-10.22447498638789,92.77117663136735,-10.133476000004052,92.8136141324659,-10.17897549319597,-3.327050163193235e-05,8.939889205805684e-06,-10.246963526523352,-74.2724418151393,-73.75845899189363,0.001270993202031819,0.008771426362654338,-0.049830006592799236
1.4544000000000001,0.5953487318843295,-0.25463800153271765,0.2933276853505468,-0.20441551042268888,0.29334261436870024,-0.20441618031661996,0.5950198305284943,-0.2548651549480994,0.30184913134678837,-0.050335732870754116,0.0001569861688408558,0.00011391165465640674,0.00017191518699427588,0.00011324176072532999,0.8885194310660354,-0.4591674236100629,184.98959508682267,-20.547364149109544,92.53718109819158,-10.31928511345663,92.45244726706066,-10.228088116197995,92.49481418262613,-10.273686614827312,-3.3278429583560865e-05,9.080545080308866e-06,-10.285080595514414,-74.24575179569955,-73.72854133508288,0.0013092104385232747,0.0087997471314414,-0.05004441561402473
1.4552,0.5945129165465783,-0.25516501108295203,0.2939725464299853,-0.20426851277859426,0.29398760265247986,-0.2042691872582724,0.594182659740263,-0.25539249569173184,0.30036771360218806,-0.05100990336890861,0.00015760029191042024,0.00011407954422898436,0.00017265651440495633,0.00011340506455082,0.8883278626846534,-0.4595476034057753,184.35288633174363,-20.732052445911616,92.21875545743089,-10.411727964222862,92.1341641595867,-10.320333702967233,92.1764598085088,-10.366030833595048,-3.328527395751735e-05,9.221278478577233e-06,-10.323454586678817,-74.21911232582988,-73.69867376398273,0.001347803637616254,0.00882799698648745,-0.050260764560221105
1.456,0.5936744961506983,-0.255689018600645,0.2946196222961874,-0.20412497524763298,0.2946348068217331,-0.20412565550640333,0.5933428778775437,-0.25591682793274567,0.2988814724551608,-0.05167760788967719,0.00015821687380451754,0.00011424479543548083,0.0001734013993501815,0.00011356453666513944,0.8881359015730812,-0.45992823864371357,183.71710032912333,-20.912043379807788,91.90079051112568,-10.501821757629187,91.8163431090349,-10.410230984262995,91.85856681008029,-10.456026370946091,-3.3291037254912226e-05,9.362084394837211e-06,-10.362088223018118,-74.19252284097081,-73.66885696508415,0.001386760384953479,0.008856173299431546,-0.050479064846769006
1.4568,0.5928334778618304,-0.2562100092883087,0.295268902410485,-0.20398491440008995,0.2952842163143829,-0.2039856016616663,0.592500492102517,-0.2564381367990507,0.2973904256197397,-0.05233881501280159,0.00015883592770771227,0.00011440738615917101,0.00017414983160568553,0.00011372012458282788,0.8879435443446076,-0.46030933107455785,183.0822680421381,-21.087373415784242,91.58330174084819,-10.589584723559227,91.49899959701109,-10.497798195182725,91.54115066892965,-10.543691459370976,-3.3295721181048066e-05,9.50295770962839e-06,-10.400984268668038,-74.16598278337183,-73.63909162218384,0.0014260680359307078,0.008884273425084625,-0.05069932773864139
1.4576,0.5919898689582394,-0.2567279682988678,0.29592037610466765,-0.2038483468166585,0.29593582043822597,-0.2038490423348242,0.591655509691404,-0.25695640736899317,0.2958945910533749,-0.052993493258189125,0.0001594574666385351,0.00011456729414552336,0.0001749018001968583,0.00011387177597982356,0.8877507875962685,-0.4606908824096718,182.44841980354852,-21.258079032567363,91.26630431307109,-10.675035098666456,91.18214878980535,-10.583053577794189,91.22422655143822,-10.629044338230322,-3.3299327924396493e-05,9.643893282174076e-06,-10.440145529736906,-74.13949160200885,-73.60937841616608,0.0014657137190508224,0.008912294701577912,-0.05092156434812978
1.4584000000000001,0.5911436768325884,-0.25724288073643015,0.29657403258034065,-0.2037152890873917,0.29658960837029286,-0.20371599414569005,0.5908079380357385,-0.25747162467214046,0.29439398695884667,-0.05364161108774443,0.00016008150344881678,0.00011472449700433707,0.00017565729340107694,0.00011401943870598119,0.8875576279094802,-0.4610728943208262,181.81558532208393,-21.42419671447812,90.94981308236136,-10.758191122305021,90.86580554158223,-10.666015377059125,90.90780931197179,-10.712103249682073,-3.3301859645007426e-05,9.784886024988282e-06,-10.479574855165527,-74.11304875240288,-73.57971802466855,0.0015056843393934725,0.008940234450603761,-0.051145785634616914
1.4592,0.5902949089932119,-0.25775473165707563,0.2972298609082865,-0.2035857578106444,0.2972455691562141,-0.2035864737220594,0.5899577846436436,-0.2579837736900833,0.2928886317861774,-0.05428313690722757,0.00016070805082041284,0.0001148789722113519,0.00017641629874792786,0.00011416306079631289,0.887364061850678,-0.46145536843993135,181.1837936888725,-21.5857629434847,90.63384259459681,-10.839071032558834,90.54998439759403,-10.746701836856673,90.59191349609543,-10.792886434707754,-3.330331836082223e-05,9.925930807952454e-06,-10.519275137608808,-74.08665369654938,-73.55011112186502,0.001545966582136629,0.008968089977581398,-0.05137200240281459
1.46,0.5894435730653869,-0.25826350606966525,0.29788785002783974,-0.20345976959200496,0.2979036917095957,-0.20346049769863067,0.5891050571411026,-0.25849283935725886,0.291378544234527,-0.05491803906814424,0.000161337121264149,0.00011503069710966374,0.00017717880302009492,0.00011430259048395008,0.8871700859719625,-0.46183830635877987,180.55307338390796,-21.742814191452702,90.31840709020153,-10.917693062369565,90.23469959741261,-10.825131196105488,90.27655334380708,-10.871412129237527,-3.330370620346912e-05,1.0067022351734067e-05,-10.559249314340146,-74.06030590277541,-73.52055837819921,0.0015865469161898034,0.008995858571884247,-0.05160022530176889
1.4608,0.5885896767926038,-0.25876918893666834,0.29854798874626665,-0.2033373410432173,0.29856396481140396,-0.20333808271591802,0.5882497632732314,-0.2589988065617927,0.28986374325408226,-0.055546285869662856,0.00016196872711754517,0.00011517964891252785,0.00017794479225480275,0.00011443797621182861,0.8869756968117528,-0.46222170962879816,179.92345228255266,-21.895386912589128,90.00352050739866,-10.994075435761758,89.91996507817947,-10.901321684982861,89.96174279278907,-10.94769856037231,-3.330302547510655e-05,1.0208155490687432e-05,-10.599500368179012,-74.03400484560794,-73.49106046014194,0.001627411597869498,0.009023537507009483,-0.051830464823439115
1.4616,0.5877332280378358,-0.25927176517501116,0.299210265738154,-0.20321848878109353,0.2992263771093562,-0.20321924541915293,0.5873919109055465,-0.25950166014636,0.28834424804793607,-0.056167845560562354,0.00016260288054353866,0.00011532580470413611,0.0001787142517457041,0.00011456916664470684,0.8867808908954463,-0.4626055797608088,179.29495766207233,-22.043517536079385,89.68919648547924,-11.068236364164761,89.60579447787129,-10.97529152123954,89.64749548167526,-11.021763942702151,-3.33012781936759e-05,1.0349324917058311e-05,-10.640031328442497,-74.00775000566125,-73.46161802993892,0.0016685466746805056,0.00905112404082653,-0.05206273130215777
1.4624000000000001,0.5868742347848039,-0.2597712196569444,0.2998746695448084,-0.20310322942641632,0.2998909171173244,-0.20310400245717633,0.5865315080252329,-0.26000138490906827,0.28682007807395205,-0.056782686341210004,0.00016323959352754214,0.00011546914144192066,0.00017948716604354598,0.0001146961106819333,0.8865856647360848,-0.4629899182248026,178.66761620819594,-22.187242458914135,89.3754483680838,-11.140194042828398,89.29220113857889,-11.047058906611085,89.33382475333134,-11.093626474719741,-3.329846674660075e-05,1.0490525347961466e-05,-10.68084527192169,-73.98154086954726,-73.43223174539737,0.0017099379891741143,0.009078615415727315,-0.052297034912442086
1.4632,0.5860127051392444,-0.26026753721092993,0.30054118857366136,-0.202991579602832,0.3005575732147437,-0.20299237048132185,0.5856685627424075,-0.26049796560435784,0.28529125304662345,-0.057390776365566956,0.00016387887787733257,0.00011560963595885765,0.00018026351895961135,0.0001148187574690207,0.8863900148350286,-0.4633747264497208,178.04145402170175,-22.32659803890366,89.0622892064965,-11.209966647334326,88.97919810979857,-11.116642023320836,89.02074365814754,-11.163304335327581,-3.329459332235274e-05,1.0631751500511655e-05,-10.721945323883409,-73.95537692968853,-73.40290225961697,0.0017515711828754905,0.009106008858890157,-0.05253338566927823
1.464,0.5851486473301676,-0.2607607026225492,0.30120981109768646,-0.202883555935734,0.30122633364603363,-0.20288436614428837,0.5848030832913826,-0.2609913869439241,0.28375779293891507,-0.05799208374322545,0.00016452074521888793,0.0001157472649646607,0.0001810432935660522,0.00011493705641027474,0.8861939376826352,-0.46376000582324783,177.41649662502118,-22.46162058787801,88.74973176294833,-11.277572330198055,88.66679815173293,-11.184059030677886,88.70826495734063,-11.23081568043797,-3.3289660080981776e-05,1.0772997931951522e-05,-10.76333465909826,-73.92925768430557,-73.3736302208174,0.0017934317003033614,0.009133301582443465,-0.05277179342562022
1.4648,0.5842820697111206,-0.26125070063542993,0.30188052525482323,-0.20277917505113674,0.3018971865200255,-0.20278000609900407,0.5839350780319237,-0.26148163359765886,0.2822197179840978,-0.05858657654147399,0.00016516520699733084,0.00011588200504814017,0.0001818264721996088,0.00011505095718078451,0.8859974297589465,-0.4641457576916148,176.79276896886077,-22.59234636506972,88.4377885139296,-11.343029217564265,88.3550137386006,-11.249328061764729,88.3964011262651,-11.296178639664497,-3.328366943833316e-05,1.09142592741307e-05,-10.805016502895723,-73.90318263719674,-73.34441627207696,0.0018355047930588386,0.009160490783725751,-0.05301226787233304
1.4656,0.5834129807614424,-0.2617375159521939,0.3025533190474104,-0.20267845357454012,0.3025701198094008,-0.2026793069974807,0.5830645554505063,-0.26196869019461205,0.28067704867756876,-0.059174222787392566,0.00016581227447287628,0.00011601383267936805,0.00018261303646327498,0.00011516040973877373,0.88580048753438,-0.46453198335941337,176.17029543883692,-22.71881157067725,88.12647165350808,-11.40635540599115,88.04385706195262,-11.312467220216249,88.08516435773035,-11.3594113131037,-3.3276623781830494e-05,1.1055530148240678e-05,-10.846994132247117,-73.87715129770298,-73.3152610511465,0.0018777755239949437,0.009187573645449301,-0.05325481853657266
1.4664000000000001,0.5825413890875171,-0.2622211332354259,0.30322818034163085,-0.20258140812978448,0.30324512135013953,-0.2025822854896578,0.5821915241615673,-0.2624525413239747,0.279129805778657,-0.059754990469979175,0.00016646195872055403,0.00011614272421106575,0.00018340296722924032,0.00011526536433775769,0.8856031074704274,-0.4649186840894214,175.5490998621197,-22.841052339606925,87.81579309665207,-11.467568959324595,87.73334003399304,-11.373494577087385,87.77456656532256,-11.42053176820599,-3.326852541363223e-05,1.119680505468068e-05,-10.889270876877418,-73.85116318056092,-73.28616519023689,0.0019202287714725915,0.009214547335948581,-0.05349945478096174
1.4672,0.5816673034240251,-0.26270153710866084,0.3039050968669625,-0.20248805533789657,0.3039221788409766,-0.20248895822223906,0.5813159929087551,-0.26293317153608126,0.2775780103124206,-0.060328847542303235,0.0001671142706278772,0.0001162686558814352,0.00018419624464199869,0.00011536577153895,0.8854052860203596,-0.4653058611024389,174.92920551408523,-22.95910473538977,87.50576448255771,-11.526687905659784,87.42347429090435,-11.432428167808496,87.46461938673103,-11.47955803673414,-3.325937683484881e-05,1.1338078511613503e-05,-10.9318501204066,-73.8252178057958,-73.25712931580799,0.0019628492336933897,0.009241409009397834,-0.0537461858026802
1.468,0.5807907326351875,-0.26317871215739397,0.30458405621564205,-0.20239841181592563,0.3046012798428698,-0.20239934183751787,0.5804379705661732,-0.2634105653434327,0.2760216835714244,-0.06089576192369159,0.00016776922089334345,0.00011639160381546332,0.0001849928481210683,0.00011546158222325298,0.8852070196299362,-0.4656935155771351,174.31063512496934,-23.073004744272254,87.1963971779765,-11.58373023438945,87.11427119617326,-11.48928598922781,87.15533418707489,-11.53650811180863,-3.324918043290381e-05,1.1479345005227515e-05,-10.974735301521685,-73.7993146986255,-73.22815404839264,0.0020056214330957268,0.00926815580600744,-0.053995020632129354
1.4688,0.5799116857160093,-0.26365264293010987,0.3052650458421363,-0.20231249417577113,0.30528241177847626,-0.20231345297219508,0.5795574661396198,-0.2638847072217413,0.27446084711750823,-0.061455701501942475,0.0001684268200247696,0.00011651154402769759,0.00018579275636471104,0.00011555274760371992,0.8850083047381208,-0.4660816486499087,173.69341088652388,-23.182788269477268,86.88770228054454,-11.638713893337723,86.80574184391816,-11.54408599673853,86.84672206223135,-11.591399945038127,-3.3237938822594515e-05,1.162059898618395e-05,-11.01792991518029,-73.77345338933708,-73.1992400023889,0.002048529720844994,0.00929478485226844,-0.054245968132335065
1.4696,0.579030171793517,-0.26412331393933275,0.3059480530626241,-0.2022303190230007,0.3059655619316396,-0.20223130825618685,0.5786744887678266,-0.26435558161099426,0.2728955227835399,-0.06200863413556973,0.00016908707833745984,0.00011662845242382813,0.00018659594735292995,0.00011563921923768428,0.8848091377778036,-0.4664702614147573,173.07755445867068,-23.288491125633378,86.57969062211015,-11.691656785977415,86.49789706221503,-11.596846101490797,86.53879384216259,-11.644251443734106,-3.3225654505031343e-05,1.1761834834089768e-05,-11.06143751384665,-73.74763341320124,-73.17038778589614,0.0020915582814102075,0.009321293261162357,-0.054499036997555095
1.4704000000000002,0.578146200127991,-0.26459070966269843,0.30663306505448923,-0.20215190295565952,0.3066507174468881,-0.20215292431142357,0.5777890477236861,-0.2648231729165403,0.2713257326751499,-0.06255452765607782,0.0001697500059529844,0.00011674230480296366,0.00018740239835185468,0.00011572094903891661,0.8846095151765272,-0.4668593549231609,172.46308697614901,-23.390149033369884,86.27237277205826,-11.742576768731212,86.19074741642082,-11.647584167685679,86.23156009423954,-11.695080468208445,-3.321233006658986e-05,1.1903047006711631e-05,-11.105261708761354,-73.72185431035119,-73.14159800051596,0.002134691137182672,0.009347678132386425,-0.054754235752881186
1.4712,0.5772597801141953,-0.26505481454404517,0.3073200688558214,-0.20207726256307035,0.3073378653289411,-0.20207831775064036,0.5769011524154801,-0.265287465510195,0.26975149917245644,-0.06309334987026473,0.00017041561279773632,0.00011685307685993518,0.00018821208591746075,0.00011579788928989254,0.884409433357219,-0.46724893018397545,171.8500290551579,-23.487797614074573,85.96575904063252,-11.791491648353144,85.88430321249362,-11.696318009951298,85.92503112656307,-11.743904829152221,-3.319796823575416e-05,1.2044229869445644e-05,-11.149406171245555,-73.69611562567178,-73.11287124118527,0.002177912153208012,0.009373936552601896,-0.05501157275287483
1.472,0.5763709212825985,-0.26551561299452797,0.30800905136492984,-0.20200641442462483,0.30802699244222864,-0.20200750517615826,0.5760108123880984,-0.2657484437313695,0.2681728449317692,-0.0636250685625572,0.00017108390860065548,0.0001169607441874887,0.00018902498589945527,0.00011586999265406073,0.8842088887389277,-0.4676389881633403,171.23840079998595,-23.581472384812635,85.65985948225034,-11.83841917939128,85.57857450030724,-11.743065390799018,85.61921699127879,-11.790742285095149,-3.318257162732152e-05,1.2185377663342933e-05,-11.193874634041045,-73.67041690872286,-73.0842080960156,0.0022212050419756356,0.009400065595616864,-0.05527105618094197
1.4727999999999999,0.5754796333005923,-0.2659730893937521,0.30869999933986586,-0.20193937510856644,0.30871808551041946,-0.201940503178657,0.5751180373242536,-0.26620609188821825,0.26658979288728024,-0.06414965149737345,0.00017175490289250694,0.00011706528227836688,0.00018984107344616197,0.0001159372121878055,0.8840078777375655,-0.4680295297845969,170.62822180962976,-23.671208753402873,85.35468389881302,-11.883377061728964,85.2735710769598,-11.787844018158694,85.31412748788641,-11.83561053994383,-3.3166143055041175e-05,1.2326484785774028e-05,-11.238670892687132,-73.64475771361425,-73.05560914611706,0.0022645533682926176,0.009426062322653805,-0.05553269404828143
1.4736,0.574585925973702,-0.2664272280909285,0.3093928993979567,-0.20187616117076393,0.30941113111596136,-0.20187732833593877,0.5742228370456895,-0.2666603942588088,0.2650023662527367,-0.06466706642151729,0.00017242860500393808,0.0001171666665275295,0.00019066032300851798,0.00011599950135271486,0.8838063967666547,-0.46842055592821996,170.01951118439706,-23.757042013649954,85.05024184300751,-11.926382938203787,84.9693024900748,-11.830671542991638,85.00977216654115,-11.878527240597712,-3.3148685247397225e-05,1.2467545470684627e-05,-11.283798806935634,-73.61913759892252,-73.02707496545727,0.002307940554222707,0.0094519237825574,-0.055796494193089075
1.4744000000000002,0.573689809246794,-0.2668780134060502,0.3100877380153493,-0.20181678915347698,0.3101061156996306,-0.20181799721168397,0.5733252215143844,-0.2671113350923126,0.2634105885230993,-0.06517728106660094,0.0001731050240641463,0.00011726487223467918,0.00019148270834551395,0.00011605681402768186,0.8836044422380791,-0.46881206743176196,169.41228753249297,-23.839007340729154,84.74654262160013,-11.967454392303267,84.66577804109397,-11.871565556979888,84.70616033134705,-11.919509974641578,-3.313020113182574e-05,1.260855400175842e-05,-11.329262302205052,-73.5935561275822,-72.99860612068696,0.002351349884111644,0.009477647012042787,-0.056062464279904134
1.4752,0.5727912932052728,-0.26732542963109035,0.3107845015265657,-0.20176127558411264,0.3108030255600949,-0.20176252635419797,0.5724252008337443,-0.2675588986102175,0.2618144834761782,-0.06568026315149861,0.00017378416899971327,0.0001173598746062321,0.00019230820252885694,0.00011610910452089507,0.8834020105628388,-0.4692040650898093,168.80656897658525,-23.917139786721666,84.44359529871939,-12.006608945935284,84.36300678855963,-11.910543590290985,84.40330104363952,-11.958576268113134,-3.311069377787135e-05,1.2749504602282968e-05,-11.375065371075479,-73.56801286678734,-72.97020317100507,0.0023947645096756556,0.009503229035897565,-0.056330611798557584
1.476,0.5718903880762733,-0.2677694610312216,0.31148317612406995,-0.20170963697397382,0.31150184685348564,-0.20171093229514955,0.5715227852497925,-0.2680030690075613,0.2602140751742551,-0.06617598038482979,0.0001744660485326066,0.00011745164875770486,0.00019313677794824402,0.00011615632758199546,0.8831990981518107,-0.46959654965395314,168.20237316034934,-23.991474276297854,84.14140869912872,-12.043864057272813,84.06099755138644,-11.947623109416497,84.10120312525757,-11.995743583344655,-3.3090165800331306e-05,1.2890391456465977e-05,-11.421212074825238,-73.54250738791457,-72.94186666801137,0.0024381674551800926,0.009528666867264685,-0.05660094406343319
1.4768,0.5709871042298468,-0.26821009184605643,0.31218374785784453,-0.20166188981699923,0.3122025655929821,-0.20166323154830174,0.5706179851523493,-0.2684438304541865,0.2586093879656847,-0.06666440046747099,0.00017515067117995775,0.00011754016971629588,0.000193968406317524,0.0001161984384137893,0.8829957014165113,-0.469989521832772,167.59971725498818,-24.062045602545133,83.8399914114868,-12.07923711867113,83.75975891212187,-11.982821515082776,83.79987516180434,-12.031029316876953,-3.306862049612391e-05,1.303120877338415e-05,-11.467706545010834,-73.5170392663836,-72.91359715554947,0.002481541622667719,0.009553957507829025,-0.056873468213126444
1.4776,0.570081452180137,-0.26864730629090927,0.31288620263497957,-0.20161805058849522,0.3129051676484069,-0.2016194406082334,0.5697108110762072,-0.26888116709601695,0.25700044648647885,-0.0671454910950988,0.0001758380452511754,0.00011762541242291147,0.00019480305867852765,0.00011623539268473815,0.8827918167698654,-0.4703829822918274,166.9986179657277,-24.128888422939283,83.53935179159535,-12.112745454655766,83.4592992201933,-12.016156140234216,83.49932550589432,-12.06445079744499,-3.3046060934793786e-05,1.3171950698165347e-05,-11.51455298509152,-73.49160808162482,-72.88539516962226,0.002524869797284838,0.009579097948071335,-0.057148191208767685
1.4784000000000002,0.5691734425865524,-0.2690810885580803,0.3135905262192723,-0.20157813574385924,0.31360963874583364,-0.20157957594905382,0.5688012737022944,-0.26931506305635533,0.25538727566187047,-0.06761921996076127,0.00017652817884833416,0.00011770735173483038,0.00019564070540972756,0.00011626714654022763,0.8825874406269765,-0.47077693165367435,166.39909153828404,-24.19203725545545,83.23949796563261,-12.14440631998194,83.15962659514163,-12.047644248084936,83.19956228038711,-12.096025284033438,-3.3022490185885545e-05,1.3312611425675414e-05,-11.561755672099972,-73.4662134169227,-72.8572612381828,0.002568134652657045,0.009604085167506785,-0.05742511983459053
1.4792,0.5682630862549258,-0.2695114228181605,0.31429670423083894,-0.20154216171729555,0.31431596446720494,-0.2015436540231087,0.5678893838588328,-0.269745502437203,0.2537699007078574,-0.06808555475747963,0.00017722107986350988,0.000117785962427841,0.00019648131622951315,0.0001162936566146966,0.8823825694059012,-0.47117137049788393,165.80115376530065,-24.2515264748169,82.9404378333723,-12.174236897760949,82.86074892983994,-12.077303030240998,82.90059338160611,-12.125769964000973,-3.299791157473919e-05,1.3453185047751504e-05,-11.609318958360653,-73.44085485937867,-72.82919588109623,0.002611318756349304,0.00962891613491963,-0.05770426069597079
1.48,0.567350394138668,-0.2699382932213592,0.31500472214573794,-0.20151014492052294,0.31502413024996445,-0.2015116912596781,0.5669751525224845,-0.2701724693206016,0.25214834713272505,-0.0685444631808799,0.0001779167559784467,0.00011786121919879489,0.00019732486020496154,0.00011631488004362756,0.8821771995284275,-0.47156629936108097,165.20481999275475,-24.307390308879153,82.64217907138658,-12.202254297655827,82.56267389369656,-12.105149604888936,82.60242648254157,-12.153701951272382,-3.297232839827302e-05,1.3593665610045491e-05,-11.657247273257365,-73.41553199978756,-72.8011996099338,0.002654404575396837,0.009653587808603639,-0.057985620219710654
1.4808,0.5664353773399133,-0.2703616838988518,0.3157145652956052,-0.20148210174147443,0.31573412138669893,-0.20148370406366767,0.5660585908194934,-0.2705959477699951,0.2505226407385513,-0.06899591293185241,0.0001786152146631692,0.00011793309666827123,0.0001981713057568335,0.00011633077447506524,0.8819713274208554,-0.47196171873699455,164.6101051263311,-24.359662835146228,82.34472913623287,-12.228475554142193,82.26540893584209,-12.131201015051317,82.30506903603748,-12.179838284596755,-3.29457438681402e-05,1.373404728255423e-05,-11.705545125051572,-73.39024443255052,-72.77327292791063,0.0026973744818933284,0.0096780971366025,-0.05826920465298713
1.4816,0.565518047110654,-0.2707815789641508,0.31642621886730077,-0.20145804854298927,0.31644592302479324,-0.20145970881429082,0.5651397100268125,-0.2710159218316144,0.24889280762268626,-0.06943987171924254,0.0001793164631745392,0.00011800156938257533,0.00019902062066701198,0.00011634129808102411,0.8817649495147802,-0.4723576290765226,164.01702363776073,-24.408377977417523,82.04809526762305,-12.252917624834453,81.9689612882992,-12.15547422690716,82.00852827796112,-12.204195925870806,-3.291816150863269e-05,1.387432408961331e-05,-11.754217102753366,-73.36499175560745,-72.74541632975493,0.002740210758661492,0.009702441056917475,-0.05855502006266988
1.4824,0.5645984148538675,-0.27119796251449707,0.31713966790256704,-0.20143800166149778,0.3171595201660969,-0.20143972186374476,0.5642185215732268,-0.2714323755358833,0.24725887417921522,-0.06987630726256891,0.00018002050855542295,0.00011806661181659739,0.00019987277208527443,0.00011634640956961761,0.8815580622478791,-0.4727540307878115,163.4255895711247,-24.453569502561933,81.7522844915753,-12.275597388875951,81.67333796913425,-12.177986128176144,81.71281123035477,-12.226791758526048,-3.2889584844042474e-05,1.4014490162139737e-05,-11.803267878046558,-73.33977357033233,-72.71763030159546,0.002782895604984793,0.009726616497805558,-0.05884307233492336
1.4832,0.5636764921246313,-0.2716108186322747,0.31785489729770205,-0.20142197740569814,0.3178748976666049,-0.2014237595358782,0.5632950370404602,-0.27184529289884707,0.2456208671003923,-0.07030518729477271,0.00018072735763408065,0.00011812819837619948,0.00020072772653695337,0.00011634606819616033,0.8813506620646991,-0.4731509242363491,162.83581654911833,-24.495271017417476,81.45730362354571,-12.29653164539161,81.37854578558998,-12.19875352656534,81.41792470456784,-12.247642585978475,-3.286001734181809e-05,1.415453947473111e-05,-11.852702207270072,-73.31458948143441,-72.68991532084908,0.002825411142400312,0.009750620377969752,-0.059133367174695195
1.484,0.5627522906312302,-0.27202013138644543,0.3185718918032406,-0.20140999205522606,0.3185920402361484,-0.20141183812485197,0.5623692681642782,-0.2722546579236211,0.24397881337805974,-0.07072647956499424,0.00018143701702211246,0.00011818630340079683,0.00020158544992987526,0.00011634023377485314,0.8811427454174487,-0.4735483097450722,162.2477177792793,-24.533515965813418,81.16315927154226,-12.315737112001727,81.08459133719981,-12.217793148277778,81.12387530437104,-12.266765130139753,-3.28294627820469e-05,1.4294466087250157e-05,-11.902524933457075,-73.28943909690678,-72.66227185613025,0.002867739420577817,0.009774449606818673,-0.0594259101049488
1.4848,0.5618258222362509,-0.2724258848340074,0.31929063602365176,-0.2014020618593172,0.3193109324380999,-0.2014039738937927,0.5614412268355743,-0.27266045460186306,0.24233274030503676,-0.0711401518413803,0.00018214949311429196,0.00011824090116557828,0.00020244590756235414,0.00011632886669005194,0.8809343087667885,-0.4739461875944902,161.6613060601732,-24.56833762571297,80.86985783921702,-12.333230423396202,80.79148101888084,-12.235121636580786,80.83066942904892,-12.284176029988494,-3.2797924660599165e-05,1.4434264016927045e-05,-11.952740988434247,-73.26432202792161,-72.63470036714342,0.0029098624232310397,0.009798101084708794,-0.059720706466151796
1.4856,0.560897098957667,-0.27282806302147367,0.32001111441704744,-0.20139820303546224,0.3200315586890912,-0.2014001830734394,0.5605109251014492,-0.2730626669152658,0.24068267547648878,-0.07154617191391892,0.0001828647920870119,0.00011829196588464264,0.00020330906413085215,0.00011631192790750866,0.8807253485826274,-0.47434455802282055,161.07659378753885,-24.599769106473563,80.57740552893861,-12.349028129967564,80.4992210240072,-12.250755550433297,80.5383132764729,-12.29989184020043,-3.27654069565142e-05,1.4573927298755507e-05,-12.003355394982894,-73.23923788875531,-72.60720130459588,0.002951762074126722,0.009821571703175127,-0.060017761416105486
1.4864,0.5599661329699135,-0.2732266499863728,0.3207333112949022,-0.20139843176805536,0.32075390325874237,-0.20140048186078305,0.559578375166277,-0.2734612788370717,0.23902864679127295,-0.07194450759730306,0.00018358291989822861,0.00011833947171330239,0.00020417488373836168,0.00011628937898561231,0.8805158613449175,-0.4747434212261415,160.4935929603916,-24.62784334622274,80.28580834484313,-12.363146696501559,80.20781734746184,-12.264711363171045,80.2468128461525,-12.313929029836302,-3.273191339303594e-05,1.4713449864700578e-05,-12.054373269064078,-73.21418629668416,-72.57977511009607,0.002993420243139355,0.00984485834518306,-0.06031707992914903
1.4872,0.5590329366049467,-0.27362162975877363,0.32145721082178913,-0.20140276420703535,0.32147795026940623,-0.20140488641769916,0.5586435893927582,-0.2738562743336101,0.23737068245325474,-0.07233512673382461,0.00018430388228574124,0.00011838339275013765,0.00020504332990278762,0.00011626118208632463,0.8803058435444501,-0.47514277735855914,159.91231518708074,-24.652593109347464,79.99507209586262,-12.375602500924742,79.91727578866613,-12.277005461248592,79.95617394226437,-12.326303981086667,-3.2697448006047125e-05,1.4852825870548259e-05,-12.105799822110107,-73.18916687194393,-72.55242221606645,0.0030348187523593327,0.009867957885353221,-0.0606186667958184
1.488,0.5580975223532962,-0.2740129863628279,0.32218279701512514,-0.2014112164665202,0.3222036836959235,-0.20141341286957423,0.5577065803029646,-0.27424763736585506,0.2357088109726061,-0.07271799719629427,0.00018502768476669207,0.0001184237030406321,0.00020591436556499643,0.0001162272999865599,0.8800952916836547,-0.47554262653238866,159.3327716913054,-24.67405098409377,79.70520239873215,-12.386411833106663,79.62760195458793,-12.28765414303625,79.66640217666004,-12.337032988071456,-3.266201468932195e-05,1.4992049141682173e-05,-12.157640363384317,-73.1641792376172,-72.52514304566746,0.003075939382281506,0.009890867190224842,-0.060922526622391615
1.4888,0.5571599028651011,-0.2744007038183384,0.32291005374493237,-0.20142380462343495,0.32293108736539367,-0.20142607730392526,0.556767360579366,-0.27463535189100624,0.23404306116707055,-0.07309308689099223,0.00018575433263684493,0.00011846037657906039,0.00020678795309819753,0.00011618769608875978,0.8798842022773965,-0.4759429688183524,158.75497331808077,-24.69224938027515,79.41620468097271,-12.395590893717369,79.33880126272578,-12.296673617671658,79.37750297184925,-12.346132255694513,-3.262561773453854e-05,1.5131113876520885e-05,-12.209900302411869,-73.1392230195687,-72.4979380127018,0.0031167638780452067,0.00991358311849022,-0.06122866383068981
1.4896,0.5562200909511348,-0.27478476614234704,0.3236389647336105,-0.20144054471613326,0.3236601449569572,-0.20144289576901292,0.5558259430658482,-0.2750194018640902,0.23237346216320764,-0.07346036376064552,0.00018648383096991905,0.00011849338731140246,0.00020766405431665858,0.00011614233443174582,0.8796725718537752,-0.4763438042457917,158.17893053966102,-24.70722052708701,79.12808418385146,-12.403155793136563,79.0508789440706,-12.304080003964259,79.08948156396103,-12.35361789855041,-3.258826103547108e-05,1.527001381163018e-05,-12.262585151483648,-73.11429784635948,-72.47080752154321,0.0031572739557257563,0.009936102521213732,-0.061537082657423525
1.4904,0.5552780995838188,-0.27516515735074454,0.3243695135557233,-0.20146145274301203,0.3243908400015917,-0.20146388427244857,0.5548823407687171,-0.2753997712395837,0.23070004339761047,-0.07381979578743382,0.00018721618461664535,0.00011852270913786933,0.0002085426304850313,0.00011609117970129423,0.8794603969549254,-0.47674513280289443,157.60465346141305,-24.718996471025022,78.84084596531835,-12.409122550416242,78.76384004604364,-12.309889329351947,78.802343005681,-12.359505939884095,-3.2549948940641116e-05,1.5408743166744898e-05,-12.315700528235897,-73.08940334918142,-72.44375196705869,0.003197451308689016,0.00995842224209324,-0.06184778715413586
1.4912,0.5543339418982176,-0.2755418614599031,0.32510168363779945,-0.20148654466112068,0.32512315588192287,-0.2014890587797952,0.5539365668576858,-0.27577644397306,0.22902283461809053,-0.07417135099602362,0.00018795139820421136,0.0001185483159156786,0.0002094236423276219,0.00011603419724118269,0.8792476741378128,-0.4771469544369395,157.0321518276406,-24.727609073904876,78.55449490291736,-12.413507092292491,78.47768943540915,-12.314117528908213,78.51609216916324,-12.363812310600352,-3.251068588383532e-05,1.5547295827644803e-05,-12.369252158308397,-73.06453916177622,-72.41677173453203,0.0032372776140032014,0.009980539117704103,-0.06216078118663404
1.492,0.5533876311930267,-0.2759148624883301,0.3258354582581442,-0.2015158363847632,0.32585707583204687,-0.2015184352131622,0.5529886346668533,-0.2761494040228543,0.22734186588484448,-0.0745149974566295,0.000188689476135373,0.00011857018146160803,0.00021030705003799444,0.00011597135306259942,0.8790343999750355,-0.47754926905455486,156.46143502736248,-24.733090010981904,78.26903569667436,-12.416325252248257,78.19243180116423,-12.316780444399512,78.2307337489193,-12.366552848323884,-3.247047612831011e-05,1.5685665864850762e-05,-12.42324587808339,-73.03970492037293,-72.38986719961326,0.0032767345389021697,0.010002449977695053,-0.06247606843479048
1.4928,0.5524391809315408,-0.2762841444583428,0.3265708205466685,-0.20154934378409534,0.32659258293736937,-0.2015520294497944,0.5520385576956623,-0.2765186353517535,0.2256571675715826,-0.07485070328810328,0.00018943042258878773,0.00011858827955485429,0.00021119281328962902,0.00011590261385580058,0.8788205710556205,-0.477952076521993,155.89251210003673,-24.735470769167165,77.98447287195913,-12.417592769623994,77.90807165740185,-12.317893823390378,77.94627226468049,-12.367743296507186,-3.24293242499607e-05,1.58238472067751e-05,-12.477687637508701,-73.01490026358148,-72.36303872820245,0.0033158037473040563,0.010024151645109244,-0.06279365239245749
1.4936,0.5514886047426092,-0.27664969139776635,0.32730775348472874,-0.20158708268371517,0.3273296601344558,-0.20158985732065557,0.5510863496098478,-0.2768841219287052,0.22396877036663623,-0.07517843666105041,0.00019017424151718254,0.00011860258393961431,0.00021208089124419294,0.00011582794699924182,0.8786061839858208,-0.47835537666542116,155.3253917412371,-24.734782645339084,77.70081078232187,-12.417325288775729,77.62461334615,-12.317473318397234,77.66271206423593,-12.367399303586481,-3.238723476783889e-05,1.5961833877753406e-05,-12.532583503007347,-72.9901248323663,-72.33628667646104,0.0033544669063813874,0.010045640936529977,-0.0631135363668136
1.4944,0.5505359164215786,-0.2770114873416519,0.32804623990498055,-0.20162906886124823,0.3280682902108968,-0.20163193460900602,0.5501320242423661,-0.27724584773054944,0.22227670527403368,-0.07549816580097353,0.00019092093664818677,0.00011861306832766649,0.00021297124256441924,0.00011574732056987558,0.878391235389911,-0.47875916927122786,154.76008230827728,-24.73105674474766,77.4180536123049,-12.415538358280145,77.34206104018469,-12.315534486087529,77.3800573262448,-12.365536422183837,-3.234421231468332e-05,1.60996200122554e-05,-12.587939660476996,-72.9653782699347,-72.30961139066352,0.003392705693171122,0.01006691466237668,-0.06343572347867621
1.4952,0.5495811299312154,-0.2773695163340168,0.32878626249124965,-0.20167531804592723,0.328808455805189,-0.20167827704897512,0.5491755955943105,-0.277603796743772,0.22058100361454364,-0.07580985899144323,0.0001916705114827777,0.00011861970640153485,0.00021386382542215587,0.00011566070335367051,0.8781757219109824,-0.4791634540863456,154.19659182578218,-24.724323979509283,77.1362053802273,-12.412247430183982,77.06041874581662,-12.312092786524786,77.09831206302195,-12.362170108354384,-3.230026172218459e-05,1.6237199485402698e-05,-12.643762418382396,-72.94066022169463,-72.2830132072054,0.0034305018012573906,0.0100879696271296,-0.06376021666184783
1.496,0.5486242594026185,-0.2777237624296066,0.3295278037784123,-0.20172584591716627,0.3295501394066273,-0.2017289003241284,0.5482170778358121,-0.2779579529662777,0.2188816970266955,-0.0761134845772948,0.00019242296929572467,0.00011862247181659846,0.00021475859751068915,0.00011556806485446547,0.8779596402117351,-0.47956823081858946,153.63492799120922,-24.714615067190337,76.85526994094423,-12.407467859298649,76.77969030565279,-12.307163582458173,76.81748012329851,-12.357315720878411,-3.225538779361159e-05,1.637456648495572e-05,-12.700058210943668,-72.91597033517117,-72.25649245251128,0.003467836947484534,0.010108802629558305,-0.06408701866322986
1.4968,0.5476653191361083,-0.2780742096956779,0.33027084615229413,-0.20178066810312964,0.33029332335521416,-0.20178382006602985,0.547256485306919,-0.27830830040918664,0.21717881746775947,-0.07640901096785253,0.0001931783131346454,0.00011862133820447762,0.00021565551605468025,0.00011546937530426682,0.8777429869752678,-0.47997349913701204,153.0750981803133,-24.701960529476995,76.57525098857855,-12.401214902537234,76.49987940133013,-12.300762138654761,76.53756519495434,-12.350988520595997,-3.220959538907664e-05,1.6511714999722926e-05,-12.75683360142435,-72.89130825994515,-72.23004944300001,0.003504692878704298,0.010129410462938634,-0.06441613204242458
1.4976,0.5467043236021073,-0.2784208422138032,0.3310153718495799,-0.20183980017929587,0.33103798984158234,-0.20184305185279863,0.5462938325184651,-0.2786548230986505,0.21547239721470507,-0.07669640664017958,0.00019393654581995046,0.0001186162791750045,0.00021655453782232215,0.00011536460567226903,0.8775257589058674,-0.48037925867227405,152.5171094525616,-24.68639069092983,76.29615205922711,-12.393503718294568,76.22098955622403,-12.292903621274377,76.25857080772556,-12.343203669784472,-3.2162889510800596e-05,1.6648639114436037e-05,-12.814095285522061,-72.86667364759411,-72.20368448500815,0.003541051378601533,0.010149789915315854,-0.06474755917201946
1.4984,0.5457412874419983,-0.27876364408169546,0.3317613629577396,-0.20190325766701658,0.33178412090693055,-0.2019066112076618,0.5453291341529177,-0.27899750507769,0.21376246886512296,-0.07697564014235354,0.00019469766994484328,0.00011860726831985913,0.0002174556191357757,0.00011525372767465236,0.8773079527297931,-0.480785509017032,151.9609685564929,-24.66793567782039,76.01797653363926,-12.38434936586755,75.94302413812889,-12.283603097285777,75.98050033588407,-12.333976231576663,-3.211527524626945e-05,1.678533293514306e-05,-12.871850094865778,-72.8420661516006,-72.17739787476035,0.0035768942745328628,0.01016993776973504,-0.06508130223707553
1.4992,0.5447762254689656,-0.27910259941505666,0.3325088014149691,-0.20197105603207058,0.33253169844297714,-0.20197451359750168,0.5443624050652071,-0.2793363304080545,0.21204906533811324,-0.07724668009676945,0.00019546168787526463,0.00011859427921448451,0.00021835871588332667,0.00011513671378338142,0.8770895651960595,-0.48119224972634167,151.40668193502208,-24.64662541704868,75.7407276398679,-12.373766804916471,75.66598636191196,-12.2728755339228,75.70335700088992,-12.323321169419636,-3.206675776823431e-05,1.6921790592761e-05,-12.930105000623389,-72.81748542729962,-72.15118989830864,0.003612203444407251,0.01018985080444643,-0.06541736323541159
1.5,0.5438091526688211,-0.2794376923494438,0.33325766901014325,-0.20204321068321335,0.3332807041919257,-0.2020467744313996,0.5433936602835424,-0.27967128317210055,0.2103322198751473,-0.07750949520346571,0.0001962286017481163,0.00011857728542147283,0.00021926378353059883,0.00011501353723525343,0.8768705930772163,-0.48159948031807864,150.85425573069224,-24.622489635138546,75.46440845589431,-12.361770894964707,75.38987929214031,-12.260735798180008,75.4271438740173,-12.311253346572357,-3.201734236313314e-05,1.7058006168468864e-05,-12.988867117223082,-72.7929311318552,-72.12506083150267,0.0036469608236393194,0.010209525793156945,-0.06575574397723472
1.5008,0.5428400842008094,-0.27976890704215956,0.33400794738278744,-0.20211973697072225,0.33403111974644656,-0.20212340905917428,0.542422915010203,-0.28000234747469327,0.20861196604088922,-0.07776405424347815,0.0001969984134737035,0.00011855626049286916,0.00022017077713276656,0.00011488417204083556,0.8766510331701232,-0.4820072002733746,150.30369579086943,-24.59555785731013,75.18902191222419,-12.348376394937489,75.11470584567954,-12.24719865634657,75.15186387895187,-12.297787525642029,-3.1967034317403886e-05,1.719397392818678e-05,-13.048143706192974,-72.76840292412409,-72.09901093993608,0.0036811484120925263,0.010228959505235505,-0.06609644608528242
1.5016,0.5418690353983963,-0.2800962276741607,0.3347596180230599,-0.202200650184937,0.3347829265496735,-0.20220443276991723,0.5414501846223151,-0.2803295074451269,0.20688833772398896,-0.0780103260822167,0.0001977711247337921,0.00011853117797322454,0.00022107965134737784,0.0001147485929929859,0.8764308822967224,-0.4824154090370709,149.75500767288432,-24.56585940662639,74.91457079445732,-12.333597962737258,74.84046879426606,-12.232278773577121,74.87751979436169,-12.28293836815719,-3.1915839059593054e-05,1.732968798862089e-05,-13.10794218012269,-72.74390046464968,-72.07304047888633,0.0037147482810970618,0.010248148705949124,-0.06643947099502157
1.5024000000000002,0.5408960217700362,-0.2804196384519887,0.33551266227175136,-0.2022859655547963,0.3355361058952147,-0.20228986079052297,0.5404754846726086,-0.28065274723906636,0.20516136913783936,-0.07824827967286789,0.00019854673698210812,0.00011850201140217731,0.000221990360445401,0.00011460677567551314,0.8762101373048055,-0.48282410601818715,149.20819664911738,-24.533423403212602,74.64105774582879,-12.31745015485555,74.5671707670507,-12.215990713499579,74.60411425643974,-12.266720434177564,-3.186376210351227e-05,1.746514252687348e-05,-13.168270106751399,-72.71942341558866,-72.04714969331246,0.0037477425804730412,0.010267090156710554,-0.06678481995419361
1.5032,0.5399210589999235,-0.2807391236097212,0.3362670613202988,-0.2023756982463705,0.33629063892717903,-0.2023797082842166,0.5394988308901536,-0.28097205104050965,0.20343109482129962,-0.07847788405982188,0.00019932525144483737,0.00011846873431728411,0.00022290285832504697,0.00011445869647117024,0.8759887950687775,-0.483233290590409,148.66326771202918,-24.498278763546793,74.36848526972275,-12.299947426020594,74.29481425311558,-12.198348937858071,74.33164976141916,-12.249148181939333,-3.1810809133503426e-05,1.7600331872813513e-05,-13.229135213186552,-72.69497144063541,-72.0213388177824,0.0037801135456130256,0.010285780615256566,-0.06713249402341148
1.504,0.5389441629487189,-0.28105466741094315,0.3370227962108149,-0.20246986336139033,0.33704650664021857,-0.20247399034907698,0.5385202391810752,-0.28128740306377004,0.20169754963938033,-0.07869910838212293,0.00020010666912001485,0.00011843132025676772,0.00022381709852375975,0.00011430433257011985,0.8757668524904139,-0.4836429620925903,148.12022557913414,-24.460454199818813,74.09685573215786,-12.281104128878809,74.02340160396206,-12.1793678061903,74.06012866805996,-12.230235967534554,-3.175698577706498e-05,1.773525029591383e-05,-13.290545390258067,-72.67054420498647,-71.99560807645443,0.0038118435045660136,0.010304216835907112,-0.06748249407593221
1.5048,0.5379653496542609,-0.28136625415073874,0.3377798478361322,-0.20256847593577196,0.337803689879585,-0.20257272201655668,0.5375397256292517,-0.28159878755547857,0.1999607687838977,-0.07891192187694433,0.00020089099077824635,0.00011838974276229264,0.0002247330342310394,0.00011414366197756709,0.8755443064996149,-0.484053119829273,147.5790746979194,-24.419978219357056,73.82617136424535,-12.260934513710126,73.75293503597189,-12.159061575538942,73.78955320010863,-12.209998044624534,-3.170229786064738e-05,1.786989201235656e-05,-13.352508697012322,-72.64614137526425,-71.96995768305057,0.003842914885184646,0.010322395569743582,-0.0678348207976569
1.5056,0.5369846353322529,-0.28167386815770323,0.3385381969398619,-0.20267155093813863,0.33856216934120203,-0.20267591824999867,0.5365573064969876,-0.2819061887966063,0.1982207877740883,-0.07911629388308611,0.00020167821696265298,0.00011834397538154628,0.0002256506183027085,0.00011397666352150337,0.8753211540551522,-0.4844637630712234,147.03981925070718,-24.376879124120272,73.55643426461873,-12.239452728176346,73.4834166328396,-12.137444400195378,73.51992544872917,-12.188448564185862,-3.164675115385762e-05,1.8004251451486653e-05,-13.41503336535109,-72.6217626194719,-71.94438784078811,0.003873310222256567,0.010340313564867924,-0.06818947468758552
1.5064000000000002,0.5360020363769314,-0.28197749379597503,0.339297824116469,-0.20277910326833906,0.339321925571753,-0.20278359394314982,0.5355729982256702,-0.2822095911045068,0.1964776424571898,-0.07931219384449646,0.0002024683479886491,0.00011829399167126442,0.00022656980327262488,0.00011380331686047795,0.8750973921454119,-0.48487489105598536,146.50246315946183,-24.33118501025338,73.28764640183574,-12.216672817100644,73.21484834797779,-12.114530331475692,73.25124737490677,-12.165601574288168,-3.1590351710519826e-05,1.813832295383122e-05,-13.478127804820188,-72.59740760694761,-71.91889874239361,0.0039030121647067395,0.010357967566575081,-0.06854645605767473
1.5072,0.5350175693617114,-0.2822771154672873,0.3400587098113619,-0.20289114775596248,0.34008293896878394,-0.2028957639186716,0.5345868174363986,-0.2825089788349776,0.19473136900898208,-0.07949959131381541,0.00020326138394538562,0.00011823976519970136,0.00022749054136744773,0.00011362360249062009,0.874873017789128,-0.4852865029884495,145.96701009053984,-24.282923767704965,73.01980961675196,-12.192608722278607,72.94723200689339,-12.090333317527339,72.98352081182267,-12.141471019902973,-3.153310549919297e-05,1.8272100980709638e-05,-13.541800607553187,-72.57307600827879,-71.89349057003865,0.003932003482772395,0.010375354317594778,-0.0689057650331506
1.508,0.5340312510398098,-0.28257271761303976,0.34082083432099886,-0.20300769915885095,0.34084518978082373,-0.2030124429266478,0.5335987809305948,-0.282804336384342,0.19298200393429096,-0.0796784559559415,0.00020405732469502835,0.00011818126954954433,0.00022841278451996017,0.00011343750175268896,0.8746480280361135,-0.4856985980414402,145.43346345938437,-24.23212307990523,72.75292562486642,-12.167274282319028,72.68056930953674,-12.064867203166216,72.71674746720157,-12.116070742742622,-3.147501877265313e-05,1.840558001475756e-05,-13.606060553375336,-72.54876749527958,-71.86816349532326,0.003960267075245112,0.010392470558279302,-0.06926740155265065
1.5088,0.5330430983448472,-0.28286428471638997,0.3415841777930083,-0.20312877216160882,0.3416086581075173,-0.20313364564309,0.532608905690591,-0.2830956481915497,0.19122958406745633,-0.07984875755162042,0.00020485616987359068,0.00011811847832046696,0.0002293364843825585,0.00011324499683926237,0.874422419967982,-0.4861111753563192,144.9018264351639,-24.178810423502732,72.4869960186393,-12.14068323251415,72.41486183262224,-12.038145729743036,72.45092892563076,-12.089414481128593,-3.141609761314612e-05,1.853875445334552e-05,-13.670916615073088,-72.52448174092792,-71.84291767925566,0.003987785976702922,0.010409313026822138,-0.06963136536847969
1.5096,0.5320531283914267,-0.28315180130436285,0.3423487202263262,-0.20325438137410967,0.3423733238997764,-0.20325938666844018,0.5316172088801938,-0.28338289874029615,0.18947414657275896,-0.08001046600105458,0.00020565791889137763,0.00011805136513190484,0.00023026159234157406,0.00011304607080139806,0.8741961906988616,-0.48652423404360445,144.37210194535447,-24.123013068157718,72.22202226978162,-12.112849204738296,72.15011103192128,-12.010182535038368,72.18606665085144,-12.061515869888332,-3.135634841555657e-05,1.867161894608671e-05,-13.736377963835015,-72.50021841931344,-71.81775327221811,0.004014543364759467,0.010425878459463089,-0.06999765604663821
1.5104000000000002,0.5310613584756905,-0.28343525194998065,0.34311444147134706,-0.20338454133000022,0.34313916695994606,-0.20338968052607162,0.5306237078452253,-0.28366607256116105,0.1877157289448113,-0.08016355132753493,0.00020646257093309694,0.00011797990362588662,0.00023118805953209476,0.00011284070755451792,0.8739693373761044,-0.48693777318360676,143.84429268026665,-24.06475807639134,71.95800573151688,-12.08378572737442,71.88631824452747,-11.980991153184974,71.92216198802217,-12.032388440279696,-3.129577768845593e-05,1.8804168053776493e-05,-13.802453974869646,-72.47597720559742,-71.79267041393247,0.004040522567345636,0.010442163590658693,-0.07036627296756137
1.5112,0.5300678060758504,-0.28371462127441127,0.3438813212300937,-0.20351926648520308,0.3439061669419857,-0.20352454166078732,0.5296284201140401,-0.28394515423376626,0.18595436900890552,-0.08030798368109357,0.00020727012495913577,0.00011790406746961524,0.00023211583685117665,0.00011262889188537462,0.873741857180985,-0.487351791827084,143.31840109751604,-24.004072303488435,71.69494764081466,-12.053506225267014,71.62348469109307,-11.950585014617843,71.65921616595386,-12.002045619942429,-3.123439168462028e-05,1.8936396422475354e-05,-13.869154233206341,-72.45175777594264,-71.76766923346139,0.0040657070699832345,0.010458165153329696,-0.07073721532580635
1.512,0.5290724888526963,-0.2839898939491354,0.3446493390564007,-0.20365857121641653,0.34467430335166827,-0.2036639844373169,0.5286313633980178,-0.2842201283889511,0.18419010492132254,-0.08044373334217653,0.0002080805797055052,0.00011782383035804922,0.00023304487497305404,0.000112410609457686,0.8735137473293915,-0.48776628899591,142.79442942643783,-23.940982397452593,71.4328491205964,-12.022024019701561,71.36161147803847,-11.918977446049752,71.39723029931744,-11.970500732875657,-3.117219705472962e-05,1.9068298719560062e-05,-13.936488539685094,-72.42755980748818,-71.7427498491717,0.004090080523075763,0.010473879879019895,-0.07111048213059235
1.5128,0.5280754246500801,-0.2842610546981317,0.3454184743561139,-0.203802469819613,0.3454435555467931,-0.20380802313881188,0.5276325555920309,-0.28449097971096604,0.182422975169602,-0.08057077072533642,0.00020889393368495046,0.00011773916601659495,0.000233975124364183,0.00011218584681774169,0.8732850050725091,-0.4881812636837613,142.27237967244653,-23.875514799011974,71.17171118191337,-11.989352328409424,71.10069959973373,-11.886181670472283,71.13620539082355,-11.937766999440854,-3.110920056315081e-05,1.9199869733199648e-05,-14.004466917141427,-72.40338297828737,-71.71791236870564,0.004113626749204763,0.010489304498083846,-0.07148607220645431
1.5136,0.5270766314953735,-0.284528088300081,0.346188706387307,-0.20395097650853525,0.3462139027374173,-0.20395667196533904,0.5266320147748892,-0.2847576929396851,0.18065301857276922,-0.0806890663829459,0.00020971018518695095,0.00011765004820396552,0.00023490653529734118,0.00011195459140017627,0.8730556276974935,-0.4885967148568202,141.75225362133975,-23.80769574167465,70.91153472609676,-11.955504265596716,70.84074994065185,-11.85221080718216,70.8761423333743,-11.903857536389438,-3.104540886056384e-05,1.933110422669415e-05,-14.073099616792785,-72.37922696728042,-71.69315688898084,0.004136329750439479,0.010504435739899622,-0.07186398419287343
1.5144000000000002,0.5260761275999036,-0.28479097959058797,0.3469600142605121,-0.20410410541319163,0.34698532398609966,-0.20410994503237298,0.5256297592097566,-0.2850202528728356,0.17888027428152425,-0.08079859100892949,0.0002105293322797741,0.0001175564507144844,0.000235839057867282,0.00011171683153315959,0.872825612528136,-0.4890126414544941,141.2340528435472,-23.737551251831636,70.65232054688062,-11.920492841997913,70.58176327749545,-11.817077871830875,70.61704191218803,-11.868785356914394,-3.098082885344411e-05,1.9461997151637433e-05,-14.142397124832671,-72.35509145421452,-71.66848349615387,0.004158173715640561,0.010519270333031452,-0.07224421654524349
1.5152,0.5250739313593585,-0.2850497134644203,0.34773237693896847,-0.20426187057834977,0.34775779820816516,-0.20426785636928735,0.5246258073445433,-0.28527864436824457,0.17710478177838412,-0.08089931544251389,0.0002113513728092542,0.00011745834738091654,0.0002367726420059446,0.0001114725564433372,0.8725949569255178,-0.489429042390151,140.71777869832377,-23.665107148906024,70.39406933249641,-11.884330964951786,70.32374028129473,-11.780795776497584,70.35890480689557,-11.832563370724685,-3.091546736300188e-05,1.959254334593652e-05,-14.212370169239371,-72.33097611966005,-71.64389226560306,0.004179143027754002,0.010533805005444374,-0.07262676753501296
1.516,0.5240700613541698,-0.28530427487776644,0.3485057732388874,-0.20442428596202905,0.3485313041719824,-0.20443041991784552,0.523620177812271,-0.2855328523461044,0.1753265808777855,-0.08099121067199815,0.00021217630440190094,0.00011735571207724393,0.00023770723749688694,0.00011122175626074315,0.8723636582886554,-0.4898459165518727,140.20343233788807,-23.590389045547564,70.13678166774062,-11.847031438500323,70.06668151947898,-11.743377329785048,70.1017315936098,-11.795204384142686,-3.084933152308622e-05,1.972273780737055e-05,-14.28302972680555,-72.30688064489391,-71.61938326193687,0.004199222271130022,0.010548036484626388,-0.07301163524991239
1.5168,0.5230645363498675,-0.28555464885050963,0.34928018182973064,-0.2045913654339926,0.3493058204992588,-0.20459764953068998,0.5226128894314115,-0.28578286179125334,0.17354571172614477,-0.0810742478385402,0.00021300412446390027,0.00011724851872055297,0.00023864279399210542,0.0001109644220231576,0.8721317140551342,-0.4902632628032228,139.69101471150674,-23.51342234787051,69.88045803601487,-11.808606963509263,69.8105874579202,-11.70483523693676,69.84552274696753,-11.756721100223011,-3.078242832543765e-05,1.9852575512402382e-05,-14.35438703039559,-72.28280471192971,-71.59495653893988,0.0042183962388091046,0.010561961497801153,-0.07339881759472178
1.5176,0.5220573752974089,-0.285800820468519,0.3500555812345082,-0.20476312277423786,0.35008132566535133,-0.20476955896983173,0.5216039612061991,-0.28602865775547387,0.17176221480187426,-0.08114839823996164,0.00021383483018333482,0.00011713674127436513,0.00023957926102646798,0.00011070054568049215,0.8718991217017338,-0.4906810799840312,139.18052656952392,-23.43423225573382,69.62509882133907,-11.76907013780972,69.55545846294984,-11.665182099975823,69.59027864214445,-11.717126118892772,-3.071476498917036e-05,1.998205172171197e-05,-14.426453576437408,-72.25874800342407,-71.57061213959183,0.004236649939819541,0.010575576772111765,-0.07378831229127059
1.5184,0.52104859733348,-0.2860427748859579,0.35083194983009003,-0.20493957167148694,0.3508577979995938,-0.20494616190513895,0.5205934123269147,-0.2862702253598071,0.1699761309153554,-0.08121363333456957,0.00021466841853073904,0.00011702035375057984,0.0002405165880345339,0.00011043012009859243,0.8716658787450393,-0.4910993669111955,138.67196846733677,-23.352843763062367,69.37070431033703,-11.728433456360065,69.30129480334848,-11.624430417863778,69.33599955684275,-11.676431937111921,-3.0646348733398554e-05,2.0111161475711015e-05,-14.499241132655465,-72.23471020266149,-71.54635009602424,0.004253968606457608,0.010588879034744798,-0.07418011687920512
1.5192,0.5200382217807669,-0.28628049732760813,0.3516092658475362,-0.20512072572167722,0.35163521568564216,-0.20512747191282638,0.5195812621701417,-0.2865075497968841,0.16818750120886508,-0.08126992474499431,0.00021550488625965425,0.00011689933021255539,0.00024145472436554183,0.0001101531390634014,0.8714319827420435,-0.4915181223794979,138.1653407693166,-23.269281658207483,69.11727469419539,-11.68670931142789,69.04809665230817,-11.582592586679652,69.08268567325177,-11.634650949053771,-3.057718694776668e-05,2.0239900059948468e-05,-14.572761746051965,-72.21069099352165,-71.52217042952824,0.004270337701554253,0.01060186501313719,-0.07457422871641484
1.52,0.5190262681482029,-0.2865139730912106,0.35238750737244107,-0.2053065984264503,0.3524135567618325,-0.20531350247394362,0.5185675302989945,-0.28674061633327097,0.1663963671564619,-0.08131724426204384,0.00021634422990846058,0.00011677364477685748,0.00024239361929989656,0.00010986959728351287,0.8711974312907355,-0.49193734516243776,137.66064365267738,-23.18357052434616,68.86481007059564,-11.643909992790782,68.79586408936876,-11.539680899818137,68.8303370799822,-11.59179544630446,-3.0507287021919183e-05,2.0368262759973277e-05,-14.647027751142573,-72.18669006043189,-71.49807315054036,0.004285742925726391,0.010614531435084831,-0.07497064497920292
1.5208,0.5180127561311837,-0.2867431875498215,0.3531666523452961,-0.20549720319164275,0.35319279912156004,-0.20550426697286456,0.5175522364633172,-0.28696941031183254,0.16460277056382236,-0.08135556384857336,0.00021718644580126512,0.00011664327161645116,0.0002433332220652673,0.0001095794903946401,0.8709622220306785,-0.4923570340130806,137.15787711128976,-23.095734739917127,68.61331044561956,-11.600047687955836,68.54459710232669,-11.495707548206298,68.57895377397313,-11.547877618081067,-3.043665648760907e-05,2.049624500699565e-05,-14.722051778453844,-72.16270708832678,-71.47405825861465,0.004300170224622493,0.01062687502894942,-0.07536936266308203
1.5216,0.5169977056117552,-0.28696812615418427,0.3539466785618675,-0.20569255332577607,0.35397292051367124,-0.20569977869577732,0.5165354005998535,-0.287193917154108,0.16280675356803495,-0.08138485564336945,0.0002180315300489566,0.00011650818496250492,0.00024427348185274145,0.00010928281496125347,0.8707263526435737,-0.49277718766492284,136.65704095944295,-23.00579847909276,68.3627757356279,-11.55513448239688,68.29429558911795,-11.450684620538084,68.32853566237293,-11.502909551467482,-3.036530290501105e-05,2.0623842203804088e-05,-14.797846763288454,-72.13874176262803,-71.450125742432,0.004313605796122,0.010638892523776672,-0.07577037858314384
1.5224,0.5159811366587734,-0.28718877443511653,0.3547275636735906,-0.20589266203854678,0.3547538985428736,-0.20590005082917412,0.5155170428323892,-0.28741412236270386,0.16100835863734922,-0.08140509196504975,0.0002188794785505932,0.00011636835910733279,0.0002452143478336444,0.00010897956847999435,0.8704898208538134,-0.49319780483277065,136.1581348355543,-22.913785712286035,68.11320576911348,-11.50918235980933,68.04495935967483,-11.404624103526643,68.07908256439416,-11.456903231667987,-3.0293234004830083e-05,2.07510499379282e-05,-14.87442595476475,-72.11479376919696,-71.42627557976607,0.004326036097550288,0.010650580649460754,-0.07617368937465585
1.5232,0.5149630695280297,-0.2874051180059121,0.3555092851879821,-0.20609754243931852,0.3555357106701629,-0.2061050964583431,0.5144971834718602,-0.28763001152369994,0.1592076285708725,-0.08141624531597522,0.00021973028699434627,0.00011622376840619841,0.00024615576917513815,0.000108669749381618,0.8702526244290174,-0.4936188842136368,135.66115820582476,-22.819720206690253,67.86460028852656,-11.462203202381005,67.79658813775566,-11.357537882172963,67.83059421314111,-11.409870542276984,-3.022045746092772e-05,2.0877863715185185e-05,-14.951802925137033,-72.09086279432198,-71.40250773750523,0.004337447852820544,0.010661936136850925,-0.07657929149337406
1.524,0.5139435246623532,-0.2876171425647568,0.3562918204690664,-0.20630720753561338,0.35631833421326475,-0.20631492856586034,0.5134758430164356,-0.28784157030907015,0.1574046064982288,-0.08141828838617661,0.0002205839508596097,0.00011607438728014619,0.00024709769505798507,0.00010835335703321403,0.87001476118056,-0.4940404244876503,135.16611036784496,-22.723625526851865,67.61695895207632,-11.414208791080128,67.54918156274977,-11.30943774005108,67.58307025741304,-11.361823265565604,-3.014698111769576e-05,2.10042793433729e-05,-15.0299915794017,-72.06694852465466,-71.37882217160654,0.004347828059598958,0.0106729557179429,-0.0769871812162819
1.5248,0.5129225226916744,-0.28782483389715935,0.3570751467378209,-0.2065216702316056,0.3571017463470959,-0.20652956003008388,0.5124530421515648,-0.2880487844791172,0.1555993358791612,-0.08141119405729354,0.00022144046541727747,0.00011592019021808286,0.0002480400746922573,0.00010803039173978846,0.869776228964078,-0.49446242431898296,134.6729904541472,-22.62552503527393,67.3702813355045,-11.365210805957958,67.3027391914556,-11.260335359608547,67.33651026348005,-11.312773082783252,-3.0072812904791135e-05,2.1130292573445786e-05,-15.109006165195474,-72.04305064721717,-71.35521882711882,0.004357163996383406,0.010683636125962343,-0.077397354642045
1.5256,0.511900084433065,-0.28802817787839563,0.35785924107263684,-0.20674094332661577,0.35788592410423936,-0.20674900362364865,0.5114288017499983,-0.2882516398849204,0.15379186050309354,-0.08139493540652581,0.0002222998257321307,0.00011576115177885926,0.0002489828573346009,0.00010770085474595681,0.8695370256799697,-0.49488488235679023,134.1817974357078,-22.525441893050044,67.12456693383479,-11.315220826466827,67.05726049983382,-11.210242322482358,67.09091371683431,-11.262731574474593,-2.9997960808714197e-05,2.1255899142147427e-05,-15.188861282989837,-72.01916884934612,-71.33169763815759,0.0043654432296074365,0.010693974095523483,-0.07780980769155121
1.5264,0.5108762308907431,-0.288227160475966,0.3586440804097954,-0.20696503951360648,0.35867084437543684,-0.20697327201196364,0.5104031428717742,-0.2884501224707966,0.15198222448864254,-0.08136948571059625,0.00022316202666372575,0.00011559724659385151,0.00024992599230516666,0.00010736474823669351,0.8692971492738748,-0.4953077972361664,133.69253012539863,-22.423399060527164,66.87981516309632,-11.264250331792866,66.81274488473508,-11.15917010982946,66.84628002391571,-11.211710220811163,-2.9922432787543585e-05,2.138109516280906e-05,-15.269571896586395,-71.99530281867675,-71.30825852790184,0.004372653620650098,0.010703966362739533,-0.07822453610830848
1.5272000000000001,0.5098509832560456,-0.2884217677520663,0.3594296415439637,-0.20719397137768028,0.3594564839100999,-0.20720237775171066,0.5093760867641728,-0.2886442182767741,0.15017047228307742,-0.08133481844972473,0.00022402706286833718,0.000115428449369126,0.000250869429004541,0.00010702207533871966,0.869056597737141,-0.4957311675791157,133.2051871813865,-22.31941929799628,66.6360253620216,-11.212310701202298,66.56919166560195,-11.107130102670538,66.60260851381177,-11.159720401936418,-2.9846237055153324e-05,2.1505876556915382e-05,-15.35115334391671,-71.9714522431032,-71.28490140858145,0.004378783332848009,0.010713609665356241,-0.07864153545961017
1.528,0.5088243629073714,-0.2886119858660706,0.36021590112870305,-0.20742775139457853,0.3602428193168338,-0.2074363332893454,0.5083476548616418,-0.28883391344107817,0.1483566486617382,-0.08129090731161243,0.00022489492879945727,0.00011525473488721572,0.0002518131169301774,0.00010667284012033651,0.8688153691072751,-0.49615499199553637,132.71976711048495,-22.213525166410275,66.39319679371997,-11.159413214401127,66.32660008614677,-11.05413358224854,66.35989843993337,-11.106773398324833,-2.976938179699573e-05,2.163023939161235e-05,-15.433621348148769,-71.947616810791,-71.26162618149807,0.004383820838446109,0.01072290074281798,-0.07906080113622238
1.5288,0.5077963914100907,-0.28879780107702757,0.3610028356769988,-0.20766639192918349,0.3610298270639826,-0.20767515095960068,0.5073178687856839,-0.28901919420262967,0.14654079872739656,-0.08123772619543654,0.00022576561871145984,0.00011507607800964603,0.00025275700569532544,0.00010631704759245242,0.868573461468378,-0.4965792690842207,132.236268271454,-22.105739028127513,66.15132864732593,-11.105569051908404,66.08496931600348,-11.000191730399095,66.1181489816647,-11.05288039115375,-2.9691875397475087e-05,2.175417998628859e-05,-15.516992029102276,-71.92379621008263,-71.2384327369568,0.00438775492550637,0.010731836336464844,-0.07948232835374824
1.5296,0.5067670905164199,-0.2889791997461675,0.3617904215618027,-0.20790990523402167,0.3618174834801875,-0.20791884298399282,0.506286750344717,-0.2892000469035539,0.14472296790957337,-0.08117524921585344,0.00022663912665898955,0.0001148924536787943,0.0002537010450438526,0.00010595470370763915,0.8683308729515635,-0.4970039974338679,131.75468887825244,-21.99608304768049,65.91042003962245,-11.050789295440936,65.84429845235601,-10.945315629934086,65.87735924598923,-10.998052462687511,-2.9613726013622e-05,2.1877694532435044e-05,-15.601281914972436,-71.89999012954618,-71.21532095434111,0.004390574704770683,0.010740413189525523,-0.07990611215268473
1.5304,0.5057364821652671,-0.28915616833942065,0.3625786350165928,-0.20815830344776995,0.3626057647549623,-0.20816742146932948,0.505254321533898,-0.28937645799170114,0.14290320196380502,-0.08110345070701118,0.00022751544649979305,0.00011470383692002706,0.00025464518486928434,0.00010558581536049272,0.8680876017353601,-0.4974291756241106,131.27502700324035,-21.88457919256848,65.67047001664096,-10.995084928310874,65.60458652154162,-10.889516265037031,65.63752826909129,-10.942300596673952,-2.9534942228792715e-05,2.2000779424047323e-05,-15.686507954361241,-71.87619825791616,-71.19229070204675,0.004392269616462496,0.010748628047310506,-0.08033214739933214
1.5312000000000001,0.5047045884820403,-0.2893286934299481,0.3633674521359529,-0.20841159859376496,0.363394646939288,-0.20842089840622224,0.5042206045349124,-0.28954841402317816,0.14108154697085584,-0.08102230522656953,0.00022839457189638424,0.00011451020284367064,0.00025558937523151304,0.00010521039038638436,0.8678436460460968,-0.49785480222655676,130.7972805803333,-21.771249234073064,65.43147755523574,-10.93846683583422,65.36583248062999,-10.832804521670084,65.39865501793287,-10.885635678752152,-2.9455532427391518e-05,2.2123431239862157e-05,-15.77268752861346,-71.85242028407411,-71.16934183750189,0.004392829437048469,0.010756477657255036,-0.08076042878619205
1.532,0.503671431778424,-0.289496761700681,0.3641568488761638,-0.20866980257851445,0.36418410594622036,-0.20867928566760066,0.5031856217157326,-0.28971590166488875,0.1392580493358862,-0.08093178755972733,0.0002292764963174876,0.0001143115266469541,0.0002565335663740065,0.00010482843756076665,0.8675990041582704,-0.49828087580584246,130.32144740810918,-21.656114748095966,65.19344156463556,-10.880945805750429,65.12803521897881,-10.77519118799205,65.16073839180719,-10.82806849687124,-2.9375505192774654e-05,2.2245646512430994e-05,-15.859838464451705,-71.82865589703835,-71.14647420716395,0.004392244285933166,0.010763958769029438,-0.08119095083256411
1.5328,0.5026370345521204,-0.28966035994687234,0.36494680105581573,-0.2089329271902125,0.3649741175515175,-0.20894259500723114,0.5021493956303384,-0.28987890769708585,0.1374327557875628,-0.08083187272325727,0.00023016121304009207,0.00011410778361606311,0.00025747770874184894,0.0001044399665974527,0.8673536743948961,-0.49870739492070093,129.84752515286647,-21.539197116018062,64.95636088797046,-10.822532528652928,64.89119355976516,-10.71668695478698,64.9237772238678,-10.769609741719954,-2.929486913672008e-05,2.236742184535956e-05,-15.94797904690376,-71.80490478593472,-71.12368764650245,0.004390504632098414,0.01077106813458592,-0.08162370788548401
1.5336,0.5016014194865556,-0.289819475078656,0.36573728435643477,-0.209200984097258,0.3657646573942821,-0.2092108380582384,0.5011119490184063,-0.29003741901593083,0.1356057133771225,-0.08072253596954522,0.00023104871515094993,0.000113898949127611,0.00025842175299833903,0.00010404498814720053,0.8671076551278394,-0.49913435812504164,129.37551135163608,-21.420517525578497,64.72023430377581,-10.763237598429157,64.65530626149331,-10.657302415903473,64.68777028263456,-10.710270007166315,-2.9213633041536013e-05,2.2488754133576094e-05,-16.03712803251135,-71.78116663999492,-71.10098198001795,0.0043876013006718985,0.010777802508293927,-0.08205869411963818
1.5344,0.5005646094505537,-0.2899740941236171,0.36652827432312585,-0.209473984846776,0.36655570097762014,-0.20948402633163093,0.5000733048049611,-0.2901914226360634,0.13377696947738443,-0.08060375279063677,0.00023193899554913022,0.00011368499865060944,0.0002593656500434194,0.00010364351379568704,0.8668609447781304,-0.4995617639690437,128.90540341514705,-21.300096971773804,64.48506052747273,-10.703071512711077,64.4203720194798,-10.59704806870289,64.45271627347626,-10.650059790706983,-2.913180546215699e-05,2.2609640161874722e-05,-16.12730466280701,-71.75744114851655,-71.07835702121258,0.00438352547943856,0.010784158646956076,-0.08249590353869962
1.5352000000000001,0.49952662749797083,-0.2901242042293695,0.3673197463652344,-0.20975194086314364,0.367347223669318,-0.20976217121483162,0.49903348609999326,-0.29034090569317933,0.13194657178170585,-0.0804754989222868,0.00023283204694701798,0.0001134659077488831,0.00026030935103057984,0.0001032355560609266,0.8666135418162583,-0.49998961100026207,128.43719863074452,-21.177956257775037,64.25083821282517,-10.64204467333417,64.18638946731471,-10.535934314517817,64.21861384006993,-10.588989493925993,-2.904939535142148e-05,2.2730076949528666e-05,-16.21852867804203,-71.73372800086536,-71.05581257260882,0.004378268725281307,0.010790133309908832,-0.08293532997544162
1.536,0.4984874968672984,-0.2902697926661428,0.36811167575702197,-0.2100348634465193,0.3681392007025339,-0.21004528397021024,0.49799251619804097,-0.2904858554466153,0.13011456830289173,-0.08033775034801427,0.00023372786187270123,0.00011324165208176362,0.0002612528073846765,0.00010282112839080093,0.8663654447624476,-0.5004178977647438,127.9708941652637,-21.0541159958633,64.01756595337469,-10.580167386805911,63.95335717830062,-10.473971459118957,63.98546156583765,-10.527069422962434,-2.8966411605324538e-05,2.2850061569101854e-05,-16.310820331143315,-71.71002688646257,-71.03334842573742,0.004371822970529874,0.010795723259053824,-0.08337696709233455
1.5368,0.49744724098122606,-0.2904108468293765,0.36890403763836055,-0.21032276377137693,0.368931607176508,-0.21033337573362337,0.49695041857773437,-0.29062625928194263,0.12828100737204592,-0.08019048330315942,0.00023462643267210814,0.00011301220740631002,0.00026219597081958423,0.00010240024515983936,0.8661166521869146,-0.5008466228081597,127.50648706785704,-20.928596608381852,63.78524228385179,-10.517449864782591,63.72127366686833,-10.41116971319056,63.75325797536006,-10.464309788986576,-2.888286307722865e-05,2.2969591299215608e-05,-16.404200401873137,-71.68633749475833,-71.01096436113613,0.004364180529273771,0.010800925258948879,-0.08382080838254069
1.5376,0.496405883446172,-0.29054735424232125,0.3696968070154426,-0.21061565288504352,0.3697244180572875,-0.21062645751295628,0.4959072169013056,-0.2907621047135661,0.12644593763737375,-0.08003367427894378,0.0002355277515107279,0.00011277754957883523,0.0002631387933556273,0.00010197292166605476,0.8658671627101039,-0.5012757846769436,127.04397427277749,-20.801418328704685,63.553865681565554,-10.453902224553715,63.49013738997077,-10.347539192814267,63.52200153576816,-10.400720708683991,-2.879875883365912e-05,2.3088663297698986e-05,-16.49869021115885,-71.66265951522956,-70.98866014835087,0.004355334103550659,0.010805736076825825,-0.08426684716999944
1.5384,0.49536344805177485,-0.2906793025586474,0.37048995876150653,-0.21091354170624185,0.37051760817846824,-0.2109245401866712,0.4948629350140622,-0.29089337938733123,0.12460940806293114,-0.07986730002653278,0.00023643181037547034,0.0001125376545565715,0.0002640812273371762,0.000101539174127252,0.8656169750029059,-0.5017053819194458,126.58335260211767,-20.67260120222077,63.323434567770974,-10.389534489535109,63.259946748454524,-10.283089919960744,63.29169065811275,-10.336312204747927,-2.8714107827454427e-05,2.320727508475784e-05,-16.59431163555371,-71.63899263737265,-70.96643554593479,0.004345276789489242,0.010810152482658387,-0.08471507661022315
1.5392000000000001,0.4943199587703478,-0.29080667956505973,0.3712834676175814,-0.21121644102363837,0.3713111522419543,-0.2112276345023609,0.4938175969438201,-0.29102007108313555,0.12277146792731608,-0.079691337561098,0.0002373386010773859,0.0001122924983991691,0.00026502322545030044,0.00010109901967664259,0.8653660877868519,-0.5021354130870973,126.1246187685035,-20.542165087332478,63.0939473090136,-10.324356589768257,63.03070008840916,-10.217831822988359,63.06232369871138,-10.271094206378308,-2.862891926724842e-05,2.3325424137965456e-05,-16.69108712178239,-71.61533655067444,-70.94429030144998,0.00433400208334499,0.010814171249154934,-0.08516548969089399
1.54,0.4932754397562985,-0.2909294731839178,0.3720773081932443,-0.21152436149439496,0.37210502481873203,-0.2115357510753059,0.49277122690030495,-0.2911421677175466,0.12093216682231356,-0.07950576416588177,0.00023824811525294254,0.00011204205726986216,0.0002659647407406429,0.0001006524763589034,0.8651144998342899,-0.5025658767355826,125.66776937774678,-20.410129656468875,62.86540221845375,-10.258378362427592,62.80239570249528,-10.151774737149381,62.833898960474514,-10.205076549788487,-2.854320224798812e-05,2.3443108098319954e-05,-16.789039701314973,-71.59169094463202,-70.92222415145444,0.004321503887457666,0.010817789151851383,-0.08561807923240394
1.5408,0.4922299153455076,-0.2910476714758614,0.3728714549673984,-0.2118373136427274,0.3728992003496621,-0.21184890038703927,0.49172384927451057,-0.29125965734642384,0.11909155465147883,-0.07931055739625929,0.00023916034436666234,0.00011178630743716167,0.0002669057266303787,0.0001001995631252639,0.8648622099685394,-0.502996771426026,125.21280093145252,-20.276514397111367,62.63779755716797,-10.191609552333531,62.57503183125055,-10.084928405102517,62.60641469420926,-10.138268978718024,-2.845696600672909e-05,2.3560324681426437e-05,-16.888193004904693,-71.56805550872569,-70.90023682152196,0.004307776516111385,0.010821002969102024,-0.08607283788816744
1.5416,0.49118341005467236,-0.291161262642441,0.37366588228906406,-0.21215530785846795,0.3736936531462871,-0.2121670927839159,0.49067548863802285,-0.29137252816754544,0.11724968162867203,-0.0791056950838013,0.00024007527971323106,0.0001115252252761878,0.0002678461369362839,9.974029982823263e-05,0.8646092170640232,-0.5034280957261852,124.75970982958525,-20.141338612832747,62.41113153542994,-10.124059812472552,62.348606664375055,-10.017302477432011,62.37986909990249,-10.070681144952282,-2.837021973789433e-05,2.367707181605283e-05,-16.988571277011527,-71.54442993241398,-70.87832802623024,0.004292814701308799,0.010823809482079921,-0.08652975814553088
1.5424,0.49013594858061216,-0.2912702350287522,0.37446056437818676,-0.21247835439563428,0.3744883573916544,-0.21249033847568752,0.48962616974230566,-0.29148076852323884,0.11540659827653832,-0.07889115534033463,0.00024099291241941323,0.00011125878726994665,0.00026878592588708283,9.927470721668441e-05,0.8643555200463795,-0.5038598482116564,124.30849237299314,-20.004621424348034,62.18540231397063,-10.05573870452281,62.12311834199541,-9.948906513172659,62.15426032798302,-10.002322608847734,-2.828297289170223e-05,2.3793347434519774e-05,-17.090199390021397,-71.52081390513627,-70.8564974691617,0.0042766135984382515,0.010826205474844771,-0.08698883232602839
1.5432000000000001,0.48908755579953256,-0.2913745771260741,0.37525547532646375,-0.21280646337100415,0.3752832871411585,-0.21281864753408503,0.48857591751794527,-0.2915843669030136,0.11356235542492779,-0.07866691656199927,0.00024191323344627258,0.00011098697001019064,0.0002697250481410174,9.88028069293101e-05,0.86410111789255,-0.5042920274670885,123.85914476588957,-19.866381770576233,61.960608005216514,-9.98665569938531,61.89856495590774,-9.879749980340549,61.92958648056212,-9.933202839862929,-2.819523467678664e-05,2.3909149625467307e-05,-17.193102858155566,-71.49720711631319,-70.834744842911,0.004259168791843533,0.010828187734291289,-0.08745005258600713
1.544,0.4880382567662555,-0.2914742775745094,0.3760505890981835,-0.21313964476269576,0.3760784163233947,-0.2131520298914058,0.48752475707386084,-0.29168331194619823,0.11171700420926906,-0.07843295743330303,0.00024283623359172557,0.00011070975019944473,0.0002706634588029444,9.832462148939847e-05,0.8638460096308472,-0.5047246320874046,123.41166311829515,-19.72663840971336,61.736746674508865,-9.916820177720666,61.674944550800916,-9.809842256469324,61.70584561265489,-9.863331217094995,-2.8107014628631077e-05,2.402447663030216e-05,-17.29730785094621,-71.47360925532192,-70.81306982908752,0.004240476300290503,0.010829753050188132,-0.08791341091691152
1.5448,0.486988076713406,-0.2915693251656293,0.37684587953108406,-0.2134779084087555,0.3768737187410344,-0.21349049533910885,0.48647271369647155,-0.29177759244457807,0.10987059606887953,-0.0781892569311715,0.00024376190349206794,0.00011042710465108962,0.00027160111344240456,9.784017429773084e-05,0.863590194340998,-0.5051576606790358,122.9660434484377,-19.585409920315,61.513816341301265,-9.846241430490608,61.45225512545853,-9.739192629151162,61.48303573337989,-9.792717029820885,-2.801832208376709e-05,2.4139326768590763e-05,-17.402841206135747,-71.45002001152974,-70.79147209830549,0.004220532582322876,0.010830898215170599,-0.0883788991459653
1.5455999999999999,0.4859370410505633,-0.2916597088451176,0.3776413203372262,-0.21382126400575038,0.3776691680717114,-0.21383405352641566,0.48541981284882774,-0.2918671973450348,0.10802318274522671,-0.07793579432899318,0.00024469023362513886,0.00011013901029122142,0.0002725379681103868,9.734948962594747e-05,0.8633336711541644,-0.5055911118611592,122.52228168511314,-19.442714702388706,61.291814980337996,-9.774928659504383,61.230494633941696,-9.6678102965828,61.261154807139846,-9.721369478043592,-2.792916654925648e-05,2.4253698477139096e-05,-17.50973044183279,-71.42643907425558,-70.76995131020125,0.004199334541516835,0.010831620024712085,-0.08884650893656953
1.5464,0.48488517536336967,-0.2917454177154187,0.3784368851038831,-0.21416972110736904,0.37846473786892826,-0.21418271395891883,0.4843660801697012,-0.29195211575218755,0.10617481628012973,-0.07767254920065918,0.00024562121431168094,0.0001098454441593455,0.00027347397935681417,9.685259260952539e-05,0.8630764392529411,-0.5060249842669471,122.08037367000586,-19.29857097849506,61.07074052281219,-9.702890977969432,61.00966098675133,-9.59570436811596,61.04020075478176,-9.649297673042696,-2.7839557660058745e-05,2.4367590331308975e-05,-17.61800376773265,-71.40286613280175,-70.74850711342941,0.004176879531601736,0.010831915277124475,-0.0893162317888141
1.5472000000000001,0.48383250541260314,-0.29182644103838373,0.3792325472944454,-0.21452328912302795,0.37926040156297464,-0.21453648599719713,0.48331154147263705,-0.29203233693103287,0.10432554901391008,-0.07739950142459576,0.0002465548357183933,0.00010954638340912592,0.0002744091042476693,9.634950923997909e-05,0.86281849787133,-0.5064592765448208,121.64031515997124,-19.15299679485718,60.85059085750463,-9.630137411046192,60.78975205197146,-9.522883864812087,60.820171454738045,-9.57651063792914,-2.7749504852181417e-05,2.4481001098308752e-05,-17.727690095178932,-71.37930087643554,-70.72713914567179,0.004153165361493157,0.010831780773519968,-0.08978805903967668
1.548,0.4827790571332072,-0.2919027682379192,0.38002828024934265,-0.21488197731648614,0.38005613246186565,-0.2148953788554385,0.4822562227449651,-0.2921078503095862,0.10247543358348199,-0.07711663118779039,0.0002474910878595138,0.00010924180530968997,0.00027534330038253563,9.584026635731102e-05,0.8625598462946903,-0.506893987359715,121.20210182927792,-19.00601002247791,60.63136383190313,-9.556676896406628,60.57076565639261,-9.449357720000762,60.60106474414787,-9.503017308203695,-2.765901781742741e-05,2.4593929481397936e-05,-17.83881904580922,-71.3557429944077,-70.70584703362701,0.004128190300176654,0.010831213317803715,-0.09026198186333545
1.5488,0.4817248566332811,-0.2919743889026332,0.38082405718698187,-0.21524579480446665,0.38085190375229316,-0.2152594016000711,0.4812001501467705,-0.2921786454815205,0.10062452292038826,-0.07682391898980799,0.0002484299605996221,0.00010893168724585012,0.00027627652591094565,9.53248916414351e-05,0.8623004838596633,-0.5073291153943458,120.76572927181255,-18.857628358263902,60.41305725330239,-9.48251828479674,60.35269958661628,-9.375134779841673,60.38287841995934,-9.428826532319206,-2.7568106133912806e-05,2.470637451068569e-05,-17.95142095848718,-71.3321921759499,-70.68463039303867,0.004101953081486561,0.010830209716612534,-0.09073799127216375
1.5495999999999999,0.4806699301930314,-0.2920412927884816,0.38161985120469977,-0.2156147505552851,0.38164768850059366,-0.21562856314840076,0.480143350009826,-0.29224471220880505,0.09877287024878198,-0.07652134564680041,0.00024937144365574926,0.00010861600671954741,0.00027720873954964476,9.480341360387778e-05,0.8620404099540754,-0.5077646593504862,120.33119300324702,-18.707869326157038,60.19566888988578,-9.407670340601655,60.13555159014078,-9.30022380389066,60.16561024001328,-9.353947072246157,-2.747677953607308e-05,2.4818335276677317e-05,-18.065526894178237,-71.30864811027715,-70.6634888286892,0.004074452908750935,0.010828766779280548,-0.0912160781159912
1.5504,0.47961430426368223,-0.2921034698214123,0.3824156352797315,-0.21598885338748675,0.3824434596537321,-0.21600287226725798,0.47908584883648253,-0.29230604042434094,0.09692052908335058,-0.07620889229550425,0.00025031552659951495,0.00010829474134999018,0.0002781399006001606,9.42758615787298e-05,0.8617796240168141,-0.508200617950249,119.89848846316794,-18.556750278271426,59.97919647178772,-9.332141742414706,59.91931937642795,-9.22463346566768,59.94925792410784,-9.278387604041193,-2.7385047744132862e-05,2.4929810958695953e-05,-18.181168638374064,-71.28511048660718,-70.64242193438709,0.0040456894593123086,0.010826881317820261,-0.09169623308360997
1.5512000000000001,0.4785580054663448,-0.29216091010000633,0.3832113822701958,-0.21636811196849082,0.3832391900402999,-0.2163823375716516,0.4780276732985205,-0.29236262023459425,0.0950675532271848,-0.07588654039722909,0.00025126219886015266,0.00010796786887434795,0.0002790699689642073,9.374226571357003e-05,0.8615181255376805,-0.5086369899373715,119.46761101716979,-18.40428839603647,59.76363769213829,-9.255941083608349,59.704000617951905,-9.148372353229007,59.7338191550451,-9.202156718418678,-2.72929204072625e-05,2.5040800885278713e-05,-18.298378700610733,-71.26157899414703,-70.62142929300931,0.0040156628889068974,0.01082455014683617,-0.09217844670192221
1.552,0.4775010605908463,-0.29221360389811735,0.38400706491609465,-0.21675253481324325,0.38403485237153034,-0.21676696752343258,0.47696885023595903,-0.2924144419222255,0.09321399676959016,-0.0755542717418335,0.00025221144972581433,0.0001076353671487229,0.0002799989051614771,9.320265695941798e-05,0.8612559140572152,-0.5090737740785094,119.03855595891127,-18.250500691344804,59.548990208089094,-9.179076872908453,59.48959295122948,-9.071448969740871,59.51929157965929,-9.125262921324662,-2.720040730253004e-05,2.5151304519965834e-05,-18.41719031055726,-71.23805332212696,-70.60051047648008,0.003984373835913853,0.010821770083471145,-0.0926627093371053
1.5528,0.47644349659451707,-0.2922615416675062,0.38480265584032963,-0.21714213028287815,0.38483041924232864,-0.21715677042996515,0.47590940665582493,-0.2924614959487154,0.09135991408384186,-0.07521206845168914,0.0002531632683465679,0.00010729721414814986,0.0002809266703455715,9.265706706113042e-05,0.8609929891665001,-0.5095109691645324,118.61131851213561,-18.09540400770511,59.33525164182156,-9.101557534970269,59.276093977832375,-8.99387173405627,59.305672809826966,-9.04771463451327,-2.710751832069036e-05,2.5261321429326244e-05,-18.53763741007217,-71.21453315979777,-70.57966504579139,0.003951823425462998,0.01081853794734699,-0.09314901119421393
1.5535999999999999,0.4753853406009382,-0.2923047140404717,0.38559812754973255,-0.21753690658338717,0.38562586313231617,-0.21755175444280733,0.4748493697308808,-0.29250377295698554,0.08950535982488514,-0.07485991298563137,0.0002541176437368675,0.00010695338796701259,0.0002818532263204887,9.210552854685417e-05,0.8607293505069339,-0.5099485740118258,118.1858938326562,-17.939015021399207,59.122419581537386,-9.023391410956933,59.063501265382016,-8.915648981293657,59.0929604234597,-8.969520196125295,-2.7014263196178945e-05,2.5370851382433557e-05,-18.65975464053545,-71.19101819643846,-70.55889255101077,0.003918013273406836,0.010814850560501176,-0.09363734231752119
1.5544,0.4743266198986464,-0.29234311183247613,0.38639345243611195,-0.21793687176429785,0.3864211564068917,-0.21795192755640003,0.4737887667983121,-0.2925412637740139,0.08765038892697744,-0.07449778814289608,0.0002550745647772745,0.00010660386681998757,0.00028277853555699894,9.154807471778437e-05,0.8604649977699811,-0.510386587463594,117.76227701030652,-17.781350242642922,58.91049158243157,-8.944586759119744,58.851812348526686,-8.836788963417476,58.88115196547913,-8.89068786126861,-2.6920651734485546e-05,2.5479894297575356e-05,-18.78357732466001,-71.16750812137971,-70.5381925312829,0.003882945490133708,0.010810704747306192,-0.0941276925908312
1.5552000000000001,0.4732673619397994,-0.29237672604476583,0.38718860277731426,-0.21834203371736083,0.38721627131830577,-0.21835729760676603,0.47272762535837326,-0.29257395941344383,0.08579505660127631,-0.0741256770670414,0.0002560340202173439,0.00010624862904159982,0.0002837025612088262,9.098473963639608e-05,0.8601999306968964,-0.5108250083911683,117.34046307085626,-17.622426016750435,58.69946516764831,-8.865151755379799,58.64102472990178,-8.75729984982057,58.67024494877505,-8.811225802600184,-2.68266938405759e-05,2.5588449933167112e-05,-18.909141441867416,-71.14400262401078,-70.51756451484427,0.0038466226842471633,0.010806097334367727,-0.09462005173733701
1.556,0.4722075943387975,-0.2924055478669844,0.387983550738301,-0.21875240017524616,0.3880111800067518,-0.21876787227021754,0.471665973072992,-0.2926018510781869,0.08393941833336838,-0.07374356324985382,0.00025699599867734513,0.00010588765308694459,0.00028462526712813574,9.041555811556412e-05,0.8599341490784211,-0.5112638356953175,116.92044697789272,-17.4622585253015,58.48933782921968,-8.785094493911785,58.43113588107249,-8.677189727908313,58.460236855146086,-8.73114211091005,-2.673239944783745e-05,2.5696518598294915e-05,-19.036483596177046,-71.12050139380624,-70.49700801904221,0.0038090479660787754,0.010801025150453638,-0.09511440931981952
1.5568,0.47114734487086457,-0.29242956867977965,0.388778268372241,-0.21916797871024984,0.38880585450147154,-0.2191836590620745,0.47060383776433096,-0.29262493016301827,0.0820835298807415,-0.0733514305352368,0.0002579604886515374,0.00010552091753163184,0.00028554661788207647,8.984056570698895e-05,0.859667652754454,-0.5117030683075612,116.50222363466875,-17.300863787311098,58.28010702898739,-8.704422987728066,58.22214324345969,-8.59646660368358,58.251125136223536,-8.650444795705823,-2.6637778319127392e-05,2.580410054875415e-05,-19.165640975400784,-71.09700412031728,-70.47652255032447,0.0037702249510633157,0.010795485026409455,-0.09561075474039171
1.5575999999999999,0.4700866414705878,-0.29244878005740255,0.38957272762161615,-0.21958877673300822,0.3896002667218744,-0.2196046653353915,0.46954124741331027,-0.29264318825716323,0.08022744727020376,-0.07294926312308303,0.0002589274785096407,0.00010514840107198054,0.0002864665787679077,8.92597986887067e-05,0.8594004416136943,-0.5121427051914827,116.08578788591812,-17.138257660401585,58.071770199508535,-8.623145169264689,58.01404422924999,-8.515138402332994,58.04290721437926,-8.569141785798841,-2.654284040204402e-05,2.591119609718362e-05,-19.29665130025605,-71.07351049321247,-70.45610760426926,0.0037301577629396624,0.010789473795039157,-0.0961090772410671
1.5584,0.469025512230415,-0.29246317377029807,0.390366900319344,-0.2200148014912236,0.3903943884786732,-0.22003089827969555,0.4684782301580873,-0.29265661714687585,0.07837122679524255,-0.07253704557312739,0.0002598969564992226,0.0001047700825249076,0.0002873851158284313,8.867329405293223e-05,0.8591325155932596,-0.5125827453440466,115.67113451963729,-16.97445584197638,57.864324744944454,-8.541268890967714,57.806836222288524,-8.433212968814516,57.83558048361649,-8.487240929891115,-2.6447595686818204e-05,2.6017805851097364e-05,-19.42955276180468,-71.05002020229553,-70.43576266559674,0.003688851036798648,0.010782988291003322,-0.09660936590302072
1.5592000000000001,0.46796398539911066,-0.2924727417876866,0.3911607581899128,-0.2204460600683987,0.3911881914750317,-0.2204623649197333,0.4674148142924946,-0.2926652088180081,0.07651492501333038,-0.07211476280878136,0.0002608689107485851,0.00010438594082806674,0.0002883021958674792,8.808108949345805e-05,0.8588638746782749,-0.5130231877969134,115.25825826883613,-16.80947387039535,57.657768041933906,-8.458801925880508,57.60051657895626,-8.350698068445269,57.62914231044508,-8.404749997162888,-2.6352054035783112e-05,2.612393042511485e-05,-19.564383945388386,-71.02653293750608,-70.41548720817599,0.0036463099219739767,0.010776025350728798,-0.09711160964678811
1.56,0.46690208938016964,-0.2924774762801361,0.39195427285053297,-0.2208825593825818,0.39198164730772983,-0.2208990721142294,0.4663510282644363,-0.29266895545856775,0.07465859874317157,-0.07168240012094632,0.0002618433292682354,0.00010399595503962633,0.00028921778646509577,8.748322339202641e-05,0.8585945189014343,-0.5134640316177576,114.84715381325577,-16.643327126150947,57.45209744045002,-8.375751968231313,57.39508262903114,-8.267601387490203,57.42359003474058,-8.321676677860758,-2.6256225382326193e-05,2.6229570568858662e-05,-19.701183738961653,-71.00304838896508,-70.39528069504196,0.0036025400847492276,0.010768581812256723,-0.0976157972319811
1.5608,0.46583985273018824,-0.2924773696221227,0.39274741581230294,-0.22132430618512275,0.3927747274683412,-0.22134102655465504,0.465286900674242,-0.29266784946126656,0.07280230506189306,-0.07123994317180572,0.000262820199953967,0.0001036001043380752,0.00029013185599224833,8.687973480581146e-05,0.8583244483425371,-0.5139052759115835,114.43781578105538,-16.47603083304503,57.247310264641705,-8.292126634021528,57.190531676533354,-8.18393053375084,57.21892097058753,-8.238028583886184,-2.61601196882566e-05,2.6334727337484765e-05,-19.83999122341231,-70.9795662469739,-70.37514257840867,0.0035575477109137015,0.010760654515157956,-0.09812191725740149
1.5615999999999999,0.4647773041571939,-0.2924724143945818,0.39354015848138796,-0.22177130705943804,0.39356740334442525,-0.2217882347640073,0.4642224602729801,-0.2926618834260567,0.0709461013021804,-0.07078737799859659,0.0002637995105882751,0.00010319836802208382,0.00029104437362556523,8.627066345279211e-05,0.8580536631279936,-0.514346919822042,114.03023875046827,-16.307600059366536,57.04340381365968,-8.207933461613493,56.986861000555464,-8.099693037154793,57.01513240710757,-8.153813249384143,-2.6063746872750926e-05,2.6439401750621983e-05,-19.98084554210459,-70.95608620206013,-70.35507229969207,0.003511339508124687,0.010752240300381098,-0.09862995816015996
1.5624,0.46371447251893355,-0.29246260338744545,0.39433247216021483,-0.22222356841978763,0.39435964622073366,-0.22224070309559957,0.46315773596072846,-0.29265105016265414,0.06909004504935676,-0.0703246910173562,0.0002647812488431045,0.00010279072551030999,0.0002919553093619631,8.565604969837382e-05,0.8577821634303052,-0.5147889625327433,113.62441725142747,-16.138049719068626,56.84037536246726,-8.123179912318946,56.78406785607712,-8.014896350344657,56.81222160927219,-8.069038131331801,-2.596711691182918e-05,2.6543594977113116e-05,-20.12378574647356,-70.93260794498589,-70.33506928951792,0.0034639227081204823,0.010743336010158252,-0.09913990821590346
1.5632000000000001,0.4626513868211191,-0.2924479296021689,0.3951243280486792,-0.22268109651006218,0.39515142728042946,-0.22269843773186243,0.46209275678480416,-0.2926353426930497,0.06723419413840731,-0.069851869026647,0.00026576540228234746,0.0001023771563405107,0.000292864634032608,8.503593454026181e-05,0.8575099494675159,-0.5152314032685716,113.22034576716143,-15.967394572946162,56.63822216263611,-8.037873370987,56.582149474765046,-7.929547849267564,56.61018581870058,-7.983710610127282,-2.5870239724667954e-05,2.66473084025165e-05,-20.268850614033784,-70.90913116677085,-70.31513296775474,0.0034153050687359544,0.010733938487797155,-0.09965175553801942
1.564,0.4615880762156308,-0.29242838625424183,0.39591569724536835,-0.2231438974025814,0.3959427176063223,-0.22316144468315668,0.46102755193795036,-0.29261475425400624,0.06537860665094525,-0.069368899211255,0.0002667519583632316,0.00010195764016981967,0.00029377231931720926,8.441035959455556e-05,0.8572370215026359,-0.5156742412969931,112.81801873575952,-15.795649229812069,56.43694144312727,-7.952021146591804,56.38110306575757,-7.84365483376385,56.40902225444242,-7.897837990177827,-2.5773125315708967e-05,2.6750543584697084e-05,-20.41607843463494,-70.88565555873359,-70.29526274352003,0.0033654948757341177,0.010724044577631233,-0.10016548807740833
1.5648,0.46052456999867747,-0.2924039667756877,0.39670655074879685,-0.22361197699690433,0.39673348818211607,-0.22362972978659804,0.4599621507564806,-0.29258927829954123,0.06352334091212258,-0.06887576914586328,0.00026774090443881793,0.00010153215677363714,0.0002946783377580364,8.37793670799003e-05,0.8569633798430355,-0.5161174759293656,112.41743055170868,-15.622828147673074,56.2365304110572,-7.86563047281976,56.18092581643505,-7.757224528155362,56.208728113746126,-7.811427500487561,-2.56757835757071e-05,2.6853302047769034e-05,-20.565506760189947,-70.8621808125164,-70.2754580152018,0.0033145009444710666,0.010713651124800147,-0.10068109362205746
1.5655999999999999,0.45946089760891773,-0.292374664817546,0.3974968594586567,-0.22408534101864958,0.39752370989366886,-0.22410329870489223,0.4588965827183844,-0.2925589085033943,0.06166845548748828,-0.06837246679869922,0.00026873222776055417,0.0001011006860454633,0.00029558266277274203,8.314299980283213e-05,0.8566890248398138,-0.5165611065222411,112.01857556740156,-15.448945634904394,56.03698625245019,-7.778708508656123,55.981614893175774,-7.670264081833906,56.00930057281298,-7.724486295245015,-2.5578224409628092e-05,2.695558563559075e-05,-20.717172112411557,-70.83870662009774,-70.25571817049548,0.003262332621365316,0.010702754975145891,-0.10119855979601766
1.5664,0.4583970886255357,-0.2923404742523408,0.3982865941770799,-0.22456399501832872,0.3983133535302688,-0.22458215692518313,0.4578308774413873,-0.29252363876147874,0.05981400917978713,-0.06785898053515384,0.00026972591547977376,0.00010066320799620443,0.0002964852686686559,8.250130114176302e-05,0.8564139568871358,-0.5170051324786656,111.62144809461587,-15.274015851422828,55.838306132976015,-7.6912623389710575,55.78316744209765,-7.582780569847998,55.81073678753683,-7.637021454409528,-2.548045779349195e-05,2.705739622754777e-05,-20.87110964230959,-70.81523267384013,-70.2360425864032,0.003208999785163831,0.01069135297504917,-0.10171787405937494
1.5672000000000001,0.45733317276627805,-0.2923013891765322,0.3990757256099156,-0.2250479443701899,0.39910238978592094,-0.22506630975791228,0.45676506468097283,-0.29248346319431623,0.057960061025707166,-0.06733529912137312,0.00027072195464997173,0.00010021970275322922,0.00029738613065527497,8.185431503082707e-05,0.8561381764215438,-0.5174495532494753,111.22604240596631,-15.098052809858324,55.64048719867389,-7.603298975104508,55.58558058978604,-7.49478099348967,55.613033894229964,-7.549039984297089,-2.538249361805356e-05,2.715873585401596e-05,-21.027352734311297,-70.79175866651794,-70.21643062927534,0.0031545128480471147,0.010679441971258061,-0.10223902370711357
1.568,0.4562691798854467,-0.2922574039129511,0.39986422436802044,-0.22553719427107463,0.39989078926064825,-0.22555576233569063,0.4556991743283607,-0.2924383761494549,0.056106670292569355,-0.06680141172782035,0.0002717203322291084,9.977015055989691e-05,0.00029828522485689235,8.120208594392109e-05,0.8558616839212381,-0.5178943683345856,110.83235273632857,-14.921070376723591,55.44352657666269,-7.514825355450341,55.3888514440077,-7.406272280880017,55.416189010335195,-7.460548818165179,-2.5284341816700362e-05,2.725960676741579e-05,-21.185932546864503,-70.76828429133906,-70.19688165483858,0.0030988827565097262,0.010667018810743634,-0.1027619958683772
1.5688,0.45520513997184964,-0.2922085130132151,0.4006520609685615,-0.22603174973928652,0.40067852246180635,-0.22605051961218348,0.4546332364084427,-0.2923883722038676,0.05425389647496226,-0.06625730793280635,0.0002727210350809972,9.931453177475236e-05,0.000299182528325892,8.054465887777362e-05,0.85558447990533,-0.5183395772842763,110.440373284236,-14.743082273581058,55.24742137583732,-7.425848346039089,55.19297709441092,-7.317261287553237,55.22019923512412,-7.371554816796163,-2.5186012237554678e-05,2.736001126812937e-05,-21.34687748025298,-70.74480924199536,-70.17739500820488,0.0030421209920566752,0.01065408034053243,-0.10328677750595716
1.5695999999999999,0.45414108314671237,-0.29215471126012793,0.4014392058363331,-0.22653161561347163,0.40146555980540916,-0.2265505863610065,0.45356728107767996,-0.2923334461663336,0.052401799291325046,-0.0657029777259917,0.0002737240499781912,9.885282687030483e-05,0.0003000780190542396,7.98820793354027e-05,0.8553065649330673,-0.5187851797004698,110.05009821325028,-14.56410207820819,55.052168687552275,-7.33637474111967,54.997954613212826,-7.227754797040319,55.025061650382554,-7.2820647690799944,-2.5087514828214807e-05,2.7459951798647353e-05,-21.51021256108828,-70.72133321267447,-70.15797002391844,0.002984239571706027,0.01064062340752931,-0.10381335541487147
1.5704,0.4530770396615451,-0.2920959936700575,0.40222562930508593,-0.2270367965515119,0.4022518716174686,-0.22705596717463564,0.45250133862195663,-0.2922735930797988,0.0505504386804736,-0.06513841151185437,0.00027472936360287137,9.838501643247288e-05,0.00030097167598558405,7.921439330876856e-05,0.855027939603028,-0.5192311752380019,109.66152165330523,-14.384143225759464,54.85776558629156,-7.24641126373966,54.803781055873024,-7.137759521450846,54.83077332108229,-7.192085392595253,-2.498885935153794e-05,2.7559431041268567e-05,-21.67595873153598,-70.6978558981205,-70.13860602598331,0.0029252510482706898,0.010626644858361477,-0.10434171622165422
1.5712000000000002,0.45201303989597097,-0.29203235549529527,0.4030113016188681,-0.22754729702943052,0.4030374281353464,-0.22756666646332904,0.45143543945439374,-0.292208808223716,0.04869987479807511,-0.06456360011312584,0.0002757369625494832,9.791108115958513e-05,0.00030186347902774746,7.854164726109336e-05,0.8547486045522896,-0.5196775636058855,109.27463770202516,-14.203219009925872,54.664209130326185,-7.155964566324215,54.61045346175473,-7.047282102053359,54.63733129604046,-7.101623334188787,-2.4890055755122376e-05,2.765845170138448e-05,-21.844132029777956,-70.67437699364918,-70.1193023278748,0.002865168510459845,0.010612141539195504,-0.104871846383503
1.572,0.4509491143555108,-0.29196379222639457,0.40379619293338087,-0.22806312134031084,0.4038221995091176,-0.22808268845406252,0.4503696141131216,-0.29213908711636494,0.04685016801306699,-0.06397853477419307,0.00027674683332629124,9.743100186104803e-05,0.0003027534090629669,7.786388810934741e-05,0.8544685604555655,-0.5201243445685664,108.88944042601732,-14.021342584091121,54.47149636235839,-7.065041231253133,54.417968854772624,-6.956329109854664,54.4447326085655,-7.010685170553899,-2.4791113688138466e-05,2.7757016676233093e-05,-22.014742646512442,-70.65089619519622,-70.1000582326016,0.002804005582744069,0.010597110295567858,-0.10540373218654508
1.5728,0.4498852936693267,-0.291890299594487,0.4045802733173456,-0.2285842735932283,0.4046061558029482,-0.22860403718947836,0.4493038932590099,-0.2920644255171494,0.04500137890402142,-0.06338320716446486,0.0002777589623571275,9.69447594562356e-05,0.00030364144795971826,7.718116320618029e-05,0.8541878080243152,-0.5205715179471715,108.50592386213897,-13.838526962484368,54.279624310153594,-6.9736477714364185,54.226324244028476,-6.864907046176995,54.252974277091035,-6.919277408806707,-2.4692043098184513e-05,2.785512904601717e-05,-22.187793840454283,-70.62741319935705,-70.08087303272069,0.0027417764250477253,0.010581547972199973,-0.10593735974507013
1.5735999999999999,0.44882160858792663,-0.2918118735735769,0.4053635127538821,-0.22911075771219439,0.4053892669964821,-0.22913071652684663,0.4482383076733599,-0.2919848194288719,0.04315356825546118,-0.06277760938170389,0.00027877333598338994,9.645233497360128e-05,0.0003045275785833468,7.649352032135237e-05,0.8539063480058253,-0.5210190836207449,108.12408201874072,-13.654785021329811,54.08858998716006,-6.881790630888119,54.03551662443431,-6.773022343233592,54.062053305797185,-6.8274064870608555,-2.459285364864172e-05,2.795279189982125e-05,-22.363280693841677,-70.60392770341639,-70.06174601037937,0.002678495732189547,0.010565451412815254,-0.1064727150002227
1.5744,0.4477580899808256,-0.2917285103828128,0.4061458811419015,-0.229642577435115,0.4061715029862424,-0.2296627301370411,0.4471728882555539,-0.29190026509998585,0.04130679705411783,-0.06216173395532126,0.0002797899404654025,9.595370954959548e-05,0.0003054117848063087,7.580100762347164e-05,0.8536241811822617,-0.5214670415274774,107.74390887688439,-13.470129499992257,53.898390393116216,-6.789476185298142,53.845542977323205,-6.680681364702778,53.87196668521971,-6.73507877500046,-2.4493555031313008e-05,2.8050008662461323e-05,-22.541188686920304,-70.58043940539703,-70.04267643735659,0.0026141787331465595,0.010548817459981097,-0.10700978371818337
1.5752000000000002,0.4466947688341688,-0.2916402064887349,0.4069273482975076,-0.23017973631276142,0.4069528335870417,-0.23020008150352697,0.446107666020666,-0.2918107590268223,0.039461126485142745,-0.0615355738496344,0.00028080876198438576,9.544886442647282e-05,0.00030629405151846867,7.510367366092563e-05,0.853341308369692,-0.5219153916659228,107.36539839153774,-13.284573002119062,53.70902251464627,-6.696710742602178,53.65640027104853,-6.587890406299607,53.6827113928474,-6.642300574450893,-2.439415706589898e-05,2.8146782723226238e-05,-22.721492068316994,-70.55694800410103,-70.0236635750999,0.0025488411900680243,0.010531642954891188,-0.10754855148914544
1.576,0.44563167624831224,-0.29154695860749796,0.4077078839554134,-0.2307222377077551,0.40773322853340666,-0.23074277392136466,0.44504267209703124,-0.291716297955793,0.03761661792826171,-0.060899122467085606,0.0002818297866439001,9.493778095231997e-05,0.00030717436463711945,7.440156734273007e-05,0.8530577304170819,-0.5223641340962053,106.98854449274528,-13.098127996777748,53.5204833258438,-6.603500543549615,53.468085461570865,-6.494655696345859,53.49428439370733,-6.549078119947737,-2.4294669387359136e-05,2.8243117725423872e-05,-22.904151996228144,-70.53345319914344,-70.00470667476127,0.002482499397101067,0.010513924737213277,-0.10808900372558128
1.5768,0.44456884343536285,-0.29144876370706946,0.4084874577703681,-0.23127008479356712,0.40851265748101284,-0.23129081049622613,0.4439779377237753,-0.2916168788855672,0.035773332953878606,-0.060252373651421706,0.0002828530004714003,9.442044057839105e-05,0.0003080527111161413,7.369473791934977e-05,0.8527734482052596,-0.5228132689412149,106.61334108677528,-12.910806819589402,53.332769788843564,-6.509851762268966,53.28059549303328,-6.400983396337779,53.30668264093842,-6.455417579303372,-2.4195101559598697e-05,2.833901734256017e-05,-23.08911442356044,-70.50995469100758,-69.98580497724757,0.002415170178975877,0.01049565964488685,-0.10863112566033806
1.5776,0.4435063017166806,-0.2913456190094006,0.409266039318594,-0.23182328055352952,0.4092910900081296,-0.23184419414342516,0.4429134942483061,-0.291512499069222,0.03393133331913156,-0.05959532169083395,0.00028387838941942856,9.38968248585248e-05,0.00030892907895502253,7.298323496288117e-05,0.8524884626458551,-0.5232627963877886,106.2397820572451,-12.722621673857885,53.14587885438252,-6.415770506831734,53.09392729832578,-6.306879601511696,53.11990307635415,-6.361325054171715,-2.4095463203366307e-05,2.8434485544792665e-05,-23.276307698763567,-70.48645218108932,-69.9669577132698,0.002346870889381278,0.01047684451393428,-0.10917490234535876
1.5784,0.44244408252033945,-0.2912375219925712,0.4100435980992376,-0.23238182777986274,0.4100684956170773,-0.23240292758696293,0.4418493731237633,-0.29140315601636596,0.03209068096389392,-0.05892796132105574,0.0002849059393682518,9.336691544745146e-05,0.0003098034572079078,7.226710834729033e-05,0.8522027746802089,-0.5237127166878814,105.86786126622287,-12.53358463169411,52.95980746234904,-6.321262819813086,52.90807779963775,-6.212350341407316,52.9339426309934,-6.266806580610201,-2.3995763925199753e-05,2.8529526291620755e-05,-23.465639853344406,-70.46294537171109,-69.94816410338242,0.002277619409105555,0.010457476178296992,-0.10972031864923792
1.5792000000000002,0.4413822173785493,-0.2911244703929078,0.41082010353582804,-0.2329457290727154,0.410844843735695,-0.23296701335858613,0.4407856059064322,-0.2912888474952348,0.03025143800672922,-0.05825028772842053,0.00028593563612511197,9.283069409890543e-05,0.0003106758359920636,7.154640822815139e-05,0.8519163852782523,-0.5241630301597221,105.49757255530805,-12.34370763513618,52.77455254232136,-6.226334678851117,52.72304390899982,-6.117401580428847,52.74879822566059,-6.171868129639982,-2.3896013132684857e-05,2.8624143784128364e-05,-23.656995547296454,-70.43943396622966,-69.92942335803232,0.002207434143965621,0.010437551469621536,-0.1102673592558574
1.58,0.44032073792503884,-0.29100646220707144,0.41159552497775015,-0.23351498683921945,0.41162010371881813,-0.23353645379686142,0.4397222242531157,-0.2911695715347585,0.028413666740793125,-0.05756229655287452,0.00028696746542758444,9.228814266451502e-05,0.0003115462064955665,7.082118502252377e-05,0.8516292954373614,-0.5246137371889553,105.12890974668933,-12.153002497264053,52.590111014095115,-6.130991997202827,52.53882252881456,-6.022039218403464,52.56446677145484,-6.076515607803145,-2.3796220347094277e-05,2.8718342237610273e-05,-23.85023264538575,-70.41591766902246,-69.91073467761879,0.002136334022485903,0.010417067217101507,-0.11081600866202734
1.5808,0.43925967589239784,-0.290883495694118,0.4123698317017265,-0.23408960329256012,0.4123942448497679,-0.23411125104626374,0.43865925991846855,-0.29104532642659836,0.02657742962968601,-0.05686398389094624,0.00028800141294391124,9.173924309199832e-05,0.00031241456098535236,7.009148938838528e-05,0.8513415061811804,-0.5250648382297701,104.76186664418125,-11.961480903309342,52.406479788199945,-6.035240624297984,52.355410552376306,-5.926269091137513,52.38094517028813,-5.9807548577177485,-2.3696395004435544e-05,2.8812126155131068e-05,-24.04517840100064,-70.3923961855623,-69.89209725253743,0.002064338493378953,0.010396020247292474,-0.11136625117521248
1.5816,0.4381990631093837,-0.290755569377528,0.4131429929133099,-0.2346695804510591,0.41316723634185,-0.23469140705627886,0.4375967447522955,-0.2909161107271554,0.024742789303259655,-0.05615534629867272,0.0002890374642740834,9.11839774235812e-05,0.00031328089281415505,6.935737220381544e-05,0.8510530185584195,-0.5255163338060107,104.39643703424024,-11.76915441176033,52.22365576640592,-5.939086346290381,52.17280486438085,-5.830096970970075,52.19823031539339,-5.884591658630228,-2.359654654071619e-05,2.8905500126796824e-05,-24.241625230868383,-70.36886922246816,-69.87351026324619,0.0019914675227660225,0.010374407383909566,-0.11191807091157102
1.5824,0.43713893149818744,-0.2906226820472062,0.41391497774838654,-0.2352549201372733,0.41393904733986325,-0.2352769235805219,0.43653471069680855,-0.2907819232595462,0.0229098085533731,-0.0554363807944786,0.00029007560495108997,9.062232779427637e-05,0.00031414519642780636,6.861888454570697e-05,0.8507638336416229,-0.5259682245122739,104.03261468695942,-11.576034455461278,52.04163584221931,-5.842534886606245,51.99100234142425,-5.7335285673238445,52.01631909182178,-5.788031726965045,-2.349668413614836e-05,2.899846881199153e-05,-24.439326074316476,-70.34533648755121,-69.85497288031542,0.001917741591193464,0.010352225447673186,-0.11247145179345353
1.5832000000000002,0.4360793130716633,-0.29048483276145,0.4146857552746891,-0.23584562397710845,0.41470964692161816,-0.23586780217586925,0.4354731897838496,-0.290642763115549,0.02107855032960282,-0.05470708486201063,0.0002911158204423059,9.00542764298573e-05,0.0003150074673713976,6.787607766908788e-05,0.85047395252591,-0.5264205110149883,103.67039335704334,-11.382132342706802,51.860416901368566,-5.745591906490276,51.80999985249194,-5.636569527253599,51.835208376930254,-5.691080716871937,-2.3396817169896167e-05,2.9091037072603854e-05,-24.6379893460579,-70.32179768985846,-69.8364842644954,0.001843181690375468,0.010329471256120045,-0.11302637754693023
1.584,0.4350202399305202,-0.29034202084888433,0.41545529449332,-0.23644169339894686,0.4154790040994659,-0.236464044201607,0.43441221413207415,-0.2904986296575153,0.019249077734904196,-0.05396745645292288,0.00029215809615004695,8.947980564552593e-05,0.00031586770229596883,6.712900298538882e-05,0.8501833763276901,-0.5268731940534768,103.30976678476235,-11.18745925833024,51.679995822279835,-5.648263005548486,51.62979425943733,-5.539225435991639,51.654895040858584,-5.593744220770063,-2.3296954822171756e-05,2.918320988598566e-05,-24.837273513052956,-70.29825253973159,-69.8180435667671,0.0017678093197556475,0.010306141623425736,-0.11358283169923311
1.5848,0.4339617442604742,-0.29019424591036597,0.41622356434028585,-0.2370431296327919,0.4162470878218366,-0.2370656508185946,0.4333518159440979,-0.2903495225202512,0.017421454021224803,-0.05321749398961534,0.00029320241741276343,8.889889784396976e-05,0.0003167258989635324,6.637771204126564e-05,0.8498921061833472,-0.5273262744410019,102.95072869688688,-10.992026264786709,51.50036947654276,-5.550553722288626,51.45038241745043,-5.441501817490547,51.47537594699659,-5.4960277698895865,-2.3197106301608983e-05,2.927499246396792e-05,-25.03678135533444,-70.27470074885242,-69.7996499284245,0.0016916464827774762,0.010282233360265807,-0.1141407975762263
1.5856,0.4329038583293677,-0.2900415078208528,0.41699053368803835,-0.23764993370942553,0.41701386697478604,-0.23767262298844263,0.4322920275036094,-0.29019544161286215,0.015595742585076344,-0.0524571963679234,0.0002942487695052898,8.831153551319693e-05,0.0003175820562529852,6.56222564961173e-05,0.8496001432479008,-0.5277797530657915,102.59327280760344,-10.795844303230474,51.321534729366746,-5.4524695346572685,51.27176117551737,-5.343404134963137,51.29664795244206,-5.397936834810203,-2.3097280674733156e-05,2.936638993134011e-05,-25.23605400933701,-70.25114203031411,-69.78130248113176,0.0016147156829618725,0.010257743273595918,-0.11470025829942188
1.5864,0.4318466144842495,-0.289883806731239,0.41775617134702797,-0.2382621064595831,0.417779310383552,-0.23828496147270734,0.4312328811724441,-0.290036387120565,0.013772006963056832,-0.05168656295975678,0.00029529713764067655,8.771770122514844e-05,0.00031843617416468795,6.486268810090845e-05,0.8493074886936368,-0.5282336308920472,102.23739281941022,-10.598924194586262,51.14348844002752,-5.354015860574393,51.09392737686965,-5.244937791419616,51.118707908448584,-5.299476825997004,-2.2997486951226165e-05,2.9457407746846798e-05,-25.434564941691775,-70.22757609864155,-69.76300034699898,0.0015370399197127905,0.010232668166532155,-0.1152611967831092
1.5872000000000002,0.43079004514842073,-0.2897211430701554,0.4185204460672642,-0.23887964851314175,0.41854338681411973,-0.2389026668320995,0.43017440938762547,-0.28987235950646467,0.01195031082733114,-0.050905593615689415,0.00029634750696985734,8.711737763353322e-05,0.00031928825382540604,6.409905867577059e-05,0.849014143708715,-0.5286879089609307,101.88308242399494,-10.401276640615025,50.966227462304644,-5.2551980584648845,50.91687785942449,-5.146108130201583,50.941552660864566,-5.200653094333234,-2.2897734197613318e-05,2.9548051442063183e-05,-25.631714062694776,-70.20400266987544,-69.74474263864634,0.0014586426839047542,0.010207004838204345,-0.11582359573156964
1.588,0.42973418281844344,-0.28955351754573483,0.41928332653988687,-0.2395025602983258,0.41930606497479556,-0.23952573942570984,0.4291166446583687,-0.28970335951329435,0.010130717981064852,-0.05011428866749676,0.0002973998625830365,8.651054747180198e-05,0.0003201382974917233,6.333142008774217e-05,0.8487201094957473,-0.5291425883915324,101.53033530309362,-10.20291222497341,50.78974864490931,-5.156021427786698,50.74060945621564,-5.046920435513343,50.76517905056247,-5.10147093165002,-2.279803132410052e-05,2.963832663027688e-05,-25.826822262005372,-70.18042146160688,-69.72652845929817,0.0013795479532252586,0.010180750083553495,-0.11638743763535331
1.5888,0.42867906006111495,-0.2893809311473394,0.42004478139874496,-0.24013084204092747,0.4200673135177905,-0.24015417941025052,0.42805961956305105,-0.28952938816511925,0.008313292353815283,-0.04931264893064034,0.00029845418950918967,8.589719355142633e-05,0.0003209863085547049,6.255982422839756e-05,0.8484253872703508,-0.5295976703818184,101.1791451293312,-10.003841414267058,50.61404883190335,-5.056491209556555,50.565118995815,-4.947379932949673,50.58958391385917,-5.001935571253114,-2.2698387141417697e-05,2.972823916991274e-05,-26.019126733466607,-70.15683219305893,-69.70835690283593,0.001299780187262334,0.010153900693244797,-0.11695270476906217
1.5896,0.42762470951040826,-0.28920338514725186,0.42080477922198534,-0.2407644937635427,0.4208271010408093,-0.24078798673931126,0.4270033667461482,-0.2893504467690032,0.006498097996880919,-0.04850067570670054,0.0002995104727180342,8.527729875992818e-05,0.0003218322915420069,6.17843229913928e-05,0.8481299782596755,-0.5300531562095545,100.82950556704468,-9.804074559097991,50.439124863109434,-4.956612586871714,50.39040330274565,-4.847491790021223,50.41476408292755,-4.9020521884464685,-2.2598810417662207e-05,2.9817794946040976e-05,-26.207777548053855,-70.13323458510192,-69.69022705390928,0.001219364322362271,0.010126453453480433,-0.11751937918680255
1.5904,0.42657116386437693,-0.28902088110232904,0.42156328853364805,-0.24140351528482348,0.42158539608865075,-0.24142716116263255,0.42594791891513595,-0.2891665369166371,0.0046851990786070385,-0.04767837078575504,0.00030056869711914125,8.465084605852047e-05,0.00032267625212184514,6.100496824948398e-05,0.8478338837009058,-0.530509047233211,100.48141027308826,-9.60362189510562,50.26497357451247,-4.856390685429503,50.21645919788584,-4.747261116676071,50.24071638619915,-4.801825901052787,-2.2499310048829102e-05,2.990699995386592e-05,-26.391836027668955,-70.10962836034717,-69.67213798799224,0.0011383257662516432,0.010098405145918326,-0.11808744271982619
1.5912000000000002,0.4255184558820284,-0.2888334208556165,0.42232027780527154,-0.24204790621874536,0.4223421671548132,-0.24207170222539368,0.42489330883736154,-0.2889776604859292,0.0028746598796526024,-0.04684573644870332,0.0003016288475625739,8.401781848049739e-05,0.0003235181971042722,6.022181183221176e-05,0.8475371048397373,-0.5309653448928424,100.13485289762201,-9.402493544001643,50.091591798652175,-4.755830574042989,50.04328349886429,-4.646692965819128,50.06743764875823,-4.701261769931058,-2.2399894447744373e-05,2.9995860472809e-05,-26.570275557795597,-70.08601324319196,-69.65408877149716,0.001056690392398499,0.010069752547500322,-0.11865687697184057
1.592,0.42446661838016214,-0.28864100653792335,0.4230757154575047,-0.24269766597389192,0.4230973826831095,-0.24272160926751837,0.4238395693368785,-0.28878381964255495,0.0010665447882132195,-0.046002775469534005,0.0003026909088394425,8.337819912906941e-05,0.0003243581344442026,5.943490550258668e-05,0.8472396429288274,-0.5314220507109443,99.7898270848827,-9.200699514598094,49.91897636500775,-4.6549372651539045,49.870873020447334,-4.545792333826981,49.89492469272754,-4.600364799490443,-2.230057238250538e-05,3.0084382791173425e-05,-26.741985539444467,-70.0623889598695,-69.63607846183906,0.0009744845341299906,0.010040492430380528,-0.11922766331645107
1.5928,0.42341568423017506,-0.2884436405693582,0.42382956986172876,-0.24335279375275506,0.4238510110692892,-0.24337688142299588,0.42278673329125166,-0.28858501684146753,-0.0007390817047956133,-0.04514949111753738,0.0003037548656814604,8.273197117508735e-05,0.00032519607324191235,5.8644300934274085e-05,0.8469414992262223,-0.5318791662932882,99.44632647393799,-8.998249703829241,49.74712410037328,-4.553715715341696,49.699224574916926,-4.444564161060896,49.723174337645105,-4.499139938201296,-2.2201352223305548e-05,3.0172573350029097e-05,-26.905779201319056,-70.03875523852443,-69.61810610755431,0.0008917349785275935,0.010010621561803537,-0.11979978289227233
1.5936,0.4223656863548374,-0.28824132566082367,0.42458180934168405,-0.24401328855105128,0.4246030206626671,-0.24403751761921835,0.42173483362833075,-0.2883812548283673,-0.0025421550105914903,-0.04428588715946066,0.00030482070276183215,8.207911785534927e-05,0.0003260320237448433,5.785004968827945e-05,0.8466426749937597,-0.5323366933297302,99.10434469942521,-8.795153897766973,49.57603182922608,-4.452170825829995,49.5283349724416,-4.3430133323756195,49.55218340083384,-4.397592079102807,-2.2102242468236e-05,3.0260438641960263e-05,-27.060405949118348,-70.01511180924697,-69.6001707483787,0.0008084689600554817,0.009980136703986509,-0.12037321659957456
1.5944,0.4213166577250342,-0.2880340648154701,0.42533240217510593,-0.24467914915705422,0.42535337976775983,-0.24470351657633463,0.4206839033229922,-0.2881725366411306,-0.004342610447419681,-0.04341196786160595,0.0003058884046940602,8.141962247043555e-05,0.000326865997347936,5.705220319005e-05,0.8463431714954461,-0.5327946335949948,98.76387539227301,-8.591421772629596,49.405696374086304,-4.350307442989589,49.35820102143819,-4.241144677625428,49.38194869776225,-4.2957260603075085,-2.200325148749016e-05,3.0347985420675627e-05,-27.204568796644352,-69.99145840416392,-69.58227141535298,0.0007247141539412713,0.009949034614080199,-0.1209479450962192
1.5952000000000002,0.42026863135647874,-0.28782186133010706,0.4260813165953674,-0.24535037415094355,0.42610205664592793,-0.2453748768066202,0.4196339753938521,-0.28795886561119555,-0.006140383245482245,-0.04252773799186943,0.00030695795603305487,8.075346838254394e-05,0.0003276980065935742,5.625081270591026e-05,0.8460429899958131,-0.5332529889494332,98.4249121804079,-8.38706289578401,49.236114555868944,-4.248130358837713,49.188819528926466,-4.138962972166851,49.212467042397705,-4.193546665502282,-2.190438750915291e-05,3.043522055357073e-05,-27.33694718248842,-69.96779475746673,-69.56440713093242,0.000640498669339915,0.009917312044079866,-0.12152394879302619
1.596,0.41922164030639286,-0.28760471879657207,0.4268285207931286,-0.24602696190417064,0.42684901951702636,-0.24605159661386433,0.41858508289994706,-0.2877402453649052,-0.007935408551907525,-0.04163320282172116,0.00030802934127402426,8.00806390134079e-05,0.00032852806517177924,5.5445929319747345e-05,0.8457421317582474,-0.5337117613397562,98.08744868944491,-8.182086726741113,49.067283194227954,-4.145644311534355,49.02018730087565,-4.036472937357686,49.0437352475518,-4.0910586244460205,-2.180565869025486e-05,3.052215092758104e-05,-27.456225115713213,-69.94412060549601,-69.54657690908019,0.0005558510422151061,0.009884965740724642,-0.12210120784985179
1.5968,0.4181757176701585,-0.28738264110305656,0.42757398291799437,-0.24670891057884126,0.4275942365610605,-0.24673367409277389,0.4175372589373872,-0.2875166798248082,-0.009727621435754591,-0.04072836812812482,0.000309102544852613,7.940111784215942e-05,0.00032935618791871124,5.463760390950201e-05,0.8454405980433003,-0.53417095279974,97.7514785433627,-7.976502618144437,48.89919910789282,-4.042853985875055,48.85230114254307,-3.933679241052957,48.87575012521795,-3.988266613464006,-2.1707073202037463e-05,3.060878357530328e-05,-27.56112412036574,-69.9204356867914,-69.5287797553961,0.0004708002280075439,0.009851992445514357,-0.12267970217104107
1.5976,0.4171308965779415,-0.28715563243538716,0.42831767108017593,-0.24739621812711327,0.42833767591984795,-0.24742110712839288,0.41649053663598107,-0.2872881732109151,-0.011516956893050656,-0.03981324019539806,0.00031017755114418066,7.871488840377472e-05,0.0003301823908162249,5.3825887124159255e-05,0.8451383901069731,-0.5346305654509043,97.4169953651644,-7.770319816752322,48.73185911499776,-3.939764013780291,48.68515785880568,-3.8305864980977873,48.70850848690172,-3.885175255939039,-2.160863904521193e-05,3.0695125755819674e-05,-27.65043989206808,-69.89673974215833,-69.51101466720769,0.00038537559403984496,0.009818388894631973,-0.12325941140059626
1.5984,0.41608721019128503,-0.28692369727826367,0.4290595533521612,-0.2480888822906128,0.42907930569868685,-0.2481138933955395,0.4154449491558313,-0.28705473004190907,-0.013303349851865875,-0.038887825817010224,0.00031125434446402367,7.802193428602111e-05,0.00033100669098967694,5.30108293593512e-05,0.8448355091989821,-0.5350906015031625,97.08399277752324,-7.563547464412946,48.565260033403376,-3.8363789747815673,48.51875425448398,-3.7271992708161434,48.54200714394368,-3.7817891227988554,-2.151036412101348e-05,3.078118476462777e-05,-27.723080998295234,-69.87303251471826,-69.49328063370318,0.0002996069116792432,0.00978415181892957,-0.12384031491791347
1.5992000000000002,0.41504469169967684,-0.2866868404164502,0.4297995977703897,-0.2487869005998655,0.4298190939680297,-0.24881203035825936,0.4144005296839048,-0.2868163551363135,-0.015086735177418875,-0.03795213229731942,0.0003123329090660154,7.732223912856884e-05,0.0003318291067060386,5.21924807347085e-05,0.8445319565610006,-0.5355510632554443,96.75246440341385,-7.356194599032825,48.39939868101146,-3.732703396503922,48.35308713465878,-3.6235220694969144,48.37624290783512,-3.678112733000418,-2.1412256387520756e-05,3.086696801180011e-05,-27.778107430585493,-69.84931374998399,-69.47557663604081,0.00021352434826572012,0.009749277943945115,-0.12442239183266679
1.6,0.41400337431708806,-0.28644506693592253,0.43053777233693424,-0.24949027037374583,0.4305570087651627,-0.2495155152692962,0.4133573114305749,-0.286573053613612,-0.016867047677216973,-0.037006167453246266,0.0003134132291423286,7.66157866199102e-05,0.0003326496573707871,5.1370891069574265e-05,0.8442277334248799,-0.5360119530962882,96.4224038667294,-7.148270155538264,48.23427187607217,-3.6287417551450716,48.18815330498069,-3.5195593528762714,48.21121259052643,-3.5741505540106715,-2.1314323461751883e-05,3.09524830788277e-05,-27.814766449787705,-69.82558319591918,-69.45790164748749,0.0001271584587823492,0.009713763989869163,-0.12500562097980605
1.6008,0.4129632912784853,-0.28619838222496685,0.43127404502118877,-0.2501989887189433,0.43129301809589127,-0.2502243451695796,0.4123153276261371,-0.28632483089532274,-0.01864422210622882,-0.03604993961588335,0.00031449528882282474,7.59025604960828e-05,0.00033346836352535214,5.054610985980035e-05,0.8439228410108511,-0.5364732735044062,96.09380479288443,-6.9397829668297035,48.0698764374848,-3.5244984759509492,48.02394957197268,-3.415315528616304,48.04691300472874,-3.4699070022836267,-2.1216573045990117e-05,3.103773754986605e-05,-27.83252304804284,-69.80184060299283,-69.44025463353032,4.054017729671469e-05,0.00967760667161939,-0.12558998091472517
1.6016,0.4119244758363187,-0.28594679197523376,0.4320083837615601,-0.25091305252944457,0.4320270899362293,-0.25093851688772867,0.4112746115173012,-0.2860716927060258,-0.020418193172084736,-0.03508345763204315,0.00031557907217413805,7.518254453803275e-05,0.00033428524684334104,4.971818625396085e-05,0.8436172805257046,-0.5369350270492165,95.76666080940448,-6.730741764729635,47.90620918509134,-3.4199779336881164,47.86047274332583,-3.3107949537808423,47.883340964208585,-3.3653864437344794,-2.1119012686199312e-05,3.112273932348586e-05,-27.83108254860375,-69.77808572424858,-69.42263455201338,-4.6299191852703475e-05,0.00964080269884577,-0.126175449907862
1.6024,0.41088696125698254,-0.2856903021827426,0.43274075646716653,-0.2516324584860333,0.43275919223409454,-0.2516580270395737,0.41023519636365785,-0.2858136450743429,-0.02218889554031034,-0.03410673086573929,0.0003166645631983711,7.445572257039346e-05,0.00033510033012634777,4.888716902995416e-05,0.8433110531609508,-0.5373972163913462,95.44096554650181,-6.521155180923106,47.743266939963654,-3.3151844531121384,47.69771962818814,-3.2060019353071425,47.7204932840759,-3.2605931942096404,-2.102164998518674e-05,3.120749617480101e-05,-27.810403391208677,-69.75431831537318,-69.40504035327501,-0.0001333279831059607,0.00960334877604747,-0.12676200593946874
1.6032000000000002,0.40985078081725457,-0.2854289191488404,0.43347113101954055,-0.25235720305580633,0.4334892929110071,-0.2523828720276938,0.4091971154341221,-0.28555069433386965,-0.023956263839585462,-0.03311976919960494,0.0003177517458329837,7.372207845837697e-05,0.0003359136372994842,4.805310657088335e-05,0.8430041600909621,-0.5378598442831051,95.1167126376386,-6.311031747891736,47.58104652468367,-3.2101223094331743,47.5356870374471,-3.1009407304747754,47.55836678106539,-3.155531519953975,-2.0924492176277454e-05,3.129201621376865e-05,-27.77069895780507,-69.73053813474367,-69.38747098028668,-0.00022051417896310556,0.009565241602552952,-0.12734962669415495
1.604,0.4088159678007082,-0.28516264948110887,0.43419947527433617,-0.25308728249170814,0.434217359863794,-0.25311304804097295,0.4081604020033532,-0.28528284712405827,-0.02572023266703438,-0.03212258303624302,0.00031884060394860025,7.298159610710786e-05,0.0003367251934064397,4.721604684229663e-05,0.8426966024710958,-0.5383229135689241,94.79389572007638,-6.100379899840228,47.41954476361774,-3.1047957287772903,47.374371784005206,-2.9956155473704342,47.39695827381148,-3.0502056380738622,-2.082754657806163e-05,3.1376307496167044e-05,-27.71242827274793,-69.70674494351157,-69.3699253687904,-0.000307825419521839,0.009526477872754341,-0.12793828955523168
1.6048,0.40778255549410364,-0.2848915000942248,0.43492575706304293,-0.25382269283208136,0.43494336096629777,-0.25384855105417237,0.4071250893481506,-0.2850101103910511,-0.02748073659354322,-0.0311151832995111,0.0003199311213491207,7.223425945865336e-05,0.0003375350246039299,4.637603736765139e-05,0.8423883814357975,-0.5387864271857649,94.47250843541282,-5.889207973616052,47.258758483183755,-2.9992088886448443,47.21377068304952,-2.8900305453494752,47.236264583116636,-2.9446197169971597,-2.0730820452286025e-05,3.1460378267844646e-05,-27.63627641631757,-69.68293850563948,-69.35240244745016,-0.00039522901224251135,0.009487054276097136,-0.12852797159922602
1.6056,0.4067505771837568,-0.2846154782107695,0.4356499441947013,-0.2545634299002346,0.43566726407108813,-0.25458937682751964,0.406091210743832,-0.28473249138846624,-0.029237710169100345,-0.030097581435740733,0.00032102328176900063,7.14800524908854e-05,0.00033834315815581273,4.553312520585995e-05,0.8420794980966891,-0.5392503881634949,94.15254443010666,-5.6775242096224146,47.09868451211295,-2.8933659183651343,47.05388055231451,-2.784189835494189,47.07628253221373,-2.8387778769296617,-2.0634320804902018e-05,3.1544236908764844e-05,-27.543126367850853,-69.65911858799791,-69.33490113799597,-0.0004826919419559498,0.009446967497351152,-0.12911864958994101
1.6064,0.4057200661518863,-0.2843345913619882,0.4363720044576248,-0.25530948930402814,0.436389037011178,-0.25533552090631595,0.4050587994605868,-0.2844499976781301,-0.030991087928164823,-0.02906978941488711,0.0003221170688731956,7.071895921487159e-05,0.0003391496224263435,4.468735692705894e-05,0.841769953540638,-0.5397147996252312,93.83399735598974,-5.465336752723716,46.93931968170496,-2.7872708995473943,46.894698212339385,-2.678097481068164,46.91700894702217,-2.732684190307779,-2.0538054599228417e-05,3.162789184241177e-05,-27.43402462112595,-69.63528496039973,-69.31742035538815,-0.00057018088109682,0.009406214216661853,-0.12971029997251549
1.6072000000000002,0.40469105567294145,-0.28404884738849895,0.4370919056211242,-0.25606086643547543,0.43710864760174284,-0.25608697862055935,0.4040278887598129,-0.28416263713076223,-0.03274080439505636,-0.0280318197316132,0.0003232124662549962,6.995096367362619e-05,0.0003399544468735971,4.3838778589683214e-05,0.8414597488278108,-0.5401796647876479,93.51686087076732,-5.252653653144441,46.78066082607736,-2.6809278665285206,46.73622048671879,-2.5717574979675675,46.75844065639808,-2.626342682248044,-2.0442028841216597e-05,3.17113516468126e-05,-27.310143220525195,-69.61143739567943,-69.29995900796482,-0.0006576622001828342,0.009364791109821267,-0.1303028988673134
1.608,0.40366357900990746,-0.2837582544409504,0.43780961543723634,-0.25681755647036275,0.43782606364184384,-0.2568437450845863,0.4029985118904309,-0.28387041792660733,-0.034486794089370915,-0.02698368540630433,0.0003243094574345573,6.91760499402505e-05,0.0003407576620420294,4.2987435716707045e-05,0.8411488849897093,-0.5406449869612534,93.20112863850643,-5.039482867360807,46.62270478240881,-2.574340806817233,46.57844420234774,-2.4651738551684446,46.60057449237827,-2.5197573309928387,-2.0346250110492292e-05,3.179462487068463e-05,-27.172740846448274,-69.58757566975574,-69.282515997606,-0.0007451019785263649,0.009322694848440661,-0.13089642206418262
1.6088,0.40263766941059403,-0.2834628209806263,0.4385251016424578,-0.25757955436788726,0.43854125291615403,-0.2576058151967302,0.40197070208518215,-0.2835733485560153,-0.036228991531417815,-0.025925399986012065,0.00032540802585781514,6.83942021159345e-05,0.0003415592995540673,4.2133373273023356e-05,0.840837363027194,-0.5411107695506295,92.88679433011244,-4.825832258984999,46.465448391176835,-2.4675136615343547,46.4213661896608,-2.3583504751711075,46.44340729041882,-2.412932068352731,-2.0250725199844055e-05,3.187772046331361e-05,-27.023125283176235,-69.56369956168322,-69.26509021991077,-0.0008324660151659805,0.009279922100204101,-0.13149084501546326
1.6096,0.40161336010390486,-0.2831625557800003,0.4392383319594787,-0.2583468548703096,0.4392541831966874,-0.25837318363899664,0.4009444925569083,-0.2832714378199707,-0.037967331247676483,-0.024856977545332393,0.0003265081548939064,6.760540432868001e-05,0.00034235939210264243,4.127663564168493e-05,0.8405251839084896,-0.5415770160546387,92.57385162379457,-4.611709599643095,46.308888496389756,-2.3604503258500813,46.26498328286546,-2.251291234440174,46.28693588962761,-2.3058707801451277,-2.0155460646265055e-05,3.1960647160822475e-05,-26.862619118862924,-69.53980885373623,-69.24768056434664,-0.000919719840036283,0.009236469529137436,-0.13208614283055908
1.6104,0.4005906842960896,-0.2828574679232362,0.43994927409892304,-0.2591194525026268,0.43996482224452993,-0.2591458448767562,0.399919916494814,-0.28296469483056835,-0.039701747776274665,-0.023778432687210777,0.00032760982783433534,6.6809640730775e-05,0.00034315797344125487,4.0417266601394664e-05,0.8402123485671782,-0.5420437300665938,92.26229420552005,-4.397122569845311,46.15302194581302,-2.2531546494171977,46.10929232016987,-2.1439999638421057,46.13115713299145,-2.1985773066296517,-2.0060462844639915e-05,3.2043413992433045e-05,-26.69252995449787,-69.51590333145273,-69.23028591444925,-0.0010068287253654927,0.009192333795888808,-0.13268229026840572
1.6112000000000002,0.3995696751669807,-0.2825475668066357,0.44065789576108894,-0.25989734157225935,0.44067313781157386,-0.2599237931584542,0.39889700706071474,-0.2826531290114374,-0.04143217567248367,-0.02268978054367976,0.00032871302789053147,6.600689549829397e-05,0.0003439550783754519,3.9555309303440644e-05,0.8398988579001792,-0.5425109152743933,91.95211576945754,-4.1820787598497455,45.9978455911904,-2.1456304368013406,45.95429014400533,-2.036480449078425,45.97606786759786,-2.091055442939883,-1.9965738189853255e-05,3.2126030020229734e-05,-26.51412582623323,-69.49198278370656,-69.2129051479811,-0.0010937576972892531,0.009147511558068897,-0.13327926173170113
1.612,0.39855036586621245,-0.28223286213903304,0.44136416463769323,-0.2606805161687581,0.44137909764225447,-0.2607070225153382,0.3978757973852679,-0.28233675009811016,-0.043158549514233674,-0.021591036776523437,0.0003298177381916845,6.519715282865546e-05,0.00034475074275289175,3.8690806248492526e-05,0.8395847127657141,-0.5429785754606198,91.64331001840944,-3.966585670518632,45.84335628845935,-2.0378814479072958,45.799973601243025,-1.928736431115695,45.821664944851186,-1.9833089395114953,-1.987129293468115e-05,3.2208504358699486e-05,-26.328616040246313,-69.46804700278076,-69.19553713711838,-0.0011804715477019242,0.009101999470573816,-0.13387703126002748
1.6128,0.397532789509426,-0.2819133639421346,0.4420680484136192,-0.261468970163528,0.44208266947528824,-0.26149552676120336,0.39685632056418974,-0.28201556813833917,-0.044880803907645844,-0.02048221757787122,0.0003309239417836063,6.43803969399559e-05,0.0003455450034526575,3.782379926459134e-05,0.8392699139812616,-0.5434467145026025,91.33587066423367,-3.7506507141676315,45.689550897961375,-1.9299113984017424,45.64633954340542,-1.8207716066122543,45.66794522068339,-1.8753415025069984,-1.9777133118736856e-05,3.229084636524604e-05,-26.13713722038822,-69.44409578440373,-69.17818074864586,-0.0012669348463155094,0.009055794186000473,-0.13447557252268894
1.6136,0.39651697917446116,-0.28158908255080584,0.4427695147686643,-0.26226269720956835,0.4427838210454133,-0.26228929949215274,0.39583860965446066,-0.2816895934923587,-0.04659887349257788,-0.019363339670721735,0.0003320316216257613,6.355661206866592e-05,0.0003463378983747656,3.695432948425115e-05,0.8389544623214997,-0.5439153363724428,91.02979142825538,-3.5342812154084244,45.536426284647284,-1.8217239601328288,45.49338482687289,-1.7125896283408792,45.51490555576009,-1.767156794236854,-1.968326479584448e-05,3.23730652835863e-05,-25.940744089620242,-69.42012892783796,-69.16083484414229,-0.0013531119529368665,0.009008892355021482,-0.13507485881234516
1.6144,0.39550296789753425,-0.28126002861330146,0.4434685313792913,-0.26306169074123104,0.443482520085131,-0.26308833408637744,0.39482269767051553,-0.28135883683309243,-0.04831269294818627,-0.018234420309392707,0.0003331407605895176,6.272578246871441e-05,0.0003471294664292024,3.6082437322282335e-05,0.838638358516236,-0.5443844451370011,90.72506604166836,-3.3174844119838904,45.38397931827735,-1.71332276154601,45.34110631308481,-1.6041941056085136,45.36254281568108,-1.6587584335772618,-1.958969380666531e-05,3.245517063321657e-05,-25.74040434055949,-69.39614623592922,-69.14349828016829,-0.0014389670299786756,0.00896129062685639,-0.13567486303765008
1.6152000000000002,0.3944907886694043,-0.28092621309144294,0.4441650659203811,-0.26386594397399527,0.444178734326449,-0.2638926237039521,0.3938086175804253,-0.28102330914630685,-0.050022196998500246,-0.01709547727990121,0.0003342513414555104,6.188789241040604e-05,0.0003479197475234619,3.5208162453531644e-05,0.8383216032483298,-0.5448540449578485,90.4216882459265,-3.1002674555967675,45.232206873616576,-1.6047113880964616,45.18950086873588,-1.4955886046722924,45.21085387117623,-1.550149996384377,-1.949642594922807e-05,3.253717198647976e-05,-25.536996880282132,-69.37214751517668,-69.12616990848488,-0.0015244640551579011,0.008912985649756412,-0.13627555771645916
1.616,0.3934804744315284,-0.2805876472607387,0.4448590860669865,-0.2646754499042608,0.44487243150262556,-0.26470216128664864,0.392796402302065,-0.28068302173070786,-0.05172732041800934,-0.01594652890026857,0.00033536334691217085,6.104292617853391e-05,0.00034870878255124915,3.4331543790649954e-05,0.8380041971516027,-0.545324140091178,90.11965179312554,-2.882637412730806,45.08110583062488,-1.4958933826578829,45.0385653659675,-1.3867766491518552,45.05983559829619,-1.441335015904869,-1.940346683682037e-05,3.26190789321501e-05,-25.331312736645955,-69.3481325757759,-69.10884857623584,-0.0016095668344213293,0.00886397407146216,-0.13687691496863863
1.6168,0.3924720580722041,-0.28024434271044923,0.4455505594960887,-0.26549020130915796,0.44556357934991575,-0.26551693955776706,0.3917860846992731,-0.2803379861979836,-0.05342799803726361,-0.014787594020753914,0.00033647675955195133,6.019086807174112e-05,0.00034949661337901894,3.345261946263722e-05,0.8376861408087408,-0.5457947348876789,89.81895044637476,-2.6646012654652282,44.93067307464272,-1.3868722459277905,44.88829668255416,-1.2777617204386047,44.90948487859844,-1.3323169831831976,-1.9310822125362392e-05,3.2700901166915486e-05,-25.124057964462803,-69.32410123171177,-69.09153312617507,-0.001694239015080846,0.008814252539792431,-0.13747890650853378
1.6176,0.391465572422706,-0.27989631134359605,0.4462394538883532,-0.26631019074637496,0.44625214560931664,-0.26633695102198324,0.3907776975780022,-0.27998821447279065,-0.05512416474848081,-0.01361869202401425,0.0003375915618702152,5.933170240143837e-05,0.0003502832828336522,3.257142679316538e-05,0.8373674347491891,-0.5462658337923725,89.5195779801601,-2.4461659122821917,44.78090549657203,-1.2776514368296432,44.738691702085134,-1.1685472581010572,44.75979859932858,-1.2230993474653502,-1.9218497072870377e-05,3.278264850870016e-05,-24.91585796952016,-69.30005330078463,-69.07422239685957,-0.0017784440991411212,0.00876381770325031,-0.13808150363817617
1.6184,0.39046105025341094,-0.27954356537691516,0.4469257369298877,-0.2671354105540023,0.4469380980283143,-0.26716218796521374,0.3897712736824616,-0.2796337187926842,-0.05681575551116472,-0.012439842825191672,0.0003387077362613511,5.846541349027734e-05,0.00035106883468796757,3.168800227881796e-05,0.8370480794470373,-0.5467374413444077,89.22152818069728,-2.227338168867395,44.63179999305244,-1.1682343729110443,44.5897473141419,-1.0591366602871943,44.61077365359717,-1.1136855165991193,-1.9126497065258263e-05,3.2864330843374034e-05,-24.707262760728597,-69.27598860470621,-69.05691522288956,-0.001862145456838051,0.008712666211556086,-0.1386846772395245
1.6192000000000002,0.3894585242699182,-0.2791861173407527,0.44760937631399994,-0.26796585285039404,0.44762140436263004,-0.26799264245449733,0.38876684569125286,-0.27927451170799245,-0.058502705357729445,-0.011251066871926896,0.000339825265017607,5.7591985671540114e-05,0.000351853313647732,3.080238156821791e-05,0.8367280753189006,-0.5472095621768183,88.9247948462767,-2.008124768903792,44.483353466633346,-1.058624430739016,44.44146041447057,-0.9495332841229498,44.46240694055196,-1.004078857430983,-1.9034827218433747e-05,3.294595817360246e-05,-24.498752734154223,-69.2519069691213,-69.03961043510284,-0.0019453063403725406,0.008660794716399807,-0.1392883977673307
1.62,0.38845802710916055,-0.2788239800789043,0.4482903397429568,-0.2688015095340474,0.4483020323779681,-0.268828306337895,0.3877644462134991,-0.2789106060816338,-0.06018494939913263,-0.010052385144297848,0.00034094413032509374,5.671140328852853e-05,0.0003526367653363949,2.9914599440961087e-05,0.8364074227217922,-0.5476822010162403,88.62937178759859,-1.7885323648581903,44.33556282594118,-0.9488249462912108,44.29382790515008,-0.8397404461075126,44.31469536554563,-0.8942826961993617,-1.8943492676726237e-05,3.3027540533137056e-05,-24.29074468003996,-69.2278082236985,-69.02230686081948,-0.002027889897840609,0.008608199872080186,-0.13989263524138096
1.6208,0.3874595913355098,-0.2784571667483975,0.4489685949297436,-0.26964237228349924,0.44897994985176237,-0.2696691712444059,0.3867641077849679,-0.2785420150888774,-0.06186242283051416,-0.008843819154684851,0.00034206431426156425,5.5823650693259674e-05,0.00035341923628032235,2.902468978660533e-05,0.8360861219509919,-0.54815536268259,88.33525282810001,-1.5685675287611294,44.188424985842346,-0.8388392153440947,44.146846694755894,-0.7297614225050921,44.16763584029912,-0.7843003189245934,-1.885249822919377e-05,3.310908805742585e-05,-24.083597781049832,-69.20369220217766,-69.00500332406749,-0.0021098591873579013,0.008554878336222512,-0.1404973592391059
1.6216,0.38646324943688026,-0.2780856908192159,0.4496441095998228,-0.27048843255723926,0.4496551245749228,-0.27051522858390054,0.3857658628641924,-0.27816875221704696,-0.0635350609368365,-0.007625390947561539,0.0003431857987939435,5.492871224616058e-05,0.00035420077389392013,2.813268558488069e-05,0.8357641732379092,-0.5486290520887014,88.04243180427322,-1.3482367529799024,44.041936867602516,-0.728670493857706,44.00051369851948,-0.6195994497332009,44.021225283061,-0.6741349717954535,-1.8761848778581225e-05,3.3190611004485504e-05,-23.877619435179405,-69.17955874241754,-68.98769864580277,-0.0021911771913622146,0.008500826770637234,-0.14110253888810576
1.6224,0.3854690338208247,-0.27770956607396735,0.450316851492893,-0.2713396815936401,0.45032752435358137,-0.271366469547071,0.38476974382858736,-0.27779083126516707,-0.06520279909853119,-0.006397123099211671,0.00034430856577447044,5.402657231531882e-05,0.0003549814264628415,2.7238618884400934e-05,0.8354415767479432,-0.5491032742399228,87.75090256597575,-1.1275464509848185,43.896095399041016,-0.6183219983567199,43.854825838483706,-0.5092577247476839,43.87546061876236,-0.5637898615522019,-1.8671548971838092e-05,3.327211958525922e-05,-23.67307078995506,-69.1554076864779,-68.97039164417262,-0.0022718068311258772,0.008446041842039839,-0.14170814285833444
1.6232,0.38447697681063175,-0.27732880660749326,0.45098678836464723,-0.27219611041090525,0.4509971170108369,-0.2722228851053974,0.3837757829705642,-0.2774082663435529,-0.06686557279714408,-0.005159038717371778,0.00034543259693894934,5.311721527592739e-05,0.00035576124312861057,2.634252078376198e-05,0.83511833257834,-0.5495780342336744,87.4606589767324,-0.9065029581087432,43.750897514681775,-0.5077969063085135,43.709780043653986,-0.3987394054244504,43.73033877916788,-0.45326815586648195,-1.858160335643788e-05,3.335362422074439e-05,-23.47017191655574,-69.1312388806469,-68.9530811347341,-0.0023517109814056316,0.008390520222971133,-0.14231413935445403
1.624,0.3834871106414162,-0.27694342682641976,0.4516538879885313,-0.2730577098070341,0.4516638703885005,-0.2730844660111332,0.3827840124936421,-0.27702107187334063,-0.06852331762098676,-0.003911161440796562,0.0003465578739024755,5.220062550997939e-05,0.00035654027387166387,2.544442141089176e-05,0.834794440756045,-0.5500533372589638,87.17169491402865,-0.6851125322994155,43.60634015589976,-0.39709835649735226,43.56537325014526,-0.28804761093734044,43.58585670302251,-0.34257298371734635,-1.8492016366167263e-05,3.343513527720443e-05,-23.269106584686646,-69.1070521755279,-68.93576593070848,-0.0024308524853245525,0.008334258592677099,-0.1429204961082462
1.6248,0.38249946745621405,-0.27655344144865207,0.45231811815750084,-0.2739244703598031,0.4523277523488372,-0.27395120279730445,0.3817944645085628,-0.27662926258596215,-0.07017596927078057,-0.0026535154387533344,0.0003476843781574368,5.1276787405712954e-05,0.0003573185694938086,2.454434990437071e-05,0.8344699012355574,-0.5505291885958609,86.88400426959716,-0.46338135486571125,43.46242027106409,-0.28622944939583306,43.42160240132537,-0.17718542213322053,43.44201133619473,-0.2317074357645268,-1.8402792306915217e-05,3.351666334233672e-05,-23.070026622965564,-69.08284742606963,-68.91844484324024,-0.002509194169376028,0.00827725363806585,-0.14352718037102363
1.6256,0.3815140793020733,-0.2761588655028091,0.4529794466857774,-0.2747963824267651,0.4529887307763088,-0.274823085777729,0.3808071710294018,-0.27623285352256105,-0.07182346356530553,-0.0013861254104380327,0.00034881209107007205,5.034568535794426e-05,0.0003580961816014583,2.3642334394002873e-05,0.8341447138967807,-0.5510055936149322,86.59758094969564,-0.24131553121656557,43.31913481567678,-0.17519324753217802,43.278464447954136,-0.06615588190331323,43.298799631815456,-0.12067456471774562,-1.83139352714079e-05,3.3598218925678935e-05,-22.873055866765945,-69.05862449162677,-68.9011166816332,-0.0025866988586375626,0.008219502054716638,-0.14413415890552983
1.6264,0.38053097812614745,-0.2757597143276014,0.45363784141060376,-0.2756734361452645,0.45364677357931393,-0.27570010504704984,0.37982216396968366,-0.2758318600333501,-0.07346573644704327,-0.00010901658431855532,0.00034994099387677946,4.9407303767012856e-05,0.0003588731625869812,2.2738401981692302e-05,0.8338188785428744,-0.5514825577766329,86.31241887537762,-0.018921091593614738,43.176480752507985,-0.06399277585511243,43.135956348319056,0.045038004448798574,43.15621855041352,-0.009477385703156926,-1.8225449423425744e-05,3.36798126991146e-05,-22.67829370730578,-69.03438323603002,-68.88378025362607,-0.0026633293921249435,0.00816100054785808,-0.14474139797897578
1.6272,0.379550195771793,-0.2753560035711492,0.45429327019399646,-0.2765556214324695,0.4543018486919256,-0.2765822504807856,0.37883947513850086,-0.27542629777691247,-0.07510272398781406,0.0011777852825967106,0.0003510710676814799,4.8461627039697586e-05,0.00035964956561063133,2.1832578723568474e-05,0.833492394898108,-0.5519600866306583,86.02851198275619,0.20379600820278404,43.0344550517278,0.047368977905492216,42.994075068366996,0.15639326884192428,43.01426506004739,0.10188112337370825,-1.8137338599899522e-05,3.376145536754249e-05,-22.48581826348078,-69.01012352762149,-68.86643436564644,-0.002739048638313751,0.008101745833525612,-0.14534886335434294
1.6280000000000001,0.37857176397466613,-0.27494774919024284,0.4549457009244995,-0.2774429279854223,0.45495392407562857,-0.2774695117353999,0.37785913623663187,-0.2750161827194432,-0.07673436239441503,0.0024742539055680746,0.0003522022934526192,4.750863958899454e-05,0.0003604254445816746,2.0924889611390052e-05,0.8331652626057131,-0.5524381858152542,85.74585422325954,0.42682988609462624,42.89305469103395,0.15888906288063254,42.852817581832184,0.26790698005629565,42.87293613643307,0.2133980214684641,-1.8049606595127443e-05,3.384315769805468e-05,-22.295689202534458,-68.9858452393017,-68.84907782308015,-0.0028138195108243346,0.008041734639665048,-0.14595652028347672
1.6288,0.37759571435882755,-0.27453496744954486,0.45559510151893245,-0.27833534528110376,0.45560296772105285,-0.2783618782483829,0.3768811788526698,-0.2746015311339334,-0.07836058801424395,0.0037803624730042007,0.000353334652018672,4.654832583378399e-05,0.000361200854139071,2.001535855469805e-05,0.8328374812257413,-0.5529168610564825,85.46443956388053,0.6501747330131362,42.75227665577656,0.27056456470769774,42.712180870361,0.37957624337494167,42.73222876306878,0.3250704040413197,-1.796225703287746e-05,3.3924930496809225e-05,-22.107950237963735,-68.96154824861146,-68.83170943054473,-0.0028876049842528565,0.007980963707315181,-0.14656433349910003
1.6296,0.37662207843284917,-0.2741176749207325,0.4562414399241404,-0.27923286257651786,0.4562489476497064,-0.2792593392383543,0.3759056344591503,-0.2741823595992959,-0.07998133734092369,0.005096083647421867,0.0003544681240664205,4.55806701998851e-05,0.00036197584963243434,1.9104008363468594e-05,0.8325090502329231,-0.5533961181674503,85.18426198741817,0.8738248121930842,42.61211793907884,0.3823926051793194,42.57216192363279,0.49139820022904246,42.59213993135582,0.4368954027041809,-1.787529346586325e-05,3.4006784722317995e-05,-21.92263133371851,-68.93723243774038,-68.8143279921506,-0.0029603681101503,0.007919429791830903,-0.14717226720733834
1.6304,0.37565088758592907,-0.27369588848158255,0.45688468411873895,-0.2801354689087897,0.4568918319157042,-0.28016188370517897,0.37493253440869173,-0.2737586849994336,-0.08159654701991118,0.006421389566476254,0.0003556026901360698,4.460565712016695e-05,0.00036275048710129876,1.819086073090448e-05,0.8321799690145321,-0.5538759630474924,84.90531549271331,1.0977744584728704,42.47257554195497,0.4943703418955323,42.43275773947759,0.603370027846097,42.452666640716274,0.5488701848708146,-1.7788719233635675e-05,3.408873124111089e-05,-21.739750643287472,-68.91289769361349,-68.79693231179742,-0.0030320720331455456,0.00785712966418347,-0.14778028507993213
1.6312,0.37468217308401364,-0.2732696253149975,0.45752480211485735,-0.28104315309528144,0.4575315886074938,-0.2810695004300998,0.3739619099301394,-0.27333052452224893,-0.08320615385409905,0.007756251844067419,0.0003567383306188887,4.362327103490937e-05,0.00036352482325535673,1.7275936216532006e-05,0.8318502368682521,-0.5543564016813138,84.6275940948772,1.322018077601326,42.33364647342445,0.6064949679187492,42.29396532399042,0.7154889389014585,42.313805898707436,0.6609919534101039,-1.770253767574559e-05,3.417078111822569e-05,-21.55931621103948,-68.88854390791467,-68.7795211934421,-0.003102680007215364,0.007794060112283936,-0.14838835024696095
1.6320000000000001,0.37371596606592533,-0.27283890290797236,0.45816176195988056,-0.2819559037337259,0.4581681858495806,-0.28198217797588876,0.37299379212471867,-0.27289789565859496,-0.08481009480940857,0.009100641571523682,0.0003578750257532959,4.2633496392691095e-05,0.00036429891545333715,1.6359254229880715e-05,0.8315198530000525,-0.554837440138091,84.3510918255132,1.546550145551332,42.195327750622944,0.7187637114327003,42.155781691642034,0.8277521811732385,42.175554721132485,0.7732579463029694,-1.7616751776472483e-05,3.4252945393165035e-05,-21.381327461507308,-68.86417097714444,-68.76209344139353,-0.003172155412070413,0.00773021794236641,-0.14899642528905588
1.6328,0.37275229753950384,-0.2724037390505043,0.45879553173818594,-0.2828737092023735,0.4588015918042465,-0.2828999046870102,0.3720282119622002,-0.2724608162011695,-0.0864083070203642,0.010454529318854933,0.00035901275562152946,4.16363176510004e-05,0.0003650728216821053,1.544083301424637e-05,0.8311888165220683,-0.5553190845705287,84.07580273293298,1.771365207839056,42.05761639891062,0.8311738354037743,42.01820386538703,0.9401570372001515,42.03791013214882,0.8856654363019629,-1.7531364662204396e-05,3.4335235130189545e-05,-21.205776500361843,-68.83977880266318,-68.74464786059728,-0.003240461769688044,0.0076655999804233965,-0.14960447223029405
1.6336,0.37179119837775293,-0.27196415183444234,0.45942607957287984,-0.2837965576601591,0.4594317746732689,-0.2838226686898047,0.37106520027707174,-0.27201930424335086,-0.08800072779566206,0.01181788513608531,0.0003601515001460942,4.063171927706777e-05,0.00036584660053512463,1.4520689631453143e-05,0.8308571264504868,-0.5558013412138785,83.80172088236542,1.9964578788503888,41.92050945197656,0.9437226372460401,41.88122887676795,1.0527008239427715,41.90086916437225,0.9982117305944058,-1.744637908984714e-05,3.441766157719073e-05,-21.03264924877585,-68.81536729073763,-68.72718325692972,-0.0033075627609581142,0.007600203073695173,-0.15021245253080906
1.6344,0.3708326993150021,-0.27152015965227955,0.4600533736275286,-0.28472443704688283,0.46005870269963306,-0.28475045789268594,0.3701047877647251,-0.27157337817797467,-0.08958729462371723,0.013190678554657276,0.00036129123908626437,3.96196857491149e-05,0.0003666203111907518,1.3598839946005192e-05,0.8305247817034445,-0.5562842163849115,83.52884035616017,2.22182284117323,41.78400395194089,1.056407448489452,41.744853766017116,1.1653808924479563,41.764428858979,1.110894170468704,-1.736179783051739e-05,3.450023582196593e-05,-20.86192643082814,-68.79093635258364,-68.70969843749232,-0.0033734222424552343,0.007534024092222849,-0.15082032707957183
1.6352,0.36987683094307916,-0.2710717811958873,0.4606773821078867,-0.2856573350834065,0.4606823441692419,-0.2856832599863533,0.3691470049776546,-0.27112305669605513,-0.09116794517819743,0.014572878588908683,0.0003624319520346697,3.860020155732613e-05,0.00036739401338986566,1.2675298610514973e-05,0.8301917810989312,-0.5567677164808511,83.25715525398516,2.4474548449358857,41.64809694945352,1.1692256344506546,41.609075582155064,1.2781946275159726,41.62858626580429,1.2237101309833136,-1.727762341374728e-05,3.458296925851201e-05,-20.693584431609704,-68.76648590440651,-68.6921922109158,-0.003438004263317131,0.007467059930418852,-0.15142805618717148
1.6360000000000001,0.3689236237074947,-0.27061903545519006,0.4612980732636233,-0.2865952392718692,0.4613026674126234,-0.2866210624440227,0.3681918823216675,-0.27066835878544615,-0.09274261732354225,0.015964453737627837,0.00036357361841357627,3.757325120481991e-05,0.0003681677674136352,1.1750079051298101e-05,0.8298581233527044,-0.557251847978264,82.98665969301736,2.6733487071524027,41.5127855037899,1.2821745939077118,41.47389138308577,1.3911394473715575,41.493338443437835,1.3366570206396347,-1.719385831222553e-05,3.46658731333882e-05,-20.5275960418143,-68.7420158674472,-68.67466338765672,-0.003501273082239672,0.0073993075087377,-0.15203559957899415
1.6368,0.3679731079036438,-0.27016194171678354,0.4619154153900417,-0.2875381368959149,0.4619196408066305,-0.2875638525216703,0.3672394500521121,-0.27020930372944707,-0.09431124912045818,0.017365371985677308,0.0003647162174714169,3.6538819209480655e-05,0.0003689416340602325,1.0823193454051472e-05,0.8295238070762141,-0.5577366174319079,82.71734780812912,2.8994993110733107,41.37806668294441,1.3952517587772064,41.33929823568958,1.504212803337353,41.358682459316995,1.4497322810572797,-1.711050487074317e-05,3.474895875132944e-05,-20.363931102849836,-68.71752616801929,-68.65711078031448,-0.0035631931845662794,0.007330763775381588,-0.15264291638845862
1.6376,0.3670253136730203,-0.2697005195624942,0.462529376829798,-0.2884860150209395,0.4625332327761408,-0.2885116172582943,0.3662897382701187,-0.2697459111053496,-0.09587377883139991,0.018775600805694986,0.00036585972827946067,3.549689010509671e-05,0.0003697156746222119,9.894652750336297e-06,0.8291888307745389,-0.5582220314735389,82.44921375206788,3.1259016055431776,41.24393756372033,1.5084545937948945,41.20529321591276,1.6174121795107368,41.22461538981655,1.5629333866528157,-1.702756522092841e-05,3.4832237546300604e-05,-20.202557064901818,-68.69301673754333,-68.63953320392778,-0.003623729299491916,0.00726142570802147,-0.15324996514991085
1.6384,0.3660802709994485,-0.26923478886788094,0.463139925974614,-0.2894388604943518,0.4631434117957489,-0.28946434347619016,0.365342776918858,-0.26927820078292874,-0.09743014492602817,0.020195107159866138,0.0003670041297277604,3.444744844308123e-05,0.00037048995086269576,8.964466604727273e-06,0.8288531928443347,-0.5587080968106759,82.18225169563057,3.352550604363942,41.110395231817606,1.6217805961991871,41.071873408854344,1.7307350924438651,41.091134320335975,1.6762578443215261,-1.6945041380722614e-05,3.4915720889650004e-05,-20.043439468926984,-68.66848751259565,-68.62192947629472,-0.0036828464173342935,0.007191290315689782,-0.15385670379259864
1.6392,0.36513800970533344,-0.26876476980068037,0.46374703126698524,-0.2903966599458493,0.4637501463914549,-0.29042201778124216,0.36439859577981965,-0.2688061929228762,-0.09898028608664353,0.02162385750176743,0.00036814940052209977,3.339047879433177e-05,0.0003712645249917268,8.032643401489903e-06,0.8285168915717966,-0.5591948202253241,81.91645582783327,3.5794413856642198,40.97743678191783,1.735227295417701,40.939035908850784,1.8441790908262305,40.95823634538431,1.7897031931219658,-1.6862935339645446e-05,3.4999420288173155e-05,-19.88654236224386,-68.6439384349323,-68.60429841828523,-0.0037405098069156163,0.007120354640565356,-0.15446308963382194
1.6400000000000001,0.3641985594479263,-0.2682904828191936,0.4643506612018872,-0.29135939978771286,0.46435340514234913,-0.29138462656323133,0.3634572244691041,-0.26832990797517686,-0.10052414121360298,0.023061817778286864,0.00036929551918013503,3.2325965750840124e-05,0.00037203945964203733,7.099190232395802e-06,0.8281799251306334,-0.5596822085726574,81.65182035607448,3.806569091275205,40.84505931776616,1.8487922527568372,40.80677781955709,1.9577417551711136,40.82591856866162,1.9032670039639754,-1.6781248760366907e-05,3.5083347253994646e-05,-19.73182865621348,-68.61936945153153,-68.58663885416236,-0.0037966850330161915,0.007048615759929971,-0.15506907937330539
1.6408,0.3632619497156131,-0.26781194867061664,0.4649507843284732,-0.2923270662151127,0.46495315668229015,-0.2923521559961553,0.3625186924337403,-0.2678493666774298,-0.10206164943070498,0.024508953431610775,0.00037044246402795356,3.1253893927940535e-05,0.00037281481784487425,6.164112885259643e-06,0.8278422915800584,-0.5601702687796571,81.3883395062944,4.033928926111775,40.71325995225159,1.9624730610945562,40.67509625402616,2.0714206975040668,40.694178103138874,2.0169468792993115,-1.6699983348189562e-05,3.516751315224553e-05,-19.57926043346214,-68.5947805146241,-68.56894961189819,-0.0038513379739036555,0.006976070788175152,-0.15567462908646235
1.6416,0.36232820982422004,-0.26732918838931385,0.46554736925177104,-0.2932996452064337,0.4655493697015798,-0.2933245920385681,0.3615830289480184,-0.26736459005311214,-0.10359275009055618,0.025965229401287898,0.0003715902131964377,3.0174247966335832e-05,0.0003735906630051855,5.227415831948745e-06,0.8275039888627946,-0.5606590078437139,81.12600752312804,4.261516157560395,40.582035807483734,2.0762673445756263,40.543988334784906,2.1852135610549936,40.563012071134324,2.13074045281531,-1.661914060946401e-05,3.5251929775270696e-05,-19.42879921116997,-68.57017158172783,-68.55122952350109,-0.003904434838928078,0.006902716878797534,-0.15627969421919374
1.6424,0.3613973689133429,-0.26684222329503526,0.46614038463437263,-0.2942771225236138,0.46614201294863117,-0.2943019204339299,0.360650263109848,-0.2668755994097876,-0.10511738277990648,0.027430610126360416,0.000372738744618184,2.908701253420687e-05,0.0003743670588767234,4.289102218141272e-06,0.8271650148030973,-0.5611484328311833,80.86481867005438,4.4893261148722745,40.45138401486786,2.1901727583104105,40.41345119390836,2.299118019953255,40.43241760438811,2.2446453891318328,-1.6538721837378034e-05,3.533660860899346e-05,-19.280406166135204,-68.54554261566813,-68.5334774253404,-0.003955942186196334,0.006828551226519642,-0.15688422958220372
1.6432,0.3604694559426982,-0.26635107499107785,0.46672979919811786,-0.2952594837124966,0.46673105523163155,-0.29528412671097465,0.3597204238371378,-0.2663824163372594,-0.10663548732495667,0.028905059547567002,0.00037388803602333986,2.7992172329793785e-05,0.0003751440695370367,3.349173851752152e-06,0.8268253671047927,-0.5616385508759043,80.60476722954024,4.717354188562546,40.32130171517733,2.3041869880760544,40.2834819730912,2.4131317789253046,40.30239184413426,2.3586593835006795,-1.6458728282486845e-05,3.542156118729878e-05,-19.13404232660206,-68.52089358462192,-68.51569215847046,-0.004005826940289953,0.006753571069410828,-0.15748818934582687
1.6440000000000001,0.35954449968849556,-0.26585576536238936,0.4673155817257759,-0.2962467141032029,0.4673164654202013,-0.29627119618409253,0.3587935398641971,-0.2658850627056676,-0.1081470037966423,0.03038854110961925,0.00037503806493655034,2.6889712083949524e-05,0.00037592175936190797,2.4076311943010964e-06,0.8264850433493349,-0.5621293691776761,80.3458475031791,4.9455958298157405,40.19178605862351,2.4183077500210857,40.154077823716605,2.5272525729954367,40.172931941170056,2.472780161508261,-1.6379161010604548e-05,3.550679921815458e-05,-18.98966873520855,-68.49622446213537,-68.49787256896322,-0.004054056410043686,0.006677773691118205,-0.1580915270344576
1.6448,0.35862252873983846,-0.2653563165736195,0.467897701062718,-0.29723879881051246,0.46789821244704394,-0.2972631139537244,0.35786963973816543,-0.26538356066353247,-0.10965187251587899,0.031881017763542435,0.0003761888086735443,2.577961656244354e-05,0.0003767001929994851,1.4644733505042584e-06,0.8261440409938829,-0.5626208950006945,80.08805381182623,5.174046549896177,40.062834204923846,2.5325327903723434,40.02523590692339,2.641478167189419,40.044035055923615,2.587005478780881,-1.630002100228012e-05,3.5592334414857874e-05,-18.84724658685712,-68.47153522714956,-68.48001750824474,-0.004100598306362486,0.006601156423097772,-0.15869419552228692
1.6456,0.3577035714951462,-0.26485275106711315,0.46847612611858663,-0.2982357227342646,0.4684762653095939,-0.2982598649067742,0.356948751815464,-0.2648779326357419,-0.11115003405878518,0.03338245196909187,0.00037734024433744295,2.4661870569181454e-05,0.00037747943534474637,5.196980595589817e-07,0.8258023573693953,-0.563113135671947,79.83138049572824,5.4027019195650166,39.93444332336722,2.646859885145332,39.89695339367003,2.7558063562412514,39.915698358518625,2.701333120693292,-1.6221309010688856e-05,3.567817843297405e-05,-18.706737344822745,-68.44682586403037,-68.46212583342017,-0.004145420760099944,0.006523716646976746,-0.1592961470285843
1.6464,0.3567876561586043,-0.26434509156085056,0.4690508258689583,-0.299237470559771,0.4690505930716557,-0.2992614337170338,0.3560309042582753,-0.26436820132148575,-0.11264142926186721,0.03489280569723424,0.00037849234881578986,2.3536458948952843e-05,0.00037825955151318813,-4.266983137934943e-07,0.8254599896787469,-0.5636060985795706,79.57582191464887,5.631557568502386,39.80661059287733,2.7612868398570356,39.76922746479734,2.8702349643024547,39.78791902883734,2.815760902079745,-1.6143025803216915e-05,3.576434289609409e-05,-18.56810283799103,-68.42209636258212,-68.44419640761333,-0.004188492339938227,0.006445451796823583,-0.1598973331136051
1.6472,0.3558748107366426,-0.26383336104633304,0.4696217693569998,-0.30024402675824385,0.4696211648650372,-0.3002678048456206,0.3551161250310517,-0.263854389692137,-0.11412599922717132,0.03641204043269722,0.0003796450987767763,2.240336659037334e-05,0.00037904060681415164,-1.3747207864012179e-06,0.8251169349948657,-0.5640997911711673,79.32137244799054,5.860609184735152,39.67933320207413,2.8758114892415136,39.64205531108819,2.9847618446540167,39.660694256581166,2.930286666947765,-1.6065171791979083e-05,3.5850839621431874e-05,-18.43130534174576,-68.39734671807878,-68.42622810031115,-0.004229782070333082,0.006366359361678366,-0.16049770467449775
1.6480000000000001,0.35496506303443964,-0.26331758278641343,0.4701889256951191,-0.3012553755872396,0.4701879498911784,-0.3012789625414334,0.3542044418970486,-0.2633365209890773,-0.11560368532740467,0.037940117176591126,0.00038079847066585515,2.1262578428854484e-05,0.00037982266672517695,-2.324375764972686e-06,0.8247731902588928,-0.5645942209520818,79.06802649491095,6.08985251407089,39.55260834933286,2.9904316969686278,39.51543413332557,3.099384879421976,39.534021241329214,3.044908288195302,-1.5987747474355274e-05,3.5937680286757256e-05,-18.296307644701418,-68.37257693128572,-68.40821978768116,-0.0042692594494513954,0.006286436887963898,-0.161097211942149
1.6488,0.3540584406524584,-0.26279778031307555,0.47075226406661025,-0.30227150109111406,0.47075091742277053,-0.3022948908416176,0.35329588241489046,-0.26281461872147277,-0.11707442921101593,0.03947699644909167,0.00038195244070385326,2.011407945040622e-05,0.00038060579686410856,-3.2756710531545163e-06,0.8244287522783648,-0.56508939548364,78.81577847443663,6.319283359536491,39.42643324284118,3.105145355365167,39.389361142348505,3.214101979294682,39.407897192594845,3.1596236673299245,-1.591075306350831e-05,3.6024876641782555e-05,-18.163073103194453,-68.34778700844568,-68.39017035293749,-0.004306894467145582,0.006205681981999174,-0.161695804477489
1.6496,0.35315497098300996,-0.2622739774251574,0.47131175372729056,-0.30329238710149636,0.4713100368053722,-0.3033155735720485,0.35239047393516554,-0.26228870666399473,-0.11853817280724366,0.04102263829219638,0.0003831069848814206,1.8957854694745535e-05,0.0003813900629630329,-4.22861585741563e-06,0.8240836177254192,-0.5655853223813485,78.56462282557136,6.548897580823313,39.30080510065447,3.219950385139029,39.26383355910559,3.32891108324381,39.28231932988003,3.2744307341914194,-1.5834188701546736e-05,3.6112440474411756e-05,-18.031565685198405,-68.3229769613491,-68.37207868666164,-0.004342657622924119,0.006124092312649868,-0.16229343116904715
1.6503999999999999,0.35225468120685016,-0.26174619818602446,0.4718673640071329,-0.30431801723777246,0.47186527745901585,-0.3043409943478248,0.3514882435970512,-0.26175880885449015,-0.11999485833112367,0.042577002272541326,0.00038426207895797537,1.7793889259015705e-05,0.00038217553084093914,-5.183220793320009e-06,0.823737783135025,-0.566082009313056,78.31455400740147,6.778691093736914,39.17572115074884,3.3348447351058894,39.13884861470697,3.4438101582474303,39.15728488272791,3.38932744667666,-1.575805434583799e-05,3.6200383593865126e-05,-17.901750005114707,-68.29814680730074,-68.35394368714941,-0.004376519943939326,0.0060416656138827275,-0.16289004023016673
1.6512,0.35135759828980667,-0.2612144669211899,0.4724190643118903,-0.3053483749075856,0.4724166088798087,-0.30537113657377796,0.35058921832497264,-0.26122494959159975,-0.12144442828845983,0.04414004748428696,0.0003854176984577906,1.6622168301116957e-05,0.00038296226637621333,-6.13949789124435e-06,0.8233912449032391,-0.5665794639970766,78.06556649919665,7.008659869652748,39.05117863107249,3.4498263819187116,39.01440355047404,3.5587971990163254,39.032791090773266,3.5043117904675185,-1.5682349882695235e-05,3.628871771077513e-05,-17.773591350701928,-68.27329656915174,-68.33576426075857,-0.004408453002961366,0.005958399687482062,-0.16348557919729956
1.6520000000000001,0.3504637489794407,-0.26067880821588313,0.4729668241247132,-0.30638344330734846,0.47296400064152594,-0.3064059834449934,0.3496934248252944,-0.2606871534323264,-0.12288682548075197,0.045711732552066175,0.0003865738186667744,1.5442677044147368e-05,0.0003837503354795213,-7.097460600846706e-06,0.8230439992854872,-0.5670776942002758,77.81765480050781,7.238799934976859,38.92717478959525,3.564893329799844,38.89049561798758,3.6738702277224036,38.90883520379141,3.6193817787611238,-1.560707501369052e-05,3.63774546112694e-05,-17.647055703243694,-68.24842627531444,-68.31753932224488,-0.004438428936348956,0.005874292405766501,-0.1640799949278744
1.6528,0.34957315980174125,-0.26013924691256807,0.4735106130077611,-0.3074232054227711,0.47350742239719773,-0.3074455179473464,0.3488008895830451,-0.26014544518955196,-0.12432199301008623,0.047292015633998735,0.00038773041462977775,1.4255400779650262e-05,0.0003845398040663861,-8.057123795729426e-06,0.8226960423948726,-0.5675767077361187,77.5708134312605,7.4691073706122095,38.803706884356274,3.680043610275618,38.76712207913362,3.7890272937304843,38.78541448174495,3.734535452003051,-1.553222939776333e-05,3.6466606107232735e-05,-17.52210975191207,-68.22353595976642,-68.29926779510212,-0.004466420462006958,0.0057893417143907834,-0.16467323359987063
1.6536,0.34868585705785304,-0.25959580810840943,0.4740504006038071,-0.3084676440294018,0.4740468438806881,-0.30848972285805126,0.34791163885867615,-0.2595998499295042,-0.125749874283983,0.04888085442476972,0.0003888874611479576,1.3060324872138374e-05,0.0003853307380289328,-9.018503777352693e-06,0.8223473702005122,-0.5680765124626833,77.32503693184476,7.6995783114303675,38.68077218350949,3.795275281914229,38.6442802061476,3.9042664733321004,38.662526194828544,3.8497708776231647,-1.5457812324370934e-05,3.655618403808347e-05,-17.398720903159607,-68.19862566205208,-68.28094861191803,-0.004492400897316263,0.005703545635128572,-0.16526524070982873
1.6543999999999999,0.347801866820843,-0.25904851715269095,0.47458615663783366,-0.30951674169318044,0.47458223490826673,-0.3095385807462215,0.3470256986848586,-0.2590503929691761,-0.12717041302019935,0.05047820615876744,0.0003900449327756683,1.1857434763090646e-05,0.0003861232032087436,-9.981618277948856e-06,0.821997978525901,-0.5685771162806345,77.08031986320202,7.930208945747947,38.55836796536822,3.910586430065365,38.52196728165707,4.019585869482498,38.540167623512644,3.9650861497739314,-1.5383823267711705e-05,3.664620008425601e-05,-17.27685728586508,-68.17369542729531,-68.26258071470286,-0.004516344177042546,0.005616902268765362,-0.1658559610736745
1.6552,0.34692121493250067,-0.25849739964418306,0.47511785091862224,-0.3105704807710061,0.47511356538017296,-0.31059207397344535,0.34614309486331424,-0.2584970998736945,-0.12858355325149015,0.052084027613286926,0.00039120280381788053,1.0646715975337617e-05,0.00038691726536857485,-1.0946486463908611e-05,0.8216478630473051,-0.5690785271311645,76.83665680690822,8.160995514808766,38.436491518447326,4.025975166602834,38.40018059872219,4.134983611539795,38.41833605858476,4.080479389071314,-1.531026128986923e-05,3.6736666137571206e-05,-17.156487752862567,-68.14874530620011,-68.24416305524024,-0.004538224871211219,0.0055294097980129,-0.16644533882637802
1.6560000000000001,0.34604392700017744,-0.25794248142846277,0.47564545334033526,-0.31162884341131686,0.4756408052821726,-0.31165018469437233,0.34526385296168577,-0.25793999645364274,-0.12998923933032233,0.05369827511179184,0.0003923610483271833,9.428154117752108e-06,0.0003877129901645182,-1.191312893775165e-05,0.8212970192921856,-0.5695807529938973,76.59404236525359,8.39193431227071,38.315140141504145,4.141439629670003,38.278917460874936,4.250457855006815,38.29702880118954,4.195948742338409,-1.5237125495559667e-05,3.682759389178614e-05,-17.037581879402367,-68.12377535506046,-68.22569459542594,-0.004558018202933931,0.005441066490441223,-0.16703331742215255
1.6568,0.34517002839366334,-0.25738378859518446,0.4761689338840904,-0.3126918115546841,0.47616392468710633,-0.31271289485731246,0.3443879983104437,-0.2573791087623344,-0.13138741593354483,0.05532090452723887,0.0003935196401018415,8.201734889135004e-06,0.00038851044311780103,-1.2881567739209121e-05,0.8209454426376518,-0.5700838018847577,76.35247116131912,8.62302168369798,38.19431114357768,4.256977983427049,38.15817518215623,4.366006781275772,38.17624316286695,4.31149238235141,-1.5164414790547198e-05,3.6918995158785606e-05,-16.920109959019573,-68.0987856357473,-68.20717430761255,-0.004575700066199028,0.005351870701532437,-0.16761983963664306
1.6576,0.34429954424210224,-0.2568213474753042,0.476688262619527,-0.31375936693441947,0.4766828937564308,-0.3137801862048505,0.3435155559998323,-0.25681446309304007,-0.1327780280670116,0.056951871285462835,0.00039467855268304763,6.967444083433305e-06,0.0003893096895868642,-1.3851826347582863e-05,0.8205931283089463,-0.5705876818538071,76.11193783904996,8.854254026058552,38.07400184402599,4.37258841780158,38.03795108715183,4.481628597375163,38.05597646558891,4.427108507588372,-1.5092127867433192e-05,3.7010881808186014e-05,-16.804042997224048,-68.07377621571312,-68.18860117494403,-0.00459124704360071,0.00526182087761915,-0.1682048475675515
1.6583999999999999,0.34343249943094845,-0.25625518463825636,0.47720340970636516,-0.31483149107719255,0.4771976827417515,-0.31485204027446834,0.3426465508768575,-0.2562460859761697,-0.13416102107015535,0.058591130368617406,0.00039583775935231325,5.725267594569594e-06,0.0003901107947386351,-1.482392968121804e-05,0.8202400713779613,-0.5710924009830435,75.8724370633255,9.085627787226132,37.954209572562604,4.488269148241201,37.918242511026435,4.597321535719473,37.93622604179452,4.542795341980337,-1.5020263532505851e-05,3.710326545736109e-05,-16.689352703371,-68.04874716799374,-68.1699741917075,-0.00460463642401929,0.005170915559056444,-0.16878828263747891
1.6592,0.342568918598963,-0.25568532688908546,0.47771434539595625,-0.31590816530366383,0.4777082619863478,-0.31592843839918333,0.3417810075423121,-0.2556740041764078,-0.1355363406205145,0.06023863631867696,0.0003969972331296645,4.47519142093844e-06,0.0003909138235212162,-1.5797904098585613e-05,0.8198862667617897,-0.5715979673841702,75.63396352002674,9.317139465487513,37.83493166929068,4.604018415468545,37.79904679955624,4.713083853861008,37.81698923442346,4.658551134664776,-1.4948820179938593e-05,3.7196157959940024e-05,-16.57601148102327,-68.023698571193,-68.1512923636494,-0.004615846220210887,0.005079153383234207,-0.1693700855963982
1.6600000000000001,0.3417088261352521,-0.2551118012655311,0.4782210400328257,-0.3169893707291279,0.4782146019266886,-0.3170093617081951,0.3409189503478466,-0.2550982446898054,-0.13690393273820778,0.061894343240993244,0.0003981569467713386,3.21720167073547e-06,0.00039171884063421425,-1.6773777396450473e-05,0.8195317092213066,-0.5721043891963298,75.39651191610044,9.548785609054516,37.716165484736614,4.7198344852391045,37.680361309160034,4.828913834244474,37.69826339694832,4.7743741597417895,-1.4877796203904836e-05,3.728957093684926e-05,-16.463992417075588,-67.99863050947863,-68.13255470834382,-0.0046248551863672105,0.004986533087819149,-0.16995019652489418
1.6608,0.34085224617634724,-0.2545346350350697,0.47872346405620697,-0.31807508826417036,0.4787166730939415,-0.3180947911275475,0.3400604033930778,-0.25451883474082665,-0.1382637437903617,0.06355820480791077,0.00039931687276748007,1.9512845670921486e-06,0.00039252591050198404,-1.7751578810093482e-05,0.8191763933597869,-0.5726116745838071,75.16007697962038,9.780562815581087,37.597908379881346,4.835715648100859,37.56218340692891,4.944809783963976,37.58004589340513,4.890262716032417,-1.4807189870680304e-05,3.7383516252376126e-05,-16.353269269874055,-67.9735430725786,-68.11376025549134,-0.004631642835547801,0.004893053513833352,-0.17052855483854046
1.6616,0.33999920260332805,-0.2539538556919103,0.47922158800156917,-0.319165298615337,0.4792144461154726,-0.3191847073808012,0.33920539052274395,-0.25393580177935243,-0.13961572049548485,0.06523017426243771,0.0004004769833403088,6.774264531272944e-07,0.00039333509724376325,-1.873133901103552e-05,0.8188203136215568,-0.5731198317337005,74.92465345984574,10.012467731685238,37.48015772619072,4.951660219157233,37.44451047065432,5.060770034522463,37.46233409842252,5.006215126839848,-1.473699929022132e-05,3.747800554165792e-05,-16.24381645653324,-67.94843635576764,-68.09490804728642,-0.0046361894570675615,0.004798713608883502,-0.17110509929173645
1.6623999999999999,0.33914971903899055,-0.2533694909539494,0.4797153825021337,-0.3202599822858139,0.4797078917163374,-0.32027909098971624,0.3383539353239011,-0.2533491734776419,-0.14095980992778967,0.06691020442196943,0.00040163725044287113,-6.043862025850721e-07,0.00039414646464655534,-1.97130901049003e-05,0.8184634642906814,-0.5736288688535607,74.69023612727695,10.244497052475465,37.36291090564453,5.067666537831528,37.32733988885488,5.176792941593462,37.3451253972497,5.122229739712495,-1.4667222458797369e-05,3.757305047535908e-05,-16.135609039625415,-67.9233104598419,-68.07599713872096,-0.004638476133768024,0.004703512430405914,-0.17167976798330642
1.6632,0.3383038188450584,-0.25278156875968133,0.48020481829038464,-0.32135911957611996,0.4801969807207639,-0.3213779222749485,0.33750606112316633,-0.2527589777272519,-0.14229595952146193,0.0685982476820676,0.00040279764575643084,-1.894166800464614e-06,0.0003949600761356531,-2.0696865628971883e-05,0.8181058394896867,-0.5741387941690008,74.45681977370849,10.476647521082151,37.24616531076406,5.183732967634199,37.21066906080172,5.29287688478523,37.22841718578289,5.2383049262097146,-1.4597857287412808e-05,3.7668662722367685e-05,-16.028622713392203,-67.89816549112369,-68.05702659793751,-0.004638484759203067,0.004607449148900359,-0.17225249836181433
1.6640000000000001,0.337461525119441,-0.25219011726506885,0.4806898661995684,-0.32246269058481075,0.4806816840536266,-0.3224811813567547,0.336661790984004,-0.25216524263591567,-0.14362411707487496,0.07029425602029046,0.0004039581406893866,-3.191928604623362e-06,0.0003957759947476047,-2.1682700548558698e-05,0.81774743317832,-0.5746496159212751,74.22439921227961,10.708915928193427,37.12991834463842,5.299857895932078,37.09449539654262,5.409020267407371,37.11220687059052,5.3544390816697245,-1.4528901431276608e-05,3.776485397821716e-05,-15.922833789608344,-67.87300156143375,-68.0379955065272,-0.0046361980547176985,0.0045105230511912585,-0.1728232272325272
1.6648,0.3366228606935364,-0.2515951648403709,0.4811704971651868,-0.32357067520919464,0.4811619727419118,-0.32358884815571065,0.33582114770405996,-0.2515679965243805,-0.14494423075475107,0.07199818100007693,0.0004051187063757178,-4.497684737231333e-06,0.0003965942831007374,-2.2670631253218776e-05,0.8173882391523475,-0.5751613423648284,73.9929692775219,10.941299111595933,37.014167420949605,5.416039733720524,36.978816316924814,5.525221516239554,36.99649186893721,5.470630624980039,-1.4460352531386889e-05,3.786163585495217e-05,-15.818219183208457,-67.84781878807478,-68.01890295987883,-0.004631599586413014,0.004412733543716261,-0.1733918907635541
1.6656,0.33578784812958107,-0.2509967400669311,0.4816466822264806,-0.32468305314606016,0.4816378179161743,-0.32470090239344074,0.33498415381253954,-0.2509672679232061,-0.14625624910026713,0.07370997377468183,0.00040627931367392955,-5.811448172243772e-06,0.0003974150033676238,-2.366069555279071e-05,0.8170282510423879,-0.5756739817648191,73.76252482540445,11.173793955720189,36.89890996399625,5.532276915397134,36.86362925361625,5.64147908130316,36.88126960880625,5.586877998350147,-1.4392208044000654e-05,3.795901989533945e-05,-15.7147563977723,-67.822617293805,-67.99974806748267,-0.004624673781999082,0.004314080155822913,-0.17395842449465704
1.6663999999999999,0.33495650971804763,-0.25039487173392727,0.4821183925279038,-0.32579980389241414,0.4821091908119848,-0.3258173235933558,0.33415083156763625,-0.2503630855695252,-0.14756012102710236,0.07542958509115874,0.0004074399331651657,-7.133231730210854e-06,0.00039823821724618846,-2.4652932671870298e-05,0.8166674623127862,-0.5761875423946112,73.53306073337703,11.406397391190225,36.784143408716346,5.6485678985383885,36.748931649126064,5.757791435634161,36.766537528921205,5.703179667086275,-1.4324465382742346e-05,3.805701767589653e-05,-15.612423510949851,-67.79739720683051,-67.98052995326303,-0.004615405947523086,0.004214562543100451,-0.1745227633441857
1.6672,0.33412886747509113,-0.24978958883508157,0.4825855993205892,-0.32692090674623125,0.4825760627713686,-0.3269380910814036,0.3333212029540056,-0.24975547840376489,-0.14885579583143055,0.0771569652943942,0.00040860053515304195,-8.463048072171464e-06,0.0003990639859324796,-2.5647383244509214e-05,0.8163058662605273,-0.5767020325332406,73.30457190041027,11.639106394377974,36.66986520070862,5.764911163677823,36.634720956823344,5.874157075059372,36.65229307876598,5.819534119368598,-1.4257121691230168e-05,3.815564077847e-05,-15.51119915989519,-67.77215866076173,-67.96124775587177,-0.0046037822839696705,0.004114180490692705,-0.17508484161939464
1.6680000000000001,0.33330494314004333,-0.24918092056533414,0.48304827396380506,-0.3280463408072136,0.4830384052442351,-0.32806318398682877,0.3324952896802893,-0.24914447556633249,-0.15014322319385376,0.07889206433118788,0.00040976108966198077,-9.800909693255533e-06,0.0003998923700920254,-2.6644089308400232e-05,0.8159434560141864,-0.5772174604628545,73.07705324703407,11.871917986961897,36.556072796253005,5.881305214086979,36.52099464095522,5.990574517974295,36.538533718604114,5.935939866030637,-1.4190174155714885e-05,3.825490062325798e-05,-15.411062526768053,-67.74690179460329,-67.94190062901029,-0.004589789903726589,0.00401293391663266,-0.1756445930256234
1.6688,0.33248475817295686,-0.2485688963174789,0.4835063879264027,-0.32917608497756295,0.48349618978979736,-0.32919258124294337,0.33167311317668813,-0.24853010639426382,-0.15142235318327757,0.08063483175438182,0.00041092156643707245,-1.1146828917313334e-05,0.00040072342983168974,-2.764309429774403e-05,0.8155802245329226,-0.5777338344661245,72.85049971537343,12.104829235490289,36.44276366232966,5.99774857555829,36.40775017666347,6.107042305123173,36.42525691949656,6.052395440340732,-1.4123619692441025e-05,3.8354808825857845e-05,-15.311993324352315,-67.7216267527119,-67.92248774173981,-0.004573416846906844,0.00391082287515814,-0.1762019506763295
1.6696,0.33166833375219834,-0.24795354567876338,0.4839599127882554,-0.33031011796276233,0.48394938807798504,-0.3303262615879092,0.33085469459258365,-0.24791240041783652,-0.15269313626072922,0.0823852167270358,0.0004120819349425209,-1.2500817890004345e-05,0.0004015572246721666,-2.864444303685154e-05,0.8152161646055113,-0.5782511628236358,72.62490626918188,12.337837250948944,36.329935276637116,6.114239796190347,36.29498504999995,6.223558999381964,36.31246016331853,6.168899397786156,-1.4057455189231405e-05,3.845537663238474e-05,-15.213971781832822,-67.6963336847862,-67.90300827877388,-0.0045546520975213636,0.0038078475600414304,-0.1767568471050538
1.6703999999999999,0.3308556907720943,-0.24733489842745435,0.4844088202416868,-0.3314484182723676,0.4843979718908446,-0.3314642035655264,0.33004005479421167,-0.2472913873571497,-0.1539555232831127,0.08414316802664497,0.0004132421643623929,-1.3862888572926946e-05,0.0004023938135202243,-2.9648181731734002e-05,0.8148512688494187,-0.578769453811249,72.4002678938733,12.57093918833282,36.21758512760947,6.230777446174827,36.1826967579412,6.340123185542396,36.200140942775334,6.285450315858611,-1.3991677363378585e-05,3.855661559803991e-05,-15.116978630765317,-67.67102274580857,-67.88346144077657,-0.004533485599513687,0.003704008307944413,-0.17730921427661883
1.6712,0.3300468498406263,-0.2467129845293683,0.48485308209289163,-0.3325909642208116,0.48484191312393266,-0.33260638552603594,0.3292292143623864,-0.24666709711866897,-0.15520946550690579,0.08590863404940513,0.00041440222359945267,-1.5233052737484432e-05,0.0004032332546404782,-3.065435796184568e-05,0.8144855297099185,-0.5792887156974424,72.17657959655115,12.804132246222462,36.10571071443229,6.347360117586248,36.07088280840172,6.456733470099209,36.088296761417006,6.402046793842729,-1.3926282861120853e-05,3.865853700446564e-05,-15.020995091267523,-67.64569409602886,-67.8638464446678,-0.004509908272608255,0.003599305601729797,-0.17785898359997532
1.6720000000000002,0.3292418312771795,-0.2460878341343697,0.48529267026334505,-0.3337377339282141,0.4852811837876991,-0.3337527856269285,0.3284221935902761,-0.2460395597917397,-0.15645491459179425,0.08768156281451661,0.00041556208127468963,-1.6611321957793468e-05,0.0004040756056287176,-3.166302067220128e-05,0.8141189394592498,-0.579808956740626,71.95383640603612,13.037413666364086,35.99430954705773,6.463986424173015,35.9595407202465,6.573388481038847,35.97692513365212,6.518687452605931,-1.3861268115533676e-05,3.876115222389842e-05,-14.926002858454865,-67.62034790093524,-67.84416252389188,-0.004483912028019483,0.0034937400737207604,-0.17840608594167406
1.6728,0.3284406551103426,-0.24545947757283598,0.48572755679120483,-0.3348887053212069,0.4857157560088603,-0.33490338183376467,0.3276190124812303,-0.24540880564506795,-0.1576918226042461,0.08946190196853382,0.00041672170572840117,-1.7997707605132973e-05,0.0004049209233838724,-3.2674220162898227e-05,0.813751490195819,-0.5803301851864378,71.73203337289124,13.270780733254378,35.8833791462186,6.580655001151314,35.848668023302196,6.690086867630569,35.8660235847604,6.6353709343909415,-1.379662955969252e-05,3.886447249534797e-05,-14.831984089139214,-67.59498433119293,-67.82440892871651,-0.004455489783976117,0.003387312509065152,-0.17895045163953682
1.6736,0.32764334107576054,-0.24482794535209065,0.4861577138327028,-0.336043856133766,0.4861456020317641,-0.3360581519210051,0.32681969074666,-0.24477486512317004,-0.15892014202102314,0.09124959878975519,0.00041788106501960964,-1.9392220840741548e-05,0.00040576926408092406,-3.3688008079860166e-05,0.8133831738434437,-0.5808524092650158,71.51116556944544,13.50423077372942,35.7729170434414,6.697364505000579,35.7382622583675,6.80682730021978,35.755589650904454,6.752095902610179,-1.3732363470353448e-05,3.896850906137672e-05,-14.738921388805393,-67.5696035626205,-67.80458492650698,-0.004424635481075245,0.0032800238489690634,-0.17949201051791874
1.6743999999999999,0.3268499086140414,-0.24419326815280734,0.4865831136635262,-0.33720316390805277,0.486570694219744,-0.3372170734728477,0.3260242478039711,-0.24413776884279348,-0.16013982573262886,0.09304460019264982,0.0004190401269262567,-2.0794872609475323e-05,0.0004066206831440655,-3.4704437404387e-05,0.8130139821506415,-0.5813756371882506,71.29122808981505,13.737761156557271,35.66292078105849,6.814113613261114,35.6283209772225,6.923608470023055,35.645620879140495,6.868861041642084,-1.3668465939531416e-05,3.907327310237463e-05,-14.64679779887696,-67.5442057761506,-67.78468980199405,-0.004391344097444623,0.003171875193948228,-0.18003069190302767
1.6752,0.326060376868717,-0.24355547682538287,0.487003728680191,-0.3383666059952672,0.4869910050564646,-0.3383801238840758,0.32523270277455146,-0.24349754758930758,-0.16135082704669354,0.09484685273232626,0.00042019885894595266,-2.2205673633340917e-05,0.00040747523521955653,-3.5723562441941636e-05,0.812643906689962,-0.5818998771470167,71.07221604992358,13.971369292035156,35.55338791221938,6.930901024333792,35.518841742637164,7.040429088925563,35.53611482742827,6.985665056629678,-1.3604932959765392e-05,3.917877580050799e-05,-14.555596784279278,-67.51879115778098,-67.76472285754704,-0.004355611663733438,0.003062867807056753,-0.18056642463923822
1.6760000000000002,0.3252747646842581,-0.24291460238628293,0.4874195314014041,-0.339534159556507,0.4874065071472564,-0.33954728036091353,0.3244450744818122,-0.2428542323130673,-0.16255309969129514,0.09665630260903516,0.0004213572282968092,-2.3624634404556533e-05,0.00040833297414910597,-3.6745438811075504e-05,0.8122729388573654,-0.5824251373083854,70.85412458751969,14.205052631590135,35.4443160009013,7.047725457281615,35.40982212837894,7.15728788928034,35.42706906464012,7.102506673280978,-1.3541760552016058e-05,3.928502817984736e-05,-14.465302221305947,-67.49335989852571,-67.74468341343253,-0.004317435277885142,0.002953003117093195,-0.1810991371063153
1.6768,0.32449309060414405,-0.24227067601435873,0.48783049446941634,-0.34070580156363933,0.4878171732204421,-0.34071851992189167,0.32366138144928297,-0.24220785412574883,-0.16374659781821568,0.09847289567271174,0.00042251520191766145,-2.5051765178793484e-05,0.00040919395294342076,-3.777012343111896e-05,0.8119010698716428,-0.5829514258128193,70.63694886219339,14.438808667384277,35.33570262191855,7.16458565163326,35.30125971921928,7.274183623709632,35.318481170568916,7.219384637671446,-1.3478944438816143e-05,3.939204138525554e-05,-14.375898385792087,-67.46791219438059,-67.72457080806919,-0.004276813119741412,0.0028422827217396427,-0.18162875723734828
1.6776,0.32371537286898733,-0.2416237290471375,0.48823659065136676,-0.3418815088001803,0.48822297612865295,-0.3418938193987214,0.32288164189876184,-0.2415584442966589,-0.16493127600613525,0.10029657742755263,0.00042367274646962216,-2.6487075968750773e-05,0.0004100582237558381,-3.879767450983007e-05,0.8115282907738844,-0.583478750771349,70.42068405539018,14.672634931923579,35.227545360931146,7.2814803671889194,35.19315211093932,7.3911150649083766,35.210348735935234,7.336297716048648,-1.341648028585496e-05,3.949982628270732e-05,-14.287369941596204,-67.44244824626244,-67.70438439827791,-0.004233744465413505,0.00273070839069164,-0.18215521253702605
1.6784,0.3229416294147152,-0.2409737929770874,0.4886377928406152,-0.3430612578621824,0.48862388885013475,-0.3430731554371755,0.322105873748522,-0.24090603424902005,-0.16610708926375636,0.1021272930366252,0.00042482982833683125,-2.7930576537119056e-05,0.00041092583785637404,-3.9828151530224565e-05,0.8111545924269936,-0.5840071202627327,70.20532537042419,14.906528997670605,35.11984181445291,7.398408383827359,35.08549691033501,7.508081005449313,35.10266936239396,7.453244694638336,-1.335436373040011e-05,3.9608393933576735e-05,-14.199701929391173,-67.41696825996733,-67.68412355952212,-0.004188229701460452,0.0026182820687230485,-0.1826784301015607
1.6792,0.32217187787080653,-0.2403208994478577,0.48903407405806676,-0.34424502515913236,0.4890198844900439,-0.3442565044979798,0.321334094611573,-0.24025065555623068,-0.16727399303286558,0.1039649873265119,0.0004259864136281766,-2.9382276389808282e-05,0.00041179684560535557,-4.0861615237225424e-05,0.8107799655152451,-0.5845365423306003,69.99086803248933,15.140488476661288,35.012589589858464,7.515368501315734,34.97829173522108,7.6250802575903975,34.99544066253977,7.570224379453066,-1.329259021076723e-05,3.9717755155876944e-05,-14.112879755762815,-67.3914724461105,-67.66378768615435,-0.0041402703388450845,0.0025050058787340367,-0.18319833663807117
1.6800000000000002,0.3214061355585856,-0.2396650802504948,0.489425407453485,-0.3454327869148553,0.48941093628173543,-0.34544384285770974,0.32056632179397865,-0.2395923399381025,-0.16843194319132807,0.10580960479198386,0.0004271424681782654,-3.084218476891165e-05,0.0004126712964286905,-4.189812762336875e-05,0.8104044005438924,-0.5850670249805812,69.77730728866884,15.374511020125093,34.90578630538961,7.632359539120401,34.87153421443431,7.742111653083896,34.88866025991196,7.687235596102148,-1.3231155080006829e-05,3.9827920796042804e-05,-14.026889182614017,-67.36596102008369,-67.64337619162751,-0.004089869026675526,0.002390882124716665,-0.18371485848638258
1.6808,0.3206444194895728,-0.2390063673196359,0.48981176630679646,-0.34662451916842957,0.4897970175880386,-0.346635146609698,0.3198025722932312,-0.23893111925707514,-0.16958089605601553,0.10766108960070829,0.00042829795754970035,-3.231031064616918e-05,0.00041354923879186045,-4.29377519146068e-05,0.8100278878388195,-0.5855985761774193,69.56463840794358,15.60859431810948,34.799429590160955,7.749380336220298,34.76522198783621,7.859174042987604,34.782325788998584,7.804277189603951,-1.3170053591693431e-05,3.9938901577940555e-05,-13.941716316871018,-67.3404342019872,-67.62288850873009,-0.004037029565715689,0.0022759132946746745,-0.1842279216401721
1.6816,0.31988674636389114,-0.23834479272967976,0.49019312402938486,-0.3478201977751096,0.49017810190252536,-0.34783039166494883,0.31904286279668176,-0.23826702551440915,-0.1707208083856687,0.10951938559798474,0.0004294528470344394,-3.378666271566799e-05,0.00041443072017494087,-4.3980552554931385e-05,0.8096504175462416,-0.5861312038420736,69.35285668119823,15.842736099107881,34.6935170841646,7.866429750921938,34.65935270631456,7.976266297477707,34.67643489523958,7.921348024199823,-1.3109280928347289e-05,4.005070823609458e-05,-13.857347600487858,-67.31489221658359,-67.60232408979938,-0.003981756921666645,0.0021601020634762894,-0.1847374517692515
1.6824,0.31913313256873305,-0.23768038869093822,0.49056945416537473,-0.3490197984072556,0.4905541628507662,-0.34902955375305894,0.31828720968002905,-0.23760009084636005,-0.1718516373836894,0.11138443631150814,0.00043060710165626626,-3.527124938741688e-05,0.000415315787047732,-4.5026595190747476e-05,0.8092719796324516,-0.5866649158488064,69.14195742122696,16.076934129691306,34.5880464382745,7.983506660676085,34.553924031784504,8.093387305663768,34.570985235029504,8.038446983169926,-1.3048832045114978e-05,4.0163351453514906e-05,-13.773769800744429,-67.28933529322958,-67.58168240693043,-0.003924057238214955,0.0020434512956843654,-0.1852433742430719
1.6832,0.31838359417688256,-0.23701318754576703,0.4909407303929064,-0.35022329655527196,0.49092517419157894,-0.3502326084231474,0.31753562900586446,-0.23693034752033154,-0.1729733407008692,0.11325618495616038,0.0004317606861727885,-3.676407878003274e-05,0.00041620448484530614,-4.607594665546888e-05,0.8088925638836162,-0.587199720022259,68.9319359627367,16.31118621414357,34.48301531424974,8.100609961896353,34.44893363718891,8.210535975405449,34.46597447571932,8.155572968650901,-1.2988701939775638e-05,4.0276841769326666e-05,-13.690970000832651,-67.26376366582089,-67.56096295217287,-0.003863937849837308,0.001925964048223136,-0.18574561415459812
1.6840000000000002,0.3176381469452977,-0.23634322176467812,0.49130692652539903,-0.35143066752855256,0.4912911098182651,-0.35143953104479114,0.31678813652227583,-0.2362578279310121,-0.17408587643804532,0.11513457443882676,0.0004329135650778526,-3.826515871373226e-05,0.00041709685794397156,-4.712867495229589e-05,0.8085121599056188,-0.587735624134517,68.72278766235007,16.545490194100193,34.37842138473755,8.217738569779527,34.34437920649793,8.327711233130955,34.36140029561774,8.272724901455241,-1.2928885411156443e-05,4.039118971022049e-05,-13.608935590725366,-67.23817757273031,-67.54016523772069,-0.0038014072943681845,0.0018076435730878576,-0.18624409634477956
1.6848,0.3168968063137494,-0.23567052394243412,0.49166801651280556,-0.3526418864564357,0.4916519437598379,-0.35265029680896925,0.3160447476615083,-0.2355825645964926,-0.17518920314869288,0.11701954736323912,0.0004340657026043748,-3.9774496703989803e-05,0.0004179929496367085,-4.8184849237548066e-05,0.8081307571239505,-0.5882726359021658,68.51450789860601,16.779843948190884,34.2742623332753,8.334891418127697,34.24025843470795,8.444912023657452,34.25726038399162,8.389901720892574,-1.286937722966286e-05,4.050640573538544e-05,-13.5276542583216,-67.21257725673853,-67.51928879610885,-0.003736475325304468,0.0016884933198968275,-0.18673874542807312
1.6856,0.31615958740351985,-0.2349951267941258,0.49202397444285695,-0.35385692828916493,0.4920076501822402,-0.35386488072901456,0.3153054775386834,-0.23490459015436835,-0.17628327984144695,0.11891104603484266,0.00043521706272664495,-4.129209995391847e-05,0.0004188928021098548,-4.9244539803539045e-05,0.8077483447836502,-0.5888107629833368,68.30709207195969,17.01424539168572,34.17053585429197,8.452067459172227,34.13656902783974,8.562137310013242,34.153552441065855,8.507102384592734,-1.2810172023591804e-05,4.0622500250719895e-05,-13.447113980862152,-67.18696296497967,-67.49833318038237,-0.0036691529238691762,0.0015685169383706054,-0.18722948581830678
1.6864,0.31542650501616043,-0.23431706315123407,0.49237477454229606,-0.3550757677988579,0.4923582033895521,-0.35508325764157,0.31457034095057657,-0.2342239373578262,-0.17736806598255556,0.12080901246568382,0.0004363676091639068,-4.281797534788634e-05,0.00041979645641995744,-5.03078180599803e-05,0.8073649119492925,-0.5893500129747441,68.10053560478097,17.248692476144505,34.067239653109084,8.569265663399221,34.03330870293618,8.679386073261753,34.05027417802263,8.624325868330487,-1.2751264293342501e-05,4.0739483530671805e-05,-13.367303016608979,-67.16133494886161,-67.47729796426304,-0.003599452310813079,0.0014477182807557851,-0.18771624175576562
1.6872,0.31469757363230744,-0.2336363659576777,0.49272039117810157,-0.356298379580482,0.4927035778251886,-0.3563054022075537,0.31383935237445376,-0.23354063907171724,-0.1784435214982645,0.12271338837932036,0.00043751730538330036,-4.435212944439715e-05,0.0004207039524703471,-5.137475651607881e-05,0.8069804475050257,-0.5898903934087153,67.89483394135173,17.483183189069734,33.964371445941055,8.686485019376846,33.9304751880592,8.79665731232707,33.94742331700013,8.741571165851958,-1.2692648525103323e-05,4.085736581771471e-05,-13.28820989678167,-67.13569346400246,-67.45618274231752,-0.0035273869579493782,0.0013261014041335395,-0.18819893733433446
1.6880000000000002,0.31397280741055855,-0.2329530682658472,0.49306079885870197,-0.3575247380528364,0.49304374807308793,-0.357531288913129,0.3131125259669668,-0.23285472826861628,-0.1795096067771323,0.12462411521575097,0.0004386661146028592,-4.589456846916529e-05,0.00042161532898885024,-5.244542876176039e-05,0.8065949401546575,-0.5904319117502145,67.689982547862,17.717715553562872,33.86192895989486,8.803724533584173,33.82806622228616,8.913950043821387,33.84499759109051,8.85883728870278,-1.2634319020321527e-05,4.0976157311689576e-05,-13.209823417744374,-67.1100387701679,-67.4349871301015,-0.0034529715994291756,0.0012036705726514926,-0.1886774965298912
1.6888,0.3132522201864079,-0.23226720323262567,0.4933959722351797,-0.3587548174595426,0.49337868885888897,-0.35876089207068224,0.312389875563107,-0.23216623802486905,-0.1805662826722769,0.12654113413636503,0.0004398139997958128,-4.744529830848221e-05,0.0004225306235050852,-5.3519909448143665e-05,0.8062083784217917,-0.5909745753938598,67.48597691240491,17.952287627984155,33.75990993296919,8.920983230241845,33.72607955570578,9.03126330187419,33.74299474433748,8.976123266058018,-1.2576270052022664e-05,4.1095868120066825e-05,-13.132132633436298,-67.08437113118458,-67.4137107643119,-0.0033762222427316992,0.001080430259603706,-0.18915184322912637
1.6896,0.3125358254712395,-0.23157880411539805,0.4937258861024653,-0.3599885918700412,0.4937083750511001,-0.35999418581980724,0.3116714146752173,-0.23147520151662762,-0.18161351050355434,0.12846438602891136,0.00044096092369366735,-4.900432450220815e-05,0.00042344987232847964,-5.4598274268249924e-05,0.805820750650011,-0.5915183916609371,67.28281254497026,18.186897505615846,33.658312114052926,9.038260151144527,33.624512949413145,9.148596137963082,33.64141253173304,9.093428144553805,-1.251849582217801e-05,4.1216508236630034e-05,-13.05512684803896,-67.05869081488052,-67.39235330292102,-0.003297156179407907,0.0009563851494763987,-0.18962190125859024
1.6904,0.3118236364513829,-0.2308879042680505,0.4940505154005206,-0.3612260351805944,0.49403278166225756,-0.36123114412829377,0.31095715649206523,-0.23078165201587705,-0.18265125205966504,0.1303938115124803,0.00044210684879034123,-5.057165223702753e-05,0.0004243731105273152,-5.568059993642238e-05,0.8054320450031132,-0.5920633677964078,67.08048497743748,18.421543314328353,33.557133262923344,9.155554355494488,33.52336417550447,9.265947620746203,33.540248719213906,9.210750988120346,-1.2460990333806876e-05,4.133808766226821e-05,-12.978795608873725,-67.0329980930068,-67.37091442529095,-0.0032157919955090077,0.0008315401398687635,-0.1900875944153313
1.6912,0.3111156659872267,-0.23019453713695995,0.4943698352155128,-0.3624671211152962,0.49435188385007284,-0.36247174079312444,0.3102471138779738,-0.23008562288645185,-0.18367946960019257,0.13232935094250442,0.0004432517373464395,-5.214728633992638e-05,0.00042530037190643966,-5.676696416816174e-05,0.8050422494653932,-0.5926095109659162,66.87898976356716,18.656223216250073,33.456371150243584,9.272864919737316,33.4226310170712,9.383316835896508,33.43950108365739,9.328090877816912,-1.240374761835028e-05,4.146061624865638e-05,-12.90312869952253,-67.00729324115844,-67.3493938323112,-0.003132149581766518,0.0007059003432657167,-0.19054884649719384
1.6920000000000002,0.3104119266123932,-0.22949873625697537,0.4946838207809782,-0.36371182322708684,0.4946656569185721,-0.36371594944147456,0.30954129937201263,-0.229387147580045,-0.18469812585757225,0.13427094441577053,0.000444395551393334,-5.3731231271322843e-05,0.0004262316889872275,-5.7857445659045825e-05,0.8046513518419781,-0.5931568282527909,66.67832247899187,18.89093540743998,33.356023557559645,9.390190937398756,33.322311268193744,9.500702885937457,33.33916741287669,9.445446911668107,-1.2346761508297277e-05,4.158410376575716e-05,-12.828116133165421,-66.98157653870217,-67.32779124649115,-0.0030462501434640942,0.0005794710886857175,-0.19100558133430923
1.6928,0.3097124305329722,-0.22880053524739125,0.49499244747897575,-0.3649601148987757,0.4949740763192244,-0.3649637435317207,0.3088397251872475,-0.2286862596322096,-0.1857071840389902,0.1362185317754478,0.0004455382527379925,-5.532349111835033e-05,0.00042716709298668,-5.89521240633023e-05,0.8042593397592099,-0.5937053266550486,66.47847872120559,19.12567811756384,33.256088277297096,9.507531518923486,33.222402733934416,9.618104890080417,33.239245505615756,9.562818204501951,-1.2290025921402048e-05,4.17085599373479e-05,-12.753748146128148,-66.95584826869202,-67.30610641206835,-0.002958116210026293,0.0004522579233212784,-0.19145772282084295
1.6936,0.3090171896268139,-0.22809996780791447,0.49529569084123076,-0.3662119693440702,0.49527711765206084,-0.3662150963544541,0.3081424032100495,-0.22798299265835364,-0.18670660782821413,0.13817205261612808,0.0004466798029671426,-5.6924069588487614e-05,0.0004281066137972467,-6.005107997236747e-05,0.8038662006650774,-0.5942550130823963,66.27945410955238,19.360449609573575,33.15656311275683,9.624885791515368,33.12290323033004,9.735521984063809,33.13973317154343,9.680203887789588,-1.223353449120168e-05,4.1833994398388086e-05,-12.680015191633412,-66.9301087177993,-67.28433909510008,-0.0028677716443214546,0.00032426661389252246,-0.19190519494716796
1.6944,0.30832621544288413,-0.22739706771462698,0.4955935265502689,-0.36746735960860816,0.49557475666678347,-0.3674699810334978,0.30744934499946364,-0.2272773803497316,-0.1876963613873523,0.14013144628887367,0.0004478201634529333,-5.853297000282809e-05,0.00042905027996753553,-6.115439489251528e-05,0.8034719218297,-0.5948058943532323,66.08124428521405,19.595248179389273,33.05744587811085,9.742252898978933,33.02381058438411,9.852953319993588,33.04062823124748,9.79760310948626,-1.2177280908076682e-05,4.1960416751862795e-05,-12.606907933749573,-66.90435817621713,-67.2624890835376,-0.0027752416516604525,0.00019550314798761774,-0.19234792183317495
1.6952,0.3076395192006775,-0.22669186881594275,0.49588593044053875,-0.36872625857099894,0.4958669692638645,-0.36872837052693125,0.30676056178663763,-0.22656945646943055,-0.18867640935854404,0.14209665190627843,0.00044895929535709866,-6.015019528993193e-05,0.0004299981186828006,-6.226215122225043e-05,0.8030764903458592,-0.5953579771916517,65.8838449111972,19.83007215558487,32.958734398397496,9.85963200156283,32.9251226340584,9.970398066185638,32.94192851622795,9.915015033874234,-1.2121258691877301e-05,4.2087836401805134e-05,-12.534417241530374,-66.87859693759505,-67.24055618730321,-0.0026805527884972147,6.597373525700949e-05,-0.1927858277615826
1.6960000000000002,0.30695711178969176,-0.2259844050285632,0.4961728784995267,-0.36998863894386674,0.4961537314956356,-0.36999023762811734,0.3060760644743091,-0.225859254848354,-0.18964671686558074,0.1440676083475334,0.0004500971596368697,-6.177574797933127e-05,0.00043095015574579065,-6.33744322298957e-05,0.8026798931295815,-0.5959112682244507,65.6872516723188,20.064919899076173,32.86042650951592,9.97702227580433,32.82683722826425,10.08785540700913,32.843631868890085,10.03243884140673,-1.2065461376664643e-05,4.221626271316836e-05,-12.46253418333977,-66.85282529894322,-67.21854023835762,-0.002583732970836909,-6.431519159739265e-05,-0.19321883721144673
1.6968,0.3062790037689614,-0.22527471033342827,0.4964543468688594,-0.37125447327490285,0.4964350195673678,-0.3712555549667377,0.30539586363635224,-0.2251468093812038,-0.1906072495154568,0.14604425426350426,0.0004512337170503866,-6.34096301947995e-05,0.00043190641555876375,-6.44913220296528e-05,0.8022821169207704,-0.5964657739781363,65.4914602751916,20.29978980281266,32.76252005822066,10.094422914375599,32.728952226853266,10.205324542731972,32.74573614253696,10.149873728553786,-1.2009882325969556e-05,4.2345705089985586e-05,-12.391250021355791,-66.82704356054974,-67.19644109074655,-0.0024848114823268347,-0.0001953569758481216,-0.19364687489283483
1.6976,0.3056052053666508,-0.22456281877166767,0.496730311845399,-0.3725237339479218,0.4967108098383423,-0.3725242950098316,0.3047199695173838,-0.22443215402245995,-0.19155797339985337,0.14802652808181288,0.00045236892816188923,-6.505184364895278e-05,0.00043286692110516833,-6.561290555874566e-05,0.801883148283888,-0.5970215008759404,65.29646644820784,20.534680291471826,32.665012902115194,10.211833125931335,32.631465500607604,10.322804689367857,32.6482392013614,10.267318907649596,-1.1954514960166307e-05,4.247617263430925e-05,-12.320556206247648,-66.8012520259013,-67.17425862064883,-0.0023838189820436576,-0.00032714473607728926,-0.19406986578178476
1.6984,0.30493572647970824,-0.22384876444055185,0.4970007498823252,-0.37379639318392177,0.4969810788229095,-0.37379643006283847,0.30404839203242817,-0.22371532278236214,-0.19249885509654913,0.15001436801192308,0.00045350275334785084,-6.670238963653319e-05,0.0004338316939321851,-6.673926855320367e-05,0.8014829736086855,-0.5975784552348371,65.10226594152316,20.76958982115648,32.56790290964562,10.329252134957883,32.534374931230005,10.440295078524073,32.55113892043781,10.384773606740978,-1.1899352458044632e-05,4.260767452279879e-05,-12.250444372020636,-66.77545100159176,-67.15199272640974,-0.0022807875119771467,-0.00045967136548249386,-0.19448773515478024
1.6992,0.3042705766735784,-0.2231325814894431,0.4972656375902106,-0.3750724230421517,0.49724580319154077,-0.3750719322706465,0.3033811407666417,-0.2229963497228914,-0.19342986167076565,0.15200771205023184,0.00045463515280325106,-6.836126902842743e-05,0.00043480075413343533,-6.787049752324248e-05,0.8010815791109858,-0.5981366432625663,64.90885452703876,21.004516879095057,32.47118796009367,10.446679181623793,32.43767841133317,10.557794957251488,32.45443318571342,10.50223706943764,-1.1844388083659396e-05,4.274021977579423e-05,-12.180906331023051,-66.74964079722913,-67.12964332857045,-0.002175750504197044,-0.0005929295314167786,-0.19490040862450542
1.7000000000000002,0.3036097651819759,-0.2224143041157498,0.4975249517380839,-0.3763517954211814,0.4975049597718695,-0.3763507736186445,0.30271822497509626,-0.22227526895375432,-0.1943509606764406,0.1540064979851609,0.0004557660865470159,-7.002848226622671e-05,0.0004357741203326049,-6.90066797292832e-05,0.8006789508335128,-0.598696071054665,64.71622799838366,21.239459983344545,32.37486594356944,10.564113521631413,32.34137384442907,10.675303587895755,32.35811989399926,10.619708554763584,-1.1789614859480935e-05,4.287381737810847e-05,-12.111934069110015,-66.72382172535927,-67.10721036987609,-0.0020687427877022907,-0.0007269116751289189,-0.1953078121760825
1.7008,0.3029533009067166,-0.22169396656088217,0.4977786692544848,-0.37763448205997835,0.4977585255497224,-0.3776329259337793,0.30205965358262094,-0.22155211462837007,-0.1952621201574348,0.15601066340225267,0.0004568955144290676,-7.170402935559317e-05,0.0004367518096666523,-7.014790315651442e-05,0.8002750746467724,-0.5992567445915049,64.52438217089552,21.474417682496572,32.27893476100378,10.681554426070548,32.245459144917646,10.792820247949948,32.262196952960714,10.737187337010248,-1.1735025907455565e-05,4.3008476076522584e-05,-12.043519740958839,-66.69799410136532,-67.08469381529466,-0.001959800594959529,-0.0008616100115246822,-0.19570987220262737
1.7016,0.3023011924176088,-0.220971603106212,0.49802676722850764,-0.3789204545389891,0.49800647767014194,-0.37891836088561776,0.3014054351837016,-0.22082692093986067,-0.19616330864866963,0.1580201456892671,0.0004580233961364033,-7.338790986136101e-05,0.0004377338377707374,-7.129425648999543e-05,0.79986993624998,-0.5998186697353398,64.33331288160103,21.70938855538636,32.18339232414013,10.79900118127297,32.14993223807515,10.91034422990866,32.16666228110764,10.854672705590815,-1.1680614250053623e-05,4.314420473150449e-05,-11.975655665530935,-66.67215824338325,-67.0620936519994,-0.0018489615681137168,-0.0009970165292248992,-0.19610651554182823
1.7024,0.30165344795240373,-0.2202472480690382,0.49826922291083736,-0.3802096842812234,0.49824879343839906,-0.3802070499874112,0.3007555780424414,-0.2200997221170479,-0.19705449517719562,0.1600348820412743,0.00045914969120031124,-7.508012290126376e-05,0.00043872021876201206,-7.244582908905173e-05,0.7994635211720408,-0.6003818522273604,64.14301598919575,21.944371210803983,32.08823655552621,10.916453088668447,32.05479106004222,11.027874841123577,32.071513807784214,10.972163964896012,-1.1626372682371766e-05,4.328101195838485e-05,-11.90833432167554,-66.64631447220268,-67.03940988937418,-0.0017362647648951673,-0.0011331229906792711,-0.19649766951260972
1.7032,0.3010100754168051,-0.21952093579855758,0.4985060137147732,-0.38150214255334486,0.4984854503209962,-0.38149896459716526,0.30011009009257644,-0.2193705524204552,-0.19793564926319393,0.16205480946574868,0.00046027435900278246,-7.678066714096599e-05,0.00043971096522582576,-7.360271096139293e-05,0.7990558147725754,-0.6009462976847614,63.95348737402287,22.179364287208752,31.99346538850545,11.033909464642107,31.960033557811634,11.145411403660233,31.97674947315854,11.08966043415117,-1.1572294212669476e-05,4.34189064115742e-05,-11.841548343870285,-66.62046311118169,-67.01664255897151,-0.0016217506641836832,-0.0012699209324670974,-0.19688326195174
1.7040000000000002,0.3003710823845365,-0.21879270067184298,0.4987371172172448,-0.3827978004667635,0.49871642594666155,-0.3827940759187124,0.29946897893755253,-0.2186394461383173,-0.1988067409209086,0.1640798647876578,0.00046139735878358845,-7.848954078838732e-05,0.0004407060882003766,-7.476499273730008e-05,0.7986468022429976,-0.6015120115978181,63.76472293805195,22.414366452446057,31.8990767672078,11.15136964039317,31.86565768921571,11.262953254156386,31.882367228211756,11.207161447274778,-1.1518371557883711e-05,4.3557896500345805e-05,-11.775290518094224,-66.59460448615403,-66.99379171449951,-0.0015054611712579857,-0.0014074016658080944,-0.19726322125083584
1.7048,0.29973647609746806,-0.21806257708982835,0.4989625111598175,-0.3840966289787353,0.4989416981073331,-0.3840923550027893,0.2988322518506567,-0.21790643758259692,-0.1996677406595129,0.16610998465454965,0.0004625186496479139,-8.020674158870644e-05,0.000441705597163472,-7.593276564271667e-05,0.7982364686076378,-0.602078999326975,63.57671860485639,22.64937640346712,31.805068646540594,11.268832961794772,31.7716614229133,11.38049974368181,31.788365034726947,11.32466635273829,-1.1464597506005703e-05,4.369799053804968e-05,-11.709553777828692,-66.56873892532671,-66.97085743177072,-0.001387439622728743,-0.0015455562771618174,-0.19763747639393614
1.7056,0.2991062634658003,-0.21733059947330283,0.4991821734496888,-0.3853985988934646,0.49916124475913426,-0.38539377274811903,0.2981999157752082,-0.21717156108501076,-0.20051861948390726,0.16814510554163503,0.00046363819057332334,-8.193226681880994e-05,0.0004427095000187897,-7.710612147324158e-05,0.7978247987249157,-0.6026472660999486,63.38947031959044,22.884392866051382,31.7114389921786,11.386298789255477,31.678042738376554,11.49805023759896,31.694740865277577,11.442174513427219,-1.141096471712899e-05,4.383919694461724e-05,-11.644331200181831,-66.5428667591945,-66.94783980865654,-0.0012677307911313379,-0.0016843756290555506,-0.19800595699368273
1.7064,0.2984804510683069,-0.21659680225891578,0.4993960821606747,-0.3867036808632096,0.4993750440233403,-0.3866982999024934,0.29757197732480634,-0.21643485099306575,-0.20135934889545087,0.17018516375686074,0.000464755940417505,-8.366611328311513e-05,0.0004437178030830824,-7.828515256690094e-05,0.7974117772885643,-0.6032168170088422,63.20297404896601,23.11941459453119,31.618185780554406,11.503766497581708,31.58479962587741,11.615604115425612,31.601492703215907,11.55968530650366,-1.1357465801609123e-05,4.398152386997367e-05,-11.579616002132632,-66.51698832043823,-66.92473896502706,-0.0011463808891873165,-0.0018238503610201406,-0.19836859332937706
1.7072,0.29785904515263417,-0.2158612198951909,0.4996042155341872,-0.38801184538939304,0.49958307418733494,-0.3880059070638623,0.29694844278363425,-0.2156963416661059,-0.20218990089262687,0.17223009544597925,0.00046587185792609787,-8.540827730788014e-05,0.00044473051107382644,-7.946995177711413e-05,0.7969973888288953,-0.6037876570072761,63.01722578122826,23.354440371519416,31.525306998847974,11.621235475841559,31.49193008647372,11.73316077069849,31.508618542660848,11.677198123270024,-1.1304093433750495e-05,4.4124979368120876e-05,-11.51540153689033,-66.49110394382953,-66.90155504268112,-0.0010234375737579369,-0.0019639708907649715,-0.19872531638395685
1.7080000000000002,0.29724205163565887,-0.21512388683855366,0.49980655198020113,-0.38932306282371454,0.49978531370555784,-0.3893165646814229,0.29632931810682134,-0.214956067471371,-0.20301024797163938,0.17427983659760643,0.0004669859017403799,-8.715875473715162e-05,0.00044574762709712057,-8.066061244550726e-05,0.7965816177141196,-0.6043597909075311,62.83222152613146,23.589469007639288,31.432800644976243,11.738705127229878,31.39943213199528,11.850719610837956,31.41611638848576,11.794712369033917,-1.1250840060483824e-05,4.4269571453980916e-05,-11.451681290365528,-66.46521396613528,-66.8782882052716,-0.0008989499494486281,-0.0021047274154599696,-0.1990760578809443
1.7088,0.2966294761039018,-0.21438483754937027,0.500003070078213,-0.3906373033692697,0.49998174120044403,-0.3906302430567156,0.29571460892086016,-0.2142140627800681,-0.20382036312694754,0.17633432304827348,0.0004680980304052895,-8.891754092815729e-05,0.00044676915263633377,-8.185722837403264e-05,0.7961644481517095,-0.6049332233777119,62.64795731491347,23.82449934125702,31.34066472758237,11.856174868934474,31.30730378502931,11.968280057014567,31.32398425630584,11.91222746297452,-1.1197698214004959e-05,4.441530797905102e-05,-11.388448877748951,-66.43931872602064,-66.85493863821853,-0.0007729685718820212,-0.0022461099132134073,-0.1994207503220764
1.7096,0.2960213238139986,-0.21364410648799984,0.5001937485781899,-0.3919545370816706,0.5001723354633534,-0.3919469123447215,0.29510432052407937,-0.2134703619634557,-0.20462021985173265,0.17839349048746828,0.0004692082023778632,-9.068463074660138e-05,0.0004477950875413639,-8.305989379751855e-05,0.7957458641898106,-0.6055079589389238,62.464429200270146,24.05953023821699,31.24889726602462,11.973644132003713,31.215543078905814,12.085841544016475,31.23222017246522,12.029742838010094,-1.1144660291506625e-05,4.456219680193385e-05,-11.325698040194457,-66.41341856394749,-66.83150654860901,-0.0006455454506610685,-0.002388108144704059,-0.1997593270240543
1.7104,0.2954175996932265,-0.21290172811086264,0.5003785664015094,-0.3932747338701699,0.5003570754554918,-0.39326654255496235,0.29449845788717344,-0.21272499938894404,-0.20540979213830057,0.1804572744626628,0.00047031637603534016,-9.246001856309805e-05,0.00044882543001775743,-8.426870335551118e-05,0.7953258497187006,-0.6060840019624695,62.28163325632914,24.294560591578982,31.15749629036506,12.091112361215295,31.1241480576828,12.203403520118158,31.14082217402393,12.147257940666726,-1.1091718725708688e-05,4.471024552898939e-05,-11.26342264160275,-66.38751382207798,-66.80799216510225,-0.0005167340519695328,-0.0025307116550101804,-0.20009172215529247
1.7112,0.29481830834008754,-0.21215773686652228,0.5005575026418889,-0.39459786349878856,0.5005359403088233,-0.3945891035526046,0.29389702565378645,-0.21197800941620965,-0.2061890544784191,0.18252561038433066,0.00047142250968332244,-9.424369824828638e-05,0.0004498601766177446,-8.548375206435255e-05,0.794904388472293,-0.6066613566670626,62.099565578623285,24.529589321358266,31.06645984135809,12.208579014945897,31.03311677613104,12.32096544695051,31.049788308744564,12.264772230948203,-1.1038865842749601e-05,4.485946185894818e-05,-11.201616665502371,-66.36160484418401,-66.78439573779768,-0.00038658930086803666,-0.00267390977558808,-0.2004178707730091
1.7120000000000002,0.2942234540249468,-0.21141216719178546,0.5007305365663082,-0.395923895587446,0.5007089093269723,-0.3959145650595646,0.2933000281411519,-0.21122942639332717,-0.20695798186359085,0.18459843353094896,0.0004725265615654062,-9.603566316983281e-05,0.00045089932222952545,-8.670513528845347e-05,0.7944814640296897,-0.6072400271160616,61.918222284063624,24.76461537426765,30.975785970438686,12.326043565042468,30.94244729971892,12.438526799372028,30.959116635078804,12.382285182207248,-1.0986093982978673e-05,4.5009853153032964e-05,-11.140274212024773,-66.33569197552681,-66.7607175381392,-0.00025516758323779323,-0.002817691626427317,-0.20073770885937847
1.7128,0.2936330406907259,-0.21066505350781783,0.5008976476159208,-0.3972527996130945,0.5008759619861196,-0.3972428966556183,0.29270746934078545,-0.2104792846529176,-0.20771654978526452,0.1866756790539887,0.00047362848987084205,-9.783590618825388e-05,0.0004519428600696096,-8.793294871201063e-05,0.7940570598167759,-0.6078200172147241,61.73759951091152,24.999637723462342,30.885472739710345,12.44350549669413,30.8521377045966,12.556087065341288,30.868805222153473,12.499796281017709,-1.0933395422796366e-05,4.516142692523317e-05,-11.079389494970151,-66.30977556277833,-66.73695785876104,-0.00012252674740901562,-0.002962046118364242,-0.20105117335828027
1.7136,0.29304707195365026,-0.20991643021627832,0.5010588154069575,-0.3985845449108569,0.5010370779358878,-0.39857406777951393,0.2921193529192325,-0.20972761850831434,-0.20846473423498124,0.1887572819828891,0.0004747282527436947,-9.964441965346071e-05,0.0004529907816740175,-8.916728831051546e-05,0.793631159107864,-0.6084013307074817,61.557693418750766,25.234655368286994,30.7955182219328,12.560964308305984,30.762186077580328,12.67364574579068,30.778852149756563,12.617305027048332,-1.0880762360443441e-05,4.5314190330714155e-05,-11.018956838961206,-66.28385595391602,-66.71311701335632,1.1273894566136369e-05,-0.0031069619555606455,-0.20135820221051404
1.7144,0.2924655511040522,-0.20916633169547277,0.5012140197316205,-0.39991910067516506,0.5011922370002173,-0.39990804773008504,0.2915356822188691,-0.20897446224974947,-0.20920251170445822,0.19084317723001393,0.0004758258082931677,-0.0001014611954016642,0.00045404307688995393,-9.040825032163857e-05,0.7932037450273796,-0.6089839711752363,61.37850018845914,25.469667334024937,30.70592050050962,12.678419511373164,30.672590516136566,12.791202354501152,30.689255508323093,12.734810932937158,-1.0828187043898652e-05,4.546815062056453e-05,-10.958970676681796,-66.25793349809875,-66.68919533653968,0.0001461735659484463,-0.0032524276382305288,-0.2016587343900369
1.7152,0.2918884811072258,-0.2084147922965271,0.501363240558968,-0.4012564359609038,0.5013414191782376,-0.40124480566736825,0.2909564602587562,-0.20821985014055883,-0.2099298591856118,0.1929332995955931,0.0004769211146000152,-0.00010328622475191951,0.00045509973386961833,-9.165593121635007e-05,0.7927748005515939,-0.6095679420326789,61.200016022179426,25.704672671649853,30.616677669475614,12.795870630356674,30.58334912836549,12.908756417978353,30.600013398920552,12.852313524167513,-1.0775661678508186e-05,4.5623314825604666e-05,-10.899425546197607,-66.23200854561516,-66.66519318367067,0.00028211002468870266,-0.00339843146534394,-0.2019527099390075
1.7160000000000002,0.2913158646043374,-0.20766184633958176,0.5015064580357912,-0.40259651968455457,0.5014846046451252,-0.4025843106137209,0.2903816897355464,-0.2074638164134084,-0.2106467541705163,0.19502758377264268,0.00047801412972844903,-0.0001051194985035031,0.00045616073906251664,-9.291042766985946e-05,0.7923443085104,-0.6101532465256329,61.0222371432904,25.939670457579453,30.527787833483877,12.91331720255991,30.494460032984872,13.026307475329602,30.511123933234373,12.969812338944756,-1.0723178348825968e-05,4.57796899411278e-05,-10.840316088356284,-66.20608144773524,-66.64111093070639,0.000419019563143645,-0.0035449615377179037,-0.2022400700024889
1.7168,0.29074770391338656,-0.206907528110007,0.5016436524874822,-0.4039393206253441,0.5016217737529569,-0.4039265314549438,0.2898113730244428,-0.20670639526654158,-0.21135317465130488,0.1971259643518697,0.0004791048117345209,-0.00010696100693287358,0.00045722607720921626,-9.417183653255556e-05,0.7919122515891341,-0.6107398877284183,60.84515979637696,26.174659793431722,30.439249107792733,13.030758778006586,30.405921359313425,13.143855078142337,30.42258523355308,13.087306928074462,-1.067072919624934e-05,4.593728279900233e-05,-10.781637044264087,-66.180152556628,-66.61694897402894,0.0005568370081149632,-0.003692005761129832,-0.20252075686278204
1.7176,0.2901840010302202,-0.2061518718546403,0.5017748044188917,-0.40528480742639617,0.5017529070315534,-0.40527143694140527,0.2892455121802084,-0.20594762086004845,-0.21204909912000827,0.19922837582655634,0.00048019311867500414,-0.00010881073979134015,0.0004582957313367664,-9.544025480047458e-05,0.7914786123304368,-0.611327868541245,60.66878024720007,26.409639805783307,30.351059618252506,13.148194919319437,30.317731247253906,13.261398790363728,30.334395432753205,13.204796854841582,-1.0618306340859363e-05,4.609610014227883e-05,-10.72338325283678,-66.15422222526996,-66.59270773024556,0.0006954957212167223,-0.0038395518496434767,-0.20279471397387283
1.7184,0.28962475762959905,-0.20539491177804794,0.5018998945151804,-0.406632948595883,0.5018779851893143,-0.406618995689166,0.2886841089382288,-0.2051875273121594,-0.21273450656833337,0.20133475259742084,0.00048127900861816286,-0.00011066868630280058,0.00045936968275206436,-9.671577958576816e-05,0.7910433731361612,-0.6119171916876283,60.49309478266655,26.644609645929844,30.26321750129206,13.265625201600244,30.229887847276288,13.378938188180882,30.246552674284175,13.322281694890563,-1.0565901796155686e-05,4.6256148717560563e-05,-10.66554964842226,-66.12829080732327,-66.56838763602802,0.0008349275995736858,-0.0039875873290346016,-0.20306188599400343
1.7192,0.289069975066314,-0.20463668203881014,0.5020189036426599,-0.40798371250818155,0.5019969891140453,-0.40796917618110823,0.28812716471562366,-0.20442614869556125,-0.21340937648738376,0.20344502897745917,0.00048236243965241177,-0.00011253483516110441,0.00046044791103788674,-9.79985080877821e-05,0.7906065162693214,-0.6125078597118305,60.31809971079817,26.879568489648673,30.175720903905173,13.383049212310908,30.142389320400703,13.496472859902866,30.159055112152938,13.439761036106887,-1.0513507703535652e-05,4.641743489841588e-05,-10.608131258492438,-66.10235865705445,-66.54398914790283,0.0009750630768520308,-0.004136099540478468,-0.20332221881869827
1.7200000000000002,0.2885196543763549,-0.2038772167458309,0.5021318128496264,-0.4093370674050298,0.5021098998737782,-0.40932194676806394,0.28757468061240904,-0.20366351903373944,-0.21407368886732028,0.20555913919676166,0.000483443369897002,-0.00011440917452863741,0.0004615303940488369,-9.928853756280276e-05,0.7901680238560843,-0.613099874976332,60.143791360700845,27.114515536963427,30.088567983636764,13.500466551155043,30.055233838180136,13.61400240584311,30.07190091090845,13.557234478499076,-1.0461116055182629e-05,4.657996527512864e-05,-10.551123201402259,-66.07642612921582,-66.51951274205014,0.0011158311246162328,-0.004285075644299481,-0.20357565961316482
1.7208,0.28797379627812797,-0.20311654995467385,0.502238603367185,-0.4106929813966877,0.5022166987175812,-0.410677275669948,0.28702665741270883,-0.20289967229734449,-0.21472742419696472,0.20767701740730865,0.000484521757511458,-0.0001162916920345175,0.00046261710790770905,-0.00010058596529483044,0.7897278778878014,-0.613693239659327,59.97016608253306,27.34945001191098,30.00175690856892,13.617876829961304,29.968419582683012,13.731526438203616,29.985088245625967,13.67470163408246,-1.0408718871701694e-05,4.6743746061395086e-05,-10.494520684213473,-66.05049357895243,-66.49495891409343,0.0012571592540058813,-0.004434502623920963,-0.20382215684384164
1.7216,0.2874324011737229,-0.2023547156639229,0.5023392566100663,-0.4120514224630996,0.5023173670763631,-0.41203513097689265,0.28648309558601515,-0.20213464240058437,-0.2153705634633457,0.20979859768774248,0.0004855975607054863,-0.00011818237477273508,0.00046370802700226865,-0.00010189088856578377,0.7892860602230838,-0.6142879557522497,59.79722024747418,27.58437116231053,29.91528585730668,13.73527967256733,29.881944746475646,13.849044580959614,29.898615301891162,13.792162126763472,-1.0356308145276216e-05,4.690878358459827e-05,-10.43831900058115,-66.02456136170355,-66.4703281788862,0.0013989735177531836,-0.00458436728994276,-0.20406166030900863
1.7224,0.2868954691502291,-0.2015917478115723,0.5024337541774341,-0.4134123584550573,0.502411886563668,-0.41339548065038173,0.2859439952884971,-0.20136846319764526,-0.2160030881511879,0.21192381404811073,0.0004866707377490509,-0.0001200812093013065,0.00046480312398294865,-0.00010320340462573185,0.7888425525899141,-0.6148840250573283,59.62495024769251,27.8192782595343,29.829153018963893,13.852674714704847,29.795807532604513,13.96655646974557,29.812480275784203,13.909615592225208,-1.0303875896511272e-05,4.707508388435144e-05,-10.382513528700914,-65.99862983309967,-66.4456210702847,0.0015411985124866954,-0.0047346562843186965,-0.204294121168914
1.7232,0.2863629999811011,-0.20082768027144243,0.502522077853686,-0.41477575709536724,0.5025002389764632,-0.41475829252438917,0.28540935636435755,-0.20060116847913861,-0.21662498024234525,0.21405260043458765,0.0004877412469831699,-0.00012198818164094183,0.000465902369760407,-0.00010452361066287663,0.788397336587804,-0.6154814491851688,59.453352496312945,28.05417059828078,29.74335659314854,13.970061603885569,29.7100061545785,14.084061751742226,29.72668137386352,14.027061677813897,-1.0251414096273948e-05,4.724265298605701e-05,-10.327099729314813,-65.97269934885169,-66.42083814092678,0.001683757381419148,-0.004885356084815332,-0.2045194919753044
1.7240000000000002,0.2858349931275708,-0.20006254684962635,0.502604209609244,-0.41614158598001655,0.5025824062959199,-0.41612353430651666,0.2848791783472365,-0.19983279196857762,-0.21723622221517833,0.21618489073416464,0.0004888090468292139,-0.00012390327727432315,0.0004670057335051103,-0.00010585160377442338,0.7879503936899855,-0.6160802295523686,59.28242342738466,28.289047496349404,29.657894789948486,14.087439999287994,29.62453883635091,14.201560085564594,29.641216813149697,14.144500042426294,-1.019891473674761e-05,4.7411496815641385e-05,-10.27207314377404,-65.94677026466523,-66.39597996197423,0.0018265718172819796,-0.0050364530094413424,-0.20473772670055723
1.7248,0.28531144774010686,-0.19929638128096303,0.5026801316013396,-0.4175098125793448,0.5026583706881844,-0.41749117357913534,0.2843534604616617,-0.19906336731888197,-0.21783679704387773,0.21832061877931758,0.0004898740958001746,-0.00012582648114523032,0.0004681131826449747,-0.00010718748093581365,0.7875017052456463,-0.6166803673791625,59.11215949584806,28.52390829441776,29.572765829916403,14.204809571645725,29.539403812301437,14.319051141150837,29.556084821108918,14.261930356398281,-1.0146369774588493e-05,4.7581621199555e-05,-10.21742939215654,-65.92084293612476,-66.3710471228992,0.001969562065639138,-0.005187933221117738,-0.20494878076431178
1.7256,0.2847923626599204,-0.19852921722554231,0.5027498261747876,-0.41888040423921546,0.5027281145051441,-0.41886117780052834,0.28383220162454414,-0.19829292810891186,-0.21842668819773353,0.22045971835264483,0.0004909363525099075,-0.00012775777765877683,0.00046922468286639263,-0.00010853133897166523,0.7870512524821982,-0.6172818636870989,58.94255717750174,28.758752355820537,29.4879679440551,14.322170003136137,29.45459932721787,14.436534599652731,29.471283635636485,14.379352301394434,-1.0093771230401671e-05,4.775303166937306e-05,-10.163164171437781,-65.89491771860934,-66.34604023120703,0.0021126469284735924,-0.005339782732432616,-0.20515261106174876
1.7264,0.2842777364205173,-0.19776108826523983,0.5028132758627558,-0.4202533281821889,0.5027916202851845,-0.42023351430603423,0.2833154004467196,-0.19752150784003383,-0.21900587964035176,0.2226021231914747,0.0004919957756844562,-0.0001296971506803274,0.00047034019811320604,-0.00010988327452565727,0.7865990165075886,-0.6178847192967484,58.77361296896913,28.993579066330252,29.4034993738023,14.439520987270171,29.370123636277874,14.554010153326132,29.386811505040086,14.496765570298152,-1.0041111039527095e-05,4.792573394851729e-05,-10.109273253713038,-65.86899496718122,-66.32095991220336,0.0022557437681231963,-0.005491987410552864,-0.20534917598865832
1.7272,0.28376756724929497,-0.19699202790028358,0.5028704633875237,-0.4216285515086981,0.50284887075394,-0.42160815030919213,0.28280305523453453,-0.19674913993271664,-0.21957435582881712,0.224747766992445,0.0004930523241720719,-0.00013164458353642772,0.00047145969058837167,-0.00011124338403048495,0.7861449783126466,-0.6184889348254452,58.60532338766504,29.228387833940094,29.319358371015706,14.556862228783146,29.285975005030497,14.671477505423482,29.302666688023102,14.614169867103314,-9.988381165726423e-06,4.80997334655342e-05,-10.055752484469458,-65.84307503649016,-66.29580680871707,0.0023987685115036696,-0.00564453298222046,-0.20553843546750272
1.728,0.28326185306918467,-0.1962220695458527,0.5029213716612352,-0.42300604119822366,0.5028998488250347,-0.42298505290288735,0.2822951639914763,-0.19597585772315962,-0.22013210171280442,0.22689658341604935,0.0004941059569544548,-0.00013360005901469352,0.00047258312075393327,-0.00011261176367838299,0.7856891187734655,-0.6190945106850617,58.43768497176193,29.46317808864833,29.235543197957696,14.674193443526434,29.202151709377834,14.78893637008629,29.218847453667763,14.731564906806362,-9.935573594077596e-06,4.8275035606337724e-05,-10.002597780906399,-65.81715828066382,-66.27058158085464,0.002541635654633632,-0.005797405038855596,-0.2057203509708927
1.7288000000000001,0.28276059150033556,-0.1954512465287072,0.5029659837866428,-0.42438576411047535,0.5029445376008214,-0.42436418906050255,0.2817917244198452,-0.19520169445995159,-0.22067910273364175,0.2290485060911595,0.0004951566331559409,-0.0001355635593642407,0.0004737104473344633,-0.00011398850939141336,0.7852314186538225,-0.6197014470798183,58.27069428015549,29.697949282245176,29.15205212727969,14.791514358359962,29.118652035556146,14.90638647223959,29.135352081417917,14.848950415299775,-9.88268034518569e-06,4.845164562539139e-05,-9.949805130302261,-65.79124505323206,-66.24528490569881,0.002684258267505492,-0.005950589041873755,-0.20589488554574586
1.7296,0.28226377986184475,-0.19467959208385374,0.5030042830578447,-0.4257676869865685,0.5029829203731065,-0.42574552563706314,0.2812927339224718,-0.19442668330076557,-0.2212153448233174,0.23120346861950616,0.0004962043120556037,-0.00013753506629679557,0.0004748416273173961,-0.00011537371679139208,0.784771858607634,-0.6203097440041255,58.104347892431065,29.932700888100744,29.068883442006957,14.908824711045696,29.03547428011751,15.02382754748642,29.05217886106223,14.966326129266058,-9.82969339702322e-06,4.8629568627944764e-05,-9.897370588426798,-65.76533570700225,-66.21991747706734,0.0028265479992264798,-0.006104070327971673,-0.20606200383508622
1.7304,0.28177141517352733,-0.1939071393512419,0.503036252961014,-0.42715177645020846,0.5030149806238751,-0.4271290293703914,0.28079818960447306,-0.19365085730908396,-0.22174081440344431,0.233361404580137,0.0004972489530965796,-0.00013951456098749981,0.0004759766159576906,-0.00011676748117042668,0.7843104191814447,-0.6209194012404629,57.93864240882866,30.167432400955516,28.986035435522737,15.026124250142075,28.95261674991066,15.141259342003735,28.9693260927167,15.083691796072905,-9.776604734668126e-06,4.880880970503654e-05,-9.845290277996899,-65.73943059398358,-66.19448000519847,0.002968415083460143,-0.006257834114575203,-0.20622167209944564
1.7312,0.2812834941577291,-0.19313392137249752,0.5030618771751212,-0.4285379990088721,0.5030407020260025,-0.42851466688225687,0.2803080882750519,-0.19287424945095968,-0.22225549838417138,0.23552224753383588,0.0004982905158979756,-0.000141502024076548,0.00047711536677924604,-0.0001181698974613149,0.7838470808169524,-0.6215304183572931,57.77357445020847,30.40214333671212,28.903506411552513,15.143412734899115,28.870077762062365,15.25868161243919,28.88679208680744,15.201047173669153,-9.723406407147195e-06,4.89893738127023e-05,-9.793560387174937,-65.71353006526743,-66.16897321649783,0.0031097683441966804,-0.00641186550541532,-0.2063738582373844
1.732,0.28080001324118165,-0.19235997108769048,0.5030811395726479,-0.42992632105499085,0.503060068443964,-0.42990240467952906,0.27982242644933675,-0.1920968925918124,-0.22275938416304675,0.2376859310275085,0.0004993289602643891,-0.00014349743566990925,0.0004782578315805086,-0.00011958106020815151,0.7833818238535651,-0.6221427947070113,57.60914065801642,30.63683323222891,28.82129468414834,15.260689935154474,28.787855643958494,15.376094125808706,28.804575164053418,15.31839203048159,-9.670090413749222e-06,4.917126572934194e-05,-9.742177168108153,-65.68763447095273,-66.14339785321698,0.00325051520178988,-0.006566149496152222,-0.2065185318047611
1.7328000000000001,0.28032096855689503,-0.19158532133213607,0.5030940242202951,-0.43131670886713924,0.5030730639345348,-0.43129220915533384,0.27934120035025994,-0.19131881949325763,-0.22325245962383747,0.23985238859853972,0.000500364246197732,-0.00014550077534195016,0.0004794039604373579,-0.00012100106353651885,0.7829146285309925,-0.6227565294239334,57.44533769424856,30.871501645115778,28.73939857767261,15.377955631230506,28.7059487332248,15.493496659395035,28.722673655448705,15.43572614531277,-9.616648853238985e-06,4.935449023690808e-05,-9.691136935507652,-65.66174416002725,-66.11775467318571,0.0033905616793044697,-0.006720670980086109,-0.20665566403275193
1.7336,0.27984635594609264,-0.1908100048332357,0.5031005153796831,-0.4327091286112187,0.5030796727474852,-0.43268404659020604,0.2788644059104772,-0.19054006280997451,-0.22373471313529927,0.24202155377910728,0.0005013963339066951,-0.0001475120221369336,0.0004805537017087691,-0.00012243000112427405,0.7824454749918691,-0.6233716214223175,57.282162241416444,31.106148153530896,28.657816426782233,15.495209613831868,28.62435537770802,15.610889000647106,28.641085902245127,15.553049307239487,-9.563073810170408e-06,4.953905192195407e-05,-9.64043606526612,-65.63585948029402,-66.09204444949933,0.0035298124091386078,-0.00687541475394987,-0.20678522784521647
1.7344,0.2793761709601832,-0.19003405420735095,0.5031005975080436,-0.4341035463416481,0.5030798793262672,-0.4340778831532494,0.2783920387743229,-0.18976065508660722,-0.22420613354990235,0.24419336010046966,0.0005024251838183502,-0.00014953115457119748,0.00048170700204194783,-0.00012386796617251672,0.7819743432844084,-0.6239880693944277,57.11961100251151,31.340772355980054,28.57654657641221,15.612451683944244,28.54307393545662,15.728270947080496,28.559810255934416,15.67036131551237,-9.509357319359424e-06,4.9724955314189856e-05,-9.59007099311268,-65.60998077826191,-66.06626797021967,0.0036681706399499057,-0.007030365523831927,-0.2069071978746706
1.7352,0.278910408862772,-0.1892575019567172,0.5030942552589068,-0.4354999280025528,0.5030736683086965,-0.4354736849032927,0.2779240942998051,-0.1889806287547047,-0.22466671020251308,0.24636774109721182,0.0005034507565886692,-0.0001515581506362912,0.0004828638063782975,-0.00012531505137618193,0.7815012133650903,-0.6246058718086337,56.95768070096964,31.575373871117066,28.495587381759606,15.729681652733781,28.462102774701595,15.845642306178448,28.4788450782306,15.787661979456114,-9.455491557730511e-06,4.991220483674397e-05,-9.54003821330399,-65.58410839905112,-66.04042603806923,0.0038055382438593466,-0.007185507911050735,-0.20702155047706583
1.736,0.27844906463170926,-0.18848038046639395,0.5030814734827801,-0.43689823942895356,0.5030610245276269,-0.43687141779004757,0.277460567560637,-0.18820001612969817,-0.22511643290903038,0.24854463031145452,0.0005044730131127384,-0.00015359298780087682,0.0004840240579595534,-0.00012677134889489683,0.7810260651013766,-0.6252250269075466,56.79636808063566,31.809952337545766,28.414937208267066,15.846899341447099,28.381440273837242,15.963002895293826,28.398188741052152,15.904951118370462,-9.40146864536473e-06,5.010080484169066e-05,-9.490334277350424,-65.55824268631076,-66.014519470127,0.003941815723926769,-0.007340826458206762,-0.20712826374577276
1.7368000000000001,0.2779921329611741,-0.1877027220012525,0.5030622372278198,-0.43829844634796167,0.5030419330116186,-0.43827104765527164,0.277001453348303,-0.18741884940791376,-0.22555529196498067,0.2507239612970335,0.0005054919145361658,-0.00015563564301437904,0.0004851876983349157,-0.00012823695032435078,0.7805488782744577,-0.6258455327061998,56.635669905727276,32.04450741362444,28.334594431606362,15.96410458131269,28.30108482140168,16.080352541552237,28.31783962650402,16.022228561432463,-9.347280766291988e-06,5.0290759510573935e-05,-9.440955792776064,-65.53238398211116,-65.98854909751128,0.00407690222192049,-0.007496305635214147,-0.20722731752414347
1.7376,0.2775396082637966,-0.18692455870300392,0.5030365317404975,-0.4397005143799683,0.5030163789856003,-0.4396725402339259,0.2765467461741631,-0.18663716066362682,-0.22598327814406904,0.25290566762363176,0.0005065074222653787,-0.00015768609270976064,0.00048635466736815514,-0.00012971194666731856,0.7800696325820287,-0.6264673869902625,56.47558296079953,32.279038777270806,28.25455743766193,16.081297213442376,28.221034816057745,16.19769108175548,28.237796126859838,16.139494147598928,-9.292920147174755e-06,5.04820729503308e-05,-9.391899421911798,-65.50653262685935,-65.96251576507056,0.004210695526341955,-0.007651929845448089,-0.20731869341699394
1.7384,0.27709148467281214,-0.1861459225872641,0.5030043424662572,-0.4411044090398423,0.502984347871525,-0.4410758611553401,0.2760964402715887,-0.18585498184615154,-0.2264003826966907,0.25508968288088335,0.0005075194979778652,-0.00015974431280739443,0.0004875249032456064,-0.00013119642830515532,0.7795883076410915,-0.627090587314299,56.31610405070835,32.51354612576961,28.174824622514127,16.198477088734222,28.141288666573224,16.315018362286253,28.158056644543677,16.256747725510238,-9.238379007570074e-06,5.067474913289516e-05,-9.343161880720142,-65.48068895921189,-65.93642033106363,0.004343092080731829,-0.007807683431866164,-0.20740237480100632
1.7392,0.2766477560442528,-0.18536684554065935,0.5029656550501688,-0.4425100957381235,0.5029458252890203,-0.44248097594437436,0.27565052959813474,-0.18507234477697174,-0.22680659734840075,0.25727594068243337,0.0005085281036332212,-0.0001618102787183523,0.0004886983424848002,-0.0001326904849692362,0.7791048829907883,-0.6277151310000645,56.15723000057462,32.748029175581216,28.095394392422627,16.315644067775786,28.061844791801636,16.432334239013407,28.078619592112133,16.373989153394596,-9.183649645194691e-06,5.0868792023095466e-05,-9.294739937651125,-65.45485331597907,-65.91026366683599,0.004473986992249281,-0.007963550683209687,-0.20747834683373867
1.74,0.27620841595917045,-0.18458735931797268,0.5029204553375723,-0.4439175397822187,0.5029007970560315,-0.44388785002258224,0.2752090078377439,-0.18428928114691107,-0.22720191429834477,0.25946437466995864,0.0005095332014836973,-0.0001638839653490265,0.0004898749199428731,-0.00013419420571256224,0.7786193380952591,-0.6283410151348423,55.99895765574786,32.98248766215159,28.01626516380962,16.432798020748116,27.982701620662596,16.549638577198095,27.999483392236108,16.491218298973106,-9.12872435776535e-06,5.10642053797028e-05,-9.24663041252815,-65.42902603203233,-65.88404665650575,0.004603274040487251,-0.008119515840255262,-0.20754659646200935
1.7408000000000001,0.2757734577258933,-0.18380749553932751,0.5028687293747182,-0.4453267063776017,0.5028492491894596,-0.4452964487093788,0.27477186840298296,-0.18350582251334108,-0.22758632621765074,0.26165491851715594,0.0005105347540844685,-0.00016596534710469624,0.0004910545688258938,-0.00013570767888176904,0.778131652346527,-0.6289682365698245,55.84128388176961,33.21692133972475,27.937435363242862,16.54993882733107,27.90385759212226,16.666931251400747,27.92064647768256,16.608435039365908,-9.07359550694764e-06,5.126099293306652e-05,-9.19883017546286,-65.40320744022223,-65.85777019663925,0.0047308456865829,-0.008275563102014166,-0.20760711242800767
1.7416,0.2753428743823148,-0.1830272856874158,0.5028104634093978,-0.446737560629009,0.5027911679057929,-0.4467067372232032,0.27433910443731147,-0.18272200029743244,-0.22795982624778227,0.26384750593368195,0.0005115327243041534,-0.0001680543978945931,0.0004922372206992154,-0.00013723099208880207,0.7776418050674085,-0.6295967919185301,55.6842055643372,33.45132998115557,27.858903427418895,16.667066376608396,27.825311155173814,16.784212145388835,27.842107291296355,16.725639260998616,-9.018255511250572e-06,5.145915833537629e-05,-9.151336145798354,-65.37739787128675,-65.83143519591835,0.004856593082551382,-0.008431676632078465,-0.2076598852759446
1.7424,0.2749166586982132,-0.18224676110476348,0.502745643891572,-0.4481500675416417,0.502726539621734,-0.44811868068268973,0.2739107088173807,-0.18193784578144356,-0.22832240799885603,0.26604207066906216,0.0005125270753351951,-0.00017015109113596716,0.0004934228054972456,-0.00013876423218397993,0.7771497755144499,-0.6302266775552693,55.52771960926677,33.68571337772516,27.780667803145853,16.784180566974797,27.74706076881773,16.901481152045356,27.76386428598179,16.842830859510077,-8.962696810499438e-06,5.1658705004342664e-05,-9.10414529107961,-65.35159765376774,-65.80504257481806,0.004980406080890529,-0.00858784056481845,-0.2077049073554349
1.7432,0.27449480317760094,-0.18146595299103965,0.5026742574739891,-0.4495641920223661,0.5026553509548188,-0.4495322441078333,0.2734866741553626,-0.18115339010605275,-0.22867406554792222,0.26823854651655354,0.0005135177707042693,-0.00017225539975981863,0.0004946112515340495,-0.00014030748522705916,0.7766555428808857,-0.6308578896136459,55.37182294245681,33.92007133895706,27.702726947326443,16.901281306042485,27.669104902042257,17.01873817327813,27.685915924684352,16.960009739660308,-8.906911894257519e-06,5.185963644294134e-05,-9.057254626050549,-65.32580711392013,-65.77859326528687,0.0051021732444173845,-0.008744039011779902,-0.2077421728254194
1.744,0.27407730006110637,-0.1806848924004075,0.5025962910128002,-0.4509798988809133,0.5025775887240329,-0.4509473924211588,0.27306699280130864,-0.18036866426773057,-0.22901479343720904,0.270436867316967,0.0005145047742825537,-0.00017436729621572722,0.000495802485515201,-0.00014186083646122727,0.7761590862996242,-0.6314904239851051,55.21651250985127,34.154403692434954,27.62507932694089,17.01836851054926,27.59144203380365,17.13598311992974,27.60826068037227,17.0771758152395,-8.850893266298954e-06,5.2061955955196026e-05,-9.010661211676888,-65.30002657562886,-65.75208821040077,0.005221781856370679,-0.008900256067889257,-0.20777167765612603
1.7448000000000001,0.2736641413283802,-0.17990361023891477,0.5025117315681655,-0.4523971528310858,0.5024932399504195,-0.4523640904488934,0.2726516568455358,-0.1795836991161529,-0.22934458667233457,0.27263696696245576,0.0005154880502952486,-0.00017648675247713963,0.0004969964325491905,-0.0001434243702847504,0.7756603848462506,-0.6321242763175234,55.06178527740241,34.38871028362251,27.54772341902958,17.13544210626719,27.514070653006378,17.253215911688557,27.53089703601798,17.194329008977874,-8.794633551190145e-06,5.2265666759865326e-05,-8.9643621541938,-65.27425636033584,-65.7255283640428,0.005339117930717057,-0.00905647581777462,-0.2077934196299509
1.7456,0.27325531870053377,-0.17912213726193016,0.5024205664048569,-0.4538159184919577,0.5024022918576835,-0.4537823029221352,0.2722406581210419,-0.17879852535165777,-0.22966344072048234,0.2748387794002525,0.0005164675633326232,-0.000178613740047448,0.0004981930161592207,-0.00014499817022493866,0.7751594175420581,-0.6327594420138404,54.90763823103414,34.62299097568361,27.47065771067584,17.25250202791161,27.4369892584837,17.37043647700002,27.45382348457977,17.311469252455815,-8.738125401919206e-06,5.2470771976231845e-05,-8.918354604178072,-65.24849678694112,-65.69891469057337,0.005454066222731792,-0.009212682342092555,-0.20780739834117412
1.7464,0.27285082364260255,-0.17834050407161872,0.5023227829928535,-0.4552361603890825,0.5023047318727896,-0.4552019944780274,0.27183398820594656,-0.17801317352274224,-0.229971351508547,0.27704223863637445,0.0005174432783599248,-0.00018074822996581863,0.0004993921582960303,-0.00014658231891069573,0.7746561633570961,-0.6333959162307354,54.75406837660464,34.857245649305014,27.393880698988568,17.369548219051374,27.360196358977603,17.487644752979023,27.377038528983086,17.4285964860152,-8.681361528317666e-06,5.267727461699678e-05,-8.872635755643536,-65.22274817172337,-65.67224816449827,0.00556651023977828,-0.009368859723717832,-0.20781361519436814
1.7472,0.2724506473660359,-0.17755874111446246,0.5022183690079308,-0.4566578429556983,0.5022005476265555,-0.45662312966093177,0.27143163842595824,-0.17722767402360282,-0.23026831542124607,0.2792472787392824,0.0005184151607264542,-0.0001828901928131038,0.0005005937793511883,-0.00014817689804656753,0.7741506012132403,-0.6340336938773476,54.60107273986934,35.091474202519976,27.31739089108482,17.48658063201924,27.283690473119115,17.60484068532302,27.300540682101968,17.54571065867113,-8.624334597584493e-06,5.288517771617762e-05,-8.82720284515951,-65.19701082827359,-65.64552977013014,0.0056763322523301005,-0.00952499205405092,-0.20781207340249352
1.748,0.27205478083121426,-0.17677687867882397,0.5021073123322456,-0.45808093053393356,0.50208972695424,-0.4580456729236003,0.27103359985686826,-0.17644205709171912,-0.23055432929920155,0.2814538338434954,0.0005193831761757806,-0.00018503959871901676,0.0005017977981702226,-0.00014978198838580536,0.773642709987284,-0.6346727696140384,54.44864836644363,35.32567655053284,27.241186804072413,17.603599227823366,27.207470129408744,17.722024228225393,27.22432846674058,17.66281172802438,-8.567037532714039e-06,5.309448408041817e-05,-8.7820531509914,-65.17128506740568,-65.6187605012654,0.005783413305204273,-0.009681063439198064,-0.20780277798223779
1.7488000000000001,0.27166321474998884,-0.17599494689255132,0.5019896010549137,-0.4595053873760179,0.5019722578961242,-0.45946958862835524,0.27063986332706613,-0.1756563528054781,-0.23082939043699147,0.28366183815317186,0.0005203472908560935,-0.00018719641736794634,0.0005030041320665812,-0.00015139766970526103,0.7731324685140465,-0.6353131378512014,54.296792321765494,35.55985262554614,27.16526696503226,17.72060397605943,27.131533866196413,17.83919534429024,27.148400415614336,17.779899660174834,-8.509463178540955e-06,5.3305196473729666e-05,-8.737183992262667,-65.14557119707328,-65.59194136084736,0.005887633229028272,-0.009837058006160044,-0.20778573574963843
1.7496,0.27127593958824747,-0.17521297572062955,0.5018652234725824,-0.4609311776454885,0.5018481286980899,-0.46089484104826073,0.2702504194200829,-0.17487059108184458,-0.231093496581171,0.2858712259456376,0.0005213074713285581,-0.0001893606180063817,0.0005042126968360372,-0.0001530240207785888,0.7726198555895014,-0.6359547927481117,54.1455016910583,35.79400237658778,27.089629911000895,17.83759485482294,27.05588023166183,17.95635400444725,27.072755071331365,17.896974429635094,-8.451604429637882e-06,5.351731758906908e-05,-8.692592728137935,-65.11986952230856,-65.56507336063862,0.005988870651894071,-0.009992959909011265,-0.20776095531431338
1.7504,0.27089294556850196,-0.17443099496287306,0.5017341680899982,-0.462358265418403,0.5017173278121916,-0.4623213943683045,0.2698652584771526,-0.17408480167407162,-0.2313466459282676,0.28808193157488143,0.0005222636845779727,-0.00019153216945001772,0.0005054234067713992,-0.00015466111935145965,0.7721048499739221,-0.6365977282118261,53.99477357929314,36.028125769340555,27.014274188952818,17.95457185062302,26.98050778379461,18.073500187867538,26.997390986373716,18.014036019245278,-8.393454294264302e-06,5.3730849998601116e-05,-8.648276757026132,-65.0941803451291,-65.5381575208876,0.006087003011254515,-0.010148753334935947,-0.20772844707181548
1.7512,0.2705142226724993,-0.17364903425166364,0.501596423620567,-0.4637866146845498,0.5015798438972237,-0.46374921268657526,0.26948437059980007,-0.1732990141694567,-0.23158883712274567,0.2902938894750024,0.000523215898021262,-0.0001937110400907216,0.0005066361746779435,-0.0001563090421161928,0.771587430395045,-0.6372419378961227,53.84460511115138,36.26222278597263,26.93919835578277,18.071534958296148,26.90541509037449,18.190633881880245,26.92230672307863,18.131084420088197,-8.335005880155677e-06,5.394579623896334e-05,-8.604233515803516,-65.06850396447835,-65.51119486999494,0.006181906565984462,-0.010304422510331859,-0.207688223195845
1.752,0.2701397606438535,-0.17286712304973287,0.5014519789869114,-0.4652161893486593,0.5014356658192829,-0.4651782600154411,0.269107745652448,-0.1725132579871416,-0.23182006925494641,0.292507034163613,0.0005241640795169977,-0.00019589719790476245,0.0005078509118884855,-0.00015796786468653956,0.7710675755512478,-0.6378874152004874,53.69499343098735,36.49629342496895,26.86440097828809,18.18848418092073,26.830600728951573,18.30775508188946,26.84750085361983,18.248119631405096,-8.276252309258325e-06,5.416215875442276e-05,-8.560460479055813,-65.04284067614466,-65.48418644419354,0.006273456408677469,-0.010459951706780804,-0.2076402976288989
1.7528000000000001,0.2697695489906984,-0.172085290647987,0.5013008233214205,-0.46664695323162075,0.5012847826523258,-0.4666085002827337,0.2687353732650439,-0.1717275623759536,-0.232040341859002,0.29472130024520693,0.0005251081973745853,-0.00019809061046019427,0.0005090675282799217,-0.00015963766157317538,0.7705452641147442,-0.6385341532691475,53.545935702790295,36.73033770096483,26.78988063315071,18.305419529732667,26.756063286826407,18.424863791292324,26.77297195998856,18.365141660512496,-8.21718682431083e-06,5.437993984003242e-05,-8.516955158338824,-65.01719077269031,-65.45713328721085,0.006361526478110058,-0.010615325247014215,-0.20758468607166947
1.7536,0.26940357698836126,-0.1713035661633786,0.5011429459667953,-0.4680788700716939,0.5011271836787212,-0.4680398973329278,0.26836724283570884,-0.17094195641229412,-0.23224965491072322,0.29693662241447444,0.0005260482203632566,-0.00020029124492530748,0.0005102859322891617,-0.00016131850615917764,0.7700204747347934,-0.6391821449901471,53.3974291101472,36.96435564457995,26.71563590691962,18.42234102404099,26.681801361030228,18.541960021397173,26.698718633974924,18.48215052271908,-8.15780264673549e-06,5.459914179084535e-05,-8.473715101457257,-64.99155454337813,-65.43003644994964,0.006445989571915474,-0.010770527510711652,-0.2075214059719599
1.7544,0.2690418336820544,-0.17052197853682036,0.5009783364765887,-0.46951190352572725,0.5009628583897991,-0.4694724149283273,0.2680033435334039,-0.1701564689980681,-0.23244800882546482,0.299152935459583,0.0005269841177200363,-0.00020249906807610907,0.0005115060309304753,-0.0001630104706761698,0.7694931860409231,-0.6398313829944715,53.24947085620469,37.19834730225433,26.641665395992728,18.539248691144522,26.60781355830514,18.659043791343016,26.624739477148935,18.59914624124377,-8.09809318269572e-06,5.481976678822775e-05,-8.43073789176096,-64.9659322741186,-65.40289699015246,0.0065267173594201885,-0.010925542940396769,-0.207450476512264
1.7551999999999999,0.2686843078895864,-0.16974055653114564,0.5008069846157404,-0.47094601717037454,0.5007917964863929,-0.47090601675024857,0.26764366430061437,-0.16937112885865968,-0.23263540445596625,0.3013701742654089,0.0005279158591597333,-0.0002047140463059538,0.0005127277298123123,-0.00016471362617997976,0.7689633766461671,-0.6404818596552142,53.1020581636315,37.432312736085045,26.567967706599063,18.656142566249052,26.534098495084272,18.776115128019043,26.551033100841668,18.716128847134048,-8.038051838354932e-06,5.504181694959698e-05,-8.388021147458293,-64.94032424737632,-65.37571597208567,0.006603580394690825,-0.011080356047081186,-0.2073719185961238
1.756,0.2683309882040898,-0.1689593287291124,0.5006288803611062,-0.472381174503313,0.5006139878793782,-0.4723406664002079,0.2672881938560527,-0.16858596454095112,-0.23281184309017092,0.3035882738167287,0.000528843414882546,-0.00020693614563320473,0.0005139509331545389,-0.00016642804252807453,0.7684310251503135,-0.6411335670867923,52.95518827458062,37.66625202366447,26.49454145478071,18.773022692385062,26.460654797472063,18.893174065985157,26.477598126126388,18.83309837918511,-7.977672154879656e-06,5.526529425026183e-05,-8.345562520946025,-64.91473074212205,-65.34849446621746,0.0066764481297313175,-0.011234951415983543,-0.2072857548338618
1.7568000000000001,0.2679818629967667,-0.16817832353145296,0.500444013901983,-0.4738173389444631,0.5004294226902076,-0.47377632740110753,0.26693692069737723,-0.16780100441138698,-0.2329773264490234,0.30580716920136536,0.0005297667555824448,-0.00020916533171073948,0.0005151755438070338,-0.00016815378835520478,0.7678961101431674,-0.6417864971442052,52.8088584506516,37.900165257919625,26.42138526637492,18.88988912032608,26.387481101224374,19.01022064739287,26.404433183799647,18.950054883859476,-7.916947694752707e-06,5.549020067263655e-05,-8.303359698155347,-64.88915203376348,-65.32123354889266,0.006745188927862575,-0.011389313712016765,-0.207192009527148
1.7576,0.26763692041964987,-0.167397569154968,0.5002523756406274,-0.4752544738372092,0.5002380912514403,-0.4752129631984256,0.26658983310392675,-0.16701627665408145,-0.2331318566842455,0.30802679561329266,0.0005306858524551095,-0.0002114015698350541,0.0005164014632679792,-0.0001698909310514779,0.7673586102078221,-0.6424406414223421,52.663065972852614,38.1340525469528,26.348497776995966,19.00674190850762,26.31457605172876,19.127254921907046,26.331536914362363,19.066998415207333,-7.855872112827456e-06,5.571653813518651e-05,-8.26141039791353,-64.86358839408479,-65.29393430200992,0.006809670077263003,-0.01154342768533885,-0.20709070865288481
1.7584,0.26729614840837895,-0.16661709363066507,0.500053956192771,-0.4766925424496233,0.5000399841072664,-0.4766505371614071,0.2662469191394699,-0.16623180926897044,-0.23327543637609424,0.3102470883556974,0.0005316006772068393,-0.00021364482495540849,0.0005176285917021795,-0.00017163953673922372,0.7668185039239431,-0.643095991255333,52.517808141562476,38.36791401388351,26.275877632017103,19.123581122946874,26.241938303984583,19.244276946628247,26.25890796800084,19.18392903478756,-7.794439206065817e-06,5.594430838584685e-05,-8.219712371320737,-64.83804009117226,-65.26659781271346,0.006869757804680991,-0.01169727817666217,-0.20698187984598349
1.7591999999999999,0.2669595346849914,-0.1658369248019434,0.4998487463881302,-0.4781315079756876,0.49983509201402854,-0.4780890125842554,0.26590816665496997,-0.16544763007000904,-0.2334080685310987,0.3124679828439953,0.0005325112020615475,-0.00021589506168324946,0.0005188568279598793,-0.0001733996702510815,0.76627576987106,-0.6437525377159476,52.37308227649285,38.60174979669139,26.20352348655225,19.240406837162794,26.169566522583402,19.361286786015413,26.186545004567826,19.300846811589103,-7.732642799851419e-06,5.617351317965813e-05,-8.178263401141713,-64.81250738936565,-65.23922517308053,0.006925317289295812,-0.011850850122626298,-0.2068655523807763
1.76,0.2666270667607269,-0.1650570903228227,0.4996367372709094,-0.47957133353652,0.4996234059407382,-0.47952835268732513,0.26557356329136195,-0.16466376668341223,-0.23352975657977937,0.3146894146088051,0.000533417399768088,-0.00021815224430267455,0.000520086069596859,-0.0001751713951078232,0.7657303866318681,-0.64441027161504,52.22888571665035,38.83556004806044,26.13143400543816,19.35721913209681,26.09745938168905,19.47828451180942,26.114446693563604,19.417751821953114,-7.670476854571007e-06,5.6404154207712054e-05,-8.1370613012118,-64.7869905491987,-65.21181747980023,0.00697621267672649,-0.012004128560886757,-0.2067417571527983
1.7608000000000001,0.2662987319388455,-0.1642776176562177,0.4994179201003025,-0.4810119821815994,0.4994049170695877,-0.48096852061831746,0.26524309648234307,-0.16388024654594144,-0.23364050437435083,0.31691131929887884,0.0005343192436086663,-0.00022041633677909178,0.0005213162128938076,-0.00017695477349714828,0.7651823327955395,-0.645069183501038,52.08521582029856,39.06934493522426,26.05960786321583,19.4740180960341,26.025615565018043,19.595270202957146,26.042611714116937,19.534644149495623,-7.6079353164004715e-06,5.663623301188636e-05,-8.096103915856945,-64.7614898273348,-65.18437583386793,0.007022307093199781,-0.012157098635307863,-0.20661052665843727
1.7616,0.26597451731745664,-0.16349853407225728,0.49919228635098734,-0.4824534168899948,0.4991796167964584,-0.4824094794534763,0.26491675345717497,-0.1630970969032344,-0.23374031618640703,0.31913363268398975,0.0005352167074053338,-0.00022268730277071047,0.0005225471528763626,-0.00017874986625217304,0.7646315869610387,-0.6457292636594814,51.94206996492003,39.30310463981261,25.988043744112623,19.59080382452545,25.954033765819744,19.71224394553596,25.971038754966184,19.651523885030706,-7.545012337573098e-06,5.6869751198007634e-05,-8.055389119327291,-64.73600547651314,-65.15690134028053,0.007063462659849903,-0.012309745600847282,-0.20647189497469753
1.7624,0.2656544097923601,-0.16271986664664775,0.4989598277136157,-0.4838956005715952,0.498947496731424,-0.4838511921987881,0.2645945212434974,-0.16231434480817933,-0.2338291967045911,0.3213562906577781,0.0005361097655271763,-0.00022496510563775607,0.0005237787833355101,-0.00018055673283064178,0.7640781277404487,-0.6463905021126052,51.79944554717829,39.5368393576993,25.916740342023694,19.70757642030984,25.882712686856703,19.829205832679207,25.899726514440196,19.768391126494524,-7.481702105849308e-06,5.710471025111019e-05,-8.014914815243966,-64.71053774549793,-65.12939510773231,0.007099540507163068,-0.012462054828492488,-0.20632589773759946
1.7631999999999999,0.26533839605989784,-0.16194164225908306,0.49872053609529965,-0.4853384960683394,0.49870854869925063,-0.48529362179118024,0.2642763866701519,-0.16153201711933476,-0.23390715103225027,0.3235792292405509,0.0005369983928974753,-0.00022724970845373893,0.0005250109968484573,-0.0001823754312945819,0.7635219337622999,-0.6470528886189688,51.6573399828798,39.77054929885062,25.845696360493772,19.824335993237355,25.8116510403849,19.946155964501784,25.828673700439335,19.88524597886957,-7.4179988729383695e-06,5.7341111478592666e-05,-7.974678936058776,-64.68508687901613,-65.10185824831093,0.0071304007895510455,-0.012614011809982551,-0.20617257211998208
1.764,0.26502646261981516,-0.16116388759169809,0.49847440362009215,-0.4867820661554496,0.4984627647398917,-0.48673673109972376,0.263962336370016,-0.16075014049939276,-0.23397418468507636,0.32580238458204125,0.0005378825649998142,-0.0002295410740155851,0.0005262436847993657,-0.00018420601828973704,0.7629629836749074,-0.6477164126731321,51.51575070693598,40.0042346871755,25.774910512698906,19.94108266019269,25.740847548134187,20.06309444802651,25.757879030416547,20.0020885541096,-7.3538971108177975e-06,5.75789562944351e-05,-7.934679442526395,-64.65965311771583,-65.07429187720636,0.007155902700055296,-0.012765602162457224,-0.20601195680882256
1.7648000000000001,0.2647185957781319,-0.16038662912756835,0.4982214226294638,-0.48822627354266424,0.4982101371089802,-0.4881804829268357,0.2636523567828455,-0.15996874141368747,-0.23403030358873333,0.3280256929641221,0.0005387622578849616,-0.00023183916485468303,0.0005274767374014167,-0.00018604854902616597,0.7624012561497107,-0.6483810635053778,51.374675173325265,40.23789576037625,25.70438152142803,20.057816545019186,25.67030094128848,20.18002139711107,25.687341231358253,20.118918971065128,-7.289391241727117e-06,5.781824599182528e-05,-7.894914323188712,-64.63423669810837,-65.04669711240355,0.007175904485169757,-0.012916811632982075,-0.20584409198181675
1.7656,0.2644147816500202,-0.1596098931492533,0.4979615856827745,-0.4896710808754745,0.49795065827831525,-0.48962484000948514,0.26334643415812653,-0.1591878461287464,-0.23407551407647148,0.33024909080347997,0.0005396374481764499,-0.00023414394324815235,0.0005287100437172121,-0.00018790307725878586,0.7618367298846183,-0.6490468300814797,51.234110855054986,40.471532769800746,25.63410811906447,20.17453777844357,25.600009960466327,20.29693693237536,25.6170590397654,20.235737355409466,-7.224475815803544e-06,5.8058981814212984e-05,-7.8553815938710345,-64.60883785252648,-65.01907507440964,0.007190263459789628,-0.013067626102973812,-0.2056690192825954
1.7664,0.2641150061626921,-0.15883370573738406,0.49769488555774083,-0.4911164507363632,0.4976843209363459,-0.49106976502040167,0.26304455455793213,-0.1584074807108869,-0.23410982288673124,0.332472514654247,0.0005405081130774869,-0.0002364553712293216,0.000529943491682533,-0.00018976965526781853,0.7612693836073555,-0.6497137011025179,51.09405524412318,40.705145980295754,25.56408904756772,20.291246498001094,25.529973355701006,20.41384118112974,25.54703120163436,20.352543839565417,-7.159145539503697e-06,5.830116491978288e-05,-7.816079297189743,-64.58345680906848,-64.99142688594193,0.007198836022256926,-0.01321803159242823,-0.20548678179684998
1.7671999999999999,0.26381925505829174,-0.1580580927692973,0.49742131525089917,-0.49256234564604234,0.49741111798865023,-0.4925152205692834,0.2627467038597894,-0.15762767102485653,-0.23413323716073414,0.3346959012105859,0.0005413742303756464,-0.0002387734105998851,0.000531176968126712,-0.00019164833384091584,0.7606991960788152,-0.6503816650047398,50.95450585148079,40.938735670061014,25.49432305845474,20.40794284796123,25.460189886421226,20.53073427730334,25.477256472437983,20.469338562632284,-7.093395176127615e-06,5.8544796445403335e-05,-7.777005502071268,-64.55809379156227,-64.96375367166647,0.007201477669542942,-0.013368014264145838,-0.2052974240258436
1.768,0.2635275138967955,-0.157283079917712,0.49714086797806406,-0.49400872806469565,0.49713104255841095,-0.49396116920400895,0.2624528677595498,-0.1568484427325173,-0.23414576444006485,0.33691918730923764,0.0005422357784494458,-0.0002410980229407278,0.0005324103587963092,-0.00019353916225400836,0.7601261460964102,-0.6510507099594669,50.81546020699336,41.17230213050457,25.42480891278165,20.524626979253952,25.39065832143136,20.64761636137314,25.407733617106505,20.586121670313545,-7.027219652400163e-06,5.8789877478204744e-05,-7.7381583032818835,-64.53274901951089,-64.93605655790441,0.007198043012511417,-0.01351756042766537,-0.20510099186094521
1.7688000000000001,0.26323976805891697,-0.15650869264945205,0.49685353717478214,-0.4954555603932202,0.4968440879868873,-0.49540757341185016,0.2621630317742664,-0.15606982129157423,-0.23414741266424302,0.33914230993202205,0.0005430927362727045,-0.00024342916962392935,0.0005336435483778434,-0.0001954421882538887,0.7595502124974265,-0.6517208238730483,50.67691585940329,41.40584566609893,25.355545381125125,20.64129904939618,25.32137743889202,20.764487580293718,25.338461410008573,20.70289331484495,-6.960613859519071e-06,5.903640902715779e-05,-7.699535820968198,-64.50742270806059,-64.90833667235304,0.007188385791285242,-0.013666656543308927,-0.2048975325572826
1.7696,0.26295600274901565,-0.15573495622421185,0.4965593164967822,-0.49690280497447226,0.49655024783388246,-0.49685439562068817,0.26187718124507525,-0.15529183195434673,-0.23413819016828688,0.34136520620830096,0.0005439450834200665,-0.00024576681182460203,0.0005348764205203305,-0.0001973574580405174,0.7589713741623778,-0.6523919943868596,50.53887037629149,41.63936659423859,25.286531243563935,20.757959222419373,25.252346026300476,20.881348087427106,25.269438634932207,20.81965365492324,-6.893572923161173e-06,5.928439210833858e-05,-7.6611362002079115,-64.48211506795317,-64.88059514382047,0.007172358890714498,-0.013815289225788136,-0.20468709470611657
1.7704,0.2626762029980112,-0.1549618956933659,0.49625819982041997,-0.498350424094515,0.49624951587820715,-0.4983015982002326,0.2615953013400799,-0.15451449976658369,-0.23411810568026797,0.34358781341739897,0.0005447928000720526,-0.0002481109105323259,0.0005361088578592355,-0.00019928501624992545,0.7583896100183591,-0.6530642088773486,50.401321344039445,41.8728652450985,25.217765289660306,20.874607668797182,25.18356288047117,20.99819804247369,25.20066408506574,20.936402855635436,-6.826092032952147e-06,5.953382763124182e-05,-7.622957610570646,-64.45682630548664,-64.85283310194637,0.007149814355928199,-0.013963445247953739,-0.2044697282076413
1.7711999999999999,0.26240035366629966,-0.15418953589882342,0.49595018124311946,-0.49979837998386645,0.4959418861181401,-0.49974914346324006,0.261317377057241,-0.15373784956632242,-0.23408716831885945,0.3458100689909803,0.0005456358670189732,-0.0002504614265637084,0.0005373407420396492,-0.000201224905937325,0.7578048990424001,-0.6537374544561262,50.26426636779112,42.10634196149335,25.149246318441335,20.99124456537364,25.11502680751629,21.11503761140318,25.132136562978815,21.05314108838841,-6.758166506415364e-06,5.9784716526678494e-05,-7.58499824568861,-64.43155662248327,-64.82505167694238,0.0071206034079791284,-0.014111111544285805,-0.20424548424290379
1.772,0.2621284394466728,-0.1534179014719258,0.4956352550838095,-0.5012466348187514,0.49562735277188397,-0.5011969936667375,0.26104339322726655,-0.15296190598279066,-0.23404538759087706,0.34803191051538623,0.0005464742656658972,-0.00025281832057451326,0.0005385719537403522,-0.00020317716856062262,0.7572172202648164,-0.6544117179701027,50.127703071415,42.33979709873797,25.080973138380422,21.10787009529202,25.046736622826224,21.23186696638634,25.063854880603323,21.16986853083918,-6.689791646863341e-06,6.003705960466732e-05,-7.547256322836783,-64.40630621624527,-64.79725199932729,0.00708457645955647,-0.014258275214232717,-0.2040144152455241
1.7728000000000002,0.2618604448672396,-0.1526470168323883,0.49531341588335664,-0.5026951507223537,0.495305910278018,-0.5026451110132466,0.2607733345165057,-0.1521866934353518,-0.23399277338881466,0.35025327573393017,0.00054730797803626,-0.00025518155307177603,0.0005398023726976287,-0.0002051418439646957,0.75662655277256,-0.6550869860016701,49.991629097465974,42.57323102450862,25.012944567378703,21.22448444792399,24.97869115105034,21.348686285726934,24.995817859214522,21.286585366825463,-6.620963070247399e-06,6.02908576965433e-05,-7.5097300825223945,-64.38107527952779,-64.76943519967116,0.007041583130787208,-0.014404923525464606,-0.2037765748725917
1.7736,0.2615963542943482,-0.15187690618728436,0.4949846584049927,-0.5041438897660718,0.4949775532959466,-0.5040934576520119,0.26050718542984214,-0.15141223613249236,-0.23392933598837448,0.3524741025491535,0.0005481369867760544,-0.00025755108442597485,0.0005410318777299972,-0.00020711897036600202,0.7560328757125648,-0.6557632448689301,49.8560421071474,42.8066441187055,24.945159432746237,21.3410878187994,24.910889226077472,21.465495753794478,24.928024329411855,21.40329178629694,-6.551676307253729e-06,6.0546111619430576e-05,-7.472417788083438,-64.3558640005028,-64.74160240833422,0.006991472265097175,-0.01455104391700927,-0.2035320179756468
1.7744,0.261336151935509,-0.15110759353007308,0.49464897763473864,-0.5055928139707786,0.4946422767063443,-0.5055419956802305,0.2602449303135894,-0.150638558070852,-0.23385508604599226,0.354694329025042,0.0005489612751569672,-0.000259926874884589,0.0005422603467626352,-0.00020910858433649537,0.7554361682950907,-0.6564404806259672,49.72093978027295,43.040036773316125,24.877616571183538,21.457680409536593,24.84332969101655,21.582295560957462,24.860473131100044,21.519987985247027,-6.481927137258481e-06,6.080282206966103e-05,-7.435317725295965,-64.33067256272729,-64.7137547552231,0.006934091945154675,-0.01469662400217308,-0.2032808005715765
1.7752,0.26107982184231693,-0.1503391026396703,0.49430636878182505,-0.5070418853080789,0.49430007561159656,-0.5069906871442853,0.25998655335838494,-0.14986568303429698,-0.23377003459635987,0.35691389338919843,0.0005497808270802096,-0.0002623088845834787,0.0005434876568517488,-0.00021111072078985882,0.7548364097970617,-0.6571186790631658,49.58631981522868,43.27340939227946,24.81031482876267,21.574262427772986,24.776011398177346,21.69908590351669,24.79316311347001,21.636674165644838,-6.4117113396378045e-06,6.106098978619912e-05,-7.398428201990034,-64.3055011451146,-64.68589336954517,0.006869289508846383,-0.014841651571414833,-0.20302297981211836
1.776,0.2608273479133736,-0.1495714570795619,0.49395682727910695,-0.508491065701574,0.4939509453362378,-0.5084394940409803,0.25973203860208427,-0.14909363459303474,-0.2336741930499434,0.35913273403497886,0.0005505956270792367,-0.00026469707356040206,0.0005447136842100797,-0.0002131254129667387,0.7542335795654013,-0.6577978257075754,49.45217992893497,43.506762391351366,24.74325306090872,21.690834087096334,24.708933209051203,21.81586698363953,24.726093134979962,21.753350535367932,-6.341024956668662e-06,6.132061550090384e-05,-7.361747547673944,-64.28034992190615,-64.65801937956111,0.006796911565360539,-0.014986114595039285,-0.20275861395441552
1.7768000000000002,0.26057871389720755,-0.14880468019695997,0.4936003487834753,-0.5099403170281244,0.49359488142738467,-0.5098883783187773,0.2594813699326534,-0.14832243610277154,-0.2335675731904995,0.3613507895235851,0.0005514056603223572,-0.0002670914017677134,0.0005459383042317467,-0.00021515269242068646,0.7536276570203605,-0.6584779058233166,49.31851785680874,43.74009619797043,24.67643013238098,21.807395606976414,24.6420939942917,21.932639009294235,24.65926206333634,21.870017308135324,-6.269863938257458e-06,6.15816997822094e-05,-7.325274113166698,-64.25521906264808,-64.63013391235279,0.006716804011265476,-0.01513000122570932,-0.2024877623302359
1.7776,0.2603339033951929,-0.1480387951220008,0.49323692917626444,-0.5113896011191194,0.4932318796551661,-0.5113373018790384,0.2592345310910591,-0.14755211070391092,-0.23345018717258925,0.363567998586123,0.0005522109126160912,-0.0002694918290854359,0.0005471613915177531,-0.00021719258900444738,0.7530186216588414,-0.6591589044120346,49.18533135272534,43.973411251125455,24.609844917254335,21.923947212696987,24.575492633695514,22.049402194185163,24.592668775474927,21.986674703441075,-6.198224511422268e-06,6.184424330513139e-05,-7.289006270238306,-64.23010873215502,-64.60223809358891,0.006628812046677803,-0.015273299800950633,-0.20221048531610109
1.7784,0.2600928998644636,-0.14727382476698428,0.4928665645636542,-0.5128388797617461,0.49286193601315,-0.5127862265772701,0.2589915056741564,-0.14678268132079297,-0.23332204751909208,0.3657843001256195,0.0005530113704056983,-0.00027189831533364073,0.000548382819901494,-0.00021924513085763708,0.7524064530577121,-0.6598408062133967,49.052618188980496,44.206708001223355,24.543496298900273,22.040489135288624,24.509128016183162,22.166156757688036,24.526312157541717,22.10332294648833,-6.1261029387083e-06,6.210824669494741e-05,-7.2529424112578464,-64.2050190905129,-64.57433304729243,0.00653278019146422,-0.015415998845390024,-0.20192684430188024
1.7792,0.25985568662082714,-0.14650979182565638,0.4924892512770692,-0.514288114700263,0.4924850467187646,-0.5142351142243697,0.25875227713757293,-0.14601417066097694,-0.23318316711871687,0.36799963321899976,0.0005538070207794232,-0.00027431082028636644,0.0005496024624747908,-0.00022131034439307196,0.7517911308771169,-0.660523595705633,48.92037615625263,44.439986909958094,24.477383169968398,22.157021611461552,24.442999039779927,22.28290292478603,24.460191104874163,22.21996226812379,-6.053495695823585e-06,6.237371051298624e-05,-7.217080948849121,-64.17995029302355,-64.54641989561722,0.006428552301469148,-0.015558087072951355,-0.20163690166066317
1.78,0.25962224684167107,-0.14574671877253187,0.4921049858735738,-0.515737267637275,0.492101208213719,-0.5156839265878749,0.25851682879858934,-0.14524660121456257,-0.23303355922351618,0.3702139371190277,0.0005545978514682748,-0.0002767293036847196,0.0005508201916134547,-0.00022338825428458442,0.7511726348637766,-0.6612072571061222,48.788603063564715,44.67324845018052,24.411504432367423,22.273544883539337,24.377104611596486,22.399640926005844,24.394304521981955,22.33659290477259,-5.980399194527308e-06,6.26406353418929e-05,-7.181420315553559,-64.15490249020976,-64.51849975863209,0.006315971584806647,-0.01569955338879373,-0.20134072071726905
1.7808000000000002,0.25939256356886764,-0.1449846278622592,0.4917137651362618,-0.5171863002350103,0.4917104171644167,-0.5171326253932172,0.2582851438390156,-0.14447999525355396,-0.23287323744639765,0.37242715125620723,0.0005553838508485509,-0.0002791537252491566,0.0005520358790034874,-0.00022547888345607336,0.7505509448542809,-0.6618917743720204,48.657296738246615,44.90649310576907,24.345858997246502,22.390059199392546,24.311443647810233,22.51637099735477,24.328651322528366,22.453215098373658,-5.906810116584893e-06,6.290902175720703e-05,-7.14595896350037,-64.12987582778916,-64.49057375409828,0.00619488061814522,-0.01584038689135029,-0.20103836571757938
1.7816,0.25916661971167115,-0.14422354112902538,0.4913155860746431,-0.5186351741166032,0.49131267046236826,-0.5185811723249786,0.25805720530806137,-0.14371437483126231,-0.2327022157586394,0.374639215240647,0.0005561650079423386,-0.00028158404469383336,0.0005532493956674767,-0.00022758225306920843,0.749926040778372,-0.6625771312009348,48.5264550258971,45.139721371501366,24.280445784976393,22.506564812373462,24.24601507364592,22.63309338025767,24.263230429311157,22.569829096315566,-5.832725214816037e-06,6.317887023499225e-05,-7.110695364083606,-64.10487044665938,-64.46264299726059,0.0060651213630625415,-0.015980576873941096,-0.20072990179707517
1.7824,0.2589443980496107,-0.14346348038600082,0.4909104459250256,-0.5200838508673782,0.4909079652245974,-0.5200295290281504,0.2578329961252012,-0.14294976178174892,-0.2325205084874055,0.37685006886388944,0.000556941312418846,-0.0002840202217398863,0.0005544606119906592,-0.00022969838251203634,0.7492979026622175,-0.6632633110316393,48.39607579034598,45.37293375292691,24.215263725130654,22.623061981250757,24.18081782335667,22.749808321494818,24.198040774243662,22.686435151372788,-5.758141341516421e-06,6.345018133657732e-05,-7.075628007646007,-64.07988648287768,-64.43470860064694,0.005926535182389142,-0.016120112826463348,-0.20041539494999938
1.7832,0.2587258812353763,-0.14270446722482624,0.4904983421508929,-0.5215322920361363,0.49049629879404644,-0.5214776571093973,0.25761249908303324,-0.14218617771930878,-0.23232813031326485,0.3790596521006993,0.0005577127545947358,-0.0002864622161281999,0.0005556693977483151,-0.0002318272893892387,0.7486665106316744,-0.6639502970448343,48.266156913616335,45.606130766240234,24.150311756466813,22.73955097014474,24.115850840205,22.86651607313992,24.133081298335906,22.80303352164233,-5.683055476879417e-06,6.372295557355301e-05,-7.040755403169553,-64.05492406765508,-64.4067716738497,0.005778962856585319,-0.01625898443688848,-0.20009491199826357
1.784,0.2585110517976974,-0.1419465230151378,0.490079272443278,-0.5229804591364449,0.4900776687399748,-0.5229255181383237,0.2573956968501314,-0.14142364403799265,-0.232125096267712,0.38126790511081904,0.0005584793254345688,-0.00028890998763315967,0.0005568756221314142,-0.00023396898951195955,0.7480318449155409,-0.6646380721639494,48.13669629588675,45.839312938155295,24.08558882690745,22.856032048463177,24.051113076444054,22.983216892498653,24.068350951675754,22.919624470480915,-5.607464757417802e-06,6.399719346461552e-05,-7.006076077972407,-64.02998332734094,-64.3788333233413,0.005622244600126236,-0.016397181592652042,-0.1997685205597577
1.7848000000000002,0.2582998921442146,-0.14118966890413304,0.4896532347211332,-0.5244283136479311,0.4896520728583569,-0.5243730736487421,0.25718257197389005,-0.1406621819111695,-0.23191142173069268,0.38347476824068527,0.0005592410165504713,-0.00029136349607623846,0.0005580791537741214,-0.0002361234968872722,0.7473938858487974,-0.6653266190559879,48.007691855453515,46.072480805780245,24.021093893521442,22.972505490837264,23.986603493298414,23.09991104204741,24.003848693409928,23.036208266442337,-5.531366340960631e-06,6.427289557109361e-05,-6.971588577412201,-64.00506438341682,-64.35089465227573,0.005456220077920274,-0.01653469438183492,-0.1994362890177115
1.7856,0.25809238456434336,-0.14043392581617523,0.489220227131695,-0.5258758170175778,0.4892195091722736,-0.5258202851399474,0.2569731068833603,-0.13990181229112628,-0.2316871224281325,0.38568018202511184,0.000559997820202246,-0.00029382270133966604,0.0005592798607808314,-0.0002382908237092557,0.7467526138758361,-0.6660159201324133,47.87914152869297,46.30563491649353,23.956825922505217,23.08897157705833,23.92232106094541,23.21659878937296,23.939573491725312,23.152785183215645,-5.454757655343201e-06,6.455006224115323e-05,-6.9372914645954475,-63.980167352482475,-64.32295676029578,0.005280728421689317,-0.01667151309431846,-0.1990982864898001
1.7864,0.25788851123212786,-0.13967931445243612,0.48878024805084475,-0.5273229306610251,0.48877997593230055,-0.5272671140779955,0.2567672838920784,-0.13914255590870644,-0.23145221442946953,0.3878840871889391,0.0005607497292968167,-0.00029628756337959916,0.0005604776107526188,-0.00024047098035004377,0.7461080095536758,-0.6667059575500817,47.751043270023715,46.53877582782079,23.892783889163574,23.2054305920149,23.858264758496173,23.33328040711183,23.87552432382987,23.269355499563364,-5.377636028924826e-06,6.482869406454483e-05,-6.903183320092914,-63.95529234625154,-64.29502074335667,0.005095608246401638,-0.016807628222736674,-0.19875458279614122
1.7872,0.2576882542090872,-0.13892585529057874,0.488333296083466,-0.5287696159638703,0.4883334716168941,-0.5287135218969825,0.25656508520088467,-0.1383844332729874,-0.23120671414519414,0.3900864246486433,0.0005614967373871738,-0.00029875804223956914,0.0005616722708153277,-0.00024266397535178952,0.745460053555166,-0.6673967132122095,47.623395051868926,46.77190410731205,23.828966777891132,23.321882825629693,23.794433573976953,23.449956172890786,23.811700175934043,23.38591949926024,-5.299999159547042e-06,6.510879156707006e-05,-6.869262741660906,-63.930439471549874,-64.26708769353105,0.004900697666664907,-0.01694303046343805,-0.1984052484298786
1.788,0.2574915954470505,-0.13817356858447727,0.48787937006379584,-0.5302158342829777,0.48787999493277084,-0.5301594700003301,0.2563664929007333,-0.13762746467099488,-0.2309506383243914,0.39228713551391786,0.0005622388386710975,-0.00030123409806497026,0.0005628637076461052,-0.0002448698154174228,0.7448087266721752,-0.66808816876939,47.496194864618786,47.00502033242044,23.765373582153327,23.438328572798078,23.730826504310137,23.566626369267198,23.74810004323173,23.502477471032638,-5.221844673997111e-06,6.539035516794911e-05,-6.835528343968179,-63.90560883030801,-64.23915869884954,0.004695834313135276,-0.017077710717074354,-0.19805035452526454
1.7888000000000002,0.25729851679098364,-0.13742247436397542,0.48741846905577474,-0.5316615469477847,0.48741954481528593,-0.531604919762074,0.2561714889754921,-0.13687167016745558,-0.23068400405229247,0.3944861610892138,0.0005629760279901863,-0.0003037156911152722,0.0005640517875013795,-0.0002470885054045996,0.7441540098187681,-0.6687803056206448,47.369440716592905,47.238125090381054,23.702003304467514,23.554768133325624,23.667442555295818,23.683291283669973,23.684722929881666,23.6190297084978,-5.143170426435972e-06,6.567338545693246e-05,-6.801978758328492,-63.88080051956268,-64.21123484311256,0.004480855348917612,-0.017211660089388386,-0.19768997282761802
1.7896,0.2571089999818024,-0.13667259243468152,0.48695059235338894,-0.5331067152616172,0.4869521204288049,-0.533049832528156,0.25598005530473095,-0.1361170696045858,-0.23040682874783022,0.3966834428752529,0.0005637083008277477,-0.00030620278177850846,0.0005652363762437274,-0.0002493200483172364,0.7434958840343636,-0.6694731049145202,47.24313063400273,47.47121897809105,23.638854956384137,23.671201811867235,23.604280741592923,23.799951208340964,23.62156784898853,23.7355765101041,-5.063974327867982e-06,6.595788285324033e-05,-6.7686126324385,-63.856014631455615,-64.18331720573806,0.004255597485933817,-0.017344869891618982,-0.19732417566257254
1.7904,0.25692302665917727,-0.13592394237780095,0.4864757394810103,-0.5345513005030074,0.48647772116707344,-0.534494169617722,0.25579217366649987,-0.13536368260191672,-0.23011913016120333,0.39887892257050583,0.0005644356533071049,-0.0003086953305847795,0.0005664173393702676,-0.0002515644452994181,0.7428343304868804,-0.6701665475502234,47.117262660913866,47.70430260199054,23.575927558467797,23.787629917865885,23.54134008670049,23.916606440276674,23.55863382258414,23.85211817907128,-4.984254417195189e-06,6.624384798215033e-05,-6.735428630120967,-63.83125125323181,-64.15540686158408,0.00401989700129985,-0.017477331640948415,-0.19695303590626168
1.7912,0.2567405783643247,-0.1351765435500053,0.4859939101937313,-0.5359952639270129,0.485996346653582,-0.5359378923244217,0.25560782574009594,-0.13461152855615707,-0.22982092637144633,0.4010725420726361,0.0005651580821890434,-0.00031119329821972797,0.0005675945420397233,-0.00025382169562850054,0.742169330475867,-0.6708606141787985,46.99183485920874,47.93737657794401,23.51322014027844,23.90405276549231,23.47861962293922,24.033257281170343,23.49591988160883,23.968655023331326,-4.904008925166181e-06,6.653128135525321e-05,-6.702425431073163,-63.8065104672462,-64.12750488080088,0.0037735897536672613,-0.017609037060726446,-0.196576626954851
1.792,0.2565616365427866,-0.1344304150833383,0.48550510447769524,-0.5374385667665417,0.4855079967419264,-0.5373809619177147,0.25542699310881695,-0.1338606266410906,-0.22951223578400906,0.40326424347991374,0.0005658755848692021,-0.000313696645537348,0.0005687678491003989,-0.00025609179671035043,0.7415008654356126,-0.6715552852043426,46.86684530854909,48.17044153112271,23.450731740352346,24.020470673584633,23.416118391432814,24.14990403735456,23.43342506589258,24.085187355469596,-4.8232360683186926e-06,6.68201835196669e-05,-6.669601730620274,-63.78179235097341,-64.09961232866672,0.0035165111995467393,-0.01773997808073867,-0.196195022695008
1.7928000000000002,0.2563861825471976,-0.133685575885157,0.48500932255042367,-0.5388811702336798,0.4850126715161659,-0.5388233396441773,0.25524965726270415,-0.13311099580751007,-0.2291930771283439,0.405453969092595,0.0005665881593756306,-0.0003162053335746817,0.0005699371251178253,-0.00025837474407222616,0.7408289169382457,-0.672250540785262,46.74229210633851,48.40349809588753,23.3884614061834,24.136883965588687,23.353835442089455,24.26654701974384,23.37114842413643,24.201715492666263,-4.74193434740755e-06,6.7110555001193e-05,-6.636956239473749,-63.75709697700131,-64.07173026544899,0.0032484964096080463,-0.01787014683715479,-0.195808297474116
1.7936,0.2562141976400388,-0.132942044638109,0.4845065648611367,-0.5403230355210235,0.48451037129117447,-0.5402649867288177,0.25507579960127086,-0.13236265478318526,-0.22886346945550076,0.4076416614142735,0.00056729580436507,-0.00031871932356472565,0.0005711022344028482,-0.000260670531359003,0.7401534666968105,-0.6729463608355678,46.61817336768524,48.63654691567304,23.32640819420407,24.25329296949854,23.291769833583395,24.383186543778024,23.309089013893733,24.31823975663828,-4.660102227660445e-06,6.740239647484714e-05,-6.604487683494428,-63.73242441304919,-64.04385974624796,0.0029693800849372723,-0.01799953567257534,-0.19541652607108517
1.7944,0.2560456629963772,-0.13219983980014358,0.4839968320910699,-0.5417641238030163,0.4840010966129896,-0.5417058643763952,0.254905401436218,-0.1316156220728659,-0.22852343213573217,0.409827263153201,0.0005679985191197612,-0.0003212385769493925,0.0005722630410394669,-0.00026297915032831576,0.7394744965683273,-0.6736427250262106,46.49448722536449,48.86958864287216,23.26457116976661,24.369698017797653,23.22992063333626,24.49982292936606,23.247245901551437,24.434760473581857,-4.577738387467889e-06,6.769570844511463e-05,-6.5721948034603175,-63.70777472197729,-64.0160018208573,0.0026789965732670184,-0.01812813713584137,-0.19501978366761819
1.7952,0.2558805597065928,-0.13145897960455924,0.4834801251537882,-0.5432043962372884,0.4834848482591571,-0.5431459337727402,0.2547384439941363,-0.13086991595831968,-0.22817298485610812,0.4120107172235749,0.0005686963035437809,-0.00032376305539387473,0.0005734194089127009,-0.00026530059084566016,0.7387919885568371,-0.6743396127864538,46.371231829781344,49.10262393872134,23.202949407124077,24.48609944740017,23.16828691749888,24.616456500829507,23.185618162311478,24.55127797411484,-4.494841611801803e-06,6.799049165806537e-05,-6.540076354838992,-63.68314796179064,-63.9881575336318,0.002377179885195163,-0.018255943981774346,-0.19461814581876524
1.796,0.2557188687790894,-0.13071948206008416,0.482956445195492,-0.5446438139660003,0.48296162723906966,-0.5445851560860834,0.25457490841919383,-0.1301255544984031,-0.22781214761813923,0.4141919667467982,0.0005693891581589616,-0.00032629272079899574,0.0005745712017365956,-0.0002676348408820889,0.7381059248164226,-0.6750370033052854,46.24840534893356,49.33565347318677,23.1415419894115,24.602497599592695,23.106867770932844,24.733087586847397,23.124204880172172,24.667792593220046,-4.4114107851100925e-06,6.82867466750281e-05,-6.50813110756444,-63.658544185658876,-63.96032792334527,0.00206376371030375,-0.01838294917089846,-0.1942116884252414
1.7968000000000002,0.2555605711429918,-0.1299813649509917,0.48242579359532206,-0.5460823381171913,0.48243143479430395,-0.5460234924683853,0.254414775775809,-0.1293825555291675,-0.22744094073541257,0.4163709550527087,0.0005700770841004232,-0.0003288275353150738,0.0005757182830823382,-0.00026998188650909083,0.7374162876542134,-0.6757348755328679,46.12600596837416,49.56867792485099,23.080348008627016,24.71889281997639,23.045662287192016,24.849716520400357,23.063005147909514,24.784304670188373,-4.327444870000363e-06,6.85844742420727e-05,-6.476357845818248,-63.63396344192835,-63.932514023070496,0.0017385814333055125,-0.01850914586889009,-0.1938004877048911
1.7976,0.25540564765082713,-0.12924464583724826,0.48188817196565664,-0.5475199298061318,0.4818942723989507,-0.5474609040566737,0.2542580270513088,-0.12864093666399593,-0.2270593848312357,0.4185476256807807,0.0005707600831121318,-0.00033136746135524475,0.000576860516406208,-0.0002723417118970922,0.7367230595333717,-0.6764332081820249,46.00403189117445,49.8016979808005,23.019366565613012,24.8352854584095,22.984669568504508,24.96634363871592,23.00201806705876,24.90081454856271,-4.242943070664751e-06,6.888367507684734e-05,-6.444755367815044,-63.609405774135425,-63.904716860047145,0.001401466150083322,-0.018634527446119823,-0.19338462016500557
1.7984,0.2552540790811906,-0.12850934205469416,0.4813435821524052,-0.5489565501366812,0.4813501417599413,-0.5488973519743857,0.25410464315857073,-0.1279007152937738,-0.2266675008362926,0.4207219223812995,0.0005714381575419036,-0.00033391246160795196,0.00057799776507797,-0.0002747142993124313,0.7360262230760539,-0.6771319797297675,45.88248133788669,50.034714336514234,22.95859677003716,24.951675868950282,22.923888725754118,25.082969283214005,22.94124274789564,25.017322576082144,-4.157904591295392e-06,6.918434994673817e-05,-6.413322485592074,-63.5848712210293,-63.87693745555975,0.0010522506837154038,-0.01875908747701152,-0.19296416257526516
1.7992,0.255105846141395,-0.12777547071525808,0.4807920262352977,-0.5503921602026478,0.4807990448173699,-0.5503327973327123,0.2539546049386502,-0.12716190858709212,-0.22626530998631122,0.422893789116505,0.0005721113103362985,-0.0003364624990507131,0.000579129892408492,-0.0002770996291152489,0.7353257610663564,-0.6778311684188552,45.76135254650719,50.26772769575228,22.898037740373635,25.068064409800343,22.863318878462362,25.19959379945236,22.880678309418,25.13382910462635,-4.072328806614678e-06,6.948649957649877e-05,-6.382058024802861,-63.5603598165857,-63.84917682482665,0.0006907676004441932,-0.01888281973927836,-0.19253919193994307
1.8,0.25496092947010385,-0.1270430487072025,0.4802335065281681,-0.5518267210891548,0.4802409837448109,-0.5517672012319507,0.2538078931633905,-0.12642453349048197,-0.2258528338197423,0.42506317006171046,0.0005727795450352902,-0.00033901753696231884,0.0005802567616780829,-0.0002794976797582255,0.7346216564532366,-0.678530752259395,45.640643772439084,50.5007387704456,22.837688603884164,25.184451443248008,22.802959154770114,25.316217537072774,22.82032387932714,25.25033449016039,-3.986215197926413e-06,6.979012481878044e-05,-6.350960824514783,-63.53587159003095,-63.821435976881496,0.0003168492255775811,-0.019005718213173043,-0.1921097854720415
