f_GHz,D1_raw,D2_raw,FULL_raw,D1_mode_deg,D2_mode_deg,FULL_mode_deg,D1_imbalance,D2_imbalance,FULL_imbalance,D1_align_full,D2_align_full
1.1504,0.009793881404017407,0.32769856619646687,0.5159977260200066,1.6233453517296539,20.09622620039725,25.55720068545757,0.10544606005154855,0.3807536788330699,6.9688085128325135,0.8257521508649591,0.93501199593775
1.1512,0.009805516519334862,0.32733642758797926,0.518070708227533,1.6233735525089728,20.07993794035463,25.57408180284758,0.10488781799011482,0.3817511788124534,7.00537072720635,0.8254585504941357,0.9352431238324718
1.152,0.009817316967696181,0.326972830009977,0.520131866090467,1.6234498846941037,20.063532425821286,25.590603549714714,0.10434150058985003,0.3827568955808276,7.042001293315318,0.8251651890853465,0.9354716773657977
1.1528,0.009829277215897948,0.32660785832149647,0.5221810007496612,1.6235670086113316,20.047016892519224,25.60676992251286,0.10380687417942502,0.38377084114120874,7.078696196753916,0.8248724801573846,0.9356976896842387
1.1536,0.009841391892365835,0.32624159413257375,0.5242179243430511,1.6237185860981853,20.030398273019117,25.622584893204,0.10328371041517237,0.38479302740839383,7.11545143091829,0.8245807796724012,0.9359211932453727
1.1544,0.009853655783253618,0.32587411594090443,0.5262424596529514,1.623899199939551,20.013683208440913,25.638052408311783,0.1027717861860048,0.38582346620802965,7.1522629967971385,0.8242903894696727,0.9361422198160053
1.1552,0.009866063828563911,0.32550549926271716,0.5282544397630745,1.6241042584787309,19.99687805979057,25.65317638806355,0.10227088351692193,0.38686216927570055,7.1891269027723474,0.8240015619554318,0.936360800472911
1.156,0.00987861111829795,0.32513581675809344,0.5302537077249809,1.6243298959796277,19.979988918935845,25.66796072561354,0.10178078947151814,0.3879091482560081,7.22603916442899,0.8237145053553121,0.9365769656058
1.1568,0.00989129288863786,0.32476513835097176,0.5322401162336622,1.6245728755200233,19.963021619223795,25.682409286339556,0.10130129605378807,0.38896441470163934,7.262995804374052,0.823429389062837,0.9367907449222038
1.1576,0.009904104518173314,0.32439353134405163,0.5342135273119917,1.6248304985228543,19.945981745744767,25.69652590720689,0.10083220010960614,0.3900279800724312,7.299992852063502,0.8231463487833053,0.9370021674539945
1.1584,0.009917041524170727,0.3240210605288171,0.5361738120037904,1.6251005230031268,19.92887464524843,25.710314396194356,0.10037330322803395,0.3910998557344749,7.337026343637615,0.8228654913007624,0.9372112615652956
1.1592,0.009930099558897364,0.32364778829088103,0.5381208500752518,1.6253810913268083,19.91170543571669,25.723778531776055,0.09992441164282673,0.39218005295912944,7.374092321763965,0.8225868987816165,0.9374180549615495
1.16,0.009943274406001405,0.32327377471085395,0.5400545297245131,1.625670667434413,19.89447901560184,25.736922062456216,0.09948533613421928,0.3932685829221315,7.411186835488444,0.8223106325864855,0.9376225746995672
1.1608,0.009956561976945527,0.32289907766091924,0.5419747472991286,1.625967982975581,19.877200072734137,25.74974870635005,0.09905589193131742,0.39436545670263234,7.4483059400938085,0.8220367365986029,0.9378248471983616
1.1616,0.009969958307508667,0.3225237528973075,0.543881407021253,1.626271991552258,19.85987309290944,25.762262150809995,0.09863589861515537,0.39547068528226553,7.485445696966034,0.8217652400990632,0.9380248982506288
1.1624,0.009983459554348902,0.32214785414883645,0.545774420720323,1.6265818301464776,19.842502368161853,25.774466052091533,0.09822518002259678,0.39658427954420405,7.522602173468548,0.8214961602298161,0.9382227530347365
1.1632,0.009997061991634247,0.3217714332016913,0.5476537075730442,1.6268967868158128,19.82509200473141,25.786364035057186,0.09782356415128923,0.3977062502722054,7.559771442824292,0.8212295040898356,0.9384184361270941
1.164,0.010010762007739538,0.3213945399806015,0.5495191938504999,1.627216273760709,19.80764593073276,25.79795969291404,0.09743088306563713,0.3988366081496757,7.596949584006056,0.8209652705104556,0.9386119715148118
1.1648,0.010024556102017303,0.3210172226265738,0.5513708126721999,1.627539804974333,19.790167903535735,25.809256586984766,0.09704697280402297,0.3999753637587122,7.63413268163511,0.8207034515528882,0.9388033826085469
1.1656,0.010038440881633,0.32063952757132697,0.5532085037668963,1.6278669777486527,19.772661516864236,25.820258246507912,0.09667167328732207,0.401122527579154,7.671316825888452,0.8204440337676178,0.9389926922554674
1.1664,0.010052413058476975,0.3202614996085689,0.5550322132400031,1.6281974574147995,19.755130207621928,25.830968168465752,0.09630482822873948,0.4022781099876179,7.708498112415176,0.8201869992513829,0.9391799227522527
1.1672,0.010066469446144748,0.31988318196225685,0.5568418933474498,1.6285309647871884,19.737577262454476,25.84138981743884,0.09594628504508912,0.40344212125656054,7.745672642261936,0.8199323265322258,0.9393650958580864
1.168,0.010080606956991901,0.3195046163519682,0.5586375022758284,1.6288672658472194,19.720005824055626,25.851526625484766,0.09559589476958102,0.40461457155329283,7.782836521808337,0.8196799913102022,0.9395482328075796
1.1688,0.01009482259925668,0.31912584305550395,0.560419003928662,1.6292061632858008,19.702418897224817,25.8613819920389,0.09525351196604337,0.40579547093903895,7.819985862712262,0.8194299670760948,0.9397293543235846
1.1696,0.010109113474257667,0.31874690096885083,0.5621863677186621,1.6295474895819169,19.68481935468681,25.870959283837895,0.0949189946447887,0.40698482936797153,7.857116781865769,0.8191822256285383,0.9399084806298648
1.1703999999999999,0.010123476773662784,0.31836782766361205,0.5639395683658307,1.62989110134599,19.667209942678696,25.880261834862175,0.09459220417998515,0.4081826566862309,7.89422540136207,0.8189367375056427,0.9400856314635865
1.1712,0.010137909776826298,0.31798865944201565,0.5656785857012607,1.6302368747063056,19.64959328631471,25.88929294629834,0.09427300522867782,0.4093889626309747,7.931307848473846,0.8186934723453554,0.9402608260876113
1.172,0.010152409848198048,0.3176094313896087,0.5674034044765025,1.630584701550859,19.6319718947343,25.89805588651835,0.09396126565138574,0.4106037568293979,7.968360255643549,0.8184523991863235,0.9404340833025651
1.1728,0.010166974434801366,0.31723017742573323,0.5691140141783699,1.6309344864725688,19.614348166043758,25.906553891076996,0.09365685643435673,0.41182704879776677,8.005378760486213,0.8182134867190586,0.9406054214586683
1.1736,0.01018160106377886,0.31685093035188333,0.5708104088490448,1.6312861442915931,19.596724392056426,25.914790162724152,0.09335965161342663,0.4130588479404451,8.04235950580508,0.8179767034953745,0.9407748584673145
1.1743999999999999,0.010196287340006226,0.3164717218980316,0.5724925869113674,1.6316395980485083,19.579102762840314,25.92276787143269,0.09306952819949466,0.41429916354891877,8.079298639620838,0.8177420181029171,0.9409424118123867
1.1752,0.01021103094377181,0.3160925827670178,0.5741605509991781,1.631994777385998,19.561485371080323,25.930490154441035,0.09278636610566654,0.4155480048008119,8.116192315214718,0.8175093993101121,0.9411080985613083
1.176,0.010225829628522457,0.3157135426770764,0.5758143077925933,1.6323516172439483,19.543874216261237,25.937960116309128,0.09251004807595758,0.41680538075893064,8.153036691186145,0.8172788161858652,0.9412719353758147
1.1768,0.010240681218671327,0.31533463040258813,0.5774538678581064,1.6327100568137354,19.526271208678093,25.945180828986725,0.09224045961563726,0.4180713003702574,8.189827931525478,0.8170502381973351,0.9414339385224536
1.1776,0.010255583607471204,0.31495587381313217,0.5790792454933803,1.6330700387029182,19.508678173282412,25.952155331895398,0.09197748892315655,0.41934577246498217,8.22656220570216,0.8168236352885432,0.9415941238828082
1.1784,0.01027053475494719,0.31457729991090827,0.5806904585766379,1.6334315082693536,19.491096853367935,25.958886632020796,0.09172102682363042,0.42062880575552386,8.263235688769091,0.8165989779416558,0.9417525069634419
1.1792,0.010285532685890863,0.31419893486660355,0.5822875284205247,1.6337944130963251,19.47352891410416,25.96537770401698,0.09147096670391192,0.4219204088355405,8.29984456148349,0.8163762372225787,0.9419091029055713
1.18,0.010300575487912682,0.31382080405376694,0.5838704796303418,1.634158702578823,19.45597594592283,25.971631490320995,0.09122720444917404,0.4232205901789415,8.336385010444822,0.8161553848121339,0.942063926494466
1.1808,0.010315661309553418,0.3134429320817574,0.5854393399665477,1.6345243276019445,19.43843946776313,25.97765090127769,0.0909896383810358,0.42452935813890513,8.372853228250442,0.8159363930240954,0.9422169921685857
1.1816,0.010330788358448917,0.31306534282732656,0.5869941402114089,1.634891240292113,19.420920930181488,25.98343881527404,0.09075816919715546,0.42584672094689346,8.40924541366913,0.8157192348112274,0.9423683140284501
1.1824,0.010345954899554408,0.3126880594648935,0.5885349140397155,1.635259393828008,19.403421718330748,25.988998078882283,0.09053269991230711,0.4271726867116523,8.445557771833332,0.8155038837611868,0.9425179058452583
1.1832,0.010361159253417606,0.3123111044955689,0.5900616978934522,1.6356287422982732,19.3859431548154,25.99433150701276,0.09031313580089562,0.42850726341823364,8.481786514450347,0.8152903140840003,0.9426657810692536
1.184,0.010376399794508016,0.3119344997749802,0.5915745308603213,1.6359992405975206,19.36848650242576,25.9994418830737,0.09009938434092446,0.429850458926998,8.517927860032877,0.8150785005935457,0.9428119528378464
1.1848,0.01039167494959454,0.3115582665399499,0.5930734545560344,1.63637084435166,19.35105296675798,26.00433195913991,0.08989135515932234,0.43120228097262064,8.553978034149655,0.8148684186854809,0.9429564339834995
1.1856,0.010406983196174367,0.31118242543407654,0.5945585130102667,1.6367435098664629,19.333643698723314,26.00900445612841,0.08968895997860687,0.4325627371630978,8.589933269696136,0.8146600443142537,0.943099237041387
1.1864,0.010422323060948799,0.31080699653226007,0.5960297525561898,1.6371171940953175,19.316259796951346,26.013462063981095,0.08949211256500078,0.433931834978763,8.62578980718609,0.8144533539717244,0.9432403742568253
1.1872,0.010437693118346802,0.31043199936422616,0.5974872217234831,1.6374918546199524,19.298902310092355,26.01770744185459,0.08930072867773797,0.435309581771276,8.661543895064064,0.814248324669219,0.9433798575924921
1.188,0.010453091989095564,0.3100574529370804,0.5989309711347427,1.6378674496428616,19.28157223902191,26.02174321831622,0.08911472601973558,0.4366959847626358,8.697191790039298,0.8140449339246001,0.943517698735437
1.1888,0.01046851833883241,0.30968337575694,0.6003610534051987,1.6382439379866298,19.264270538951816,26.025571991545583,0.0889340241894847,0.43809105104419105,8.732729757441454,0.8138431597547543,0.9436539091038925
1.1896,0.010483970876762531,0.3093097858496822,0.6017775230456485,1.6386212790995955,19.246998121452485,26.029196329542664,0.08875854463419958,0.43949478757562854,8.76815407159817,0.8136429806735646,0.9437884998538902
1.1904,0.010499448354357212,0.3089367007808414,0.6031804363685344,1.6389994330652797,19.229755856388604,26.03261877034051,0.08858821060413474,0.44090720118398147,8.80346101623508,0.8134443756944684,0.943921481885691
1.1912,0.010514949564094484,0.30856413767469787,0.6045698513970726,1.63937836061438,19.212544573773243,26.03584182222348,0.0884229471081307,0.44232829856263906,8.838646884898276,0.8132473243364375,0.944052865850039
1.192,0.010530473338237,0.3081921132325843,0.6059458277773558,1.6397580231386826,19.195365065543143,26.03886796395023,0.0882626808702523,0.44375808627033464,8.873707981399459,0.8130518066319093,0.9441826621542423
1.1928,0.010546018547649003,0.30782064375044843,0.607308426693356,1.6401383827046914,19.178218087258244,26.041699644980966,0.0881073402875866,0.44519657073015917,8.908640620284157,0.8128578031351166,0.944310880968087
1.1936,0.010561584100653033,0.30744974513570084,0.6086577107847393,1.6405194020679161,19.1611043597289,26.044339285708716,0.08795685538913584,0.4466437582285501,8.943441127322854,0.8126652949297525,0.9444375322295987
1.1944,0.0105771689419192,0.30707943292337714,0.6099937440674313,1.6409010446867995,19.144024570574487,26.046789277695503,0.08781115779574689,0.44809965491430503,8.978105840025455,0.8124742636347363,0.9445626256506462
1.1952,0.010592772051390274,0.30670972229164206,0.611316591856845,1.6412832747350095,19.126979375714374,26.049051983910598,0.08767018068110938,0.44956426679756956,9.012631108178947,0.8122846914075176,0.9446861707224035
1.196,0.010608392443243964,0.3063406280766681,0.6126263206937044,1.6416660571135182,19.109969400796768,26.051129738973856,0.08753385873378877,0.4510375997488499,9.047013294408382,0.8120965609446782,0.9448081767206756
1.1968,0.010624029164882602,0.3059721647869046,0.6139229982723995,1.6420493574602162,19.09299524256506,26.053024849400536,0.0874021281202022,0.4525196594979993,9.081248774761267,0.8119098554795499,0.9449286527110858
1.1976,0.010639681295960095,0.3056043466167746,0.6152066933717886,1.6424331421593763,19.076057470167605,26.05473959385092,0.08727492644859819,0.45401045163323106,9.115333939315233,0.8117245587773294,0.9450476075541382
1.1984,0.010655347947435887,0.30523718745981054,0.6164774757883945,1.6428173783483047,19.059156626409724,26.056276223380557,0.08715219273396352,0.4555099816001205,9.149265192808997,0.811540655127719,0.945165049910162
1.1992,0.010671028260661172,0.30487070092126234,0.6177354162719182,1.6432020339236502,19.04229322895347,26.057636961694467,0.08703386736386998,0.45701825470058566,9.183038955296444,0.8113581293356896,0.9452809882441366
1.2,0.010686721406492872,0.30450490033019223,0.6189805864630074,1.6435870775452628,19.02546777146573,26.05882400540302,0.08691989206515743,0.4585352760919156,9.21665166282376,0.8111769667107003,0.945395430830405
1.2008,0.010702426584436724,0.3041397987510826,0.6202130588332231,1.6439724786392844,19.008680724717248,26.059839524279994,0.08681020987157362,0.4600610507857518,9.250099768129468,0.8109971530548085,0.9455083857572845
1.2016,0.01071814302181625,0.3037754089949703,0.6214329066271278,1.6443582073989944,18.991932537634153,26.060685661521966,0.08670476509217973,0.4615955836470975,9.283379741366995,0.8108186746500027,0.9456198609315747
1.2024,0.010733869972968166,0.30341174363013335,0.6226402038064527,1.6447442347849872,18.975223638305117,26.061364534009964,0.08660350328064376,0.4631388793933231,9.316488070849715,0.8106415182451057,0.9457298640829687
1.2032,0.010749606718467041,0.3030488149923442,0.6238350249962655,1.6451305325241918,18.958554434944713,26.06187823257197,0.0865063712053053,0.4646909425931648,9.349421263818,0.8104656710426058,0.9458384027683737
1.204,0.010765352564367081,0.3026866351947083,0.6250174454330966,1.6455170731066673,18.9419253168163,26.062228822247437,0.08641331682000847,0.46625177766573245,9.382175847227973,0.8102911206853132,0.9459454843761436
1.2048,0.010781106841475029,0.3023252161371026,0.6261875409149598,1.6459038297818154,18.925336655113778,26.062418342551393,0.08632428923575536,0.46782138887950575,9.414748368561721,0.8101178552433713,0.9460511161302261
1.2056,0.01079686890464308,0.30196456951523476,0.6273453877532088,1.646290776554487,18.90878880380754,26.062448807741475,0.08623923869303712,0.46939978035134833,9.447135396658224,0.8099458632015016,0.9461553050942314
1.2064,0.010812638132082662,0.3016047068293318,0.6284910627261874,1.646677888178381,18.89228210045184,26.062322207083497,0.0861581165349195,0.47098695604551544,9.479333522564929,0.809775133446569,0.9462580581754275
1.2072,0.010828413924703533,0.30124563939247917,0.6296246430346059,1.6470651401498557,18.875816866959376,26.06204050511952,0.0860808751808308,0.4725829197726453,9.51133936040906,0.8096056552555962,0.946359382128655
1.208,0.010844195705470351,0.3008873783386203,0.6307462062586029,1.6474525087004892,18.859393410341106,26.061605641934747,0.08600746810100929,0.4741876751887947,9.543149548288332,0.8094374182841844,0.9464592835601823
1.2088,0.010859982918782042,0.3005299346302311,0.6318558303164392,1.6478399707887732,18.843012023414747,26.061019533425522,0.08593784979166758,0.47580122579441997,9.574760749180452,0.8092704125553842,0.9465577689314887
1.2096,0.010875775029868022,0.3001733190656817,0.6329535934247732,1.6482275040915226,18.826672985482926,26.06028407156738,0.0858719757507101,0.47742357493340515,9.606169651870605,0.8091046284489507,0.9466548445629835
1.2104,0.010891571524206613,0.2998175422863018,0.6340395740604738,1.648615086994674,18.81037656298158,26.059401124682786,0.08580980245419279,0.47905472579207675,9.637372971896447,0.808940056691104,0.9467505166376713
1.2112,0.01090737190695903,0.299462614783152,0.6351138509239191,1.6490026985832387,18.794123010100588,26.05837253770885,0.08575128733330428,0.48069468139820026,9.668367452509589,0.8087766883445919,0.9468447912047534
1.212,0.010923175702422286,0.2991085469035251,0.6361765029037396,1.6493903186312622,18.77791256937734,26.057200132464573,0.08569638875199975,0.48234344462000944,9.699149865653071,0.8086145147992039,0.9469376741831772
1.2128,0.010938982453497944,0.2987553488571758,0.6372276090429626,1.6497779275904634,18.76174547226459,26.055885707917785,0.08564506598515292,0.48400101816522256,9.729717012953797,0.8084535277625577,0.9470291713651344
1.2136,0.010954791721181275,0.29840303072229923,0.6382672485065083,1.6501655065807057,18.74562193967409,26.054431040451806,0.08559727919735494,0.48566740458005053,9.76006572672911,0.8082937192514178,0.9471192884195062
1.2144,0.010970603084059699,0.2980516024512611,0.6392955005500046,1.650553037377506,18.72954218249606,26.05283788413105,0.08555298942216555,0.4873426062482301,9.790192871006665,0.8081350815830503,0.9472080308952657
1.2152,0.010986416137834236,0.2977010738760945,0.6403124444898722,1.6509405024010064,18.713506402096165,26.05110797096593,0.08551215854197464,0.48902662539003805,9.820095342556513,0.8079776073671368,0.9472954042248284
1.216,0.01100223049484819,0.2973514547137657,0.6413181596746427,1.6513278847043082,18.697514790791,26.049243011177136,0.0854747492683427,0.4907194640613124,9.849770071934486,0.8078212894977833,0.9473814137273638
1.2168,0.011018045783638726,0.29700275457122655,0.6423127254574756,1.6517151679623225,18.681567532302722,26.047244693458815,0.0854407251228404,0.4924211241524886,9.879214024535903,0.8076661211459687,0.9474660646120663
1.2176,0.011033861648493855,0.29665498295025416,0.6432962211698247,1.6521023364589311,18.665664802193806,26.045114685240684,0.0854100504183935,0.4941316073876164,9.90842420165826,0.8075120957520215,0.9475493619813813
1.2184,0.01104967774902968,0.29630814925208876,0.6442687260962325,1.6524893750759304,18.64980676828245,26.042854632948902,0.085382690241107,0.49585091532340175,9.937397641572174,0.807359207018557,0.9476313108341979
1.2192,0.011065493759776288,0.29596226278187887,0.6452303194502041,1.6528762692806183,18.63399359104025,26.040466162266007,0.08535861043252102,0.49757904934822306,9.9661314205991,0.8072074489034693,0.9477119160690024
1.22,0.011081309369779151,0.2956173327529405,0.6461810803511315,1.653263005114141,18.618225423971793,26.0379508783891,0.08533777757237065,0.49931601068118825,9.994622654194757,0.8070568156132215,0.9477911824869985
1.2208,0.011097124282209752,0.29527336829083317,0.6471210878022351,1.6536495691794144,18.602502413978158,26.035310366287355,0.0853201589617118,0.5010618003711484,10.022868498037129,0.806907301596278,0.9478691147951934
1.2216,0.011112938213991348,0.2949303784372677,0.6480504206694858,1.6540359486295984,18.586824701703648,26.032546190957284,0.08530572260653524,0.502816419295764,10.050866149117581,0.80675890153679,0.9479457176094516
1.2224,0.011128750895433179,0.2945883721538443,0.6489691576614802,1.6544221311559113,18.57119242186766,26.029659897677085,0.08529443720176533,0.5045798681605189,10.078612846834057,0.8066116103483784,0.9480209954575174
1.2232,0.01114456206987748,0.29424735832563276,0.6498773773102342,1.6548081049763113,18.555605703581183,26.026653012258777,0.08528627211566131,0.5063521474977865,10.106105874084795,0.8064654231681767,0.9480949527820095
1.224,0.011160371493356348,0.29390734576459754,0.6507751579528649,1.6551938588238428,18.540064670650036,26.023527041299573,0.08528119737460554,0.5081332576658745,10.133342558361424,0.8063203353509525,0.9481675939433847
1.2248,0.011176178934257576,0.2935683432128758,0.6516625777141354,1.6555793819348565,18.524569441863807,26.020283472430787,0.0852791836483045,0.5099231988480687,10.160320272839973,0.8061763424634266,0.9482389232228768
1.2256,0.011191984173004555,0.2932303593459109,0.6525397144898278,1.6559646640385708,18.509120131272148,26.01692377456536,0.08528020223529542,0.5117219710516945,10.187036437468414,0.8060334402787868,0.9483089448254065
1.2264,0.011207787001739472,0.2928934027754499,0.6534066459309213,1.6563496953446162,18.493716848448152,26.013449398143127,0.08528422504888639,0.5135295741071779,10.213488520049372,0.805891624771195,0.9483776628824669
1.2272,0.01122358722402157,0.2925574820524086,0.6542634494285485,1.6567344665334147,18.47835969874088,26.0098617753753,0.08529122460337635,0.5153460076670895,10.239674037316583,0.8057508921106423,0.948445081454986
1.228,0.011239384654532142,0.29222260566961006,0.6551102020996974,1.6571189687443137,18.463048783515,26.00616232048556,0.08530117400067905,0.5171712712052333,10.265590556003547,0.8056112386577718,0.9485112045361608
1.2288000000000001,0.011255179118784238,0.2918887820643962,0.6559469807736428,1.657503193565276,18.447784200380553,26.00235242995041,0.085314046917224,0.51900536401569,10.29123569390311,0.8054726609588333,0.9485760360542748
1.2296,0.011270970452849605,0.2915560196211276,0.656773861979076,1.6578871330227969,18.432566043411803,25.998433482737084,0.08532981759120911,0.520848285211906,10.316607120916364,0.8053351557409407,0.9486395798754882
1.2304,0.011286758503083605,0.29122432667356407,0.6575909219319107,1.658270779570934,18.41739440335602,25.994406840539433,0.08534846081016473,0.5227000337257611,10.341702560089457,0.8051987199071787,0.9487018398066049
1.2312,0.011302543125865901,0.29089371150713883,0.6583982365237414,1.6586541260815366,18.402269367832567,25.990273848011817,0.08536995189879715,0.5245606083066442,10.366519788636849,0.8050633505320419,0.9487628195978284
1.232,0.011318324187343362,0.2905641823611243,0.659195881310932,1.6590371658344338,18.387191021522863,25.98603583300099,0.08539426670715328,0.5264300075205451,10.39105663894946,0.8049290448568729,0.9488225229454832
1.2328000000000001,0.011334101563182833,0.29023574743069763,0.659983931504313,1.6594198925072448,18.372159446351066,25.981694106775524,0.08542138159906199,0.5283082297491314,10.415310999586394,0.8047958002854367,0.9488809534947266
1.2336,0.011349875138331276,0.2899084148689082,0.6607624619594652,1.6598023001669162,18.35717472165712,25.977249964253993,0.085451273440866,0.5301952731888415,10.439280816248566,0.8046636143796406,0.9489381148422382
1.2344,0.011365644806779051,0.28958219278854963,0.6615315471675696,1.6601843832589296,18.342236924360527,25.972704684229846,0.08548391959039642,0.5320911358499844,10.462964092732967,0.8045324848552278,0.9489940105388879
1.2352,0.0113814104713351,0.2892570892639401,0.6622912612468036,1.6605661365993498,18.327346129117053,25.96805952959496,0.08551929788624879,0.5339958155558315,10.486358891865947,0.8044024095777184,0.9490486440923876
1.236,0.011397172043402307,0.28893311233261576,0.663041677934262,1.66094755536529,18.312502408467683,25.9633157475607,0.08555738663728613,0.5359093099417283,10.509463336414159,0.8042733865583224,0.9491020189699253
1.2368000000000001,0.011412929442765393,0.2886102699969382,0.6637828705783888,1.6613286350865408,18.29770583298017,25.95847456987658,0.08559816461241393,0.5378316164541918,10.53227560997181,0.8041454139500345,0.9491541386007767
1.2376,0.011428682597379291,0.288288570225622,0.6645149121318967,1.6617093716368458,18.28295647138434,25.953537213047372,0.08564161103057805,0.5397627323500325,10.554793957822609,0.8040184900437535,0.9492050063789068
1.2384,0.011444431443165978,0.2879680209551802,0.6652378751451561,1.6620897612253742,18.268254390699646,25.94850487854688,0.08568770555101451,0.5417026546954645,10.57701668777527,0.8038926132644884,0.9492546256655455
1.2392,0.011460175923815645,0.28764863009129615,0.665951831760044,1.6624698003889478,18.25359965635766,25.943378753030736,0.08573642826372158,0.5436513803652314,10.598942170971037,0.8037677821676804,0.9493029997917523
1.24,0.011475915990593806,0.28733040551012184,0.6666568537042232,1.6628494859840117,18.23899233231775,25.93816000854619,0.08578775968016517,0.5456089060417305,10.620568842661976,0.8036439954355842,0.9493501320609604
1.2408000000000001,0.011491651602152483,0.2870133550595028,0.6673530122858503,1.6632288151784707,18.22443248117648,25.93284980273923,0.08584168072418652,0.5475752282141502,10.641895202958748,0.8035212518737032,0.9493960257515055
1.2416,0.011507382724347865,0.2866974865601384,0.6680403783886841,1.6636077854447606,18.20992016427276,25.927449279060916,0.08589817272312894,0.5495503431775968,10.662919817546554,0.803399550407343,0.949440684119137
1.2424,0.011523109330061586,0.28638280780667275,0.6687190224675883,1.6639863945520688,18.19545544178611,25.92195956696963,0.08595721739918422,0.5515342470322456,10.683641318368089,0.8032788900782165,0.9494841103995135
1.2432,0.011538831399025775,0.28606932656872414,0.6693890145444069,1.6643646405588726,18.181038372830777,25.916381782132394,0.08601879686090819,0.5535269356824879,10.704058404272267,0.8031592700410621,0.9495263078106805
1.244,0.011554548917654096,0.2857570505918522,0.6700504242042034,1.664742521806346,18.16666901554458,25.910717026623395,0.0860828935949649,0.5555284048360759,10.724169841627575,0.8030406895604186,0.9495672795555313
1.2448000000000001,0.011570261878876812,0.28544598759846546,0.6707033205918483,1.6651200369114747,18.152347427173048,25.904966389120304,0.08614949045804443,0.5575386500032905,10.743974464899031,0.8029231480074333,0.949607028824255
1.2456,0.01158597028197864,0.2851361452886725,0.6713477724089386,1.6654971847600706,18.138073664148802,25.89913094509813,0.08621857066894878,0.5595576664961006,10.763471177187611,0.8028066448566932,0.9496455587967604
1.2464,0.011601674132441498,0.28482753134107647,0.6719838479110406,1.6658739645004559,18.123847782166933,25.893211757021184,0.08629011780089646,0.5615854494273362,10.782658950731205,0.8026911796831506,0.9496828726450921
1.2472,0.011617373441790776,0.28452015341351805,0.672611614905242,1.6662503755368192,18.10966983625584,25.887209874532388,0.08636411577397257,0.5636219937098561,10.801536827366157,0.8025767521590907,0.9497189735358242
1.248,0.011633068227446927,0.284214019143766,0.6732311407479991,1.6666264175236023,18.095539880844548,25.88112633464082,0.08644054884775088,0.5656672940557392,10.820103918948414,0.8024633620512155,0.9497538646324382
1.2488000000000001,0.011648758512576044,0.2839091361501564,0.6738424923432703,1.6670020903587854,18.081457969825287,25.874962161906144,0.08651940161409627,0.5677213449754722,10.838359407733675,0.8023510092176624,0.9497875490976854
1.2496,0.01166444432594964,0.28360551203218776,0.6744457361409228,1.6673773941782528,18.06742415661361,25.868718368621966,0.08660065899010261,0.5697841407771295,10.856302546715456,0.8022396936051744,0.9498200300959306
1.2504,0.011680125701803408,0.283303154371065,0.6750409381354022,1.6677523293503214,18.053438494203778,25.862395954995847,0.08668430621123119,0.5718556755656019,10.873932659920658,0.8021294152463158,0.949851310795483
1.2512,0.011695802679701585,0.2830020707302028,0.675628163864655,1.6681268964697722,18.03950103522141,25.855995909327646,0.08677032882455205,0.573935943241772,10.891249142661826,0.8020201742566904,0.949881394370902
1.252,0.011711475304401356,0.2827022686556827,0.676207478409289,1.6685010963521663,18.025611831972626,25.849519208185434,0.0868587126821565,0.576024937501747,10.908251461745524,0.8019119708321873,0.9499102840052941
1.2528000000000001,0.011727143625725092,0.28240375567667075,0.676778946391971,1.6688749300295171,18.011770936490617,25.842966816579793,0.08694944393472759,0.5781226518360686,10.924939155636432,0.8018048052464082,0.9499379828925862
1.2536,0.011742807698430462,0.282106539305793,0.6773426319770417,1.6692483987437186,17.997978400578024,25.836339688134633,0.08704250902523147,0.5802290795289505,10.941311834576576,0.8016986778479565,0.9499644942397832
1.2544,0.011758467582085376,0.2818106270394724,0.6778985988703468,1.66962150394248,17.984234275847715,25.829638765257155,0.08713789468273492,0.5823442136575112,10.957369180659422,0.8015935890579007,0.9499898212692091
1.2552,0.011774123340947086,0.2815160263582299,0.6784469103192692,1.66999424727436,17.97053861376017,25.822864979304974,0.0872355879163988,0.5844680470910026,10.973110947858464,0.8014895393672543,0.9500139672207267
1.256,0.011789775043840149,0.28122274472694614,0.6789876291129574,1.670366630583196,17.95689146565792,25.81601925075074,0.08733557600956565,0.5866005724900665,10.988536962010082,0.801386529334442,0.9500369353539405
1.2568000000000001,0.011805422764040582,0.2809307895950907,0.6795208175827406,1.670738655904124,17.943292882798353,25.809102489345626,0.08743784651397152,0.588741782305991,11.003647120750582,0.8012845595828544,0.9500587289503805
1.2576,0.01182106657915963,0.2806401683969161,0.6800465376027219,1.6711103254588835,17.92974291638324,25.802115594279645,0.08754238724410418,0.5908916687799713,11.01844139340716,0.801183630798463,0.9500793513156676
1.2584,0.011836706571031246,0.2803508885516191,0.680564850590541,1.6714816416510203,17.91624161758627,25.795059454340368,0.08764918627166446,0.5930502239423803,11.032919820842995,0.8010837437273864,0.950098805781657
1.2591999999999999,0.011852342825600489,0.28006295746347126,0.6810758175083022,1.671852607061659,17.90278903757833,25.787934948069385,0.08775823192015947,0.5952174396120508,11.04708251525627,0.8009848991735713,0.9501170957085651
1.26,0.011867975432816206,0.2797763825219181,0.6815794988636555,1.6722232244455526,17.889385227550804,25.780742943916884,0.08786951275957772,0.5973933073955469,11.060929659933482,0.8008870979964998,0.9501342244870739
1.2608000000000001,0.011883604486522825,0.279491171101649,0.6820759547110268,1.6725934967266056,17.876030238736405,25.77348430039372,0.08798301760121702,0.5995778186864726,11.074461508957038,0.8007903411088833,0.9501501955404172
1.2616,0.011899230084357514,0.2792073305626394,0.6825652446529897,1.672963426993789,17.86272412242841,25.766159866221813,0.08809873549257652,0.6017709646647632,11.087678386867557,0.8006946294744327,0.9501650123264417
1.2624,0.011914852327643739,0.27892486825016366,0.6830474278417743,1.6733330184971678,17.84946692999756,25.758770480482028,0.08821665571239479,0.6039727362959986,11.100580688281092,0.8005999641056291,0.9501786783396519
1.2631999999999999,0.011930471321295016,0.2786437914947837,0.6835225629808996,1.6737022746446613,17.836258712908034,25.751316972760954,0.08833676776577004,0.606183124330726,11.113168877461762,0.8005063460616003,0.9501911971132303
1.264,0.0119460871737103,0.2783641076123106,0.6839907083269339,1.6740711989970691,17.82309952273047,25.74380016329435,0.08845906137935566,0.6084021193037751,11.125443487850218,0.8004137764458699,0.9502025722210365
1.2648000000000001,0.011961699996680538,0.27808582390374187,0.6844519216913657,1.6744397952654424,17.809989411154255,25.736220863109647,0.08858352649671708,0.6106297115335956,11.137405121548461,0.8003222564043468,0.9502128072795845
1.2656,0.011977309905288901,0.2778089476551749,0.6849062604425914,1.6748080673068486,17.796928429998033,25.72857987416619,0.08871015327369475,0.6128658911216056,11.149054448761705,0.8002317871231368,0.9502219059499948
1.2664,0.011992917017818482,0.277533486137697,0.6853537815080029,1.6751760191211744,17.783916631218084,25.72087798949296,0.08883893207395599,0.6151106479515366,11.160392207197852,0.8001423698265433,0.9502298719399251
1.2671999999999999,0.012008521455659069,0.2772594466072544,0.6857945413761766,1.6755436548474876,17.770954066916325,25.71311599332542,0.08896985346454028,0.617363971688798,11.171419201425387,0.80005400577501,0.9502367090054794
1.268,0.012024123343212966,0.276986836304498,0.6862285960991581,1.6759109787605198,17.75804078934572,25.705294661239236,0.08910290821157979,0.6196258517798431,11.18213630219037,0.7999666962630828,0.9502424209530865
1.2688000000000001,0.012039722807807034,0.2767156624546112,0.6866560012948346,1.6762779952678244,17.745176850915414,25.697414760283163,0.08923808727603127,0.6218962774515442,11.192544445693553,0.7998804426174722,0.9502470116413619
1.2696,0.012055319979601903,0.27644593226711406,0.6870768121493915,1.6766447089059042,17.73236230419369,25.68947704910913,0.0893753818095459,0.624175237710592,11.202644632828328,0.7997952461950368,0.9502504849829368
1.2704,0.012070914991505442,0.27617765293565266,0.6874910834198512,1.6770111243376178,17.719597201910386,25.681482278101186,0.08951478315037592,0.6264627213428764,11.212437928380613,0.7997111083809135,0.950252844946268
1.2711999999999999,0.012086507979084726,0.2759108316377657,0.6878988694366862,1.677377246348506,17.706881596957658,25.673431189502033,0.08965628281939203,0.6287587169129023,11.221925460191581,0.7996280305865444,0.9502540955574168
1.272,0.01210209908048041,0.2756454755346364,0.6883002241065026,1.6777430798441912,17.69421554238984,25.66532451753803,0.08979987251616689,0.6310632127632035,11.231108418284387,0.7995460142478122,0.9502542409018059
1.2728,0.012117688436323841,0.27538159177082727,0.6886952009147906,1.678108629847138,17.681599091422417,25.657162988542503,0.08994554411511335,0.633376197013762,11.239988053955885,0.7994650608231822,0.9502532851259434
1.2736,0.012133276189651881,0.27511918747399444,0.6890838529287397,1.678473901493966,17.669032297429215,25.64894732107659,0.09009328966174357,0.635697657561454,11.248565678834575,0.7993851717918746,0.9502512324391249
1.2744,0.01214886248582503,0.2748582697545925,0.6894662328001111,1.6788389000317352,17.65651521393958,25.640678226049083,0.09024310136892821,0.6380275820794783,11.256842663905905,0.7993063486519705,0.9502480871151051
1.2752,0.012164447472445812,0.2745988457055567,0.689842392768167,1.679203630816417,17.644047894634085,25.632356406834276,0.09039497161330579,0.6403659580168279,11.26482043850625,0.7992285929187062,0.95024385349374
1.276,0.01218003129927994,0.2743409224019789,0.690212384662649,1.679568099309094,17.631630393339233,25.623982559387667,0.09054889293167379,0.6427127725977415,11.272500489286653,0.7991519061226444,0.9502385359825999
1.2768,0.012195614118173662,0.2740845069007609,0.6905762599068088,1.6799323110735571,17.619262764021705,25.61555737236054,0.09070485801752848,0.6450680128211802,11.279884359147795,0.7990762898079158,0.9502321390585572
1.2776,0.012211196082977611,0.27382960624026076,0.6909340695204802,1.6802962717733152,17.60694506078118,25.60708152721216,0.09086285971760177,0.6474316654603232,11.286973646147471,0.7990017455304916,0.9502246672693344
1.2784,0.01222677734946841,0.2735762274399225,0.6912858641231937,1.6806599871698893,17.594677337843557,25.598555698321412,0.09102289102849082,0.6498037170620462,11.293770002381793,0.7989282748564973,0.9502161252350343
1.2792,0.01224235807526987,0.2733243774998941,0.6916316939373319,1.6810234631187342,17.582459649551513,25.589980553094954,0.0911849450933575,0.652184153946443,11.300275132841735,0.7988558793604439,0.950206517649627
1.28,0.012257938419779128,0.27307406340063517,0.6919716087913179,1.6813867055679452,17.570292050356382,25.58135675207572,0.09134901519865957,0.6545729622063313,11.306490794246153,0.7987845606236295,0.9501958492824114
1.2808,0.012273518544089602,0.2728252921025112,0.692305658122838,1.6817497205551177,17.558174594807948,25.572684949048305,0.09151509477094644,0.656970127706791,11.312418793852885,0.7987143202324481,0.9501841249794437
1.2816,0.012289098610915695,0.2725780705453768,0.6926338909820927,1.6821125142046895,17.5461073375443,25.563965791143573,0.09168317737374082,0.6593756360846821,11.318060988249231,0.7986451597767155,0.9501713496649338
1.2824,0.012304678784520292,0.27233240564815114,0.6929563560350783,1.682475092726051,17.534090333280727,25.555199918941213,0.09185325670442596,0.6617894727482224,11.32341928212331,0.7985770808481302,0.950157528342602
1.2832,0.0123202592306395,0.2720883043083793,0.6932731015668898,1.6828374624105322,17.522123636798277,25.546387966571054,0.0920253265912212,0.6642116228765232,11.328495627017741,0.798510085038594,0.950142666097013
1.284,0.01233584011641152,0.2718457734017888,0.6935841754850491,1.6831996296294989,17.51020730293145,25.537530561812392,0.0921993809902028,0.6666420714191778,11.333292020067015,0.7984441739386897,0.9501267680948638
1.2848,0.012351421610301443,0.2716048197818315,0.6938896253228501,1.6835616008314744,17.498341386555737,25.528628326192337,0.09237541398236154,0.6690808030958317,11.337810502720135,0.7983793491360504,0.9501098395862458
1.2856,0.012367003882032596,0.2713654502792224,0.6941894982427255,1.683923382539973,17.48652594257419,25.519681875081986,0.09255341977073372,0.6715278023957922,11.342053159449854,0.7983156122138761,0.9500918859058639
1.2864,0.012382587102513373,0.2711276717014668,0.6944838410396259,1.6842849813516168,17.474761025904456,25.51069181779211,0.09273339267754932,0.6739830535776159,11.346022116450008,0.798252964749366,0.9500729124742249
1.2872,0.012398171443768985,0.2708914908323807,0.6947727001444141,1.6846464039331508,17.46304669146372,25.501658757665727,0.09291532714145034,0.6764465406687433,11.349719540322447,0.7981914083122246,0.9500529247987876
1.288,0.012413757078868161,0.27065691443160333,0.6950561216272697,1.685007657019682,17.451382994155107,25.492583292171084,0.0930992177147536,0.6789182474651225,11.353147636754807,0.7981309444631525,0.9500319284750744
1.2888,0.01242934418185562,0.2704239492341029,0.6953341512011049,1.6853687474119212,17.43976998885217,25.48346601299162,0.09328505906073459,0.6813981575308452,11.356308649190789,0.7980715747523391,0.9500099291877461
1.2896,0.012444932927682149,0.2701926019496762,0.6956068342249868,1.6857296819745002,17.42820773038372,25.47430750611533,0.09347284595100291,0.68388625419781,11.359204857494165,0.7980133007180604,0.9499869327116394
1.2904,0.012460523492137417,0.2699628792624417,0.6958742157075661,1.6860904676335053,17.416696273518575,25.46510835192286,0.0936625732628496,0.6863825205653877,11.361838576607964,0.7979561238851816,0.9499629449127652
1.2912,0.012476116051779283,0.26973478783032645,0.6961363403105101,1.6864511113741614,17.405235672949175,25.45586912527351,0.09385423597670411,0.6888869395000851,11.36421215521023,0.7979000457637206,0.9499379717492656
1.292,0.012491710783868917,0.2695083342845474,0.6963932523519383,1.6868116202386858,17.393825983275214,25.446590395590142,0.09404782917359006,0.6913994936352585,11.366327974367676,0.7978450678474673,0.949912019272335
1.2928,0.012507307866301283,0.2692835252290893,0.6966449958098586,1.6871720013245337,17.38246725898742,25.437272726943156,0.09424334803264006,0.6939201653707994,11.368188446188537,0.7977911916125647,0.9498850936270974
1.2936,0.012522907477539506,0.2690603672401742,0.6968916143256041,1.6875322617817403,17.371159554450465,25.427916678132583,0.09444078782863208,0.6964489368728599,11.369796012476028,0.7977384185160938,0.9498572010534448
1.2944,0.01253850979654745,0.2688388668657305,0.6971331512072665,1.6878924088107254,17.359902923885578,25.41852280276875,0.09464014392957643,0.6989857900735763,11.371153143383536,0.7976867499947192,0.9498283478868337
1.2952,0.012554115002724457,0.268619030624856,0.6973696494331288,1.6882524496607658,17.34869742135368,25.409091649352423,0.09484141179433814,0.7015307066708051,11.372262336072934,0.7976361874633442,0.949798540559041
1.296,0.012569723275840461,0.26840086500727695,0.6976011516550912,1.6886123916275437,17.3375431007376,25.39962376135296,0.09504458697028456,0.7040836681279026,11.37312611337713,0.7975867323137721,0.9497677855988768
1.2968,0.012585334795968033,0.2681843764728041,0.6978277002020907,1.688972242050717,17.32644001572391,25.390119677285035,0.09524966509097471,0.7066446556734565,11.373747022468125,0.7975383859133117,0.9497360896328526
1.2976,0.012600949743419623,0.26796957145078526,0.6980493370835169,1.6893320083121708,17.31538821978512,25.380579930784553,0.09545664187388986,0.7092136503010988,11.374127633531648,0.7974911496035313,0.9497034593858121
1.2984,0.01261656829868407,0.26775645633955725,0.6982661039926165,1.6896916978343697,17.304387766162037,25.371005050683817,0.09566551311819144,0.7117906327692751,11.374270538449593,0.7974450246989733,0.9496699016815109
1.2992,0.012632190642357823,0.26754503750588987,0.6984780423098897,1.6900513180769607,17.2934387078442,25.361395561083512,0.09587627470248627,0.7143755836010744,11.374178349491219,0.7974000124857453,0.9496354234431608
1.3,0.012647816955086828,0.26733532128443527,0.6986851931064776,1.6904108765363262,17.282541097552613,25.3517519814261,0.0960889225826686,0.7169684830840317,11.3738536980143,0.7973561142204127,0.9496000316939194
1.3008,0.01266344741749916,0.2671273139771691,0.698887597147535,1.690770380742407,17.271694987720604,25.34207482656614,0.09630345278976171,0.7195693112699697,11.373299233177114,0.7973133311286213,0.9495637335573471
1.3016,0.012679082210143085,0.2669210218528333,0.6990852948955953,1.6911298382568987,17.260900430474717,25.33236460683962,0.09651986142779756,0.7221780479748563,11.3725176206623,0.7972716644039113,0.949526536257807
1.3024,0.012694721513424453,0.2667164511463752,0.6992783265139179,1.6914892566713249,17.25015747761641,25.32262182813306,0.0967381446717347,0.7247946727786513,11.37151154141358,0.7972311152064719,0.9494884471208284
1.3032,0.012710365507543505,0.2665136080583894,0.6994667318698252,1.691848643604736,17.23946618060266,25.312846991950423,0.09695829876537532,0.7274191650251921,11.370283690386083,0.7971916846619396,0.9494494735734178
1.304,0.012726014372434263,0.26631249875455454,0.6996505505380226,1.692208006702323,17.228826590527436,25.30304059547983,0.09718032001934757,0.7300515038220872,11.368836775311303,0.7971533738602231,0.9494096231443316
1.3048,0.012741668287701187,0.2661131293650724,0.6998298218039027,1.6925673536323345,17.21823875810204,25.293203131658114,0.09740420480909462,0.7326916680406099,11.367173515477372,0.7971161838542858,0.949368903464291
1.3056,0.012757327432558202,0.2659155059841051,0.7000045846668358,1.6929266920846615,17.20770273363601,25.283335089234896,0.09762994957289017,0.73533963631563,11.365296640525516,0.7970801156590169,0.9493273222661599
1.3064,0.01277299198576851,0.2657196346692146,0.7001748778434396,1.693286029769034,17.19721856701824,25.273436952835738,0.09785755080988578,0.7379953870455327,11.363208889263374,0.7970451702501015,0.9492848873850728
1.3072,0.012788662125582313,0.26552552144079944,0.7003407397708334,1.6936453744121494,17.186786307697457,25.26350920302375,0.0980870050781728,0.7406588983921859,11.360913008495885,0.7970113485628483,0.9492416067585108
1.308,0.012804338029677233,0.26533317228153347,0.7005022086098743,1.69400473375633,17.17640600466287,25.25355231636018,0.09831830899289945,0.7433301482808798,11.35841175187441,0.7969786514911336,0.9491974884263362
1.3088,0.012820019875098778,0.26514259313580674,0.7006593222483715,1.6943641155569935,17.16607770642478,25.24356676546403,0.09855145922435882,0.7460091144003246,11.355707878764692,0.7969470798862894,0.9491525405307751
1.3096,0.012835707838200034,0.26495378990916546,0.7008121183042859,1.6947235275810897,17.15580146099577,25.233553019071195,0.09878645249615303,0.7486957742026292,11.352804153134239,0.7969166345560459,0.9491067713163532
1.3104,0.012851402094582612,0.2647667684677531,0.7009606341289036,1.6950829776047556,17.145577315870817,25.2235115420914,0.09902328558336654,0.7513901049033124,11.349703342459598,0.7968873162635048,0.9490601891297817
1.3112,0.012867102819035898,0.26458153463775386,0.7011049068099943,1.6954424734107079,17.13540531800795,25.21344279566485,0.09926195531072435,0.7540920834813292,11.34640821665416,0.7968591257260201,0.9490128024197961
1.312,0.012882810185481664,0.26439809420483845,0.701244973174944,1.695802022787305,17.12528551380952,25.20334723721826,0.09950245855082018,0.7568016866791019,11.342921547016735,0.7968320636143154,0.9489646197369462
1.3128,0.012898524366913362,0.26421645291361107,0.7013808697938703,1.6961616335255911,17.11521794910244,25.193225320518955,0.09974479222237143,0.7595188910025675,11.33924610520154,0.7968061305514211,0.9489156497333351
1.3136,0.0129142455353398,0.2640366164670569,0.7015126329827106,1.6965213134175627,17.105202669119155,25.183077495728668,0.09998895328842383,0.7622436727212648,11.335384662209757,0.7967813271117213,0.9488659011623097
1.3144,0.01292997386172583,0.263858590525995,0.7016402988062945,1.6968810702537738,17.095239718478073,25.17290420945583,0.10023493875467865,0.7649760078683939,11.331339987403204,0.7967576538199995,0.948815382878104
1.3152,0.012945709515936382,0.26368238070853184,0.7017639030813863,1.6972409118215595,17.0853291411651,25.1627059048078,0.10048274566772669,0.7677158722409265,11.327114847540239,0.7967351111505148,0.9487641038354307
1.316,0.012961452666680529,0.2635079925895183,0.7018834813797097,1.6976008459029899,17.0754709805141,25.15248302144125,0.10073237111343147,0.7704632413997247,11.322712005834289,0.7967136995261287,0.9487120730890238
1.3168,0.012977203481452534,0.26333543170000834,0.7019990690309453,1.6979608802719781,17.06566527918769,25.142235995611717,0.10098381221520453,0.7732180906696561,11.318134221035162,0.7966934193173457,0.9486592997931295
1.3176,0.012992962126480524,0.2631647035267244,0.7021107011257085,1.6983210226936052,17.055912079159054,25.131965260223225,0.10123706613239214,0.7759803951397546,11.313384246533383,0.7966742708415608,0.9486057932009537
1.3184,0.01300872876666482,0.26299581351152035,0.702218412518497,1.6986812809202547,17.04621142169211,25.12167124487538,0.10149213005864444,0.7787501296633714,11.308464829487654,0.7966562543620946,0.948551562664053
1.3192,0.013024503565528419,0.2628287670508548,0.7023222378306211,1.6990416626905045,17.0365633473234,25.111354375910988,0.10174900122028807,0.7815272688583574,11.303378709975625,0.7966393700874529,0.9484966176316781
1.32,0.013040286685159745,0.2626635694952623,0.7024222114531034,1.6994021757271014,17.026967895843317,25.10101507646231,0.10200767687475687,0.7843117871072482,11.298128620168056,0.7966236181705217,0.9484409676500706
1.3208,0.013056078286158974,0.26250022614883256,0.7025183675495568,1.6997628277339913,17.017425106277294,25.090653766496068,0.10226815430899228,0.7871036585574942,11.292717283526402,0.7966089987077499,0.9483846223617068
1.3216,0.013071878527584492,0.2623387422686907,0.702610740059037,1.7001236263947561,17.00793501686747,25.08027086285812,0.10253043083791158,0.7899028571216578,11.287147414023899,0.7965955117384306,0.9483275915044916
1.3224,0.01308768756689904,0.2621791230644846,0.702699362698868,1.7004845793700767,16.998497665054284,25.06986677931704,0.1027945038028587,0.7927093564776742,11.281421715390113,0.7965831572439344,0.9482698849109067
1.3232,0.013103505559918795,0.2620213736978749,0.7027842689674448,1.700845694295971,16.989113087458296,25.059441926606954,0.10306037057007533,0.7955231300691079,11.275542880378964,0.7965719351470504,0.9482115125071054
1.324,0.013119332660758775,0.2618654992820299,0.7028654921470084,1.7012069787807533,16.979781319861935,25.048996712469467,0.10332802852919726,0.7983441511054259,11.269513590060194,0.796561845311213,0.94815248431196
1.3248,0.013135169021782349,0.26171150488112627,0.7029430653063948,1.7015684404032783,16.970502397191495,25.038531541694688,0.10359747509178041,0.8011723925622831,11.263336513134133,0.79655288753989,0.9480928104360612
1.3256000000000001,0.013151014793550592,0.26155939550985274,0.7030170213037601,1.7019300867109237,16.96127635349945,25.02804681616191,0.10386870768979728,0.8040078271818364,11.257014305269676,0.7965450615759361,0.9480325010806667
1.3264,0.013166870124770427,0.2614091761329216,0.7030873927892767,1.702291925216592,16.952103221946498,25.01754293487884,0.10414172377420028,0.8068504274730685,11.250549608465493,0.7965383671009127,0.9479715665366022
1.3272,0.013182735162245085,0.26126085166458235,0.7031542122078066,1.7026539633971183,16.942983034784092,25.00702029402052,0.10441652081348118,0.8097001657121309,11.243945050434068,0.7965328037345625,0.947910017183113
1.328,0.013198610050825671,0.2611144269681442,0.7032175118015446,1.7030162086903715,16.93391582333699,24.996479286967343,0.10469309629221929,0.8125570139426995,11.237203244008626,0.7965283710341613,0.9478478634866699
1.3288,0.01321449493336,0.2609699068555013,0.7032773236126395,1.7033786684930803,16.924901617985856,24.985920304342162,0.1049714477096968,0.8154209439763462,11.230326786572641,0.7965250684939765,0.9477851159997236
1.3296000000000001,0.013230389950645804,0.2608272960866642,0.7033336794857836,1.7037413501586869,16.915940448150355,24.975343734047016,0.10525157257848816,0.8182919273929441,11.223318259511782,0.79652289554475,0.9477217853594155
1.3304,0.013246295241382648,0.2606865993692992,0.7033866110707815,1.7041042609943986,16.907032342271833,24.96474996129854,0.10553346842306455,0.8211699355410584,11.216180227687992,0.7965218515531457,0.9476578822862373
1.3312,0.013262210942125175,0.2605478213582712,0.7034361498250872,1.7044674082593971,16.898177327796837,24.954139368663295,0.10581713277845128,0.8240549395383885,11.208915238935523,0.7965219358212946,0.9475934175826471
1.332,0.013278137187235924,0.26041096665519314,0.7034823270163177,1.7048307991619964,16.889375431160357,24.943512336091924,0.1061025631888542,0.8269469102722089,11.201525823578674,0.7965231475863035,0.9475284021316367
1.3328,0.013294074108839387,0.2602760398079834,0.7035251737247393,1.705194440856964,16.880626677769154,24.93286924095259,0.10638975720632626,0.8298458183998209,11.194014493970903,0.7965254860197961,0.9474628468952543
1.3336000000000001,0.013310021836777947,0.26014304531042715,0.703564720845726,1.7055583404434742,16.87193109198592,24.922210458064214,0.10667871238942661,0.8327516343490404,11.18638374405506,0.7965289502274963,0.947396762913081
1.3344,0.013325980498566942,0.26001198760174593,0.7036009990921938,1.7059225049623805,16.863288697112615,24.911536359728167,0.10696942630193867,0.8356643283186891,11.178636048944451,0.7965335392488578,0.9473301613006603
1.3352,0.013341950219349996,0.25988287106617247,0.7036340389970046,1.7062869413933583,16.85469951537494,24.90084731576016,0.10726189651154117,0.8385838702791142,11.170773864524378,0.7965392520566259,0.9472630532478878
1.336,0.013357931121857554,0.25975570003253384,0.7036638709153479,1.7066516566526673,16.846163567906345,24.89014369352079,0.1075561205885377,0.8415102299727055,11.162799627073856,0.7965460875565261,0.9471954500173495
1.3368,0.01337392332636299,0.2596304787738403,0.7036905250270923,1.707016657590252,16.837680874732772,24.879425857946018,0.10785209610457414,0.844443376914463,11.154715752907224,0.7965540445869099,0.9471273629426236
1.3376000000000001,0.013389926950643028,0.2595072115068794,0.7037140313391107,1.707381950987319,16.82925145475692,24.868694171576237,0.10814982063139006,0.8473832803925463,11.146524638035132,0.7965631219184586,0.9470588034265337
1.3384,0.013405942109934735,0.2593859023918215,0.7037344196875823,1.7077475435531753,16.820875325743266,24.857948994585378,0.10844929173957352,0.8503299094688646,11.13822865784483,0.7965733182538794,0.9469897829393626
1.3392,0.013421968916896513,0.2592665555318276,0.7037517197402636,1.7081134419227553,16.812552504303042,24.847190684808975,0.10875050699731437,0.8532832329796811,11.129830166799083,0.796584632227643,0.9469203130170227
1.34,0.013438007481570426,0.25914917497266793,0.7037659609987345,1.7084796526538426,16.804283005879608,24.836419597771936,0.10905346396919713,0.8562432195362281,11.121331498153598,0.7965970624057654,0.9468504052591855
1.3408,0.013454057911340953,0.25903376470234496,0.7037771728006197,1.7088461822239864,16.796066844733634,24.825636086715207,0.10935816021500216,0.8592098375253465,11.11273496369246,0.7966106072855688,0.9467800713273699
1.3416000000000001,0.01347012031090019,0.25892032865072623,0.7037853843217816,1.7092130370278724,16.787904033928996,24.814840502622346,0.10966459328847655,0.8621830551101425,11.104042853481232,0.7966252652954887,0.9467093229429911
1.3424,0.01348619478220923,0.25880887068918257,0.7037906245784877,1.7095802233738482,16.77979458531826,24.804033194244898,0.10997276073620038,0.8651628402306503,11.095257435637317,0.7966410347949126,0.9466381718853697
1.3432,0.013502281424463317,0.2586993946302351,0.7037929224295506,1.70994774748155,16.771738509529218,24.79321450812797,0.1102826600963831,0.8681491606045463,11.086380956117214,0.79665791407403,0.9465666299897016
1.344,0.013518380334057965,0.2585919042272095,0.7037923065784435,1.710315615478411,16.763735815950678,24.782384788634303,0.11059428889772305,0.8711419837278334,11.077415638520316,0.7966759013537187,0.9464947091449922
1.3448,0.013534491604551542,0.25848640317389693,0.703788805575388,1.7106838333964944,16.755786512719293,24.77154437796853,0.11090764465826852,0.8741412768755784,11.068363683908734,0.7966949947853961,0.9464224212919506
1.3456000000000001,0.013550615326637117,0.25838289510422463,0.7037824478194177,1.7110524071696886,16.747890606706143,24.760693616200463,0.11122272488427631,0.8771470071026674,11.05922727064291,0.7967151924510317,0.9463497784208484
1.3464,0.01356675158810717,0.25828138359193203,0.7037732615604126,1.7114213426299258,16.740048103503526,24.749832841287684,0.1115395270690972,0.8801591412445483,11.05000855423247,0.7967364923630065,0.9462767925693444
1.3472,0.013582900473821609,0.25818187215025595,0.7037612749011128,1.7117906455039815,16.732259007412285,24.738962389098084,0.11185804869206928,0.8831776459180394,11.04070966720209,0.796758892464098,0.9462034758202721
1.348,0.01359906206568178,0.25808436423162384,0.7037465157991,1.7121603214104368,16.724523321428972,24.728082593431253,0.11217828721743867,0.8862024875221004,11.031332718971786,0.79678239062754,0.946129840299395
1.3488,0.01361523644259719,0.25798886322735354,0.7037290120687582,1.7125303758555859,16.716841047233704,24.717193786039932,0.11250024009327397,0.8892336322386717,11.0218797957514,0.796806984656944,0.9460558981731287
1.3496000000000001,0.01363142368045937,0.25789537246736255,0.7037087913832072,1.7129008142303377,16.70921218517775,24.706296296650393,0.11282390475037551,0.8922710460335128,11.012352960448784,0.7968326722863821,0.9459816616462305
1.3504,0.013647623852114774,0.2578038952198837,0.703685881276211,1.7132716418063865,16.70163673427154,24.695390452982476,0.11314927860126278,0.8953146946570436,11.002754252591334,0.7968594511804655,0.9459071429594561
1.3512,0.013663837027338636,0.2577144346911909,0.7036603091440585,1.7136428637323107,16.694114692173102,24.684476580769307,0.11347635903910003,0.898364543645221,10.99308568826048,0.7968873189343764,0.9458323543871892
1.352,0.013680063272809038,0.2576269940253293,0.7036321022474229,1.7140144850296934,16.686646055176194,24.673555003775974,0.11380514343667436,0.9014205583204448,10.983349260038695,0.7969162730739866,0.9457573082350398
1.3528,0.013696302652085462,0.2575415763038593,0.7036012877131927,1.7143865105895166,16.679230818199798,24.66262604381881,0.11413562914538877,0.9044827037924482,10.973546936968742,0.7969463110560167,0.9456820168374147
1.3536000000000001,0.01371255522558332,0.25745818454560127,0.7035678925362802,1.7147589451677163,16.67186897477604,24.65169002078243,0.11446781349424429,0.9075509449592485,10.963680664524636,0.7969774302681375,0.9456064925550581
1.3544,0.013728821050554682,0.2573768217063944,0.7035319435814011,1.7151317933810404,16.66456051704006,24.640747252637844,0.11480169378885852,0.9106252465080709,10.95375236459407,0.7970096280291542,0.9455307477725685
1.3552,0.013745100181066873,0.2572974906788617,0.7034934675848351,1.7155050597029948,16.657305435719476,24.629798055459652,0.11513726731048257,0.9137055729163389,10.94376393547185,0.7970429015892131,0.9454547948958918
1.356,0.01376139266798227,0.2572201942921809,0.7034524911561568,1.7158787484589837,16.65010372012348,24.618842743441963,0.11547453131502528,0.91679188845264,10.933717251863987,0.7970772481299586,0.9453786463497834
1.3568,0.013777698558941499,0.2571449353118664,0.7034090407799437,1.7162528638217154,16.642955358133072,24.60788162891486,0.11581348303211692,0.9198841571777372,10.923614164902107,0.7971126647647905,0.9453023145752549
1.3576000000000001,0.013794017898347102,0.25707171643955923,0.7033631428174612,1.7166274098071561,16.63586033619154,24.596915022360378,0.11615411966414835,0.922982342945591,10.91345650216777,0.7971491485391387,0.9452258120269913
1.3584,0.013810350727345884,0.25700054031282177,0.703314823508321,1.7170023902686538,16.62881863929391,24.58594323242672,0.11649643838536061,0.9260864094043948,10.90324606772636,0.7971866964306591,0.9451491511707512
1.3592,0.013826697083816635,0.2569314095049449,0.7032641089721172,1.7173778088927634,16.62183025097854,24.574966565943996,0.11684043634091235,0.929196319997641,10.892984642170234,0.7972253053495951,0.945072344480747
1.36,0.013843057002354551,0.25686432652475993,0.7032110252100376,1.7177536691929234,16.61489515331702,24.563985327937537,0.11718611064597917,0.9323120379651918,10.882673982670699,0.7972649721389946,0.9449954044370019
1.3608,0.013859430514262092,0.2567992938164605,0.7031555981064507,1.71812997450537,16.60801332690606,24.552999821642498,0.11753345838486717,0.935433526344378,10.872315823038555,0.797305693575109,0.9449183435226957
1.3616000000000001,0.013875817647536462,0.2567363137594314,0.7030978534304697,1.7185067279825574,16.601184750858327,24.542010348516786,0.11788247661012585,0.9385607479711171,10.86191187379282,0.7973474663676874,0.9448411742214855
1.3624,0.013892218426860201,0.256675388668086,0.7030378168374927,1.7188839325873744,16.594409402793886,24.531017208253925,0.11823316234169123,0.9416936654810338,10.851463822237344,0.7973902871603056,0.944763909014817
1.3632,0.01390863287359418,0.25661652079171143,0.7029755138707187,1.7192615910875446,16.587687258832418,24.52002069879599,0.11858551256601801,0.944832241310632,10.840973332544923,0.7974341525307783,0.9446865603792194
1.3639999999999999,0.013925061005770614,0.25655971231432173,0.702910969962642,1.7196397060490867,16.581018293584833,24.50902111634531,0.11893952423523713,0.9479764376984411,10.83044204584871,0.7974790589915198,0.9446091407835854
1.3648,0.013941502838086947,0.25650496535451894,0.7028442104365211,1.7200182798294747,16.574402480145874,24.498018755376574,0.11929519426632296,0.9511262166862354,10.819871580340457,0.7975250029899119,0.9445316626864403
1.3656000000000001,0.013957958381903238,0.2564522819653623,0.7027752605078272,1.7203973145713256,16.567839790086122,24.487013908647572,0.11965251954030065,0.9542815401202,10.809263531375459,0.7975719809087722,0.9444541385332001
1.3664,0.013974427645238346,0.2564016641342442,0.7027041452856667,1.7207768121952647,16.561330193445325,24.476006867210714,0.12001149690138824,0.9574423696522011,10.798619471583741,0.797619989066725,0.9443765807534201
1.3672,0.01399091063276877,0.25635311378277587,0.7026308897741841,1.7211567743919325,16.554873658724848,24.464997920423016,0.12037212315625068,0.9606086667409982,10.787940950987272,0.7976690237186338,0.9442990017580306
1.3679999999999999,0.014007407345830064,0.25630663276667903,0.7025555188739396,1.7215372026151314,16.548470152881354,24.453987355956766,0.12073439507315831,0.9637803926535216,10.777229497122965,0.7977190810560778,0.9442214139365726
1.3688,0.01402391778241606,0.25626222287568534,0.7024780573832666,1.7219180980730187,16.54211964131961,24.442975459808498,0.12109830938126243,0.9669575084661539,10.766486615171049,0.7977701572077548,0.9441438296544195
1.3696000000000002,0.014040441937185188,0.25621988583344557,0.7023985299996051,1.7222994617203575,16.53582208788687,24.43196251630919,0.12146386276980892,0.9701399750660182,10.755713788088727,0.7978222482400212,0.9440662612499989
1.3704,0.014056979801461329,0.25617962329744337,0.7023169613208129,1.7226812942492167,16.529577454866413,24.420948808132835,0.12183105188737342,0.9733277531523185,10.744912476748649,0.7978753501572551,0.9439887210320068
1.3712,0.014073531363241947,0.25614143685891816,0.7022333758464566,1.7230635960799532,16.523385702971524,24.40993461630491,0.12219987334112581,0.9765208032376493,10.734084120082095,0.7979294589024093,0.9439112212766237
1.3719999999999999,0.014090096607206216,0.2561053280427962,0.702147797979079,1.7234463673523273,16.51724679134057,24.39892022021137,0.12257032369608734,0.9797190856493716,10.723230135226563,0.7979845703575145,0.9438337742247234
1.3728,0.014106675514720751,0.2560712983076267,0.7020602520254451,1.7238296079137712,16.511160677530583,24.387905897605542,0.12294239947440921,0.9829225605309773,10.71235191767749,0.798040680344063,0.9437563920790837
1.3736000000000002,0.014123268063852843,0.2560393490455278,0.7019707621977674,1.7242133173108058,16.505127317513136,24.376891924616736,0.12331609715464265,0.9861311878434872,10.701450841443929,0.7980977846236296,0.9436790870016043
1.3744,0.014139874229380463,0.2560094815821374,0.7018793526149082,1.724597494776603,16.49914666566874,24.36587857575681,0.12369141317102628,0.9893449273668489,10.690528259207863,0.798155878898262,0.9436018711105126
1.3752,0.014156493982807081,0.2559816971765738,0.7017860473035624,1.7249821392202165,16.493218674782508,24.35486612392742,0.12406834391277655,0.9925637387013783,10.679585502486999,0.7982149588110734,0.9435247564775894
1.376,0.01417312729237461,0.2559559970214004,0.7016908701994171,1.7253672492139351,16.48734329603958,24.343854840426523,0.1244468857233898,0.9957875812692065,10.668623881800817,0.7982750199466735,0.9434477551253855
1.3768,0.01418977412308189,0.25593238224260023,0.7015938451482929,1.72575282298099,16.481520479021015,24.33284499495469,0.12482703489992752,0.9990164143157296,10.65764468683959,0.7983360578317242,0.943370879024453
1.3776,0.014206434436701509,0.2559108538995552,0.7014949959072617,1.726138858381912,16.475750171699687,24.321836855621036,0.12520878769233112,1.0022501969111006,10.646649186636301,0.7983980679354391,0.943294140090579
1.3784,0.014223108191798147,0.2558914129850329,0.701394346145745,1.7265253529002678,16.470032320436392,24.310830688948645,0.12559214030272436,1.0054888879517412,10.635638629741065,0.7984610456700603,0.9432175501820277
1.3792,0.014239795343751502,0.25587406042518085,0.7012919194465925,1.7269123036285237,16.464366869976793,24.299826759880435,0.12597708888470627,1.0087324461618397,10.6246142443981,0.7985249863914173,0.9431411210967969
1.38,0.014256495844777589,0.2558587970795262,0.7011877393071384,1.7272997072519374,16.45875376344753,24.28882533178359,0.12636362954266278,1.011980830094902,10.613577238724762,0.7985898853994279,0.9430648645698758
1.3808,0.014273209643953897,0.25584562374098263,0.7010818291402386,1.7276875600325567,16.45319294235361,24.277826666454786,0.12675175833105645,1.0152339981353071,10.602528800892788,0.7986557379386039,0.9429887922705249
1.3816,0.014289936687243715,0.2558345411358642,0.7009742122752888,1.7280758577918576,16.447684346575414,24.266831024124475,0.12714147125372333,1.0184919084998696,10.591470099311316,0.7987225391985894,0.9429129157995614
1.3824,0.014306676917523166,0.2558255499239028,0.70086491195922,1.7284645958925573,16.44222791436573,24.25583866346077,0.1275327642631573,1.0217545192394362,10.580402282811582,0.7987902843146488,0.9428372466866624
1.3832,0.014323430274612192,0.255818650698276,0.7007539513574764,1.7288537692200165,16.436823582347873,24.244849841573835,0.12792563325976825,1.025021788240495,10.569326480833215,0.7988589683682649,0.9427617963876812
1.384,0.014340196695303372,0.2558138439856385,0.7006413535549733,1.7292433721616547,16.43147128551328,24.233864814019256,0.12832007409115442,1.028293673226801,10.55824380361185,0.7989285863876362,0.9426865762819836
1.3848,0.01435697611339233,0.25581113024615804,0.7005271415570347,1.729633398586138,16.426170957219256,24.222883834801163,0.12871608255134603,1.0315701317610178,10.54715534236798,0.7989991333482239,0.9426115976697989
1.3856,0.014373768459715138,0.2558105098735618,0.7004113382903123,1.7300238418212395,16.42092252918783,24.2119071563759,0.12911365438001976,1.034851121246375,10.536062169496844,0.7990706041733902,0.9425368717695908
1.3864,0.014390573662179955,0.25581198319518367,0.7002939666036846,1.730414694629932,16.415725931503623,24.200935029654232,0.1295127852616863,1.0381365989283498,10.524965338759268,0.7991429937349016,0.9424624097154473
1.3872,0.014407391645805062,0.25581555047202015,0.7001750492691377,1.7308059491860917,16.410581092612798,24.189967704004225,0.12991347082489413,1.0414265218963703,10.513865885473251,0.799216296853636,0.942388222554494
1.388,0.014424222332757567,0.25582121189879187,0.700054608982627,1.731197597048304,16.405487939322057,24.17900542725365,0.13031570664132652,1.0447208470855152,10.502764826706237,0.7992905083002051,0.9423143212443278
1.3888,0.014441065642392427,0.25582896760400725,0.6999326683649196,1.7315896291325643,16.400446396797474,24.168048445691795,0.1307194882249355,1.0480195312782534,10.491663161467862,0.7993656227956748,0.9422407166504754
1.3896,0.014457921491295189,0.25583881765003674,0.6998092499624181,1.7319820356831528,16.395456388563968,24.157097004071495,0.13112481103097928,1.0513225311061793,10.480561870903136,0.7994416350123414,0.9421674195438735
1.3904,0.014474789793322965,0.2558507620331876,0.699684376247968,1.7323748062420705,16.390517836504824,24.14615134561069,0.1315316704550369,1.054629803051797,10.46946191848587,0.799518539574533,0.9420944405983798
1.3912,0.014491670459651305,0.2558648006837856,0.6995580696216424,1.7327679296175056,16.385630660861537,24.13521171199397,0.13194006183196727,1.0579413034502814,10.458364250212275,0.7995963310595975,0.9420217903883045
1.392,0.014508563398818574,0.2558809334662619,0.6994303524115134,1.733161393848814,16.380794780233277,24.124278343373227,0.13234998043478352,1.0612569884912844,10.447269794794616,0.7996750039988426,0.9419494793859745
1.3928,0.014525468516775905,0.25589916017924497,0.699301246874402,1.7335551861723602,16.37601011157772,24.11335147836929,0.132761421473508,1.0645768142207546,10.436179463854785,0.799754552878796,0.9418775179593241
1.3936,0.014542385716934041,0.2559194805556551,0.6991707751966123,1.733949292982615,16.371276570210725,24.102431354072003,0.13317438009387228,1.0679007365427566,10.425094152117781,0.7998349721423912,0.9418059163695147
1.3944,0.01455931490021622,0.2559418942628067,0.6990389594946458,1.7343436997930937,16.366594069807377,24.09151820604125,0.13358885137600196,1.071228711221336,10.414014737604845,0.7999162561904618,0.9417346847685888
1.3952,0.014576255965109572,0.25596640090251216,0.6989058218159006,1.7347383911945826,16.361962522402365,24.080612268306872,0.13400483033296096,1.0745606938823622,10.402942081826328,0.7999983993833847,0.9416638331971517
1.396,0.014593208807720297,0.25599300001119146,0.6987713841393495,1.735133350811374,16.357381838391106,24.06971377336898,0.13442231190920806,1.077896640015427,10.391877029974095,0.8000813960429047,0.9415933715820892
1.3968,0.014610173321828027,0.25602169105998585,0.6986356683762073,1.7355285612547888,16.35285192653087,24.058822952197886,0.13484129097890607,1.0812365049757362,10.380820411113396,0.8001652404541788,0.9415233097343169
1.3976,0.014627149398944104,0.25605247345487525,0.6984986963705723,1.7359240040746258,16.348372693941972,24.04794003423367,0.13526176234412812,1.084580243986013,10.36977303837417,0.8002499268680213,0.9414536573465657
1.3984,0.014644136928370117,0.2560853465368001,0.6983604899000574,1.7363196597082045,16.343944046109375,24.037065247385826,0.1356837207329057,1.0879278121384461,10.35873570914167,0.8003354495033708,0.941384423991204
1.3992,0.01466113579725617,0.25612030958178494,0.6982210706764025,1.7367155074263039,16.33956588688432,24.02619881803256,0.13610716079709195,1.0912791643966115,10.347709205246275,0.8004218025498485,0.9413156191180926
1.4,0.014678145890666815,0.25615736180107,0.6980804603460681,1.7371115252770686,16.335238118486412,24.01534097102015,0.13653207711007487,1.094634255597456,10.336694293152581,0.8005089801703965,0.9412472520524815
1.4008,0.014695167091639887,0.25619650234124103,0.6979386804908158,1.7375076900263196,16.330960641505275,24.004491929661526,0.1369584641642746,1.0979930404532554,10.325691724147525,0.8005969765037515,0.9411793319929419
1.4016,0.014712199281253766,0.25623773028436647,0.6977957526282692,1.7379039770958684,16.326733354903197,23.993651915735548,0.13738631636843857,1.1013554735536129,10.314702234527628,0.8006857856665471,0.9411118680093404
1.4024,0.014729242338693334,0.2562810446481361,0.6976516982124604,1.7383003604980622,16.32255615601737,23.98282114948543,0.13781562804467062,1.104721509367473,10.303726545785157,0.8007754017545449,0.94104486904085
1.4032,0.014746296141317313,0.256326444386003,0.6975065386343593,1.738696812767465,16.318428940562512,23.971999849617326,0.13824639342521083,1.1080911022451256,10.292765364793262,0.8008658188423762,0.9409783438940049
1.404,0.014763360564727426,0.25637392838732836,0.6973602952223882,1.7390933048900337,16.314351602633646,23.961188233298635,0.13867860664897946,1.1114642064202673,10.281819383990012,0.800957030980952,0.9409123012407952
1.4048,0.014780435482839204,0.2564234954775306,0.6972129892429184,1.7394898062279012,16.310324034709108,23.95038651615627,0.13911226175771385,1.1148407760120338,10.270889281561217,0.8010490321910094,0.9408467496168057
1.4056,0.01479752076795311,0.25647514441823455,0.697064641900753,1.7398862844417877,16.30634612765344,23.939594912274522,0.13954735269183094,1.1182207650270786,10.259975721622052,0.8011418164511587,0.9407816974193945
1.4064,0.014814616290830382,0.25652887390742585,0.6969152743395923,1.7402827054104826,16.30241777072128,23.928813634193467,0.1399838732859281,1.1216041273616466,10.249079354397415,0.8012353776778945,0.9407171529059215
1.4072,0.014831721920765109,0.2565846825796059,0.6967649076424866,1.7406790331454616,16.29853885155994,23.91804289290601,0.14042181726381975,1.1249908168036735,10.238200816400992,0.8013297096942722,0.9406531241920147
1.408,0.014848837525662427,0.25664256900595095,0.6966135628322697,1.7410752297043146,16.294709256213864,23.907282897856213,0.14086117823322342,1.1283807870349047,10.22734073061296,0.8014248061835609,0.9405896192498882
1.4088,0.014865962972114675,0.2567025316944703,0.6964612608719811,1.7414712550992206,16.2909288691278,23.89653385693626,0.14130194967989407,1.1317739916330112,10.216499706656291,0.8015206606231381,0.940526645906701
1.4096,0.014883098125481387,0.2567645690901712,0.6963080226652691,1.7418670672033585,16.28719757315114,23.885795976484246,0.14174412496129152,1.1351703840737268,10.205678340971689,0.8016172661943471,0.9404642118429652
1.4104,0.014900242849969101,0.25682867957522093,0.6961538690567844,1.7422626216539463,16.28351524954189,23.87506946128125,0.1421876972996885,1.138569917733014,10.194877216991015,0.8017146156647257,0.940402324591003
1.4112,0.014917397008713125,0.25689486146911406,0.6959988208325515,1.7426578717525985,16.27988177797084,23.864354514548417,0.14263265977469308,1.1419725458892112,10.184096905309268,0.801812701242128,0.9403409915334479
1.412,0.014934560463859665,0.25696311302883995,0.6958428987203348,1.7430527683629897,16.276297036526195,23.853651337944225,0.14307900531509476,1.1453782217252262,10.173337963855065,0.8019115144059255,0.9402802199017943
1.4128,0.01495173307665108,0.2570334324490517,0.6956861233899796,1.7434472598061994,16.27276090171784,23.84296013156105,0.14352672669008615,1.148786898330742,10.162600938059509,0.8020110457297531,0.9402200167750026
1.4136,0.014968914707510302,0.2571058178622376,0.6955285154537484,1.743841291754599,16.269273248482477,23.832281093922443,0.14397581649967994,1.152198528704391,10.151886361023614,0.8021112847231321,0.9401603890781461
1.4144,0.014986105216127825,0.25718026733889265,0.695370095466637,1.7442348071238953,16.26583395018815,23.82161442197946,0.14442626716440943,1.1556130657560093,10.141194753684042,0.8022122197333809,0.9401013435811092
1.4152,0.015003304461548215,0.25725677888769105,0.6952108839266778,1.7446277459640243,16.262442878639074,23.810960311107188,0.1448780709141435,1.1590304623088432,10.13052662497732,0.8023138379601021,0.9400428868973432
1.416,0.015020512302261578,0.2573353504556632,0.695050901275231,1.745020045351179,16.25909990408154,23.800318955101893,0.1453312197760216,1.1624506711018192,10.119882472002326,0.8024161256341648,0.9399850254826605
1.4168,0.015037728596291313,0.2574159799283678,0.6948901678972592,1.7454116392785934,16.255804895208342,23.789690546176676,0.14578570556149906,1.1658736447917826,10.109262780181263,0.8025190683922476,0.9399277656340945
1.4176,0.01505495320128563,0.2574986651300695,0.694728704121591,1.7458024585504575,16.2525577191648,23.77907527495838,0.14624151985228895,1.1692993359557793,10.098668023418908,0.8026226518344765,0.9398711134887996
1.4184,0.015072185974610365,0.2575834038239164,0.6945665302211679,1.7461924306773966,16.24935824155395,23.768473330483477,0.14669865398540027,1.172727697093333,10.088098664260169,0.8027268621921655,0.9398150750230087
1.4192,0.01508942677344246,0.2576701937121165,0.6944036664132821,1.7465814797767614,16.246206326442568,23.75788490019458,0.14715709903696172,1.1761586806287512,10.077555154046026,0.802831686978203,0.9397596560510427
1.42,0.01510667545486212,0.2577590324361153,0.6942401328597957,1.7469695264771516,16.243101836366737,23.74731016993625,0.14761684580498002,1.179592238913419,10.067037933067743,0.8029371154717092,0.9397048622243726
1.4208,0.015123931875952354,0.257849917576776,0.6940759496673522,1.7473564878312686,16.240044632337877,23.73674932395116,0.14807788479088868,1.1830283242281283,10.056547430719379,0.8030431389200388,0.9396506990307332
1.4216,0.015141195893889818,0.25794284665455586,0.6939111368875704,1.7477422772365614,16.237034573848838,23.72620254487603,0.14854020617987507,1.1864668887854033,10.046084065648596,0.8031497504171777,0.9395971717932925
1.4224,0.015158467366046952,0.2580378171296871,0.6937457145172289,1.7481268043677218,16.234071518880196,23.715670013737615,0.14900379982000767,1.189907884731839,10.035648245905774,0.8032569445082928,0.9395442856698741
1.4232,0.015175746150087389,0.2581348264023544,0.6935797024984354,1.748509975122321,16.23115532390652,23.705151909948494,0.1494686552000325,1.1933512641504622,10.025240369091355,0.8033647166350898,0.9394920456522312
1.424,0.015193032104064528,0.2582338718128743,0.6934131207187846,1.7488916915822834,16.228285843902608,23.694648411302616,0.14993476142597761,1.1967969790630912,10.014860822501516,0.8034730625554474,0.9394404565653774
1.4248,0.015210325086523467,0.25833495064187406,0.6932459890115034,1.7492718519957613,16.225462932350432,23.684159693971424,0.15040210719645186,1.2002449814327076,10.004509983272067,0.8035819778455058,0.9393895230669712
1.4256,0.01522762495659982,0.2584380601104701,0.693078327155585,1.7496503507801933,16.22268644124548,23.673685932499154,0.15087068077673638,1.2036952231658464,9.994188218520671,0.8036914575440038,0.9393392496467529
1.4264000000000001,0.015244931574122572,0.2585431973804461,0.6929101548759069,1.7500270785527796,16.219956221103843,23.663227299798805,0.1513404699717079,1.207147656114988,9.983895885487282,0.8038014959512261,0.9392896406260381
1.4272,0.015262244799714636,0.25865035955443105,0.692741491843342,1.7504019221903135,16.21727212096879,23.652783967147343,0.15181146209764762,1.2106022320809546,9.97363333167289,0.8039120865617456,0.9392407001572652
1.428,0.015279564494896706,0.2587595436760765,0.6925723576748546,1.7507747649245786,16.214633988418132,23.64235610418161,0.15228364395308025,1.2140589028153512,9.963400894976505,0.8040232220951916,0.9391924322235966
1.4288,0.015296890522190717,0.2588707467302329,0.6924027719335849,1.7511454864767657,16.21204166957104,23.6319438788935,0.15275700178872698,1.2175176200229587,9.953198903830435,0.8041348945880713,0.9391448406385755
1.4296,0.015314222745223654,0.25898396564312715,0.6922327541289224,1.7515139632362988,16.209495009095512,23.62154745762573,0.15323152127681616,1.2209783353641912,9.94302767733385,0.8042470955163076,0.9390979290458377
1.4304000000000001,0.015331561028832503,0.2590991972825352,0.6920623237165682,1.7518800684900953,16.206993850215234,23.611167005066747,0.15370718747994316,1.2244410004575244,9.932887525384583,0.8043598159274323,0.9390517009188751
1.4312,0.015348905239170164,0.2592164384579597,0.6918915000985844,1.752243672707401,16.204538034717793,23.600802684246936,0.1541839848197416,1.2279055668819587,9.922778748809252,0.8044730465696867,0.939006159560859
1.432,0.015366255243808776,0.25933568592080103,0.6917203026234348,1.7526046438857215,16.20212740296129,23.59045465653311,0.15466189704573063,1.2313719861794787,9.912701639491646,0.8045867780117995,0.9389613081045133
1.4328,0.015383610911850658,0.2594569363645324,0.691548750586011,1.7529628479657262,16.19976179388289,23.58012308162481,0.1551409072046992,1.234840209857514,9.902656480499411,0.8047010007518028,0.938917149512046
1.4336,0.015400972114030098,0.2595801864248683,0.6913768632276509,1.7533181493183534,16.197441045005423,23.56980811754848,0.1556209976111097,1.2383101893914268,9.892643546209065,0.8048157053152408,0.9388736865751285
1.4344000000000001,0.01541833872282272,0.2597054326799378,0.6912046597361444,1.7536704113137986,16.195164992446188,23.559509920653852,0.15610214981900739,1.2417818762269959,9.88266310242925,0.8049308823450942,0.9388309219149393
1.4352,0.015435710612554205,0.2598326716504524,0.6910321592457287,1.7540194969755625,16.192933470924366,23.54922864560877,0.15658434459611492,1.2452552217829016,9.872715406522389,0.8050465226855551,0.9387888579822525
1.436,0.015453087659506228,0.25996189979987444,0.6908593808370733,1.7543652697266445,16.19074631376902,23.538964445394477,0.1570675619006826,1.2487301774532449,9.862800707524558,0.8051626174620921,0.9387474970575849
1.4368,0.015470469742024406,0.2600931135345837,0.6906863435372549,1.7547075942320092,16.18860335292707,23.528717471300837,0.15755178086195032,1.2522066946100416,9.85291924626381,0.805279158159874,0.9387068412513957
1.4376,0.015487856740628731,0.2602263092040429,0.6905130663197212,1.7550463373435434,16.186504418971673,23.518487872921874,0.15803697976500597,1.2556847246057439,9.843071255476742,0.8053961367022979,0.9386668925043405
1.4384000000000001,0.015505248538120128,0.26036148310096147,0.690339568104245,1.7553813691479938,16.18444934111024,23.50827579815087,0.15852313604098323,1.2591642187757626,9.83325695992344,0.8055135455307467,0.9386276525875759
1.4392,0.0155226450196897,0.26049863146145796,0.6901658677568685,1.7557125641227103,16.18243794719271,23.498081393175532,0.1590102262634867,1.2626451284409947,9.82347657650082,0.8056313776867051,0.9385891231031207
1.44,0.015540046073027973,0.26063775046522136,0.6899919840898363,1.7560398023976553,16.180470063720154,23.487904802473608,0.15949822615247267,1.266127404910363,9.813730314354283,0.8057496268965255,0.9385513054842671
1.4408,0.015557451588432813,0.26077883623567033,0.6898179358615222,1.756362971122389,16.178545515852893,23.477746168807798,0.159987110586428,1.2696109994833609,9.804018374987804,0.8058682876591554,0.9385142009960458
1.4416,0.01557486145892017,0.26092188484011064,0.6896437417763404,1.7566819659348027,16.176664127419148,23.46760563322118,0.16047685362415065,1.273095863452589,9.794340952372353,0.805987355336687,0.9384778107357407
1.4424000000000001,0.015592275580330916,0.2610668922898922,0.6894694204846542,1.7569966925236287,16.174825720923792,23.4574833350327,0.16096742853718538,1.276581948106324,9.784698233052794,0.806106826247223,0.9384421356334597
1.4432,0.015609693851440821,0.26121385454056234,0.6892949905826694,1.7573070682758285,16.173030117556735,23.447379411832223,0.16145880785392652,1.2800692047310598,9.775090396253116,0.8062266977594269,0.9384071764527511
1.444,0.015627116174068686,0.2613627674920195,0.6891204706123228,1.7576130239947645,16.17127713720165,23.437293999475862,0.1619509634165891,1.2835575846140976,9.765517613980188,0.8063469683877073,0.9383729337912753
1.4448,0.015644542453185063,0.2615136269886637,0.6889458790611578,1.757914505672975,16.169566598445016,23.427227232081584,0.1624438664518102,1.2870470390460853,9.75598005112584,0.8064676378868041,0.9383394080815255
1.4456,0.015661972597021585,0.26166642881954644,0.6887712343621951,1.7582114762983778,16.167898318584776,23.417179242024442,0.16293748765579474,1.290537519323613,9.746477865567519,0.8065887073443313,0.9383065995915978
1.4464000000000001,0.015679406517177193,0.2618211687185173,0.6885965548937916,1.7585039176666513,16.16627211363901,23.40715015993167,0.16343179729452095,1.2940289767517883,9.737011208267301,0.8067101792693214,0.9382745084260107
1.4472,0.015696844128727235,0.26197784236436994,0.6884218589794909,1.7587918321754046,16.16468779835535,23.397140114678624,0.163926765319528,1.297521362646807,9.727580223369477,0.8068320576751496,0.9382431345265747
1.448,0.01571428535033141,0.2621364453809864,0.6882471648878673,1.7590752445606057,16.163145186219694,23.387149233383887,0.16442236149903533,1.3010146283385515,9.718185048296526,0.8069543481543288,0.9382124776733103
1.4488,0.015731730104339495,0.2622969733374782,0.688072490832359,1.7593542035436016,16.161644089465266,23.377177641404764,0.1649185555645456,1.3045087251731813,9.708825813843712,0.8070770579431255,0.9381825374854128
1.4496,0.015749178316898833,0.26245942174832715,0.6878978549710949,1.7596287833468622,16.160184319082024,23.367225462333028,0.16541531737183124,1.3080036045157115,9.699502644272116,0.8072001959735632,0.9381533134222646
1.4504000000000001,0.01576662991806061,0.2626237860735225,0.6877232754067113,1.7598990850338474,16.158765684825244,23.35729281798995,0.16591261707552463,1.3114992177526317,9.690215657400188,0.8073237729102505,0.9381248047844969
1.4512,0.015784084841884878,0.2627900617186986,0.6875487701861636,1.7601652376319237,16.157387995225477,23.34737982842255,0.16641042531547512,1.314995516294483,9.680964964693956,0.8074478011697338,0.9380970107150951
1.452,0.01580154302654622,0.2629582440352684,0.6873743573005255,1.7604273989910055,16.15605105759712,23.337486611898534,0.16690871341289903,1.3184924515784737,9.671750671355671,0.8075722949200699,0.9380699302005496
1.4528,0.0158190044144391,0.26312832832055677,0.687200054684787,1.7606857563377858,16.154754678048267,23.327613284902498,0.16740745357378606,1.3219899750710828,9.66257287641107,0.8076972700586126,0.9380435620720539
1.4536,0.015836468952279668,0.2633003098179298,0.687025880217637,1.7609405264791533,16.153498661489706,23.31775996213128,0.16790661909637195,1.325488038270654,9.653431672795277,0.8078227441659311,0.9380179050067451
1.4544000000000001,0.015853936591210472,0.26347418371692527,0.6868518517212464,1.7611919556231008,16.152282811644596,23.307926756489948,0.16840618457916645,1.3289865927100246,9.644327147437226,0.807948736434886,0.9379929575289896
1.4552,0.015871407286901753,0.26364994515337864,0.6866779869610371,1.7614403187820216,16.151106931057402,23.298113779087117,0.16890612612575084,1.3324855899591066,9.635259381342765,0.8080752675736095,0.9379687180117111
1.456,0.015888880999654815,0.2638275892095477,0.6865043036454485,1.7616859187381912,16.14997082110416,23.28832113923158,0.16940642154203267,1.3359849816275262,9.626228449676347,0.8082023596823096,0.9379451846777612
1.4568,0.01590635769450075,0.2640071109142368,0.6863308194256945,1.7619290845524063,16.148874282001096,23.27854894442727,0.16990705052142152,1.3394847193672104,9.617234421841385,0.8083300361040191,0.9379223556013325
1.4576,0.015923837341301837,0.2641885052429176,0.6861575518955149,1.7621701696180168,16.147817112814945,23.268797300370007,0.1704079948137459,1.3429847548750191,9.60827736155929,0.8084583212505632,0.9379002287094098
1.4584000000000001,0.01594131991484791,0.26437176711784854,0.6859845185909186,1.7624095492623226,16.146799111471946,23.25906631094288,0.17090923837320704,1.3464850398953419,9.599357326947139,0.8085872404052256,0.9378788017832664
1.4592,0.015958805394958153,0.2645568914081928,0.6858117369899221,1.762647617920571,16.14582007476789,23.249356078212756,0.17141076748130168,1.3499855262227174,9.590474370594064,0.8087168195050057,0.9378580724599967
1.46,0.015976293766574518,0.26474387293013446,0.6856392245122797,1.7628847859130978,16.14487979837741,23.239666702426007,0.17191257084096634,1.353486165704437,9.581628539636316,0.8088470849052966,0.9378380382340867
1.4608,0.01599378501985934,0.2649327064469919,0.6854669985192081,1.763121475871852,16.14397807686374,23.22999828200478,0.1724146396386832,1.356986910243175,9.572819875831067,0.8089780631311685,0.9378186964590256
1.4616,0.016011279150289555,0.2651233866693312,0.6852950763131056,1.7633581188755976,16.143114703688642,23.220350913543445,0.1729169675718859,1.36048771179958,9.564048415628985,0.809109780619596,0.9378000443489521
1.4624000000000001,0.016028776158750025,0.26531590825507706,0.6851234751372638,1.7635951503575278,16.142289471221932,23.210724691804685,0.17341955084014749,1.3639885223948889,9.555314190245431,0.8092422634573603,0.9377820789803395
1.4632,0.01604627605162562,0.26551026580962095,0.6849522121755738,1.7638330058677134,16.141502170751124,23.201119709715716,0.17392238809922456,1.367489294113542,9.546617225730543,0.8093755371201131,0.9377647972937135
1.464,0.016063778840893012,0.26570645388592884,0.6847813045522269,1.7640721167657283,16.140752592491317,23.191536058364868,0.17442548037807093,1.3709899791057796,9.537957543038056,0.8095096262174781,0.9377481960954064
1.4648,0.016081284544209224,0.26590446698464826,0.6846107693314101,1.7643129059365954,16.140040525595168,23.18197382699821,0.1749288309601541,1.374490529590258,9.52933515809286,0.8096445542497793,0.9377322720593458
1.4656,0.016098793185001146,0.26610429955421155,0.6844406235169945,1.764555783609353,16.139365758162324,23.172433103015706,0.17543244523104717,1.3779908978566384,9.520750081857418,0.8097803433810344,0.9377170217288762
1.4664000000000001,0.01611630479255179,0.26630594599093915,0.6842708840522199,1.7648011433689774,16.1387280772496,23.162913971968216,0.17593633049551394,1.3814910362681962,9.51220232039699,0.8099170142330172,0.9377024415186114
1.4672,0.01613381940208546,0.26650940063914064,0.6841015678193734,1.7650493584345845,16.13812726888053,23.15341651755385,0.1764404957677227,1.3849908972644112,9.50369187494368,0.8100545857042196,0.9376885277163195
1.468,0.016151337054852298,0.2667146577912156,0.6839326916394624,1.765300778279176,16.137563118055546,23.143940821615068,0.1769449515393381,1.3884904333635688,9.495218741959306,0.8101930748170625,0.93767527648484
1.4688,0.016168857798211027,0.26692171168775153,0.6837642722718839,1.7655557256484222,16.137035408761555,23.1344869641352,0.1774497095304559,1.3919895971653466,9.486782913197162,0.8103324965957504,0.937662683864027
1.4696,0.0161863816857085,0.26713055651762074,0.6835963264140882,1.7658144940290477,16.136543923981936,23.12505502323546,0.17795478242861718,1.3954883413533896,9.478384375762648,0.8104728639765307,0.937650745772723
1.4704000000000002,0.016203908777161508,0.2673411864180783,0.6834288707012367,1.7660773456004328,16.13608844570673,23.115645075172186,0.1784601836215428,1.398986618697915,9.470023112172745,0.810614187750816,0.9376394580107631
1.4712,0.016221439138730274,0.26755359547485413,0.6832619217058581,1.7663445096922779,16.135668754941978,23.106257194333374,0.17896592692898539,1.4024843820582689,9.461699100414455,0.8107564765412858,0.9376288162609998
1.472,0.016238972842998963,0.26776777772224913,0.6830954959374965,1.7666161817551078,16.135284631720243,23.096891453236363,0.17947202633876314,1.405981584385521,9.453412314002096,0.810899736809776,0.9376188160913623
1.4727999999999999,0.016256509969047084,0.2679837271432266,0.6829296098423591,1.7668925228379457,16.134935855110097,23.087547922524617,0.1799784957521825,1.4094781787250044,9.44516272203353,0.8110439728952656,0.9376094529569324
1.4736,0.016274050602521586,0.2682014376695032,0.6827642798029541,1.7671736595541496,16.134622203226336,23.0782266709653,0.1804853487425504,1.4129741182189095,9.436950289245374,0.8111891870795206,0.9376007222020515
1.4744000000000002,0.01629159483570906,0.26842090318164147,0.6825995221377338,1.7674596845078483,16.134343453239847,23.068927765446563,0.18099259833100212,1.4164693561088235,9.428774976067112,0.811335379677612,0.9375926190624467
1.4752,0.016309142767604045,0.2686421175091372,0.682435353100721,1.7677506571412849,16.134099381387625,23.059651270975074,0.18150025678243908,1.4199638457382833,9.42063673867419,0.8114825491497587,0.9375851386673804
1.476,0.0163266945039742,0.2688650744305094,0.6822717888811448,1.768046604958105,16.133889762982577,23.050397250673385,0.1820083354237806,1.4234575405553342,9.412535529040088,0.8116306922310835,0.9375782760418221
1.4768,0.01634425015742663,0.2690897676733883,0.682108845603063,1.7683475250721123,16.133714372423736,23.04116576577782,0.18251684448616246,1.426950394115053,9.404471294987406,0.8117798040755481,0.9375720261086407
1.4776,0.016361809847471154,0.269316190914602,0.6819465393249853,1.7686533860277116,16.133572983205898,23.03195687563587,0.18302579297202481,1.4304423600820937,9.396443980237885,0.8119298784103166,0.9375663836908145
1.4784000000000002,0.01637937370057963,0.2695443377802641,0.6817848860394938,1.7689641298371086,16.133465367930093,23.02277063770447,0.1835351885470593,1.433933392233202,9.388453524461548,0.8120809076969839,0.9375613435136613
1.4792,0.01639694185024489,0.26977420184585743,0.6816239016728567,1.7692796741800372,16.133391298312834,23.013607107547184,0.18404503745689527,1.437423444459748,9.38049986332476,0.8122328832962752,0.9375569002070868
1.48,0.016414514437039715,0.270005776636323,0.6814636020846427,1.7695999147138863,16.13335054519702,23.004466338833108,0.18455534446739574,1.4409124707702265,9.372582928537406,0.8123857956331136,0.9375530483078466
1.4808,0.016432091608668185,0.27023905562614137,0.6813040030673294,1.7699247274450833,16.133342878561145,22.995348383334147,0.1850661128273552,1.4444004252927654,9.364702647899074,0.8125396343592416,0.9375497822618293
1.4816,0.01644967352001928,0.2704740322394195,0.681145120345911,1.7702539711155296,16.133368067529492,22.986253290923415,0.18557734425197625,1.4478872622776149,9.35685894534434,0.812694388510926,0.9375470964263471
1.4824,0.01646726033321823,0.2707106998499744,0.6809869695775025,1.7705874895688396,16.133425880382333,22.977181109573724,0.18608903892509787,1.4513729360996428,9.349051740987104,0.8128500466599731,0.9375449850724483
1.4832,0.016484852217673693,0.27094905178141704,0.6808295663509398,1.7709251140554017,16.13351608456564,22.96813188535564,0.18660119551825227,1.4548574012608129,9.341280951164029,0.8130065970559958,0.9375434423872352
1.484,0.016502449350122544,0.2711890813072366,0.6806729261863811,1.7712666654529627,16.13363844670116,22.95910566243604,0.18711381122421455,1.4583406123926381,9.33354648847705,0.8131640277590849,0.9375424624761988
1.4848,0.016520051914674573,0.2714307816508834,0.6805170645349007,1.7716119563756259,16.13379273259634,22.950102483076584,0.1876268818031377,1.4618225242586562,9.325848261835047,0.8133223267616813,0.9375420393655617
1.4856,0.016537660102852823,0.27167414598585365,0.6803619967780854,1.771960793155305,16.1339787072543,22.94112238763237,0.18814040163889312,1.46530309175688,9.318186176494589,0.8134814820992801,0.9375421670046349
1.4864,0.01655527411363338,0.2719191674357728,0.6802077382276265,1.7723129776808193,16.13419613488385,22.93216541455069,0.18865436380371037,1.4687822699222246,9.310560134099843,0.8136414819495563,0.9375428392681774
1.4872,0.01657289415347964,0.27216583907447883,0.6800543041249094,1.7726683090868178,16.13444477890927,22.923231600369675,0.189168760129246,1.4722600139289523,9.302970032721634,0.8138023147199359,0.9375440499587693
1.488,0.01659052043637933,0.27241415392610785,0.6799017096406028,1.7730265852874822,16.134724401980474,22.914320979717473,0.18968358128213392,1.4757362790930806,9.295415766895609,0.8139639691238405,0.9375457928091883
1.4888,0.016608153183873216,0.2726641049651769,0.6797499698742445,1.7733876043537755,16.135034765982645,22.905433585310856,0.19019881684261486,1.4792110208747944,9.287897227659645,0.8141264342458973,0.9375480614847972
1.4896,0.016625792625085904,0.27291568511666975,0.6795990998538285,1.7737511657363427,16.135375632046504,22.89656944795474,0.19071445538476262,1.482684194880847,9.280414302590378,0.8142896995967253,0.9375508495859295
1.4904,0.01664343899675164,0.2731688872561217,0.6794491145353861,1.7741170713379333,16.135746760557943,22.887728596541034,0.19123048455696035,1.486155756866943,9.272966875838948,0.8144537551578421,0.9375541506502862
1.4912,0.0166610925432391,0.2734237042097051,0.6793000288025701,1.7744851264410535,16.136147911168102,22.878911058048168,0.19174689116177068,1.4896256627401128,9.265554828165923,0.8146185914173645,0.9375579581553312
1.492,0.016678753516572734,0.2736801287543161,0.6791518574662354,1.7748551405003177,16.13657884280315,22.870116857540296,0.19226366123416816,1.4930938685610684,9.258178036975472,0.8147841993974206,0.937562265520692
1.4928,0.016696422176451627,0.2739381536176611,0.6790046152640183,1.7752269278056083,16.137039313674187,22.861346018166827,0.19278078011739108,1.4965603305465787,9.250836376348706,0.8149505706737992,0.9375670661105606
1.4936,0.016714098790265818,0.27419777147834434,0.6788583168599164,1.7756003080280536,16.13752908128721,22.852598561162075,0.19329823253596756,1.5000250050717714,9.243529717076276,0.8151176973887607,0.9375723532360941
1.4944,0.016731783633111088,0.27445897496595717,0.6787129768438661,1.77597510665694,16.138047902452833,22.84387450584484,0.19381600266538435,1.503487848672488,9.236257926690236,0.8152855722577922,0.9375781201578172
1.4952,0.016749476987800254,0.27472175666116616,0.6785686097313199,1.7763511553379416,16.138595533296325,22.8351738696183,0.1943340741980215,1.5069488180475803,9.229020869495109,0.8154541885708793,0.937584360088021
1.496,0.016767179144869332,0.27498610909580423,0.6784252299628238,1.7767282921235115,16.13917172926712,22.826496667969607,0.19485243040529454,1.5104078700612078,9.22181840659825,0.8156235401891953,0.9375910661931621
1.4968,0.016784890402588366,0.2752520247529621,0.678282851903592,1.777106361643476,16.13977624514904,22.81784291447024,0.19537105419573186,1.513864961745135,9.214650395939445,0.8157936215377162,0.9375982315962551
1.4976,0.01680261106696138,0.27551949606708087,0.6781414898430842,1.7774852152072143,16.140408835069927,22.809212620775916,0.1958899281689872,1.517320050300993,9.207516692319848,0.8159644275944704,0.9376058493792677
1.4984,0.01682034145172715,0.2757885154240436,0.67800115799458,1.7778647108434775,16.1410692525113,22.800605796626535,0.19640903466593485,1.5207730931025356,9.200417147430123,0.8161359538768688,0.9376139125854998
1.4992,0.016838081878358925,0.27605907516127337,0.6778618704947547,1.7782447132885437,16.141757250318246,22.792022449846684,0.19692835581459067,1.5242240476978957,9.193351609877984,0.8163081964257626,0.9376224142219702
1.5,0.01685583267605977,0.2763311675678274,0.6777236414032539,1.778625093929378,16.142472580709274,22.783462586345973,0.197447873572414,1.5276728718117816,9.18631992521494,0.8164811517876099,0.9376313472617869
1.5008,0.01687359418175444,0.2766047848844953,0.6775864847022692,1.7790057307078584,16.14321499528611,22.774926210119588,0.19796756976468066,1.5311195233477308,9.17932193596244,0.8166548169951128,0.9376407046465135
1.5016,0.016891366740080516,0.2768799193038978,0.6774504142961136,1.7793865079950635,16.143984245043093,22.766413323248507,0.19848742611955306,1.53456396039027,9.172357481637304,0.8168291895468879,0.9376504792885277
1.5024000000000002,0.016909150703374017,0.2771565629705881,0.6773154440107959,1.7797673164373826,16.14478008037721,22.75792392590047,0.19900742429957563,1.5380061412071278,9.165426398776498,0.8170042673861405,0.937660664073369
1.5032,0.016926946431658128,0.2774347079811536,0.6771815875935989,1.7801480527839786,16.145602251097856,22.749458016330795,0.1995275459301965,1.5414460242513721,9.158528520961262,0.8171800488790464,0.9376712518620798
1.504,0.016944754292619907,0.2777143463843194,0.6770488587126534,1.7805286196960957,16.14645050643622,22.741015590882903,0.2000477726252562,1.5448835681635835,9.15166367884055,0.8173565327926692,0.9376822354935295
1.5048,0.01696257466159432,0.2779954701810553,0.6769172709565164,1.7809089255463562,16.147324595055203,22.73259664398954,0.20056808600974319,1.5483187317739828,9.144831700153896,0.8175337182729425,0.9376936077867353
1.5056,0.016980407921538123,0.27827807132468213,0.6767868378337492,1.7812888842066954,16.14822426505905,22.724201168173803,0.20108846774008526,1.551751474104533,9.138032409753613,0.8177116048226186,0.9377053615431621
1.5064000000000002,0.016998254463006235,0.27856214172098126,0.6766575727724936,1.7816684148337067,16.149149264002872,22.715829154050166,0.20160889952202388,1.5551817543710598,9.131265629626355,0.8178901922795989,0.937717489549017
1.5072,0.017016114684120048,0.278847673228306,0.6765294891200545,1.7820474416480323,16.15009933890229,22.707480590325744,0.2021293631264217,1.5586095319853237,9.124531178914106,0.8180694807954616,0.9377299845775229
1.508,0.0170339889905387,0.27913465765769563,0.676402600142477,1.7824258937155975,16.15107423624328,22.69915546380187,0.20264984040309852,1.5620347665570837,9.11782887393453,0.8182494708145365,0.9377428393911847
1.5088,0.01705187779542485,0.2794230867729904,0.6762769190241296,1.782803704727833,16.152073701991473,22.69085375937527,0.20317031329287338,1.5654574178961536,9.111158528200736,0.818430163053458,0.9377560467440326
1.5096,0.017069781519406555,0.2797129522909481,0.6761524588672857,1.783180812786192,16.153097481601876,22.682575460039722,0.20369076383809248,1.5688774460144308,9.104519952440464,0.8186115584812603,0.9377695993838523
1.5104000000000002,0.01708770059054027,0.2800042458813651,0.6760292326917074,1.7835571601898117,16.15414532002832,22.674320546887625,0.20421117419156487,1.5722948111278943,9.097912954614694,0.818793658300123,0.9377834900544031
1.5112,0.017105635444266337,0.2802969591671975,0.6759072534342321,1.7839326932284862,16.15521696173326,22.66608899911195,0.20473152662435123,1.5757094736586148,9.09133733993563,0.8189764639267083,0.9377977114976093
1.512,0.01712358652336694,0.2805910837246865,0.6757865339483555,1.7843073619816394,16.156312150696934,22.657880794007724,0.2052518035323242,1.5791213942367262,9.084792910884186,0.8191599769742005,0.9378122564557405
1.5128,0.017141554277917928,0.2808866110834834,0.6756670870038237,1.78468112012375,16.157430630427193,22.649695906974298,0.20577198744168224,1.5825305337023727,9.078279467226901,0.8193441992349313,0.9378271176735695
1.5136,0.017159539165239355,0.2811835327267802,0.6755489252862193,1.7850539247366761,16.1585721439687,22.641534311517052,0.2062920610135751,1.5859368531076632,9.071796806032255,0.8195291326637381,0.9378422879005117
1.5144000000000002,0.017177541649843562,0.28148184009144017,0.6754320613965555,1.7854257361297563,16.159736433912684,22.633395979249826,0.20681200704789648,1.5893403137185598,9.065344721686495,0.8197147793619048,0.9378577598927419
1.5152,0.017195562203381018,0.2817815245681324,0.6753165078508672,1.785796517667368,16.160923242406255,22.625280879896984,0.20733180848635624,1.5927408770168079,9.058923005908921,0.8199011415617642,0.9378735264152963
1.516,0.017213601304581612,0.2820825775014681,0.6752022770798066,1.7861662356033818,16.16213231116172,22.617188981295584,0.20785144841498282,1.5961385047017957,9.052531447766611,0.8200882216119265,0.9378895802441433
1.5168,0.01723165943919817,0.2823849901901403,0.675089381428241,1.7865348589252221,16.1633633814663,22.60912024939811,0.20837091006596764,1.5995331586924129,9.046169833688646,0.8202760219630905,0.9379059141682421
1.5176,0.017249737099940318,0.2826887538870655,0.6749778331548502,1.7869023592036157,16.164616194191176,22.601074648274583,0.20889017681915867,1.6029248011288988,9.039837947479851,0.8204645451544306,0.9379225209915689
1.5184,0.017267834786415696,0.2829938597995277,0.6748676444317278,1.7872687104517055,16.165890489801164,22.593052140115454,0.20940923220302854,1.6063133943746446,9.033535570333964,0.820653793800569,0.9379393935351286
1.5192,0.0172859530050565,0.283300299089327,0.6747588273439862,1.7876338889899515,16.167186008363906,22.585052685234125,0.20992805989536922,1.6096989010180076,9.02726248084638,0.8208437705789938,0.9379565246389363
1.52,0.017304092269058664,0.2836080628729287,0.6746513938893591,1.7879978733205704,16.168502489559348,22.577076242069808,0.21044664372366584,1.6130812838740682,9.021018455026333,0.8210344782181253,0.9379739071639764
1.5208,0.017322253098302955,0.2839171422216169,0.6745453559778124,1.7883606440062039,16.169839672688916,22.569122767190287,0.21096496766516848,1.6164605059864028,9.014803266308672,0.82122591948562,0.9379915339941365
1.5216,0.0173404360192872,0.28422752816165003,0.6744407254311517,1.78872218355842,16.171197296684873,22.561192215294838,0.21148301584682816,1.6198365306288018,9.008616685565041,0.821418097177415,0.9380093980381138
1.5224,0.017358641565048828,0.2845392116744196,0.6743375139826362,1.7890824763305524,16.17257510011972,22.553284539217465,0.21200077254498617,1.62320932130699,9.002458481114758,0.8216110141069453,0.9380274922313018
1.5232,0.017376870275086633,0.2848521836966123,0.6742357332765939,1.7894415084181894,16.173972821215443,22.545399689929944,0.21251822218495342,1.6265788417603129,8.99632841873505,0.8218046730948783,0.938045809537639
1.524,0.01739512269528361,0.28516643512037415,0.6741353948680391,1.7897992675651935,16.175390197852465,22.53753761654474,0.21303534934046264,1.6299450559634063,8.990226261670955,0.8219990769592218,0.9380643429514424
1.5248,0.01741339937782423,0.28548195679347915,0.674036510222293,1.790155743075875,16.176826967579558,22.529698266318977,0.21355213873302759,1.633307928127841,8.984151770644731,0.8221942285057332,0.9380830854992042
1.5256,0.017431700881109433,0.28579873951949814,0.6739390907146059,1.7905109257320362,16.178282867622247,22.521881584657024,0.21406857523124478,1.6366674227037477,8.978104703864794,0.8223901305186615,0.9381020302413672
1.5264,0.01745002776967708,0.28611677405797464,0.6738431476297844,1.7908648077164422,16.17975763489263,22.51408751511457,0.2145846438499851,1.6400235043814158,8.972084817034267,0.8225867857518314,0.9381211702740646
1.5272000000000001,0.017468380614108044,0.2864360511246003,0.6737486921618191,1.7912173825398092,16.181251005998245,22.506315999401885,0.2151003297496521,1.643376138092872,8.966091863359082,0.8227841969199364,0.9381404987308397
1.528,0.017486759990944005,0.2867565613913952,0.6736557354135172,1.7915686449739532,16.182762717251464,22.498566977387632,0.2156156182352872,1.6467252890134323,8.960125593555642,0.8229823666901802,0.9381600087843264
1.5288,0.01750516648259434,0.2870782954868912,0.673564288396135,1.791918590988594,16.184292504678368,22.49084038710238,0.21613049475578938,1.6500709225632482,8.954185755858047,0.8231812976740751,0.9381796936479074
1.5296,0.017523600677245937,0.2874012439963178,0.6734743620290176,1.7922672176924586,16.18584010402814,22.483136164742604,0.21664494490304276,1.653413004408789,8.948272096024969,0.8233809924195199,0.9381995465773394
1.5304,0.01754206316877131,0.2877253974617918,0.6733859671392389,1.7926145232788073,16.187405250782007,22.47545424467445,0.217158954411093,1.6567515004643594,8.942384357346084,0.8235814534030608,0.9382195608723464
1.5312000000000001,0.01756055455663495,0.28805074638251016,0.673299114461244,1.7929605069742394,16.18898768016257,22.467794559437863,0.2176725091552838,1.660086376893528,8.936522280648079,0.8237826830223359,0.9382397298781859
1.532,0.01757907544579657,0.28837728121494416,0.6732138146364965,1.7933051689912993,16.19058712714255,22.460157039750392,0.21818559515151836,1.6634176001105954,8.930685604300324,0.8239846835887081,0.9382600469871797
1.5328,0.017597626446619292,0.28870499237304026,0.6731300782131296,1.793648510484676,16.192203326454045,22.45254161451139,0.2186981985554175,1.6667451367819834,8.924874064220102,0.8241874573200658,0.9382805056402154
1.5336,0.0176162081747685,0.28903387022842153,0.6730479156455971,1.793990533509767,16.193836012597696,22.444948210806402,0.2192103056615633,1.6700689538276399,8.9190873938775,0.8243910063337271,0.9383010993282154
1.5344,0.017634821251121268,0.2893639051105924,0.6729673372943307,1.7943312409856063,16.19548491985143,22.43737675391114,0.21972190290280036,1.6733890184224007,8.913325324299887,0.8245953326395861,0.9383218215935751
1.5352000000000001,0.017653466301662365,0.28969508730714744,0.6728883534253998,1.7946706366588714,16.19714978227967,22.429827167295972,0.22023297684948595,1.6767052979973287,8.907587584076056,0.8248004381332347,0.9383426660315656
1.536,0.017672143957392486,0.2900274070639843,0.6728109742101736,1.795008725072158,16.198830333742364,22.422299372630448,0.22074351420881988,1.6800177602410287,8.901873899360004,0.8250063245893406,0.9383636262917078
1.5368,0.017690854854227125,0.2903608545855175,0.6727352097249882,1.7953455115336645,16.200526307903885,22.41479328978766,0.22125350182421155,1.68332637310094,8.896183993874315,0.825212993655063,0.9383846960791079
1.5376,0.0177095996329009,0.29069542003489723,0.6726610699508151,1.795681002089573,16.202237438241788,22.407308836848593,0.22176292667462827,1.6866311047846116,8.890517588913227,0.8254204468435674,0.9384058691557674
1.5384,0.017728378938868118,0.2910310935342296,0.672588564772934,1.7960152034985732,16.203963458056197,22.399845930107226,0.22227177587402158,1.6899319237609283,8.884874403345362,0.8256286855276449,0.9384271393418517
1.5392000000000001,0.017747193422211573,0.2913678651648041,0.6725177039806108,1.7963481232091318,16.205704100478435,22.392404484074916,0.22278003667073043,1.6932287987613406,8.879254153616095,0.8258377109334667,0.9384485005169317
1.54,0.0177660437375428,0.2917057249673183,0.6724484972667751,1.7966797693375902,16.207459098479887,22.384984411485092,0.22328769644694002,1.6965216987810459,8.873656553749601,0.8260475241343243,0.9384699466211838
1.5408,0.01778493054390746,0.29204466294211096,0.6723809542277048,1.797010150648859,16.20922818488123,22.377585623298433,0.22379474271815658,1.699810593080161,8.86808131535055,0.8262581260445091,0.9384914716565664
1.5416,0.01780385450469745,0.292384669049396,0.6723150843627118,1.79733927653934,16.21101109236079,22.370208028707268,0.22430116313269155,1.7030954511848675,8.862528147605547,0.8264695174132979,0.9385130696879537
1.5424,0.017822816287557528,0.292725733209499,0.6722508970738328,1.7976671570203209,16.21280755346384,22.362851535140887,0.22480694547115143,1.7063762428885076,8.856996757284175,0.82668169881892,0.9385347348442366
1.5432000000000001,0.017841816564295367,0.2930678453030995,0.6721884016655219,1.7979938027045037,16.21461730061141,22.355516048270623,0.22531207764597716,1.7096529382526926,8.851486848739816,0.8268946706626772,0.9385564613193924
1.544,0.017860856010798325,0.293410995171473,0.6721276073443486,1.798319224792639,16.216440066108646,22.348201472014345,0.22581654770094062,1.7129255076083534,8.845998123910064,0.8271084331630572,0.9385782433735178
1.5448,0.0178799353069505,0.2937551726167395,0.6720685232186977,1.7986434350631022,16.21827558215429,22.340907708542364,0.22632034381068822,1.7161939215567918,8.84053028231695,0.8273229863500131,0.9386000753338262
1.5455999999999999,0.017899055136554664,0.2941003674021126,0.6720111582984735,1.798966445862085,16.220123580848927,22.333634658282023,0.2268234542802795,1.719458150970663,8.835083021066824,0.8275383300592236,0.9386219515956113
1.5464,0.017918216187256284,0.29444656925215273,0.6719555214948062,1.7992882700954667,16.22198379420399,22.326382219923133,0.22732586754470674,1.7227181669949987,8.829656034849931,0.8277544639264649,0.9386438666231767
1.5472000000000001,0.017937419150474018,0.29479376785302364,0.6719016216197653,1.7996089212222053,16.223855954150544,22.319150290423366,0.22782757216842664,1.7259739410481338,8.824249015939735,0.8279713873820556,0.9386658149507279
1.548,0.017956664721335006,0.2951419528527512,0.6718494673860711,1.7999284132492441,16.22573979254789,22.311938765013426,0.22832855684484743,1.729225444822653,8.818861654192025,0.828189099645349,0.9386877911832328
1.5488,0.01797595359861945,0.2954911138614863,0.6717990674068146,1.8002467607278128,16.227635041192194,22.304747537202342,0.2288288103958982,1.732472650286295,8.813493637043615,0.8284075997194008,0.9387097899972425
1.5495999999999999,0.017995286484704588,0.29584124045177024,0.6717504301951789,1.8005639787511605,16.229541431825584,22.297576498783304,0.22932832177145657,1.7357155296828302,8.808144649510936,0.8286268863855956,0.93873180614168
1.5504,0.01801466408552447,0.29619232215880187,0.6717035641641617,1.8008800829536042,16.23145869614421,22.290425539838537,0.22982708004883867,1.7389540555329128,8.802814374188271,0.8288469581984608,0.9387538344385938
1.5512000000000001,0.01803408711053595,0.2965443484807098,0.6716584776263061,1.801195089512138,16.233386565807464,22.283294548745396,0.23032507443224937,1.742188200634904,8.797502491245785,0.829067813480589,0.9387758697838757
1.552,0.018053556272689238,0.29689730887882615,0.6716151787934321,1.8015090151478397,16.235324772446326,22.27618341218159,0.2308222942521898,1.7454179380656785,8.792208678427318,0.8292894503176221,0.9387979071479408
1.5528,0.018073072288416824,0.29725119277796347,0.6715736757763695,1.8018218771306032,16.237273047671906,22.26909201513075,0.23131872896487082,1.748643241181386,8.786932611047908,0.8295118665534107,0.9388199415763752
1.5535999999999999,0.01809263587763217,0.2976059895666951,0.6715339765846989,1.8021336932850964,16.23923112308423,22.26202024088822,0.23181436815153456,1.75186408361821,8.78167396199111,0.8297350597853269,0.9388419681905483
1.5544,0.0181122477637379,0.29796168859763583,0.6714960891264914,1.802444481998176,16.24119873028058,22.254967971066538,0.23230920151778922,1.755080439293073,8.776432401706094,0.8299590273596771,0.9388639821881867
1.5552000000000001,0.0181319086736537,0.29831827918773046,0.6714600212080559,1.8027542622289445,16.243175600864348,22.247935085601387,0.232803218892914,1.7582922824043379,8.77120759820451,0.8301837663673891,0.9388859788439173
1.556,0.01815161933786182,0.2986757506185385,0.671425780533685,1.8030630535208125,16.24516146645312,22.240921462756923,0.23329641022905512,1.7614995874324613,8.765999217057155,0.8304092736398494,0.9389079535097706
1.5568,0.01817138049046389,0.2990340921365272,0.6713933747054086,1.8033708760155776,16.247156058687587,22.233926979131923,0.23378876560046746,1.7647023291406438,8.76080692139042,0.8306355457449623,0.9389299016156504
1.5575999999999999,0.018191192869267864,0.29939329295336353,0.6713628112227482,1.8036777504705874,16.249159109239766,22.226951509665287,0.23428027520263783,1.7679004825754305,8.755630371882567,0.8308625789835077,0.9389518186697706
1.5584,0.018211057215889927,0.2997533422462117,0.6713340974824751,1.8039836982780741,16.251170349821404,22.21999492764182,0.23477092935144128,1.7710940230672991,8.750469226759762,0.8310903693858013,0.9389737002590521
1.5592000000000001,0.018230974275887244,0.3001142291580292,0.671307240778371,1.8042887414882145,16.253189512192506,22.213057104698137,0.23526071848217822,1.7742829262312132,8.745323141791992,0.831318912708652,0.9389955420494872
1.56,0.018250944798916657,0.30047594279786993,0.6712822483009931,1.8045929028353385,16.255216328169745,22.206137910828517,0.23574963314862285,1.7774671679671477,8.740191770288728,0.8315482044327519,0.9390173397864696
1.5608,0.01827096953892408,0.3008384722411871,0.6712591271374414,1.804896205767399,16.257250529634675,22.199237214390596,0.23623766402204138,1.780646724460602,8.735074763094492,0.8317782397604873,0.9390390892950868
1.5615999999999999,0.018291049254371073,0.30120180653013806,0.6712378842711283,1.8051986744802484,16.259291848542148,22.192354882111278,0.23672480189014788,1.7838215721830568,8.729971768584173,0.8320090136142381,0.939060786480379
1.5624,0.01831118470849751,0.30156593467389425,0.671218526581553,1.8055003339561075,16.261340016928592,22.185490779092614,0.23721103765607254,1.7869916878924408,8.724882432658266,0.8322405206352672,0.9390824273275623
1.5632000000000001,0.018331376669628245,0.30193084564894945,0.6712010608440775,1.8058012100070648,16.263394766920122,22.178644768817456,0.23769636233730207,1.790157048633532,8.71980639873789,0.8324727551832307,0.9391040079022164
1.564,0.018351625911528172,0.30229652839943394,0.6711854937297052,1.8061013293245054,16.265455830741026,22.171816713155604,0.238180767064613,1.793317631738364,8.714743307759724,0.8327057113364199,0.9391255243504392
1.5648,0.018371933213808197,0.30266297183742896,0.6711718318048631,1.8064007195347926,16.267522940721705,22.165006472369413,0.23866424308109946,1.796473414826577,8.70969279817073,0.8329393828928199,0.9391469728989635
1.5655999999999999,0.018392299362391826,0.3030301648432841,0.6711600815311869,1.8066994092614692,16.269595829306905,22.158213905119673,0.23914678174112924,1.799624375805776,8.704654505922798,0.8331737633720153,0.9391683498552411
1.5664,0.01841272515004315,0.30339809626593606,0.6711502492653078,1.8069974281960626,16.271674229063912,22.151438868471562,0.23962837450949848,1.8027704928718236,8.699628064467257,0.8334088460180664,0.9391896516074912
1.5672000000000001,0.01843321137696996,0.30376675492322874,0.6711423412586418,1.8072948071770583,16.273757872690467,22.144681217900306,0.24010901296060005,1.8059117445091282,8.694613104749251,0.8336446238033199,0.9392108746247151
1.568,0.018453758851506033,0.3041361296022379,0.6711363636571838,1.8075915782789203,16.27584649302282,22.137940807296957,0.24058868877781858,1.8090481094909026,8.689609255201994,0.833881089433233,0.9392320154566726
1.5688,0.018474368390878213,0.3045062090595952,0.671132322501301,1.8078877749118725,16.277939823043756,22.13121748897432,0.2410673937530574,1.812179566879396,8.684616141740968,0.8341182353518944,0.939253070733828
1.5695999999999999,0.018495040822074454,0.3048769820218153,0.6711302237255302,1.8081834319340082,16.280037595890505,22.124511113672536,0.24154511978663917,1.8153060960260914,8.679633387757965,0.8343560537482094,0.939274037167259
1.5704,0.01851577698281848,0.30524843718562383,0.6711300731583788,1.80847858577728,16.282139544862638,22.11782153056493,0.24202185888743633,1.81842767657188,8.674660614115073,0.8345945365620946,0.9392949115485322
1.5712000000000002,0.018536577722661877,0.30562056321828857,0.6711318765221251,1.8087732745878071,16.28424540342973,22.111148587263507,0.24249760317355318,1.8215442884472104,8.669697439138579,0.8348336754901114,0.9393156907495418
1.572,0.018557443904208215,0.3059933487579503,0.6711356394326228,1.8090675383844932,16.286354905239445,22.104492129824852,0.24297234487349084,1.8246559118722092,8.664743478612776,0.8350734619897083,0.9393363717223169
1.5728,0.018578376404482493,0.306366782413957,0.6711413673991069,1.8093614192355965,16.28846778412494,22.09785200275546,0.24344607632803306,1.8277625273567826,8.659798345773712,0.8353138872812452,0.9393569514987912
1.5735999999999999,0.018599376116455128,0.30674085276719876,0.6711490658240024,1.8096549614567046,16.290583774112648,22.091228049017438,0.24391878999301253,1.8308641157006653,8.654861651302891,0.8355549423474661,0.9393774271905384
1.5744,0.018620443950745035,0.3071155483704438,0.6711587400027327,1.8099482118324808,16.292702609429913,22.084620110033995,0.24439047844306538,1.8339606579934806,8.649933003320907,0.8357966179311916,0.9393977959884782
1.5752000000000002,0.018641580837507634,0.3074908577486775,0.6711703951235333,1.8102412198641424,16.294824024512486,22.07802802569488,0.24486113437672208,1.8370521356147378,8.645012007381021,0.8360389045340814,0.9394180551625378
1.576,0.018662787728530514,0.3078667693994396,0.6711840362672626,1.810534038046022,16.296947754011917,22.071451634361708,0.2453307506230349,1.8401385302338307,8.640098266462735,0.8362817924218492,0.9394382020612908
1.5768,0.018684065599554735,0.30824327179316635,0.6711996684072199,1.8108267221741272,16.299073532802993,22.064890772873277,0.24579932015008565,1.8432198238099935,8.6351913809653,0.8365252716437261,0.9394582341115496
1.5776,0.0187054154528352,0.3086203533735321,0.6712172964089591,1.811119331689607,16.30120109599102,22.058345276550828,0.24626683607576516,1.8462959985922223,8.630290948701214,0.8367693320739582,0.9394781488179325
1.5784,0.018726838319959124,0.3089980025577907,0.6712369250301081,1.8114119300615066,16.303330178919197,22.051814979203336,0.24673329168127311,1.8493670371192088,8.625396564889735,0.837013963479858,0.9394979437623927
1.5792000000000002,0.018748335264941636,0.309376207737121,0.6712585589201888,1.8117045852107267,16.305460517175565,22.04529971313236,0.24719868042787863,1.852432922219187,8.620507822150342,0.8372591556136773,0.9395176166037102
1.58,0.018769907387604423,0.30975495727696994,0.671282202620435,1.811997369980098,16.307591846600097,22.038799309137065,0.2476629959775789,1.8554936370098172,8.615624310496232,0.8375048983179,0.9395371650769537
1.5808,0.018791555827257448,0.3101342395173997,0.6713078605636156,1.8122903626541849,16.309723903291896,22.032313596519383,0.2481262322183717,1.8585491648979957,8.610745617327801,0.8377511816295695,0.939556586992904
1.5816,0.018813281766681643,0.31051404277343364,0.6713355370738575,1.8125836475303032,16.311856423615765,22.02584240308842,0.24858838329500332,1.8615994895796597,8.60587132742619,0.8379979958717166,0.9395758802374437
1.5824,0.018835086436414107,0.31089435533540455,0.6713652363664676,1.812877315546224,16.313989144209252,22.019385555165456,0.2490494436461983,1.8646445950395718,8.601001022946797,0.8382453317279405,0.9395950427709141
1.5832000000000002,0.018856971119317566,0.31127516546930045,0.6713969625477576,1.813171464963105,16.31612180198907,22.01294287758826,0.24950940804947053,1.8676844655510543,8.596134283412901,0.8384931803047535,0.9396140726274307
1.584,0.018878937155414912,0.31165646141711584,0.671430719614869,1.8134662021084367,16.31825413415793,22.006514193715763,0.24996827167488678,1.8707190856757225,8.591270685709265,0.8387415331916863,0.9396329679141731
1.5848,0.018900985946935324,0.3120382313971994,0.6714665114555964,1.8137616421747111,16.320385878210843,22.000099325432252,0.2504260301491772,1.873748440263184,8.58640980407581,0.8389903825291627,0.939651726810629
1.5856,0.018923118963497933,0.31242046360460457,0.6715043418482166,1.814057910071412,16.322516771941395,21.993698093151473,0.2508826796318909,1.8767725144507061,8.581551210101392,0.8392397210913696,0.9396703475678125
1.5864,0.018945337747335856,0.31280314621143973,0.6715442144613113,1.8143551413248886,16.324646553448314,21.987310315821055,0.25133821690545066,1.87979129366286,8.576694472717609,0.8394895423873795,0.9396888285074374
1.5872000000000002,0.018967643918398763,0.3131862673672176,0.6715861328535934,1.814653483011746,16.32677496114099,21.98093581092581,0.2517926394810239,1.8828047636111573,8.57183915819272,0.8397398407802882,0.9397071680210635
1.588,0.018990039179143076,0.31356981519920846,0.6716301004737362,1.8149530947118961,16.328901733746008,21.97457439449206,0.2522459457224384,1.8858129102936214,8.56698483012562,0.8399906116225074,0.9397253645692001
1.5888,0.019012525318732064,0.3139537778127882,0.6716761206601949,1.8152541494530503,16.331026610312534,21.96822588109079,0.2526981349901738,1.88881571999438,8.562131049439966,0.8402418514035846,0.9397434166803758
1.5896,0.019035104216292776,0.31433814329179266,0.6717241966410349,1.8155568346133606,16.333149330218298,21.961890083841364,0.25314920780774264,1.8918131792832056,8.557277374378364,0.8404935579068793,0.9397613229501722
1.5904,0.01905777784277503,0.314722899698866,0.6717743315337562,1.8158613527339256,16.335269633174853,21.95556681441445,0.25359916605229227,1.8948052750150264,8.552423360496723,0.840745730370069,0.9397790820402201
1.5912000000000002,0.019080548260841337,0.3151080350758146,0.6718265283451189,1.8161679221788667,16.33738725923302,21.949255883035235,0.25404801317110726,1.8977919943294348,8.54756856065871,0.8409983696438156,0.9397966926771587
1.592,0.01910341762206974,0.31549353744395603,0.6718807899709652,1.81647677756116,16.33950194878828,21.94295709848635,0.2544957544248112,1.9007733246501546,8.542712525030346,0.8412514783409136,0.9398141536515576
1.5928,0.019126388160602747,0.3158793948044715,0.6719371191960453,1.8167881698311845,16.34161344258542,21.936670268110213,0.2549423971571485,1.9037492536844853,8.537854801074783,0.8415050609663683,0.9398314638167993
1.5936,0.019149462182206256,0.31626559513875785,0.6719955186938374,1.8171023659002685,16.343721481723797,21.93039519781179,0.25538795108947066,1.9067197694227358,8.532994933547208,0.841759124015844,0.9398486220879275
1.5944,0.019172642047524852,0.3166521264087751,0.6720559910263709,1.8174196476441473,16.345825807661647,21.92413169206052,0.25583242863597067,1.909684860137613,8.528132464489941,0.8420136760267029,0.9398656274404527
1.5952000000000002,0.019195930148168276,0.3170389765573986,0.6721185386440431,1.8177403101018577,16.34792616222066,21.91787955389232,0.25627584523240265,1.9126445143835944,8.523266933227706,0.842268727561848,0.9398824789091218
1.596,0.019219328874129166,0.3174261335087702,0.6721831638854422,1.8180646586609726,16.35002228759044,21.91163858491155,0.25671821966740405,1.9155987209962921,8.518397876363114,0.8425242911026656,0.939899175586648
1.5968,0.019242840570982064,0.3178135851686444,0.6722498689771591,1.818393004993819,16.352113926332255,21.905408585292133,0.2571595744001054,1.918547469091767,8.51352482777231,0.8427803808228249,0.9399157166223983
1.5976,0.019266467485374174,0.3182013194247405,0.6723186560336076,1.8187256615033363,16.354200821383145,21.899189353779054,0.25759993584216934,1.921490748065851,8.508647318600897,0.8430370122115683,0.9399321012210461
1.5984,0.019290211697545134,0.31858932414708835,0.6723895270568339,1.8190629340371913,16.356282716059322,21.892980687689054,0.2580393345751699,1.9244285475934018,8.503764877260018,0.8432942015121506,0.9399483286411779
1.5992000000000002,0.01931407504008957,0.31897758718837715,0.6724624839363301,1.819405112666857,16.35835935405965,21.886782382911427,0.2584778054670658,1.9273608576275862,8.498877029422733,0.8435519649413621,0.9399643981938629
1.6,0.019338059002959113,0.3193660963843017,0.6725375284488418,1.819752460395268,16.360430479468885,21.880594233908432,0.2589153876443485,1.9302876683990988,8.493983298020627,0.8438103176590724,0.939980309241178
1.6008,0.019362164625876047,0.3197548395539089,0.6726146622581767,1.8201051997780517,16.36249583676043,21.87441603371524,0.2593521242704414,1.933208970415383,8.48908320324066,0.8440692724652439,0.9399960611946931
1.6016,0.019386392380900123,0.32014380449994206,0.6726938869150074,1.8204634976198477,16.364555170799136,21.86824757393982,0.25978806207810257,1.9361247544598121,8.484176262522315,0.8443288382165138,0.9400116535139119
1.6024,0.01941074204990338,0.32053297900918604,0.6727752038566734,1.8208274481477495,16.36660822684339,21.862088644762125,0.26022325060497997,1.9390350115908745,8.479261990555035,0.8445890179771492,0.9400270857046695
1.6032000000000002,0.01943521260400302,0.3209223508528089,0.6728586144069796,1.8211970553643333,16.36865475054758,21.855939034933517,0.26065774109041107,1.9419397331412995,8.474339899275915,0.8448498069499492,0.9400423573174878
1.604,0.0194598020944279,0.3213119077867052,0.6729441197759932,1.8215722156202432,16.370694487963615,21.84979853177524,0.26109158500889884,1.9448389107171806,8.469409497867776,0.8451111902712105,0.9400574679458851
1.6048,0.01948450756647849,0.321701637551836,0.6730317210598348,1.8219527017943058,16.37272718554267,21.843666921177036,0.2615248322441315,1.947732536197098,8.464470292757476,0.845373140797315,0.9400724172246389
1.6056,0.019509325009717818,0.322091527874569,0.6731214192404682,1.8223381507614995,16.37475259013621,21.837543987595012,0.2619575289457996,1.9506206017311787,8.459521787614639,0.8456356170538282,0.9400872048280071
1.6064,0.01953424935774588,0.32248156646701664,0.6732132151854862,1.8227280560008552,16.376770448997092,21.831429514049397,0.26238971515865517,1.9535030997401637,8.454563483350645,0.845898561553711,0.9401018304678997
1.6072000000000002,0.019559274549361818,0.32287174102737337,0.6733071096478924,1.8231217671704734,16.37878050978007,21.825323282121854,0.2628214223636599,1.9563800229144457,8.449594878118077,0.8461618997106936,0.9401162938920007
1.608,0.01958439365911677,0.32326203924025027,0.6734031032658788,1.8235184981699177,16.380782520541935,21.819225071952147,0.2632526711173183,1.9592513642130773,8.44461546731044,0.8464255395659119,0.9401305948818504
1.6088,0.019609599099353423,0.32365244877701127,0.6735011965626014,1.8239173446159427,16.38277622974183,21.813134662235,0.2636834690074349,1.9621171168627842,8.439624743562357,0.846689372505604,0.9401447332508687
1.6096,0.019634882888070953,0.3240429572961029,0.6736013899459475,1.8243173107638597,16.38476138624032,21.807051830215702,0.26411380915147764,1.964977274356927,8.434622196750091,0.8469532750701597,0.940158708842338
1.6104,0.019660236968423558,0.324433552443388,0.6737036837083032,1.8247173448306206,16.38673773929905,21.800976351686046,0.2645436694402633,1.967831830454457,8.429607313992518,0.8472171118468605,0.9401725215273301
1.6112000000000002,0.019685653557802284,0.324824221852473,0.6738080780263126,1.8251163805662571,16.388705038579303,21.794908000979305,0.2649730126715565,1.9706807791788619,8.424579579652528,0.8474807393131093,0.9401861712025849
1.612,0.019711125498664817,0.32521495314503684,0.6739145729606352,1.825513381970552,16.390663034140786,21.78884655096524,0.2654017876316823,1.9735241148170672,8.419538475338873,0.8477440103736062,0.9401996577883351
1.6128,0.019736646581114067,0.3256057339311565,0.6740231684556952,1.8259073874692042,16.392611476439495,21.782791773044075,0.2658299310780594,1.9763618319183494,8.414483479908412,0.8480067792368992,0.9402129812260832
1.6136,0.019762211809287906,0.32599655180963183,0.6741338643394289,1.8262975497894338,16.39455011632561,21.776743437140546,0.2662573704727733,1.9791939252931967,8.409414069468877,0.8482689062258334,0.9402261414763197
1.6144,0.019787817589643444,0.3263873943683053,0.6742466603230238,1.8266831682169524,16.39647870504059,21.770701311696932,0.26668402723104834,1.982020390012178,8.40432971738215,0.8485302621195004,0.94023913851619
1.6152000000000002,0.019813461828421045,0.32677824918438486,0.6743615560006538,1.8270637108484067,16.398396994214345,21.764665163666177,0.26710982019895924,1.9848412214047721,8.399229894267934,0.8487907316875337,0.9402519723371069
1.616,0.019839143936056004,0.32716910382476144,0.674478550849209,1.8274388256608844,16.400304735861845,21.758634758504346,0.26753466906482226,1.987656415058197,8.39411406800805,0.8490502161827645,0.9402646429423065
1.6168,0.019864864746203692,0.3275599458463245,0.6745976442280178,1.8278083404861434,16.40220168237876,21.752609860161957,0.2679584974412059,1.9904659668162128,8.38898170375117,0.8493086346871078,0.9402771503443489
1.6176,0.019890626365070205,0.3279507627962772,0.6747188353785656,1.8281722531202718,16.40408758653756,21.746590231075764,0.26838123541674996,1.993269872777891,8.383832263918134,0.8495659243357827,0.9402894945625595
1.6184,0.01991643197135435,0.3283415422124471,0.6748421234242024,1.8285307135922508,16.405962201482634,21.740575632159445,0.26880282145775825,1.9960681292963982,8.378665208207824,0.8498220395515441,0.9403016756204154
1.6192000000000002,0.01994228558875489,0.3287322716235976,0.6749675073698516,1.8288840010586966,16.407825280725042,21.734565822793815,0.2692232036203259,1.9988607329777346,8.373479993603596,0.8500769504957156,0.9403136935428714
1.62,0.019968191851580566,0.329122938549733,0.6750949861017026,1.8292324978515069,16.409676578136995,21.72856056081669,0.26964234010570465,2.001647680679466,8.368276074380299,0.8503306409788406,0.9403255483536276
1.6208,0.019994155780371725,0.32951353050240667,0.6752245583869054,1.8295766629315686,16.411515847945676,21.72255960251197,0.2700601992431294,2.004428969509442,8.363052902111873,0.850583106071555,0.940337240072336
1.6216,0.020020182580172914,0.3299040349850221,0.6753562228732516,1.829917006601537,16.41334284472687,21.7165627025985,0.27047675901633017,2.007204596824489,8.357809925679634,0.8508343496333991,0.9403487687117477
1.6224,0.02004627746903016,0.33029443949313314,0.6754899780888517,1.830254067759384,16.41515732339804,21.710569614218173,0.2708920062594027,2.009974560229087,8.352546591281088,0.851084381929938,0.9403601342747977
1.6232,0.020072445540231035,0.33068473151474337,0.6756258224418022,1.8305883944886006,16.41695903921063,21.704580088923294,0.27130593564535177,2.012738857574048,8.3472623424395,0.8513332174634516,0.9403713367516309
1.624,0.020098691658244655,0.33107489853060057,0.6757637542198497,1.8309205283066525,16.418747747742476,21.698593876663804,0.27171854857212674,2.015497486955141,8.341956620014022,0.8515808730913693,0.9403823761165604
1.6248,0.02012502038588076,0.3314649280144902,0.6759037715900398,1.8312509920454154,16.420523204889733,21.692610725774063,0.2721298520328107,2.0182504467117504,8.336628862210597,0.8518273664676091,0.9403932523249684
1.6256,0.020151435938712277,0.33185480743352525,0.6760458725983648,1.8315802810910604,16.4222851668576,21.686630382958192,0.2725398575327026,2.0209977354254733,8.331278504593488,0.8520727148091698,0.9404039653101416
1.6264,0.020177942162082046,0.3322445242484352,0.6761900551693999,1.831908857563338,16.42403339015162,21.680652593276015,0.2729485800954268,2.023739351918727,8.325904980097548,0.8523169339680843,0.9404145149800422
1.6272,0.020204542525968282,0.3326340659138497,0.6763363171059288,1.83223714694984,16.425767631567915,21.67467710012769,0.2733560373822437,2.0264752952533427,8.320507719041213,0.8525600377753422,0.9404249012140182
1.6280000000000001,0.02023124013319419,0.33302341987858214,0.6764846560885671,1.8325655366983717,16.42748764818318,21.668703645238136,0.27376224893564916,2.029205564729118,8.315086149140258,0.8528020376165966,0.9404351238594447
1.6288,0.020258037737132997,0.3334125735859085,0.6766350696753685,1.8328943763103176,16.429193197344155,21.66273196864071,0.2741672355465985,2.0319301598823944,8.309639695522268,0.8530429421979495,0.9404451827283075
1.6296,0.020284937765562304,0.33380151447384476,0.6767875553014282,1.8332239785200457,16.430884036657034,21.65676180866079,0.2745710187384316,2.034649080484591,8.30416778074195,0.8532827574612475,0.9404550775937175
1.6304,0.020311942348122797,0.3341902299754218,0.6769421102784744,1.8335546212272114,16.432559923976076,21.65079290189839,0.27497362035726736,2.037362326540734,8.298669824797182,0.8535214866143412,0.9404648081863617
1.6312,0.020339053345327325,0.3345787075189537,0.6770987317944495,1.833886549897855,16.434220617391823,21.644824983210317,0.2753750622549942,2.0400698982879684,8.29314524514591,0.8537591302445293,0.9404743741908946
1.6320000000000001,0.020366272377670826,0.33496693452831033,0.6772574169130835,1.8342199802219064,16.435865875219655,21.638857785692487,0.2757753660515294,2.0427717961940686,8.28759345672384,0.8539956864901812,0.9404837752422609
1.6328,0.020393600853782074,0.33535489842317845,0.6774181625734568,1.8345551008618557,16.437495455986813,21.632891040660724,0.2761745529634776,2.045468020955918,8.282013871963045,0.8542311512500743,0.9404930109219563
1.6336,0.020421039996965522,0.335742586619327,0.67758096558955,1.834892076174377,16.439109118420212,21.62692447763203,0.2765726436857643,2.048158573497994,8.276405900811332,0.8544655184138351,0.9405020807542285
1.6344,0.020448590869740046,0.33612998652886583,0.6777458226497893,1.8352310488350483,16.440706621433407,21.62095782430508,0.27696965831824116,2.0508434549708237,8.270768950752576,0.8546987801036767,0.9405109842022149
1.6352,0.020476254396101956,0.33651708556050136,0.6779127303165738,1.83557214228982,16.442287724113335,21.614990806540295,0.27736561632374745,2.0535226667494295,8.265102426827918,0.8549309269147514,0.9405197206640165
1.6360000000000001,0.020504031381570056,0.3369038711197906,0.6780816850257997,1.8359154630322756,16.443852185706817,21.60902314833949,0.2777605365143083,2.056196210431794,8.25940573165787,0.8551619481524362,0.9405282894687174
1.6368,0.02053192253095693,0.33729033060939123,0.6782526830863661,1.836261102667958,16.445399765607018,21.603054571825506,0.27815443705566023,2.0588640878372493,8.25367826546538,0.8553918320588624,0.9405366898723404
1.6376,0.020559928464046657,0.3376764514293089,0.6784257206796759,1.8366091397768045,16.446930223339383,21.59708479722108,0.2785473354864172,2.06152630100493,8.247919426099806,0.8556205660280355,0.9405449210537498
1.6384,0.020588049729292845,0.3380622209771403,0.6786007938591194,1.8369596415727756,16.448443318547803,21.59111354282784,0.27893924874737785,2.064182852192148,8.242128609061899,0.8558481368074555,0.9405529821104939
1.6392,0.02061628681576631,0.33844762664831496,0.6787778985495533,1.8373126653747,16.449938810980427,21.58514052500486,0.2793301932168575,2.066833743872804,8.236305207529746,0.856074530685737,0.940560872054598
1.6400000000000001,0.020644640163435844,0.3388326558363328,0.6789570305467598,1.8376682598974448,16.451416460475535,21.57916545814711,0.2797201847515154,2.06947897873577,8.230448612385729,0.8562997336667448,0.9405685898083026
1.6408,0.020673110172072,0.3392172959329978,0.6791381855168995,1.8380264663810593,16.452876026947244,21.57318805466366,0.280109238727567,2.0721185596832488,8.224558212244503,0.8565237316295965,0.9405761341997533
1.6416,0.020701697208863747,0.33960153432864976,0.67932135899595,1.8383873195752933,16.45431727037155,21.567208024956003,0.2804973700844815,2.0747524898291445,8.218633393481982,0.8567465104769815,0.940583503958643
1.6424,0.020730401614953535,0.3399853584123917,0.6795065463891319,1.8387508485906352,16.4557399507719,21.561225077395896,0.28088459336689564,2.077380772497431,8.212673540265449,0.8569680562708969,0.9405906977118106
1.6432,0.02075922371098884,0.3403687555723144,0.6796937429703218,1.8391170776314816,16.457143828205638,21.555238918303868,0.28127092276598065,2.0800034112204675,8.206678034584662,0.8571883553577063,0.9405977139787955
1.6440000000000001,0.02078816380186958,0.3407517131957181,0.6798829438814538,1.8394860266283217,16.45852866274989,21.549249251927048,0.2816563721590781,2.0826204097373475,8.200646256284116,0.8574073944834832,0.9406045511673586
1.6448,0.02081722218077089,0.34113421866932986,0.6800741441319056,1.8398577117782722,16.459894214488425,21.543255780417837,0.2820409551472254,2.0852317719922278,8.194577583096363,0.8576251609002228,0.9406112075689645
1.6456,0.020846399132570546,0.34151625937951835,0.6802673385978746,1.8402321460071356,16.46124024349823,21.537258203812193,0.28242468509027707,2.0878375021326345,8.188471390676506,0.8578416424639947,0.9406176813542348
1.6464,0.02087569493673712,0.3418978227125049,0.680462522021736,1.840609339362274,16.46256650983689,21.531256220008565,0.2828075751400806,2.090437604507782,8.182327052637797,0.8580568277259392,0.9406239705683752
1.6472,0.02090510986978478,0.3422788960545719,0.6806596890113915,1.840989299344951,16.463872773530248,21.52524952474693,0.28318963827083254,2.0930320836668654,8.176143940588428,0.8582707060165338,0.9406300731265776
1.6480000000000001,0.020934644207362484,0.34265946679226633,0.6808588340396013,1.8413720311935613,16.465158794560704,21.519237811588432,0.28357088730728597,2.0956209443573597,8.169921424169488,0.8584832675242435,0.9406359868094094
1.6488,0.020964298226007726,0.34303952231260043,0.6810599514433039,1.8417575381213283,16.46642433285598,21.513220771895284,0.2839513349510736,2.0982041915232905,8.163658871094105,0.8586945033690623,0.940641709258187
1.6496,0.02099407220464578,0.3434190500032508,0.681263035422918,1.8421458215144533,16.46766914827887,21.50719809481149,0.2843309938040841,2.100781830303534,8.157355647187867,0.8589044056708953,0.9406472379703429
