f_GHz,S11_dB,S21_dB,S31_dB,amp_imbalance_dB,phase_error_deg,phase_error_signed_deg,CMR_dB,power_closure,normalized_excess_loss_dB,Zin_real_ohm,Zin_imag_ohm
1.0,-2.701308229094419,-6.399905460020944,-6.416137747727465,0.01623228770652134,0.07697914905338621,-0.07697914905338621,-58.77984727790696,0.9941988943817666,0.05474273336353054,130.96673618540345,244.476639785854
1.0008,-2.6964299612807947,-6.405690637472007,-6.421941478099347,0.016250840627339974,0.07713510425912773,-0.07713510425912773,-58.76731460587327,0.9941925096352345,0.05487531226102082,131.0486670977492,244.84564855412307
1.0016,-2.6915580684440954,-6.411482597386605,-6.427751978264226,0.01626938087761924,0.07729126575293321,-0.07729126575293321,-58.75479501722184,0.9941861145636159,0.05500832650914751,131.13083802840583,245.21537972213878
1.0024,-2.686692541080742,-6.417281349842602,-6.433569258209761,0.01628790836715959,0.07744763361739615,-0.07744763361739615,-58.74228849870322,0.9941797091618574,0.0551417777050063,131.2132499476388,245.58583589906047
1.0032,-2.681833369711036,-6.423086904952514,-6.439393327958026,0.016306423005511928,0.07760420793476897,-0.07760420793476897,-58.72979503712543,0.9941732934247645,0.055275667454140275,131.29590383096615,245.95701970631305
1.004,-2.6769805448791333,-6.42889927286361,-6.445224197565606,0.016324924701994946,0.07776098878701987,-0.07776098878701987,-58.717314619361616,0.9941668673469991,0.05540999737060695,131.37880065919282,246.32893377765745
1.0048,-2.6721340571529577,-6.434718463758038,-6.451061877123729,0.016343413365691273,0.07791797625571917,-0.07791797625571917,-58.70484723234112,0.9941604309230824,0.05554476907700108,131.46194141844674,246.70158075926537
1.0056,-2.667293897124154,-6.440544487852941,-6.456906376758367,0.01636188890542438,0.07807517042226664,-0.07807517042226664,-58.69239286305444,0.9941539841473933,0.05567998420451136,131.54532710021337,247.07496330979134
1.0064,-2.6624600554080224,-6.446377355400559,-6.462757706630353,0.016380351229795136,0.07823257136755046,-0.07823257136755046,-58.679951498551574,0.994147527014171,0.055815644392948296,131.6289587013724,247.44908410044755
1.0072,-2.6576325226434623,-6.452217076688359,-6.468615876935509,0.016398800247149126,0.07839017917217461,-0.07839017917217461,-58.66752312594231,0.9941410595175135,0.055951751290799434,131.7128372242333,247.82394581507788
1.008,-2.652811289492924,-6.458063662039147,-6.474480897904737,0.016417235865590078,0.07854799391657252,-0.07854799391657252,-58.65510773239578,0.9941345816513779,0.05608830655528269,131.79696367657175,248.19955115023228
1.0088,-2.647996346642318,-6.46391712181119,-6.480352779804166,0.01643565799297605,0.0787060156806092,-0.0787060156806092,-58.642705305141305,0.9941280934095832,0.056225311852358184,131.88133907166633,248.57590281524395
1.0096,-2.643187684800994,-6.469777466398327,-6.486231532935252,0.016454066536923273,0.07886424454397911,-0.07886424454397911,-58.63031583146517,0.9941215947858069,0.05636276885681528,131.96596442833567,248.95300353230397
1.0104,-2.638385294701657,-6.4756447062300895,-6.49211716763488,0.01647246140479073,0.07902268058609252,-0.07902268058609252,-58.61793929871685,0.9941150857735901,0.05650067925227133,132.05084077097533,249.3308560365382
1.0112,-2.633589167100319,-6.481518851771822,-6.4980096942755186,0.016490842503695594,0.07918132388579124,-0.07918132388579124,-58.60557569430219,0.9941085663663332,0.0566390447312578,132.13596912959565,249.70946307608483
1.012,-2.6287992927762396,-6.4873999135248015,-6.503909123265309,0.016509209740507427,0.07934017452180342,-0.07934017452180342,-58.59322500568545,0.9941020365572999,0.056777866995236626,132.22135053985934,250.0888274121715
1.0128,-2.6240156625318702,-6.4932879020263545,-6.509815465048197,0.01652756302184241,0.07949923257245928,-0.07949923257245928,-58.580887220392,0.9940954963396152,0.05691714775466443,132.30698604311988,250.4689518191943
1.0136,-2.6192382671927934,-6.499182827849984,-6.51572873010405,0.016545902254067213,0.07965849811580483,-0.07965849811580483,-58.56856232600278,0.994088945706267,0.05705688872902944,132.39287668645977,250.8498390847957
1.0144,-2.6144670976076663,-6.505084701605487,-6.521648928948776,0.01656422734328934,0.07981797122931766,-0.07981797122931766,-58.55625031016309,0.9940823846501062,0.057197091646898686,132.47902352272928,251.23149200994445
1.0152,-2.6097021446481627,-6.510993533939069,-6.527576072134442,0.01658253819537256,0.07997765199047535,-0.07997765199047535,-58.54395116057062,0.9940758131638479,0.05733775824595691,132.5654276105858,251.61391340901608
1.016,-2.604943399208927,-6.516909335533475,-6.533510170249403,0.01660083471592726,0.08013754047630073,-0.08013754047630073,-58.531664864983696,0.9940692312400695,0.057478890273074845,132.65209001453275,251.99710610987162
1.0168,-2.6001908522075006,-6.522832117108111,-6.5394512339184105,0.016619116810300844,0.08029763676330504,-0.08029763676330504,-58.51939141122149,0.9940626388712139,0.05762048948433207,132.73901180495992,252.38107295394084
1.0176,-2.595444494584269,-6.528761889419171,-6.5453992738027535,0.016637384383583483,0.08045794092788583,-0.08045794092788583,-58.50713078715791,0.9940560360495885,0.05776255764507409,132.82619405818264,252.76581679630283
1.0184,-2.5907043173024307,-6.534698663259744,-6.551354300600362,0.016655637340619686,0.08061845304604276,-0.08061845304604276,-58.4948829807266,0.9940494227673642,0.057905096529974824,132.91363785648318,253.15134050576776
1.0192,-2.5859703113479,-6.540642449459961,-6.557316325045944,0.01667387558598327,0.08077917319337757,-0.08077917319337757,-58.48264797992095,0.9940427990165797,0.05804810792304933,133.00134428815034,253.53764696496143
1.02,-2.5812424677292887,-6.5465932588871025,-6.563285357911099,0.016692099023996612,0.0809401014452078,-0.0809401014452078,-58.4704257727882,0.994036164789137,0.058191593617742204,133.08931444752133,253.92473907040667
1.0208,-2.5765207774778216,-6.552551102445731,-6.569261410004453,0.01671030755872102,0.08110123787645307,-0.08110123787645307,-58.45821634743656,0.9940295200768068,0.058335555416937926,133.1775494350225,254.31261973260916
1.0216,-2.571805231647307,-6.558515991077819,-6.57524449217177,0.016728501093950972,0.08126258256174879,-0.08126258256174879,-58.44601969203172,0.9940228648712242,0.05847999513304497,133.26605035721155,254.70129187614134
1.0224,-2.5670958213140684,-6.564487935762867,-6.581234615296099,0.016746679533231414,0.08142413557544614,-0.08142413557544614,-58.43383579479585,0.994016199163892,0.05862491458802279,133.35481832681884,255.090758439727
1.0232,-2.5623925375768826,-6.570466947518048,-6.587231790297868,0.016764842779821227,0.08158589699144159,-0.08158589699144159,-58.42166464401156,0.9940095229461807,0.05877031561343276,133.4438544627907,255.48102237632915
1.024,-2.5576953715569477,-6.576453037398301,-6.5932360281350455,0.016782990736743244,0.08174786688334734,-0.08174786688334734,-58.40950622801374,0.9940028362093282,0.05891620005049848,133.53315989033095,255.87208665323422
1.0248,-2.5530043143978065,-6.582446216496509,-6.59924733980324,0.016801123306730364,0.08191004532432089,-0.08191004532432089,-58.39736053520157,0.99399613894444,0.05906256975014943,133.62273574094522,256.2639542521412
1.0256,-2.5483193572653047,-6.588446495943584,-6.605265736335846,0.01681924039226214,0.08207243238740602,-0.08207243238740602,-58.38522755402656,0.993989431142491,0.059209426573067214,133.71258315248318,256.65662816924805
1.0264,-2.5436404913475346,-6.59445388690861,-6.611291228804163,0.016837341895551274,0.0822350281450781,-0.0822350281450781,-58.37310727299638,0.9939827127943246,0.059356772389743406,133.80270326918316,257.0501114153409
1.0272000000000001,-2.5389677078547814,-6.600468400598985,-6.617323828317523,0.01685542771853787,0.0823978326696988,-0.0823978326696988,-58.3609996806798,0.9939759838906532,0.05950460908052683,133.89309724171576,257.44440701588326
1.028,-2.5343009980194706,-6.606490048260538,-6.623363546023424,0.01687349776288559,0.08256084603294767,-0.08256084603294767,-58.348904765702,0.9939692444220594,0.059652938535677116,133.98376622722856,257.83951801110464
1.0288,-2.529640353096116,-6.612518841177664,-6.629410393107666,0.016891551930002795,0.08272406830650425,-0.08272406830650425,-58.33682251674371,0.9939624943789948,0.05980176265541987,134.0747113893908,258.23544745609246
1.0296,-2.524985764361265,-6.618554790673457,-6.635464380794468,0.016909590121011776,0.08288749956147967,-0.08288749956147967,-58.3247529225431,0.9939557337517823,0.059951083349988575,134.16593389843908,258.6321984208821
1.0304,-2.520337223113444,-6.624597908109839,-6.641525520346612,0.016927612236771857,0.08305113986875767,-0.08305113986875767,-58.3126959718942,0.993948962530615,0.060100902539686585,134.257434931222,259.02977399054885
1.0312,-2.5156947206731135,-6.6306482048877005,-6.647593823065558,0.016945618177856277,0.08321498929876725,-0.08321498929876725,-58.30065165365109,0.9939421807055581,0.06025122215493117,134.3492156712468,259.42817726530035
1.032,-2.5110582483826063,-6.63670569244702,-6.653669300291602,0.016963607844582996,0.08337904792171003,-0.08337904792171003,-58.28861995671882,0.9939353882665471,0.0604020441363175,134.44127730872611,259.8274113605701
1.0328,-2.506427797606085,-6.642770382267013,-6.659751963403986,0.016981581136972363,0.08354331580733287,-0.08354331580733287,-58.27660087006453,0.9939285852033904,0.06055337043466272,134.53362104062327,260.2274794071105
1.0336,-2.501803359729487,-6.648842285866262,-6.665841823821039,0.016999537954777894,0.08370779302504161,-0.08370779302504161,-58.26459438270932,0.9939217715057678,0.06070520301106907,134.62624807070108,260.6283845510874
1.0344,-2.497184926160467,-6.654921414802839,-6.6719388930003145,0.01701747819747474,0.08387247964401467,-0.08387247964401467,-58.25260048373079,0.9939149471632328,0.06085754383696118,134.71915960956787,261.03012995417583
1.0352,-2.4925724883283595,-6.661007780674465,-6.678043182438721,0.017035401764255824,0.08403737573291892,-0.08403737573291892,-58.240619162263286,0.9939081121652106,0.06101039489416786,134.81235687472662,261.4327187936553
1.036,-2.48796603768411,-6.66710139511863,-6.684154703672669,0.017053308554039557,0.08420248136008013,-0.08420248136008013,-58.228650407495046,0.993901266501001,0.061163758174946736,134.90584109062223,261.8361542625069
1.0368,-2.483365565700243,-6.673202269812729,-6.690273468278177,0.01707119846544673,0.08436779659371041,-0.08436779659371041,-58.2166942086758,0.993894410159777,0.061317635682060743,134.99961348869095,262.24043956950976
1.0376,-2.4787710638707945,-6.679310416474214,-6.696399487871046,0.017089071396833234,0.08453332150122606,-0.08453332150122606,-58.20475055510655,0.9938875431305857,0.06147202942882728,135.09367530740928,262.64557793934017
1.0384,-2.474182523711271,-6.685425846860711,-6.702532774106973,0.017106927246263132,0.08469905615015705,-0.08469905615015705,-58.1928194361445,0.9938806654023497,0.06162694143916399,135.18802779234284,263.0515726126692
1.0392,-2.4695999367586046,-6.691548572770185,-6.7086733386816935,0.01712476591150864,0.08486500060740809,-0.08486500060740809,-58.18090084120747,0.9938737769638647,0.06178237374767123,135.2826721961974,263.4584268462627
1.04,-2.4650232945710866,-6.69767860604106,-6.714821193331123,0.017142587290063606,0.08503115493954283,-0.08503115493954283,-58.16899475976376,0.9938668778038035,0.06193832839965693,135.37760977886848,263.8661439130817
1.0408,-2.4604525887283373,-6.703815958552357,-6.720976349831495,0.01716039127913774,0.08519751921278385,-0.08519751921278385,-58.157101181339065,0.9938599679107127,0.06209480745122206,135.4728418074923,264.27472710238305
1.0416,-2.4558878108312374,-6.709960642223859,-6.727138819999496,0.017178177775637373,0.08536409349301266,-0.08536409349301266,-58.14522009551746,0.9938530472730168,0.06225181296929434,135.56836955649706,264.6841797198213
1.0424,-2.4513289525018958,-6.716112669016223,-6.733308615692415,0.01719594667619239,0.08553087784588342,-0.08553087784588342,-58.133351491934974,0.9938461158790155,0.062409347031700146,135.66419430765444,265.09450508755066
1.0432,-2.4467760053835863,-6.722272050931144,-6.739485748808278,0.017213697877133147,0.08569787233642501,-0.08569787233642501,-58.1214953602865,0.9938391737168855,0.06256741172722127,135.76031735013143,265.50570654432937
1.044,-2.4422289611407155,-6.728438800011489,-6.745670231285995,0.017231431274505868,0.08586507702949575,-0.08586507702949575,-58.10965169031799,0.9938322207746798,0.06272600915565811,135.85673998054367,265.91778744562225
1.0448,-2.437687811458754,-6.734612928341434,-6.751862075105485,0.017249146764051454,0.08603249198949925,-0.08603249198949925,-58.097820471835675,0.9938252570403303,0.0628851414278689,135.9534635030071,266.3307511637066
1.0456,-2.4331525480441956,-6.740794448046627,-6.7580612922878505,0.017266844241224762,0.08620011728061172,-0.08620011728061172,-58.08600169469923,0.9938182825016468,0.06304481066584029,136.0504892291926,266.74460108777794
1.0464,-2.428623162624527,-6.746983371294308,-6.7642678948954895,0.017284523601181122,0.08636795296644095,-0.08636795296644095,-58.07419534882342,0.9938112971463153,0.06320501900277076,136.14781847837907,267.1593406240545
1.0472,-2.4240996469481506,-6.753179710293483,-6.770481895032257,0.01730218473877439,0.0865359991104242,-0.0865359991104242,-58.062401424179455,0.9938043009619023,0.0633657685830879,136.24545257750776,267.574973195887
1.048,-2.4195819927843525,-6.759383477295044,-6.776703304843615,0.01731982754857046,0.08670425577548713,-0.08670425577548713,-58.050619910790374,0.9937972939358524,0.06352706156254026,136.34339286123742,267.99150224386494
1.0488,-2.415070191923259,-6.7655946845919255,-6.7829321365167505,0.017337451924824134,0.08687272302427118,-0.08687272302427118,-58.0388507987385,0.9937902760554894,0.06368890010824507,136.44164067199927,268.4089312259256
1.0496,-2.4105642361757775,-6.771813344519266,-6.789168402280765,0.017355057761498403,0.0870414009190199,-0.0870414009190199,-58.0270940781582,0.9937832473080167,0.06385128639876002,136.54019736005256,268.8272636174641
1.0504,-2.4060641173735537,-6.778039469454527,-6.795412114406774,0.017372644952247086,0.08721028952169263,-0.08721028952169263,-58.01534973924152,0.9937762076805188,0.06401422262412042,136.6390642835408,269.2465029114436
1.0512,-2.4015698273689337,-6.784273071817673,-6.801663285208091,0.017390213390418716,0.08737938889368024,-0.08737938889368024,-58.0036177722334,0.9937691571599586,0.06417771098594091,136.7382428085487,269.66665261850636
1.052,-2.397081358034897,-6.790514164071296,-6.807921927040366,0.01740776296906807,0.08754869909625995,-0.08754869909625995,-57.99189816743311,0.9937620957331814,0.06434175369744041,136.83773430915883,270.08771626708653
1.0528,-2.392598701265038,-6.796762758720785,-6.814188052301712,0.0174252935809273,0.08771822019014053,-0.08771822019014053,-57.980190915198605,0.9937550233869119,0.06450635298353319,136.93754016750955,270.50969740352207
1.0536,-2.388121848973485,-6.8030188683144655,-6.820461673432893,0.017442805118429043,0.08788795223574652,-0.08788795223574652,-57.968496005939905,0.9937479401077582,0.06467151108086319,137.0376617738531,270.9325995921702
1.0544,-2.383650793094891,-6.809282505443747,-6.826742802917449,0.017460297473702556,0.08805789529304775,-0.08805789529304775,-57.95681343011934,0.9937408458822085,0.06483723023790357,137.13810052661395,271.3564264155198
1.0552,-2.379185525584351,-6.815553682743289,-6.83303145328185,0.017477770538562174,0.08822804942184348,-0.08822804942184348,-57.945143178257474,0.9937337406966344,0.0650035127149803,137.2388578324479,271.7811814743095
1.056,-2.3747260384173923,-6.821832412891149,-6.839327637095655,0.017495224204507318,0.08839841468130771,-0.08839841468130771,-57.93348524092964,0.9937266245372884,0.06517036078438257,137.33993510630245,272.2068683876422
1.0568,-2.3702723235898997,-6.828118708608932,-6.845631366971659,0.017512658362728258,0.08856899113038708,-0.08856899113038708,-57.92183960876322,0.9937194973903073,0.06533777673038753,137.4413337714758,272.6334907931033
1.0576,-2.3658243731180852,-6.8344125826619475,-6.851942655566044,0.017530072904096496,0.08873977882763029,-0.08873977882763029,-57.91020627244285,0.9937123592417101,0.06550576284934767,137.54305525967823,273.06105234687885
1.0584,-2.36138217903844,-6.840714047859366,-6.858261515578542,0.017547467719176327,0.08891077783124501,-0.08891077783124501,-57.898585222705506,0.9937052100773999,0.06567432144975051,137.64510101109286,273.48955672387456
1.0592,-2.3569457334076835,-6.847023117054371,-6.86458795975258,0.017564842698209415,0.08908198819892732,-0.08908198819892732,-57.88697645034219,0.9936980498831636,0.06584345485228257,137.7474724744379,273.9190076178362
1.06,-2.3525150283027303,-6.853339803144327,-6.870922000875446,0.017582197731118663,0.0892534099881459,-0.0892534099881459,-57.875379946201704,0.9936908786446714,0.06601316538991066,137.8501711070284,274.3494087414701
1.0608,-2.3480900558206343,-6.859664119070916,-6.877263651778427,0.017599532707510135,0.08942504325591472,-0.08942504325591472,-57.86379570118265,0.9936836963474794,0.06618345540792493,137.95319837483868,274.7807638265651
1.0616,-2.343670808078549,-6.865996077820324,-6.8836129253369895,0.017616847516665354,0.0895968880588498,-0.0895968880588498,-57.85222370624269,0.9936765029770276,0.06635432726402958,138.05655575256688,275.213076624116
1.0624,-2.3392572772136915,-6.872335692423367,-6.8899698344709135,0.017634142047547083,0.08976894445322614,-0.08976894445322614,-57.84066395238871,0.993669298518641,0.06652578332840263,138.16024472369733,275.6463509044463
1.0632,-2.3348494553832717,-6.87868297595568,-6.896334392144475,0.017651416188793546,0.08994121249492082,-0.08994121249492082,-57.829116430685794,0.9936620829575318,0.06669782598374954,138.26426678056626,276.08059045733495
1.064,-2.330447334764481,-6.885037941537861,-6.902706611366581,0.017668669828720347,0.0901136922395267,-0.0901136922395267,-57.817581132249494,0.9936548562787962,0.06687045762540274,138.36862342442578,276.51579909213916
1.0648,-2.3260509075544302,-6.891400602335635,-6.909086505190942,0.017685902855307016,0.09028638374201137,-0.09028638374201137,-57.80605804825293,0.9936476184674181,0.0670436806613636,138.47331616550983,276.95198063792355
1.0656,-2.3216601659701084,-6.8977709715600275,-6.915474086716243,0.017703115156214314,0.09045928705722872,-0.09045928705722872,-57.79454716992245,0.9936403695082664,0.0672174975123962,138.57834652310066,277.38913894358683
1.0664,-2.3172751022483453,-6.904149062467498,-6.92186936908627,0.017720306618772694,0.09063240223952107,-0.09063240223952107,-57.7830484885374,0.9936331093860987,0.0673919106120709,138.68371602559492,277.82727787799035
1.0672,-2.312895708645758,-6.910534888360139,-6.928272365490117,0.01773747712997846,0.09080572934271913,-0.09080572934271913,-57.77156199543035,0.9936258380855585,0.06756692240686359,138.78942621057124,278.2664013300883
1.068,-2.308521977438714,-6.916928462585819,-6.934683089162316,0.01775462657649759,0.09097926842059678,-0.09097926842059678,-57.76008768198957,0.993618555591178,0.0677425353562003,138.89547862485782,278.70651320905785
1.0688,-2.3041539009232954,-6.92332979853835,-6.941101553383006,0.017771754844656144,0.09115301952613208,-0.09115301952613208,-57.748625539658455,0.9936112618873763,0.0679187519325552,139.00187482460152,279.14761744443103
1.0696,-2.299791471415245,-6.929738909657656,-6.947527771478116,0.017788861820459495,0.09132698271224626,-0.09132698271224626,-57.737175559929,0.9936039569584607,0.0680955746215099,139.10861637533614,279.58971798622736
1.0704,-2.2954346812499233,-6.936155809429941,-6.953961756819503,0.01780594738956154,0.09150115803134895,-0.09150115803134895,-57.725737734352656,0.9935966407886284,0.06827300592181643,139.21570485205288,280.0328188050884
1.0712,-2.2910835227822774,-6.942580511387856,-6.960403522825142,0.017823011437285863,0.09167554553539503,-0.09167554553539503,-57.714312054531774,0.9935893133619643,0.0684510483454913,139.32314183926985,280.47692389241104
1.072,-2.286737988386789,-6.949013029110661,-6.966853082959278,0.01784005384861805,0.09185014527599833,-0.09185014527599833,-57.70289851212249,0.993581974662443,0.06862970441787622,139.43092893110364,280.92203726048473
1.0728,-2.2823980704574414,-6.955453376224395,-6.97331045073259,0.017857074508194126,0.09202495730448845,-0.09202495730448845,-57.69149709883534,0.9935746246739287,0.06880897667771713,139.5390677313402,281.36816294262707
1.0735999999999999,-2.278063761407663,-6.961901566402062,-6.9797756397023765,0.017874073300315978,0.09219998167151289,-0.09219998167151289,-57.68010780643444,0.9935672633801753,0.06898886767723664,139.6475598535077,281.81530499332365
1.0744,-2.2737350536703045,-6.96835761336378,-6.986248663472718,0.01789105010893785,0.09237521842766228,-0.09237521842766228,-57.66873062673777,0.9935598907648269,0.06916937998221685,139.75640692094908,282.2634674883654
1.0752,-2.269411939697578,-6.974821530876964,-6.992729535694631,0.01790800481766637,0.09255066762290198,-0.09255066762290198,-57.65736555161587,0.9935525068114188,0.06935051617205702,139.86561056689516,282.7126545249897
1.076,-2.265094411961037,-6.981293332756493,-6.99921827006626,0.017924937309766305,0.09272632930691316,-0.09272632930691316,-57.646012572993534,0.9935451115033765,0.06953227883987614,139.97517243453908,283.1628702220207
1.0768,-2.2607824629515196,-6.987773032864888,-7.005714880333038,0.01794184746815096,0.0929022035289222,-0.0929022035289222,-57.63467168284973,0.9935377048240167,0.0697146705925723,140.08509417711127,283.6141187200132
1.0776,-2.2564760851791124,-6.994260645112482,-7.012219380287861,0.0179587351753783,0.09307829033775761,-0.09307829033775761,-57.62334287321637,0.9935302867565478,0.06989769405090518,140.1953774579542,284.0664041813946
1.0784,-2.252175271173106,-7.000756183457598,-7.018731783771264,0.017975600313666382,0.09325458978184997,-0.09325458978184997,-57.61202613617712,0.9935228572840703,0.07008135184956737,140.3060239505995,284.5197307906113
1.0792,-2.247880013481967,-7.007259661906719,-7.02525210467159,0.01799244276487023,0.09343110190928883,-0.09343110190928883,-57.60072146387125,0.9935154163895763,0.0702656466372797,140.41703533884345,284.974102754272
1.08,-2.243590304673283,-7.0137710945146745,-7.031780356925169,0.018009262410495327,0.09360782676765211,-0.09360782676765211,-57.58942884849165,0.9935079640559509,0.0704505810768539,140.52841331682595,285.4295243012975
1.0808,-2.239306137333731,-7.020290495384803,-7.038316554516484,0.0180260591316822,0.09378476440423356,-0.09378476440423356,-57.578148282283806,0.9935005002659717,0.0706361578452782,140.64015958910716,285.88599968306625
1.0816,-2.235027504069032,-7.02681787866914,-7.044860711478366,0.018042832809225685,0.09396191486575844,-0.09396191486575844,-57.56687975754565,0.9934930250023098,0.07082237963379685,140.75227587074772,286.34353317356596
1.0824,-2.230754397503918,-7.033353258568605,-7.051412841892159,0.01805958332355375,0.09413927819878154,-0.09413927819878154,-57.55562326662925,0.9934855382475293,0.07100924914799835,140.86476388738726,286.8021290695419
1.0832,-2.226486810282085,-7.0398966493331585,-7.0579729598878895,0.018076310554731335,0.09431685444923232,-0.09431685444923232,-57.54437880194202,0.9934780399840883,0.07119676910788167,140.97762537532535,287.2617916906503
1.084,-2.2222247350661632,-7.046448065262002,-7.064541079644466,0.018093014382464224,0.09449464366269922,-0.09449464366269922,-57.533146355940616,0.9934705301943386,0.07138494224795755,141.09086208160255,287.72252537961003
1.0848,-2.2179681645376688,-7.053007520703753,-7.071117215389851,0.018109694686097088,0.09467264588442958,-0.09467264588442958,-57.52192592113781,0.9934630088605263,0.07157377131731826,141.20447576408156,288.1843345023572
1.0856,-2.213717091396966,-7.0595750300566245,-7.077701381401224,0.018126351344600052,0.09485086115921604,-0.09485086115921604,-57.51071749009833,0.993455475964793,0.07176325907971252,141.31846819153037,288.6472234482011
1.0864,-2.2094715083632237,-7.06615060776862,-7.084293592005199,0.0181429842365802,0.09502928953139644,-0.09502928953139644,-57.49952105544159,0.9934479314891751,0.07195340831364483,141.43284114370505,289.11119662998
1.0872,-2.205231408174399,-7.072734268337694,-7.090893861577969,0.018159593240275843,0.09520793104491077,-0.09520793104491077,-57.48833660983868,0.9934403754156035,0.07214422181246126,141.54759641143397,289.57625848421867
1.088,-2.200996783587171,-7.079326026311971,-7.0975022045455205,0.018176178233550715,0.0953867857433579,-0.0953867857433579,-57.47716414601509,0.993432807725905,0.0723357023844236,141.6627357967025,290.04241347128834
1.0888,-2.1967676273769166,-7.085925896289897,-7.104118635383796,0.018192739093897833,0.09556585366982517,-0.09556585366982517,-57.466003656747915,0.9934252284018027,0.07252785285279811,141.77826111273845,290.50966607556677
1.0896,-2.192543932337671,-7.092533892920445,-7.110743168618891,0.01820927569844528,0.09574513486700198,-0.09574513486700198,-57.45485513486749,0.9934176374249156,0.07272067605594004,141.89417418409863,290.97802080559995
1.0904,-2.1883256912820874,-7.0991500309033135,-7.117375818827233,0.01822578792391962,0.09592462937735036,-0.09592462937735036,-57.44371857326083,0.9934100347767589,0.07291417484739,142.0104768467555,291.4474821942646
1.0912,-2.1841128970413943,-7.1057743249890795,-7.124016600635778,0.01824227564669787,0.09610433724253653,-0.09610433724253653,-57.43259396486338,0.993402420438746,0.07310835209593465,142.12717094818527,291.91805479893355
1.092,-2.1799055424653706,-7.112406789979431,-7.130665528722191,0.018258738742759403,0.0962842585040562,-0.0962842585040562,-57.42148130266652,0.9933947943921856,0.07330321068573742,142.24425834745705,292.38974320164067
1.0928,-2.175703620422297,-7.119047440727316,-7.137322617815032,0.018275177087714777,0.09646439320312084,-0.09646439320312084,-57.410380579712275,0.9933871566182852,0.07349875351638219,142.36174091532138,292.8625520092471
1.0936,-2.1715071237989267,-7.125696292137178,-7.1439878826939545,0.018291590556776906,0.09664474138014612,-0.09664474138014612,-57.39929178909939,0.9933795070981488,0.07369498350300187,142.47962053430138,293.3364858536107
1.0944,-2.1673160455004337,-7.132353359165107,-7.150661338189891,0.01830797902478413,0.09682530307543402,-0.09682530307543402,-57.38821492397636,0.9933718458127796,0.07389190357632991,142.59789909878364,293.81154939175616
1.0952,-2.1631303784504,-7.139018656819058,-7.157342999185243,0.018324342366184843,0.0970060783287181,-0.0970060783287181,-57.37714997754652,0.9933641727430778,0.0740895166828281,142.71657851511,294.2877473060439
1.096,-2.1589501155907467,-7.145692200159037,-7.164032880614086,0.018340680455049,0.09718706717927716,-0.09718706717927716,-57.36609694306377,0.993356487869844,0.07428782578473782,142.83566070167052,294.7650843043452
1.0968,-2.1547752498817268,-7.152374004297302,-7.170730997462335,0.018356993165033517,0.09736826966616263,-0.09736826966616263,-57.35505581383994,0.9933487911737763,0.07448683386020892,142.95514758899725,295.2435651202139
1.0976,-2.1506057743018783,-7.159064084398548,-7.177437364767972,0.018373280369424587,0.09754968582774382,-0.09754968582774382,-57.34402658323582,0.9933410826354716,0.07468654390337712,143.0750411198588,295.7231945130624
1.0984,-2.1464416818479704,-7.165762455680116,-7.1841519976212265,0.018389541941110747,0.09773131570216265,-0.09773131570216265,-57.333009244663806,0.9933333622354279,0.07488695892443911,143.19534324935563,296.2039772683398
1.0992,-2.142282965535002,-7.172469133412181,-7.1908749111647605,0.01840577775257902,0.09791315932699263,-0.09791315932699263,-57.32200379159421,0.9933256299540416,0.07508808194977676,143.3160559450164,296.685918197707
1.1,-2.138129618396135,-7.179184132917964,-7.197606120593884,0.018421987675920702,0.09809521673940935,-0.09809521673940935,-57.31101021754742,0.9933178857716096,0.0752899160220338,143.4371811868953,297.1690221392191
1.1008,-2.133981633482665,-7.18590746957392,-7.204345641156751,0.018438171582831342,0.09827748797619051,-0.09827748797619051,-57.30002851609697,0.9933101296683297,0.07549246420020489,143.55872096766964,297.6532939575056
1.1016,-2.129839003864004,-7.192639158809939,-7.211093488154542,0.01845432934460306,0.0984599730737159,-0.0984599730737159,-57.2890586808687,0.9933023616242992,0.0756957295597493,143.68067729273986,298.1387385439519
1.1024,-2.125701722627618,-7.19937921610957,-7.2178496769416896,0.018470460832120693,0.09864267206779687,-0.09864267206779687,-57.278100705544254,0.9932945816195167,0.07589971519267864,143.80305218032848,298.62536081688535
1.1032,-2.121569782879011,-7.20612765701018,-7.224614222926057,0.018486565915877193,0.09882558499396055,-0.09882558499396055,-57.2671545838551,0.9932867896338826,0.07610442420763984,143.92584766158143,299.1131657217588
1.104,-2.1174431777416722,-7.212884497103211,-7.231387141569154,0.018502644465942825,0.09900871188716565,-0.09900871188716565,-57.25622030958704,0.9932789856471989,0.07630985973002852,144.0490657806697,299.6021582313398
1.1048,-2.113321900357069,-7.219649752034343,-7.238168448386335,0.018518696351992124,0.09919205278197296,-0.09919205278197296,-57.24529787657854,0.9932711696391674,0.07651602490209916,144.17270859489278,300.09234334589695
1.1056,-2.109205943884575,-7.226423437503723,-7.244958158947004,0.01853472144328079,0.09937560771260223,-0.09937560771260223,-57.23438727872242,0.9932633415893948,0.07672292288302227,144.29677817478083,300.5837260933921
1.1064,-2.1050953015014704,-7.233205569266161,-7.251756288874825,0.018550719608663016,0.09955937671270476,-0.09955937671270476,-57.22348850996021,0.9932555014773875,0.07693055684903344,144.42127660420127,301.0763115296713
1.1072,-2.100989966402875,-7.239996163131348,-7.258562853847909,0.01856669071656069,0.09974335981542026,-0.09974335981542026,-57.212601564292925,0.9932476492825568,0.07713892999348779,144.54620598046296,301.5701047386579
1.108,-2.096889931801742,-7.246795234964062,-7.265377869599056,0.018582634634994186,0.09992755705371792,-0.09992755705371792,-57.20172643577091,0.9932397849842146,0.07734804552700668,144.67156841442386,302.06511083254856
1.1088,-2.092795190928808,-7.2536028006843605,-7.27220135191593,0.018598551231568894,0.10011196845988479,-0.10011196845988479,-57.19086311849303,0.9932319085615775,0.07755790667753784,144.79736603059814,302.5613349520085
1.1096,-2.0887057370325572,-7.260418876267828,-7.27903331664128,0.018614440373452137,0.10029659406581004,-0.10029659406581004,-57.180011606621584,0.9932240199937653,0.07776851669047775,144.9236009672649,303.05878226637094
1.1104,-2.084621563379194,-7.267243477745755,-7.285873779673162,0.018630301927407784,0.10048143390298492,-0.10048143390298492,-57.16917189436255,0.993216119259801,0.07797987882877697,145.05027537657836,303.5574579738365
1.1112,-2.0805426632526074,-7.27407662120537,-7.292722756965131,0.018646135759761637,0.10066648800244593,-0.10066648800244593,-57.15834397597949,0.9932082063386121,0.07819199637303484,145.177391424678,304.05736730167433
1.112,-2.0764690299543362,-7.280918322790047,-7.299580264526472,0.018661941736424513,0.10085175639466115,-0.10085175639466115,-57.14752784578741,0.9932002812090296,0.0784048726216143,145.3049512918011,304.55851550642643
1.1128,-2.072400656803538,-7.287768598699518,-7.306446318422393,0.01867771972287492,0.10103723910981444,-0.10103723910981444,-57.13672349815355,0.9931923438497895,0.07861851089073588,145.43295717239462,305.0609078741114
1.1136,-2.0683375371369443,-7.294627465190102,-7.313320934774257,0.018693469584155208,0.1012229361775212,-0.1012229361775212,-57.125930927500896,0.9931843942395331,0.07883291451458432,145.56141127523028,305.5645497204324
1.1144,-2.064279664308846,-7.301494938574912,-7.320204129759798,0.018709191184886977,0.10140884762699898,-0.10140884762699898,-57.11515012830294,0.9931764323568054,0.07904808684543212,145.69031582351874,306.06944639098464
1.1152,-2.060227031691044,-7.308371035224077,-7.327095919613322,0.018724884389244117,0.10159497348695368,-0.10159497348695368,-57.10438109508778,0.9931684581800577,0.07926403125372589,145.81967305502607,306.57560326146506
1.116,-2.0561796326728254,-7.315255771564962,-7.333996320625941,0.018740549060979755,0.10178131378569333,-0.10178131378569333,-57.09362382243562,0.9931604716876461,0.07948075112820961,145.94948522219104,307.0830257378858
1.1168,-2.0521374606609237,-7.322149164082382,-7.3409053491457765,0.018756185063393545,0.10196786855101436,-0.10196786855101436,-57.0828783049795,0.9931524728578338,0.07969824987601501,146.07975459224306,307.5917192567868
1.1176,-2.0481005090794873,-7.329051229318844,-7.3478230215782006,0.018771792259356684,0.10215463781025846,-0.10215463781025846,-57.072144537405826,0.9931444616687893,0.07991653092279048,146.21048344732216,308.10168928545176
1.1184,-2.044068771370055,-7.335961983874755,-7.354749354386046,0.01878737051129073,0.10234162159036941,-0.10234162159036941,-57.06142251445473,0.9931364380985863,0.08013559771281825,146.34167408459973,308.61294132212504
1.1192,-2.0400422409915167,-7.342881444408635,-7.361684364089815,0.018802919681179163,0.1025288199177794,-0.1025288199177794,-57.05071223091744,0.9931284021252069,0.08035545370909435,146.47332881639923,309.1254808962306
1.12,-2.0360209114200734,-7.349809627637378,-7.368628067267926,0.01881843963054814,0.10271623281840903,-0.10271623281840903,-57.040013681641,0.9931203537265393,0.08057610239346315,146.60544997032088,309.63931356859496
1.1208,-2.0320047761492237,-7.356746550336437,-7.375580480556922,0.018833930220483804,0.10290386031772414,-0.10290386031772414,-57.029326861524076,0.9931122928803786,0.08079754726672958,146.73803988936407,310.15444493166706
1.1216,-2.027993828689714,-7.363692229340083,-7.382541620651706,0.018849391311622655,0.10309170244079269,-0.10309170244079269,-57.01865176551749,0.993104219564428,0.08101979184876483,146.87110093205405,310.6708806097456
1.1224,-2.0239880625695137,-7.370646681541628,-7.389511504305766,0.01886482276413618,0.10327975921222787,-0.10327975921222787,-57.00798838862806,0.9930961337562972,0.08124283967863055,147.00463547256763,311.1886262592047
1.1232,-2.019987471333788,-7.377609923893638,-7.396490148331395,0.018880224437757782,0.10346803065596077,-0.10346803065596077,-56.99733672591115,0.9930880354335045,0.08146669431468635,147.13864590086126,311.7076875687221
1.124,-2.015992048544855,-7.384581973408185,-7.403477569599933,0.018895596191748115,0.10365651679575194,-0.10365651679575194,-56.98669677248016,0.9930799245734765,0.08169135933470487,147.27313462280014,312.22807025951107
1.1248,-2.0120017877821663,-7.391562847157072,-7.410473785041983,0.01891093788491244,0.1038452176546798,-0.1038452176546798,-56.97606852349974,0.9930718011535474,0.08191683833600055,147.40810406028822,312.74978008555155
1.1256,-2.0080166826422667,-7.398552562272057,-7.417478811647655,0.01892624937559869,0.10403413325536803,-0.10403413325536803,-56.96545197418615,0.9930636651509608,0.08214313493553076,147.5435566514002,313.27282283382544
1.1264,-2.0040367267387666,-7.405551135945111,-7.424492666466795,0.018941530521683975,0.10422326362004242,-0.10422326362004242,-56.95484711981209,0.9930555165428682,0.08237025277003417,147.6794948505138,313.7972043245535
1.1272,-2.00006191370231,-7.412558585428627,-7.431515366609216,0.018956781180590004,0.1044126087703603,-0.1044126087703603,-56.944253955699544,0.9930473553063313,0.08259819549612564,147.8159211284441,314.32293041143294
1.1280000000000001,-1.9960922371805387,-7.419574928035685,-7.438546929244936,0.01897200120925036,0.1046021687275811,-0.1046021687275811,-56.9336724772277,0.9930391814183206,0.08282696679043784,147.9528379725789,314.8500069818792
1.1288,-1.9921276908380818,-7.426600181140255,-7.445587371604406,0.018987190464150903,0.10479194351239585,-0.10479194351239585,-56.92310267982582,0.9930309948557157,0.08305657034974144,148.0902478870158,315.3784399572669
1.1296,-1.988168268356493,-7.433634362177479,-7.452636710978764,0.0190023488012836,0.10498193314504078,-0.10498193314504078,-56.91254455897916,0.9930227955953068,0.08328700989104919,148.22815339269985,315.908235293177
1.1304,-1.9842139634342393,-7.4406774886438845,-7.4596949647200645,0.019017476076181147,0.10517213764541111,-0.10517213764541111,-56.901998110223786,0.9930145836137944,0.08351828915175193,148.36655702756283,316.43939897964236
1.1312,-1.9802647697866795,-7.447729578097627,-7.466762150241509,0.019032572143882338,0.10536255703266306,-0.10536255703266306,-56.89146332915173,0.9930063588877878,0.08375041188975349,148.50546134666496,316.97193704139596
1.1320000000000001,-1.9763206811460077,-7.454790648158745,-7.473838285017703,0.01904763685895708,0.10555319132555496,-0.10555319132555496,-56.880940211407,0.9929981213938088,0.08398338188356379,148.64486892233566,317.50585553812414
1.1328,-1.9723816912612517,-7.461860716509396,-7.4809233865848945,0.019062670075496762,0.10574404054244724,-0.10574404054244724,-56.870428752684774,0.9929898711082878,0.08421720293246922,148.78478234431884,318.04116056471776
1.1336,-1.9684477938982146,-7.468939800894113,-7.488017472541205,0.019077671647093106,0.10593510470113188,-0.10593510470113188,-56.859928948738684,0.9929816080075685,0.08445187885660746,148.9252042199162,318.57785825153024
1.1344,-1.964518982839465,-7.476027919120034,-7.4951205605469,0.01909264142686508,0.10612638381894612,-0.10612638381894612,-56.84944079537062,0.9929733320679047,0.0846874134971321,149.06613717413498,319.1159547646329
1.1352,-1.9605952518843122,-7.483125089057174,-7.502232668324602,0.019107579267426202,0.10631787791260194,-0.10631787791260194,-56.83896428844062,0.9929650432654604,0.08492381071634827,149.20758384983512,319.65545630607596
1.1360000000000001,-1.9566765948487441,-7.490231328638657,-7.5093538136595726,0.019122485020915323,0.10650958699852708,-0.10650958699852708,-56.828499423858325,0.9929567415763139,0.08516107439779348,149.34954690787887,320.19636911415205
1.1368,-1.9527630055654401,-7.497346655860964,-7.516484014399928,0.01913735853896391,0.10670151109246717,-0.10670151109246717,-56.818046197589766,0.9929484269764534,0.08539920844642263,149.49202902728143,320.7386994636583
1.1376,-1.9488544778837098,-7.504471088784202,-7.523623288456917,0.019152199672715288,0.10689365020976993,-0.10689365020976993,-56.807604605651335,0.9929400994417803,0.08563821678870044,149.63503290536346,321.2824536661655
1.1384,-1.944951005669475,-7.511604645532355,-7.530771653805149,0.01916700827279577,0.10708600436521465,-0.10708600436521465,-56.79717464411924,0.9929317589481081,0.08587810337275531,149.77856125790507,321.8276380702862
1.1392,-1.9410525828052454,-7.518747344293516,-7.537929128482876,0.019181784189360864,0.10727857357306902,-0.10727857357306902,-56.78675630911407,0.9929234054711626,0.08611887216850889,149.9226168193007,322.37425906194613
1.1400000000000001,-1.9371592031900824,-7.525899203320186,-7.545095730592216,0.0191965272720298,0.1074713578472597,-0.1074713578472597,-56.77634959681871,0.9929150389865826,0.08636052716780651,150.06720234271657,322.9223230646589
1.1408,-1.933270860739574,-7.533060240929479,-7.552271478299415,0.0192112373699356,0.1076643572009175,-0.1076643572009175,-56.765954503464904,0.9929066594699203,0.0866030723845438,150.21232060024866,323.47183653980187
1.1416,-1.9293875493857997,-7.540230475503432,-7.559456389835125,0.019225914331692347,0.10785757164694587,-0.10785757164694587,-56.755571025339876,0.9928982668966408,0.08684651185482142,150.35797438308347,324.0228059868951
1.1424,-1.9255092630773119,-7.547409925489231,-7.566650483494634,0.019240558005402884,0.10805100119750932,-0.10805100119750932,-56.74519915878501,0.9928898612421229,0.08709084963706992,150.50416650165903,324.5752379438828
1.1432,-1.9216359957791052,-7.554598609399482,-7.573853777638144,0.01925516823866265,0.10824464586448812,-0.10824464586448812,-56.73483890019271,0.9928814424816582,0.08733608981219693,150.6508997858286,325.12913898741607
1.1440000000000001,-1.9177677414725731,-7.561796545812484,-7.5810662906910276,0.01926974487854239,0.10843850565896673,-0.10843850565896673,-56.724490246011726,0.9928730105904542,0.08758223648370211,150.79817708502566,325.6845157331412
1.1448,-1.913904494155509,-7.569003753372483,-7.588288041144075,0.019284287771593876,0.10863258059180225,-0.10863258059180225,-56.714153192745435,0.9928645655436301,0.08782929377786143,150.9460012684301,326.2413748359855
1.1456,-1.910046247842048,-7.576220250789936,-7.595519047553782,0.01929879676384611,0.10882687067305596,-0.10882687067305596,-56.703827736949755,0.9928561073162215,0.08807726584381681,151.09437522513733,326.7997229904516
1.1464,-1.9061929965626545,-7.583446056841786,-7.602759328542598,0.019313271700812994,0.10902137591256178,-0.10902137591256178,-56.69351387523383,0.9928476358831779,0.08832615685375488,151.2433018643271,327.35956693090986
1.1472,-1.9023447343641011,-7.59068119037173,-7.6100089027992,0.019327712427472145,0.10921609631941465,-0.10921609631941465,-56.683211604260926,0.9928391512193625,0.08857597100304858,151.39278411543668,327.92091343189423
1.1480000000000001,-1.8985014553094182,-7.597925670290486,-7.617267789078749,0.019342118788263005,0.10941103190219792,-0.10941103190219792,-56.672920920751686,0.9928306532995552,0.08882671251037177,151.54282492833278,328.48376930840345
1.1488,-1.894663153477891,-7.605179515576063,-7.624536006203173,0.019356490627109903,0.10960618266904021,-0.10960618266904021,-56.66264182147677,0.99282214209845,0.08907838561788049,151.69342727348814,329.04814141620056
1.1496,-1.890829822965017,-7.612442745274036,-7.631813573061427,0.019370827787391277,0.10980154862761538,-0.10980154862761538,-56.65237430326219,0.9928136175906563,0.08933099459133681,151.8445941421578,329.6140366521193
1.1504,-1.887001457882479,-7.619715378497829,-7.6391005086097765,0.01938513011194737,0.10999712978480147,-0.10999712978480147,-56.642118362989336,0.9928050797506999,0.08958454372026371,151.99632854655786,330.18146195437066
1.1512,-1.8831780523581316,-7.626997434428969,-7.646396831872055,0.01939939744308791,0.11019292614719234,-0.11019292614719234,-56.631873997591256,0.9927965285530213,0.08983903731809502,152.14863352004653,330.7504243028521
1.152,-1.8793596005359525,-7.634288932317385,-7.6537025619399435,0.019413629622559415,0.11038893772081337,-0.11038893772081337,-56.62164120405875,0.9927879639719783,0.09009447972231285,152.30151211730615,331.3209307194618
1.1528,-1.8755460965760382,-7.641589891481684,-7.661017717973261,0.0194278264915779,0.1105851645110647,-0.1105851645110647,-56.61141997943486,0.9927793859818435,0.09035087529462783,152.4549674145283,331.89298826841303
1.1536,-1.871737534654561,-7.6489003313094095,-7.668342319200217,0.019441987890807682,0.11078160652277802,-0.11078160652277802,-56.60121032081692,0.9927707945568068,0.09060822842109628,152.6090025095989,332.46660405655314
1.1544,-1.867933908963742,-7.65622027125736,-7.675676384917718,0.019456113660357575,0.11097826376044395,-0.11097826376044395,-56.5910122253557,0.9927621896709755,0.09086654351228103,152.7636205222873,333.04178523368495
1.1552,-1.8641352137118483,-7.663549730851834,-7.683019934491622,0.01947020363978855,0.11117513622787101,-0.11117513622787101,-56.58082569025837,0.9927535712983709,0.09112582500344586,152.9188245944363,333.61853899288985
1.156,-1.8603414431231342,-7.670888729688948,-7.6903729873570335,0.019484257668084877,0.11137222392824242,-0.11137222392824242,-56.570650712787696,0.9927449394129337,0.09138607735465105,153.0746178901536,334.19687257085627
1.1568,-1.8565525914378225,-7.678237287434898,-7.697735563018596,0.019498275583698387,0.11156952686428667,-0.11156952686428667,-56.56048729025712,0.9927362939885224,0.09164730505092711,153.2310035960062,334.77679324821014
1.1576,-1.8527686529121057,-7.685595423826259,-7.705107681050755,0.019512257224496506,0.11176704503833435,-0.11176704503833435,-56.55033542003723,0.9927276349989103,0.091909512602473,153.3879849212167,335.3583083498449
1.1584,-1.8489896218180828,-7.692963158670274,-7.7124893610980605,0.019526202427785355,0.11196477845186337,-0.11196477845186337,-56.54019509955412,0.9927189624177903,0.09217270454476043,153.54556509786053,335.9414252452614
1.1592,-1.8452154924437587,-7.7003405118451385,-7.719880622875451,0.019540111030313584,0.1121627271060106,-0.1121627271060106,-56.53006632628529,0.9927102762187724,0.092436885438727,153.70374738106756,336.5261513489045
1.16,-1.8414462590930065,-7.7077275033003,-7.727281486168536,0.01955398286823582,0.11236089100123081,-0.11236089100123081,-56.5199490977667,0.9927015763753845,0.09270205987092354,153.86253504922226,337.1124941205059
1.1608,-1.8376819160855418,-7.715124153056757,-7.734691970833911,0.01956781777715498,0.11255927013763767,-0.11255927013763767,-56.509843411586345,0.9926928628610724,0.09296823245368621,154.02193140416975,337.7004610654302
1.1616,-1.8339224577569069,-7.722530481207331,-7.742112096799413,0.019581615592083816,0.11275786451454906,-0.11275786451454906,-56.499749265387536,0.9926841356492012,0.0932354078252816,154.18193977142136,338.2900597350219
1.1624,-1.830167878458432,-7.729946507916995,-7.749541884064448,0.019595376147452576,0.11295667413077126,-0.11295667413077126,-56.48966665687042,0.9926753947130535,0.093503590650097,154.34256350036344,338.88129772695873
1.1632,-1.8264181725572235,-7.737372253423147,-7.756981352700258,0.01960909927711094,0.11315569898465583,-0.11315569898465583,-56.47959558378905,0.9926666400258312,0.09377278561878638,154.50380596446797,339.4741826856047
1.164,-1.822673334436128,-7.744807738035923,-7.7644305228502555,0.019622784814331867,0.11335493907387217,-0.11335493907387217,-56.469536043949375,0.9926578715606542,0.09404299744845165,154.66567056150575,340.0687223023697
1.1648,-1.818933358493707,-7.7522529821385024,-7.771889414730278,0.01963643259177696,0.11355439439557813,-0.11355439439557813,-56.45948803521837,0.992649089290563,0.0943142308827881,154.82816071376132,340.6649243160707
1.1656,-1.8151982391442254,-7.759708006187394,-7.779358048628925,0.019650042441529153,0.11375406494641993,-0.11375406494641993,-56.44945155551505,0.9926402931885157,0.0945864906922892,154.99127986825044,341.2627965132952
1.1664,-1.8114679708176054,-7.767172830712764,-7.786836444907845,0.019663614195081197,0.11395395072230485,-0.11395395072230485,-56.43942660281102,0.9926314832273913,0.09485978167438008,155.1550314969403,341.8623467287712
1.1672,-1.8077425479594296,-7.774647476318721,-7.794324624002029,0.019677147683308697,0.11415405171874227,-0.11415405171874227,-56.429413175138336,0.9926226593799867,0.09513410865362928,155.3194190969712,342.4635828457364
1.168,-1.804021965030883,-7.782131963683641,-7.80182260642014,0.019690642736498967,0.11435436793055942,-0.11435436793055942,-56.41941127058071,0.9926138216190207,0.09540947648187414,155.48444619088013,343.0665127963156
1.1688,-1.8003062165087556,-7.789626313560475,-7.809330412744808,0.01970409918433372,0.11455489935195828,-0.11455489935195828,-56.40942088727822,0.99260496991713,0.09568589003844577,155.6501163268297,343.6711445618973
1.1696,-1.7965952968854113,-7.797130546777048,-7.816848063632921,0.019717516855873682,0.11475564597674293,-0.11475564597674293,-56.39944202342723,0.9925961042468723,0.09596335423031466,155.81643307883473,344.2774861735152
1.1703999999999999,-1.792889200668753,-7.804644684236387,-7.824375579815975,0.01973089557958742,0.11495660779803529,-0.11495660779803529,-56.38947467727816,0.9925872245807256,0.09624187399227122,155.98340004699602,344.8855457122359
1.1712,-1.789187922382203,-7.812168746917033,-7.831912982100348,0.019744235183314814,0.11515778480827521,-0.11515778480827521,-56.37951884713801,0.9925783308910894,0.09652145428709843,156.15102085773262,345.4953313095457
1.172,-1.7854914565646987,-7.8197027558733545,-7.839460291367631,0.019757535494276647,0.11535917699939091,-0.11535917699939091,-56.36957453136922,0.9925694231502811,0.09680210010579413,156.31929916402,346.1068511477433
1.1728,-1.781799797770636,-7.827246732235869,-7.847017528574951,0.019770796339082325,0.11556078436285588,-0.11556078436285588,-56.359641728389434,0.992560501330541,0.09708381646769444,156.48823864562803,346.7201134603375
1.1736,-1.7781129405698692,-7.834800697211555,-7.854584714755267,0.019784017543712527,0.11576260688929096,-0.11576260688929096,-56.34972043667243,0.9925515654040301,0.09736660842068763,156.65784300936247,347.3351265324455
1.1743999999999999,-1.7744308795476729,-7.84236467208419,-7.862161871017708,0.01979719893351731,0.11596464456891908,-0.11596464456891908,-56.33981065474758,0.992542615342831,0.09765048104138771,156.82811598931022,347.95189870119765
1.1752,-1.7707536093047378,-7.849938678214672,-7.8697490185478856,0.019810340333214143,0.11616689739128105,-0.11616689739128105,-56.329912381201616,0.9925336511189449,0.09793543943535467,156.9990613470855,348.57043835614456
1.176,-1.7670811244571194,-7.857522737041318,-7.87734617860821,0.019823441566891788,0.1163693653454061,-0.1163693653454061,-56.320025614675295,0.9925246727042983,0.09822148873720846,157.1706828720787,349.1907539396682
1.1768,-1.7634134196362383,-7.865116870080234,-7.884953372538234,0.01983650245800065,0.11657204841952762,-0.11657204841952762,-56.31015035386578,0.9925156800707368,0.09850863411089453,157.3429843817098,349.8128539473972
1.1776,-1.7597504894888514,-7.872721098925607,-7.892570621754958,0.019849522829350874,0.11677494660148113,-0.11677494660148113,-56.30028659752651,0.992506673190028,0.0987968807498313,157.51596972168218,350.4367469286251
1.1784,-1.7560923286770178,-7.880335445250061,-7.90019794775316,0.01986250250309885,0.11697805987842003,-0.11697805987842003,-56.29043434446801,0.9924976520338624,0.09908623387710669,157.6896427662408,351.06244148673517
1.1792,-1.7524389318780909,-7.8879599308049855,-7.907835372105749,0.019875441300764532,0.11718138823687241,-0.11718138823687241,-56.2805935935554,0.9924886165738511,0.09937669874568768,157.8640074184323,351.6899462796252
1.18,-1.7487902937846869,-7.89559457742085,-7.915482916464057,0.01988833904320642,0.11738493166262742,-0.11738493166262742,-56.270764343712386,0.9924795667815284,0.09966828063859166,158.03906761036822,352.3192700201396
1.1808,-1.7451464091046582,-7.903239407007565,-7.923140602558209,0.019901195550642743,0.11758869014124684,-0.11758869014124684,-56.260946593915804,0.9924705026283516,0.09996098486908378,158.21482730349112,352.95042147650463
1.1816,-1.7415072725610823,-7.910894441554815,-7.9308084521974385,0.019914010642624477,0.11779266365721242,-0.11779266365721242,-56.25114034320106,0.9924614240856993,0.10025481678090245,158.39129048884342,353.5834094727665
1.1824,-1.7378728788922349,-7.91855970313239,-7.938486487270415,0.01992678413802576,0.11799685219466483,-0.11799685219466483,-56.24134559066177,0.9924523311248727,0.10054978174843056,158.56846118733952,354.21824288923557
1.1832,-1.734243222851559,-7.926235213890534,-7.946174729745621,0.019939515855088116,0.11820125573706264,-0.11820125573706264,-56.231562335443996,0.9924432237170968,0.10084588517690236,158.74634345004037,354.8549306629343
1.184,-1.7306182992076518,-7.933920996060283,-7.953873201671639,0.019952205611356962,0.1184058742671823,-0.1184058742671823,-56.22179057675388,0.9924341018335199,0.1011431325025953,158.92494135843086,355.4934817880473
1.1848,-1.726998102744242,-7.941617071953831,-7.961581925177551,0.019964853223720106,0.11861070776728866,-0.11861070776728866,-56.21203031385203,0.9924249654452112,0.10144152919307203,159.10425902470155,356.13390531637924
1.1856,-1.7233826282601674,-7.949323463964846,-7.969300922473224,0.019977458508378846,0.11881575621885077,-0.11881575621885077,-56.202281546058245,0.9924158145231652,0.10174108074733483,159.28430059203245,356.77621035781385
1.1864,-1.7197718705693446,-7.9570401945688385,-7.977030215849706,0.019990021280867232,0.11902101960288292,-0.11902101960288292,-56.19254427274595,0.9924066490382994,0.10204179269605915,159.46507023487888,357.42040608078025
1.1872,-1.7161658245007572,-7.964767286323525,-7.984769827679549,0.020002541356023192,0.1192264978996036,-0.1192264978996036,-56.18281849335004,0.9923974689614546,0.10234367060179946,159.64657215926312,358.06650171272065
1.188,-1.7125644848984347,-7.97250476186915,-7.992519780417161,0.020015018548009692,0.11943219108877656,-0.11943219108877656,-56.1731042073574,0.9923882742633948,0.10264672005920412,159.82881060306696,358.7145065405649
1.1888,-1.7089678466214162,-7.980252643928875,-8.000280096599164,0.020027452670289728,0.11963809914925605,-0.11963809914925605,-56.163401414316326,0.9923790649148093,0.10295094669519714,160.01178983632863,359.3644299112094
1.1896,-1.705375904543751,-7.988010955309108,-8.008050798844739,0.020039843535630146,0.11984422205955525,-0.11984422205955525,-56.15371011382989,0.9923698408863095,0.1032563561692394,160.1955141615421,360.0162812319982
1.1904,-1.70178865355446,-7.995779718899881,-8.015831909855994,0.02005219095611322,0.12005055979727786,-0.12005055979727786,-56.144030305559994,0.9923606021484321,0.1035629541735001,160.37998791396134,360.67006997121246
1.1912,-1.6982060885575165,-8.003558957675207,-8.023623452418313,0.020064494743105815,0.12025711233957281,-0.12025711233957281,-56.134361989224246,0.992351348671638,0.10387074643309117,160.56521546190538,361.325805658562
1.192,-1.6946282044718342,-8.01134869469344,-8.031425449400723,0.02007675470728252,0.1204638796628501,-0.1204638796628501,-56.12470516459717,0.9923420804263117,0.10417973870628694,160.75120120707,361.9834978856821
1.1928,-1.691054996231237,-8.01914895309765,-8.039237923756238,0.020088970658589042,0.12067086174283759,-0.12067086174283759,-56.11505983151538,0.992332797382763,0.10448993678473589,160.93794958483954,362.64315630663526
1.1936,-1.6874864587844391,-8.02695975611597,-8.047060898522247,0.020101142406276865,0.12087805855463785,-0.12087805855463785,-56.10542598986723,0.9923234995112264,0.10480134649368116,161.12546506460427,363.3047906384183
1.1944,-1.683922587095036,-8.034781127061995,-8.054894396820869,0.020113269758872447,0.12108547007272819,-0.12108547007272819,-56.09580363960254,0.9923141867818599,0.10511397369220724,161.31375215008137,363.96841066147306
1.1952,-1.6803633761414585,-8.042613089335138,-8.062738441859311,0.02012535252417529,0.12129309627084695,-0.12129309627084695,-56.08619278072905,0.9923048591647478,0.10542782427342119,161.5028153796382,364.63402622020465
1.196,-1.6768088209169805,-8.05045566642099,-8.070593056930264,0.020137390509273337,0.12150093712216403,-0.12150093712216403,-56.076593413308316,0.9922955166298986,0.1057429041647158,161.6926593266199,365.30164722350133
1.1968,-1.673258916429674,-8.058308881891724,-8.078458265412237,0.02014938352051409,0.12170899259905354,-0.12170899259905354,-56.06700553746531,0.9922861591472467,0.10605921932797252,161.88328859968126,365.97128364526213
1.1976,-1.6697136577024128,-8.066172759406454,-8.086334090769974,0.02016133136352002,0.1219172626732643,-0.1219172626732643,-56.057429153378344,0.9922767866866506,0.10637677575982092,162.07470784312108,366.6429455249277
1.1984,-1.6661730397728287,-8.074047322711627,-8.094220556554795,0.020173233843167368,0.1221257473159767,-0.1221257473159767,-56.04786426128733,0.9922673992178952,0.10669557949184026,162.26692173722114,367.3166429680185
1.1992,-1.6626370576933032,-8.081932595641394,-8.102117686404993,0.020185090763599645,0.12233444649751846,-0.12233444649751846,-56.03831086148965,0.9922579967106906,0.10701563659080378,162.45993499858892,367.9923861466769
1.2,-1.6591057065309511,-8.089828602117997,-8.110025504046213,0.02019690192821603,0.12254336018770573,-0.12254336018770573,-56.02876895433874,0.992248579134672,0.10733695315892283,162.65375238050348,368.670185300213
1.2008,-1.6555789813675896,-8.097735366152168,-8.117944033291828,0.020208667139657962,0.12275248835544517,-0.12275248835544517,-56.01923854024963,0.9922391464594011,0.10765953533406969,162.84837867326664,369.35005073566043
1.2016,-1.6520568772997268,-8.105652911843503,-8.125873298043327,0.020220386199822547,0.12296183096924551,-0.12296183096924551,-56.00971961969303,0.992229698654365,0.10798338929002291,163.04381870455637,370.03199282833214
1.2024,-1.648539389438536,-8.113581263380855,-8.133813322290703,0.020232058909845255,0.12317138799664917,-0.12317138799664917,-56.00021219319986,0.9922202356889773,0.10830852123670645,163.24007733978564,370.716022022386
1.2032,-1.6450265129098465,-8.12152044504274,-8.141764130112843,0.020243685070101856,0.12338115940468697,-0.12338115940468697,-55.9907162613596,0.9922107575325761,0.1086349374204516,163.4371594824651,371.40214883139316
1.204,-1.6415182428541004,-8.129470481197718,-8.149725745677918,0.02025526448020069,0.12359114515959391,-0.12359114515959391,-55.98123182481986,0.992201264154429,0.10896264412417854,163.63507007456835,372.0903838389145
1.2048,-1.6380145744263677,-8.1374313963048,-8.157698193243778,0.02026679693897883,0.12380134522703656,-0.12380134522703656,-55.971758884288214,0.9921917555237254,0.10929164766774685,163.83381409690446,372.78073769907894
1.2056,-1.6345155027962965,-8.145403214913836,-8.165681497158339,0.02027828224450206,0.12401175957171517,-0.12401175957171517,-55.96229744053021,0.992182231609585,0.1096219544080988,164.0333965694911,373.47322113717325
1.2064,-1.6310210231481088,-8.153385961665935,-8.173675681859994,0.02028972019405913,0.12422238815793207,-0.12422238815793207,-55.95284749437006,0.992172692381052,0.10995357073956992,164.2338225519347,374.1678449502312
1.2072,-1.627531130680576,-8.161379661293859,-8.18168077187801,0.020301110584152085,0.1244332309490801,-0.1244332309490801,-55.94340904669189,0.9921631378070978,0.11028650309413152,164.43509714381392,374.8646200076345
1.208,-1.6240458206070063,-8.169384338622427,-8.189696791832922,0.020312453210496306,0.12464428790786997,-0.12464428790786997,-55.93398209843956,0.99215356785662,0.11062075794163825,164.6372254850675,375.56355725171454
1.2088,-1.6205650881552107,-8.17740001856894,-8.197723766436956,0.020323747868016606,0.12485555899638712,-0.12485555899638712,-55.92456665061532,0.9921439824984442,0.11095634179007559,164.84021275638634,376.26466769836503
1.2096,-1.617088928567506,-8.185426726143563,-8.205761720494406,0.020334994350843415,0.1250670441758075,-0.1250670441758075,-55.9151627042811,0.9921343817013222,0.11129326118583205,165.04406417961124,376.9679624376564
1.2104,-1.6136173371006803,-8.193464486449773,-8.213810678902078,0.02034619245230506,0.12527874340679546,-0.12527874340679546,-55.905770260558015,0.992124765433932,0.11163152271397413,165.24878501813356,377.67345263445884
1.2112,-1.6101503090259686,-8.201513324684754,-8.221870666649684,0.02035734196492969,0.1254906566491627,-0.1254906566491627,-55.896389320626255,0.992115133664881,0.11197113299845099,165.45438057730146,378.3811495290725
1.212,-1.6066878396290583,-8.209573266139824,-8.229941708820244,0.02036844268042025,0.1257027838620388,-0.1257027838620388,-55.88701988572925,0.9921054863627016,0.112312098702433,165.66085620483133,379.09106443785953
1.2128,-1.603229924210048,-8.217644336200852,-8.238023830590539,0.020379494389687166,0.1259151250038144,-0.1259151250038144,-55.87766195716555,0.9920958234958545,0.11265442652852857,165.8682172912232,379.8032087538882
1.2136,-1.5997765580834415,-8.225726560348678,-8.24611705723149,0.02039049688281376,0.1261276800320843,-0.1261276800320843,-55.86831553629527,0.9920861450327274,0.1129981232190701,166.07646927018047,380.5175939475793
1.2144,-1.596327736578119,-8.233819964159553,-8.254221414108606,0.020401449949054264,0.12634044890376117,-0.12634044890376117,-55.858980624540294,0.9920764509416367,0.11334319555637214,166.2856176190363,381.23423156736186
1.2152,-1.592883455037331,-8.24192457330556,-8.262336926682398,0.02041235337683961,0.1265534315750756,-0.1265534315750756,-55.84965722338122,0.9920667411908242,0.1136896503630305,166.49566785918304,381.95313324033276
1.216,-1.5894437088186695,-8.25004041355503,-8.270463620508803,0.02042320695377163,0.1267666280012918,-0.1267666280012918,-55.840345334357934,0.9920570157484624,0.11403749450215156,166.70662555650787,382.67431067292506
1.2168,-1.5860084932940557,-8.258167510773005,-8.278601521239622,0.020434010466617324,0.1269800381371624,-0.1269800381371624,-55.83104495907101,0.9920472745826492,0.11438673487768199,166.9184963218334,383.3977756515829
1.2176,-1.5825778038497247,-8.26630589092165,-8.286750654622935,0.020444763701283786,0.1271936619365306,-0.1271936619365306,-55.821756099185095,0.9920375176614113,0.11473737843465412,167.13128581136286,384.123540043442
1.2184,-1.5791516358862014,-8.274455580060703,-8.29491104650356,0.0204554664428567,0.1274074993526142,-0.1274074993526142,-55.8124787564195,0.9920277449527033,0.1150894321594799,167.34499972713144,384.85161579701867
1.2192,-1.5757299848182857,-8.282616604347906,-8.303082722823467,0.02046611847555994,0.1276215503377216,-0.1276215503377216,-55.803212932556335,0.9920179564244072,0.11544290308023483,167.55964381746202,385.58201494290483
1.22,-1.572312846075031,-8.290788990039463,-8.311265709622218,0.020476719582755543,0.1278358148434222,-0.1278358148434222,-55.79395862944065,0.9920081520443351,0.1157977982669141,167.77522387742587,386.3147495944701
1.2208,-1.5689002150997378,-8.298972763490479,-8.319460033037426,0.020487269546947563,0.128050292820717,-0.128050292820717,-55.78471584897705,0.9919983317802246,0.11615412483179065,167.9917457493114,387.04983194857147
1.2216,-1.5654920873499236,-8.3071679511554,-8.327665719305177,0.020497768149778196,0.12826498421947008,-0.12826498421947008,-55.77548459313025,0.9919884955997436,0.11651188992962822,168.209215323095,387.7872742862708
1.2224,-1.5620884582973078,-8.315374579588477,-8.335882794760494,0.020508215172016266,0.1284798889890908,-0.1284798889890908,-55.76626486392602,0.9919786434704883,0.11687110075801103,168.42763853691991,388.52708897355836
1.2232,-1.5586893234278043,-8.323592675444218,-8.34411128583778,0.020518610393564857,0.12869500707807902,-0.12869500707807902,-55.7570566634509,0.9919687753599821,0.11723176455765488,168.64702137757973,389.26928846208364
1.224,-1.5552946782414947,-8.331822265477841,-8.352351219071263,0.02052895359342096,0.1289103384341388,-0.1289103384341388,-55.74785999385489,0.9919588912356778,0.11759388861267177,168.86736988100742,390.0138852898959
1.2248,-1.5519045182526094,-8.340063376545734,-8.360602621095456,0.020539244549721593,0.12912588300412153,-0.12912588300412153,-55.73867485734823,0.9919489910649573,0.11795748025087997,169.0886901327717,390.7608920821909
1.2256,-1.5485188389895184,-8.348316035605915,-8.368865518645617,0.020549483039701503,0.1293416407343102,-0.1293416407343102,-55.72950125620169,0.9919390748151311,0.11832254684410692,169.31098826857666,391.51032155206326
1.2264,-1.5451376359947187,-8.356580269718497,-8.377139938558201,0.020559668839704663,0.1295576115699646,-0.1295576115699646,-55.72033919274762,0.9919291424534366,0.1186890958085262,169.53427047477115,392.2621865012714
1.2272,-1.541760904824794,-8.364856106046174,-8.38542590777134,0.02056980172516699,0.12977379545560552,-0.12977379545560552,-55.71118866938096,0.9919191939470426,0.1190571346048972,169.7585429888598,393.01649982100616
1.228,-1.5383886410504277,-8.373143571854653,-8.393723453325276,0.020579881470622067,0.129990192334958,-0.129990192334958,-55.70204968855941,0.9919092292630458,0.11942667073893184,169.9838121000237,393.7732744926687
1.2288000000000001,-1.5350208402563679,-8.381442694513169,-8.40203260236286,0.020589907849691544,0.1302068021510081,-0.1302068021510081,-55.69292225280047,0.9918992483684712,0.11979771176159303,170.21008414964618,394.53252358865785
1.2296,-1.5316574980414162,-8.38975350149492,-8.410353382130003,0.020599880635083192,0.13042362484583236,-0.13042362484583236,-55.68380636468386,0.9918892512302738,0.12017026526938918,170.43736553184388,395.2942602731629
1.2304,-1.5282986100184102,-8.398076020377584,-8.418685819976163,0.020609799598581276,0.13064066036071154,-0.13064066036071154,-55.674702026852955,0.9918792378153373,0.12054433890471775,170.66566269400644,396.0584978029679
1.2312,-1.5249441718142023,-8.406410278843778,-8.427029943354812,0.020619664511035002,0.13085790863613056,-0.13085790863613056,-55.66560924201294,0.9918692080904755,0.12091994035615328,170.89498213734024,396.82524952826225
1.232,-1.5215941790696648,-8.414756304681536,-8.435385779823918,0.020629475142381608,0.13107536961172173,-0.13107536961172173,-55.656528012929066,0.9918591620224297,0.12129707735881991,171.12533041742063,397.59452889345823
1.2328000000000001,-1.5182486274396396,-8.423114125784824,-8.443753357046422,0.020639231261598216,0.13129304322626467,-0.13129304322626467,-55.64745834243161,0.9918490995778722,0.12167575769466143,171.35671414475027,398.366349438023
1.2336,-1.5149075125929568,-8.431483770154001,-8.452132702790728,0.020648932636724973,0.13151092941780007,-0.13151092941780007,-55.63840023341437,0.9918390207234032,0.12205598919280702,171.58913998532356,399.1407247973106
1.2344,-1.511570830212388,-8.43986526589633,-8.460523844931185,0.020658579034855365,0.1317290281234591,-0.1317290281234591,-55.62935368883047,0.9918289254255545,0.12243777972986669,171.8226146611986,399.91766870341223
1.2352,-1.5082385759946602,-8.448258641226463,-8.468926811448602,0.02066817022214007,0.13194733927957714,-0.13194733927957714,-55.620318711696434,0.9918188136507842,0.12282113723032284,172.05714495107748,400.69719498600716
1.236,-1.5049107456504105,-8.45666392446695,-8.477341630430692,0.020677705963742722,0.1321658628215232,-0.1321658628215232,-55.61129530509579,0.9918086853654833,0.12320606966678274,172.2927376908894,401.4793175732279
1.2368000000000001,-1.5015873349041928,-8.465081144048728,-8.485768330072617,0.020687186023887975,0.13238459868392738,-0.13238459868392738,-55.602283472168644,0.9917985405359706,0.123592585060387,172.52939977438626,402.26405049253265
1.2376,-1.4982683394944554,-8.473510328511637,-8.49420693867745,0.02069661016581339,0.13260354680056707,-0.13260354680056707,-55.59328321612387,0.9917883791284947,0.12398069148112076,172.7671381537425,403.05140787158626
1.2384,-1.4949537551735257,-8.481951506504926,-8.502657484656709,0.02070597815178293,0.13282270710425337,-0.13282270710425337,-55.584294540230445,0.9917782011092342,0.12437039704816477,173.00595984016203,403.8414039391522
1.2392,-1.491643577707582,-8.490404706787759,-8.511119996530844,0.020715289743084963,0.13304207952711522,-0.13304207952711522,-55.575317447821384,0.991768006444298,0.12476170993022008,173.2458719044944,404.63405302599364
1.24,-1.48833780287667,-8.498869958229726,-8.519594502929738,0.02072454470001115,0.13326166400020156,-0.13326166400020156,-55.56635194229405,0.9917577950997231,0.12515463834591,173.4868814778573,405.42936956578137
1.2408000000000001,-1.4850364264746494,-8.507347289811381,-8.52808103259324,0.02073374278186025,0.13348146045382236,-0.13348146045382236,-55.55739802710854,0.9917475670414783,0.12554919056406522,173.72899575226674,406.2273680960171
1.2416,-1.4817394443092056,-8.515836730624718,-8.536579614371657,0.02074288374693811,0.1337014688173781,-0.1337014688173781,-55.54845570578789,0.9917373222354622,0.125945374904115,173.97222198127582,407.02806325895995
1.2424,-1.4784468522018268,-8.524338309873752,-8.54509027722629,0.020751967352536493,0.1339216890194166,-0.1339216890194166,-55.539524981920145,0.9917270606475019,0.126343199736462,174.21656748062148,407.83146980256794
1.2432,-1.4751586459877881,-8.532852056875003,-8.553613050229938,0.02076099335493501,0.13414212098746248,-0.13414212098746248,-55.530605859158314,0.9917167822433552,0.126742673482816,174.46203962887762,408.637602581447
1.244,-1.4718748215161326,-8.541378001058032,-8.562147962567439,0.02076996150940685,0.13436276464835828,-0.13436276464835828,-55.521698341216805,0.9917064869887112,0.1271438046165423,174.70864586811823,409.44647655781085
1.2448000000000001,-1.468595374649668,-8.549916171965991,-8.570695043536174,0.020778871570182236,0.13458361992792334,-0.13458361992792334,-55.512802431876466,0.9916961748491873,0.12754660166307935,174.9563937045886,410.25810680245155
1.2456,-1.4653203012649412,-8.558466599256137,-8.579254322546616,0.020787723290479183,0.13480468675101065,-0.13480468675101065,-55.503918134981845,0.9916858457903323,0.12795107320025884,175.20529070938312,411.0725084957192
1.2464,-1.462049597252232,-8.567029312700384,-8.587825829122865,0.02079651642248041,0.13502596504173425,-0.13502596504173425,-55.495045454439555,0.9916754997776239,0.12835722785871978,175.45534451913417,411.88969692851396
1.2472,-1.4587832585155238,-8.575604342185848,-8.596409592903159,0.02080525071731023,0.135247454723185,-0.135247454723185,-55.486184394224736,0.9916651367764727,0.12876507432222561,175.70656283670746,412.7096875032883
1.248,-1.4555212809725164,-8.584191717715388,-8.605005643640443,0.02081392592505379,0.1354691557174874,-0.1354691557174874,-55.47733495837533,0.991654756752216,0.12917462132813134,175.9589534319076,413.5324957350575
1.2488000000000001,-1.4522636605545816,-8.592791469408143,-8.613614011202895,0.020822541794753204,0.13569106794602703,-0.13569106794602703,-55.46849715099226,0.9916443596701243,0.1295858776676753,176.21252414219165,414.35813725242633
1.2496,-1.4490103932067733,-8.601403627500105,-8.622234725574474,0.02083109807437098,0.1359131913291094,-0.1359131913291094,-55.459670976243686,0.9916339454953962,0.12999885218643317,176.46728287339215,415.1866277986208
1.2504,-1.4457614748877914,-8.610028222344663,-8.630867816855467,0.0208395945108035,0.13613552578613053,-0.13613552578613053,-55.450856438363886,0.9916235141931632,0.13041355378464434,176.72323760044836,416.0179832325367
1.2512,-1.44251690156999,-8.618665284413163,-8.63951331526306,0.020848030849896358,0.13635807123563382,-0.13635807123563382,-55.4420535416478,0.9916130657284852,0.13082999141766433,176.9803963681492,416.85221952979555
1.252,-1.4392766692393484,-8.627314844295476,-8.64817125113186,0.02085640683638281,0.1365808275950826,-0.1365808275950826,-55.43326229046056,0.9916026000663533,0.13124817409632142,177.2387672918822,417.6893527838133
1.2528000000000001,-1.4360407738954575,-8.63597693270055,-8.656841654914494,0.02086472221394342,0.13680379478108762,-0.13680379478108762,-55.42448268922815,0.9915921171716895,0.13166811088731686,177.49835855839476,418.52939920688254
1.2536,-1.432809211551524,-8.644651580456996,-8.665524557182136,0.02087297672514057,0.13702697270935005,-0.13702697270935005,-55.41571474244604,0.9915816170093446,0.1320898109136618,177.7591784265638,419.37237513126195
1.2544,-1.429581978234328,-8.653338818513648,-8.674219988625095,0.02088117011144547,0.13725036129449109,-0.13725036129449109,-55.40695845467296,0.9915710995441023,0.13251328335501453,178.0212352281753,420.2182970102844
1.2552,-1.4263590699842332,-8.662038677940155,-8.68292798005338,0.020889302113224588,0.13747396045016558,-0.13747396045016558,-55.3982138305339,0.9915605647406751,0.13293853744816153,178.2845373687144,421.0671814194704
1.256,-1.423140482855163,-8.670751189927534,-8.691648562397269,0.02089737246973586,0.1376977700892894,-0.1376977700892894,-55.389480874719446,0.991550012563707,0.13336558248737657,178.5490933281648,421.9190450576578
1.2568000000000001,-1.4199262129145886,-8.679476385788782,-8.700381766707892,0.020905380919109397,0.1379217901235279,-0.1379217901235279,-55.38075959198629,0.9915394429777723,0.1337944278248595,178.8149116618194,422.7739047481442
1.2576,-1.416716256243518,-8.68821429695945,-8.709127624157794,0.02091332719834555,0.13814602046369373,-0.13814602046369373,-55.372049987159016,0.9915288559473759,0.1342250828711507,179.08200100110022,423.63177743983834
1.2584,-1.413510608936477,-8.69696495499822,-8.71788616604156,0.020921211043339934,0.13837046101969008,-0.13837046101969008,-55.36335206512391,0.9915182514369538,0.13465755709554444,179.35037005438994,424.49268020842953
1.2591999999999999,-1.4103092671015047,-8.705728391587535,-8.726657423776341,0.020929032188804503,0.13859511170016958,-0.13859511170016958,-55.354665830838385,0.991507629410872,0.13509186002653029,179.62002760787357,425.356630257564
1.26,-1.407112226860132,-8.714504638534159,-8.735441428902503,0.020936790368342582,0.13881997241310273,-0.13881997241310273,-55.345991289324026,0.9914969898334278,0.1355280012522026,179.89098252639133,426.2236449200401
1.2608000000000001,-1.4039194843473792,-8.723293727769798,-8.744238213084186,0.020944485314387286,0.13904504306526633,-0.13904504306526633,-55.33732844566836,0.9914863326688486,0.13596599042071747,180.16324375430244,427.0937416590124
1.2616,-1.4007310357117304,-8.732095691351704,-8.753047808109912,0.02095211675820727,0.13927032356247082,-0.13927032356247082,-55.32867730502776,0.9914756578812932,0.13640583724069238,180.4368203163594,427.96693806921127
1.2624,-1.3975468771151291,-8.74091056146328,-8.761870245893192,0.020959684429914437,0.13949581380956033,-0.13949581380956033,-55.320037872623516,0.9914649654348505,0.13684755148168765,180.71172131859586,428.84325187817655
1.2631999999999999,-1.3943670047329615,-8.74973837041469,-8.77070555847313,0.02096718805843886,0.13972151371029895,-0.13972151371029895,-55.31141015374434,0.9914542552935415,0.13729114297460382,180.98795594922282,429.7227009475033
1.264,-1.3911914147540512,-8.758579150643497,-8.779553778015025,0.02097462737152883,0.13994742316748443,-0.13994742316748443,-55.30279415374668,0.9914435274213156,0.1377366216121887,181.26553347954035,430.6053032741021
1.2648000000000001,-1.3880201033806328,-8.767432934715242,-8.788414936810993,0.020982002095750782,0.14017354208277766,-0.14017354208277766,-55.29418987805295,0.9914327817820561,0.138183997349409,181.54446326485672,431.49107699147413
1.2656,-1.3848530668283616,-8.776299755324109,-8.797289067280571,0.0209893119564624,0.14039987035698687,-0.14039987035698687,-55.28559733215383,0.9914220183395737,0.13863328020400095,181.8247547454245,432.3800403709991
1.2664,-1.3816903013262722,-8.78517964529353,-8.806176201971361,0.020996556677829854,0.14062640788972658,-0.14062640788972658,-55.27701652160761,0.9914112370576127,0.1390844802568263,182.1064174473847,433.2722118232419
1.2671999999999999,-1.3785318031167932,-8.794072637576827,-8.815076373559629,0.021003735982802838,0.1408531545795313,-0.1408531545795313,-55.26844745203875,0.9914004378998469,0.13953760765241466,182.3894609837266,434.1676098992661
1.268,-1.3753775684557183,-8.802978765257844,-8.823989614850953,0.021010849593108737,0.14108011032408285,-0.14108011032408285,-55.25989012914007,0.9913896208298814,0.13999267259938664,182.67389505525796,435.0662532919708
1.2688000000000001,-1.3722275936122028,-8.811898061551588,-8.832915958780843,0.021017897229256476,0.14130727501981255,-0.14130727501981255,-55.2513445586728,0.9913787858112515,0.14044968537094615,182.95972945158877,435.9681608374361
1.2696,-1.369081874868746,-8.820830559804866,-8.84185543841538,0.02102487861051341,0.14153464856218534,-0.14153464856218534,-55.242810746465764,0.9913679328074243,0.14090865630532975,183.24697405212885,436.87335151628747
1.2704,-1.365940408521187,-8.82977629349695,-8.850808086951861,0.021031793454911085,0.1417622308455293,-0.1417622308455293,-55.23428869841577,0.9913570617817964,0.14136959580632127,183.53563882709813,437.78184445507543
1.2711999999999999,-1.3628031908786797,-8.838735296240209,-8.859773937719439,0.02103864147923176,0.14199002176314934,-0.14199002176314934,-55.22577842048646,0.9913461726976971,0.1418325143436836,183.82573383854907,438.693658927669
1.272,-1.3596702182636942,-8.847707601780781,-8.868753024179783,0.021045422399000667,0.1422180212072135,-0.1422180212072135,-55.21727991871188,0.9913352655183849,0.14229742245369367,184.1172692414058,439.60881435666556
1.2728,-1.3565414870120036,-8.856693243999226,-8.877745379927704,0.021052135928478346,0.14244622906880977,-0.14244622906880977,-55.20879319919285,0.9913243402070497,0.14276433073960762,184.41025528451334,440.527330314818
1.2736,-1.35341699347266,-8.86569225691119,-8.886751038691843,0.021058781780650942,0.142674645238003,-0.142674645238003,-55.200318268099444,0.9913133967268128,0.1432332498721507,184.70470231170424,441.4492265264786
1.2744,-1.3502967340080019,-8.874704674668072,-8.895770034335301,0.021065359667228327,0.14290326960372113,-0.14290326960372113,-55.191855131669854,0.9913024350407256,0.14370419059003142,185.00062076287702,442.37452286905506
1.2752,-1.3471807049936249,-8.8837305315577,-8.904802400856333,0.021071869298632508,0.14313210205364157,-0.14313210205364157,-55.18340379621129,0.9912914551117707,0.1441771637004311,185.29802117509124,443.30323937449015
1.276,-1.3440689028183848,-8.892769862005023,-8.913848172389002,0.02107831038397836,0.1433611424745891,-0.1433611424745891,-55.174964268100695,0.9912804569028613,0.1446521800795262,185.59691418367524,444.2353962307523
1.2768,-1.3409613238843772,-8.901822700572753,-8.922907383203851,0.021084682631096724,0.14359039075196733,-0.14359039075196733,-55.16653655378149,0.9912694403768415,0.14512925067298008,185.8973105233499,445.1710137833462
1.2776,-1.3378579646069304,-8.910889081962093,-8.93198006770858,0.021090985746486268,0.14381984677032733,-0.14381984677032733,-55.15812065976972,0.9912584054964864,0.145608386496473,186.19922102936863,446.11011253684046
1.2784,-1.3347588214145933,-8.919969041013399,-8.94106626044874,0.02109721943534041,0.14404951041285585,-0.14404951041285585,-55.149716592646726,0.9912473522245016,0.14608959863621485,186.50265663867006,447.0527131564132
1.2792,-1.3316638907491236,-8.929062612706888,-8.9501659961084,0.021103383401510745,0.14427938156177333,-0.14427938156177333,-55.1413243590663,0.991236280523524,0.14657289824946973,186.8076283910491,447.99883646941447
1.28,-1.3285731690654756,-8.93816983216334,-8.959279309510862,0.021109477347522415,0.14450946009799281,-0.14450946009799281,-55.13294396574998,0.9912251903561212,0.14705829656508634,187.11414743034254,448.9485034669474
1.2808,-1.3254866528317988,-8.947290734644778,-8.968406235619325,0.021115500974549086,0.14473974590140415,-0.14473974590140415,-55.12457541948969,0.9912140816847913,0.14754580488403696,187.42222500563088,449.90173530546815
1.2816,-1.322404338529416,-8.956425355555206,-8.977546809537623,0.02112145398241868,0.14497023885064664,-0.14497023885064664,-55.116218727145636,0.9912029544719623,0.14803543457996515,187.73187247245767,450.85855330840303
1.2824,-1.3193262226528144,-8.965573730441301,-8.986701066510879,0.021127336069578763,0.1452009388232227,-0.1452009388232227,-55.10787389564993,0.9911918086799953,0.1485271970996707,188.04310129406252,451.8189789677869
1.2832,-1.3162523017096404,-8.974735894993142,-8.995869041926262,0.021133146933121485,0.14543184569549794,-0.14543184569549794,-55.09954093200318,0.9911806442711802,0.14902110396373922,188.3559230426363,452.7830339459187
1.284,-1.313182572220686,-8.983911885044918,-9.00505077131368,0.021138886268764367,0.14566295934247364,-0.14566295934247364,-55.091219843275105,0.9911694612077381,0.149517166767042,188.6703494005875,453.75074007703546
1.2848,-1.31011703071988,-8.993101736575667,-9.014246290346481,0.02114455377081177,0.14589427963824164,-0.14589427963824164,-55.08291063660852,0.9911582594518206,0.15001539717930776,188.98639216183105,454.72211936900936
1.2856,-1.3070556737542716,-9.002305485710005,-9.0234556348422,0.021150149132193374,0.14612580645541584,-0.14612580645541584,-55.0746133192133,0.9911470389655108,0.1505158069456677,189.30406323309205,455.69719400506244
1.2864,-1.3039984978840315,-9.011523168718847,-9.032678840763275,0.021155672044427594,0.14635753966558696,-0.14635753966558696,-55.06632789837197,0.9911357997108218,0.1510184078872542,189.62337463522758,456.6759863454991
1.2872,-1.3009454996824301,-9.020754822020166,-9.041915944217779,0.02116112219761192,0.1465894791390383,-0.1465894791390383,-55.05805438143551,0.9911245416496974,0.15152321190173976,189.94433850456937,457.658518929466
1.288,-1.297896675735835,-9.03000048217973,-9.051166981460156,0.021166499280424862,0.1468216247448595,-0.1468216247448595,-55.04979277582672,0.9911132647440121,0.1520302309639385,190.26696709428197,458.64481447672466
1.2888,-1.2948520226437001,-9.039260185911845,-9.060431988891953,0.02117180298010665,0.1470539763509464,-0.1470539763509464,-55.04154308903965,0.9911019689555709,0.15253947712636587,190.59127277574117,459.6348958894499
1.2896,-1.2918115370185497,-9.048533970080122,-9.069711003062595,0.021177032982472692,0.14728653382383072,-0.14728653382383072,-55.03330532863614,0.9910906542461095,0.15305096251983547,190.91726803993285,460.6287862540496
1.2904,-1.288775215485979,-9.057821871698229,-9.079004060670085,0.021182188971855847,0.1475192970290209,-0.1475192970290209,-55.02507950225404,0.9910793205772944,0.15356469935405123,191.24496549886865,461.6265088430018
1.2912,-1.2857430546846342,-9.067123927930659,-9.088311198561811,0.021187270631152562,0.14775226583049061,-0.14775226583049061,-55.01686561759719,0.991067967910722,0.15408069991820061,191.5743778870243,462.62808711672034
1.292,-1.2827150512662124,-9.076440176093488,-9.09763245373528,0.021192277641790134,0.14798544009124726,-0.14798544009124726,-55.00866368244206,0.9910565962079194,0.1545989765815635,191.90551806279638,463.63354472543665
1.2928,-1.2796912018954378,-9.08577065365517,-9.106967863338868,0.02119720968369978,0.14821881967270656,-0.14821881967270656,-55.000473704638026,0.9910452054303455,0.1551195417940808,192.23839900997922,464.6429055111071
1.2936,-1.2766715032500762,-9.095115398237297,-9.116317464672633,0.02120206643533582,0.14845240443531793,-0.14845240443531793,-54.99229569210393,0.9910337955393865,0.1556424080870541,192.57303383926478,465.6561935093414
1.2944,-1.2736559520208983,-9.104474447615393,-9.125681295189045,0.021206847573650676,0.14868619423805285,-0.14868619423805285,-54.98412965283077,0.991022366496362,0.1561675880736566,192.9094357897617,466.67343295135663
1.2952,-1.2706445449116854,-9.113847839719707,-9.135059392493794,0.02121155277408713,0.14892018893863224,-0.14892018893863224,-54.975975594881106,0.9910109182625214,0.156695094449615,193.2476182305358,467.69464826595333
1.296,-1.2676372786392238,-9.123235612635995,-9.144451794346566,0.021216181710570593,0.14915438839352646,-0.14915438839352646,-54.96783352638894,0.9909994507990428,0.1572249399938509,193.58759466217526,468.7198640815129
1.2968,-1.2646341499332845,-9.13263780460632,-9.153858538661828,0.021220734055507194,0.1493887924577848,-0.1493887924577848,-54.95970345555864,0.9909879640670367,0.157757137569064,193.92937871837293,469.74910522802315
1.2976,-1.2616351555366192,-9.142054454029884,-9.163279663509638,0.021225209479752934,0.14962340098531968,-0.14962340098531968,-54.95158539066878,0.9909764580275423,0.15829170012241411,194.27298416753698,470.78239673912685
1.2984,-1.2586402922049555,-9.1514855994638,-9.172715207116424,0.02122960765262139,0.14985821382845188,-0.14985821382845188,-54.943479340068954,0.99096493264153,0.15882864068614308,194.6184249144194,471.81976385419273
1.2992,-1.2556495567069805,-9.160931279623936,-9.18216520786581,0.021233928241872112,0.15009323083847903,-0.15009323083847903,-54.93538531217901,0.9909533878698997,0.1593679723782357,194.96571500177222,472.86123202041506
1.3,-1.2526629458243377,-9.170391533385727,-9.191629704299416,0.02123817091368947,0.15032845186505028,-0.15032845186505028,-54.92730331549397,0.9909418236734817,0.15990970840307625,195.31486861202382,473.9068268949373
1.3008,-1.249680456351612,-9.179866399784991,-9.201108735117678,0.021242335332686435,0.15056387675667793,-0.15056387675667793,-54.919233358579014,0.9909302400130372,0.16045386205208692,195.66590006898113,474.95657434699933
1.3016,-1.2467020850963302,-9.189355918018778,-9.210602339180664,0.021246421161887276,0.15079950536045317,-0.15079950536045317,-54.91117545007115,0.9909186368492562,0.1610004467044327,196.01882383955697,476.01050046011494
1.3024,-1.2437278288789457,-9.198860127446194,-9.220110555508903,0.02125042806270827,0.15103533752204612,-0.15103533752204612,-54.90312959868191,0.9909070141427592,0.16154947582767265,196.37365453552033,477.0686315342723
1.3032,-1.2407576845328305,-9.208379067589252,-9.229633423284229,0.02125435569497501,0.1512713730858195,-0.1512713730858195,-54.89509581319298,0.990895371854097,0.1621009629784334,196.730406915274,478.13099408816436
1.304,-1.2377916489042664,-9.217912778133723,-9.23917098185061,0.02125820371688386,0.1515076118946581,-0.1515076118946581,-54.88707410245914,0.9908837099437503,0.16265492180311247,197.08909588565587,479.1976148614432
1.3048,-1.2348297188524444,-9.22746129892998,-9.248723270714972,0.021261971784992367,0.15174405379019618,-0.15174405379019618,-54.87906447540918,0.9908720283721288,0.16321136603856462,197.44973650376858,480.2685208170042
1.3056,-1.2318718912494429,-9.237024669993861,-9.258290329548085,0.021265659554223028,0.15198069861253316,-0.15198069861253316,-54.87106694104445,0.9908603270995736,0.1637703095127788,197.81234397883432,481.3437391432995
1.3064,-1.2289181629802335,-9.246602931507532,-9.267872198185392,0.02126926667786136,0.1522175462002906,-0.1522175462002906,-54.86308150843652,0.9908486060863542,0.164331766145613,198.1769336740773,482.42329725667554
1.3072,-1.2259685309426605,-9.256196123820379,-9.277468916627885,0.021272792807507775,0.15245459639095316,-0.15245459639095316,-54.8551081867329,0.9908368652926705,0.16489574994948503,198.54352110863275,483.5072228037444
1.308,-1.2230229920474396,-9.265804287449845,-9.287080525042953,0.021276237593108323,0.1526918490201865,-0.1526918490201865,-54.84714698515174,0.9908251046786523,0.16546227503008054,198.91212195948606,484.5955436637815
1.3088,-1.2200815432181535,-9.275427463082352,-9.296707063765268,0.02127960068291621,0.1529293039225763,-0.1529293039225763,-54.83919791298539,0.9908133242043583,0.16603135558711063,199.28275206343775,485.68828795115314
1.3096,-1.2171441813912345,-9.285065691574177,-9.306348573297655,0.021282881723476338,0.1531669609310029,-0.1531669609310029,-54.831260979601126,0.9908015238297777,0.16660300591499555,199.65542741909925,486.78548401777516
1.3104,-1.2142109035159647,-9.294719013952319,-9.31600509431198,0.021286080359661858,0.1534048198769824,-0.1534048198769824,-54.823336194434276,0.9907897035148289,0.16717724040363038,200.03016418891744,487.8871604556017
1.3112,-1.2112817065544672,-9.304387471415453,-9.325676667650038,0.02128919623458563,0.15364288059049613,-0.15364288059049613,-54.81542356699919,0.9907778632193589,0.1677540735391287,200.40697870122904,488.9933460991443
1.312,-1.2083565874816866,-9.314071105334788,-9.335363334324455,0.021292228989667525,0.15388114290021804,-0.15388114290021804,-54.80752310687915,0.9907660029031458,0.16833351990453493,200.78588745234543,490.10407002802566
1.3128,-1.2054355432854056,-9.323769957255006,-9.345065135519572,0.021295178264567068,0.1541196066330599,-0.1541196066330599,-54.79963482373343,0.9907541225258958,0.16891559418063082,201.16690710866882,491.21936156955746
1.3136,-1.2025185709662147,-9.333484068895178,-9.354782112592364,0.02129804369718725,0.15435827161468296,-0.15435827161468296,-54.791758727294344,0.9907422220472446,0.1695003111466577,201.55005450883934,492.3392503013609
1.3144,-1.1996056675375146,-9.34321348214967,-9.364514307073353,0.021300824923684104,0.15459713766904315,-0.15459713766904315,-54.783894827366765,0.990730301426758,0.17008768568109472,201.935346665914,493.4637660540115
1.3152,-1.1966968300255076,-9.352958239089107,-9.374261760667533,0.021303521578426292,0.15483620461873215,-0.15483620461873215,-54.776043133829624,0.9907183606239304,0.17067773276244233,202.32280076957974,494.5929389137225
1.316,-1.193792055469194,-9.362718381961287,-9.384024515255279,0.021306133293993116,0.1550754722846932,-0.1550754722846932,-54.768203656636025,0.9907063995981846,0.17127046747001193,202.71243418839805,495.7267992250588
1.3168,-1.1908913409203539,-9.372493953192121,-9.393802612893298,0.02130865970117645,0.1553149404863916,-0.1553149404863916,-54.760376405811456,0.9906944183088748,0.1718659049846699,203.10426447208224,496.86537759368656
1.3176,-1.187994683443559,-9.382284995386605,-9.403596095815548,0.021311100428944123,0.1555546090416442,-0.1555546090416442,-54.752561391456844,0.9906824167152811,0.17246406058971514,203.49830935381365,498.0087048891577
1.3184,-1.185102080116147,-9.392091551329756,-9.413405006434202,0.021313455104445662,0.15579447776684674,-0.15579447776684674,-54.744758623745454,0.9906703947766149,0.17306494967159827,203.89458675258638,499.15681224772834
1.3192,-1.1822135280282193,-9.401913663987596,-9.423229387340587,0.021315723352993025,0.15603454647674653,-0.15603454647674653,-54.736968112925375,0.9906583524520156,0.1736685877207787,204.29311477559233,500.3097310752157
1.32,-1.1793290242826473,-9.411751376508093,-9.433069281306143,0.021317904798049014,0.15627481498449924,-0.15627481498449924,-54.72918986931835,0.9906462897005512,0.174274990332546,204.69391172064104,501.46749304988793
1.3208,-1.1764485659950412,-9.421604732222159,-9.442924731283384,0.02131999906122533,0.1565152831016121,-0.1565152831016121,-54.72142390331885,0.9906342064812199,0.17488417320780125,205.09699607861398,502.6301301253931
1.3216,-1.1735721502937688,-9.43147377464464,-9.452795780406877,0.021322005762236338,0.15675595063805758,-0.15675595063805758,-54.71367022539819,0.9906221027529467,0.1754961521539521,205.50238653596134,503.79767453372426
1.3224,-1.170699774319934,-9.441358547475275,-9.462682471994215,0.021323924518939465,0.15699681740227334,-0.15699681740227334,-54.705928846098494,0.9906099784745864,0.17611094308570963,205.9101019772302,504.97015878822305
1.3232,-1.16783143522737,-9.451259094599727,-9.472584849547,0.021325754947273578,0.15723788320087806,-0.15723788320087806,-54.69819977603754,0.9905978336049219,0.17672856202594817,206.3201614876371,506.1476156866224
1.324,-1.164967130182641,-9.461175460090557,-9.482502956751832,0.021327496661274342,0.15747914783889883,-0.15747914783889883,-54.69048302590728,0.990585668102665,0.17734902510656209,206.7325843556773,507.3300783141266
1.3248,-1.1621068563650288,-9.471107688208251,-9.4924368374813,0.021329149273049165,0.15772061111988478,-0.15772061111988478,-54.682778606473555,0.9905734819264556,0.1779723485693238,207.14739007577404,508.5175800465317
1.3256000000000001,-1.1592506109665306,-9.481055823402244,-9.502386535795003,0.021330712392757946,0.1579622728454524,-0.1579622728454524,-54.675086528577175,0.9905612750348618,0.17859854876676853,207.5645983509699,509.71015455338755
1.3264,-1.156398391191847,-9.491019910311904,-9.512352095940548,0.021332185628643786,0.1582041328157402,-0.1582041328157402,-54.66740680313022,0.9905490473863812,0.17922764216304288,207.9842290956576,510.9078358011981
1.3272,-1.1535501942583886,-9.500999993767627,-9.522333562354575,0.021333568586948317,0.15844619082918143,-0.15844619082918143,-54.6597394411217,0.9905367989394372,0.17985964533485108,208.40630243835588,512.1106580566639
1.328,-1.1507060173962527,-9.510996118791818,-9.532330979663767,0.021334860871950138,0.1586884466823335,-0.1586884466823335,-54.65208445361485,0.9905245296523837,0.18049457497227916,208.83083872452607,513.3186558899699
1.3288,-1.147865857848228,-9.52100833059996,-9.5423443926859,0.02133606208593977,0.15893090017033273,-0.15893090017033273,-54.64444185174553,0.9905122394835018,0.18113244787973232,209.2578585194322,514.531864178109
1.3296000000000001,-1.14502971286979,-9.531036674601678,-9.552373846430877,0.02133717182919843,0.15917355108626907,-0.15917355108626907,-54.636811646724894,0.9904999283909998,0.1817732809768675,209.68738261104826,515.7503181082558
1.3304,-1.142197579729087,-9.541081196401768,-9.562419386101759,0.021338189699990334,0.1594163992218114,-0.1594163992218114,-54.62919384983798,0.9904875963330153,0.18241709129946496,210.11943201300758,516.9740531811798
1.3312,-1.1393694557069456,-9.551141941801294,-9.572481057095839,0.021339115294543368,0.15965944436663904,-0.15965944436663904,-54.62158847244429,0.9904752432676125,0.18306389600040274,210.5540279676018,518.2031052147049
1.332,-1.1365453380968469,-9.56121895679865,-9.582558905005698,0.02133994820704716,0.1599026863087829,-0.1599026863087829,-54.61399552597744,0.9904628691527848,0.18371371235054562,210.99119194882266,519.4375103472167
1.3328,-1.1337252242049454,-9.57131228759063,-9.59265297562026,0.021340688029629948,0.1601461248344549,-0.1601461248344549,-54.606415021944485,0.9904504739464515,0.1843665577397513,211.43094566545508,520.677305041207
1.3336000000000001,-1.1309091113500425,-9.58142198057354,-9.602763314925879,0.021341334352339272,0.16038975972810476,-0.16038975972810476,-54.598846971927806,0.9904380576064606,0.18502244967776083,211.87331106421857,521.9225260868773
1.3344,-1.1280969968635914,-9.591548082344287,-9.612889969107417,0.02134188676313042,0.1606335907725338,-0.1606335907725338,-54.59129138758407,0.9904256200905877,0.18568140579520484,212.31831033295532,523.1732106057776
1.3352,-1.1252888780896875,-9.60169063970147,-9.623032984549342,0.021342344847872122,0.16087761774838327,-0.16087761774838327,-54.583748280642965,0.9904131613565352,0.18634344384454885,212.76596590387285,524.4293960545045
1.336,-1.1224847523850692,-9.611849699646516,-9.633192407836813,0.021342708190298442,0.16112184043475963,-0.16112184043475963,-54.57621766290953,0.9904006813619328,0.18700858170110607,213.21630045683554,525.6911202284371
1.3368,-1.1196846171191028,-9.622025309384775,-9.643368285756791,0.021342976372016403,0.1613662586088367,-0.1613662586088367,-54.56869954626201,0.9903881800643383,0.1876768373639775,213.66933692270695,526.9584212655299
1.3376000000000001,-1.1168884696737833,-9.632217516326675,-9.653560665299164,0.021343148972490567,0.1616108720460261,-0.1616108720460261,-54.56119394265342,0.9903756574212363,0.18834822895708594,214.125098486751,528.2313376501556
1.3384,-1.1140963074437333,-9.642426368088826,-9.663769593657847,0.021343225569019894,0.16185568051969312,-0.16185568051969312,-54.55370086410953,0.9903631133900386,0.18902277473018272,214.58360859208153,529.509908216993
1.3392,-1.1113081278361925,-9.652651912495195,-9.673995118231922,0.02134320573672615,0.16210068380144094,-0.16210068380144094,-54.54622032273227,0.9903505479280827,0.18970049305986555,215.04489094317037,530.794172154973
1.34,-1.1085239282710102,-9.66289419757825,-9.684237286626779,0.021343089048528854,0.16234588166099684,-0.16234588166099684,-54.53875233069692,0.9903379609926347,0.19038140245057927,215.50896950941083,532.0841690112758
1.3408,-1.1057437061806414,-9.673153271580093,-9.694496146655254,0.021342875075160625,0.16259127386615546,-0.16259127386615546,-54.531296900249856,0.9903253525408877,0.19106552153565684,215.97586852873718,533.3799386953787
1.3416000000000001,-1.1029674590101575,-9.68342918295367,-9.704771746338782,0.02134256338511133,0.1628368601828356,-0.1628368601828356,-54.52385404371655,0.9903127225299589,0.19175286907842495,216.4456125113072,534.6815214831598
1.3424,-1.100195184217214,-9.693721980363911,-9.715064133908554,0.02134215354464343,0.16308264037490972,-0.16308264037490972,-54.516423773491084,0.9903000709168959,0.1924434639731494,216.91822624323703,535.9889580210587
1.3432,-1.0974268792720696,-9.704031712688943,-9.725373357806701,0.021341645117757307,0.16332861420443123,-0.16332861420443123,-54.509006102045106,0.9902873976586697,0.1931373252462075,217.39373479040336,537.3022893302904
1.344,-1.0946625416575655,-9.714358429021267,-9.735699466687459,0.02134103766619121,0.16357478143140725,-0.16357478143140725,-54.501601041921376,0.9902747027121797,0.19383447205708665,217.87216350230264,538.6215568111162
1.3448,-1.091902168869137,-9.724702178668965,-9.74604250941835,0.021340330749384653,0.163821141813969,-0.163821141813969,-54.49420860573805,0.9902619860342503,0.1945349236995227,218.35353801597606,539.9468022471726
1.3456000000000001,-1.0891457584147908,-9.735063011156905,-9.756402535081396,0.02133952392449181,0.16406769510808772,-0.16406769510808772,-54.48682880618609,0.9902492475816335,0.19523869960254486,218.83788425999714,541.2780678098613
1.3464,-1.0863933078151156,-9.74544097622796,-9.766779592974292,0.02133861674633148,0.16431444106785875,-0.16431444106785875,-54.47946165602949,0.9902364873110066,0.19594581933161825,219.32522845852432,542.615396062793
1.3472,-1.0836448146032702,-9.755836123844247,-9.777173732611645,0.021337608767398545,0.16456137944538796,-0.16456137944538796,-54.47210716810643,0.990223705178973,0.19665630258975142,219.8155971354219,543.9588299662972
1.348,-1.0809002763249762,-9.766248504188356,-9.787585003726187,0.021336499537831226,0.16480850999062113,-0.16480850999062113,-54.46476535532753,0.9902109011420631,0.19737016921859368,220.30901711844592,545.3084128819908
1.3488,-1.0781596905385298,-9.776678167664581,-9.798013456269985,0.021335288605401403,0.1650558324515714,-0.1650558324515714,-54.457436230676876,0.9901980751567316,0.19808743919962685,220.8055155435023,546.6641885774058
1.3496000000000001,-1.0754230548147796,-9.787125164900202,-9.8084591404157,0.02133397551549726,0.1653033465741487,-0.1653033465741487,-54.450119807211415,0.9901852271793599,0.1988081326552646,221.30511985897164,548.0262012306878
1.3504,-1.072690366737127,-9.79758954674672,-9.818922106557817,0.021332559811098186,0.1655510521021597,-0.1655510521021597,-54.44281609806218,0.9901723571662557,0.1995322698499984,221.80785783010847,549.3944954353517
1.3512,-1.0699616239015328,-9.80807136428115,-9.829402405313916,0.021331041032767062,0.16579894877730794,-0.16579894877730794,-54.43552511643194,0.9901594650736507,0.20025987119164437,222.3137575435136,550.7691162051058
1.352,-1.0672368239164982,-9.818570668807286,-9.83990008752593,0.02132941871864441,0.16604703633925055,-0.16604703633925055,-54.42824687559473,0.9901465508577035,0.20099095723242202,222.82284741167817,552.1501089787419
1.3528,-1.0645159644030753,-9.829087511857002,-9.850415204261395,0.02132769240439255,0.16629531452542778,-0.16629531452542778,-54.420981388899996,0.9901336144744975,0.20172554867021938,223.33515617760648,553.5375196250905
1.3536000000000001,-1.0617990429948476,-9.839621945191558,-9.860947806814778,0.021325861623220546,0.16654378307111983,-0.16654378307111983,-54.41372866976746,0.9901206558800419,0.2024636663497459,223.85071291951442,554.9313944480491
1.3544,-1.0590860573379433,-9.850174020802877,-9.871497946708716,0.021323925905839914,0.16679244170967422,-0.16679244170967422,-54.40648873169067,0.9901076750302709,0.20320533126378157,224.36954705560683,556.3317801916738
1.3552,-1.0563770050910222,-9.860743790914901,-9.882065675695365,0.021321884780464533,0.1670412901719942,-0.1670412901719942,-54.39926158823346,0.9900946718810425,0.2039505645543938,224.89168834893763,557.7387240453465
1.356,-1.05367188392527,-9.871331307984907,-9.89265104575767,0.021319737772764448,0.16729032818687983,-0.16729032818687983,-54.39204725303334,0.9900816463881419,0.20469938751413955,225.41716691234686,559.152273649011
1.3568,-1.0509706915244035,-9.88193662470482,-9.903254109110712,0.02131748440589271,0.1675395554809711,-0.1675395554809711,-54.38484573979824,0.9900685985072775,0.2054518215873618,225.94601321348532,560.5724770984815
1.3576000000000001,-1.0482734255846589,-9.892559794002604,-9.913874918203028,0.021315124200421854,0.16778897177857743,-0.16778897177857743,-54.37765706230748,0.9900555281940834,0.20620788837141,226.4782580799242,561.999382950829
1.3584,-1.0455800838147944,-9.903200869043584,-9.924513525717927,0.02131265667434381,0.16803857680196188,-0.16803857680196188,-54.370481234414484,0.990042435404118,0.20696760961793392,227.01393270434733,563.433040229835
1.3592,-1.0428906639360842,-9.91385990323182,-9.935169984574886,0.021310081343066015,0.16828837027082955,-0.16828837027082955,-54.36331827003983,0.9900293200928639,0.20773100723415822,227.55306864983754,564.8734984315315
1.36,-1.040205163682312,-9.924536950211497,-9.945844347930871,0.021307397719374784,0.16853835190295285,-0.16853835190295285,-54.356168183177076,0.9900161822157296,0.2084981032841628,228.09569785524877,566.3208075298099
1.3608,-1.0375235807997774,-9.935232063868302,-9.956536669181709,0.0213046053134083,0.16878852141348943,-0.16878852141348943,-54.349030987891695,0.9900030217280462,0.20926891999023148,228.64185264067183,567.7750179821122
1.3616000000000001,-1.0348459130472867,-9.945945298330818,-9.967247001963473,0.02130170363265658,0.16903887851543686,-0.16903887851543686,-54.34190669831797,0.9899898385850702,0.21004347973412862,229.19156571299493,569.2361807352032
1.3624,-1.0321721581961494,-9.956676707971933,-9.977975400153877,0.021298692181942136,0.16928942291951898,-0.16928942291951898,-54.33479532866051,0.9899766327419812,0.21082180505846337,229.74487017155656,570.7043472310212
1.3632,-1.029502314030176,-9.967426347410267,-9.98872191787365,0.02129557046338337,0.16954015433395853,-0.16954015433395853,-54.3276968931951,0.9899634041538843,0.21160391866799563,230.3017995138999,572.1795694126153
1.3639999999999999,-1.0268363783456746,-9.97819427151159,-9.99948660948798,0.021292337976388732,0.16979107246476133,-0.16979107246476133,-54.32061140626658,0.9899501527758074,0.212389843431043,230.8623876416228,573.6618997301613
1.3648,-1.024174348951453,-9.988980535390263,-10.010269529607893,0.021288994217631644,0.17004217701537527,-0.17004217701537527,-54.313538882289755,0.9899368785627025,0.2131796023808175,231.426668866332,575.151391147068
1.3656000000000001,-1.0215162236688133,-9.999785194410682,-10.021070733091712,0.021285538681031183,0.1702934676870882,-0.1702934676870882,-54.30647933574904,0.9899235814694451,0.21397321871682679,231.99467791569995,576.6480971461648
1.3664,-1.0188620003315498,-10.010608304188741,-10.03189027504648,0.021281970857738544,0.17054494417845945,-0.17054494417845945,-54.2994327811966,0.989910261450834,0.21477071580626744,232.5664499396256,578.1520717359833
1.3672,-1.0162116767859344,-10.02144992059331,-10.042728210829416,0.021278290236106195,0.17079660618594517,-0.17079660618594517,-54.292399233253974,0.9898969184615936,0.2155721171853947,233.14202051650423,579.6633694571265
1.3679999999999999,-1.0135652508907387,-10.03231009974771,-10.05358459604938,0.02127449630166856,0.17104845340315933,-0.17104845340315933,-54.28537870661229,0.9898835524563689,0.21637744656103394,233.72142565960777,581.1820453887223
1.3688,-1.0109227205172129,-10.043188898031206,-10.064459486568335,0.021270588537130403,0.17130048552155586,-0.17130048552155586,-54.27837121602948,0.9898701633897292,0.2171867278119513,234.30470182357536,582.7081551549811
1.3696000000000002,-1.0082840835490892,-10.0540863720805,-10.075352938502835,0.02126656642233597,0.17155270222997387,-0.17155270222997387,-54.27137677633176,0.9898567512161672,0.2179999849903172,234.89188591101765,584.2417549318376
1.3704,-1.0056493378825804,-10.065002578791258,-10.08626500822551,0.021262429434253514,0.1718051032146377,-0.1718051032146377,-54.26439540241358,0.9898433158900986,0.2188172423231788,235.48301527924022,585.7829014536925
1.3712,-1.003018481426375,-10.075937575319639,-10.097195752366595,0.02125817704695793,0.17205768815938427,-0.17205768815938427,-54.257427109234854,0.9898298573658616,0.21963852421394486,236.07812774708398,587.3316520202511
1.3719999999999999,-1.0003915121016385,-10.086891419083816,-10.108145227815415,0.021253808731599867,0.17231045674543566,-0.17231045674543566,-54.25047191182297,0.9898163755977174,0.22046385524386966,236.67726160188644,588.8880645034594
1.3728,-0.9977684278420098,-10.097864167765554,-10.119113491721928,0.021249323956374876,0.17256340865139919,-0.17256340865139919,-54.24352982527412,0.9898028705398498,0.22129326017356693,237.28045560656855,590.45219735454
1.3736000000000002,-0.9951492265935991,-10.108855879311715,-10.130100601498262,0.021244722186546435,0.17281654355321052,-0.17281654355321052,-54.23660086474645,0.9897893421463655,0.22212676394452702,237.88774900684595,592.0241096111321
1.3744,-0.9925339063149905,-10.119866611935898,-10.141106614820254,0.02124000288435542,0.17306986112436107,-0.17306986112436107,-54.229685045467974,0.9897757903712924,0.2229643916806741,238.49918153856973,593.6038609045303
1.3752,-0.9899224649772269,-10.130896424119967,-10.152131589629033,0.02123516550906429,0.17332336103561374,-0.17332336103561374,-54.22278238272905,0.989762215168583,0.22380616868986908,239.11479343519932,595.1915114670384
1.376,-0.9873149005638253,-10.141945374615686,-10.163175584132574,0.02123020951688774,0.17357704295500298,-0.17357704295500298,-54.215892891886284,0.9897486164921097,0.22465212046554692,239.7346254354096,596.7871221394167
1.3768,-0.984711211070768,-10.153013522446294,-10.17423865680729,0.02122513436099646,0.17383090654800526,-0.17383090654800526,-54.209016588360434,0.9897349942956678,0.22550227268825418,240.358718790834,598.3907543784491
1.3776,-0.9821113945064963,-10.16410092690814,-10.185320866399628,0.021219939491488208,0.17408495147719805,-0.17408495147719805,-54.20215348763608,0.9897213485329751,0.22635665122724313,240.98711527394727,600.0024702646164
1.3784,-0.9795154488919124,-10.175207647572336,-10.196422271927672,0.021214624355337684,0.1743391774026577,-0.1743391774026577,-54.195303605263604,0.9897076791576711,0.22721528214210152,241.61985718609245,601.6223325098812
1.3792,-0.9769233722603919,-10.18633374428634,-10.207542932682772,0.021209188396431086,0.1745935839815047,-0.1745935839815047,-54.188466956853176,0.9896939861233154,0.22807819168441562,242.25698736565383,603.2504044655882
1.38,-0.9743351626577521,-10.197479277175692,-10.218682908231173,0.0212036310554833,0.17484817086824478,-0.17484817086824478,-54.1816435580802,0.9896802693833913,0.22894540629932864,242.8985491963746,604.8867501304826
1.3808,-0.9717508181422783,-10.208644306645613,-10.22984225841567,0.02119795177005895,0.17510293771442775,-0.17510293771442775,-54.174833424680756,0.9896665288913022,0.22981695262728322,243.54458661583294,606.5314341588444
1.3816,-0.9691703367847111,-10.219828893382726,-10.24102104335724,0.02119214997451463,0.17535788416898868,-0.17535788416898868,-54.168036572454085,0.989652764600374,0.23069285750565702,244.19514412406633,608.18452186874
1.3824,-0.9665937166682464,-10.231033098356741,-10.252219323456737,0.021186225099994925,0.17561300987779305,-0.17561300987779305,-54.1612530172595,0.9896389764638527,0.2315731479704753,244.85026679236017,609.8460792504036
1.3832,-0.9640209558885343,-10.242256982822164,-10.263437159396563,0.021180176574399637,0.17586831448397788,-0.17586831448397788,-54.15448277501795,0.9896251644349059,0.2324578512581062,245.51000027219237,611.516172974735
1.384,-0.9614520525536819,-10.253500608320005,-10.274674612142379,0.021174003822374075,0.1761237976277812,-0.1761237976277812,-54.14772586170975,0.9896113284666219,0.23334699480701407,246.1743908043488,613.194870401928
1.3848,-0.9588870047842436,-10.264764036679532,-10.28593174294479,0.021167706265257,0.17637945894642826,-0.17637945894642826,-54.14098229337522,0.9895974685120101,0.23424060625946344,246.8434852282018,614.8822395902272
1.3856,-0.9563258107132333,-10.276047330019997,-10.297208613341073,0.021161283321074757,0.17663529807435907,-0.17663529807435907,-54.1342520861145,0.9895835845240004,0.2351387134633251,247.51733099116527,616.5783493048103
1.3864,-0.9537684684861054,-10.28735055075241,-10.308505285156935,0.021154734404523888,0.17689131464294405,-0.17689131464294405,-54.12753525608406,0.989569676455444,0.23604134447379854,248.19597615832214,618.2832690268134
1.3872,-0.9512149762607787,-10.298673761581302,-10.319821820508228,0.021148058926924836,0.17714750828054093,-0.17714750828054093,-54.120831819499955,0.9895557442591112,0.236948527555291,248.87946942223385,619.9970689624772
1.388,-0.9486653322076138,-10.310017025506529,-10.331158281802724,0.021141256296192994,0.17740387861255158,-0.17740387861255158,-54.11414179263616,0.9895417878876935,0.237860291183147,249.56786011293258,621.7198200524444
1.3888,-0.9461195345094195,-10.321380405825053,-10.34251473174191,0.021134325916855927,0.177660425261422,-0.177660425261422,-54.107465191820566,0.9895278072938025,0.23877666404552556,250.261198208099,623.4515939811888
1.3896,-0.9435775813614621,-10.332763966132763,-10.353891233322729,0.021127267189968605,0.1779171478463013,-0.1779171478463013,-54.100802033439656,0.9895138024299697,0.23969767504524842,250.9595343434347,625.1924631865843
1.3904,-0.941039470971446,-10.344167770326312,-10.365287849839431,0.021120079513121007,0.1781740459834964,-0.1781740459834964,-54.094152333934524,0.9894997732486474,0.24062335330163356,251.66291982322699,626.9425008696282
1.3912,-0.9385052015595319,-10.355591882604951,-10.376704644885368,0.021112762280416853,0.17843111928607414,-0.17843111928607414,-54.08751610979962,0.9894857197022061,0.24155372815244247,252.37140663111532,628.7017810043002
1.392,-0.9359747713583265,-10.367036367472387,-10.388141682354812,0.021105314882425393,0.17868836736397498,-0.17868836736397498,-54.08089337758473,0.9894716417429372,0.2424888291557327,253.08504744106162,630.4703783475774
1.3928,-0.9334481786128874,-10.37850128973866,-10.399599026444829,0.021097736706167845,0.17894578982395615,-0.17894578982395615,-54.0742841538918,0.9894575393230507,0.24342868609182172,253.80389562852952,632.2483684495996
1.3936,-0.9309254215807128,-10.389986714522014,-10.411076741657093,0.021090027135078796,0.17920338626959165,-0.17920338626959165,-54.067688455376185,0.9894434123946776,0.24437332896516534,254.52800528187245,634.0358276639895
1.3944,-0.9284064985317535,-10.401492707250826,-10.42257489279982,0.021082185548994548,0.17946115630127224,-0.17946115630127224,-54.06110629874406,0.9894292609098667,0.24532278800640117,255.25743121394729,635.8328331583285
1.3952,-0.9258914077484115,-10.413019333665476,-10.434093544989588,0.021074211324112625,0.17971909951609177,-0.17971909951609177,-54.05453770075309,0.9894150848205868,0.24627709367428377,255.9922289739439,637.6394629247922
1.396,-0.9233801475255308,-10.424566659820336,-10.4456327636533,0.02106610383296663,0.17997721550790402,-0.17997721550790402,-54.04798267821079,0.9894008840787252,0.247236276657698,256.7324548594443,639.4557957909536
1.3968,-0.9208727161704057,-10.436134752085666,-10.457192614530067,0.021057862444399195,0.180235503867209,-0.180235503867209,-54.041441247973864,0.9893866586360882,0.2482003678776781,257.47816592871607,641.2819114307445
1.3976,-0.9183691120027853,-10.447723677149591,-10.46877316367312,0.021049486523529174,0.18049396418120978,-0.18049396418120978,-54.03491342694792,0.9893724084444008,0.24916939848946312,258.2294200132393,643.1178903755871
1.3984,-0.9158693333548583,-10.459333502020083,-10.480374477451821,0.021040975431738055,0.18075259603381255,-0.18075259603381255,-54.0283992320849,0.989358133455307,0.2501433998845282,258.9862757304808,644.9638140257038
1.3992,-0.9133733785712692,-10.470964294026947,-10.49199662255356,0.021032328526610185,0.18101139900534235,-0.18101139900534235,-54.02189868038501,0.9893438336203687,0.251122403692707,259.74879249691287,646.819764661588
1.4,-0.9108812460091069,-10.482616120823831,-10.503639665985766,0.021023545161936517,0.18127037267288415,-0.18127037267288415,-54.01541178889316,0.989329508891067,0.2521064417842573,260.51703054128825,648.6858254556672
1.4008,-0.9083929340379137,-10.494289050390238,-10.5153036750779,0.021014624687662534,0.1815295166099986,-0.1815295166099986,-54.008938574699705,0.9893151592188009,0.25309554627201164,261.2910509181747,650.5620804841317
1.4016,-0.9059084410396874,-10.505983151033584,-10.52698871748345,0.021005566449866963,0.1817888303868358,-0.1817888303868358,-54.0024790549386,0.989300784554886,0.2540897495135449,262.0709155217524,652.4486147389559
1.4024,-0.9034277654088656,-10.517698491391233,-10.53869486118196,0.02099636979072894,0.18204831356996465,-0.18204831356996465,-53.996033246787086,0.9892863848505591,0.25508908411325626,262.8566870998848,654.3455141401067
1.4032,-0.9009509055523486,-10.529435140432575,-10.550422174481078,0.020987034048504816,0.1823079657224298,-0.1823079657224298,-53.98960116746346,0.9892719600569719,0.2560935829246686,263.6484292684664,656.2528655479335
1.404,-0.8984778598894892,-10.54119316746112,-10.562170726018604,0.02097755855748375,0.1825677864036379,-0.1825677864036379,-53.98318283422761,0.9892575101251946,0.2571032790525795,264.4462065260548,658.1707567757591
1.4048,-0.8960086268520885,-10.552972642116607,-10.573940584764564,0.02096794264795874,0.1828277751695282,-0.1828277751695282,-53.97677826437993,0.9892430350062151,0.2581182058552963,265.2500842687912,660.0992766026662
1.4056,-0.8935432048844052,-10.56477363437709,-10.585731820023298,0.02095818564620918,0.18308793157234504,-0.18308793157234504,-53.97038747525833,0.9892285346509397,0.2591383969468904,266.0601288056182,662.038514786477
1.4064,-0.891081592443155,-10.576596214561125,-10.59754450143558,0.02094828687445645,0.18334825516069486,-0.18334825516069486,-53.964010484239544,0.9892140090101904,0.26016388619951697,266.8764073738025,663.9885620769462
1.4072,-0.8886237879975154,-10.588440453329886,-10.609378698980713,0.020938245650827268,0.1836087454794324,-0.1836087454794324,-53.95764730873647,0.9891994580347063,0.2611947077456909,267.69898815476756,665.949510229151
1.408,-0.8861697900291082,-10.600306421689345,-10.62123448297869,0.020928061289343904,0.18386940206971758,-0.18386940206971758,-53.95129796619625,0.9891848816751458,0.2622308959805575,268.5279402902401,667.9214520171032
1.4088,-0.8837195970320312,-10.612194190992492,-10.633111924092354,0.020917733099862473,0.18413022446890182,-0.18413022446890182,-53.94496247410248,0.9891702798820807,0.26327248556438154,269.3633338987296,669.9044812475612
1.4096,-0.8812732075128338,-10.624103832941483,-10.645011093329542,0.020907260388059356,0.18439121221069854,-0.18439121221069854,-53.93864084997013,0.9891556526060024,0.26431951142477045,270.2052400923305,671.8986927740724
1.4104,-0.8788306199905239,-10.636035419589922,-10.656932062045312,0.020896642455388706,0.18465236482472847,-0.18465236482472847,-53.932333111347106,0.9891409997973184,0.26537200875913497,271.05373099387134,673.9041825112344
1.4112,-0.8763918329965871,-10.647989023345072,-10.668874901944118,0.020885878599045758,0.18491368183697432,-0.18491368183697432,-53.92603927581219,0.9891263214063506,0.26643001303717745,271.90887975441086,675.9210474491732
1.412,-0.8739568450749601,-10.659964716970112,-10.680839685082077,0.02087496811196476,0.18517516276938295,-0.18517516276938295,-53.91975936097018,0.9891116173833401,0.2674935600032021,272.77076057108576,677.9493856682676
1.4128,-0.8715256547820531,-10.671962573586445,-10.69282648386917,0.020863910282726484,0.18543680714014954,-0.18543680714014954,-53.913493384458384,0.9890968876784421,0.268562685678707,273.63944870532964,679.9892963540925
1.4136,-0.8690982606867441,-10.683982666675956,-10.70483537107152,0.02085270439556384,0.1856986144633197,-0.1856986144633197,-53.90724136393881,0.9890821322417287,0.26963742636480564,274.5150205014584,682.0408798126053
1.4144,-0.8666746613703815,-10.696025070083353,-10.71686641981369,0.020841349730336696,0.18596058424896,-0.18596058424896,-53.9010033170974,0.9890673510231878,0.27071781864479805,275.3975534056425,684.1042374855801
1.4152,-0.8642548554267805,-10.708089858018502,-10.72891970358096,0.020829845562456747,0.18622271600321483,-0.18622271600321483,-53.89477926164585,0.9890525439727236,0.2718038993866674,276.28712598526454,686.1794719662781
1.416,-0.8618388414622422,-10.720177105058761,-10.740995296221644,0.020818191162883453,0.18648500922802214,-0.18648500922802214,-53.88856921531769,0.989037711040154,0.27289570574574407,277.1838179486843,688.2666870153773
1.4168,-0.8594266180955289,-10.732286886151382,-10.75309327194945,0.02080638579806811,0.186747463421284,-0.186747463421284,-53.882373195867224,0.9890228521752149,0.2739932751671809,278.0877101654041,690.3659875771551
1.4176,-0.8570181839578901,-10.74441927661585,-10.765213705345795,0.020794428729944074,0.18701007807669612,-0.18701007807669612,-53.87619122106777,0.9890079673275564,0.2750966453886795,278.99888468665966,692.4774797959258
1.4184,-0.8546135376930553,-10.756574352146371,-10.77735667136223,0.02078231921585926,0.18727285268391825,-0.18727285268391825,-53.87002330871113,0.9889930564467423,0.27620585444314566,279.9174247664399,694.601271032751
1.4192,-0.8522126779572298,-10.768752188814222,-10.789522245322773,0.020770056508552903,0.18753578672811955,-0.18753578672811955,-53.86386947660566,0.9889781194822547,0.27732094066126306,280.84341488293967,696.7374698824136
1.42,-0.8498156034191096,-10.780952863070263,-10.801710502926387,0.02075763985612265,0.18779887969049014,-0.18779887969049014,-53.85772974257284,0.9889631563834878,0.278441942674349,281.7769407604723,698.8861861906666
1.4208,-0.8474223127598713,-10.793176451747382,-10.813921520249355,0.02074506850197441,0.1880621310477295,-0.1880621310477295,-53.85160412444969,0.9889481670997521,0.2795688994169853,282.71808939183376,701.0475310717626
1.4216,-0.8450328046731839,-10.805423032062965,-10.82615537374777,0.020732341684804836,0.18832554027227388,-0.18832554027227388,-53.84549264008194,0.9889331515802726,0.28070185012982224,283.6669490611426,703.2216169262645
1.4224,-0.8426470778652106,-10.817692681621462,-10.838412140259992,0.02071945863853,0.18858910683218255,-0.18858910683218255,-53.83939530732734,0.9889181097741876,0.2818408343624044,284.62360936716647,705.4085574591458
1.4232,-0.8402651310546018,-10.829985478416859,-10.850691897009142,0.020706418592281332,0.18885283019102417,-0.18885283019102417,-53.833312144049216,0.9889030416305514,0.2829858919759153,285.58816124713394,707.6084676981895
1.424,-0.8378869629725079,-10.842301500835276,-10.862994721605615,0.02069322077033815,0.18911670980799045,-0.18911670980799045,-53.82724316811901,0.9888879470983317,0.2841370631461063,286.5606970010645,709.8214640126777
1.4248,-0.8355125723625771,-10.854640827657516,-10.875320692049632,0.020679864392117803,0.18938074513778247,-0.18938074513778247,-53.82118839741052,0.9888728261264103,0.2852943883661418,287.54131031660995,712.0476641323955
1.4256,-0.833141957980962,-10.867003538061663,-10.887669886733754,0.020666348672088976,0.189644935630497,-0.189644935630497,-53.815147849801804,0.9888576786635831,0.286457908449514,288.53009629443125,714.2871871669336
1.4264000000000001,-0.8307751185963168,-10.87938971162572,-10.900042384445502,0.020652672819782995,0.1899092807316265,-0.1899092807316265,-53.80912154317077,0.9888425046585595,0.28762766453300487,289.5271514741196,716.5401536253214
1.4272,-0.8284120529898031,-10.8917994283302,-10.912438264369921,0.020638836039722493,0.19017377988205908,-0.19017377988205908,-53.80310949539226,0.9888273040599633,0.2888036980796215,290.5325738606748,718.8066854359671
1.428,-0.8260527599550942,-10.904232768560849,-10.924857606092226,0.02062483753137887,0.19043843251807857,-0.19043843251807857,-53.79711172433999,0.988812076816331,0.2899860508816434,291.54646295156056,721.0869059669338
1.4288,-0.8236972382983747,-10.916689813111278,-10.937300489600428,0.020610676489149028,0.19070323807125078,-0.19070323807125078,-53.791128247880394,0.988796822876113,0.29117476506362966,292.56891976434,723.3809400465458
1.4296,-0.8213454868383472,-10.929170643185683,-10.949766995287982,0.02059635210229937,0.19096819596825299,-0.19096819596825299,-53.785159083872635,0.9887815421876729,0.2923698830854934,293.6000468649154,725.6889139843327
1.4304000000000001,-0.8189975044062321,-10.941675340401588,-10.962257203956511,0.02058186355492136,0.19123330563104446,-0.19123330563104446,-53.77920425016651,0.9887662346992869,0.293571447745612,294.639948396386,728.0109555923223
1.4312,-0.8166532898457763,-10.954203986792566,-10.97477119681847,0.02056721002590247,0.19149856647675279,-0.19149856647675279,-53.77326376459919,0.9887509003591449,0.2947795021839452,295.6887301085322,730.3471942066785
1.432,-0.8143128420132453,-10.966756664811045,-10.987309055499901,0.0205523906888567,0.19176397791767386,-0.19176397791767386,-53.767337644994655,0.9887355391153494,0.2959940898851916,296.74649938795204,732.6977607097072
1.4328,-0.8119761597774424,-10.97933345733107,-10.999870862043192,0.020537404712126305,0.19202953936098766,-0.19202953936098766,-53.76142590915804,0.9887201509159147,0.29721525468203636,297.813365288858,735.0627875522115
1.4336,-0.8096432420196948,-10.991934447651149,-11.012456698909814,0.020522251258666163,0.19229525020904248,-0.19229525020904248,-53.755528574879506,0.9887047357087695,0.2984430407582891,298.8894385645547,737.4424087762311
1.4344000000000001,-0.8073140876338709,-11.0045597194971,-11.025066648983167,0.020506929486068543,0.19256110985912755,-0.19256110985912755,-53.749645659925264,0.9886892934417535,0.29967749265225324,299.9748316996158,739.8367600381534
1.4352,-0.8049886955263785,-11.017209357024878,-11.037700795571377,0.02049143854649944,0.19282711770335936,-0.19282711770335936,-53.743777182037,0.9886738240626187,0.3009186552599622,301.06965894277295,742.2459786322037
1.436,-0.8026670646161689,-11.02988344482352,-11.050359222410135,0.020475777586615604,0.19309327312885216,-0.19309327312885216,-53.73792315893331,0.9886583275190295,0.30216657383854106,302.1740363405424,744.670203514336
1.4368,-0.8003491938347334,-11.042582067918039,-11.063042013665596,0.020459945747558547,0.19335957551754746,-0.19335957551754746,-53.73208360830211,0.9886428037585633,0.303421294009535,303.28808177159897,747.1095753265172
1.4376,-0.7980350821261275,-11.05530531177234,-11.07574925393724,0.020443942164900468,0.19362602424598663,-0.19362602424598663,-53.72625854780046,0.9886272527287068,0.30468286176240467,304.4119149819259,749.5642364214082
1.4384000000000001,-0.7957247284469433,-11.068053262292228,-11.088481028260817,0.02042776596858822,0.1938926186855383,-0.1938926186855383,-53.720447995051686,0.9886116743768619,0.3059513234578258,305.54565762075055,752.0343308874773
1.4392,-0.7934181317663478,-11.080826005828374,-11.10123742211127,0.020411416282894987,0.19415935820239838,-0.19415935820239838,-53.714651967642446,0.988596068650339,0.3072267258313365,306.6894332772995,754.5200045745086
1.44,-0.7911152910660618,-11.09362362917934,-11.11401852140572,0.02039489222637965,0.19442624215713522,-0.19442624215713522,-53.708870483119966,0.9885804354963612,0.30850911599672576,307.8433675183782,757.0214051195575
1.4408,-0.7888162053403718,-11.10644621959463,-11.126824412506458,0.020378192911826888,0.19469326990503077,-0.19469326990503077,-53.703103558990406,0.9885647748620633,0.30979854144962216,309.0075879268108,759.538681973333
1.4416,-0.7865208735961415,-11.119293864777724,-11.139655182223944,0.020361317446221976,0.19496044079585317,-0.19496044079585317,-53.697351212713286,0.9885490866944897,0.3110950500711249,310.18222414075126,762.0719864270192
1.4424000000000001,-0.7842292948527964,-11.132166652889214,-11.152510917819887,0.020344264930671624,0.19522775417385674,-0.19522775417385674,-53.69161346170094,0.9885333709405988,0.3123986901313274,311.3674078938985,764.6214716395577
1.4432,-0.7819414681423531,-11.145064672549909,-11.165391707010277,0.02032703446036718,0.19549520937772513,-0.19549520937772513,-53.685890323315434,0.9885176275472569,0.3137095102931172,312.56327305663245,767.1872926653739
1.444,-0.779657392509405,-11.157988012843976,-11.17829763796852,0.020309625124542065,0.19576280574040084,-0.19576280574040084,-53.680181814863204,0.9885018564612427,0.3150275596157933,313.76995567809655,769.7696064825877
1.4448,-0.7773770670111388,-11.170936763322135,-11.191228799328535,0.02029203600639842,0.19603054258919883,-0.19603054258919883,-53.6744879535959,0.9884860576292437,0.3163528875588694,314.9875940292544,772.3685720216835
1.4456,-0.775100490717323,-11.183911014004831,-11.204185280187913,0.02027426618308181,0.19629841924574976,-0.19629841924574976,-53.66880875670269,0.9884702309978608,0.3176855439857596,316.21632864693834,774.9843501946742
1.4464000000000001,-0.7728276627103292,-11.19691085538549,-11.217167170111102,0.020256314725611735,0.19656643502577253,-0.19656643502577253,-53.66314424131048,0.9884543765136032,0.3190255791677174,317.456302378933,777.6171039247535
1.4472,-0.77055858208513,-11.209936378433769,-11.230174559132603,0.02023818069883517,0.19683458923918806,-0.19683458923918806,-53.657494424478536,0.9884384941228906,0.32037304378766385,318.7076604300981,780.2669981764464
1.448,-0.7682932479493048,-11.222987674598848,-11.24320753776021,0.02021986316136283,0.19710288118994868,-0.19710288118994868,-53.651859323196476,0.9884225837720524,0.3217279889440886,319.97055040958224,782.9341999862764
1.4488,-0.7660316594230352,-11.236064835812735,-11.256266196978261,0.020201361165524623,0.1973713101759813,-0.1973713101759813,-53.64623895438075,0.9884066454073297,0.3230904661549654,321.2451223791335,785.6188784939505
1.4496,-0.7637738156391277,-11.249167954493613,-11.269350628250937,0.0201826737573213,0.19763987548941486,-0.19763987548941486,-53.640633334869335,0.9883906789748714,0.3244605273618232,322.5315289025579,788.3212049740598
1.4504000000000001,-0.7615197157430049,-11.262297123549212,-11.282460923525583,0.020163799976372236,0.19790857641595494,-0.19790857641595494,-53.63504248141902,0.9883746844207368,0.32583822493374,323.82992509634397,791.0413528683388
1.4512,-0.7592693588927092,-11.275452436380224,-11.295597175236036,0.020144738855813152,0.19817741223539542,-0.19817741223539542,-53.629466410704566,0.9883586616908957,0.32722361167138386,325.14046868148245,793.7794978184545
1.452,-0.7570227442589237,-11.28863398688372,-11.308759476306022,0.020125489422301614,0.19844638222122057,-0.19844638222122057,-53.623905139310466,0.9883426107312255,0.32861674081123887,326.4633200365287,796.5358176993582
1.4528,-0.7547798710249551,-11.301841869456615,-11.321947920152562,0.0201060506959475,0.19871548564060504,-0.19871548564060504,-53.61835868372875,0.9883265314875145,0.3300176660296625,327.79864225192284,799.3104926532076
1.4536,-0.7525407383867608,-11.315076178999163,-11.33516260068937,0.020086421690206874,0.19898472175441384,-0.19898472175441384,-53.61282706035731,0.9883104239054589,0.33142644144718425,329.1466011856161,802.103705123852
1.4544000000000001,-0.7503053455529307,-11.328337010918483,-11.348403612330378,0.020066601411893228,0.1992540898170887,-0.1992540898170887,-53.60731028549148,0.9882942879306656,0.33284312163267893,330.5073655200315,804.9156398919256
1.4552,-0.7480736917447206,-11.341624461132113,-11.361671049993166,0.020046588861054045,0.1995235890767617,-0.1995235890767617,-53.601808375326605,0.988278123508648,0.33426776160780136,331.88110682040025,807.7464841105106
1.456,-0.7458457761960267,-11.354938626071585,-11.374965009102556,0.020026383030970533,0.19979321877474376,-0.19979321877474376,-53.59632134594485,0.988261930584831,0.335700416851173,333.2679995945068,810.5964273414323
1.4568,-0.7436215981534198,-11.368279602686062,-11.388285585594115,0.020005982908053353,0.20006297814592244,-0.20006297814592244,-53.590849213319615,0.9882457091045455,0.3371411433029493,334.6682213538885,813.4656615921543
1.4576,-0.7414011568761302,-11.381647488445957,-11.401632875917766,0.019985387471809668,0.2003328664185915,-0.2003328664185915,-53.58539199330531,0.9882294590130326,0.3385899973691292,336.08195267651934,816.3543813533065
1.4584000000000001,-0.739184451636056,-11.395042381346649,-11.415006977041404,0.019964595694754273,0.20060288281410976,-0.20060288281410976,-53.57994970163712,0.9882131802554425,0.3400470359260998,337.5093772710318,819.2627836368604
1.4592,-0.736971481717789,-11.408464379912186,-11.428407986454555,0.01994360654236889,0.20087302654724226,-0.20087302654724226,-53.574522353923285,0.9881968727768307,0.34151231632526363,338.95068204251277,822.1910680149329
1.46,-0.7347622464185872,-11.421913583199004,-11.441836002172064,0.01992241897305951,0.20114329682576226,-0.20114329682576226,-53.56910996564116,0.9881805365221641,0.34298589639746974,340.4060571599141,825.1394366592825
1.4608,-0.7325567450484107,-11.435390090799764,-11.455291122737787,0.019901031938023315,0.2014136928504513,-0.2014136928504513,-53.56371255213473,0.9881641714363152,0.34446783445781615,341.87569612513494,828.1080943814434
1.4616,-0.7303549769299089,-11.448894002847096,-11.468773447228372,0.019879444381275257,0.2016842138152697,-0.2016842138152697,-53.55833012860658,0.9881477774640659,0.3459581893102304,343.3597958438065,831.0972486735682
1.4624000000000001,-0.7281569413984288,-11.462425420017524,-11.48228307525702,0.019857655239497677,0.20195485890701548,-0.20195485890701548,-53.55296271011628,0.9881313545501061,0.347457020252257,344.8585566978464,834.107109749955
1.4632,-0.725962637802035,-11.475984443535276,-11.495820106977323,0.019835663442047614,0.20222562730521076,-0.20222562730521076,-53.5476103115723,0.9881149026390317,0.3489643870799114,346.37218261981644,837.1378905892767
1.464,-0.7237720655014968,-11.489571175176259,-11.509384643087106,0.01981346791084684,0.20249651818244274,-0.20249651818244274,-53.542272947728684,0.9880984216753474,0.3504803500924334,347.900881169144,840.1898069775418
1.4648,-0.7215852238703064,-11.503185717271986,-11.522976784832304,0.019791067560317954,0.20276753070362474,-0.20276753070362474,-53.536950633180346,0.9880819116034649,0.3520049700972706,349.4448636102584,843.2630775517724
1.4656,-0.7194021122946801,-11.516828172713563,-11.536596634010898,0.01976846129733597,0.20303866402662152,-0.20303866402662152,-53.5316433823564,0.9880653723677036,0.3535383084149802,351.00434499269625,846.3579238444278
1.4664000000000001,-0.7172227301735646,-11.530498644955713,-11.55024429297686,0.0197456480211452,0.2033099173016808,-0.2033099173016808,-53.52635120951514,0.9880488039122903,0.35508042688427005,352.5795442332328,849.4745703285894
1.4672,-0.7150470769186503,-11.544197238020855,-11.563919864644154,0.01972262662330116,0.20358128967154698,-0.20358128967154698,-53.521074128738846,0.9880322061813576,0.3566313878671008,354.17068420010105,852.6132444638954
1.468,-0.7128751519543628,-11.557924056503179,-11.57762345249077,0.01969939598758939,0.20385278027151799,-0.20385278027151799,-53.51581215392826,0.9880155791189471,0.3581912542537147,355.7779917993518,855.774176743278
1.4688,-0.7107069547178939,-11.5716792055728,-11.59135516056276,0.019675954989959665,0.20412438822893364,-0.20412438822893364,-53.51056529879677,0.9879989226690042,0.3597600894679756,357.40169806342635,858.957600740464
1.4696,-0.7085424846591739,-11.585462790979912,-11.605115093478371,0.01965230249845825,0.20439611266363045,-0.20439611266363045,-53.505333576863876,0.987982236775385,0.36133795747238917,359.04203824199163,862.1637531583042
1.4704000000000002,-0.7063817412409089,-11.599274919059017,-11.618903356432178,0.01962843737316019,0.20466795268748683,-0.20466795268748683,-53.50011700144928,0.9879655213818496,0.36292492277359867,360.6992518951288,865.3928738779016
1.4712,-0.704224723938578,-11.613115696733152,-11.632720055199226,0.019604358466072676,0.20493990740442314,-0.20493990740442314,-53.494915585669425,0.9879487764320645,0.36452105042766403,362.3735829889164,868.6452060085697
1.472,-0.7020714322404293,-11.626985231518196,-11.646565296139295,0.019580064621098143,0.20521197591051532,-0.20521197591051532,-53.48972934242657,0.9879320018696043,0.36612640604543556,364.065279993495,871.92099593865
1.4727999999999999,-0.6999218656475014,-11.640883631527197,-11.660439186201117,0.01955555467391836,0.2054841572935402,-0.2054841572935402,-53.48455828440692,0.9879151976379488,0.36774105579809657,365.7745959836888,875.2204933871552
1.4736,-0.6977760236736221,-11.654811005474716,-11.674341832926686,0.01953082745196904,0.20575645063325965,-0.20575645063325965,-53.47940242407066,0.9878983636804841,0.36936506642267136,367.5017887422463,878.5439514563037
1.4744000000000002,-0.6956339058454162,-11.668767462681263,-11.688273344455567,0.01950588177430472,0.20602885500119328,-0.20602885500119328,-53.47426177364824,0.9878814999405034,0.370998505227598,369.24712086578876,881.8916266849221
1.4752,-0.6934955117023167,-11.682753113077704,-11.702233829529284,0.019480716451581025,0.20630136946039102,-0.20630136946039102,-53.46913634513164,0.9878646063612051,0.37264144009844075,371.0108598735495,885.2637791027374
1.476,-0.691360840796569,-11.6967680672098,-11.716223397495728,0.019455330285927247,0.2065739930655468,-0.2065739930655468,-53.46402615026852,0.9878476828856934,0.37429393950358325,372.7932783189787,888.6606722855862
1.4768,-0.6892298926932334,-11.710812436242703,-11.730242158313608,0.019429722070903585,0.2068467248628849,-0.2068467248628849,-53.45893120055426,0.9878307294569793,0.37595607250000246,374.5946539043033,892.0825734115346
1.4776,-0.687102666970206,-11.724886331965529,-11.744290222556932,0.01940389059140448,0.20711956388993258,-0.20711956388993258,-53.45385150722619,0.9878137460179782,0.3776279087391714,376.4152695981369,895.5297533179257
1.4784000000000002,-0.6849791632182083,-11.73898986679598,-11.758367701419552,0.01937783462356967,0.20739250917552,-0.20739250917552,-53.44878708125541,0.9877967325115127,0.37930951847291117,378.25541375621833,899.0024865593782
1.4792,-0.6828593810408078,-11.75312315378499,-11.772474706719724,0.019351552934735637,0.20766555973983714,-0.20766555973983714,-53.443737933339534,0.9877796888803105,0.3810009725594127,380.1153802453943,902.5010514667389
1.48,-0.6807433200544215,-11.767286306621434,-11.786611350904748,0.0193250442833139,0.20793871459397906,-0.20793871459397906,-53.43870407389407,0.9877626150670045,0.38270234246929574,381.99546857092724,906.0257302070024
1.4808,-0.6786309798883179,-11.781479439636875,-11.800777747055609,0.019298307418732855,0.20821197274023007,-0.20821197274023007,-53.43368551304748,0.9877455110141342,0.3844137002916862,383.8959840072347,909.5768088442152
1.4816,-0.6765223601846425,-11.795702667810337,-11.814974008891692,0.019271341081354535,0.20848533317166584,-0.20848533317166584,-53.42868226062957,0.9877283766641421,0.38613511874050493,385.8172377321761,913.1545774013659
1.4824,-0.674417460598397,-11.809956106773145,-11.829200250775518,0.019244144002372173,0.20875879487232396,-0.20875879487232396,-53.42369432616693,0.9877112119593792,0.3878666711605595,387.75954696497246,916.7593299232975
1.4832,-0.6723162807974713,-11.8242398728138,-11.843456587717533,0.019216714903734645,0.209032356816806,-0.209032356816806,-53.41872171887263,0.9876940168420999,0.3896084315340155,389.7232351079057,920.3913645406194
1.484,-0.6702188204626437,-11.8385540828829,-11.85774313538097,0.01918905249806711,0.2093060179705617,-0.2093060179705617,-53.41376444763719,0.9876767912544642,0.3913604744867534,391.7086318918815,924.0509835346555
1.4848,-0.6681250792875877,-11.852898854598122,-11.872060010086688,0.01916115548856658,0.20957977728943433,-0.20957977728943433,-53.40882252102343,0.987659535138537,0.39312287529483064,393.7160735259965,927.7384934034416
1.4856,-0.6660350569788763,-11.867274306249222,-11.886407328818155,0.019133022568934073,0.2098536337196606,-0.2098536337196606,-53.403895947252934,0.987642248436289,0.39489570989102213,395.7459028512262,931.4542049287651
1.4864,-0.6639487532559993,-11.881680556803095,-11.900785209226353,0.019104652423254813,0.21012758619792749,-0.21012758619792749,-53.39898473420176,0.9876249310895955,0.39667905487145433,397.79846949836775,935.1984332442652
1.4872,-0.6618661678513654,-11.896117725908919,-11.915193769634856,0.0190760437259361,0.21040163365103126,-0.21040163365103126,-53.39408888938923,0.9876075830402367,0.3984729875023127,399.8741300503692,938.9714979046214
1.488,-0.6597873005103055,-11.910585933903254,-11.929633129044854,0.01904719514159905,0.2106757749959911,-0.2106757749959911,-53.38920841996777,0.9875902042298991,0.4002775857265416,401.97324820917885,942.7737229558082
1.4888,-0.6577121509910934,-11.92508530181531,-11.944103407140314,0.01901810532500299,0.21095000913976492,-0.21095000913976492,-53.38434333271408,0.9875727946001728,0.4020929281707999,404.0961949672743,946.6054370064544
1.4896,-0.6556407190649509,-11.939615951372176,-11.9586047242931,0.01898877292092371,0.21122433497919246,-0.21122433497919246,-53.3794936340215,0.9875553540925524,0.40391909415234234,406.243348783997,950.4669733002968
1.4904,-0.6535730045160424,-11.954178005004117,-11.973137201568193,0.018959196564075912,0.2114987514009954,-0.2114987514009954,-53.37465932988784,0.9875378826484393,0.40575616368594963,408.41509576685803,954.3586697897546
1.4912,-0.6515090071415008,-11.968771585849963,-11.987700960728985,0.018929374879022232,0.21177325728154983,-0.21177325728154983,-53.369840425906006,0.9875203802091388,0.4076042174911195,410.6118298579884,958.2808692106081
1.492,-0.6494487267514277,-11.983396817762479,-12.002296124242536,0.018899306480055264,0.2120478514867159,-0.2120478514867159,-53.36503692725395,0.9875028467158617,0.4094633369991652,412.8339530258646,962.2339191578131
1.4928,-0.6473921631689097,-11.998053825313859,-12.016922815284982,0.018868989971121977,0.2123225328718945,-0.2123225328718945,-53.360248838684434,0.987485282109722,0.4113336043605415,415.0818754625177,966.2181721624439
1.4936,-0.6453393162300097,-12.01274273380122,-12.031581157746931,0.01883842394570954,0.21259730028174317,-0.21259730028174317,-53.35547616451425,0.987467686331741,0.4132151024520391,417.3560157863703,970.2339857697768
1.4944,-0.6432901857837983,-12.02746366925216,-12.046271276238915,0.018807606986754336,0.21287215255028968,-0.21287215255028968,-53.35071890861225,0.9874500593228435,0.4151079148843259,419.65680125090927,974.2817226185023
1.4952,-0.6412447716923421,-12.042216758430408,-12.060993296096933,0.018776537666523947,0.21314708850059105,-0.21314708850059105,-53.345977074390746,0.9874324010238603,0.41701212600937065,421.9846679593749,978.3617505211053
1.496,-0.6392030738307343,-12.05700212884145,-12.075747343387977,0.018745214546528027,0.21342210694456298,-0.21342210694456298,-53.341250664792156,0.9874147113755258,0.418927820928087,424.3400610856591,982.4744425453634
1.4968,-0.6371650920870802,-12.071819908738295,-12.090533544915708,0.018713636177411862,0.2136972066831504,-0.2136972066831504,-53.33653968227764,0.9873969903184812,0.4208550854979338,426.72343510162017,986.6201770970299
1.4976,-0.6351308263625237,-12.08667022712725,-12.105352028226093,0.018681801098842175,0.21397238650610007,-0.21397238650610007,-53.33184412881703,0.9873792377932717,0.4227940063407274,429.1352540110349,990.7993380036318
1.4984,-0.6331002765712518,-12.101553213773721,-12.120202921613139,0.018649707839418002,0.214247645191449,-0.214247645191449,-53.327164005874664,0.9873614537403481,0.42474467085047213,431.575991590386,995.0123145994323
1.4992,-0.6310734426405017,-12.116468999208172,-12.135086354124704,0.018617354916533373,0.21452298150609295,-0.21452298150609295,-53.32249931439929,0.9873436381000664,0.4267071672013109,434.0461316367398,999.2595018115455
1.5,-0.6290503245105684,-12.131417714731999,-12.150002455568302,0.01858474083630357,0.21479839420510416,-0.21479839420510416,-53.317850054809035,0.9873257908126886,0.4286815843555104,436.5461682229188,1003.541300247169
1.5008,-0.6270309221348224,-12.146399492423608,-12.164951356517031,0.018551864093423954,0.21507388203178834,-0.21507388203178834,-53.3132162269818,0.9873079118183815,0.43066801207164873,439.0766059602477,1007.8581162819736
1.5016,-0.6250152354797149,-12.161414465144444,-12.179933188315514,0.01851872317107115,0.21534944371751408,-0.21534944371751408,-53.308597830239215,0.9872900010572169,0.4326665409128306,441.63796026909705,1012.2103621495997
1.5024000000000002,-0.6230032645247764,-12.176462766545114,-12.194948083085906,0.018485316540790758,0.2156250779818265,-0.2156250779818265,-53.30399486333664,0.9872720584691752,0.4346772622548618,444.2307576574973,1016.5984560322875
1.5032,-0.6209950092626542,-12.191544531071589,-12.20999617373397,0.018451642662379242,0.21590078353187891,-0.21590078353187891,-53.29940732444612,0.9872540839941388,0.4367002682949024,446.85553600811255,1021.0228221525825
1.504,-0.6189904696990939,-12.206659893971443,-12.225077593955207,0.01841769998376394,0.2161765590626601,-0.2161765590626601,-53.29483521114579,0.9872360775718986,0.43873565205975856,449.51284487382816,1025.4838908661686
1.5048,-0.616989645852959,-12.221808991300149,-12.240192478241045,0.018383486940896483,0.21645240325659643,-0.21645240325659643,-53.29027852040417,0.987218039142152,0.44078350741453753,452.2032457822672,1029.9820987557375
1.5056,-0.6149925377562463,-12.236991959927465,-12.25534096188509,0.018349001957623123,0.2167283147836656,-0.2167283147836656,-53.285737248565695,0.9871999686445021,0.4428439290714141,454.9273125495336,1034.5178887259203
1.5064000000000002,-0.6129991454540977,-12.252208937543843,-12.270523180989406,0.01831424344556086,0.21700429230105556,-0.21700429230105556,-53.28121139133817,0.9871818660184577,0.4449170125984153,457.68563160349845,1039.0917100992458
1.5072,-0.6110094690047904,-12.267460062666931,-12.285739272470924,0.01827920980399273,0.21728033445316441,-0.21728033445316441,-53.276700943774166,0.9871637312034377,0.4470028544282062,460.4788023169528,1043.7040187131063
1.508,-0.6090235084797766,-12.282745474648129,-12.300989374067854,0.01824389941972661,0.21755643987120266,-0.21755643987120266,-53.272205900260474,0.9871455641387649,0.4491015518672994,463.30743735098923,1048.3552770176825
1.5088,-0.6070412639636721,-12.298065313679217,-12.316273624346195,0.01820831066697892,0.2178326071734773,-0.2178326071734773,-53.26772625449793,0.9871273647636711,0.45121320310501567,466.17216300893165,1053.0459541748096
1.5096,-0.6050627355542726,-12.313419720799015,-12.33159216270626,0.018172441907244943,0.21810883496476663,-0.21810883496476663,-53.263261999489906,0.9871091330172965,0.4533379072227447,469.07361960121,1057.776526157752
1.5104000000000002,-0.6030879233625677,-12.328808837900155,-12.346945129389331,0.018136291489176764,0.21838512183654757,-0.21838512183654757,-53.25881312752281,0.9870908688386892,0.4554757642032795,472.01246182154557,1062.5474758518146
1.5112,-0.6011168275127512,-12.344232807735885,-12.362332665484324,0.018099857748440057,0.21866146636659778,-0.21866146636659778,-53.254379630151895,0.987072572166805,0.4576268749402742,474.98935913485684,1067.3592931557878
1.512,-0.5991494481422247,-12.35969177392696,-12.377754912934558,0.01806313900759779,0.21893786711899565,-0.21893786711899565,-53.24996149818358,0.9870542429405103,0.4597913412477177,478.0049961772833,1072.212475084143
1.5128,-0.5971857854016236,-12.375185880968594,-12.39321201454455,0.018026133575957365,0.21921432264389296,-0.21921432264389296,-53.24555872165833,0.9870358810985791,0.4619692658696916,481.0600731687664,1077.1075258699225
1.5136,-0.5952258394548049,-12.390715274237465,-12.408704113986932,0.017988839749467758,0.21949083147740112,-0.21949083147740112,-53.241171289833034,0.9870174865796979,0.46416075249001,484.15530633861556,1082.0449570682938
1.5144000000000002,-0.5932696104788822,-12.40628009999881,-12.424231355809363,0.01795125581055317,0.21976739214125018,-0.21976739214125018,-53.23679919116411,0.986999059322462,0.46636590574220693,487.2914283645526,1087.0252876606437
1.5152,-0.5913170986642223,-12.421880505413583,-12.43979388544156,0.01791338002797741,0.2200440031429025,-0.2200440031429025,-53.23244241328923,0.986980599265379,0.46858483121947336,490.4691888256735,1092.0490441591996
1.516,-0.589368304214468,-12.437516638545683,-12.45539184920241,0.017875210656729503,0.22032066297526853,-0.22032066297526853,-53.228100943007355,0.9869621063468659,0.470817635484853,493.68935466987205,1097.1167607120508
1.5168,-0.5874232273465287,-12.453188648369249,-12.471025394307091,0.017836745937843762,0.2205973701164794,-0.2205973701164794,-53.22377476626235,0.986943580505256,0.4730644260812974,496.9527106961888,1102.228979208508
1.5176,-0.5854818682906187,-12.468896684776038,-12.48669466887433,0.017797984098291135,0.22087412302971643,-0.22087412302971643,-53.21946386812164,0.9869250216787928,0.47532531154222024,500.2600600526881,1107.3862493846746
1.5184,-0.5835442272902484,-12.484640898582839,-12.502399821933654,0.01775892335081275,0.22115092016321114,-0.22115092016321114,-53.2151682327574,0.9869064298056356,0.4776004014018053,503.61222475036243,1112.5891289291553
1.5192,-0.5816103046022446,-12.500421441539034,-12.51814100343281,0.017719561893778487,0.22142775994990416,-0.22142775994990416,-53.21088784342678,0.9868878048238582,0.47988980620569255,507.0100461936976,1117.8381835887787
1.52,-0.5796801004967663,-12.516238466334128,-12.533918364245158,0.01767989791103205,0.2217046408072747,-0.2217046408072747,-53.206622682451716,0.9868691466714495,0.4821936375216652,510.45438572846655,1123.13398727418
1.5208,-0.5777536152573065,-12.532092126605459,-12.549732056177213,0.01763992957175334,0.22198156113734058,-0.22198156113734058,-53.20237273119679,0.9868504552863168,0.48451200795045857,513.9461252074069,1128.4771221651654
1.5216,-0.5758308491807085,-12.547982576945927,-12.565582231976215,0.01759965503029007,0.22225851932608975,-0.22225851932608975,-53.1981379700503,0.9868317306062848,0.4868450311367436,517.4861675744276,1133.8681788156528
1.5224,-0.5739118025771859,-12.563909972911762,-12.58146904533777,0.017559072426008515,0.2225355137438214,-0.2225355137438214,-53.19391837840031,0.9868129725690977,0.48919282178023127,521.075437468023,1139.3077562580622
1.5232,-0.5719964757703262,-12.579874471030475,-12.59739265091361,0.017518179883134716,0.2228125427445775,-0.2228125427445775,-53.18971393461464,0.9867941811124192,0.4915554956469004,524.7148818446207,1144.7964621069918
1.524,-0.5700848690971019,-12.59587622880877,-12.613353204319363,0.01747697551059561,0.22308960466602912,-0.22308960466602912,-53.185524616017126,0.9867753561738372,0.49393316958026173,528.405470622573,1150.334912661966
1.5248,-0.5681769829078881,-12.611915404740607,-12.629350862142466,0.01743545740185632,0.2233666978293627,-0.2233666978293627,-53.18135039886471,0.9867564976908622,0.4963259615129095,532.1481973475949,1155.9237330090843
1.5256,-0.5662728175664763,-12.62799215831533,-12.645385781950084,0.017393623634755495,0.22364382053916643,-0.22364382053916643,-53.17719125832469,0.9867376056009295,0.4987339904781466,535.9440798804189,1161.5635571213347
1.5264,-0.5643723734500871,-12.644106650025817,-12.661458122297153,0.01735147227133678,0.22392097108291864,-0.22392097108291864,-53.17304716845139,0.9867186798414022,0.5011573766216733,539.7941611075149,1167.2550279573425
1.5272000000000001,-0.5624756509493731,-12.66025904137681,-12.67756804273449,0.01730900135768026,0.22419814773115831,-0.22419814773115831,-53.168918102160916,0.986699720349573,0.50359624121346,543.6995096757356,1172.9987975583358
1.528,-0.5605826504684518,-12.676449494893214,-12.69371570381695,0.01726620892373586,0.22447534873703034,-0.22447534873703034,-53.164804031206785,0.9866807270626643,0.5060507066598442,547.6612207517928,1178.7955271429928
1.5288,-0.5586933724248986,-12.692678174128565,-12.709901267111706,0.017223092983139322,0.22475257233617185,-0.22475257233617185,-53.16070492615529,0.986661699917834,0.508520896515552,551.6804168075001,1184.6458871999569
1.5296,-0.5568078172497735,-12.708945243673515,-12.726124895206564,0.01717965153304747,0.22502981674654166,-0.22502981674654166,-53.15662075635905,0.9866426388521748,0.5110069354960945,555.7582484317611,1190.5505575776515
1.5304,-0.5549259853876275,-12.725250869164418,-12.74238675171836,0.017135882553942664,0.22530708016824974,-0.22530708016824974,-53.15255148993135,0.9866235438027195,0.5135089494901071,559.895895170317,1196.5102275710724
1.5312000000000001,-0.553047877296523,-12.741595217292005,-12.758687001301475,0.017091784009469903,0.22558436078298882,-0.22558436078298882,-53.14849709371994,0.986604414706442,0.5160270655719781,564.094566394332,1202.525596005227
1.532,-0.5511734934480383,-12.757978455810115,-12.775025809656356,0.017047353846241255,0.22586165675443226,-0.22586165675443226,-53.14445753327881,0.9865852515002627,0.5185614120144778,568.3555021988811,1208.5973713147825
1.5328,-0.5493028343272953,-12.774400753544528,-12.791403343538166,0.01700258999363827,0.22613896622755192,-0.22613896622755192,-53.14043277284313,0.9865660541210488,0.5211121183017071,572.6799743325514,1214.7262716195441
1.5336,-0.5474359004329585,-12.79086228040186,-12.807819770765503,0.016957490363643316,0.2264162873283908,-0.2264162873283908,-53.13642277529781,0.9865468225056224,0.523679315141961,577.0692871592848,1220.9130247953121
1.5344,-0.545572692277259,-12.807363207378526,-12.824275260229152,0.01691205285062656,0.22669361816411993,-0.22669361816411993,-53.132427502151,0.9865275565907616,0.5262631344809152,581.5247786537604,1227.158368539609
1.5352000000000001,-0.5437132103860062,-12.82390370656982,-12.840769981900975,0.01686627533115607,0.2269709568225835,-0.2269709568225835,-53.12844691350531,0.9865082563132067,0.528863709514892,586.0478214316153,1233.4630504318034
1.536,-0.5418574552986021,-12.840483951179012,-12.857304106842813,0.016820155663802114,0.22724830137212848,-0.22724830137212848,-53.124480968028315,0.9864889216096643,0.5314811747042507,590.6398238158104,1239.827827987039
1.5368,-0.5400054275680541,-12.857104115526582,-12.8738778072155,0.016773691688920223,0.22752564986137713,-0.22752564986137713,-53.120529622921694,0.9864695524168139,0.5341156657869188,595.3022309406293,1246.2534687033976
1.5376,-0.5381571277609963,-12.873764375059471,-12.890491256287932,0.016726881228459316,0.22780300031894285,-0.22780300031894285,-53.11659283389034,0.986450148671313,0.5367673197921372,600.036525894711,1252.7407501016555
1.5384,-0.5363125564576883,-12.890464906360455,-12.907144628446192,0.016679722085737037,0.22808035075314592,-0.22808035075314592,-53.11267055511414,0.9864307103098057,0.5394362750541646,604.8442309046753,1259.2904597569436
1.5392000000000001,-0.5344717142520506,-12.907205887157552,-12.923838099202774,0.016632212045222774,0.22835769915189985,-0.22835769915189985,-53.108762739213304,0.9864112372689269,0.5421226712264051,609.7269085609789,1265.9033953215776
1.54,-0.5326346017516629,-12.923987496333497,-12.94057184520584,0.016584348872341847,0.22863504348219976,-0.22863504348219976,-53.10486933721977,0.9863917294853136,0.5448266492953586,614.6861630875807,1272.580364538286
1.5408,-0.5308012195777866,-12.940809913935327,-12.957346044248549,0.01653613031322382,0.22891238169006556,-0.22891238169006556,-53.10099029854303,0.9863721868956115,0.5475483515949569,619.7236416572479,1279.3221852429733
1.5416,-0.5289715683653691,-12.957673321183986,-12.974160875278471,0.016487554094483547,0.22918971170008717,-0.22918971170008717,-53.097125570937735,0.986352609436487,0.55028792182084,624.8410357542305,1286.1296853561469
1.5424,-0.5271456487630715,-12.974577900483972,-12.991016518406974,0.016438617923002153,0.22946703141531088,-0.22946703141531088,-53.093275100472056,0.9863329970446356,0.5530455050449324,630.0400825862492,1293.0037028619797
1.5432000000000001,-0.5253234614332716,-12.991523835433124,-13.007913154918793,0.016389319485667592,0.22974433871667088,-0.22974433871667088,-53.08943883149343,0.9863133496567952,0.5558212477300315,635.322566547735,1299.9450857740546
1.544,-0.5235050070520801,-13.00851131083235,-13.024850967281509,0.0163396564491556,0.23002163146287558,-0.23002163146287558,-53.08561670659615,0.9862936672097589,0.5586152977445293,640.690320736358,1306.9546920866019
1.5448,-0.521690286309353,-13.025540512695507,-13.04183013915517,0.016289626459664416,0.23029890749006654,-0.23029890749006654,-53.08180866658609,0.986273949640389,0.5614278043773148,646.145228525027,1314.033389710081
1.5455999999999999,-0.5198792999086919,-13.042611628259234,-13.0588508554019,0.016239227142666787,0.2305761646111364,-0.2305761646111364,-53.07801465044956,0.986254196885636,0.5642589183526121,651.6892251915223,1321.182056389829
1.5464,-0.5180720485674799,-13.05972484599289,-13.075913302095545,0.016188456102654285,0.23085340061584247,-0.23085340061584247,-53.07423459531708,0.9862344088825502,0.5671087918452868,657.3242996081561,1328.401579606359
1.5472000000000001,-0.5162685330168567,-13.076880355608457,-13.093017666531336,0.016137310922879608,0.23113061326989737,-0.23113061326989737,-53.0704684364314,0.986214585568309,0.5699775784957107,663.0524959937959,1335.692856455925
1.548,-0.514468754001755,-13.09407834807052,-13.110164137235586,0.016085789165066196,0.23140780031496888,-0.23140780031496888,-53.066716107113464,0.9861947268802324,0.5728654334252469,668.8759157308632,1343.0567935096904
1.5488,-0.5126727122808831,-13.111319015606222,-13.127352903975375,0.016033888369154342,0.2316849594678274,-0.2316849594678274,-53.062977538729015,0.9861748327558112,0.5757725132514186,674.7967192498562,1350.4943066499052
1.5495999999999999,-0.5108804086267325,-13.128602551715236,-13.14458415776824,0.015981606053004922,0.23196208842006172,-0.23196208842006172,-53.05925266065639,0.9861549031327339,0.5786989761032829,680.8171279841874,1358.0063208811998
1.5504,-0.5090918438255883,-13.145929151179725,-13.161858090891833,0.015928939712108917,0.23223918483745365,-0.23223918483745365,-53.05554140025385,0.9861349379489132,0.581644981636988,686.9394263981726,1365.5937701151222
1.5512000000000001,-0.5073070186775068,-13.163299010074265,-13.179174896893567,0.015875886819298756,0.2325162463594097,-0.2325162463594097,-53.051843682829436,0.9861149371425237,0.5846106910510359,693.1659640911316,1373.257596925821
1.552,-0.505525933996302,-13.180712325775758,-13.196534770600206,0.015822444824446218,0.23279327059805155,-0.23279327059805155,-53.048159431609605,0.9860949006520398,0.5875962671017209,699.4991579807246,1380.9987522746808
1.5528,-0.5037485906095486,-13.198169296973301,-13.213937908127434,0.0157686111541333,0.23307025513787494,-0.23307025513787494,-53.04448856771146,0.9860748284162726,0.5906018741187404,705.941494568759,1388.8181952014613
1.5535999999999999,-0.5019749893585299,-13.21567012367796,-13.23138450688933,0.01571438321136736,0.23334719753449917,-0.23334719753449917,-53.0408310101157,0.9860547203744225,0.5936276780203349,712.4955322927716,1396.7168924794928
1.5544,-0.5002051310982124,-13.23321500723252,-13.248874765607745,0.015659758375226884,0.23362409531398498,-0.23362409531398498,-53.037186675642346,0.9860345764661294,0.5966738463286921,719.1639039669654,1404.6958182320946
1.5552000000000001,-0.4984390166972006,-13.25080415032106,-13.266408884321626,0.015604734000566944,0.23390094597169764,-0.23390094597169764,-53.03355547892616,0.9860143966315308,0.5997405481851081,725.9493193160852,1412.7559535073387
1.556,-0.49667664703766523,-13.26843775697852,-13.28398706439619,0.015549307417672608,0.23417774697111327,-0.23417774697111327,-53.02993733240072,0.9859941808113295,0.6028279543650086,732.8545676060588,1420.89828580802
1.5568,-0.4949180230152531,-13.28611603260011,-13.301609508532026,0.015493475931914228,0.23445449574245458,-0.23445449574245458,-53.026332146279074,0.9859739289468684,0.6059362372926967,739.8825203753403,1429.1238085734574
1.5575999999999999,-0.4931631455389939,-13.303839183950563,-13.319276420774013,0.015437236823450853,0.23473118968121298,-0.23473118968121298,-53.022739828544786,0.9859536409802114,0.6090655710560369,747.0361342710539,1437.4335206094888
1.5584,-0.491412015531144,-13.32160741917328,-13.336988006520157,0.015380587346875819,0.2350078261462727,-0.2350078261462727,-53.019160284942124,0.9859333168542406,0.6122161314205883,754.3184539942156,1445.828425462846
1.5592000000000001,-0.48966463392701415,-13.339420947799352,-13.35474447253027,0.015323524730916232,0.23528440245814863,-0.23528440245814863,-53.015593418976025,0.9859129565127611,0.6153880958434982,761.7326153584473,1454.3095307357232
1.56,-0.4879210016747482,-13.357279980756442,-13.372546026934568,0.015266046178126604,0.23556091589637163,-0.23556091589637163,-53.01203913191458,0.9858925599006195,0.6185816434869839,769.2818484668102,1462.877847336094
1.5608,-0.48618111973502165,-13.375184730377613,-13.390392879242237,0.015208148864622904,0.23583736369732833,-0.23583736369732833,-53.00849732279909,0.9858721269638413,0.621796955231082,776.969481011519,1471.5343886590404
1.5615999999999999,-0.48444498908069794,-13.393135410410085,-13.408285240349933,0.015149829939847374,0.23611374305085064,-0.23611374305085064,-53.00496788846015,0.9858516576497787,0.625034213686077,784.7989417014682,1480.2801696939312
1.5624,-0.4827126106963412,-13.411132236024086,-13.426223322550454,0.015091086526369878,0.23639005109714617,-0.23639005109714617,-53.00145072354188,0.9858311519072871,0.6282936032038379,792.7737638227019,1489.116206052033
1.5632000000000001,-0.48098398557764477,-13.429175423821837,-13.444207339541634,0.015031915719795112,0.236666284922876,-0.236666284922876,-52.99794572052798,0.9858106096869164,0.631575309888615,800.8975889371352,1498.043512908602
1.564,-0.4792591147306707,-13.447265191847022,-13.462237506435779,0.014972314588756423,0.23694244155694832,-0.23694244155694832,-52.99445276977786,0.9857900309411308,0.6348795216067473,809.174170724946,1507.0631038532463
1.5648,-0.477537999170894,-13.46540175959489,-13.48031403976991,0.014912280175021261,0.2372185179659141,-0.2372185179659141,-52.99097175956099,0.9857694156245576,0.6382064279953121,817.6073789763182,1516.1759896417218
1.5655999999999999,-0.4758206399219667,-13.48358534802349,-13.498437157517307,0.014851809493818034,0.2374945110485669,-0.2374945110485669,-52.98750257609032,0.9857487636942687,0.6415562204695182,826.2012037382264,1525.3831768419832
1.5664,-0.474107038014127,-13.501816179566683,-13.51660707910103,0.014790899534347767,0.2377704176305997,-0.2377704176305997,-52.98404510354831,0.9857280751101006,0.6449290922287477,834.9597596222228,1534.685666366736
1.5672000000000001,-0.47239719448215084,-13.520094478149678,-13.534824025410321,0.01472954726064426,0.238046234459091,-0.238046234459091,-52.980599224088834,0.985707349835018,0.648325238261072,843.8872902792002,1544.084451884152
1.568,-0.47069111036266664,-13.538420469208388,-13.553088218821177,0.0146677496127866,0.23832195819665003,-0.23832195819665003,-52.97716481780979,0.9856865878355319,0.6517448553459115,852.9881730471999,1553.5805180979498
1.5688,-0.46898878669065025,-13.55679437971423,-13.57139988322283,0.014605503508600742,0.238597585416926,-0.238597585416926,-52.973741762661355,0.9856657890821807,0.6551881420547118,862.2669237783578,1563.1748388873407
1.5695999999999999,-0.46729022449481417,-13.575216438206517,-13.589759244052495,0.014542805845977273,0.2388731126010839,-0.2388731126010839,-52.97032993426413,0.9856449535500905,0.6586552987491994,871.7282018509919,1572.8683752967108
1.5704,-0.4655954247914528,-13.593686874835686,-13.60816652834161,0.01447965350592478,0.2391485361371224,-0.2391485361371224,-52.96692920558786,0.9856240812196458,0.6621465275763038,881.376815372666,1582.6620733644634
1.5712000000000002,-0.4639043885762556,-13.612205921421353,-13.626621964777785,0.014416043356432012,0.23942385232396646,-0.23942385232396646,-52.963539446419574,0.9856031720772973,0.6656620324591079,891.217726579793,1592.5568617795473
1.572,-0.462217116813221,-13.63077381153091,-13.645125783788245,0.014351972257337189,0.23969905738255193,-0.23969905738255193,-52.96016052254282,0.9855822261165814,0.669202019081388,901.2560574387415,1602.5536493539853
1.5728,-0.4605336104195725,-13.649390780585948,-13.663678217652093,0.014287437066142956,0.23997414747771018,-0.23997414747771018,-52.95679229449906,0.9855612433394472,0.6727666948624917,911.4970954526184,1612.6533222990845
1.5735999999999999,-0.45885387024500546,-13.668057066006128,-13.682279500650868,0.014222434644738467,0.24024911875682164,-0.24024911875682164,-52.95343461578838,0.9855402237580699,0.6763562689160514,921.9462996766,1622.856741292899
1.5744,-0.45717789704282835,-13.68677290740284,-13.700929869269395,0.014156961866553072,0.24052396741041093,-0.24052396741041093,-52.95008733032865,0.9855191673974375,0.6799709519814395,932.6093069428321,1633.164738326897
1.5752000000000002,-0.455505691429346,-13.705538546837797,-13.719629562461208,0.014091015623411888,0.24079868976480157,-0.24079868976480157,-52.94675026897791,0.9854980742992179,0.6836109563074215,943.4919382930876,1643.5781133207286
1.576,-0.453837253825991,-13.72435422916464,-13.738378821995052,0.014024592830412196,0.24107328241495907,-0.24107328241495907,-52.94342324493799,0.9854769445277488,0.6872764954526269,954.600205613342,1654.0976304965498
1.5768,-0.45217258437567914,-13.743220202473356,-13.75717789289952,0.013957690426161417,0.24134774240815204,-0.24134774240815204,-52.94010604794282,0.9854557781796216,0.6909677839390165,965.9403184584284,1664.7240145092587
1.5776,-0.45051168282017295,-13.762136718656532,-13.776027024020639,0.013890305364105477,0.24162206748422932,-0.24162206748422932,-52.93679843736215,0.9854345753993453,0.6946850366478696,977.5186910463608,1675.4579463380996
1.5784,-0.4488545483174463,-13.781104034110294,-13.794926468698915,0.013822434588619592,0.24189625636881829,-0.24189625636881829,-52.933500134778264,0.9854133364053561,0.6984284677649546,989.3419493898025,1686.300058962018
1.5792000000000002,-0.44720117916491675,-13.800122410566791,-13.81387648555431,0.013754074987518908,0.24217030909687765,-0.24217030909687765,-52.93021081736822,0.9853920615337101,0.7021982889373551,1001.4169385150739,1697.2509328723493
1.58,-0.44555157237288395,-13.819192116023281,-13.832877339334432,0.013685223311153545,0.24244422730794213,-0.24244422730794213,-52.926930114602996,0.985370751311905,0.7059947060625624,1013.7507296977484,1708.3110915328807
1.5808,-0.4439057229949978,-13.838313425677937,-13.851929301727374,0.013615876049436145,0.24271801439988394,-0.24271801439988394,-52.9236576123802,0.9853494065841155,0.709817913710899,1026.3506276202706,1719.480997003486
1.5816,-0.4422636230590638,-13.85748662269908,-13.871032651963759,0.013546029264679333,0.2429916753598036,-0.2429916753598036,-52.92039287037775,0.9853280287238522,0.7136680854816956,1039.2241773468668,1730.761046141417
1.5824,-0.4406252598334687,-13.876711998545028,-13.890187676939034,0.013475678394005092,0.24326521602074536,-0.24326521602074536,-52.91713545932977,0.9853066199944119,0.7175453574336925,1052.3791710624043,1742.1515681692376
1.5832000000000002,-0.43899061298988956,-13.895989852437378,-13.909394670500173,0.013404818062793627,0.24353864148071125,-0.24353864148071125,-52.91388502335827,0.9852851841557081,0.721449799907743,1065.823654784057,1753.6528251033255
1.584,-0.43735964997817167,-13.915320489523966,-13.928653931512198,0.013333441988233505,0.24381195353652174,-0.24381195353652174,-52.910641366216915,0.9852637274679357,0.7253813705689526,1079.5659361624637,1765.2650178197605
1.5848,-0.4357323187525069,-13.934704217339256,-13.947965760423635,0.013261543084380534,0.24408514731476316,-0.24408514731476316,-52.907404547675405,0.9852422602778654,0.7293398396989232,1093.6145972664494,1776.9883026148757
1.5856,-0.4341085376598173,-13.954141340482803,-13.967330454360805,0.013189113878000858,0.24435820785203077,-0.24435820785203077,-52.90417495901275,0.9852207992281283,0.7333246852045896,1107.978524113023,1788.8228252253814
1.5864,-0.4324881869821456,-13.97363215403772,-13.986748301309103,0.013116147271382201,0.244631107991097,-0.244631107991097,-52.90095333278643,0.9851993691439019,0.7373350000050733,1122.6669846388318,1800.7687749869988
1.5872000000000002,-0.43087112508783715,-13.993176937020625,-14.006219574553661,0.013042637533037554,0.24490380921179167,-0.24490380921179167,-52.89774064555364,0.9851779997865464,0.7413696335032737,1137.6898242677742,1812.8264225068287
1.588,-0.4292572989362111,-14.012775947744412,-14.025744528956709,0.012968581212297246,0.24517626640056278,-0.24517626640056278,-52.89453790448629,0.985156702881435,0.7454282466862096,1153.0578481164202,1824.9959528914321
1.5888,-0.427647034026401,-14.032429422921906,-14.045323400502863,0.012893977580955127,0.24544843598675925,-0.24544843598675925,-52.89134586404259,0.9851354115848965,0.749514129983744,1168.7831089197875,1837.2766664664746
1.5896,-0.4260412377433024,-14.052137581391772,-14.064956409710938,0.012818828319165077,0.24572028503121146,-0.24572028503121146,-52.8881647675373,0.985113937817687,0.7536362519979132,1184.8778953815895,1849.665750977568
1.5904,-0.42444072471914535,-14.07190063179399,-14.084643768266087,0.012743136472099417,0.2459917979635975,-0.2459917979635975,-52.88499421355654,0.9850921127833112,0.7578028079130562,1201.3523371254091,1862.159138160303
1.5912000000000002,-0.42284527302434016,-14.091718782130226,-14.104385687165841,0.012666905035617773,0.2462629785276249,-0.2462629785276249,-52.88183319682754,0.9850699840008901,0.76201198265197,1218.214785257259,1874.7547401883485
1.592,-0.4212540791031729,-14.111592248659354,-14.12418238433052,0.012590135671166462,0.2465338466403182,-0.2465338466403182,-52.87868029675369,0.9850477204862851,0.7662562260849891,1235.4750265978112,1887.4527048865755
1.5928,-0.4196666006617229,-14.131521262171356,-14.144034090101021,0.012512827929665096,0.2468044319353453,-0.2468044319353453,-52.875533931888,0.9850254366666724,0.7705304532802558,1253.1450865518202,1900.2531026194824
1.5936,-0.4180826632579265,-14.151506070886095,-14.163941049979403,0.012434979093306623,0.24707476659477834,-0.24707476659477834,-52.872392592231364,0.985003169944144,0.7748331517222219,1271.2381291081492,1913.1549565242758
1.5944,-0.4165022689151607,-14.171546940353263,-14.183903524856179,0.01235658450291385,0.24734487957277906,-0.24734487957277906,-52.86925499400717,0.9849809205984028,0.7791645512462598,1289.767750006736,1926.1564485840984
1.5952000000000002,-0.41492546870189045,-14.191644151355371,-14.203921789486635,0.012277638131264567,0.24761479316100576,-0.24761479316100576,-52.866120144691266,0.9849586784236528,0.7835253858143666,1308.7478319501763,1939.2552231155148
1.596,-0.4133523153285629,-14.211797996900033,-14.223996130084526,0.012198133184493884,0.24788452180689546,-0.24788452180689546,-52.862987336592305,0.9849364326866601,0.7879164258550315,1328.1925898794339,1952.4485332063814
1.5968,-0.41178285133804754,-14.232008779137967,-14.24412684173532,0.012118062597348038,0.24815407253890953,-0.24815407253890953,-52.859856098423286,0.9849141746529777,0.7923383571283859,1348.1166387377402,1965.7332824224814
1.5976,-0.4102171086873005,-14.252276806695184,-14.26431422606889,0.012037419373708343,0.24842344625261603,-0.24842344625261603,-52.856726131343635,0.9848918977247911,0.7967917720762597,1368.5350471187915,1979.106020000877
1.5984,-0.40865511096717966,-14.272602392612686,-14.28455858939319,0.011956196780505454,0.2486926392663804,-0.2486926392663804,-52.85359724708133,0.9848695970156118,0.801277188312123,1389.46337658288,1992.5629175964943
1.5992000000000002,-0.4070968756841326,-14.292985852895958,-14.304860241325144,0.01187438842918622,0.24896164478406035,-0.24896164478406035,-52.85046931688754,0.9848472689005365,0.8057950688027669,1410.9177117163658,2006.0997385523199
1.6,-0.4055424160384544,-14.313427505581659,-14.32521949386479,0.01179198828313113,0.24923045409610722,-0.24923045409610722,-52.847342233806856,0.9848249106621741,0.8103458379202723,1432.9146848633238,2019.711803532495
1.6008,-0.4039917421981638,-14.333927670199444,-14.345636660822773,0.011708990623329084,0.24949905747740786,-0.24949905747740786,-52.8442158872171,0.9848025202347814,0.8149298931136618,1455.471497883335,2033.3939536704002
1.6016,-0.4024448621857867,-14.354486667513173,-14.366112057508376,0.011625389995203817,0.2497674448102316,-0.2497674448102316,-52.841090147183365,0.9847800960242334,0.8195476131660164,1478.6059422299816,2047.1405114198378
1.6024,-0.40090178249168745,-14.375104819446953,-14.386646000597874,0.011541181150918943,0.2500356059853175,-0.2500356059853175,-52.83796485594578,0.9847576367817934,0.8241993640179521,1502.336418026772,2060.945238968005
1.6032000000000002,-0.39936250849989996,-14.395782449125408,-14.407238808120475,0.011456358995067866,0.25030353113891124,-0.25030353113891124,-52.834839824225384,0.9847351415149957,0.8288855029071343,1526.6819524687285,2074.8012939642294
1.604,-0.39782704478634967,-14.416519880978758,-14.427890799516135,0.011370918537375662,0.2505712107751492,-0.2505712107751492,-52.83171483054553,0.9847126094240106,0.8336063813484172,1551.6622176790086,2088.7011822902623
1.6048,-0.3962953953300551,-14.437317440880017,-14.448602295733506,0.011284854853488098,0.25083863581329524,-0.25083863581329524,-52.828589622307376,0.9846900398556006,0.8383623473113061,1577.2975480310715,2102.6367075921603
1.6056,-0.3947675636644657,-14.458175456293612,-14.469373619347088,0.011198163053476571,0.2511057975877975,-0.2511057975877975,-52.825463917756096,0.9846674322693669,0.8431537468349298,1603.6089568703803,2116.598917292878
1.6064,-0.3932435529872603,-14.479094256423206,-14.49020509468042,0.011110838257213816,0.2513726878211173,-0.2513726878211173,-52.82233740829603,0.9846447862126808,0.8479809252442705,1630.6181525152751,2130.5780448019245
1.6072000000000002,-0.3917233662409622,-14.500074172352042,-14.511097047927436,0.011022875575393856,0.25163929858314305,-0.25163929858314305,-52.81920976083626,0.9846221013018397,0.8528442280794366,1658.3475533727953,2144.5634476333857
1.608,-0.3902070061728303,-14.52111553717257,-14.532049807267686,0.010934270095115932,0.2519056222439531,-0.2519056222439531,-52.81608061997776,0.9845993772077432,0.8577440018160377,1686.82030196628,2158.543541136203
1.6088,-0.38869447537984375,-14.542218686104375,-14.553063702973406,0.010845016869029146,0.2521716514271475,-0.2521716514271475,-52.81294960996747,0.9845766136448922,0.8626805944312609,1716.0602776333453,2172.5057275312506
1.6096,-0.3871857763428555,-14.56338395660044,-14.574139067507712,0.01075511090727138,0.2524373789644869,-0.2524373789644869,-52.809816336380734,0.9845538103628637,0.8676543558547947,1746.0921076135621,2186.4363199394325
1.6104,-0.38568091145278527,-14.584611688442772,-14.59527623561419,0.010664547171416777,0.25270279785502225,-0.25270279785502225,-52.80668038753294,0.9845309671396405,0.87266563833307,1776.9411762033662,2200.3204610740536
1.6112000000000002,-0.3841798830308856,-14.605902223828373,-14.616475544398417,0.010573320570042772,0.252967901228601,-0.252967901228601,-52.80354133564741,0.9845080837763591,0.877714796727266,1808.6336316099002,2214.1420362600516
1.612,-0.38268269334460064,-14.627255907446905,-14.637737333402303,0.010481425955396716,0.25323268231306884,-0.25323268231306884,-52.80039873779757,0.9844851600931327,0.8828021887609543,1841.196390085619,2227.8835804322807
1.6128,-0.3811893446200275,-14.648673086551167,-14.659061944672128,0.010388858120961773,0.25349713440664345,-0.25349713440664345,-52.79725213665378,0.9844621959257172,0.8879281752281643,1874.6571368699351,2241.5261787564828
1.6136,-0.3796998390518299,-14.670154111021535,-14.680449722821109,0.0102956117995716,0.2537612508536995,-0.2537612508536995,-52.79410106106898,0.9844391911228274,0.8930931201711422,1909.04432340305,2255.0493605091865
1.6144,-0.37821417881117414,-14.691699333425332,-14.701901015087342,0.010201681662010251,0.2540250250236227,-0.2540250250236227,-52.790945026519466,0.9844161455439628,0.8982973910342364,1944.3871602094603,2268.4309858484517
1.6152000000000002,-0.3767323660521171,-14.71330910907199,-14.723416171387871,0.010107062315881585,0.2542884502933589,-0.2542884502933589,-52.78778353542642,0.9843930590576394,0.9035413587989252,1980.7156047735984,2281.647125106524
1.616,-0.37525440291679124,-14.734983796064782,-14.744995544369512,0.010011748304728925,0.25455152003189596,-0.25455152003189596,-52.784616077386424,0.9843699315399432,0.9088253981039811,2018.0603436476283,2294.6719302384513
1.6168,-0.37378029153963716,-14.756723755349748,-14.766639489456994,0.009915734107245094,0.25481422758747385,-0.25481422758747385,-52.78144212930786,0.9843467628733406,0.9141498873538717,2056.4527679402077,2307.4774980695547
1.6176,-0.37231003405088536,-14.778529350762284,-14.788348364898896,0.009819014136611372,0.2550765662758181,-0.2550765662758181,-52.778261155492345,0.984323552945695,0.9195152088178298,2095.924941235046,2320.033725000024
1.6184,-0.3708436325794403,-14.800400949071955,-14.810122531811816,0.009721582739861323,0.25533852937104484,-0.25533852937104484,-52.775072607643935,0.9843003016494487,0.9249217487215721,2136.509558878582,2332.3081528484045
1.6192000000000002,-0.3693810892552589,-14.822338920025793,-14.831962354223098,0.009623434197306121,0.25560011009673644,-0.25560011009673644,-52.77187592484652,0.9842770088809459,0.9303698973328365,2178.2398974561975,2344.26580554921
1.62,-0.36792240621135797,-14.844343636390523,-14.853868199112437,0.009524562721913491,0.25586130161900655,-0.25586130161900655,-52.76867053348955,0.9842536745398608,0.9358600490424708,2221.1497531463233,2355.8690164648206
1.6208,-0.36646758558548403,-14.86641547399391,-14.875840436452616,0.00942496245870765,0.25612209703996314,-0.25612209703996314,-52.765455847164866,0.9842302985287209,0.9413926024416197,2265.2733675003797,2367.0772461314064
1.6216,-0.36501662952153463,-14.888554811765403,-14.897879439249577,0.009324627484174904,0.2563824893920241,-0.2563824893920241,-52.76223126653537,0.9842068807525024,0.9469679603960643,2310.6453390441998,2377.8468903340827
1.6224,-0.3635695401707637,-14.910762031776388,-14.919985583581985,0.009223551805597753,0.25664247163297205,-0.25664247163297205,-52.75899617917911,0.9841834211182878,0.9525865301182885,2357.3005189333003,2388.1310785024025
1.6232,-0.36212631969279213,-14.933037519280088,-14.942159248640493,0.009121729360406197,0.25690203664140654,-0.25690203664140654,-52.7557499594139,0.9841599195349788,0.958248723237522,2405.2738887199,2397.8794625354262
1.624,-0.3606869702564912,-14.955381662751371,-14.964400816766823,0.009019154015451773,0.2571611772127085,-0.2571611772127085,-52.752491968101964,0.9841363759130467,0.9639549558687526,2454.6004181055064,2407.0379963107484
1.6248,-0.3592514940407338,-14.977794853926385,-14.9867106734927,0.008915819566314181,0.25741988605545885,-0.25741988605545885,-52.74922155244048,0.9841127901643218,0.9697056486805473,2505.3149003588987,2415.5487063081114
1.6256,-0.3578198932350491,-15.000277487842368,-15.009089207578874,0.008811719736505597,0.2576781557877439,-0.2576781557877439,-52.74593804573957,0.9840891622018111,0.9755012269623203,2557.4517628791987,2423.3494539898047
1.6264,-0.35639217004016893,-15.022829962877482,-15.031536811054185,0.008706848176705624,0.2579359789343698,-0.2579359789343698,-52.74264076718821,0.9840654919395448,0.981342120690869,2611.0448501771616,2430.3736908326505
1.6272,-0.3549683266685322,-15.045452680790863,-15.054053879254774,0.008601198463911268,0.258193347923509,-0.258193347923509,-52.73932902160578,0.9840417792924407,0.9872287645969559,2666.1271763406917,2436.5502072051754
1.6280000000000001,-0.35354836534470385,-15.068146046762976,-15.076640810863577,0.00849476410060213,0.2584502550840284,-0.2584502550840284,-52.736002099190145,0.9840180241761879,0.9931615982317075,2722.730643845705,2441.802876635301
1.6288,-0.3521322883057577,-15.090910469436189,-15.09929800795004,0.00838753851384949,0.2587066926431021,-0.2587066926431021,-52.732659275249716,0.9839942265071449,0.9991410660330766,2780.885725376109,2446.0503974241474
1.6296,-0.350720097801595,-15.113746360955771,-15.122025876010154,0.008279515054384751,0.258962652723028,-0.258962652723028,-52.72929980993406,0.9839703862022546,1.0051676173924193,2840.621105136194,2449.206034037938
1.6304,-0.34931179609524377,-15.136654137011254,-15.144824824006914,0.008170686995659909,0.2592181273392953,-0.2592181273392953,-52.72592294795099,0.9839465031789663,1.011241706721535,2901.9632759807523,2451.1773612583575
1.6312,-0.34790738546311234,-15.159634216878189,-15.167695264411078,0.008061047532890487,0.25947310839796955,-0.25947310839796955,-52.72252791828066,0.9839225773551693,1.0173637935199584,2964.936088567004,2451.866014700252
1.6320000000000001,-0.3465068681952226,-15.182687023460446,-15.190637613242457,0.007950589782011507,0.2597275876929075,-0.2597275876929075,-52.7191139338797,0.9838986086491343,1.0235343424428462,3029.5602486594476,2451.167452018893
1.6328,-0.34511024659540956,-15.20581298333289,-15.213652290111565,0.007839306778675628,0.25998155690416525,-0.25998155690416525,-52.71568019138062,0.9838745969794636,1.029753823369251,3095.85275870998,2448.970729934266
1.6336,-0.3437175229815117,-15.229012526784683,-15.23673971826186,0.007727191477177797,0.2602350075949289,-0.2602350075949289,-52.712225870781594,0.9838505422650442,1.0360227114712035,3163.8262999126205,2445.1583031003947
1.6344,-0.3423286996855319,-15.252286087863038,-15.259900324612417,0.007614236749379662,0.2604879312095818,-0.2604879312095818,-52.7087501351356,0.9838264444250091,1.04234148728331,3233.488551113855,2439.605851846445
1.6352,-0.34094377905378537,-15.275634104417561,-15.283134539801129,0.007500435383568201,0.26074031907137396,-0.26074031907137396,-52.70525213022647,0.983802303378703,1.0487106367730326,3304.841441275795,2432.1821469127403
1.6360000000000001,-0.3395627634470399,-15.299057018145207,-15.306442798228554,0.007385780083346842,0.2609921623797504,-0.2609921623797504,-52.701730984244534,0.9837781190456499,1.0551306514119185,3377.8803326672273,2422.74896049418
1.6368,-0.33818565524063493,-15.322555274635777,-15.329825538102206,0.007270263466429967,0.26124345220847545,-0.26124345220847545,-52.69818580745361,0.9837538913455269,1.061602028247405,3452.5931326317937,2411.1610341794226
1.6376,-0.3368124568245946,-15.346129323418072,-15.353283201481558,0.007153878063487226,0.26149417950284715,-0.26149417950284715,-52.694615691850714,0.983729620198139,1.0681252699756003,3528.959332691011,2397.266115717199
1.6384,-0.3354431706037283,-15.369779618006703,-15.376816234323572,0.007036616316868099,0.26174433507765116,-0.26174433507765116,-52.69101971082173,0.9837053055233984,1.0747008850148378,3606.9489749205436,2380.905077933037
1.6392,-0.3340777989977251,-15.393506615949475,-15.400425086528884,0.0069184705794070895,0.26199390961454583,-0.26199390961454583,-52.687396918792935,0.9836809472413054,1.0813293875801613,3686.521547036433,2361.9121345244516
1.6400000000000001,-0.3327163444412533,-15.417310778875555,-15.424110211988655,0.006799433113101433,0.2622428936596748,-0.2622428936596748,-52.68374635087102,0.983656545271928,1.088011297758939,3767.62480948511,2340.1151688377313
1.6408,-0.3313588093840153,-15.4411925725442,-15.447872068632034,0.0066794960878347465,0.2624912776210522,-0.2624912776210522,-52.68006702248346,0.9836320995353927,1.0947471415868841,3850.1935600900915,2315.3361930188503
1.6416,-0.330005196290846,-15.46515246689432,-15.471711118474364,0.006558651580042535,0.26273905176628887,-0.26273905176628887,-52.67635792900762,0.9836076099518649,1.1015374511257552,3934.148344508875,2287.3919560575655
1.6424,-0.32865550764177653,-15.489190936094664,-15.495627827665997,0.006436891571333066,0.262986206219864,-0.262986206219864,-52.672618045397385,0.9835830764415385,1.1083827645416353,4019.3941239263627,2256.094720124624
1.6432,-0.32730974593208473,-15.513308458594748,-15.519622666541881,0.0063142079471329455,0.26323273096062394,-0.26323273096062394,-52.66884632580444,0.983558498924628,1.1152836261841228,4105.8189150780145,2221.253225122385
1.6440000000000001,-0.3259679136723783,-15.537505517176612,-15.543696109671863,0.006190592495249488,0.26347861581905363,-0.26347861581905363,-52.66504170318755,0.9835338773213533,1.1222405866671241,4193.292421859608,2182.673861405978
1.6448,-0.3246300133886368,-15.561782599007245,-15.567848635911686,0.006066036904438519,0.26372385047454827,-0.26372385047454827,-52.66120308892521,0.983509211551935,1.1292542029501478,4281.664682422128,2140.1620700409935
1.6456,-0.3232960476222735,-15.586140195691854,-15.592080728454786,0.005940532762933266,0.2639684244527416,-0.2639684244527416,-52.657329372412164,0.9834845015365842,1.136325038421072,4370.764760721283,2093.5239885788183
1.6464,-0.32196601893017934,-15.610578803327913,-15.616392874884852,0.005814071556938192,0.2642123271227774,-0.2642123271227774,-52.6534194206582,0.9834597471954966,1.1434536629798155,4460.399516901516,2042.5683579845645
1.6472,-0.3206399298847832,-15.635098922560022,-15.640785567229134,0.005686644669110887,0.2644555476941832,-0.2644555476941832,-52.64947207787853,0.9834349484488442,1.1506406531233797,4550.352496512102,1987.1087028599622
1.6480000000000001,-0.3193177830740878,-15.659701058635605,-15.665259302012604,0.0055582433769992366,0.2646980752143122,-0.2646980752143122,-52.645486165072654,0.9834101052167712,1.157886592031817,4640.38298418875,1926.9657922944991
1.6488,-0.31799958110171717,-15.684385721461426,-15.68981458031288,0.005428858851453147,0.2649398985650464,-0.2649398985650464,-52.64146047960733,0.9833852174193889,1.1651920696555031,4730.225272835528,1861.970382390969
1.6496,-0.3166853265869618,-15.709153425661045,-15.714451907816036,0.005298482154991518,0.2651810064600113,-0.2651810064600113,-52.637393794782085,0.983360284976769,1.1725576828037179,4819.5882041991645,1791.9662336236024
1.6503999999999999,-0.31537502216481705,-15.734004690633043,-15.739171794873226,0.005167104240182298,0.26542138744127897,-0.26542138744127897,-52.633284859398856,0.9833353078089404,1.179984035234281,4908.155040651654,1716.813386628284
1.6512,-0.3140686704860224,-15.758940040610243,-15.76397475655817,0.005034715947927665,0.2656610298763553,-0.2656610298763553,-52.62913239731888,0.9833102858358861,1.1874717377445387,4995.5837305518735,1636.391668800905
1.6520000000000001,-0.31276627421710523,-15.783960004719768,-15.788861312725528,0.004901308005760325,0.2658999219549969,-0.2658999219549969,-52.62493510701543,0.983285218977537,1.195021408263692,5081.50763024105,1550.6043913025853
1.6528,-0.31146783604040323,-15.809065117044089,-15.813831988070197,0.0047668710261104495,0.2661380516855729,-0.2661380516855729,-52.62069166112163,0.9832601071537731,1.2026336719461341,5165.536744024975,1459.3821819782304
1.6536,-0.31017335865412005,-15.834255916682995,-15.838887312187495,0.004631395504498909,0.2663754068921662,-0.2663754068921662,-52.61640070597076,0.9832349502844151,1.2103091612666341,5247.259538874036,1362.6868846750017
1.6543999999999999,-0.30888284477234007,-15.859532947816543,-15.86402781963429,0.004494871817747368,0.26661197521076474,-0.26661197521076474,-52.61206086113059,0.9832097482892268,1.2180485161162422,5326.245382558096,1260.5154400639008
1.6552,-0.30759629712507813,-15.884896759768981,-15.889254049991075,0.004357290222093449,0.26684774408590783,-0.26684774408590783,-52.607670718932084,0.983184501087909,1.2258523839001083,5402.047642122172,1152.9036480481082
1.6560000000000001,-0.30631371845830174,-15.910347907073659,-15.914566547924998,0.004218640851338164,0.26708270076721874,-0.26708270076721874,-52.60322884399151,0.9831592086001,1.2337214196362558,5474.207463766263,1039.929698100506
1.6568,-0.30503511153397367,-15.93588694953901,-15.939965863253926,0.004078913714919579,0.2673168323053119,-0.2673168323053119,-52.59873377272821,0.9831338707453705,1.2416562860561517,5542.258235277942,921.7173424512756
1.6576,-0.30376047913006915,-15.96151445231557,-15.965452551011479,0.003938098695910778,0.267550125548496,-0.267550125548496,-52.594184012873555,0.983108487443226,1.249657653706315,5605.73070842298,798.4385790996681
1.6583999999999999,-0.30248982404061925,-15.987230985964016,-15.991027171513101,0.0037961855490847526,0.26778256713873816,-0.26778256713873816,-52.58957804297758,0.9830830586131016,1.257726201051716,5664.158731685886,670.3157083223434
1.6592,-0.3012231490757388,-16.013037126524345,-16.016690290423174,0.003653163898828373,0.26801414350774166,-0.26801414350774166,-52.5849143119056,0.9830575841743615,1.2658626145805498,5717.085514394508,537.6226288072854
1.6600000000000001,-0.299960457061649,-16.0389334555861,-16.04244247882319,0.0035090232370904957,0.26824484087296696,-0.26824484087296696,-52.58019123833168,0.9830320640462993,1.2740675889103121,5764.070312840801,400.6852486891968
1.6608,-0.2987017508407156,-16.064920560359763,-16.068284313281026,0.0033637529212639373,0.2684746452333684,-0.2684746452333684,-52.57540721022848,0.9830064981481346,1.28234182689577,5804.695399147964,259.8809032338904
1.6616,-0.2974470332714746,-16.090999033749334,-16.094216375921345,0.0032173421720109443,0.2687035423655857,-0.2687035423655857,-52.57056058434521,0.982980886399013,1.2906860397382067,5838.573146216617,115.63669493390297
1.6623999999999999,-0.29619630722866075,-16.117169474425996,-16.120239254497083,0.0030697800710880463,0.2689315178192828,-0.2689315178192828,-52.5656496856852,0.9829552287180046,1.299100947096383,5865.35303914379,-31.573296969917095
1.6632,-0.2949495756032354,-16.143432486903038,-16.146353542462116,0.002921055559079671,0.2691585569129984,-0.2691585569129984,-52.56067280697706,0.9829295250241037,1.3075872771989936,5884.728407078427,-181.23195292935458
1.6640000000000001,-0.2937068413024161,-16.169788681611937,-16.17255983904508,0.0027711574331388206,0.26938464472937085,-0.26938464472937085,-52.55562820813925,0.9829037752362274,1.3161457669588672,5896.442661396174,-332.78416843975066
1.6648,-0.2924681072497006,-16.196238674979774,-16.198858749324394,0.0026200743446210444,0.26960976611110254,-0.26960976611110254,-52.550514115739375,0.9828779792732164,1.3247771620886892,5900.294827800975,-485.64295603504627
1.6656,-0.2912333763849008,-16.222783089507825,-16.225250884304568,0.002467794796746654,0.2698339056555028,-0.2698339056555028,-52.545328722451075,0.9828521370538317,1.3334822172186316,5896.144172373558,-639.1964761973086
1.6663999999999999,-0.29000265166416095,-16.24942255385151,-16.251736860993645,0.00231430714213498,0.270057047710452,-0.270057047710452,-52.540070186501254,0.9828262484967567,1.3422616960153888,5883.913744856744,-792.8158365454011
1.6672,-0.28877593605999147,-16.27615770290161,-16.278317302481977,0.002159599580368766,0.2702791763689447,-0.2702791763689447,-52.53473663111591,0.9828003135205954,1.3511163713032104,5863.592695940172,-945.8634611805959
1.6680000000000001,-0.28755323256130066,-16.30298917786685,-16.30499283802228,0.00200366015543442,0.27050027546431465,-0.27050027546431465,-52.52932614396285,0.9827743320438707,1.3600470251866523,5835.237267518553,-1097.7018026574215
1.6688,-0.28633454417340687,-16.329917626357815,-16.331764103111016,0.0018464767532000745,0.27072032856511896,-0.27072032856511896,-52.523836776582854,0.9827483039850271,1.3690544491748946,5798.970403618939,-1247.7021499179411
1.6696,-0.2851198739180748,-16.356943702472392,-16.358631739571127,0.0016880370987328234,0.27093931896968115,-0.27093931896968115,-52.51826654382489,0.9827222292624281,1.378139444308189,5754.979982119174,-1395.2532781922064
1.6703999999999999,-0.2839092248335424,-16.384068066882435,-16.38559639563612,0.0015283287536865073,0.2711572297009752,-0.2711572297009752,-52.51261342327158,0.9826961077943565,1.387302821286027,5703.51572034137,-1539.7696919967543
1.6712,-0.2827025999745423,-16.411291386922066,-16.412658726035577,0.0013673391135132066,0.2713740435008276,-0.2713740435008276,-52.506875354665425,0.9826699394990139,1.3965454005971436,5644.884857854058,-1680.699229699874
1.6720000000000002,-0.2815000024123346,-16.43861433667732,-16.43981939208204,0.0012050554047201645,0.27158974282446025,-0.27158974282446025,-52.50105023932365,0.9826437242945205,1.4058680126515377,5579.44676431655,-1817.529826498178
1.6728,-0.28030143523472073,-16.466037597077413,-16.467079061759424,0.001041464682012077,0.2718043098348062,-0.2718043098348062,-52.4951359395584,0.982617462098917,1.4152714979142076,5507.60665639001,-1949.7952701069155
1.6736,-0.2791069015460866,-16.4935618559875,-16.494438409812886,0.0008765538253881361,0.27201772639637056,-0.27201772639637056,-52.48913027808974,0.9825911528301602,1.4247567070413645,5429.808633746751,-2077.0798274375647
1.6743999999999999,-0.2779164044674143,-16.52118780830299,-16.5218981178402,0.0007103095372053757,0.2722299740692051,-0.2722299740692051,-52.483031037452996,0.9825647964061267,1.4343245010180037,5346.5282589878025,-2199.021668108019
1.6752,-0.27672994713631366,-16.548916156045532,-16.549458874384673,0.000542718339140799,0.2724410341029966,-0.2724410341029966,-52.476835959410664,0.9825383927446115,1.4439757512980118,5258.264909638857,-2315.315058797814
1.6760000000000002,-0.27554753270705223,-16.57674760846055,-16.577121375029666,0.0003737665691158961,0.2726508874304159,-0.2726508874304159,-52.47054274435416,0.9825119417633268,1.453711339946186,5165.534122979003,-2425.7113484009196
1.6768,-0.2743691643505678,-16.604682882116535,-16.604886322494693,0.00020344037816038467,0.27285951466063807,-0.27285951466063807,-52.464149050708656,0.982485443379905,1.4635321597821598,5068.8601375891585,-2530.0188052135277
1.6776,-0.27319484525450777,-16.63272270100602,-16.632754426733236,3.1725727213216476e-05,0.273066896072919,-0.273066896072919,-52.45765249433515,0.9824588975118955,1.4734391145269023,4968.768811040524,-2628.1014021526207
1.6784,-0.27202457862324775,-16.66086779664828,-16.6607264050321,0.0001413916161777541,0.2732730116096036,-0.2732730116096036,-52.451050647928945,0.9824323040767671,1.48343311895101,4865.781063232271,-2719.8766730112325
1.6792,-0.2708583676779215,-16.689118908193823,-16.688802982112644,0.0003159260811774322,0.27347784086924776,-0.27347784086924776,-52.44434104042205,0.9824056629919058,1.4935150990254682,4760.406961786854,-2805.312781453252
1.6800000000000002,-0.2696962156564432,-16.71747678253068,-16.71698489023362,0.0004918922970624349,0.27368136309922875,-0.27368136309922875,-52.437521156381486,0.9823789741746166,1.5036859920744559,4653.140531788602,-2884.424954889369
1.6808,-0.2685381258135328,-16.745942174392596,-16.745272869295864,0.0006693050967311228,0.27388355718875346,-0.27388355718875346,-52.43058843540681,0.9823522375421236,1.5139467469305503,4544.4553389238545,-2957.2714381281685
1.6816,-0.26738410142074376,-16.77451584646908,-16.77366766694884,0.0008481795202418078,0.2740844016612414,-0.2740844016612414,-52.423540271530385,0.9823254530115695,1.5242983240923196,4434.800864326196,-3023.9491177302834
1.6824,-0.2662341457664844,-16.803198569517388,-16.802170038698943,0.001028530818443785,0.2742838746664802,-0.2742838746664802,-52.41637401261823,0.9822986205000159,1.5347416958841007,4324.599662311514,-3084.588958531009
1.6832,-0.26508826215605374,-16.831991122476495,-16.830780748019805,0.0012103744566886886,0.2744819539728951,-0.2744819539728951,-52.40908695977012,0.9822717399244424,1.545277846618488,4214.2452694567155,-3139.351380183546
1.6840000000000002,-0.2639464539116521,-16.86089429258304,-16.859500566464448,0.0013937261185952034,0.27467861695947704,-0.27467861695947704,-52.40167636672651,0.9822448112017496,1.5559077727607877,4104.100815492039,-3188.4216851599945
1.6848,-0.2628087243724206,-16.889908875489407,-16.888330273779463,0.0015786017099433639,0.2748738406075404,-0.2748738406075404,-52.39413943926964,0.9822178342487561,1.5666324830964924,3994.4982732570925,-3232.0056316889536
1.6856,-0.26167507689445735,-16.91903567538386,-16.917270658021256,0.0017650173626049248,0.2750676014920259,-0.2750676014920259,-52.38647333463508,0.9821908089822008,1.5774529989009132,3885.738276266086,-3270.325226713242
1.6864,-0.2605455148508473,-16.9482755051128,-16.94632251567424,0.0019529894385600006,0.2752598757731448,-0.2752598757731448,-52.3786751609233,0.982163735318742,1.588370354111544,3778.0904277856284,-3303.6147960223693
1.6872,-0.2594200416316862,-16.97762918630529,-16.97548665177124,0.0021425345340492005,0.27545063918717005,-0.27545063918717005,-52.370741976516896,0.9821366131749587,1.5993855955029814,3671.794024175673,-3332.1173719521366
1.6880000000000002,-0.2582986606441099,-17.007097549499726,-17.004763880015982,0.0023336694837446026,0.27563986703745513,-0.27563986703745513,-52.36267078949946,0.9821094424673489,1.6104997828646006,3567.0591169448485,-3356.0814239334663
1.6888,-0.257181375312315,-17.03668143427289,-17.034155022907825,0.0025264113650649953,0.2758275341849412,-0.2758275341849412,-52.354458557085344,0.9820822231123322,1.6217139891807655,3464.0678418796115,-3375.757944014514
1.6896,-0.2560681890775863,-17.066381689371294,-17.063660911868727,0.0027207775025650228,0.2760136150387211,-0.2760136150387211,-52.34610218504888,0.9820549550262485,1.6330293008139636,3362.9759491122895,-3391.397888408844
1.6904,-0.25495910539832545,-17.096199172844912,-17.093282387372494,0.00291678547241758,0.27619808354609177,-0.27619808354609177,-52.337598527164964,0.9820276381253586,1.644446817690687,3263.914474542752,-3403.2499671427454
1.6912,-0.253854127750068,-17.126134752183376,-17.12302029907639,0.0031144531069856336,0.2763809131823791,-0.2763809131823791,-52.32894438465707,0.9820002723258457,1.6559676534900283,3166.9915001470335,-3411.5587668900316
1.6920000000000002,-0.25275325962552503,-17.156189304454635,-17.15287550595511,0.003313798499525982,0.276562076940877,-0.276562076940877,-52.320136505650595,0.9819728575438126,1.6675929358355288,3072.293958003981,-3416.5631869262297
1.6928,-0.2516565045345903,-17.18636371644619,-17.18284887643723,0.003514840008961323,0.2767415473216488,-0.2767415473216488,-52.31117158463668,0.9819453936952857,1.6793238064894556,2979.8894400387017,-3418.495164600115
1.6936,-0.2505638660043774,-17.21665888480896,-17.212941288544187,0.0037175962647708633,0.27691929632112533,-0.27691929632112533,-52.30204626194861,0.9819178806962132,1.6911614215505706,2889.8279822927925,-3417.57866457344
1.6944,-0.24947534757925008,-17.24707571620375,-17.243153630031745,0.003922086172002409,0.2770952954209065,-0.2770952954209065,-52.29275712324408,0.9818903184624644,1.7031069516548045,2802.1437988264074,-3414.0289050920455
1.6952,-0.24839095282082832,-17.277615127450495,-17.273486798534137,0.004128328916357757,0.2772695155758811,-0.2772695155758811,-52.28330069900048,0.9818627069098341,1.7151615821786623,2716.8569460378053,-3408.051794491681
1.6960000000000002,-0.24731068530803624,-17.308278045680265,-17.30394170171081,0.004336343969456625,0.27744192720268757,-0.27744192720268757,-52.273673464027716,0.9818350459540383,1.7273265134464766,2633.974903203786,-3399.843551804898
1.6968,-0.24623454863711836,-17.339065408490104,-17.33451925739597,0.0045461510941325126,0.2776125001678338,-0.2776125001678338,-52.26387183698514,0.9818073355107167,1.739602960940352,2553.49405938606,-3389.5904865367356
1.6976,-0.24516254642166543,-17.369978164100853,-17.36522039375092,0.0047577703499332704,0.27778120377479354,-0.27778120377479354,-52.253892179920626,0.9817795754954332,1.7519921555135811,2475.401100533974,-3377.468914252855
1.6984,-0.24409468229263823,-17.401017271517855,-17.396046049419176,0.00497122209867786,0.2779480067517852,-0.2779480067517852,-52.24373079782061,0.9817517658236758,1.7644953436073263,2399.6742936790165,-3363.645186443658
1.6992,-0.24303095989839973,-17.432183700694758,-17.426997173684576,0.00518652701018033,0.2781128772382999,-0.2781128772382999,-52.23338393817891,0.9817239064108576,1.7771137874708156,2326.284667612752,-3348.275815078721
1.7000000000000002,-0.2419713829047377,-17.463478432700413,-17.45807472663232,0.005403706068092836,0.27827578277174325,-0.27827578277174325,-52.222847790580914,0.9816959971723156,1.7898487653849038,2255.1970914262083,-3331.507674263222
1.7008,-0.24091595499488838,-17.494902459888962,-17.489279679313107,0.005622780575853308,0.2784366902739066,-0.2784366902739066,-52.2121184863061,0.9816680380233135,1.8027015718890902,2186.3712538256245,-3313.4782633821746
1.7016,-0.23986467986957433,-17.526456786073226,-17.5206130139104,0.005843772162827561,0.2785955660364152,-0.2785955660364152,-52.20119209795337,0.9816400288790386,1.8156735180124497,2119.7625472893305,-3294.3160180221735
1.7024,-0.2388175612470143,-17.558142426701345,-17.552075723910793,0.006066702790553338,0.27875237570663103,-0.27875237570663103,-52.19006463907927,0.9816119696546055,1.828765931507689,2055.3228619507163,-3274.14065675858
1.7032,-0.23777460286295335,-17.589960409036895,-17.58366881427779,0.0062915947591065825,0.27890708427219124,-0.27890708427219124,-52.17873206386799,0.981583860265057,1.8419801570892473,1993.0012946379668,-3253.0635535645315
1.7040000000000002,-0.2367358084707038,-17.621911772342436,-17.615393301628764,0.006518470713673993,0.2790596560461722,-0.2790596560461722,-52.167190266814856,0.9815557006253596,1.8553175566753952,1932.7447788218396,-3231.1881271265897
1.7048,-0.2357011818411567,-17.653997568066686,-17.64725021441546,0.0067473536512248624,0.27921005465094595,-0.27921005465094595,-52.15543508243875,0.9815274906504086,1.8687795096337187,1874.4986413613035,-3208.6102397329723
1.7056,-0.23467072676281026,-17.68621886003534,-17.679240593107966,0.006978266927374887,0.279358243002207,-0.279358243002207,-52.14346228501984,0.9814992302550272,1.88236741303077,1818.2070919332145,-3185.418599633894
1.7064,-0.2336444470417981,-17.71857672464559,-17.7113654903822,0.007211234263391901,0.27950418329220383,-0.27950418329220383,-52.13126758835878,0.9814709193539666,1.8960826818857717,1763.8136509174249,-3161.6951618666817
1.7072,-0.23262234650191813,-17.751072251064514,-17.743625971311157,0.0074462797533571086,0.27964783697279927,-0.27964783697279927,-52.118846645571125,0.9814425578619066,1.909926749428343,1711.2615213118418,-3137.515523495007
1.7080000000000002,-0.23160442898466124,-17.78370654143132,-17.7760231135598,0.007683427871523447,0.27978916473762183,-0.27978916473762183,-52.10619504890265,0.9814141456934548,1.9239010673604648,1660.4939099958306,-3112.9493100438403
1.7088,-0.23059069834922513,-17.816480711063697,-17.80855800758387,0.007922703479826761,0.2799281265043305,-0.2799281265043305,-52.09330832957926,0.9813856827631501,1.9380071061223565,1611.454303363887,-3088.0605506279758
1.7096,-0.22958115847255645,-17.84939588866819,-17.84123175683262,0.008164131835573078,0.2800646813958565,-0.2800646813958565,-52.08018195768592,0.9813571689854601,1.9522463551632108,1564.0867020304993,-3062.9080398837787
1.7104,-0.22857581324937262,-17.88245321655483,-17.8740454779555,0.008407738599328153,0.28019878772113316,-0.28019878772113316,-52.06681134208316,0.9813286042747817,1.966620323216003,1518.3358189732085,-3037.545685332426
1.7112,-0.22757466659217457,-17.915653850856017,-17.90700030101304,0.008653549842979478,0.28033040295599676,-0.28033040295599676,-52.05319183034753,0.9812999885454459,1.981130538576516,1474.1472451441452,-3012.022839237465
1.7120000000000002,-0.2265777224313006,-17.948998961749854,-17.940097369691873,0.008901592057982452,0.2804594837223249,-0.2804594837223249,-52.03931870875846,0.9812713217117112,1.9957785493877769,1431.467586248387,-2986.384614381049
1.7128,-0.22558498471493413,-17.98248973368797,-17.973337841524124,0.0091518921638478,0.280585985767857,-0.280585985767857,-52.02518720231144,0.9812426036877689,2.010565923928355,1390.24457406435,-2960.6721834812865
1.7136,-0.22459645740912948,-18.01612736562802,-18.006722888111234,0.00940447751678252,0.28070986394442343,-0.28070986394442343,-52.010792474776565,0.9812138343877437,2.025494250905646,1350.427155373314,-2934.9230622146756
1.7144,-0.22361214449784836,-18.04991307127083,-18.040253695352263,0.009659375918566547,0.2808310721862881,-0.2808310721862881,-51.99612962879242,0.9811850137256919,2.0405651397542806,1311.9655612726126,-2909.171376002195
1.7152,-0.22263204998298478,-18.0838480793025,-18.073931463676832,0.00991661562566528,0.2809495634872974,-0.2809495634872974,-51.98119370600057,0.9811561416156024,2.055780220939298,1274.8113593726207,-2883.44811087104
1.7160000000000002,-0.22165617788438519,-18.117933633641357,-18.107757408282847,0.01017622535850763,0.28106528987791535,-0.28106528987791535,-51.965979687220795,0.981127217971399,2.071141146264173,1238.917491122643,-2857.7813488228317
1.7168,-0.22068453223988846,-18.152170993690127,-18.141732759379064,0.010438234311063936,0.281178202400838,-0.281178202400838,-51.950482492672485,0.9810982427069377,2.086649589184507,1204.2382962746512,-2832.196488228551
1.7176,-0.21971711710533834,-18.186561434593266,-18.17585876243267,0.010702672160597459,0.28128825108694855,-0.28128825108694855,-51.934696982236815,0.9810692157360106,2.1023072451263762,1170.7295262768107,-2806.7164498359775
1.7184,-0.21875393655461667,-18.221106247499637,-18.21013667842194,0.010969569077701542,0.28139538492951033,-0.28139538492951033,-51.91861795576615,0.9810401369723452,2.1181158318104916,1138.3483481906296,-2781.361869019904
1.7192,-0.2177949946796799,-18.255806739830696,-18.244567784094134,0.011238955736565744,0.2814995518582464,-0.2814995518582464,-51.90224015343696,0.9810110063296024,2.134077089581884,1107.0533405446101,-2756.151274933758
1.7200000000000002,-0.21684029559057377,-18.29066423555425,-18.27915337222876,0.011510863325491269,0.28160069871250926,-0.28160069871250926,-51.88555825615814,0.9809818237213802,2.150192781744763,1076.8044823736761,-2731.101257235965
1.7208,-0.21588984341546036,-18.32568007546404,-18.313894751906336,0.0117853235577033,0.28169877121348463,-0.28169877121348463,-51.86856688601773,0.9809525890612145,2.166464694903332,1047.5631365458696,-2706.2266210674907
1.7216,-0.2149436423006575,-18.360855617465237,-18.34879324878284,0.012062368682393741,0.2817937139360538,-0.2817937139360538,-51.8512606067892,0.9809233022625764,2.1828946393087083,1019.2920283445136,-2681.540530952193
1.7224,-0.21400169641065614,-18.396192236865915,-18.383850205369846,0.012342031496069878,0.281885470278894,-0.281885470278894,-51.833633924483486,0.9808939632388753,2.1994844492113637,991.9552201546171,-2657.0546442794853
1.7232,-0.2130640099281515,-18.431691326674834,-18.419066981320636,0.012624345354195647,0.28197398243486305,-0.28197398243486305,-51.815681287955144,0.9808645719034587,2.2162359832199123,965.5180829952502,-2632.779235011213
1.7240000000000002,-0.2121305870540693,-18.4673542979055,-18.4544449537224,0.012909344183100666,0.2820591913595081,-0.2820591913595081,-51.79739708956215,0.9808351281696126,2.2331511246660054,939.9472655443644,-2608.7233082335324
1.7248,-0.21120143200759317,-18.50318257988684,-18.48998551739462,0.013197062492218928,0.28214103673894897,-0.28214103673894897,-51.778775665881795,0.9808056319505628,2.250231781975643,915.210661217249,-2584.894706150269
1.7256,-0.21027654902619636,-18.539177620580563,-18.52569008519391,0.01348753538665078,0.28221945695713657,-0.28221945695713657,-51.759811298474105,0.9807760831594736,2.267479889047113,891.2773737845948,-2561.3002060880467
1.7264,-0.20935594236566535,-18.575340886905366,-18.561560088325358,0.013780798580006758,0.28229438906163296,-0.28229438906163296,-51.740498214715046,0.9807464817094504,2.2848974056352644,868.1176819490377,-2537.9456110562146
1.7272,-0.20843961630012672,-18.611673865068244,-18.597596976660608,0.01407688840763792,0.282365768728539,-0.282365768728539,-51.72083058867176,0.9807168275135393,2.3024863177428143,845.7030032399936,-2514.8358333762894
1.728,-0.2075275751220781,-18.648178060902943,-18.63380221906278,0.014375841840164017,0.28243353022617157,-0.28243353022617157,-51.70080254204825,0.9806871204847281,2.32024863801849,824.0058575343296,-2491.974971867699
1.7288000000000001,-0.20661982314241722,-18.68485500021603,-18.67017730371863,0.014677696497395443,0.28249760637800136,-0.28249760637800136,-51.680408145179086,0.9806573605359455,2.338186406162423,802.9998304644256,-2469.3663830483374
1.7296,-0.20571636469046836,-18.721706229140338,-18.706723738477756,0.014982490662581555,0.2825579285240565,-0.2825579285240565,-51.65964141809023,0.9806275475800631,2.3563016893386033,782.6595369348993,-2447.0127467813472
1.7304,-0.2048172041140016,-18.758733314496517,-18.743443051199446,0.01529026329706976,0.2826144264811319,-0.2826144264811319,-51.638496331613915,0.9805976815298968,2.3745965825946853,762.9605849336552,-2424.9161267723466
1.7312,-0.20392234577928225,-18.795937844162378,-18.780336790107047,0.015601054055332146,0.28266702850243064,-0.28266702850243064,-51.61696680856559,0.9805677622982033,2.393073209290027,743.8795397922249,-2403.0780262958506
1.732,-0.20303179407107275,-18.83332142745061,-18.817406524150215,0.01591490330039573,0.2827156612346471,-0.2827156612346471,-51.595046724981124,0.9805377897976866,2.4117337215303998,725.3938890229489,-2381.4994395047665
1.7328000000000001,-0.20214555339268234,-18.870885695494987,-18.854653843375303,0.016231852119685333,0.28276024967470903,-0.28276024967470903,-51.57272991141255,0.9805077639409934,2.4305803006118247,707.4820078373622,-2360.1808986528254
1.7336,-0.2012636281659849,-18.90863230164518,-18.89208035930388,0.016551942341300675,0.28280071712526933,-0.28280071712526933,-51.55001015428497,0.9804776846407164,2.4496151574717584,690.1231254294778,-2339.1225175378513
1.7344,-0.20038602283144816,-18.946562921870605,-18.929687705319886,0.016875216550718372,0.28283698514775324,-0.28283698514775324,-51.526881197316435,0.980447551809394,2.4688405331489474,673.2972920899896,-2318.3240314517707
1.7352,-0.19951274184816295,-18.984679255173383,-18.96747753706545,0.017201718107937566,0.2828689735148373,-0.2828689735148373,-51.50333674299256,0.9804173653595116,2.488258699251729,656.9853472021618,-2297.784833903618
1.736,-0.19864378969387453,-19.022983024010724,-19.00545153284559,0.01753149116513429,0.28289660016105245,-0.28289660016105245,-51.47937045410636,0.980387125203501,2.507871958435194,641.1688881570111,-2277.5040103624647
1.7368000000000001,-0.197779170865004,-19.061475974727074,-19.04361139404233,0.017864580684748613,0.2829197811316817,-0.2829197811316817,-51.45497595535262,0.9803568312537422,2.5276826448871264,625.8302402139439,-2257.4803692494165
1.7376,-0.19691888987668305,-19.100159877996088,-19.081958845538004,0.018201032458086207,0.28293843053029377,-0.28293843053029377,-51.430146834985536,0.9803264834225637,2.547693124823263,610.9524273236242,-2237.7124703912837
1.7384,-0.19606295126278173,-19.139036529272964,-19.12049563614852,0.01854089312444529,0.28295246046423017,-0.28295246046423017,-51.4048766465318,0.9802960816222424,2.5679057969920462,596.5191439213368,-2218.19865113253
1.7392,-0.19521135957593427,-19.1781077492572,-19.159223539066453,0.018884210190748235,0.2829617809885576,-0.2829617809885576,-51.37915891056242,0.9802656257650046,2.5883230931887695,582.5147276924114,-2198.9370502878646
1.74,-0.19436411938756842,-19.21737538436615,-19.198144352314397,0.019231032051753603,0.28296630004820145,-0.28296630004820145,-51.35298711651509,0.9802351157630278,2.6089474787797458,568.9241333053071,-2179.9256301039604
1.7408000000000001,-0.1935212352879384,-19.25684130721978,-19.237259899209,0.01958140801077858,0.282965923417521,-0.282965923417521,-51.32635472458414,0.9802045515284389,2.62978145323681,555.7329071030605,-2161.162196386108
1.7416,-0.19268271188614444,-19.29650741713668,-19.276572028835627,0.019935388301053143,0.28296055463897574,-0.28296055463897574,-51.2992551676514,0.9801739329733177,2.6508275506817283,542.9271627398628,-2142.6444169340652
1.7424,-0.19184855381017307,-19.33637564064203,-19.31608261653437,0.020293024107658084,0.28295009495883505,-0.28295009495883505,-51.27168185327414,0.9801432600096948,2.6720883404419222,530.49355774611,-2124.3698384199856
1.7432,-0.19101876570692017,-19.376447931987446,-19.35579356439737,0.02065436759007651,0.28293444326118333,-0.28293444326118333,-51.24362816572553,0.9801125325495531,2.6935664276166533,518.4192710026584,-2106.335901831558
1.744,-0.19019335224221334,-19.416726273683324,-19.395706801777933,0.021019471905389348,0.282913495999253,-0.282913495999253,-51.21508746808069,0.9800817505048308,2.7152644536543837,506.69198110283776,-2088.539956593793
1.7448000000000001,-0.18937231810085717,-19.457212677044005,-19.435824285811872,0.02138839123213277,0.28288714712516594,-0.28288714712516594,-51.186053104351295,0.9800509137874178,2.7371850969423357,495.2998455791696,-2070.979273474142
1.7456,-0.18855566798663925,-19.497909182745964,-19.47614800195112,0.02176118079484632,0.28285528801632154,-0.28285528801632154,-51.15651840166243,0.9800200223091614,2.7593310734068304,484.23148097038677,-2053.651056367825
1.7464,-0.18774340662239114,-19.538817861399675,-19.516679964510338,0.022137896889335443,0.2828178074003631,-0.2828178074003631,-51.12647667247225,0.97998907598186,2.781705137127159,473.4759437035812,-2036.5524530522916
1.7472,-0.18693553874998045,-19.57994081413524,-19.557422217226613,0.022518596908630912,0.28277459127627935,-0.28277459127627935,-51.09592121683251,0.979958074717272,2.8043100809603327,463.0227117654526,-2019.6805649933638
1.748,-0.18613206913037256,-19.6212801732024,-19.59837683383267,0.022903339369731712,0.2827255228340846,-0.2827255228340846,-51.064845324684086,0.9799270184271094,2.827148737180167,452.86166713667313,-2003.0324562786757
1.7488000000000001,-0.18533300254363505,-19.66283810258536,-19.63954591864422,0.023292183941141888,0.2826704823706905,-0.2826704823706905,-51.0332422781843,0.9798959070230435,2.8502239781283745,442.98307896267846,-1986.6051617484936
1.7496,-0.18453834378898304,-19.704616798632614,-19.68093160716144,0.023685191471174132,0.28260934720321984,-0.28260934720321984,-51.00110535406904,0.9798647404167028,2.873538716880029,433.3775874348386,-1970.3956943883854
1.7504,-0.18374809768480443,-19.746618490702588,-19.722536066685475,0.024082424017113628,0.2825419915795919,-0.2825419915795919,-50.96842782603848,0.9798335185196734,2.8970959079226106,424.0361883556087,-1954.401052043115
1.7512,-0.18296226906868207,-19.78884544182524,-19.76436149694998,0.02448394487525949,0.2824682865852992,-0.2824682865852992,-50.93520296716435,0.9798022412435022,2.9208985478491547,414.95021836193405,-1938.6182235066367
1.752,-0.18218086279743695,-19.831299949380238,-19.806410130768416,0.02488981861182151,0.28238810004722836,-0.28238810004722836,-50.90142405232528,0.9797709084996948,2.9449496760666856,406.11134078146625,-1923.0441940386158
1.7528000000000001,-0.18140388374714078,-19.873984345792294,-19.848684234697515,0.025300111094775573,0.2823012964344116,-0.2823012964344116,-50.867084360645364,0.9797395201997184,2.9692523755191864,397.5115320965359,-1907.6759503539977
1.7536,-0.18063133681316348,-19.916900999243936,-19.89118610971727,0.025714889526664196,0.2822077367541169,-0.2822077367541169,-50.83217717795638,0.9797080762550003,2.99380977342674,389.1430689916546,-1892.5104851285532
1.7544,-0.17986322691018422,-19.960052314406557,-19.93391809192817,0.026134222478384858,0.2821072784457783,-0.2821072784457783,-50.79669579925775,0.9796765765769315,3.018625042040108,380.99851596061467,-1877.5448010598234
1.7551999999999999,-0.17909955897223992,-20.003440733189976,-19.976882553265984,0.026558179923991274,0.28199977526946896,-0.28199977526946896,-50.76063353118905,0.9796450210768638,3.0437013994125186,373.070713450244,-1862.775914519898
1.756,-0.17834033795273777,-20.047068735511345,-20.020081902234743,0.026986833276606424,0.28188507719130484,-0.28188507719130484,-50.72398369448817,0.979613409666114,3.06904211018772,365.35276651820277,-1848.2008588335618
1.7568000000000001,-0.1775855688244972,-20.090938840083787,-20.063518584658432,0.027420255425350856,0.28176303026469895,-0.28176303026469895,-50.68673962645532,0.9795817422559616,3.094650486406181,357.8380339832994,-1833.8166872126371
1.7576,-0.17683525657977148,-20.13505360522554,-20.10719508445204,0.027858520773496286,0.28163347650632886,-0.28163347650632886,-50.648894683398964,0.9795500187576526,3.120529888328814,350.5201180471509,-1819.6204753750208
1.7584,-0.17608940623028596,-20.179415629690194,-20.151113924412456,0.028301705277734637,0.2814962537688075,-0.2814962537688075,-50.61044224306315,0.9795182390823964,3.1466837252798303,343.3928543670514,-1805.6093238745527
1.7591999999999999,-0.17534802280725628,-20.224027553518585,-20.195277667029877,0.02874988648870405,0.2813511956073853,-0.2813511956073853,-50.57137570703904,0.9794864031413711,3.1731154565080826,336.450302560409,-1791.7803601659361
1.76,-0.17461111136143276,-20.26889205891315,-20.23968891532039,0.029203143592762618,0.28119813114255976,-0.28119813114255976,-50.53168850314394,0.9794545108457193,3.1998285920688794,329.68673712201127,-1778.1307404268332
1.7608000000000001,-0.17387867696311568,-20.31401187113537,-20.284350313680278,0.029661557455092545,0.28103688491694356,-0.28103688491694356,-50.49137408776812,0.9794225621065534,3.2268266937254007,323.0966387359531,-1764.6576511576845
1.7616,-0.17315072470219656,-20.359389759427064,-20.329264548762946,0.03012521066411794,0.28086727674701706,-0.28086727674701706,-50.45042594818712,0.9793905568349529,3.2541133758718206,316.6746859648818,-1751.3583105780294
1.7624,-0.17242725968818134,-20.4050285379564,-20.374434350378973,0.030594187577422563,0.28068912156959414,-0.28068912156959414,-50.40883760481995,0.9793584949419669,3.2816923064775443,310.4157472998267,-1738.229969836717
1.7631999999999999,-0.171708287050223,-20.450931066789096,-20.419862492420094,0.031068574369004738,0.28050222928135327,-0.28050222928135327,-50.36660261345153,0.979326376338615,3.3095672080540393,304.3148735546223,-1725.269914051987
1.764,-0.1709938119371532,-20.497100252886057,-20.46555179380789,0.03154845907816537,0.2803064045731958,-0.2803064045731958,-50.32371456738361,0.9792942009358863,3.337741858644785,298.3672905895522,-1712.4754631961073
1.7648000000000001,-0.17028383951750825,-20.543539051127855,-20.511505119467955,0.03203393165990027,0.28010144675795345,-0.28010144675795345,-50.28016709953295,0.9792619686447424,3.36622009283868,292.56839234950195,-1699.8439728381325
1.7656,-0.169578374979564,-20.590250465367326,-20.557725381330396,0.032525084036934125,0.27988714959116123,-0.27988714959116123,-50.2359538844598,0.9792296793761165,3.3950058028084467,286.91373420254126,-1687.3728347572126
1.7664,-0.1688774235313659,-20.637237549510964,-20.604215539357508,0.03302201015345539,0.27966330108506554,-0.27966330108506554,-50.19106864031818,0.9791973330409142,3.4241029393742455,281.3990265654473,-1675.0594774379435
1.7671999999999999,-0.16818099040075085,-20.684503408630057,-20.65097860259943,0.03352480603062668,0.27942968331535667,-0.27942968331535667,-50.145505130726626,0.9791649295500162,3.4535155130931394,276.02012880328056,-1662.9013664583333
1.768,-0.16748908083538908,-20.732051200102678,-20.698017630278812,0.03403356982386227,0.27918607221977254,-0.27918607221977254,-50.09925716655579,0.979132468814277,3.4832475953763637,270.7730433906928,-1650.8960047800451
1.7688000000000001,-0.16680170010281026,-20.7798841347874,-20.745335732905342,0.03454840188205523,0.2789322373897676,-0.2789322373897676,-50.05231860761761,0.9790999507445252,3.5133033196340313,265.653910323172,-1639.040932949917
1.7696,-0.16611885349043023,-20.828005478229947,-20.79293607342121,0.03506940480873802,0.2786679418525182,-0.2786679418525182,-50.00468336425719,0.9790673752515671,3.543686882448769,260.6590017669646,-1627.3337292209123
1.7704,-0.16544054630558105,-20.876418551903807,-20.840821868378498,0.03559668352531203,0.2783929418451976,-0.2783929418451976,-49.956345398838344,0.9790347422461858,3.574402544779524,255.78471693692507,-1615.772009600092
1.7711999999999999,-0.16476678387555788,-20.925126734485854,-20.88899638914951,0.03613034533634371,0.27810698657975763,-0.27810698657975763,-49.90729872711956,0.9790020516391397,3.6054546331965076,251.02757719206653,-1604.3534278305729
1.772,-0.1640975715476229,-20.974133463168393,-20.937462963171267,0.03667049999712396,0.27780981799810434,-0.27780981799810434,-49.85753741950835,0.9789693033411677,3.6368475411472216,246.3842213389027,-1593.0756753138367
1.7728000000000002,-0.16343291468905644,-21.023442235008606,-20.98622497522511,0.037217259783494654,0.2775011705173256,-0.2775011705173256,-49.80705560219085,0.9789364972629874,3.668585730256586,241.85140113337022,-1581.9364809782687
1.7736,-0.16277281868717577,-21.07305660831691,-21.035285868752872,0.03777073956403553,0.2771807707644598,-0.2771807707644598,-49.75584745813815,0.9789036333152967,3.7006737316607152,237.42597697227393,-1570.933611099322
1.7744,-0.16211728894937896,-21.122980204085447,-21.084649147210715,0.03833105687473202,0.27684833730040737,-0.27684833730040737,-49.70390722796808,0.9788707114087728,3.7331161473767054,233.10491376582226,-1560.0648690762505
1.7752,-0.16146633090316098,-21.173216707458092,-21.134318375461817,0.03889833199627266,0.2765035803321325,-0.2765035803321325,-49.651229210666855,0.9788377314540756,3.765917651708357,228.88527698307044,-1549.3280951700024
1.776,-0.16081994999615187,-21.223769869243398,-21.184297181209505,0.03947268803389369,0.27614620141298474,-0.27614620141298474,-49.59780776417193,0.9788046933618473,3.799082992690592,224.76422886255972,-1538.7211662064005
1.7768000000000002,-0.16017815169614724,-21.274643507472106,-21.23458925647195,0.040054251000158185,0.2757758931302874,-0.2757758931302874,-49.54363730578471,0.9787715970427134,3.832616993572939,220.7390247807394,-1528.2419952484845
1.7776,-0.1595409414911386,-21.32584150900065,-21.285198359100143,0.04064314990050722,0.2753923387799091,-0.2753923387799091,-49.4887123124404,0.9787384424072829,3.8665245543439624,216.80700977111013,-1517.8885312414986
1.7784,-0.15890832488934722,-21.37736783116239,-21.336128314340492,0.0412395168218955,0.27499521202673805,-0.27499521202673805,-49.43302732080439,0.9787052293661495,3.9008106532979387,212.96561518738434,-1507.6587586337614
1.7792,-0.15828030741924826,-21.429226503468122,-21.3873830164436,0.041843487024521626,0.27458417655083167,-0.27458417655083167,-49.37657692720463,0.9786719578298929,3.935480348645189,209.21235550423472,-1497.5506969763924
1.78,-0.15765689462960755,-21.481421629357847,-21.438966430320995,0.04245519903685658,0.2741588856779913,-0.2741588856779913,-49.31935578738297,0.978638627709079,3.970538780168156,205.54482524951896,-1487.5624005045663
1.7808000000000002,-0.15703809208950809,-21.53395738800535,-21.490882593251314,0.04307479475404022,0.27371898199476163,-0.27371898199476163,-49.261358616076016,0.9786052389142614,4.005991170924254,201.96069606215997,-1477.6919577028038
1.7816,-0.15642390538838816,-21.586838036177795,-21.543135616637976,0.04370241953982176,0.27326409694626363,-0.27326409694626363,-49.20258018640502,0.9785717913559817,4.041842828998044,198.45771387009435,-1467.9374908565296
1.7824,-0.15581434013606157,-21.64006791015218,-21.595729687819954,0.04433822233222518,0.2727938504165195,-0.2727938504165195,-49.143015329079844,0.9785382849447707,4.078099149303632,195.03369618300817,-1458.2971555920024
1.7832,-0.1552094019627648,-21.693651427690682,-21.64866907193767,0.04498235575301227,0.2723078502900762,-0.2723078502900762,-49.082658931412126,0.9785047195911476,4.114765615440266,191.68652949480781,-1448.769140406489
1.784,-0.15460909651916846,-21.747593090077196,-21.70195811385605,0.045634976221145575,0.2718056919944729,-0.2718056919944729,-49.02150593612939,0.9784710952056245,4.15184780160173,188.4141667909644,-1439.3516661904234
1.7848000000000002,-0.15401342947642327,-21.801897484217147,-21.755601240146664,0.04629624407048134,0.27128695802196034,-0.27128695802196034,-48.95955133998784,0.9784374116987037,4.189351374543354,185.21462515619803,-1430.0429857431182
1.7856,-0.15342240652619127,-21.85656928480316,-21.809602961131414,0.04696632367174637,0.2707512174298472,-0.2707512174298472,-48.89679019218591,0.9784036689808794,4.227282095607435,182.08598347805238,-1420.841383283447
1.7864,-0.15283603338066573,-21.91161325654889,-21.86396787298979,0.04764538355909956,0.2701980253177112,-0.2701980253177112,-48.83321759256422,0.9783698669626401,4.265645822809681,179.02638024220556,-1411.7451739568316
1.7872,-0.15225431577260673,-21.96703425649352,-21.91870065993211,0.04833359656140816,0.26962692228192964,-0.26962692228192964,-48.768828689596816,0.9783360055544692,4.304448512989425,176.03401141553476,-1402.7527033397173
1.788,-0.1516772594553887,-22.022837236379797,-21.973806096441336,0.04903113993846033,0.2690374338436641,-0.2690374338436641,-48.703618678170514,0.9783020846668421,4.3436962240263615,173.10712841313634,-1393.8623469425752
1.7888000000000002,-0.15110487020300611,-22.07902724510817,-22.029289049585827,0.04973819552233979,0.26842906985177706,-0.26842906985177706,-48.63758279714435,0.978268104210233,4.3833951171246035,170.24403614561555,-1385.0725097124762
1.7896,-0.15053715381012034,-22.135609431270154,-22.08515448140598,0.050454949864178276,0.2678013238569861,-0.2678013238569861,-48.570716326689805,0.9782340640951116,4.423551459169432,167.44309114326697,-1376.3816255360482
1.7904,-0.14997411609208924,-22.19258904576387,-22.141407451377365,0.05118159438651004,0.2671536724574253,-0.2671536724574253,-48.503014585412146,0.9781999642319456,4.464171625157528,164.70269975377406,-1367.7881567436534
1.7912,-0.14941576288499886,-22.24997144449486,-22.198053118953336,0.05191832554152356,0.26648557461288647,-0.26648557461288647,-48.434472927242034,0.9781658045312003,4.505262100704622,162.02131641031465,-1359.2905936155178
1.792,-0.14886210004568726,-22.30776209116562,-22.255096746190226,0.05266534497539333,0.26579647092688674,-0.26579647092688674,-48.36508673810652,0.9781315849033423,4.546829484633023,159.39744196704487,-1350.887453890419
1.7928000000000002,-0.14831313345179234,-22.365966560157236,-22.312543700458182,0.05342285969905412,0.26508578289428897,-0.26508578289428897,-48.29485143236571,0.978097305258836,4.588880491643491,156.82962209911102,-1342.5772822775562
1.7936,-0.1477688690017654,-22.424590539506863,-22.370399457241227,0.054191082265635,0.26435291211271306,-0.26435291211271306,-48.22376244902494,0.9780629655081492,4.631421955072909,154.31644576441914,-1334.358649972089
1.7944,-0.14722931261491234,-22.483639833984732,-22.428669603029835,0.054970230954898475,0.2635972394560895,-0.2635972394560895,-48.151815247710374,0.9780285655617512,4.674460829743483,151.85654372458598,-1326.2301541748188
1.7952,-0.14669447023142923,-22.543120368274614,-22.487359838309644,0.05576052996497538,0.2628181242073424,-0.2628181242073424,-48.07900530441341,0.9779941053301131,4.718004194905744,149.44858712254694,-1318.1904176164462
1.796,-0.14616434781242418,-22.60303819026207,-22.5464759806503,0.056562209611767,0.26201490314940656,-0.26201490314940656,-48.005328106998455,0.9779595847237114,4.762059257279388,147.09128611445246,-1310.2380880867345
1.7968000000000002,-0.1456389513399534,-22.663399474434552,-22.606023967898242,0.05737550653630846,0.2611868896104852,-0.2611868896104852,-47.93077915047568,0.977925003653027,4.806633354196797,144.78338855356736,-1302.3718379689362
1.7976,-0.1451182868170552,-22.724210525398234,-22.66600986147772,0.05820066392051654,0.2603333724622985,-0.2603333724622985,-47.85535393203575,0.9778903620285471,4.851733956852891,142.52367872402067,-1294.5903637797282
1.7984,-0.14460236026778145,-22.78547778151607,-22.726439849804372,0.05903793171170224,0.2594536150681961,-0.2594536150681961,-47.779047945843885,0.977855659760764,4.89736867366611,140.3109761223035,-1286.8923857149261
1.7992,-0.1440911777372252,-22.84720781867207,-22.78732025181587,0.059887566856199795,0.25854685417778,-0.25854685417778,-47.701856677596766,0.9778208967601795,4.9435452537547295,138.144134284554,-1279.2766472011924
1.8,-0.14358474529155932,-22.909407354167183,-22.848657520624513,0.060749833542669496,0.257612298766162,-0.257612298766162,-47.62377559883271,0.9777860729373022,4.990271590534334,136.0220396577395,-1271.7419144538958
