freq_ghz,s11_re,s11_im,s11_db,zactive_re_ohm,zactive_im_ohm
1.0,-0.061096985804761084,0.4281428516596728,-7.2806749584783645,62.094431294430635,65.40360870021337
1.0008,-0.059262536083482496,0.42645627286048426,-7.3194414843127635,62.47578065989925,65.41231610673844
1.0016,-0.05745620016232672,0.42478630532236605,-7.357853678006111,62.853807203837455,65.41932144251435
1.0024,-0.05567732358886979,0.4231327429203564,-7.395916097948038,63.22854975776055,65.42467327716435
1.0032,-0.05392527083475671,0.4214953807854575,-7.433633230189214,63.60004685241265,65.42841883842443
1.004,-0.0521994246552344,0.41987401541380726,-7.471009489712276,63.96833670924427,65.4306040486496
1.0048,-0.05049918547310624,0.4182684447654507,-7.508049221686316,64.33345723265451,65.43127356036565
1.0056,-0.04882397078610799,0.416678468353467,-7.544756702704248,64.69544600295391,65.43047079088643
1.0064,-0.04717321459673146,0.4151038873241438,-7.581136142002719,65.05434027000899,65.42823795601748
1.0072,-0.04554636686356363,0.4135445045288367,-7.617191682664472,65.41017694753192,65.42461610286537
1.008,-0.04394289297326732,0.41200012458812724,-7.652927402802588,65.76299260797742,65.41964514177344
1.0088,-0.04236227323234043,0.41047055394882775,-7.688347316726748,66.11282347801475,65.41336387740348
1.0096,-0.0408040023778547,0.40895560093436234,-7.723455376091136,66.45970543454081,65.40581003898338
1.0104,-0.03926758910639196,0.4074550757890085,-7.758255471023948,66.80367400120363,65.39702030974024
1.0112,-0.037752555620432414,0.4059687907164437,-7.792751431238637,67.14476434540867,65.38703035553817
1.012,-0.0362584371914942,0.40449655991303257,-7.826947027126508,67.48301127577658,65.3758748527402
1.0128,-0.03478478173933266,0.40303819959622994,-7.86084597083112,67.8184492400299,65.363587515313
1.0136,-0.03333114942655955,0.40159352802848086,-7.894451917304154,68.15111232327983,65.35020112119311
1.0144,-0.031897112268054466,0.40016236553694945,-7.927768465343018,68.48103424669118,65.33574753793302
1.0152,-0.03048225375457229,0.3987445345293908,-7.960799158610342,68.8082483665028,65.32025774764516
1.016,-0.02908616848998304,0.3973398595064723,-7.993547486635268,69.13278767338029,65.3037618712617
1.0168,-0.027708461841591057,0.3959481670708078,-8.026016885796881,69.45468479208225,65.28628919212733
1.0176,-0.026348749603018248,0.39456928593296703,-8.058210740289857,69.77397198141941,65.26786817894245
1.0184,-0.02500665766915114,0.39320304691470165,-8.090132383072376,70.09068113448788,65.24852650807365
1.0192,-0.02368182172266719,0.3918492829495984,-8.121785096796815,70.40484377916104,65.22829108524752
1.02,-0.022373886931694856,0.39050782908138315,-8.153172114722974,70.71649107881998,65.20718806664443
1.0208,-0.021082507658156373,0.389178522460052,-8.184296621614473,71.02565383331034,65.18524287940814
1.0216,-0.01980734717638335,0.38786120233602184,-8.215161754618197,71.33236248010763,65.16248024158634
1.0224,-0.018548077401601522,0.38655571005246114,-8.245770604127188,71.63664709567801,65.13892418151767
1.0232,-0.017304378627892913,0.3852618890359542,-8.276126214627249,71.93853739702239,65.11459805668005
1.024,-0.016075939275281607,0.3839795847856533,-8.306231585527291,72.23806274338743,65.08952457201455
1.0248,-0.014862455645572918,0.38270864486104045,-8.336089671973937,72.53525213813606,65.06372579773935
1.0256,-0.01366363168662275,0.3814489188684363,-8.36570338565038,72.83013423076179,65.03722318666752
1.0264,-0.012479178764705471,0.38020025844636623,-8.395075595559856,73.12273731903844,65.01003759104194
1.0272000000000001,-0.011308815444670207,0.3789625172498901,-8.424209128794075,73.41308935129491,64.98218927890113
1.028,-0.010152267277592811,0.37773555093400596,-8.453106771286592,73.70121792880359,64.95369794998815
1.0288,-0.009009266595632415,0.3765192171362085,-8.481771268551709,73.98715030827559,64.92458275121587
1.0296,-0.007879552313825132,0.37531337545830173,-8.510205326408855,74.27091340445183,64.89486229170029
1.0304,-0.00676286973854942,0.3741178874475399,-8.53841161169287,74.55253379278324,64.86455465737454
1.0312,-0.0056589703824120865,0.3729326165771712,-8.566392752950446,74.83203771219193,64.83367742519437
1.032,-0.00456761178531663,0.3717574282264589,-8.594151341122867,75.10945106790591,64.80224767694742
1.0328,-0.0034885573414819753,0.3705921896602422,-8.621689930215386,75.3847994343597,64.77028201267659
1.0336,-0.0024215761321867693,0.3694367700080933,-8.649011037953496,75.65810805815627,64.73779656372876
1.0344,-0.001366442764034312,0.36829104024313486,-8.676117146426254,75.92940186108149,64.70480700543939
1.0352,-0.00032293721252512535,0.36715487316056095,-8.703010702716995,76.19870544316763,64.67132856946273
1.036,0.0007091553292500553,0.3660281433559133,-8.72969411952165,76.4660430857988,64.63737605575822
1.0368,0.0017300445969891868,0.3649107272031592,-8.756169775754831,76.73143875485401,64.60296384424258
1.0376,0.0027399353968107845,0.3638025028326058,-8.782440017144095,76.99491610388255,64.56810590611674
1.0384,0.0037390277423052804,0.36270335010869625,-8.808507156812386,77.25649847730713,64.53281581487721
1.0392,0.004727516987181476,0.36161315060771504,-8.834373475849134,77.516208913651,64.49710675702056
1.04,0.005705593953657583,0.36053178759544124,-8.860041223870033,77.77407014878395,64.46099154244982
1.0408,0.006673445056756587,0.35945914600477685,-8.885512619565812,78.0301046191841,64.42448261459145
1.0416,0.007631252424650846,0.35839511241337363,-8.910789851240294,78.28433446521224,64.3875920602303
1.0424,0.008579194015195218,0.35733957502129304,-8.935875077337766,78.53678153439365,64.35033161907184
1.0432,0.009517443728788946,0.35629242362871205,-8.960770426960085,78.787467384707,64.31271269303834
1.044,0.010446171517690589,0.35525354961370337,-8.985478000373599,79.03641328787407,64.27474635530686
1.0448,0.011365543491915773,0.35422284591010783,-9.009999869506089,79.28364023265034,64.23644335909711
1.0456,0.012275722021837557,0.3532002069855117,-9.034338078434091,79.52916892811255,64.19781414621477
1.0464,0.013176865837601553,0.35218552881935555,-9.058494643860524,79.77301980694021,64.15886885535906
1.0472,0.014069130125472288,0.3511787088811779,-9.08247155558313,80.01521302869048,64.11961733019979
1.048,0.014952666621213582,0.3501796461090158,-9.106270776953679,80.25576848306274,64.08006912723141
1.0488,0.015827623700605906,0.3491882408879712,-9.129894245328224,80.4947057931512,64.04023352340982
1.0496,0.016694146467204123,0.348204395028952,-9.153343872508653,80.73204431868503,64.00011952357865
1.0504,0.01755237683742331,0.347228011747604,-9.176621545175562,80.96780315925174,63.959735867690505
1.0512,0.018402453623051738,0.34625899564343476,-9.199729125312818,81.20200115750505,63.91909103782947
1.052,0.019244512611272937,0.34529725267914424,-9.222668450623813,81.43465690235354,63.87819326504021
1.0528,0.020078686642284405,0.3443426901601671,-9.245441334939681,81.6657887321296,63.83705053596949
1.0536,0.020905105684595835,0.3433952167144285,-9.2680495686197,81.89541473773829,63.79567059932504
1.0544,0.021723896908080378,0.3424547422723292,-9.29049491894383,82.12355276578259,63.75406097215765
1.0552,0.022535184754860757,0.34152117804695237,-9.312779130497836,82.35022042166685,63.71222894597053
1.056,0.023339091008097595,0.3405944365145079,-9.334903925550906,82.575435072675,63.67018159266211
1.0568,0.024135734858751912,0.3396744313950097,-9.356871004426067,82.79921385102409,63.62792577030583
1.0576,0.024925232970391644,0.3387610776331922,-9.378682045863524,83.0215736568918,63.58546812877239
1.0584,0.02570769954210134,0.33785429137967016,-9.400338707377,83.24253116141708,63.542815115198515
1.0592,0.026483246369564298,0.3369539899723394,-9.421842625603356,83.46210280967377,63.49997297930677
1.06,0.027251982904372245,0.3360600919180256,-9.443195416645482,83.68030482361583,63.45694777858083
1.0608,0.02801401631162174,0.33517251687437793,-9.464398676408706,83.89715320499398,63.4137453832997
1.0616,0.028769451525856603,0.33429118563201005,-9.485453980930851,84.11266373824365,63.37037148143575
1.0624,0.029518391305404314,0.3334160200968897,-9.506362886706,84.32685199334303,63.32683158341968
1.0632,0.03026093628516454,0.33254694327297535,-9.5271269310022,84.53973332864149,63.28313102677674
1.064,0.030997185027895207,0.33168387924510084,-9.547747632173156,84.75132289365766,63.23927498063734
1.0648,0.03172723407404552,0.3308267531621097,-9.568226489964033,84.96163563184673,63.195268450126335
1.0656,0.03245117799018612,0.3299754912202313,-9.588564985811626,85.17068628333756,63.15111628063343
1.0664,0.033169109416074226,0.3291300206467082,-9.60876458313881,85.37848938763806,63.106823161969096
1.0672,0.03388111911040491,0.3282902696836649,-9.62882672764356,85.58505928631018,63.06239363240859
1.068,0.03458729599528404,0.32745616757222046,-9.648752847582578,85.79041012561296,63.01783208262722
1.0688,0.035287727199465935,0.32662764453684545,-9.668544354049605,85.99455585911427,62.97314275953057
1.0696,0.03598249810039616,0.325804631769955,-9.688202641248678,86.19751025027173,62.92832976998167
1.0704,0.03667169236509238,0.32498706141674516,-9.707729086762221,86.39928687498099,62.88339708442907
1.0712,0.03735539198990511,0.32417486656026145,-9.727125051814284,86.59989912409368,62.83834854043764
1.072,0.03803367733918854,0.3233679812067052,-9.746391881528892,86.79936020590311,62.793187846125626
1.0728,0.03870662718291741,0.3225663402709711,-9.765530905183661,86.99768314859845,62.747918583510014
1.0735999999999999,0.03937431873328373,0.32176987956241415,-9.7845434364588,87.1948808026881,62.702544211763204
1.0744,0.04003682768030174,0.32097853577084573,-9.803430773681525,87.39096584339137,62.6570680703832
1.0752,0.0406942282264531,0.3201922464527547,-9.82219420006605,87.58595077299863,62.61149338227984
1.076,0.04134659312040364,0.3194109500177505,-9.840834983949236,87.77984792320125,62.565823256779574
1.0768,0.04199399368981513,0.3186345857152283,-9.859354379021909,87.97266945738949,62.520060692550686
1.0776,0.04263649987328517,0.3178630936212501,-9.877753624556082,88.1644273729207,62.47420858045164
1.0784,0.04327418025143716,0.31709641462564186,-9.896033945628023,88.35513350335607,62.42826970630427
1.0792,0.04390710207718745,0.31633449041930434,-9.914196553337312,88.54479952066715,62.382246753594494
1.08,0.04453533130521652,0.3155772634817301,-9.932242645022034,88.73343693741259,62.336142306101706
1.0808,0.045158932620663374,0.3148246770687321,-9.950173404470036,88.92105710888401,62.289958850459705
1.0816,0.04577796946707161,0.31407667520037225,-9.967990002126491,89.10767123522301,62.24369877865058
1.0824,0.04639250407360516,0.31333320264909426,-9.98569359529774,89.29329036350788,62.19736439043354
1.0832,0.04700259748155697,0.31259420492805456,-10.003285328351495,89.47792538981113,62.150957895710526
1.084,0.047608309570173125,0.3118596282796474,-10.020766332913563,89.66158706122837,62.104481416830176
1.0848,0.04820969908180859,0.3111294196642257,-10.038137728061038,89.84428597787758,62.05793699083221
1.0856,0.04880682364643884,0.31040352674900973,-10.055400620512128,90.02603259487064,62.01132657163357
1.0864,0.04939973980554231,0.30968189789718426,-10.072556104812646,90.2068372242561,61.964652032158
1.0872,0.04998850303537345,0.3089644821571814,-10.089605263519223,90.38671003693364,61.91791516641078
1.088,0.05057316776964586,0.30825122925214277,-10.106549167379356,90.56566106454169,61.871117691499904
1.0888,0.051153787421638335,0.30754208956956336,-10.123388875508272,90.74370020131664,61.82426124960542
1.0896,0.05173041440574536,0.30683701415110964,-10.140125435562794,90.92083720592548,61.77734740989798
1.0904,0.052303100158484064,0.3061359546826126,-10.156759883912123,91.09708170327144,61.730377670408664
1.0912,0.0528718951589746,0.30543886348423177,-10.173293245805723,91.27244318627261,61.683353459850586
1.092,0.053436848948910744,0.30474569350078523,-10.189726535538304,91.44693101761524,61.63627613939431
1.0928,0.053998010152031206,0.30405639829224873,-10.206060756611954,91.6205544314798,61.58914700439797
1.0936,0.05455542649311023,0.3033709320244138,-10.22229690189553,91.79332253524265,61.541967286093424
1.0944,0.0551091448164777,0.30268924945970827,-10.238435953781318,91.96524431115141,61.494738153229655
1.0952,0.05565921110408305,0.3020113059481746,-10.254478884338987,92.13632861797534,61.44746071367462
1.096,0.05620567049311745,0.3013370574186011,-10.270426655466999,92.30658419263173,61.4001360159767
1.0968,0.056748567293202906,0.30066646036980826,-10.286280219041387,92.47601965178667,61.35276505088667
1.0976,0.05728794500316485,0.2999994718620821,-10.302040517062101,92.64464349343287,61.305348752841574
1.0984,0.0578238463273956,0.2993360495087571,-10.317708481796803,92.8124640984425,61.25788800141124
1.0992,0.05835631319182254,0.29867615146794346,-10.33328503592231,92.9794897320973,61.210383622708726
1.1,0.05888538675949196,0.29801973643439583,-10.348771092663657,93.14572854559525,61.16283639076541
1.1008,0.05941110744577687,0.2973667636315239,-10.364167555930814,93.31118857753393,61.11524702887199
1.1016,0.059933514933222305,0.2967171928035384,-10.379475320453178,93.47587775537194,61.06761621088594
1.1024,0.06045264818603527,0.29607098420773437,-10.394695271911782,93.6398038968674,61.01994456250681
1.1032,0.0609685454642298,0.29542809860690694,-10.409828287069331,93.80297471149457,60.97223266251975
1.104,0.06148124433743841,0.29478849726189643,-10.424875233898135,93.96539780183917,60.924481044008445
1.1048,0.0619907816983948,0.2941521419242646,-10.439836971705855,94.12708066497149,60.87669019553828
1.1056,0.06249719377610187,0.2935189948290942,-10.454714351259272,94.28803069379914,60.828860562310304
1.1064,0.06300051614868873,0.2928890186879146,-10.469508214905975,94.44825517839871,60.780992547287106
1.1072,0.0635007837559679,0.29226217668174936,-10.484219396694062,94.6077613073264,60.73308651229101
1.108,0.06399803091170027,0.29163843245428106,-10.49884872248996,94.7665561689094,60.685142779075655
1.1088,0.06449229131557416,0.2910177501051383,-10.51339701009422,94.9246467525163,60.63716163037162
1.1096,0.06498359806490868,0.2904000941832931,-10.527865069355581,95.08203994980855,60.589143310906444
1.1104,0.06547198366608581,0.28978542968057597,-10.542253702283066,95.2387425559722,60.54108802840023
1.1112,0.0659574800457198,0.2891737220253015,-10.556563703156328,95.3947612709305,60.49299595453742
1.112,0.06644011856157196,0.288564937076002,-10.57079585863425,95.55010270053793,60.444867225914706
1.1128,0.06691993001321407,0.2879590411152714,-10.584950947861774,95.70477335775541,60.39670194496689
1.1136,0.06739694465245143,0.2873560008437125,-10.599029742575034,95.85877966380741,60.34850018087009
1.1144,0.06787119219350805,0.28675578337399016,-10.613033007204828,96.01212794932113,60.300261970423904
1.1152,0.06834270182298127,0.2861583562249861,-10.626961498978417,96.16482445544746,60.25198731891226
1.116,0.06881150220957413,0.2855636873160526,-10.640815968019782,96.31687533496533,60.20367620094428
1.1168,0.06927762151360628,0.2849717449613672,-10.654597157448206,96.46828665336784,60.155328561274956
1.1176,0.06974108739631521,0.2843824978643819,-10.668305803475398,96.61906438993239,60.10694431560691
1.1184,0.07020192702894734,0.2837959151123686,-10.681942635501036,96.76921443877359,60.05852335137306
1.1192,0.0706601671016484,0.2832119661710589,-10.695508376206815,96.9187426098796,60.010065528501464
1.12,0.07111583383215687,0.28263062087937224,-10.709003741649104,97.06765463013296,59.96157068016168
1.1208,0.07156895297430427,0.2820518494442389,-10.72242944135003,97.21595614431463,59.91303861349473
1.1216,0.07201954982633053,0.28147562243550683,-10.735786178387292,97.36365271609324,59.86446911032547
1.1224,0.07246764923901433,0.28090191078093885,-10.749074649482491,97.51074982899816,59.81586192785897
1.1232,0.07291327562362758,0.280330685761294,-10.762295545088119,97.65725288737761,59.76721679936099
1.124,0.07335645295971598,0.27976191900549197,-10.775449549473244,97.80316721734215,59.718533434822646
1.1248,0.07379720480271029,0.2791955824858613,-10.788537340807842,97.94849806769288,59.66981152161029
1.1256,0.07423555429137363,0.2786316485134678,-10.801559591245859,98.09325061083551,59.62105072510055
1.1264,0.07467152415508713,0.2780700897335215,-10.814516967007021,98.23742994368018,59.57225068930087
1.1272,0.07510513672097932,0.2775108791208648,-10.827410128457347,98.38104108852683,59.52341103745671
1.1280000000000001,0.07553641392090345,0.27695398997553294,-10.840239730188511,98.5240889939374,59.47453137264459
1.1288,0.07596537729826443,0.27639939591839363,-10.853006421095948,98.66657853559383,59.42561127835227
1.1296,0.07639204801470136,0.27584707088685756,-10.86571084445584,98.80851451714302,59.376650319045886
1.1304,0.0768164468566284,0.27529698913066436,-10.878353638000874,98.94990167102864,59.327648040725016
1.1312,0.07723859424163615,0.2747491252077382,-10.890935433994912,99.0907446593096,59.278603971465124
1.1320000000000001,0.07765851022475977,0.2742034539801136,-10.903456859306546,99.23104807446629,59.22951762194838
1.1328,0.07807621450461365,0.2736599506099307,-10.915918535481532,99.37081644019393,59.18038848598301
1.1336,0.07849172642939953,0.2731185905554976,-10.928321078814173,99.51005421218376,59.13121604101132
1.1344,0.07890506500278759,0.27257934956741975,-10.940665100417617,99.64876577889203,59.08199974860704
1.1352,0.07931624888967584,0.2720422036847944,-10.952951206293127,99.7869554622969,59.032739054961766
1.1360000000000001,0.07972529642183074,0.2715071292314683,-10.965179997398355,99.92462751864396,58.98343339136121
1.1368,0.08013222560341011,0.27097410281236006,-10.977352069714554,100.06178613917982,58.9340821746516
1.1376,0.0805370541163738,0.27044310130984256,-10.98946801431287,100.1984354508746,58.88468480769587
1.1384,0.08093979932578173,0.2699141018801875,-11.001528417419614,100.33457951713311,58.83524067982075
1.1392,0.08134047828498468,0.2693870819500691,-11.013533860480615,100.47022233849505,58.78574916725435
1.1400000000000001,0.08173910774070917,0.26886201921312625,-11.025484920224606,100.60536785332445,58.7362096335548
1.1408,0.08213570413803864,0.2683388916265829,-11.037382168725715,100.7400199384885,58.6866214300302
1.1416,0.08253028362529422,0.26781767740792406,-11.049226173465057,100.87418241002582,58.63698389614985
1.1424,0.08292286205881705,0.2672983550316281,-11.061017497391404,101.00785902380468,58.587296359947345
1.1432,0.08331345500765361,0.2667809032259543,-11.072756698981006,101.14105347617065,58.53755813841559
1.1440000000000001,0.08370207775814906,0.26626530096978246,-11.08444433229655,101.27376940458505,58.48776853789384
1.1448,0.08408874531844635,0.2657515274895064,-11.096080947045277,101.40601038825277,58.43792685444717
1.1456,0.08447347242289824,0.2652395622559787,-11.107667088636266,101.53777994874122,58.388032374238406
1.1464,0.0848562735363903,0.26472938498150694,-11.119203298236888,101.66908155058944,58.33808437389298
1.1472,0.08523716285857906,0.2642209756168993,-11.13069011282848,101.79991860190813,58.28808212085672
1.1480000000000001,0.08561615432804662,0.26371431434855946,-11.142128065261227,101.93029445497024,58.23802487374648
1.1488,0.08599326162637377,0.26320938159563045,-11.153517684308232,102.0602124067929,58.187911882694635
1.1496,0.08636849818213374,0.2627061580071843,-11.164859494718888,102.1896756997107,58.13774238968655
1.1504,0.08674187717480772,0.26220462445945975,-11.176154017271454,102.31868752193975,58.08751562889208
1.1512,0.08711341153862444,0.2617047620531462,-11.187401768824861,102.44725100813355,58.03723082699095
1.152,0.08748311396632608,0.2612065521107101,-11.1986032623699,102.5753692399307,57.98688720349187
1.1528,0.08785099691286087,0.26070997617376795,-11.209759007079594,102.70304524649394,57.93648397104602
1.1536,0.08821707259900516,0.26021501600050295,-11.220869508358879,102.83028200504147,57.88602033575519
1.1544,0.08858135301491617,0.2597216535631208,-11.231935267893684,102.95708244137019,57.83549549747361
1.1552,0.0889438499236172,0.2592298710453533,-11.242956783699187,103.08344943037105,57.784908650105535
1.156,0.08930457486441618,0.2587396508399969,-11.253934550167537,103.20938579653699,57.73425898189657
1.1568,0.08966353915626017,0.25825097554649634,-11.26486905811484,103.33489431446313,57.68354567572074
1.1576,0.09002075390102615,0.25776382796856623,-11.275760794827514,103.45997770933958,57.632767909362165
1.1584,0.09037622998675043,0.2572781911118516,-11.286610244108019,103.58463865743725,57.581924855792245
1.1592,0.09072997809079707,0.25679404818162765,-11.297417886319955,103.70887978658601,57.53101568344195
1.16,0.091082008682968,0.2563113825805366,-11.30818419843253,103.83270367664646,57.4800395564698
1.1608,0.09143233202855502,0.2558301779063622,-11.318909654064434,103.95611285997435,57.42899563502541
1.1616,0.09178095819133535,0.2553504179498406,-11.32959472352712,104.07910982187855,57.37788307550869
1.1624,0.09212789703651231,0.2548720866925065,-11.340239873867473,104.20169700107202,57.326701030824935
1.1632,0.09247315823360139,0.2543951683045759,-11.35084556890993,104.3238767901167,57.27544865063593
1.164,0.09281675125926474,0.2539196471428618,-11.361412269298,104.44565153586174,57.22412508160707
1.1648,0.09315868540009314,0.253445507748725,-11.371940432535265,104.56702353987552,57.17272946765063
1.1656,0.09349896975533747,0.25297273484605876,-11.382430513025763,104.68799505887132,57.12126095016551
1.1664,0.09383761323959204,0.25250131333930514,-11.392882962113884,104.80856830512745,57.06971866827322
1.1672,0.09417462458542822,0.2520312283115047,-11.403298228123717,104.92874544690083,57.01810175905042
1.168,0.09451001234598232,0.25156246502237734,-11.413676756397852,105.04852860883508,56.966409357758
1.1688,0.09484378489749634,0.2510950089064346,-11.424018989335673,105.16791987236299,56.91464059806703
1.1696,0.09517595044181383,0.25062884557112314,-11.434325366431155,105.28692127610299,56.86279461228124
1.1703999999999999,0.09550651700883228,0.25016396079499803,-11.444596324310098,105.40553481625042,56.810870531556766
1.1712,0.09583549245891189,0.24970034052592488,-11.454832296766963,105.52376244696356,56.75886748611837
1.172,0.09616288448524161,0.24923797087931307,-11.465033714801125,105.64160608074371,56.70678460547315
1.1728,0.09648870061616556,0.24877683813637563,-11.475201006652693,105.75906758881092,56.654621018621256
1.1736,0.09681294821746678,0.24831692874241923,-11.485334597837834,105.87614880147373,56.60237585426368
1.1743999999999999,0.09713563449461414,0.24785822930516008,-11.495434911183654,105.99285150849495,56.55004824100765
1.1752,0.09745676649496841,0.24740072659306792,-11.5055023668626,106.10917745945157,56.497637307569065
1.176,0.09777635110995148,0.24694440753373786,-11.515537382426382,106.22512836409027,56.44514218297279
1.1768,0.09809439507717896,0.24648925921228615,-11.525540372839519,106.34070589267856,56.39256199675005
1.1776,0.09841090498255607,0.2460352688697742,-11.535511750512358,106.45591167635057,56.339895879133806
1.1784,0.09872588726233816,0.24558242390165658,-11.545451925333722,106.57074730744894,56.28714296125153
1.1792,0.09903934820515764,0.24513071185625465,-11.555361304703105,106.68521433986217,56.234302375316034
1.18,0.09935129395401485,0.2446801204332549,-11.565240293562436,106.79931428935718,56.18137325481367
1.1808,0.0996617305082388,0.2442306374822311,-11.575089294427428,106.91304863390832,56.12835473469091
1.1816,0.09997066372541259,0.2437822510011905,-11.584908707418542,107.02641881402154,56.075245951538434
1.1824,0.10027809932326961,0.24333494913514342,-11.594698930291505,107.13942623305509,56.02204604377356
1.1832,0.10058404288155715,0.24288872017469518,-11.604460358467477,107.25207225753576,55.968754151820335
1.184,0.10088849984386962,0.24244355255466266,-11.614193385062755,107.36435821747132,55.9153694182883
1.1848,0.10119147551945386,0.2419994348527101,-11.623898400918156,107.47628540665949,55.86189098814884
1.1856,0.10149297508498263,0.24155635578800977,-11.633575794627975,107.58785508299243,55.80831800891025
1.1864,0.10179300358630271,0.24111430421992142,-11.64322595256859,107.69906846875845,55.754649630790645
1.1872,0.10209156594015262,0.24067326914669496,-11.652849258926674,107.8099267509396,55.70088500688958
1.188,0.10238866693585444,0.24023323970419355,-11.662446095727022,107.92043108150546,55.64702329335791
1.1888,0.1026843112369793,0.23979420516463534,-11.67201684286008,108.0305825777045,55.593063649565906
1.1896,0.10297850338298538,0.23935615493535828,-11.681561878109033,108.14038232235102,55.53900523827021
1.1904,0.10327124779083223,0.2389190785576021,-11.691081577176591,108.24983136410953,55.48484722577897
1.1912,0.10356254875656883,0.2384829657053111,-11.700576313711416,108.35893071777566,55.43058878211576
1.192,0.10385241045689726,0.2380478061839558,-11.710046459334176,108.46768136455375,55.37622908118203
1.1928,0.10414083695071398,0.23761358992937287,-11.719492383663315,108.57608425233191,55.321767300918175
1.1936,0.10442783218062554,0.2371803070066247,-11.728914454340405,108.68414029595357,55.26720262346348
1.1944,0.10471339997444316,0.23674794760887538,-11.73831303705526,108.79185037748637,55.2125342353144
1.1952,0.10499754404665426,0.23631650205628665,-11.747688495570623,108.8992153464883,55.157761327482234
1.196,0.10528026799987207,0.23588596079492966,-11.75704119174661,109.00623602027079,55.102883095648956
1.1968,0.10556157532626394,0.23545631439571468,-11.766371485564793,109.11291318415935,55.0478987403223
1.1976,0.10584146940895857,0.23502755355333854,-11.775679735151954,109.21924759175133,54.99280746698966
1.1984,0.1061199535234332,0.2345996690852469,-11.784966296803578,109.32523996517152,54.93760848627075
1.1992,0.10639703083888001,0.23417265193061512,-11.794231525006978,109.43089099532475,54.88230101406943
1.2,0.10667270441955319,0.2337464931493441,-11.803475772464132,109.53620134214628,54.82688427172428
1.2008,0.10694697722609725,0.23332118392107154,-11.812699390114261,109.64117163484991,54.771357486158344
1.2016,0.10721985211685568,0.2328967155442005,-11.821902727156024,109.7458024721737,54.715719890028005
1.2024,0.10749133184916197,0.2324730794349414,-11.83108613106951,109.85009442262319,54.659970721870486
1.2032,0.10776141908061249,0.2320502671263703,-11.840249947637858,109.95404802471309,54.604109226251026
1.204,0.10803011637032105,0.2316282702675024,-11.84939452096863,110.05766378720591,54.5481346539088
1.2048,0.10829742618015747,0.2312070806223785,-11.858520193514906,110.16094218934946,54.492046261902
1.2056,0.108563350875968,0.23078669006916774,-11.867627306096049,110.2638836811115,54.43584331375233
1.2064,0.10882789272878057,0.23036709059928304,-11.876716197918256,110.36648868341318,54.37952507958837
1.2072,0.10909105391599272,0.22994827431651102,-11.885787206594765,110.46875758836022,54.32309083628843
1.208,0.10935283652254453,0.2295302334361559,-11.894840668165836,110.57069075947197,54.266539867622456
1.2088,0.10961324254207576,0.2291129602841959,-11.903876917118438,110.67228853190943,54.209871464393316
1.2096,0.10987227387806782,0.22869644729645433,-11.912896286405665,110.77355121270078,54.15308492457738
1.2104,0.11012993234497172,0.22828068701778145,-11.921899107465915,110.8744790809659,54.096179553464125
1.2112,0.11038621966932047,0.2278656721012515,-11.930885710241753,110.97507238813861,54.0391546637955
1.212,0.11064113749082789,0.22745139530737085,-11.939856423198567,111.07533135818804,53.98200957590434
1.2128,0.11089468736347402,0.22703784950329853,-11.94881157334293,111.17525618783796,53.92474361785206
1.2136,0.11114687075657606,0.2266250276620797,-11.957751486240722,111.27484704678488,53.867356125566026
1.2144,0.11139768905584722,0.22621292286189018,-11.96667648603498,111.37410407791477,53.80984644297601
1.2152,0.11164714356444148,0.22580152828529299,-11.975586895463543,111.4730273975183,53.75221392215013
1.216,0.11189523550398658,0.22539083721850736,-11.984483035876362,111.57161709550489,53.69445792343047
1.2168,0.11214196601560447,0.22498084305068686,-11.993365227252673,111.66987323561555,53.636577815567506
1.2176,0.11238733616091907,0.2245715392732116,-12.002233788217804,111.76779585563425,53.578572975854755
1.2184,0.11263134692305322,0.22416291947898848,-12.011089036059865,111.86538496759849,53.52044279026211
1.2192,0.11287399920761353,0.2237549773617644,-12.019931286746084,111.96264055800852,53.46218665356926
1.22,0.11311529384366327,0.22334770671544937,-12.02876085493897,112.05956258803549,53.40380396949821
1.2208,0.11335523158468584,0.22294110143344914,-12.037578054012226,112.15615099372891,53.34529415084533
1.2216,0.11359381310953579,0.22253515550800976,-12.046383196066415,112.25240568622264,53.28665661961306
1.2224,0.11383103902338045,0.2221298630295706,-12.055176591944392,112.3483265519403,53.227890807140916
1.2232,0.11406690985863065,0.22172521818612823,-12.063958551246527,112.44391345279983,53.16899615423611
1.224,0.11430142607586119,0.22132121526261006,-12.072729382345662,112.53916622641691,53.10997211130372
1.2248,0.11453458806472247,0.2209178486402563,-12.081489392401876,112.63408468630797,53.05081813847609
1.2256,0.11476639614484103,0.2205151127960136,-12.09023888737698,112.72866862209212,52.99153370574237
1.2264,0.114996850566712,0.2201130023019352,-12.098978172048838,112.82291779969258,52.932118293076776
1.2272,0.11522595151258164,0.2197115118245922,-12.107707550025417,112.91683196153745,52.872571390567046
1.228,0.11545369909732091,0.21931063612449322,-12.116427323758636,113.0104108267597,52.812892498542155
1.2288000000000001,0.1156800933692906,0.21891037005551212,-12.125137794557991,113.1036540913966,52.75308112769953
1.2296,0.11590513431119762,0.21851070856432545,-12.13383926260396,113.19656142858899,52.69313679923201
1.2304,0.11612882184094307,0.21811164668985714,-12.142532026961186,113.28913248877934,52.63305904495408
1.2312,0.11635115581246212,0.21771317956273245,-12.151216385591443,113.38136689991012,52.57284740742786
1.232,0.11657213601655546,0.2173153024047401,-12.159892635366386,113.47326426762099,52.51250144008863
1.2328000000000001,0.1167917621817139,0.2169180105283014,-12.168561072080086,113.56482417544633,52.452020707369776
1.2336,0.1170100339749343,0.2165212993359486,-12.17722199046134,113.6560461850119,52.391404784827415
1.2344,0.11722695100252907,0.21612516431981005,-12.185875684185783,113.74692983623136,52.33065325926455
1.2352,0.11744251281092734,0.21572960106110303,-12.19452244588779,113.83747464750253,52.26976572885464
1.236,0.11765671888746991,0.21533460522963488,-12.203162567172136,113.92768011590346,52.208741803264914
1.2368000000000001,0.11786956866119705,0.2149401725833102,-12.211796338625486,114.0175457173881,52.14758110377911
1.2376,0.11808106150362914,0.2145462989676467,-12.220424049827637,114.10707090698203,52.08628326341983
1.2384,0.11829119672954153,0.21415298031529645,-12.229045989362577,114.19625511897792,52.02484792707024
1.2392,0.11849997359773198,0.2137602126455756,-12.237662444829343,114.28509776713085,51.96327475159563
1.24,0.11870739131178273,0.21336799206400048,-12.24627370285261,114.37359824485375,51.901563405964296
1.2408000000000001,0.118913449020816,0.21297631476182943,-12.254880049093178,114.46175592541249,51.83971357136784
1.2416,0.11911814582024334,0.2125851770156132,-12.263481768258133,114.54957016212128,51.77772494134145
1.2424,0.11932148075250969,0.21219457518674942,-12.272079144110911,114.63704028853792,51.71559722188298
1.2432,0.11952345280783151,0.2118045057210453,-12.280672459481078,114.72416561865914,51.65333013157229
1.244,0.11972406092492903,0.2114149651482861,-12.289261996273941,114.810945447116,51.59092340168966
1.2448000000000001,0.1199233039917538,0.21102595008180886,-12.29784803547995,114.89737904936943,51.52837677633369
1.2456,0.12012118084621028,0.2106374572180833,-12.30643085718389,114.98346568190598,51.46569001253894
1.2464,0.12031769027687284,0.2102494833362978,-12.315010740573882,115.06920458243346,51.40286288039284
1.2472,0.12051283102369759,0.2098620252979514,-12.323587963950168,115.15459497007743,51.33989516315218
1.248,0.12070660177872908,0.20947508004645207,-12.332162804733674,115.23963604557687,51.276786657359125
1.2488000000000001,0.12089900118680263,0.20908864460671883,-12.34073553947444,115.32432699148134,51.21353717295637
1.2496,0.1210900278462418,0.20870271608479204,-12.349306443859758,115.40866697234719,51.150146533402335
1.2504,0.12127968030955162,0.20831729166744598,-12.357875792722172,115.49265513493518,51.08661457578515
1.2512,0.12146795708410714,0.20793236862180894,-12.366443860047251,115.57629060840767,51.02294115093652
1.252,0.12165485663283769,0.20754794429498782,-12.375010918981154,115.65957250452648,50.959126123544905
1.2528000000000001,0.12184037737490748,0.20716401611369722,-12.383577241838013,115.74249991785105,50.895169372267986
1.2536,0.12202451768639143,0.2067805815838944,-12.392143100107093,115.82507192593702,50.831070789844716
1.2544,0.12220727590094764,0.20639763829041805,-12.400708764459779,115.90728758953526,50.766830283206566
1.2552,0.12238865031048597,0.20601518389663262,-12.409274504756318,115.98914595279152,50.702447773588354
1.256,0.12256863916583227,0.20563321614407765,-12.417840590052396,116.07064604344585,50.63792319663828
1.2568000000000001,0.12274724067739008,0.20525173285212012,-12.4264072886055,116.15178687303367,50.57325650252743
1.2576,0.12292445301579752,0.20487073191761304,-12.43497486788107,116.23256743708625,50.508447656058514
1.2584,0.12310027431258198,0.20449021131455725,-12.443543594558474,116.31298671533222,50.44349663677398
1.2591999999999999,0.12327470266081064,0.204110169093768,-12.452113734536738,116.39304367189997,50.37840343906355
1.26,0.12344773611573799,0.20373060338254573,-12.460685552940117,116.47273725551972,50.313168072270784
1.2608000000000001,0.12361937269545027,0.20335151238435104,-12.469259314123434,116.55206639972711,50.247790560799295
1.2616,0.12378961038150667,0.20297289437848345,-12.47783528167722,116.63103002306671,50.18227094421795
1.2624,0.12395844711957804,0.20259474771976418,-12.486413718432662,116.70962702929671,50.11660927736542
1.2631999999999999,0.12412588082008189,0.20221707083822302,-12.494994886466342,116.78785630759376,50.050805630454015
1.264,0.12429190935881529,0.20183986223878841,-12.503579047104774,116.86571673275887,49.98486008917268
1.2648000000000001,0.12445653057758471,0.20146312050098267,-12.512166460928691,116.94320716542353,49.9187727547893
1.2656,0.12461974228483325,0.20108684427861892,-12.520757387777216,117.0203264522572,49.85254374425216
1.2664,0.12478154225626535,0.20071103229950263,-12.529352086751757,117.09707342617476,49.78617319029043
1.2671999999999999,0.12494192823546905,0.200335683365137,-12.537950816219697,117.17344690654518,49.71966124151411
1.268,0.12510089793453574,0.1999607963504306,-12.546553833817915,117.24944569940078,49.65300806251292
1.2688000000000001,0.12525844903467723,0.1995863702034097,-12.555161396456073,117.32506859764705,49.586213833954375
1.2696,0.12541457918684137,0.19921240394493273,-12.563773760319688,117.40031438127365,49.51927875268104
1.2704,0.12556928601232467,0.19883889666840807,-12.572391180873021,117.47518181756567,49.452203031806675
1.2711999999999999,0.12572256710338314,0.1984658475395158,-12.581013912861732,117.54966966131614,49.3849869008118
1.272,0.12587442002384078,0.19809325579593132,-12.589642210315334,117.623776655039,49.317630605637966
1.2728,0.12602484230969652,0.19772112074705306,-12.598276326549428,117.69750152918293,49.25013440878138
1.2736,0.12617383146972874,0.19734944177373193,-12.606916514167732,117.77084300234624,49.182498589385325
1.2744,0.12632138498609785,0.19697821832800488,-12.615563025063903,117.84379978149208,49.11472344333177
1.2752,0.12646750031494775,0.19660744993282966,-12.624216110423133,117.9163705621652,49.046809283331804
1.276,0.12661217488700438,0.19623713618182378,-12.632876020723526,117.98855402870869,48.97875643901513
1.2768,0.12675540610817357,0.19586727673900564,-12.641543005737269,118.06034885448221,48.91056525701871
1.2776,0.12689719136013658,0.195497871338537,-12.650217314531595,118.13175370208099,48.842236101073794
1.2784,0.1270375280009441,0.19512891978447036,-12.658899195469495,118.20276722355516,48.773769352092614
1.2792,0.12717641336560923,0.19476042195049623,-12.667588896210244,118.27338806063071,48.70516540825323
1.28,0.12731384476669783,0.19439237777969443,-12.676286663709696,118.34361484493071,48.63642468508382
1.2808,0.12744981949491851,0.19402478728428768,-12.68499274422033,118.41344619819763,48.567547615545664
1.2816,0.1275843348197107,0.19365765054539585,-12.693707383291128,118.48288073251666,48.49853465011469
1.2824,0.12771738798983093,0.1932909677127947,-12.70243082576718,118.55191705053947,48.42938625686227
1.2832,0.12784897623393865,0.1929247390046747,-12.711163315789094,118.62055374570947,48.36010292153456
1.284,0.12797909676117986,0.1925589647074032,-12.719905096792148,118.68878940248727,48.29068514763056
1.2848,0.12810774676177017,0.19219364517528853,-12.728656411505243,118.75662259657767,48.221133456479336
1.2856,0.12823492340757628,0.19182878083034488,-12.737417501949635,118.82405189515698,48.15144838731532
1.2864,0.12836062385269595,0.19146437216206108,-12.746188609437372,118.89107585710144,48.08163049735306
1.2872,0.1284848452340377,0.19110041972716904,-12.754969974569603,118.95769303321664,48.01168036186001
1.288,0.1286075846718986,0.1907369241494157,-12.763761837234542,119.02390196646778,47.941598574228486
1.2888,0.128728839270541,0.19037388611933623,-12.772564436605283,119.08970119221031,47.87138574604609
1.2896,0.12884860611876905,0.19001130639402805,-12.78137801113733,119.15508923842235,47.801042507164624
1.2904,0.12896688229050288,0.18964918579692813,-12.790202798565907,119.22006462593708,47.73056950576799
1.2912,0.12908366484535289,0.18928752521759015,-12.799039035903037,119.28462586867656,47.659967408438206
1.292,0.12919895082919267,0.18892632561146447,-12.807886959434349,119.34877147388626,47.58923690022055
1.2928,0.12931273727473058,0.18856558799967932,-12.816746804715667,119.41249994237019,47.51837868468669
1.2936,0.1294250212020813,0.18820531346882285,-12.825618806569349,119.47580976872729,47.447393483996834
1.2944,0.12953579961933548,0.1878455031707272,-12.834503199080377,119.53869944158835,47.37628203896007
1.2952,0.1296450695231293,0.18748615832225343,-12.843400215592215,119.601167443854,47.305045109093264
1.296,0.129752827899213,0.18712728020507846,-12.852310088702371,119.66321225293323,47.23368347267864
1.2968,0.129859071723018,0.18676887016548274,-12.861233050257752,119.72483234098284,47.162197926819516
1.2976,0.12996379796022403,0.18641092961413863,-12.87016933134977,119.78602617514797,47.09058928749458
1.2984,0.1300670035673251,0.18605346002590156,-12.879119162309136,119.84679221780299,47.01885838961075
1.2992,0.13016868549219443,0.1856964629396001,-12.888082772700468,119.9071289267934,46.94700608705402
1.3,0.13026884067464928,0.18533993995782916,-12.897060391316577,119.96703475567863,46.87503325273916
1.3008,0.13036746604701424,0.18498389274674323,-12.906052246172532,120.02650815397513,46.802940778657394
1.3016,0.13046455853468447,0.18462832303585022,-12.915058564499448,120.08554756740087,46.73072957592252
1.3024,0.13056011505668766,0.18427323261780745,-12.924079572738002,120.14415143812002,46.65840057481544
1.3032,0.13065413252624583,0.18391862334821724,-12.933115496531682,120.20231820498861,46.585954724826784
1.304,0.13074660785133596,0.1835644971454243,-12.942166560719793,120.26004630380095,46.513392994697945
1.3048,0.1308375379352501,0.18321085599031386,-12.951232989330128,120.31733416753639,46.440716372460344
1.3056,0.13092691967715517,0.1828577019261098,-12.960315005571442,120.37418022660736,46.36792586547282
1.3064,0.13101474997265086,0.18250503705817478,-12.969412831825583,120.43058290910737,46.29502250045738
1.3072,0.13110102571432872,0.18215286355380983,-12.97852668963938,120.48654064106033,46.22200732353299
1.308,0.13118574379232892,0.18180118364205533,-12.987656799716254,120.54205184666993,46.14888140024758
1.3088,0.13126890109489725,0.181449999613493,-12.996803381907494,120.59711494856997,46.075645815608304
1.3096,0.13135049450894118,0.18109931382004713,-13.00596665520332,120.65172836807517,46.00230167410963
1.3104,0.13143052092058508,0.18074912867478812,-13.015146837723591,120.70589052543265,45.92885009976005
1.3112,0.13150897721572544,0.18039944665173502,-13.024344146708271,120.75959984007373,45.85529223610629
1.312,0.1315858602805845,0.18005027028565954,-13.033558798507553,120.81285473086656,45.78162924625596
1.3128,0.13166116700226393,0.17970160217189032,-13.042791008571728,120.86565361636895,45.70786231289824
1.3136,0.13173489426929763,0.179353444966117,-13.052040991440741,120.91799491508199,45.633992638322376
1.3144,0.13180703897220367,0.17900580138419606,-13.061308960733417,120.96987704570401,45.56002144443453
1.3152,0.1318775980040359,0.17865867420195547,-13.070595129136427,121.02129842738472,45.48594997277224
1.316,0.13194656826093454,0.1783120662550004,-13.079899708392924,121.07225747998045,45.411779484517126
1.3168,0.13201394664267654,0.17796598043852008,-13.089222909290829,121.12275262430896,45.337511260505615
1.3176,0.1320797300532247,0.17762041970709286,-13.098564941650894,121.1727822824053,45.26314660123725
1.3184,0.13214391540127612,0.17727538707449383,-13.107926014314362,121.22234487777752,45.18868682688135
1.3192,0.13220649960081093,0.17693088561350098,-13.117306335130332,121.27143883566308,45.114133277281304
1.32,0.13226747957163876,0.17658691845570182,-13.126706110942852,121.32006258328538,45.03948731195676
1.3208,0.13232685223994575,0.1762434887913017,-13.136125547577572,121.36821455011058,44.96475031010409
1.3216,0.13238461453884007,0.17590059986892942,-13.145564849828212,121.4158931681046,44.88992367059392
1.3224,0.13244076340889713,0.17555825499544603,-13.155024221442549,121.46309687199039,44.81500881196748
1.3232,0.13249529579870373,0.17521645753575107,-13.16450386510821,121.50982409950556,44.74000717242994
1.324,0.13254820866540157,0.17487521091259062,-13.174003982438009,121.55607329165976,44.66492020984203
1.3248,0.1325994989752299,0.17453451860636482,-13.183524773955,121.60184289299265,44.58974940170949
1.3256000000000001,0.13264916370406762,0.17419438415493482,-13.193066439077178,121.64713135183158,44.51449624516989
1.3264,0.13269719983797393,0.17385481115343093,-13.202629176101828,121.69193712054958,44.43916225697776
1.3272,0.13274360437372892,0.1735158032540593,-13.212213182189496,121.73625865582338,44.363748973487034
1.328,0.1327883743193727,0.17317736416590954,-13.221818653347652,121.78009441889131,44.28825795063155
1.3288,0.13283150669474386,0.17283949765476211,-13.23144578441395,121.82344287581108,44.21269076390303
1.3296000000000001,0.13287299853201717,0.17250220754289483,-13.241094769039135,121.86630249771802,44.137049008327054
1.3304,0.13291284687624005,0.1721654977088907,-13.250765799669589,121.90867176108243,44.06133429843654
1.3312,0.13295104878586853,0.17182937208744353,-13.260459067529506,121.95054914796764,43.98554826824289
1.332,0.1329876013333016,0.17149383466916523,-13.270174762602684,121.9919331462873,43.90969257120502
1.3328,0.1330225016054152,0.17115888950039235,-13.279913073613939,122.03282225006261,43.83376888019599
1.3336000000000001,0.1330557467040951,0.17082454068299127,-13.28967418801013,122.07321495967976,43.75777888746711
1.3344,0.13308733374676826,0.17049079237416515,-13.299458291940809,122.11310978214628,43.68172430461001
1.3352,0.13311725986693376,0.17015764878625866,-13.309265570238473,122.15250523134803,43.60560686251612
1.336,0.13314552221469228,0.16982511418656354,-13.319096206398424,122.19139982830505,43.52942831133385
1.3368,0.1331721179572744,0.1694931928971239,-13.328950382558206,122.22979210142759,43.45319042042356
1.3376000000000001,0.13319704427956833,0.16916188929454024,-13.338828279476669,122.2676805867714,43.376894978309764
1.3384,0.1332202983846458,0.16883120780977418,-13.348730076512606,122.30506382829292,43.30054379263141
1.3392,0.13324187749428693,0.1685011529279523,-13.358655951602977,122.34194037810353,43.22413869008944
1.34,0.13326177884950424,0.16817172918816928,-13.368606081240731,122.37830879672372,43.14768151639197
1.3408,0.13327999971106524,0.16784294118329177,-13.378580640452169,122.41416765333639,43.07117413619736
1.3416000000000001,0.1332965373600135,0.16751479355976015,-13.388579802773924,122.44951552603992,42.99461843305439
1.3424,0.13331138909818863,0.16718729101739166,-13.398603740229476,122.48435100210008,42.918016309340516
1.3432,0.13332455224874487,0.16686043830918135,-13.408652623305247,122.51867267820172,42.84136968619719
1.344,0.13333602415666856,0.16653424024110408,-13.418726620926254,122.55247916069972,42.76468050346327
1.3448,0.13334580218929393,0.16620870167191512,-13.428825900431283,122.58576906586886,42.68795071960566
1.3456000000000001,0.13335388373681734,0.16588382751295022,-13.438950627547682,122.6185410201532,42.61118231164749
1.3464,0.13336026621281055,0.16555962272792607,-13.449100966365613,122.65079366041458,42.53437727509424
1.3472,0.13336494705473212,0.16523609233273878,-13.459277079311905,122.68252563418015,42.45753762385682
1.348,0.1333679237244374,0.16491324139526306,-13.469479127123416,122.71373559988909,42.380665390172766
1.3488,0.133369193708687,0.16459107503515066,-13.479707268819912,122.74442222713841,42.30376262452478
1.3496000000000001,0.13336875451965358,0.16426959842362732,-13.489961661676492,122.77458419692763,42.226831395556644
1.3504,0.13336660369542708,0.16394881678329049,-13.50024246119551,122.80422020190238,42.149873789987076
1.3512,0.1333627388005184,0.16362873538790515,-13.510549821078019,122.83332894659725,42.07289191252073
1.352,0.13335715742636114,0.16330935956219997,-13.520883893194725,122.86190914767725,41.995887885757085
1.3528,0.1333498571918119,0.1629906946816628,-13.531244827556396,122.88995953417806,41.918863850096805
1.3536000000000001,0.1333408357436486,0.1626727461723345,-13.54163277228386,122.91747884774536,41.84182196364546
1.3544,0.13333009075706714,0.16235551951060367,-13.552047873577378,122.94446584287269,41.764764402115176
1.3552,0.13331761993617616,0.1620390202229994,-13.562490275685587,122.97091928713809,41.687693358723486
1.356,0.1333034210144898,0.1617232538859841,-13.572960120873871,122.99683796143943,41.610611044090035
1.3568,0.13328749175541912,0.1614082261257457,-13.583457549392222,123.02222066022834,41.53351968613079
1.3576000000000001,0.13326982995276082,0.16109394261798837,-13.593982699442556,123.04706619174291,41.45642152994965
1.3584,0.13325043343118428,0.1607804090877239,-13.60453570714549,123.07137337823858,41.37931883772803
1.3592,0.13322930004671713,0.16046763130906072,-13.615116706506576,123.09514105621783,41.302213888611575
1.36,0.13320642768722762,0.16015561510499374,-13.62572582938197,123.11836807665837,41.22510897859489
1.3608,0.13318181427290623,0.15984436634719296,-13.636363205443532,123.14105330523938,41.14800642040377
1.3616000000000001,0.133155457756744,0.15953389095579049,-13.647028962143388,123.16319562256668,41.07090854337472
1.3624,0.1331273561250095,0.15922419489916853,-13.657723224677877,123.18479392439566,40.993817693332765
1.3632,0.13309750739772322,0.1589152841937449,-13.66844611595096,123.20584712185303,40.91673623246621
1.3639999999999999,0.13306590962912965,0.15860716490375912,-13.679197756536999,123.22635414165637,40.83966653919954
1.3648,0.13303256090816745,0.15829984314105716,-13.68997826464295,123.24631392633225,40.762611008063786
1.3656000000000001,0.13299745935893714,0.15799332506487543,-13.700787756069987,123.26572543443227,40.68557204956455
1.3664,0.13296060314116614,0.15768761688162436,-13.711626344174462,123.28458764074736,40.608552090047866
1.3672,0.13292199045067188,0.1573827248446707,-13.722494139828296,123.30289953652026,40.53155357156358
1.3679999999999999,0.1328816195198222,0.1570786552541194,-13.733391251378716,123.32066012965561,40.45457895172647
1.3688,0.13283948861799358,0.15677541445659496,-13.744317784607372,123.3378684449287,40.37763070357532
1.3696000000000002,0.13279559605202623,0.15647300884502138,-13.755273842688807,123.35452352419146,40.30071131542944
1.3704,0.1327499401666776,0.1561714448584022,-13.766259526148275,123.37062442657711,40.22382329074323
1.3712,0.13270251934507238,0.15587072898159846,-13.777274932818948,123.38617022870197,40.14696914795817
1.3719999999999999,0.1326533320091505,0.15557086774510737,-13.788320157798388,123.40116002486572,40.070151420352964
1.3728,0.1326023766201122,0.15527186772483914,-13.79939529340441,123.41559292724901,39.993372655891314
1.3736000000000002,0.1325496516788605,0.15497373554189373,-13.81050042913023,123.429468066109,39.91663541706753
1.3744,0.13249515572644086,0.15467647786233626,-13.82163565159895,123.44278458997283,39.8399422807501
1.3752,0.13243888734447828,0.1543801013969718,-13.832801044517337,123.45554166582825,39.763295838022906
1.376,0.13238084515561135,0.15408461290111977,-13.843996688628891,123.46773847931235,39.686698694024585
1.3768,0.13232102782392352,0.1537900191743867,-13.855222661666245,123.47937423489778,39.610153467785615
1.3776,0.1322594340553717,0.15349632706043947,-13.866479038302757,123.49044815607634,39.53366279206351
1.3784,0.1321960625982116,0.1532035434467765,-13.877765890103488,123.50095948554029,39.45722931317578
1.3792,0.1321309122434205,0.15291167526449898,-13.88908328547535,123.51090748536105,39.38085569083099
1.38,0.13206398182511667,0.15262072948808092,-13.900431289616561,123.52029143716545,39.30454459795783
1.3808,0.13199527022097604,0.15233071313513832,-13.911809964465341,123.52911064230918,39.22829872053198
1.3816,0.13192477635264574,0.15204163326619874,-13.923219368647793,123.53736442204773,39.15212075740159
1.3824,0.13185249918615444,0.15175349698446783,-13.934659557425114,123.54505211770486,39.07601342011005
1.3832,0.13177843773231968,0.1514663114355976,-13.946130582639922,123.55217309083783,38.99997943271758
1.384,0.13170259104715212,0.15118008380745207,-13.957632492661867,123.5587267234006,38.92402153162054
1.3848,0.13162495823225612,0.15089482132987284,-13.969165332332414,123.56471241790364,38.848142465368895
1.3856,0.131545538435228,0.15061053127444454,-13.980729142908793,123.57012959757118,38.77234499448218
1.3864,0.13146433085005002,0.1503272209542581,-13.992323962007205,123.57497770649577,38.696631891263365
1.3872,0.1313813347174817,0.15004489772367466,-14.003949823545126,123.57925620978962,38.621005939611024
1.388,0.13129654932544765,0.14976356897808782,-14.015606757682823,123.58296459373321,38.54546993482988
1.3888,0.13120997400942197,0.1494832421536855,-14.027294790764014,123.58610236592112,38.47002668343957
1.3896,0.1311216081528095,0.1492039247272113,-14.039013945255652,123.58866905540462,38.39467900298183
1.3904,0.13103145118732296,0.1489256242157246,-14.050764239686899,123.59066421283123,38.31942972182584
1.3912,0.1309395025933578,0.14864834817636058,-14.062545688587155,123.59208741058141,38.24428167897224
1.392,0.13084576190036237,0.1483721042060887,-14.07435830242327,123.59293824290239,38.16923772385538
1.3928,0.13075022868720515,0.1480968999414712,-14.086202087535845,123.59321632603812,38.09430071614398
1.3936,0.1306529025825387,0.14782274305842122,-14.098077046074582,123.59292129835701,38.01947352554071
1.3944,0.13055378326515935,0.14754964127195858,-14.109983175932806,123.59205282047601,37.944759031579586
1.3952,0.13045287046436374,0.14727760233596704,-14.121920470681005,123.59061057538138,37.87016012342265
1.396,0.13035016396030166,0.14700663404294917,-14.133888919499462,123.58859426854677,37.795679699654734
1.3968,0.13024566358432516,0.1467367442237816,-14.14588850710995,123.58600362804752,37.72132066807714
1.3976,0.13013936921933403,0.14646794074746916,-14.157919213706444,123.58283840467193,37.64708594549987
1.3984,0.13003128080011733,0.14620023152089837,-14.169981014884943,123.57909837202942,37.5729784575326
1.3992,0.12992139831369182,0.14593362448859082,-14.182073881572224,123.57478332665488,37.49900113837444
1.4,0.12980972179963565,0.14566812763245507,-14.194197779953715,123.56989308811023,37.42515693060238
1.4008,0.12969625135041918,0.14540374897153863,-14.206352671400307,123.56442749908213,37.351448784958585
1.4016,0.12958098711173155,0.1451404965617794,-14.218538512394192,123.55838642547668,37.2778796601367
1.4024,0.12946392928280326,0.14487837849575574,-14.230755254453717,123.55176975651061,37.20445252256678
1.4032,0.12934507811672522,0.14461740290243716,-14.243002844057163,123.54457740479866,37.13117034619941
1.404,0.1292244339207638,0.14435757794693313,-14.25528122256555,123.53680930643823,37.0580361122886
1.4048,0.12910199705667197,0.14409891183024262,-14.267590326144377,123.52846542108995,36.9850528091739
1.4056,0.12897776794099658,0.14384141278900237,-14.2799300856843,123.5195457320549,36.91222343206143
1.4064,0.12885174704538133,0.14358508909523449,-14.292300426720816,123.51005024634865,36.839550982804
1.4072,0.12872393489686645,0.1433299490560946,-14.304701269352773,123.49997899477118,36.767038469680514
1.408,0.1285943320781838,0.14307600101361806,-14.31713252815993,123.48933203197383,36.69468890717433
1.4088,0.12846293922804813,0.14282325334446674,-14.329594112119334,123.47810943652246,36.62250531575112
1.4096,0.12832975704144484,0.14257171445967554,-14.342085924520635,123.46631131095688,36.55049072163581
1.4104,0.12819478626991254,0.1423213928043973,-14.354607862880327,123.4539377818469,36.478648156588825
1.4112,0.12805802772182306,0.14207229685764836,-14.36715981885482,123.44098899984486,36.40698065768179
1.412,0.1279194822626559,0.14182443513205356,-14.379741678152453,123.42746513973417,36.33549126707257
1.4128,0.12777915081526986,0.14157781617359028,-14.392353320444322,123.41336640047467,36.2641830317797
1.4136,0.12763703436017002,0.14133244856133287,-14.404994619273996,123.39869300524413,36.1930590034565
1.4144,0.1274931339357701,0.14108834090719627,-14.417665441966111,123.383445201476,36.1221222381644
1.4152,0.12734745063865224,0.14084550185567962,-14.430365649533744,123.36762326089385,36.05137579614621
1.416,0.12719998562382062,0.1406039400836091,-14.443095096584699,123.35122747954169,35.98082274159861
1.4168,0.12705074010495285,0.14036366429988087,-14.455853631226576,123.3342581778112,35.91046614244466
1.4176,0.12689971535464611,0.140124683245204,-14.468641094970668,123.31671570046457,35.84030907010584
1.4184,0.12674691270465915,0.13988700569184234,-14.481457322634698,123.29860041665445,35.77035459927384
1.4192,0.12659233354615104,0.13965064044335715,-14.494302142244335,123.2799127199394,35.70060580768219
1.42,0.12643597932991463,0.13941559633434858,-14.507175374933537,123.26065302829653,35.63106577587776
1.4208,0.12627785156660645,0.13918188223019773,-14.52007683484367,123.24082178412965,35.56173758699209
1.4216,0.12611795182697266,0.13894950702680833,-14.533006329021429,123.22041945427412,35.49262432651274
1.4224,0.12595628174207021,0.13871847965034792,-14.54596365731555,123.19944652999818,35.42372908205449
1.4232,0.12579284300348437,0.13848880905698974,-14.558948612272271,123.17790352700008,35.35505494313081
1.424,0.12562763736354177,0.13826050423265346,-14.571960979029608,123.15579098540204,35.286605000925064
1.4248,0.1254606666355194,0.13803357419274664,-14.585000535210384,123.13310946974016,35.21838234806212
1.4256,0.12529193269384947,0.1378080279819065,-14.59806705081399,123.10985956895087,35.15039007838018
1.4264000000000001,0.12512143747432,0.13758387467374011,-14.611160288106987,123.08604189635342,35.08263128670238
1.4272,0.12494918297427138,0.1373611233705666,-14.624280001512378,123.06165708962915,35.015109068609306
1.428,0.12477517125278863,0.13713978320315767,-14.63742593749771,123.03670581079666,34.94782652021121
1.4288,0.12459940443088943,0.13691986333047937,-14.650597834461887,123.01118874618338,34.88078673792099
1.4296,0.12442188469170862,0.13670137293943344,-14.663795422620744,122.98510660639384,34.81399281822744
1.4304000000000001,0.12424261428067741,0.13648432124459883,-14.677018423891399,122.95846012627368,34.74744785746887
1.4312,0.12406159550569978,0.1362687174879734,-14.690266551775316,122.9312500648708,34.68115495160745
1.432,0.12387883073732353,0.13605457093871573,-14.70353951124017,122.90347720539195,34.61511719600377
1.4328,0.12369432240890814,0.1358418908928874,-14.716836998600405,122.87514235515661,34.54933768519235
1.4336,0.12350807301678818,0.13563068667319525,-14.730158701396608,122.84624634554665,34.48381951265757
1.4344000000000001,0.12332008512043226,0.13542096762873368,-14.743504298273608,122.81679003195264,34.41856577061026
1.4352,0.12313036134259885,0.13521274313472792,-14.756873458857335,122.78677429371648,34.35357954976519
1.436,0.12293890436948682,0.13500602259227704,-14.770265843630463,122.75620003407064,34.28886393911925
1.4368,0.12274571695088296,0.13480081542809721,-14.783681103806813,122.72506818007366,34.224422025730334
1.4376,0.12255080190030491,0.13459713109426635,-14.797118881204515,122.69337968254212,34.16025689449743
1.4384000000000001,0.12235416209514029,0.13439497906796755,-14.810578808117986,122.66113551597934,34.09637162794118
1.4392,0.12215580047678176,0.13419436885123454,-14.824060507188685,122.62833667850023,34.03276930598584
1.44,0.12195572005075792,0.13399530997069653,-14.837563591274654,122.59498419175291,33.96945300574186
1.4408,0.12175392388686072,0.13379781197732418,-14.851087663318879,122.56107910083679,33.90642580128987
1.4416,0.12155041511926852,0.13360188444617557,-14.864632316216483,122.52662247421725,33.84369076346549
1.4424000000000001,0.12134519694666529,0.13340753697614352,-14.878197132680713,122.4916154036367,33.78125095964547
1.4432,0.12113827263235617,0.13321477918970256,-14.891781685107821,122.45605900402276,33.719109453534905
1.444,0.12092964550437876,0.13302362073265728,-14.905385535440764,122.41995441339226,33.65726930495572
1.4448,0.12071931895561086,0.1328340712738908,-14.919008235031805,122.38330279275277,33.595733569636415
1.4456,0.1205072964438746,0.13264614050511464,-14.932649324503963,122.34610532600017,33.53450529900331
1.4464000000000001,0.12029358149203609,0.13245983814061835,-14.946308333611443,122.30836321981313,33.473587539972755
1.4472,0.12007817768810201,0.13227517391702096,-14.959984781098905,122.2700777035445,33.41298333474524
1.448,0.11986108868531208,0.1320921575930222,-14.973678174559772,122.23125002910912,33.352695720600536
1.4488,0.11964231820222783,0.1319107989491555,-14.987388010293445,122.19188147086867,33.2927277296946
1.4496,0.11942187002281825,0.13173110778754113,-15.001113773161524,122.15197332551314,33.23308238885794
1.4504000000000001,0.11919974799654075,0.1315530939316407,-15.014854936443092,122.11152691193946,33.1737627193955
1.4512,0.11897595603841973,0.13137676722601238,-15.028610961688976,122.07054357112663,33.11477173688827
1.452,0.11875049812912057,0.13120213753606716,-15.042381298575155,122.02902466600787,33.05611245099647
1.4528,0.11852337831502066,0.131029214747826,-15.056165384755232,121.98697158133994,32.99778786526448
1.4536,0.11829460070827703,0.13085800876767825,-15.069962645712058,121.94438572356907,32.93980097692752
1.4544000000000001,0.1180641694868898,0.13068852952214105,-15.083772494608533,121.90126852069407,32.8821547767201
1.4552,0.11783208889476326,0.1305207869576199,-15.097594332137604,121.85762142212661,32.824852248686355
1.456,0.11759836324176266,0.13035479104016998,-15.111427546371527,121.81344589854831,32.76789636999207
1.4568,0.11736299690376802,0.1301905517552594,-15.125271512610423,121.76874344176494,32.711290110738844
1.4576,0.11712599432272504,0.1300280791075331,-15.139125593230126,121.72351556455816,32.65503643378001
1.4584000000000001,0.11688736000669186,0.12986738312057816,-15.152989137529463,121.67776380053384,32.59913829453863
1.4592,0.11664709852988378,0.12970847383669076,-15.166861481576884,121.63148970396814,32.543598640827554
1.46,0.11640521453271356,0.12955136131664352,-15.180741948056655,121.58469484965043,32.488420412671246
1.4608,0.11616171272182953,0.12939605563945553,-15.194629846114498,121.53738083272371,32.433606542130136
1.4616,0.11591659787015053,0.12924256690216296,-15.208524471202814,121.48954926852238,32.37915995312681
1.4624000000000001,0.11566987481689732,0.12909090521959105,-15.222425104925584,121.44120179240721,32.32508356127432
1.4632,0.11542154846762165,0.12894108072412813,-15.23633101488292,121.39234005959797,32.27138027370697
1.464,0.11517162379423185,0.1287931035655008,-15.25024145451539,121.34296574500321,32.218052988913016
1.4648,0.114920105835016,0.12864698391055074,-15.26415566294813,121.29308054304764,32.165104596569826
1.4656,0.11466699969466232,0.12850273194301323,-15.278072864834893,121.24268616749742,32.112537977381336
1.4664000000000001,0.11441231054427603,0.12836035786329714,-15.291992270201993,121.19178435128221,32.06035600291769
1.4672,0.11415604362139496,0.12821987188826672,-15.30591307429231,121.14037684631568,32.0085615354574
1.468,0.11389820423000073,0.12808128425102536,-15.319834457409396,121.08846542331308,31.95715742783183
1.4688,0.1136387977405288,0.12794460520070036,-15.33375558476175,121.03605187160683,31.90614652327205
1.4696,0.11337782958987558,0.1278098450022306,-15.347675606307343,120.98313799895979,31.855531655258353
1.4704000000000002,0.1131153052814023,0.12767701393615483,-15.361593656598542,120.92972563137627,31.805315647371927
1.4712,0.11285123038493787,0.12754612229840315,-15.375508854627393,120.87581661291081,31.75550131314941
1.472,0.11258561053677806,0.12741718040008893,-15.389420303671512,120.82141280547513,31.706091455939617
1.4727999999999999,0.11231845143968311,0.1272901985673042,-15.403327091140529,120.76651608864256,31.657088868763175
1.4736,0.11204975886287304,0.12716518714091588,-15.417228288423296,120.71112835945083,31.608496334174536
1.4744000000000002,0.1117795386420207,0.1270421564763646,-15.431122950735897,120.65525153220275,31.560316624126663
1.4752,0.11150779667924278,0.12692111694346556,-15.445010116970597,120.59888753826489,31.51255249983848
1.476,0.11123453894308843,0.12680207892621131,-15.458888809545819,120.54203832586438,31.46520671166478
1.4768,0.11095977146852659,0.12668505282257678,-15.472758034257282,120.48470585988404,31.418281998969043
1.4776,0.11068350035693075,0.1265700490443265,-15.486616780130394,120.42689212165537,31.371781089998827
1.4784000000000002,0.11040573177606249,0.12645707801682438,-15.500464019274025,120.36859910875019,31.325706701764087
1.4792,0.11012647196005276,0.12634615017884485,-15.514298706735818,120.30982883477037,31.28006153991801
1.48,0.10984572720938157,0.12623727598238751,-15.52811978035912,120.25058332913589,31.23484829864089
1.4808,0.10956350389085624,0.12613046589249302,-15.541926160641689,120.19086463687132,31.190069660526632
1.4816,0.10927980843758792,0.12602573038706216,-15.5557167505963,120.1306748183908,31.145728296472218
1.4824,0.10899464734896698,0.12592307995667684,-15.569490435613423,120.0700159492816,31.101826865569965
1.4832,0.1087080271906363,0.12582252510442402,-15.58324608332606,120.0088901200859,31.05836801500267
1.484,0.10841995459446407,0.12572407634572155,-15.59698254347696,119.94729943608154,31.015354379941684
1.4848,0.10813043625851455,0.1256277442081471,-15.610698647788306,119.88524601706122,30.972788583447812
1.4856,0.10783947894701819,0.1255335392312691,-15.624393209834068,119.82273199711032,30.93067323637518
1.4864,0.10754708949034066,0.12544147196648095,-15.638065024915138,119.75975952438374,30.889010937278144
1.4872,0.10725327478495031,0.12535155297683728,-15.651712869937507,119.6963307608812,30.84780427232097
1.488,0.1069580417933855,0.1252637928368934,-15.665335503293507,119.63244788222156,30.80705581519072
1.4888,0.10666139754422022,0.125178202132547,-15.678931664746468,119.56811307741613,30.7667681270129
1.4896,0.10636334913202937,0.12509479146088273,-15.692500075318815,119.50332854864071,30.726943756270238
1.4904,0.1060639037173538,0.12501357143002007,-15.706039437183865,119.4380965110067,30.68758523872454
1.4912,0.10576306852666349,0.12493455265896328,-15.71954843356152,119.37241919233118,30.648695097341403
1.492,0.1054608508523217,0.1248577457774547,-15.733025728618,119.3062988329064,30.61027584221813
1.4928,0.10515725805254719,0.12478316142583071,-15.746469967369858,119.23973768526801,30.572329970514602
1.4936,0.10485229755137715,0.12471081025488084,-15.759879775592463,119.17273801396254,30.534859966387263
1.4944,0.10454597683862982,0.12464070292570978,-15.773253759733104,119.1053020953146,30.49786830092622
1.4952,0.10423830346986573,0.12457285010960208,-15.786590506829075,119.03743221719243,30.46135743209523
1.496,0.10392928506635074,0.12450726248789055,-15.799888584430713,118.96913067877396,30.425329804675133
1.4968,0.10361892931501704,0.12444395075182701,-15.813146540529889,118.90039979031123,30.38978785021001
1.4976,0.10330724396842572,0.12438292560245659,-15.826362903493944,118.83124187289474,30.354733986956642
1.4984,0.1029942368447291,0.12432419775049519,-15.839536182005375,118.76165925821738,30.32017061983717
1.4992,0.10267991582763268,0.12426777791620966,-15.852664865007593,118.69165428833759,30.28610014039461
1.5,0.1023642888663585,0.12421367682930186,-15.86574742165681,118.62122931544242,30.25252492675179
1.5008,0.10204736397560783,0.12416190522879522,-15.878782301280472,118.55038670160972,30.219447343573137
1.5016,0.1017291492355253,0.1241124738629253,-15.891767933342319,118.47912881857073,30.18686974202987
1.5024000000000002,0.10140965279166327,0.12406539348903288,-15.904702727414445,118.40745804747183,30.154794459768087
1.5032,0.10108888285494678,0.12402067487346118,-15.917585073156546,118.33537677863634,30.123223820880206
1.504,0.10076684770163949,0.12397832879145565,-15.930413340302605,118.26288741132598,30.092160135879332
1.5048,0.10044355567331044,0.12393836602706777,-15.9431858786553,118.18999235350236,30.061605701676996
1.5056,0.10011901517680193,0.1239007973730619,-15.955901018088362,118.11669402158832,30.031562801563798
1.5064000000000002,0.09979323468419865,0.12386563363082566,-15.96855706855715,118.04299484022937,30.002033705193472
1.5072,0.09946622273279751,0.12383288561028394,-15.981152320117753,117.9688972420548,29.973020668569813
1.508,0.09913798792507904,0.12380256412981602,-15.993685042954805,117.89440366743935,29.944525934036946
1.5088,0.09880853892868031,0.12377468001617664,-16.006153487418366,117.81951656426457,29.916551730272662
1.5096,0.09847788447636922,0.12374924410442036,-16.018555884070043,117.74423838768051,29.889100272284857
1.5104000000000002,0.09814603336602057,0.12372626723782955,-16.030890443738727,117.66857159986779,29.86217376141125
1.5112,0.09781299446059345,0.12370576026784603,-16.043155357586173,117.59251866979949,29.83577438532205
1.512,0.0974787766881106,0.1236877340540062,-16.055348797182642,117.51608207300372,29.809904318025854
1.5128,0.09714338904163998,0.12367219946387993,-16.067468914593007,117.43926429132641,29.784565719878696
1.5136,0.09680684057927778,0.12365916737301313,-16.07951384247349,117.36206781269443,29.75976073759613
1.5144000000000002,0.09646914042413428,0.12364864866487385,-16.09148169417932,117.28449513087926,29.73549150426851
1.5152,0.09613029776432132,0.12364065423080232,-16.10337056388367,117.20654874526099,29.711760139379354
1.516,0.09579032185294198,0.12363519496996445,-16.115178526708085,117.12823116059279,29.688568748826704
1.5168,0.09544922200808353,0.12363228178930932,-16.126903638864633,117.04954488676638,29.66591942494781
1.5176,0.09510700761281192,0.12363192560353038,-16.138543937810162,116.97049243857741,29.643814246546647
1.5184,0.09476368811517001,0.12363413733503018,-16.150097442412857,116.89107633549222,29.62225527892473
1.5192,0.09441927302817713,0.12363892791388938,-16.161562153131392,116.81129910141458,29.601244573914812
1.52,0.09407377192983318,0.12364630827783911,-16.172936052206936,116.73116326445378,29.5807841699178
1.5208,0.09372719446312412,0.12365628937223744,-16.18421710386834,116.65067135669307,29.560876091942575
1.5216,0.09337955033603162,0.12366888215004967,-16.195403254550616,116.569825913959,29.54152235164898
1.5224,0.09303084932154577,0.12368409757183238,-16.20649243312715,116.48862947559192,29.52272494739381
1.5232,0.09268110125768035,0.1237019466057214,-16.21748255115579,116.4070845842168,29.50448586427973
1.524,0.09233031604749273,0.12372244022742379,-16.228371503139055,116.32519378551558,29.486807074207327
1.5248,0.09197850365910615,0.1237455894202135,-16.2391571667988,116.24295962799998,29.469690535930056
1.5256,0.0916256741257362,0.12377140517493117,-16.24983740336546,116.1603846627857,29.453138195112253
1.5264,0.09127183754572156,0.12379989848998757,-16.260410057882165,116.0774714433675,29.437151984390052
1.5272000000000001,0.0909170040825573,0.1238310803713714,-16.27087295952396,115.99422252539524,29.421733823435275
1.528,0.09056118396493376,0.12386496183266058,-16.281223921932323,115.91064046645137,29.406885619022344
1.5288,0.09020438748677814,0.12390155389503764,-16.291460743565175,115.8267278258292,29.392609265097953
1.5296,0.08984662500730113,0.1239408675873093,-16.30158120806263,115.74248716431259,29.37890664285384
1.5304,0.08948790695104819,0.12398291394592968,-16.311583084628573,115.65792104395705,29.36577962080237
1.5312000000000001,0.0891282438079539,0.12402770401502752,-16.32146412842843,115.57303202787143,29.353230054854965
1.532,0.08876764613340286,0.12407524884643764,-16.33122208100304,115.48782268000171,29.341259788403484
1.5328,0.08840612454829348,0.12412555949973593,-16.34085467069905,115.40229556491566,29.32987065240445
1.5336,0.08804368973910763,0.12417864704227877,-16.350359613115767,115.31645324758887,29.31906446546604
1.5344,0.08768035245798535,0.124234522549246,-16.359734611568715,115.23029829319235,29.308843033938
1.5352000000000001,0.0873161235228038,0.12429319710368818,-16.36897735756999,115.14383326688146,29.29920815200427
1.536,0.08695101381726239,0.12435468179657751,-16.378085531325482,115.05706073358643,29.290161601778472
1.5368,0.08658503429097231,0.12441898772686309,-16.3870568022491,114.96998325780392,29.281705153402136
1.5376,0.08621819595955213,0.12448612600152976,-16.395888829494016,114.88260340339085,29.27384056514568
1.5384,0.08585050990472923,0.12455610773566117,-16.40457926250105,114.79492373335916,29.266569583512165
1.5392000000000001,0.08548198727444575,0.12462894405250645,-16.41312574156417,114.70694680967226,29.259893943343656
1.54,0.08511263928297183,0.12470464608355128,-16.42152589841317,114.61867519304347,29.253815367930457
1.5408,0.08474247721102363,0.12478322496859252,-16.42977735681351,114.53011144273566,29.248335569122876
1.5416,0.08437151240588803,0.124864691855817,-16.437877733183303,114.44125811636252,29.24345624744573
1.5424,0.0839997562815538,0.12494905790188376,-16.4458246372274,114.35211776969227,29.23917909221549
1.5432000000000001,0.08362722031884802,0.12503633427201105,-16.45361567258856,114.26269295645193,29.235505781660034
1.544,0.08325391606558047,0.125126532140066,-16.461248437515543,114.17298622813438,29.232437983040946
1.5448,0.08287985513669319,0.12521966268865953,-16.46872052554812,114.08300013380644,29.229977352778608
1.5455999999999999,0.08250504921441781,0.1253157371092438,-16.476029526218817,113.99273721991943,29.228125536579597
1.5464,0.08212951004843913,0.1254147666022144,-16.483173025771237,113.9022000301209,29.22688416956679
1.5472000000000001,0.08175324945606627,0.12551676237701587,-16.490148607894856,113.81139110506851,29.226254876411968
1.548,0.08137627932241046,0.12562173565225135,-16.496953854476015,113.72031298224606,29.22623927147096
1.5488,0.08099861160056995,0.12572969765579556,-16.503586346364976,113.62896819578077,29.226838958921142
1.5495999999999999,0.080620258311823,0.12584065962491198,-16.510043664158715,113.53735927626298,29.228055532901582
1.5504,0.08024123154582788,0.1259546328063735,-16.516323388999236,113.44548875056759,29.22989057765554
1.5512000000000001,0.07986154346083092,0.12607162845658657,-16.52242310338712,113.35335914167769,29.232345667675357
1.552,0.07948120628388204,0.12619165784171954,-16.52834039200991,113.26097296850965,29.235422367849864
1.5528,0.07910023231105817,0.12631473223783415,-16.534072842585104,113.16833274574077,29.23912223361408
1.5535999999999999,0.0787186339076951,0.12644086293102094,-16.539618046717273,113.07544098363867,29.24344681110134
1.5544,0.07833642350862739,0.12657006121753794,-16.544973600768955,112.9823001878927,29.248397637297714
1.5552000000000001,0.0779536136184369,0.12670233840395315,-16.550137106744895,112.88891285944757,29.25397624019881
1.556,0.07757021681170943,0.12683770580729034,-16.555106173189152,112.79528149433894,29.26018413896885
1.5568,0.07718624573329995,0.12697617475517844,-16.559878416094612,112.70140858353095,29.267022844101998
1.5575999999999999,0.07680171309860716,0.12711775658600447,-16.56445145982438,112.60729661275626,29.274493857586066
1.5584,0.07641663169385661,0.12726246264906957,-16.568822938044512,112.51294806235782,29.282598673068353
1.5592000000000001,0.07603101437639319,0.12741030430474834,-16.572990494667543,112.41836540713301,29.291338776023704
1.56,0.07564487407498255,0.12756129292465182,-16.57695178480616,112.32355111617993,29.30071564392488
1.5608,0.07525822379012174,0.12771543989179382,-16.580704475736468,112.22850765274558,29.310730746415036
1.5615999999999999,0.0748710765943601,0.12787275660075978,-16.584246247870148,112.13323747407667,29.32138554548235
1.5624,0.07448344563262897,0.12803325445787941,-16.58757479573488,112.03774303127231,29.332681495636827
1.5632000000000001,0.07409534412258205,0.12819694488140215,-16.59068782896225,111.94202676913906,29.344620044089183
1.564,0.07370678535494525,0.12836383930167605,-16.59358307328249,111.84609112604811,29.357202630932
1.5648,0.07331778269387623,0.12853394916132904,-16.596258271525297,111.74993853379468,29.370430689322625
1.5655999999999999,0.07292834957733531,0.1287072859154539,-16.598711184625877,111.65357141745989,29.384305645668537
1.5664,0.07253849951746577,0.12888386103179547,-16.60093959263551,111.55699219527456,29.398828919814427
1.5672000000000001,0.07214824610098572,0.12906368599094103,-16.602941295735697,111.46020327848564,29.4140019252315
1.568,0.07175760298958987,0.12924677228651332,-16.604714115255216,111.3632070712247,29.429826069208705
1.5688,0.0713665839203622,0.1294331314253666,-16.606255894689006,111.26600597037863,29.446302753045952
1.5695999999999999,0.07097520270620036,0.129622774927785,-16.60756450071814,111.16860236546287,29.46343337224935
1.5704,0.07058347323625073,0.1298157143276835,-16.60863782422995,111.07099863849686,29.48121931672831
1.5712000000000002,0.07019140947635517,0.13001196117281136,-16.609473781337336,110.97319716388184,29.49966197099463
1.572,0.06979902546950904,0.13021152702495825,-16.610070314396328,110.87520030828084,29.518762714363444
1.5728,0.06940633533633073,0.130414423460163,-16.61042539302097,110.77701043050125,29.538522921156247
1.5735999999999999,0.06901335327554355,0.13062066206892356,-16.61053701509455,110.67862988137944,29.558943960905445
1.5744,0.06862009356446924,0.13083025445641056,-16.610403207776095,110.58006100366802,29.580027198561154
1.5752000000000002,0.06822657055953407,0.1310432122426818,-16.610022028501305,110.4813061319254,29.60177399469953
1.576,0.06783279869678667,0.13125954706289947,-16.609391565976733,110.3823675924074,29.62418570573303
1.5768,0.06743879249242862,0.13147927056754957,-16.60850994116629,110.28324770296176,29.647263684122617
1.5776,0.06704456654335789,0.13170239442266246,-16.607375308269056,110.18394877292454,29.671009278591505
1.5784,0.06665013552772495,0.13192893031003597,-16.605985855687297,110.08447310301916,29.695423834340893
1.5792000000000002,0.066255514205502,0.13215888992745942,-16.604339806983724,109.98482298525796,29.72050869326727
1.58,0.06586071741906528,0.13239228498893985,-16.602435421826904,109.88500070284577,29.746265194181568
1.5808,0.06546576009379036,0.13262912722493014,-16.600270996923776,109.7850085300861,29.772694673030102
1.5816,0.06507065723866165,0.13286942838255736,-16.59784486693832,109.68484873228967,29.799798463117025
1.5824,0.06467542394689504,0.13311320022585352,-16.595155405395225,109.58452356568561,29.82757789532864
1.5832000000000002,0.0642800753965749,0.133360454535987,-16.592201025567597,109.48403527733458,29.85603429835934
1.584,0.06388462685130464,0.1336112031114953,-16.58898018134768,109.38338610504482,29.885168998939193
1.5848,0.06348909366087144,0.13386545776851896,-16.585491368099554,109.28257827728991,29.914983322063193
1.5856,0.06309349126192576,0.134123230341036,-16.58173312349282,109.18161401312986,29.94547859122216
1.5864,0.06269783517867526,0.13438453268109732,-16.577704028316315,109.08049552213392,29.976656128635224
1.5872000000000002,0.06230214102359367,0.13464937665906285,-16.573402707270773,108.97922500430595,30.008517255483937
1.588,0.061906424498144,0.13491777416383816,-16.568827829739615,108.87780465001248,30.041063292148014
1.5888,0.061510701393517234,0.13518973710311172,-16.56397811053683,108.77623663991282,30.0742955584426
1.5896,0.0611149875913865,0.13546527740359218,-16.558852310631075,108.6745231448919,30.108215373857174
1.5904,0.06071929906467632,0.13574440701124602,-16.553449237845054,108.57266632599521,30.14282405779593
1.5912000000000002,0.0603236518783481,0.13602713789153492,-16.547767747529367,108.47066833436662,30.178122929819775
1.592,0.059928062190200845,0.13631348202965357,-16.541806743209918,108.36853131118811,30.2141133098898
1.5928,0.059532546251687884,0.1366034514307674,-16.53556517720808,108.26625738762226,30.250796518612457
1.5936,0.05913712040875056,0.13689705812024874,-16.529042051232917,108.16384868475701,30.288173877485903
1.5944,0.058741801102667614,0.13719431414391428,-16.522236416944512,108.061307313553,30.326246709148297
1.5952000000000002,0.05834660487092173,0.1374952315682601,-16.515147376487906,107.9586353747931,30.36501633762716
1.596,0.05795154834808243,0.13779982248069716,-16.507774082996786,107.85583495903457,30.404484088590507
1.5968,0.05755664826670596,0.13810809898978563,-16.50011574106635,107.75290814656351,30.444651289599427
1.5976,0.057161921458252864,0.1384200732254679,-16.492171607194695,107.64985700735176,30.485519270362055
1.5984,0.05676738485402242,0.13873575733930008,-16.483940990192238,107.54668360101613,30.527089362988995
1.5992000000000002,0.05637305548610527,0.1390551635046829,-16.475423251558478,107.4433899767804,30.56936290225034
1.6,0.055978950488353225,0.13937830391708975,-16.4666178058258,107.33997817343925,30.612341225833898
1.6008,0.05558508709736713,0.13970519079429491,-16.457524120869646,107.23645021932482,30.656025674605228
1.6016,0.05519148265350343,0.14003583637659803,-16.44814171818489,107.13280813227574,30.700417592868767
1.6024,0.05479815460189865,0.14037025292704725,-16.438470173127854,107.02905391960849,30.74551832863055
1.6032000000000002,0.054405120493512954,0.14070845273166008,-16.428509115123752,106.92518957809118,30.79132923386235
1.604,0.054012397986192034,0.1410504480996417,-16.418258227839267,106.82121709391971,30.837851664767214
1.6048,0.05362000484574805,0.14139625136360118,-16.40771724932003,106.71713844269641,30.88508698204653
1.6056,0.05322795894706026,0.1417458748797636,-16.39688597209283,106.61295558941089,30.933036551168282
1.6064,0.05283627827519468,0.14209933102818068,-16.38576424323242,106.5086704884235,30.981701742637032
1.6072000000000002,0.05244498092654383,0.14245663221293664,-16.374351964392897,106.40428508345109,31.031083932264927
1.608,0.05205408510998589,0.1428177908623518,-16.362649091803505,106.29980130755519,31.081184501444515
1.6088,0.051663609148063956,0.14318281942918254,-16.350655636228954,106.19522108313245,31.132004837422777
1.6096,0.0512735714781861,0.14355173039081628,-16.33837166289438,106.09054632190765,31.183546333576487
1.6104,0.05088399065384547,0.14392453624946355,-16.325797291374936,105.98577892492897,31.235810389689156
1.6112000000000002,0.050494885345861634,0.14430124953234513,-16.312932695450208,105.88092078256572,31.28879841222929
1.612,0.05010627434364243,0.14468188279187494,-16.299778102923757,105.77597377450842,31.342511814630065
1.6128,0.04971817655646696,0.14506644860583823,-16.286333795407927,105.6709397697711,31.396952017570438
1.6136,0.04933061101479054,0.14545495957756466,-16.27260010807428,105.56582062669631,31.452120449257688
1.6144,0.048943596871570794,0.14584742833609604,-16.258577429369975,105.46061819296204,31.508018545711288
1.6152000000000002,0.04855715340361619,0.14624386753634874,-16.244266200700572,105.3553343055917,31.564647751048327
1.616,0.048171300012956074,0.14664428985927033,-16.229666916079537,105.24997079096556,31.622009517770184
1.6168,0.047786056228233086,0.1470487080119906,-16.214780121745086,105.1445294648354,31.68010530705086
1.6176,0.04740144170611872,0.14745713472796568,-16.199606415744817,105.0390121323409,31.738936589026522
1.6184,0.0470174762327511,0.14786958276711623,-16.18414644748868,104.93342058802868,31.798504843086594
1.6192000000000002,0.04663417972519634,0.14828606491595833,-16.168400917270947,104.82775661587392,31.858811558166284
1.62,0.04625157223293269,0.1487065939877278,-16.15237057576177,104.72202198930371,31.919858233040504
1.6208,0.045869673939358195,0.14913118282249727,-16.13605622346899,104.6162184712234,31.981646376619448
1.6216,0.04548850516332258,0.14955984428728494,-16.11945871017104,104.51034781404478,32.04417750824526
1.6224,0.04510808636068271,0.14999259127615622,-16.10257893432147,104.40441175971708,32.1074531579906
1.6232,0.04472843812588281,0.150429436710316,-16.085417842426114,104.2984120397599,32.17147486695825
1.624,0.04434958119355822,0.15087039353819454,-16.06797642839348,104.19235037529884,32.23624418758281
1.6248,0.043971536440165084,0.15131547473552154,-16.050255732859423,104.08622847710332,32.301762683933134
1.6256,0.04359432488563395,0.15176469330539416,-16.03225684248676,103.98004804562649,32.36803193201699
1.6264,0.04321796769504927,0.15221806227833307,-16.01398088924088,103.8738107710481,32.4350535200868
1.6272,0.04284248618035443,0.15267559471232994,-15.995429049642166,103.76751833331917,32.502829048947035
1.6280000000000001,0.042467901802081716,0.15313730369288486,-15.976602543996181,103.66117240220912,32.57136013226327
1.6288,0.04209423617110948,0.15360320233303226,-15.957502635602637,103.55477463735562,32.64064839687262
1.6296,0.04172151105044433,0.1540733037733573,-15.938130629944,103.44832668831619,32.710695483095876
1.6304,0.04134974835703058,0.15454762118200022,-15.918487873854817,103.34183019462252,32.78150304505123
1.6312,0.040978970163586606,0.15502616775464875,-15.89857575467276,103.23528678583733,32.85307275096949
1.6320000000000001,0.040609198700467156,0.15550895671452009,-15.878395699372307,103.1286980816129,32.92540628351107
1.6328,0.0402404563575545,0.15599600131232838,-15.857949173682211,103.02206569175284,32.99850534008449
1.6336,0.039872765686175454,0.15648731482624173,-15.837237681187679,102.91539121627537,33.07237163316666
1.6344,0.039506149401047415,0.15698291056182465,-15.816262762418347,102.80867624547946,33.14700689062472
1.6352,0.03914063038225235,0.15748280185196661,-15.795025993923135,102.70192236001338,33.22241285603954
1.6360000000000001,0.03877623167723797,0.15798700205679886,-15.77352898733287,102.59513113094526,33.29859128903122
1.6368,0.03841297650284937,0.15849552456359364,-15.751773388411937,102.48830411983629,33.37554396558579
1.6376,0.03805088824738758,0.1590083827866521,-15.729760876099776,102.38144287881609,33.453272678384344
1.6384,0.037689990472698554,0.15952559016717432,-15.707493161543436,102.2745489506607,33.53177923713333
1.6392,0.037330306916291495,0.1600471601731142,-15.684971987122157,102.16762386887284,33.61106546889689
1.6400000000000001,0.03697186149348567,0.16057310629901994,-15.662199125464904,102.06066915776428,33.6911332184312
1.6408,0.036614678299588956,0.1611034420658549,-15.639176378462112,101.9536863325413,33.77198434852022
1.6416,0.036258781612104767,0.1616381810208046,-15.615905576272331,101.84667689939158,33.85362074031377
1.6424,0.03590419589297073,0.162177336737064,-15.592388576325067,101.73964235557442,33.936044293667216
1.6432,0.035550945790827945,0.1627209228136067,-15.568627262320637,101.63258418951271,34.01925692748295
1.6440000000000001,0.035199056143320334,0.16326895287493765,-15.544623543227967,101.52550388088768,34.10326058005433
1.6448,0.03484855197942677,0.16382144057082376,-15.520379352281475,101.418402900736,34.188057209410935
1.6456,0.03449945852182329,0.16437839957600794,-15.495896645977744,101.31128271154907,34.27364879366634
1.6464,0.03415180118927814,0.1649398435899009,-15.47117740307308,101.20414476737518,34.360037331367685
1.6472,0.033805605599078935,0.16550578633625251,-15.446223623582814,101.09699051392381,34.44722484184715
1.6480000000000001,0.033460897569491284,0.16607624156280368,-15.421037327783079,100.98982138867234,34.53521336557598
1.6488,0.03311770312225145,0.16665122304091348,-15.395620555216219,100.88263882097561,34.624004964520005
1.6496,0.03277604848509061,0.16723074456516704,-15.369975363700314,100.77544423217746,34.71360172249793
1.6503999999999999,0.03243596009429333,0.1678148199529581,-15.34410382834392,100.66823903572518,34.80400574554131
1.6512,0.03209746459728906,0.16840346304404913,-15.318008040566653,100.56102463728618,34.895219162257035
1.6520000000000001,0.03176058885527768,0.1689966877001067,-15.291690107126445,100.45380243486744,34.98724412419187
1.6528,0.0314253599458889,0.16959450780421248,-15.265152149154178,100.34657381893732,35.0800828061994
1.6536,0.031091805165875803,0.17019693726034898,-15.238396301196406,100.23934017254972,35.173737406809316
1.6543999999999999,0.030759952033843435,0.17080398999285848,-15.211424710266924,100.13210287147136,35.26821014859893
1.6552,0.030429828293011937,0.17141567994587567,-15.18423953490772,100.02486328431097,35.36350327856715
1.6560000000000001,0.030101461914015235,0.1720320210827324,-15.156842944260099,99.91762277265173,35.45961906851083
1.6568,0.02977488109773462,0.1726530273853349,-15.12923711714642,99.81038269118571,35.556559815403666
1.6576,0.02945011427816813,0.1732787128535121,-15.101424241163139,99.70314438785138,35.654327841777594
1.6583999999999999,0.02912719012533626,0.1739090915043339,-15.073406511785684,99.59590920397345,35.75292549610662
1.6592,0.028806137548223486,0.17454417737139966,-15.045186131485677,99.48867847440567,35.852355153193436
1.6600000000000001,0.02848698569775686,0.17518398450409492,-15.016765308860993,99.38145352767607,35.952619214558354
1.6608,0.02816976396982057,0.17582852696681703,-14.988146257779164,99.27423568613513,36.053720108831214
1.6616,0.027854502008307958,0.17647781883816863,-14.959331196534462,99.16702626610628,36.15566029214596
1.6623999999999999,0.027541229708211025,0.17713187421011645,-14.93032234701926,99.05982657803968,36.258442248537804
1.6632,0.027229977218747037,0.17779070718711698,-14.901121933909863,98.95263792666826,36.36206849034335
1.6640000000000001,0.02692077494652353,0.1784543318852065,-14.871732183867316,98.84546161116711,36.46654155860352
1.6648,0.026613653558740742,0.1791227624310556,-14.842155324753449,98.73829892531504,36.57186402346931
1.6656,0.026308643986432567,0.1797960129609876,-14.812393584862427,98.63115115765947,36.67803848461073
1.6663999999999999,0.02600577742774634,0.18047409761995817,-14.782449192168222,98.52401959168405,36.78506757162845
1.6672,0.025705085351261106,0.18115703056049762,-14.752324373588138,98.41690550597914,36.89295394446875
1.6680000000000001,0.025406599499345324,0.18184482594161266,-14.722021354262658,98.30981017441529,37.00170029384123
1.6688,0.02511035189155348,0.18253749792764928,-14.691542356851844,98.20273486631956,37.1113093416401
1.6696,0.024816374828062104,0.1832350606871137,-14.660889600848412,98.09568084665497,37.221783841368435
1.6703999999999999,0.024524700893146255,0.18393752839145078,-14.630065301907713,97.98864937620283,37.33312657856559
1.6712,0.02423536295869521,0.18464491521378024,-14.599071671194697,97.88164171174826,37.445340371238245
1.6720000000000002,0.023948394187769083,0.18535723532758738,-14.567910914748012,97.77465910626876,37.55842807029441
1.6728,0.02366382803819523,0.18607450290536978,-14.5365852328613,97.66770280912577,37.672392559981226
1.6736,0.023381698266205547,0.18679673211723788,-14.50509681948174,97.56077406625961,37.7872367583261
1.6743999999999999,0.023102038930114793,0.18752393712946744,-14.473447861625946,97.45387412038735,37.902963617581385
1.6752,0.02282488439403963,0.1882561321030043,-14.441640538813198,97.34700421120421,38.019576124672646
1.6760000000000002,0.022550269331659448,0.18899333119191897,-14.409677022516078,97.24016557558797,38.137077301650564
1.6768,0.022278228730017977,0.18973554854181138,-14.377559475628388,97.13335944780695,38.255470206146654
1.6776,0.022008797893366724,0.19048279828816456,-14.34529005195039,97.026587059731,38.37475793183281
1.6784,0.02174201244705055,0.1912350945546439,-14.312870895691386,96.9198496410462,38.494943608884604
1.6792,0.021477908341434725,0.1919924514513435,-14.280304140989433,96.81314841947294,38.61603040444852
1.6800000000000002,0.02121652185587459,0.19275488307297634,-14.247591911448282,96.70648462098734,38.738021523113105
1.6808,0.02095788960272702,0.19352240349700914,-14.214736319691264,96.59985947004637,38.860920207384346
1.6816,0.02070204853140445,0.19429502678173935,-14.18173946693213,96.49327418981646,38.98472973816523
1.6824,0.0204490359324716,0.19507276696431197,-14.148603442562761,96.3867300024058,39.10945343523909
1.6832,0.020198889441784683,0.19585563805867778,-14.115330323757469,96.2802281291002,39.235094657757756
1.6840000000000002,0.01995164704467376,0.1966436540534878,-14.081922175093915,96.17376979060306,39.36165680473353
1.6848,0.01970734708016738,0.19743682890992706,-14.048381048190322,96.06735620727859,39.48914331553593
1.6856,0.019466028245260565,0.1982351765594831,-14.014708981358881,95.96098859939924,39.61755767039287
1.6864,0.019227729599225914,0.19903871090164846,-13.980907999275246,95.85466818739702,39.74690339089631
1.6872,0.01899249056796764,0.1998474458015564,-13.946980112663764,95.74839619211859,39.87718404051255
1.6880000000000002,0.018760350948419033,0.20066139508754724,-13.912927317998452,95.64217383508468,40.008403225097204
1.6888,0.018531350912982955,0.20148057254866614,-13.878751597219232,95.53600233875329,40.14056459341517
1.6896,0.018305531014015417,0.20230499193208829,-13.844454917463484,95.42988292678726,40.27367183766532
1.6904,0.01808293218835291,0.20313466694047097,-13.81003923081254,95.3238168243259,40.407728694010146
1.6912,0.017863595761882557,0.2039696112292314,-13.775506474052907,95.21780525826101,40.54273894311056
1.6920000000000002,0.017647563454155992,0.2048098384037474,-13.740858568452039,95.11184945751735,40.67870641066562
1.6928,0.017434877383046006,0.20565536201648144,-13.706097419548325,95.00595065333735,40.81563496795771
1.6936,0.017225580069446432,0.20650619556402472,-13.671224916955122,94.90011007957028,40.953528532402956
1.6944,0.017019714442015475,0.2073623524840596,-13.63624293417855,94.7943289729663,41.09239106810691
1.6952,0.016817323841961725,0.2082238461522397,-13.601153328448799,94.68860857347484,41.23222658642592
1.6960000000000002,0.01661845202787347,0.20909068987898477,-13.56595794056469,94.58295012454789,41.373039146533806
1.6968,0.016423143180590356,0.2099628969061893,-13.530658594751234,94.47735487344828,41.514832855994484
1.6976,0.016231441908117955,0.2108404804038445,-13.495257098529843,94.37182407156222,41.657611871340315
1.6984,0.016043393250584886,0.21172345346656743,-13.459755242601108,94.26635897471753,41.80138039865603
1.6992,0.01585904268524212,0.21261182911004095,-13.424154800739661,94.1609608435067,41.94614269416908
1.7000000000000002,0.01567843613150462,0.21350562026735717,-13.388457529701057,94.05563094361499,42.091903064845525
1.7008,0.015501619956034524,0.21440483978526778,-13.352665169140202,93.95037054615374,42.238665868992456
1.7016,0.015328640977866027,0.2153095004203359,-13.31677944154119,93.84518092799944,42.3864355168667
1.7024,0.015159546473571851,0.2162196148349873,-13.28080205215825,93.74006337213763,42.53521647128959
1.7032,0.014994384182470446,0.21713519559346095,-13.244734688967547,93.63501916801299,42.68501324826844
1.7040000000000002,0.014833202311874091,0.21805625515765498,-13.208579022629507,93.53004961188455,42.83583041762448
1.7048,0.014676049542377192,0.21898280588286767,-13.172336706461437,93.42515600718708,42.98767260362758
1.7056,0.01452297503318437,0.21991486001343064,-13.136009376420139,93.32033966489782,43.14054448563776
1.7064,0.014374028427478404,0.2208524296782305,-13.099598651094366,93.21560190390981,43.294450798753566
1.7072,0.014229259857826897,0.22179552688611945,-13.063106131706661,93.11094405141074,43.44939633446743
1.7080000000000002,0.01408871995162774,0.22274416352121026,-13.026533402124498,93.00636744326849,43.60538594132821
1.7088,0.013952459836592426,0.22369835133805518,-12.989882028880352,92.90187342442243,43.762424525611
1.7096,0.01382053114626678,0.22465810195670582,-12.953153561200459,92.79746334928178,43.92051705199443
1.7104,0.013692986025588784,0.2256234268576505,-12.916349531042044,92.69313858212995,44.079668544245244
1.7112,0.013569877136482491,0.2265943373766285,-12.879471453138752,92.58890049753603,44.23988408591065
1.7120000000000002,0.013451257663487573,0.22757084469931702,-12.84252082505402,92.48475048077287,44.401168821018274
1.7128,0.013337181319423646,0.2285529598558902,-12.80549912724213,92.38068992824216,44.56352795478415
1.7136,0.01322770235108867,0.22954069371544694,-12.768407823116707,92.27672024790652,44.726966754328686
1.7144,0.013122875544990727,0.23053405698030405,-12.73124835912646,92.17284285972897,44.891490549400686
1.7152,0.01302275623311223,0.23153306018015304,-12.69402216483787,92.06905919611974,45.05710473310966
1.7160000000000002,0.01292740029870575,0.23253771366607773,-12.656730653024681,91.96537070239057,45.22381476266647
1.7168,0.01283686418212028,0.2335480276044305,-12.61937521976382,91.86177883721673,45.39162616013263
1.7176,0.012751204886657281,0.23456401197056442,-12.581957244537644,91.75828507310663,45.5605445131783
1.7184,0.012670479984455333,0.23558567654241705,-12.544478090342272,91.65489089687993,45.73057547584895
1.7192,0.012594747622402216,0.23661303089394484,-12.50693910380175,91.5515978101533,45.901724769341115
1.7200000000000002,0.012524066528073476,0.23764608438840398,-12.469341615287883,91.4484073298348,46.073998182787015
1.7208,0.012458496015696005,0.2386848461714766,-12.431686939045454,91.34532098862655,46.247401574048716
1.7216,0.012398095992135589,0.23972932516423834,-12.393976373322669,91.2423403355363,46.42194087052169
1.7224,0.012342926962907069,0.2407795300559628,-12.35621120050668,91.13946693639762,46.59762206994757
1.7232,0.01229305003820567,0.24183546929676333,-12.318392687263897,91.03670237439916,46.77445124123706
1.7240000000000002,0.01224852693895814,0.242897151090065,-12.280522084684968,90.93404825062338,46.95243452530225
1.7248,0.012209420002892074,0.2439645833849076,-12.242600628434193,90.83150618459432,47.13157813589928
1.7256,0.012175792190621893,0.2450377738680752,-12.204629538903182,90.72907781483516,47.31188836048123
1.7264,0.012147707091749968,0.2461167299560467,-12.16661002136868,90.62676479943562,47.49337156106094
1.7272,0.01212522893098094,0.24720145878676777,-12.128543266154255,90.5245688166293,47.676034175084865
1.728,0.012108422574247634,0.24829196721123772,-12.09043044879579,90.42249156538129,47.85988271631693
1.7288000000000001,0.01209735353484653,0.249388261784913,-12.052272730210465,90.32053476598621,48.04492377573421
1.7296,0.012092087979581024,0.2504903487589157,-12.014071256869311,90.21870016067689,48.23116402243242
1.7304,0.012092692734910303,0.2515982340710532,-11.975827160972916,90.11698951424404,48.41861020454368
1.7312,0.012099235293101817,0.2527119233366388,-11.937541560630278,90.01540461466692,48.60726915016508
1.732,0.012111783818385072,0.25383142183911056,-11.899215560040732,89.91394727375548,48.797147768298665
1.7328000000000001,0.012130407153104544,0.2549567345204511,-11.860850249678535,89.812619327804,48.98825304980381
1.7336,0.012155174823869252,0.25608786597139327,-11.822446706480338,89.71142263825688,49.180592068360596
1.7344,0.012186157047696562,0.2572248204214225,-11.784005994035027,89.610359092386,49.374171981446295
1.7352,0.01222342473814774,0.2583676017285584,-11.745529162776156,89.50943060398113,49.56900003132339
1.736,0.012267049511452298,0.2595162133689207,-11.70701725017662,89.40863911405255,49.765083546040195
1.7368000000000001,0.012317103692618873,0.260670658426075,-11.668471280945463,89.30798659154662,49.9624299404447
1.7376,0.012373660321529086,0.26183093958014875,-11.629892267226861,89.20747503407487,50.161046717210475
1.7384,0.0124367931590122,0.2629970590967226,-11.59128120880095,89.10710646865627,50.36094146787651
1.7392,0.01250657669289669,0.2641690188154858,-11.552639093286544,89.00688295247333,50.56212187389978
1.74,0.012583086144036065,0.26534682013865385,-11.51396689634564,88.90680657364271,50.76459570772127
1.7408000000000001,0.012666397472305541,0.2665304640191491,-11.475265581889428,88.80687945199956,50.96837083384636
1.7416,0.012756587382565788,0.26771995094853185,-11.436536102285986,88.70710373989733,51.173455209938226
1.7424,0.01285373333059071,0.26891528094468786,-11.39777939856927,88.60748162302204,51.37985688792634
1.7432,0.012957913528955098,0.2701164535392588,-11.35899640064957,88.50801532122226,51.587584015128556
1.744,0.013069206952878451,0.27132346776481775,-11.320188027525193,88.40870708935493,51.796644835388015
1.7448000000000001,0.0131876933460215,0.2725363221417867,-11.281355187495235,88.30955921814689,52.00704769022535
1.7456,0.013313453226230355,0.2737550146650836,-11.24249877837363,88.21057403507339,52.21880102000499
1.7464,0.013446567891225093,0.27497954279050785,-11.203619687703997,88.11175390525278,52.43191336511783
1.7472,0.013587119424227762,0.27620990342084684,-11.1647187929756,88.0131012323592,52.646393367178554
1.748,0.013735190699525175,0.2774460928917082,-11.125796961840141,87.91461845955206,52.862249770238954
1.7488000000000001,0.013890865387962774,0.27868810695707313,-11.086855052329238,87.8163080704241,53.07949142201773
1.7496,0.014054227962363188,0.27993594077455913,-11.047893913072846,87.71817258996758,53.298127275145575
1.7504,0.01422536370286618,0.28118958889039947,-11.008914383518128,87.62021458555935,53.518166388427865
1.7512,0.014404358702183463,0.2824490452241252,-10.969917294149115,87.52243666796515,53.739617928123224
1.752,0.014591299870763673,0.2837143030529498,-10.930903466706834,87.42484149236371,53.96249116923937
1.7528000000000001,0.01478627494186235,0.28498535499585503,-10.891873714409934,87.32743175939069,54.18679549684661
1.7536,0.014989372476510136,0.28626219299736544,-10.852828842175825,87.23021021620362,54.41254040740798
1.7544,0.015200681868374925,0.28754480831101853,-10.813769646842125,87.13317965756757,54.63973551012827
1.7551999999999999,0.015420293348510274,0.2888331914825161,-10.774696917388527,87.03634292696253,54.86839052832024
1.756,0.01564829798998523,0.29012733233255905,-10.735611435158944,86.93970291771288,55.09851530078965
1.7568000000000001,0.015884787712388146,0.29142721993935755,-10.696513974083949,86.84326257413933,55.33011978323859
1.7576,0.016129855286198484,0.2927328426208162,-10.657405300903411,86.7470248927339,55.56321404968786
1.7584,0.016383594337019955,0.2940441879163881,-10.618286175389276,86.65099292335861,55.79780829391886
1.7591999999999999,0.016646099349667102,0.2953612425685912,-10.579157350568595,86.55516977046834,56.03391283093433
1.76,0.016917465672098935,0.29668399250418787,-10.54001957294659,86.45955859435828,56.27153809843933
1.7608000000000001,0.017197789519191764,0.2980124228150183,-10.500873582729861,86.36416261243694,56.510694658341855
1.7616,0.017487167976343775,0.29934651773848897,-10.461720114049584,86.26898510052476,56.75139319827433
1.7624,0.017785699002903582,0.3006862606377085,-10.422559895184765,86.17402939417933,56.99364453313544
1.7631999999999999,0.018093481435414047,0.30203163398126687,-10.383393648785502,86.07929889004781,57.23745960665292
1.764,0.01841061499066372,0.3033826193226569,-10.344222092096192,85.98479704724696,57.48284949296783
1.7648000000000001,0.01873720026853661,0.30473919727932985,-10.305045937178729,85.89052738877176,57.72982539824007
1.7656,0.01907333875465238,0.3061013475113858,-10.265865891135599,85.79649350293298,57.97839866227609
1.7664,0.019419132822787268,0.30746904869989355,-10.226682656332834,85.70269904482436,58.22858076017909
1.7671999999999999,0.01977468573706606,0.3088422785248331,-10.187496930622943,85.60914773782059,58.48038330402105
1.768,0.020140101653916578,0.3102210136426619,-10.14830940756765,85.51584337510634,58.73381804453844
1.7688000000000001,0.020515485623775552,0.3116052296634977,-10.109120776660527,85.42278982123702,58.988896872850354
1.7696,0.020900943592537056,0.3129949011279168,-10.069931723549404,85.32999101373268,59.245631822201
1.7704,0.021296582402732463,0.314390001483365,-10.030742930258612,85.23745096470466,59.50403506972574
1.7711999999999999,0.02170250979443088,0.3157905030601727,-9.991555075411094,85.14517376251746,59.76411893824119
1.772,0.022118834405849892,0.3171963770471792,-9.95236883445021,85.0531635734847,60.02589589806036
1.7728000000000002,0.022545665773664698,0.3186075934669533,-9.913184879861452,84.96142464360182,60.289378568832035
1.7736,0.022983114333004828,0.3200241211506189,-9.87400388139378,84.86996130031514,60.55457972140641
1.7744,0.023431291417126403,0.32144592771227287,-9.834826506280814,84.7787779543285,60.821512279725795
1.7752,0.023890309256747056,0.3228729795229964,-9.79565341946176,84.68787910144891,61.09018932274126
1.776,0.024360280979032263,0.3243052416844588,-9.756485283802055,84.59726932447124,61.36062408635619
1.7768000000000002,0.02484132060621932,0.32574267800210777,-9.717322760313792,84.50695329510378,61.632829965395935
1.7776,0.025333543053866828,0.3271852509579477,-9.678166508375817,84.41693577593496,61.906820515605084
1.7784,0.02583706412871636,0.3286329216829036,-9.639017185953533,84.32722162244258,62.18260945567252
1.7792,0.026352000526151033,0.33008564992876377,-9.599875449818487,84.23781578504655,62.46021066928341
1.78,0.02687846982723927,0.3315433940397078,-9.56074195576759,84.1487233112063,62.739638207200535
1.7808000000000002,0.027416590495347434,0.3330061109234101,-9.521617358842091,84.05994934756363,63.02090628937343
1.7816,0.02796648187230821,0.33447375602172585,-9.482502313546199,83.9714991421323,63.30402930707716
1.7824,0.02852826417412929,0.3359462832809532,-9.443397474065366,83.88337804653565,63.589021825080465
1.7832,0.02910205848622596,0.3374236451216716,-9.404303494484324,83.79559151829318,63.87589858384354
1.784,0.029687986758163636,0.3389057924081575,-9.365221029004745,83.70814512315732,64.16467450174615
1.7848000000000002,0.030286171797892617,0.34039267441737625,-9.326150732162585,83.62104453750204,64.45536467734641
1.7856,0.030896737265460484,0.34188423880755126,-9.287093259045072,83.53429555076382,64.74798439167061
1.7864,0.031519807666184375,0.3433804315863108,-9.248049265507337,83.4479040679368,65.04254911053468
1.7872,0.03215550834326558,0.3448811970784114,-9.20901940838874,83.36187611212361,65.33907448689725
1.788,0.032803965469830346,0.3463864778930418,-9.170004345728776,83.27621782714266,65.63757636324512
1.7888000000000002,0.033465306040377625,0.3478962148907053,-9.131004736982705,83.19093548019382,65.93807077401122
1.7896,0.03413965786161745,0.3494103471496878,-9.092021243236704,83.10603546458374,66.24057394802603
1.7904,0.034827149542680236,0.35092881193210956,-9.053054527422676,83.02152430251206,66.54510231100251
1.7912,0.035527910484677815,0.3524515446495628,-9.014105254532703,82.93740864792075,66.85167248805456
1.792,0.036242070869598235,0.35397847882834166,-8.975174091833066,82.85369528940711,67.1603013062501
1.7928000000000002,0.03696976164851325,0.35550954607426444,-8.93626170907789,82.77039115320319,67.47100579719893
1.7936,0.03771111452908045,0.3570446760370958,-8.897368778722326,82.68750330622228,67.78380319967562
1.7944,0.03846626196231884,0.3585837963745711,-8.858495976135305,82.60503895917458,68.09871096227853
1.7952,0.039235337128636055,0.36012683271602663,-8.819643979811914,82.5230054697542,68.41574674612416
1.796,0.04001847392308849,0.3616737086256434,-8.780813471585255,82.4414103458984,68.73492842757828
1.7968000000000002,0.04081580693985084,0.3632243455653098,-8.742005136837882,82.3602612491218,69.05627410102402
1.7976,0.04162747145587543,0.3647786628571092,-8.70321966471274,82.27956599792677,69.37980208166678
1.7984,0.04245360341371857,0.3663365776454421,-8.664457748323573,82.19933257129213,69.70553090837787
1.7992,0.04329433940351008,0.3678980048587845,-8.625720084964883,82.11956911224266,70.03347934657492
1.8,0.04414981664404588,0.36946285717109845,-8.587007376321326,82.04028393150051,70.36366639114192
